cs,index
0.0,0
0.0,1
0.0,2
0.0,3
0.0,4
0.0,5
0.0,6
0.0,7
0.0,8
0.0,9
0.0,10
0.0,11
0.0,12
0.0,13
0.0,14
1222.089176203494,15
0.0,16
0.0,17
0.0,18
0.0,19
0.0,20
0.0,21
0.0,22
0.0,23
0.0,24
0.0,25
0.0,26
0.0,27
0.0,28
0.0,29
0.0,30
0.0,31
0.0,32
0.0,33
0.0,34
0.0,35
0.0,36
0.0,37
0.0,38
0.0,39
0.0,40
0.0,41
0.0,42
0.0,43
0.0,44
0.0,45
0.0,46
0.0,47
0.0,48
0.0,49
0.0,50
0.0,51
0.0,52
0.0,53
0.0,54
0.0,55
0.0,56
0.0,57
0.0,58
0.0,59
0.0,60
0.0,61
0.0,62
0.0,63
0.0,64
0.0,65
0.0,66
0.0,67
0.0,68
0.0,69
0.0,70
0.0,71
0.0,72
0.0,73
0.0,74
0.0,75
0.0,76
0.0,77
0.0,78
0.0,79
0.0,80
2812.974112776148,81
0.0,82
0.0,83
793.4179024019255,84
0.0,85
0.0,86
0.0,87
0.0,88
0.0,89
422.498128989787,90
0.0,91
356.86560130608643,92
0.0,93
0.0,94
0.0,95
0.0,96
2153.2457391459857,97
0.0,98
0.0,99
0.0,100
0.0,101
0.0,102
0.0,103
0.0,104
0.0,105
0.0,106
0.0,107
0.0,108
0.0,109
0.0,110
0.0,111
0.0,112
0.0,113
0.0,114
0.0,115
255.19002023745145,116
0.0,117
0.0,118
0.0,119
954.4235445532833,120
0.0,121
0.0,122
0.0,123
0.0,124
0.0,125
0.0,126
0.0,127
0.0,128
0.0,129
0.0,130
0.0,131
1307.3050471265842,132
0.0,133
0.0,134
0.0,135
0.0,136
0.0,137
0.0,138
0.0,139
0.0,140
0.0,141
0.0,142
0.0,143
0.0,144
0.0,145
0.0,146
0.0,147
1431.378849642059,148
0.0,149
0.0,150
0.0,151
0.0,152
0.0,153
0.0,154
0.0,155
0.0,156
0.0,157
0.0,158
0.0,159
0.0,160
0.0,161
0.0,162
0.0,163
0.0,164
0.0,165
0.0,166
0.0,167
0.0,168
150.0549723053145,169
0.0,170
0.0,171
0.0,172
0.0,173
0.0,174
0.0,175
789.13951372331,176
731.3615823303325,177
0.0,178
792.1374020254013,179
0.0,180
0.0,181
80.7620661620382,182
795.0487384518411,183
2190.3140303452037,184
1833.8813164749185,185
7466.711856824718,186
0.0,187
0.0,188
0.0,189
0.0,190
0.0,191
0.0,192
0.0,193
0.0,194
1732.2673735264646,195
0.0,196
0.0,197
0.0,198
0.0,199
0.0,200
0.0,201
0.0,202
0.0,203
0.0,204
0.0,205
0.0,206
0.0,207
0.0,208
0.0,209
0.0,210
0.0,211
0.0,212
0.0,213
0.0,214
0.0,215
0.0,216
0.0,217
0.0,218
0.0,219
0.0,220
0.0,221
0.0,222
0.0,223
0.0,224
0.0,225
0.0,226
0.0,227
0.0,228
0.0,229
0.0,230
0.0,231
0.0,232
0.0,233
0.0,234
0.0,235
0.0,236
0.0,237
0.0,238
0.0,239
0.0,240
0.0,241
0.0,242
0.0,243
0.0,244
0.0,245
0.0,246
0.0,247
0.0,248
0.0,249
0.0,250
0.0,251
0.0,252
602.2862254608812,253
2462.7196304882877,254
1181.9473224992373,255
2583.7442853818784,256
1179.0050098758686,257
0.0,258
0.0,259
0.0,260
0.0,261
1977.9649067161315,262
0.0,263
982.1943783146596,264
477.2834963758436,265
220.27239426391517,266
0.0,267
0.0,268
21.49836656505578,269
0.0,270
0.0,271
0.0,272
0.0,273
351.33024296582806,274
0.0,275
0.0,276
0.0,277
0.0,278
0.0,279
0.0,280
0.0,281
0.0,282
0.0,283
0.0,284
0.0,285
0.0,286
0.0,287
0.0,288
0.0,289
0.0,290
0.0,291
0.0,292
0.0,293
0.0,294
0.0,295
0.0,296
0.0,297
0.0,298
0.0,299
0.0,300
0.0,301
993.1457949639146,302
0.0,303
1046.5139414632247,304
0.0,305
0.0,306
0.0,307
1708.1212266377938,308
0.0,309
0.0,310
0.0,311
0.0,312
0.0,313
0.0,314
0.0,315
0.0,316
0.0,317
0.0,318
0.0,319
0.0,320
0.0,321
0.0,322
0.0,323
0.0,324
0.0,325
0.0,326
0.0,327
0.0,328
0.0,329
0.0,330
0.0,331
0.0,332
0.0,333
0.0,334
0.0,335
0.0,336
0.0,337
0.0,338
0.0,339
0.0,340
0.0,341
0.0,342
189.42459946148512,343
0.0,344
0.0,345
0.0,346
0.0,347
0.0,348
0.0,349
0.0,350
0.0,351
0.0,352
0.0,353
0.0,354
0.0,355
0.0,356
0.0,357
634.1917234314969,358
128.7181079188171,359
0.0,360
0.0,361
0.0,362
0.0,363
108.35126227856624,364
0.0,365
0.0,366
0.0,367
0.0,368
0.0,369
285.8540704533695,370
0.0,371
0.0,372
1250.923794014827,373
121.09532277696495,374
0.0,375
0.0,376
0.0,377
0.0,378
620.0556963280953,379
220.2371460558827,380
1921.7109548588564,381
0.0,382
0.0,383
0.0,384
0.0,385
214.33423512556968,386
221.16760748852224,387
0.0,388
0.0,389
891.1255883973455,390
0.0,391
1514.3669740765058,392
0.0,393
490.07220966953315,394
1511.085357934539,395
583.6098681496043,396
0.0,397
0.0,398
0.0,399
0.0,400
1565.0265096031865,401
213.7428476171357,402
0.0,403
0.0,404
0.0,405
1179.0463456180735,406
1194.8390689066748,407
0.0,408
0.0,409
0.0,410
0.0,411
0.0,412
0.0,413
0.0,414
0.0,415
0.0,416
0.0,417
0.0,418
0.0,419
0.0,420
0.0,421
30.710749490557454,422
0.0,423
29.688541232769296,424
0.0,425
0.0,426
0.0,427
0.0,428
0.0,429
0.0,430
0.0,431
0.0,432
28.653025808676016,433
0.0,434
0.0,435
0.0,436
0.0,437
0.0,438
0.0,439
0.0,440
0.0,441
0.0,442
0.0,443
0.0,444
0.0,445
0.0,446
0.0,447
0.0,448
0.0,449
0.0,450
0.0,451
0.0,452
0.0,453
0.0,454
0.0,455
0.0,456
0.0,457
0.0,458
0.0,459
0.0,460
0.0,461
0.0,462
0.0,463
0.0,464
0.0,465
0.0,466
0.0,467
0.0,468
0.0,469
0.0,470
0.0,471
0.0,472
0.0,473
0.0,474
0.0,475
432.79805565416024,476
0.0,477
0.0,478
0.0,479
0.0,480
0.0,481
0.0,482
0.0,483
0.0,484
0.0,485
0.0,486
0.0,487
0.0,488
0.0,489
0.0,490
0.0,491
0.0,492
0.0,493
0.0,494
0.0,495
0.0,496
0.0,497
0.0,498
0.0,499
0.0,500
0.0,501
0.0,502
0.0,503
0.0,504
0.0,505
0.0,506
0.0,507
0.0,508
0.0,509
0.0,510
0.0,511
0.0,512
0.0,513
0.0,514
0.0,515
0.0,516
0.0,517
0.0,518
0.0,519
0.0,520
1078.2386320823903,521
0.0,522
271.07010313410575,523
0.0,524
0.0,525
0.0,526
1836.5062741736008,527
0.0,528
1307.955061832791,529
0.0,530
0.0,531
0.0,532
0.0,533
0.0,534
0.0,535
0.0,536
0.0,537
0.0,538
0.0,539
183.6649766867196,540
0.0,541
0.0,542
0.0,543
0.0,544
0.0,545
0.0,546
0.0,547
0.0,548
0.0,549
0.0,550
0.0,551
0.0,552
273.8820693803906,553
0.0,554
0.0,555
0.0,556
0.0,557
0.0,558
0.0,559
0.0,560
0.0,561
0.0,562
0.0,563
1117.7724746196243,564
0.0,565
781.3205150466497,566
0.0,567
0.0,568
1001.0114240607128,569
0.0,570
0.0,571
0.0,572
0.0,573
0.0,574
0.0,575
5673.576223422721,576
0.0,577
0.0,578
1223.6540232256225,579
0.0,580
0.0,581
163.5019334447851,582
0.0,583
523.0951869577488,584
0.0,585
0.0,586
527.4138728475656,587
0.0,588
2520.0139032793713,589
0.0,590
0.0,591
0.0,592
0.0,593
0.0,594
0.0,595
0.0,596
0.0,597
0.0,598
0.0,599
0.0,600
0.0,601
0.0,602
0.0,603
0.0,604
0.0,605
0.0,606
0.0,607
0.0,608
0.0,609
0.0,610
0.0,611
0.0,612
0.0,613
0.0,614
0.0,615
0.0,616
0.0,617
0.0,618
0.0,619
0.0,620
0.0,621
0.0,622
0.0,623
0.0,624
0.0,625
0.0,626
0.0,627
0.0,628
0.0,629
0.0,630
0.0,631
0.0,632
0.0,633
0.0,634
0.0,635
0.0,636
0.0,637
0.0,638
0.0,639
0.0,640
0.0,641
0.0,642
0.0,643
297.24569880092344,644
0.0,645
165.57821483500783,646
0.0,647
0.0,648
0.0,649
0.0,650
0.0,651
712.4488188920234,652
0.0,653
0.0,654
0.0,655
0.0,656
0.0,657
0.0,658
0.0,659
0.0,660
0.0,661
0.0,662
0.0,663
0.0,664
0.0,665
0.0,666
0.0,667
0.0,668
0.0,669
0.0,670
0.0,671
0.0,672
0.0,673
0.0,674
0.0,675
0.0,676
0.0,677
0.0,678
0.0,679
0.0,680
0.0,681
0.0,682
0.0,683
0.0,684
0.0,685
0.0,686
0.0,687
567.9730443337386,688
0.0,689
0.0,690
0.0,691
0.0,692
0.0,693
0.0,694
0.0,695
0.0,696
0.0,697
0.0,698
0.0,699
0.0,700
0.0,701
0.0,702
0.0,703
0.0,704
0.0,705
0.0,706
0.0,707
0.0,708
0.0,709
0.0,710
0.0,711
0.0,712
0.0,713
0.0,714
0.0,715
0.0,716
0.0,717
0.0,718
0.0,719
0.0,720
0.0,721
0.0,722
0.0,723
0.0,724
0.0,725
0.0,726
0.0,727
0.0,728
0.0,729
0.0,730
0.0,731
0.0,732
0.0,733
0.0,734
2697.619866359529,735
0.0,736
0.0,737
0.0,738
1318.855834550724,739
0.0,740
0.0,741
0.0,742
0.0,743
0.0,744
0.0,745
0.0,746
0.0,747
0.0,748
0.0,749
0.0,750
0.0,751
0.0,752
3490.2299019906063,753
0.0,754
0.0,755
0.0,756
0.0,757
0.0,758
0.0,759
0.0,760
0.0,761
0.0,762
0.0,763
0.0,764
0.0,765
0.0,766
0.0,767
0.0,768
0.0,769
0.0,770
0.0,771
0.0,772
0.0,773
145.6910303700107,774
0.0,775
0.0,776
0.0,777
0.0,778
0.0,779
0.0,780
0.0,781
1822.2032706836117,782
0.0,783
338.4943572828119,784
0.0,785
0.0,786
2550.5412482621623,787
0.0,788
0.0,789
0.0,790
0.0,791
0.0,792
0.0,793
0.0,794
0.0,795
0.0,796
0.0,797
0.0,798
0.0,799
0.0,800
0.0,801
1126.7850412537493,802
482.2616142819548,803
0.0,804
0.0,805
0.0,806
0.0,807
0.0,808
0.0,809
0.0,810
0.0,811
0.0,812
0.0,813
1385.070792778792,814
809.1320830294895,815
0.0,816
0.0,817
0.0,818
0.0,819
0.0,820
207.663812414513,821
0.0,822
0.0,823
632.8484133372631,824
0.0,825
0.0,826
0.0,827
0.0,828
0.0,829
0.0,830
0.0,831
0.0,832
0.0,833
0.0,834
0.0,835
0.0,836
0.0,837
0.0,838
0.0,839
0.0,840
0.0,841
0.0,842
0.0,843
0.0,844
0.0,845
0.0,846
0.0,847
0.0,848
0.0,849
0.0,850
0.0,851
0.0,852
316.5555441895126,853
0.0,854
347.3588917113664,855
759.2398817981693,856
0.0,857
0.0,858
179.3660316989693,859
0.0,860
0.0,861
0.0,862
0.0,863
0.0,864
0.0,865
0.0,866
1390.9509762038147,867
0.0,868
0.0,869
2121.3688530287127,870
0.0,871
0.0,872
0.0,873
0.0,874
2745.4640299354523,875
0.0,876
0.0,877
2120.580976530283,878
3356.700868906295,879
0.0,880
1660.3113027062109,881
3420.479831216722,882
0.0,883
0.0,884
0.0,885
2930.3260375689947,886
0.0,887
1667.9738396296943,888
0.0,889
0.0,890
0.0,891
0.0,892
0.0,893
0.0,894
0.0,895
0.0,896
0.0,897
0.0,898
0.0,899
0.0,900
0.0,901
0.0,902
0.0,903
0.0,904
0.0,905
0.0,906
0.0,907
0.0,908
0.0,909
757.8335841438334,910
1450.025301888587,911
0.0,912
1897.6687697902169,913
0.0,914
4528.637580008892,915
0.0,916
218.71530279245863,917
0.0,918
663.5278378566412,919
0.0,920
3127.691900947589,921
0.0,922
0.0,923
0.0,924
0.0,925
0.0,926
0.0,927
0.0,928
0.0,929
0.0,930
0.0,931
0.0,932
0.0,933
0.0,934
0.0,935
0.0,936
0.0,937
0.0,938
0.0,939
0.0,940
0.0,941
0.0,942
0.0,943
0.0,944
0.0,945
0.0,946
0.0,947
0.0,948
0.0,949
0.0,950
0.0,951
0.0,952
0.0,953
0.0,954
0.0,955
0.0,956
0.0,957
0.0,958
0.0,959
0.0,960
0.0,961
0.0,962
201.15583038467057,963
0.0,964
0.0,965
0.0,966
0.0,967
0.0,968
0.0,969
197.7974618463066,970
0.0,971
0.0,972
0.0,973
0.0,974
0.0,975
0.0,976
0.0,977
0.0,978
0.0,979
0.0,980
0.0,981
0.0,982
0.0,983
0.0,984
0.0,985
0.0,986
0.0,987
1872.176474902932,988
194.41573310259585,989
0.0,990
0.0,991
0.0,992
0.0,993
0.0,994
0.0,995
0.0,996
0.0,997
0.0,998
0.0,999
0.0,1000
651.0761867521128,1001
942.3795614634128,1002
0.0,1003
0.0,1004
0.0,1005
942.1990449676879,1006
0.0,1007
0.0,1008
0.0,1009
0.0,1010
0.0,1011
0.0,1012
0.0,1013
0.0,1014
2418.895114579824,1015
0.0,1016
0.0,1017
0.0,1018
0.0,1019
0.0,1020
0.0,1021
647.7313506489445,1022
0.0,1023
0.0,1024
644.5369957371221,1025
0.0,1026
0.0,1027
0.0,1028
0.0,1029
0.0,1030
90.35861368378713,1031
857.8714756090218,1032
0.0,1033
0.0,1034
0.0,1035
0.0,1036
0.0,1037
0.0,1038
0.0,1039
0.0,1040
0.0,1041
0.0,1042
398.7530817718071,1043
0.0,1044
0.0,1045
0.0,1046
0.0,1047
0.0,1048
0.0,1049
0.0,1050
0.0,1051
0.0,1052
0.0,1053
0.0,1054
26886.431578059386,1055
0.0,1056
0.0,1057
0.0,1058
0.0,1059
0.0,1060
0.0,1061
0.0,1062
0.0,1063
0.0,1064
0.0,1065
2363.1369702048773,1066
0.0,1067
0.0,1068
0.0,1069
0.0,1070
0.0,1071
0.0,1072
0.0,1073
0.0,1074
0.0,1075
0.0,1076
0.0,1077
0.0,1078
0.0,1079
0.0,1080
0.0,1081
0.0,1082
0.0,1083
0.0,1084
0.0,1085
0.0,1086
0.0,1087
0.0,1088
0.0,1089
0.0,1090
0.0,1091
0.0,1092
0.0,1093
0.0,1094
0.0,1095
0.0,1096
0.0,1097
0.0,1098
0.0,1099
16212.192253547933,1100
0.0,1101
0.0,1102
0.0,1103
0.0,1104
0.0,1105
0.0,1106
0.0,1107
0.0,1108
0.0,1109
0.0,1110
0.0,1111
0.0,1112
0.0,1113
0.0,1114
0.0,1115
0.0,1116
0.0,1117
0.0,1118
0.0,1119
0.0,1120
0.0,1121
0.0,1122
0.0,1123
0.0,1124
0.0,1125
0.0,1126
0.0,1127
0.0,1128
0.0,1129
0.0,1130
0.0,1131
0.0,1132
0.0,1133
0.0,1134
0.0,1135
0.0,1136
0.0,1137
0.0,1138
0.0,1139
0.0,1140
0.0,1141
0.0,1142
0.0,1143
0.0,1144
0.0,1145
0.0,1146
0.0,1147
0.0,1148
0.0,1149
0.0,1150
0.0,1151
0.0,1152
0.0,1153
0.0,1154
0.0,1155
0.0,1156
0.0,1157
0.0,1158
0.0,1159
0.0,1160
0.0,1161
0.0,1162
0.0,1163
0.0,1164
0.0,1165
0.0,1166
0.0,1167
0.0,1168
0.0,1169
0.0,1170
0.0,1171
0.0,1172
0.0,1173
0.0,1174
0.0,1175
0.0,1176
0.0,1177
0.0,1178
0.0,1179
0.0,1180
0.0,1181
0.0,1182
19719.250749832536,1183
0.0,1184
0.0,1185
0.0,1186
0.0,1187
0.0,1188
0.0,1189
0.0,1190
0.0,1191
0.0,1192
0.0,1193
2723.534858577826,1194
0.0,1195
0.0,1196
0.0,1197
0.0,1198
392.22515669239516,1199
0.0,1200
0.0,1201
0.0,1202
0.0,1203
0.0,1204
0.0,1205
0.0,1206
0.0,1207
0.0,1208
0.0,1209
0.0,1210
0.0,1211
0.0,1212
0.0,1213
0.0,1214
0.0,1215
0.0,1216
0.0,1217
0.0,1218
0.0,1219
0.0,1220
0.0,1221
0.0,1222
0.0,1223
484.3249837852438,1224
0.0,1225
0.0,1226
0.0,1227
0.0,1228
0.0,1229
0.0,1230
0.0,1231
0.0,1232
0.0,1233
0.0,1234
0.0,1235
0.0,1236
0.0,1237
0.0,1238
0.0,1239
0.0,1240
0.0,1241
0.0,1242
0.0,1243
0.0,1244
0.0,1245
0.0,1246
0.0,1247
0.0,1248
0.0,1249
0.0,1250
0.0,1251
0.0,1252
0.0,1253
0.0,1254
0.0,1255
0.0,1256
0.0,1257
5116.345377807574,1258
0.0,1259
0.0,1260
0.0,1261
0.0,1262
0.0,1263
0.0,1264
0.0,1265
0.0,1266
0.0,1267
0.0,1268
0.0,1269
0.0,1270
0.0,1271
0.0,1272
0.0,1273
0.0,1274
0.0,1275
0.0,1276
40.37638546143777,1277
0.0,1278
0.0,1279
0.0,1280
0.0,1281
0.0,1282
0.0,1283
0.0,1284
0.0,1285
0.0,1286
0.0,1287
0.0,1288
0.0,1289
0.0,1290
0.0,1291
0.0,1292
0.0,1293
0.0,1294
0.0,1295
0.0,1296
0.0,1297
0.0,1298
0.0,1299
0.0,1300
0.0,1301
0.0,1302
0.0,1303
0.0,1304
0.0,1305
0.0,1306
0.0,1307
0.0,1308
0.0,1309
0.0,1310
0.0,1311
0.0,1312
0.0,1313
0.0,1314
0.0,1315
0.0,1316
0.0,1317
0.0,1318
0.0,1319
0.0,1320
0.0,1321
0.0,1322
0.0,1323
0.0,1324
0.0,1325
0.0,1326
0.0,1327
2144.9287012723044,1328
0.0,1329
0.0,1330
0.0,1331
0.0,1332
0.0,1333
0.0,1334
0.0,1335
0.0,1336
0.0,1337
0.0,1338
0.0,1339
0.0,1340
0.0,1341
481.8893503071977,1342
0.0,1343
0.0,1344
0.0,1345
0.0,1346
0.0,1347
0.0,1348
0.0,1349
0.0,1350
0.0,1351
0.0,1352
0.0,1353
0.0,1354
0.0,1355
0.0,1356
0.0,1357
0.0,1358
0.0,1359
0.0,1360
0.0,1361
0.0,1362
0.0,1363
0.0,1364
0.0,1365
0.0,1366
0.0,1367
0.0,1368
0.0,1369
482.6657683438619,1370
0.0,1371
0.0,1372
0.0,1373
0.0,1374
0.0,1375
0.0,1376
0.0,1377
0.0,1378
0.0,1379
0.0,1380
0.0,1381
0.0,1382
0.0,1383
0.0,1384
0.0,1385
0.0,1386
8269.306825969361,1387
0.0,1388
0.0,1389
0.0,1390
0.0,1391
0.0,1392
1184.345106590578,1393
0.0,1394
1134.4144734292768,1395
0.0,1396
0.0,1397
0.0,1398
0.0,1399
0.0,1400
0.0,1401
484.54797357460603,1402
0.0,1403
485.4141712492303,1404
0.0,1405
0.0,1406
0.0,1407
486.3607731507439,1408
0.0,1409
0.0,1410
0.0,1411
0.0,1412
0.0,1413
0.0,1414
0.0,1415
0.0,1416
0.0,1417
43.50458268140976,1418
0.0,1419
0.0,1420
0.0,1421
0.0,1422
0.0,1423
0.0,1424
0.0,1425
0.0,1426
0.0,1427
0.0,1428
0.0,1429
0.0,1430
7079.175699411414,1431
0.0,1432
0.0,1433
0.0,1434
0.0,1435
0.0,1436
0.0,1437
0.0,1438
0.0,1439
0.0,1440
0.0,1441
0.0,1442
0.0,1443
0.0,1444
0.0,1445
0.0,1446
0.0,1447
0.0,1448
0.0,1449
0.0,1450
0.0,1451
0.0,1452
0.0,1453
0.0,1454
0.0,1455
0.0,1456
0.0,1457
2319.4371397122036,1458
0.0,1459
0.0,1460
0.0,1461
0.0,1462
0.0,1463
0.0,1464
0.0,1465
486.86022487964993,1466
487.9679137390022,1467
489.15330398173137,1468
490.41487065941544,1469
491.75084001233193,1470
0.0,1471
0.0,1472
0.0,1473
0.0,1474
493.1587711830907,1475
0.0,1476
494.63534752549924,1477
0.0,1478
0.0,1479
0.0,1480
0.0,1481
496.1764366311444,1482
0.0,1483
0.0,1484
497.7773718824037,1485
0.0,1486
0.0,1487
0.0,1488
0.0,1489
0.0,1490
0.0,1491
0.0,1492
0.0,1493
0.0,1494
0.0,1495
0.0,1496
0.0,1497
0.0,1498
0.0,1499
0.0,1500
0.0,1501
0.0,1502
0.0,1503
0.0,1504
0.0,1505
0.0,1506
0.0,1507
0.0,1508
0.0,1509
0.0,1510
0.0,1511
0.0,1512
0.0,1513
0.0,1514
0.0,1515
0.0,1516
0.0,1517
2709.3581142312887,1518
0.0,1519
0.0,1520
0.0,1521
0.0,1522
0.0,1523
0.0,1524
607.0226669611542,1525
0.0,1526
923.3331962942456,1527
922.5499256195468,1528
0.0,1529
0.0,1530
0.0,1531
0.0,1532
0.0,1533
0.0,1534
0.0,1535
0.0,1536
0.0,1537
0.0,1538
0.0,1539
0.0,1540
0.0,1541
0.0,1542
0.0,1543
0.0,1544
0.0,1545
0.0,1546
0.0,1547
0.0,1548
0.0,1549
0.0,1550
0.0,1551
0.0,1552
0.0,1553
0.0,1554
0.0,1555
0.0,1556
0.0,1557
0.0,1558
0.0,1559
0.0,1560
0.0,1561
0.0,1562
0.0,1563
0.0,1564
0.0,1565
0.0,1566
0.0,1567
0.0,1568
0.0,1569
0.0,1570
0.0,1571
0.0,1572
0.0,1573
0.0,1574
0.0,1575
0.0,1576
0.0,1577
0.0,1578
19580.828700344795,1579
0.0,1580
0.0,1581
0.0,1582
0.0,1583
0.0,1584
0.0,1585
0.0,1586
0.0,1587
0.0,1588
0.0,1589
0.0,1590
0.0,1591
0.0,1592
0.0,1593
0.0,1594
0.0,1595
0.0,1596
0.0,1597
0.0,1598
0.0,1599
0.0,1600
0.0,1601
0.0,1602
0.0,1603
0.0,1604
0.0,1605
0.0,1606
0.0,1607
0.0,1608
0.0,1609
0.0,1610
0.0,1611
0.0,1612
0.0,1613
0.0,1614
0.0,1615
0.0,1616
0.0,1617
0.0,1618
0.0,1619
0.0,1620
0.0,1621
0.0,1622
0.0,1623
0.0,1624
0.0,1625
0.0,1626
0.0,1627
0.0,1628
0.0,1629
0.0,1630
0.0,1631
0.0,1632
0.0,1633
0.0,1634
0.0,1635
0.0,1636
0.0,1637
0.0,1638
0.0,1639
0.0,1640
0.0,1641
0.0,1642
1785.071967014922,1643
0.0,1644
0.0,1645
0.0,1646
0.0,1647
0.0,1648
0.0,1649
0.0,1650
0.0,1651
0.0,1652
0.0,1653
0.0,1654
0.0,1655
0.0,1656
0.0,1657
0.0,1658
0.0,1659
0.0,1660
0.0,1661
0.0,1662
0.0,1663
0.0,1664
0.0,1665
2118.4178363135,1666
0.0,1667
0.0,1668
1341.4437052654723,1669
0.0,1670
1731.478980027041,1671
0.0,1672
0.0,1673
0.0,1674
0.0,1675
0.0,1676
0.0,1677
0.0,1678
0.0,1679
0.0,1680
0.0,1681
0.0,1682
0.0,1683
0.0,1684
0.0,1685
0.0,1686
0.0,1687
0.0,1688
0.0,1689
0.0,1690
0.0,1691
0.0,1692
0.0,1693
0.0,1694
0.0,1695
0.0,1696
0.0,1697
0.0,1698
0.0,1699
0.0,1700
0.0,1701
0.0,1702
0.0,1703
0.0,1704
0.0,1705
0.0,1706
0.0,1707
0.0,1708
0.0,1709
0.0,1710
0.0,1711
0.0,1712
0.0,1713
0.0,1714
0.0,1715
0.0,1716
0.0,1717
0.0,1718
0.0,1719
0.0,1720
0.0,1721
0.0,1722
0.0,1723
0.0,1724
0.0,1725
0.0,1726
0.0,1727
0.0,1728
0.0,1729
0.0,1730
0.0,1731
0.0,1732
0.0,1733
0.0,1734
0.0,1735
0.0,1736
0.0,1737
0.0,1738
2630.8812682120592,1739
0.0,1740
0.0,1741
0.0,1742
0.0,1743
0.0,1744
0.0,1745
0.0,1746
0.0,1747
0.0,1748
0.0,1749
0.0,1750
0.0,1751
0.0,1752
0.0,1753
0.0,1754
0.0,1755
0.0,1756
0.0,1757
0.0,1758
0.0,1759
0.0,1760
0.0,1761
0.0,1762
0.0,1763
0.0,1764
0.0,1765
0.0,1766
0.0,1767
0.0,1768
0.0,1769
0.0,1770
0.0,1771
0.0,1772
0.0,1773
0.0,1774
0.0,1775
0.0,1776
0.0,1777
0.0,1778
0.0,1779
0.0,1780
0.0,1781
437.12243342080603,1782
0.0,1783
0.0,1784
0.0,1785
0.0,1786
0.0,1787
0.0,1788
0.0,1789
0.0,1790
0.0,1791
688.273868131552,1792
0.0,1793
0.0,1794
0.0,1795
0.0,1796
1476.5356241569525,1797
0.0,1798
0.0,1799
0.0,1800
0.0,1801
0.0,1802
0.0,1803
0.0,1804
0.0,1805
0.0,1806
0.0,1807
2601.8916459887355,1808
0.0,1809
0.0,1810
0.0,1811
0.0,1812
0.0,1813
0.0,1814
0.0,1815
0.0,1816
0.0,1817
2574.6529399928627,1818
0.0,1819
0.0,1820
0.0,1821
0.0,1822
0.0,1823
0.0,1824
0.0,1825
0.0,1826
0.0,1827
0.0,1828
0.0,1829
0.0,1830
0.0,1831
0.0,1832
1415.1928805873824,1833
0.0,1834
0.0,1835
0.0,1836
0.0,1837
0.0,1838
45.07266766652687,1839
0.0,1840
0.0,1841
0.0,1842
0.0,1843
0.0,1844
0.0,1845
0.0,1846
0.0,1847
0.0,1848
0.0,1849
0.0,1850
1010.1835219874517,1851
0.0,1852
0.0,1853
0.0,1854
0.0,1855
0.0,1856
0.0,1857
2085.641979161371,1858
1558.2808986549567,1859
0.0,1860
2081.345179227861,1861
0.0,1862
0.0,1863
0.0,1864
0.0,1865
0.0,1866
0.0,1867
0.0,1868
0.0,1869
0.0,1870
0.0,1871
0.0,1872
2282.8556289932626,1873
0.0,1874
0.0,1875
0.0,1876
0.0,1877
0.0,1878
0.0,1879
0.0,1880
0.0,1881
0.0,1882
0.0,1883
0.0,1884
0.0,1885
0.0,1886
0.0,1887
0.0,1888
0.0,1889
0.0,1890
0.0,1891
0.0,1892
100.7521667006834,1893
97.92209633589573,1894
0.0,1895
0.0,1896
0.0,1897
0.0,1898
0.0,1899
0.0,1900
0.0,1901
0.0,1902
0.0,1903
0.0,1904
0.0,1905
0.0,1906
1382.6449139213848,1907
0.0,1908
0.0,1909
0.0,1910
478.5056396504781,1911
0.0,1912
0.0,1913
0.0,1914
0.0,1915
0.0,1916
0.0,1917
0.0,1918
0.0,1919
0.0,1920
0.0,1921
0.0,1922
0.0,1923
0.0,1924
0.0,1925
0.0,1926
0.0,1927
0.0,1928
0.0,1929
0.0,1930
0.0,1931
0.0,1932
0.0,1933
809.0484471572456,1934
0.0,1935
0.0,1936
0.0,1937
950.467413664565,1938
0.0,1939
0.0,1940
0.0,1941
0.0,1942
0.0,1943
4123.597331019062,1944
0.0,1945
361.12495974799225,1946
0.0,1947
0.0,1948
0.0,1949
0.0,1950
0.0,1951
0.0,1952
1519.9037827234804,1953
0.0,1954
0.0,1955
0.0,1956
0.0,1957
1518.258812481774,1958
0.0,1959
0.0,1960
708.3178221381768,1961
706.9898855624484,1962
0.0,1963
0.0,1964
0.0,1965
0.0,1966
0.0,1967
0.0,1968
0.0,1969
0.0,1970
0.0,1971
364.9621478117513,1972
1415.5226064784508,1973
0.0,1974
0.0,1975
0.0,1976
742.025974442463,1977
0.0,1978
479.9026999275721,1979
130.82029301298365,1980
0.0,1981
0.0,1982
0.0,1983
2445.452106181899,1984
0.0,1985
0.0,1986
0.0,1987
3370.7478861160926,1988
2484.7269449140936,1989
0.0,1990
2808.3587544569964,1991
0.0,1992
1117.649741741212,1993
0.0,1994
1357.3609246432623,1995
0.0,1996
943.8717610564172,1997
0.0,1998
529.0164649014713,1999
939.9691544955537,2000
1659.839539459559,2001
935.2461129122773,2002
932.7800431684465,2003
930.2887235796693,2004
927.7791929808425,2005
925.260529923261,2006
1361.0059170455536,2007
920.1102483924756,2008
917.6187539547233,2009
915.1508959323157,2010
0.0,2011
0.0,2012
0.0,2013
0.0,2014
847.2520750538811,2015
0.0,2016
0.0,2017
0.0,2018
0.0,2019
0.0,2020
0.0,2021
0.0,2022
0.0,2023
0.0,2024
0.0,2025
0.0,2026
0.0,2027
0.0,2028
0.0,2029
0.0,2030
1467.099166127975,2031
0.0,2032
0.0,2033
195.7332147858355,2034
0.0,2035
629.1413259475678,2036
0.0,2037
0.0,2038
0.0,2039
0.0,2040
0.0,2041
0.0,2042
0.0,2043
0.0,2044
0.0,2045
0.0,2046
205.7886270011242,2047
0.0,2048
0.0,2049
0.0,2050
0.0,2051
0.0,2052
0.0,2053
0.0,2054
0.0,2055
0.0,2056
0.0,2057
0.0,2058
0.0,2059
0.0,2060
0.0,2061
0.0,2062
0.0,2063
0.0,2064
0.0,2065
313.2333525176127,2066
0.0,2067
0.0,2068
0.0,2069
0.0,2070
0.0,2071
0.0,2072
0.0,2073
0.0,2074
148.76977569276522,2075
0.0,2076
0.0,2077
0.0,2078
0.0,2079
0.0,2080
0.0,2081
0.0,2082
0.0,2083
0.0,2084
0.0,2085
0.0,2086
0.0,2087
0.0,2088
0.0,2089
0.0,2090
0.0,2091
0.0,2092
0.0,2093
0.0,2094
0.0,2095
568.1084856757079,2096
0.0,2097
1163.5432611221186,2098
1443.2928217930921,2099
0.0,2100
0.0,2101
559.4482446292964,2102
561.9408057641105,2103
0.0,2104
0.0,2105
0.0,2106
0.0,2107
0.0,2108
0.0,2109
0.0,2110
0.0,2111
0.0,2112
0.0,2113
0.0,2114
0.0,2115
0.0,2116
0.0,2117
0.0,2118
0.0,2119
0.0,2120
0.0,2121
0.0,2122
0.0,2123
0.0,2124
0.0,2125
0.0,2126
0.0,2127
0.0,2128
0.0,2129
0.0,2130
0.0,2131
25.77900592377196,2132
0.0,2133
0.0,2134
0.0,2135
0.0,2136
0.0,2137
2312.2081483287584,2138
0.0,2139
0.0,2140
0.0,2141
0.0,2142
0.0,2143
0.0,2144
0.0,2145
0.0,2146
0.0,2147
0.0,2148
0.0,2149
0.0,2150
0.0,2151
0.0,2152
0.0,2153
0.0,2154
0.0,2155
0.0,2156
0.0,2157
0.0,2158
0.0,2159
606.3644624632457,2160
0.0,2161
0.0,2162
0.0,2163
0.0,2164
0.0,2165
0.0,2166
0.0,2167
0.0,2168
0.0,2169
567.0662351424509,2170
0.0,2171
0.0,2172
0.0,2173
0.0,2174
264.06087279500025,2175
0.0,2176
0.0,2177
0.0,2178
0.0,2179
1241.33231898021,2180
1859.7163053354486,2181
0.0,2182
724.6055355700481,2183
0.0,2184
899.3742399366548,2185
223.85195256088818,2186
477.176199006995,2187
898.0013654391922,2188
0.0,2189
0.0,2190
0.0,2191
0.0,2192
829.2564828507648,2193
0.0,2194
0.0,2195
0.0,2196
711.9900327426803,2197
0.0,2198
0.0,2199
1012.1249886394918,2200
0.0,2201
0.0,2202
0.0,2203
3075.8568142943063,2204
0.0,2205
0.0,2206
0.0,2207
196.87894435988625,2208
0.0,2209
0.0,2210
1014.4098288197622,2211
0.0,2212
0.0,2213
0.0,2214
0.0,2215
1905.848626934935,2216
0.0,2217
0.0,2218
0.0,2219
0.0,2220
0.0,2221
0.0,2222
0.0,2223
0.0,2224
0.0,2225
0.0,2226
0.0,2227
0.0,2228
1907.0119013585731,2229
38.83130347092603,2230
853.339337903271,2231
0.0,2232
0.0,2233
2362.3972583486266,2234
0.0,2235
2362.2140016934654,2236
0.0,2237
0.0,2238
0.0,2239
1188.5054795319186,2240
0.0,2241
0.0,2242
0.0,2243
2039.9189330649203,2244
0.0,2245
812.3244253519828,2246
0.0,2247
0.0,2248
308.8469815879623,2249
0.0,2250
0.0,2251
0.0,2252
0.0,2253
394.3889904101984,2254
0.0,2255
0.0,2256
1948.6146394065422,2257
0.0,2258
0.0,2259
0.0,2260
154.3305703961326,2261
0.0,2262
0.0,2263
0.0,2264
718.6780278654554,2265
0.0,2266
0.0,2267
0.0,2268
0.0,2269
0.0,2270
0.0,2271
0.0,2272
0.0,2273
0.0,2274
0.0,2275
0.0,2276
0.0,2277
0.0,2278
0.0,2279
545.5416193228696,2280
0.0,2281
0.0,2282
0.0,2283
0.0,2284
0.0,2285
0.0,2286
0.0,2287
0.0,2288
0.0,2289
0.0,2290
0.0,2291
0.0,2292
0.0,2293
0.0,2294
0.0,2295
0.0,2296
0.0,2297
0.0,2298
0.0,2299
0.0,2300
264.76596977985935,2301
0.0,2302
0.0,2303
264.49560687244,2304
0.0,2305
264.2245671569803,2306
263.95110579392906,2307
0.0,2308
263.6763172731642,2309
13605.51020131692,2310
0.0,2311
0.0,2312
263.2992655445754,2313
0.0,2314
263.022104462436,2315
0.0,2316
0.0,2317
0.0,2318
0.0,2319
0.0,2320
0.0,2321
0.0,2322
0.0,2323
0.0,2324
0.0,2325
0.0,2326
0.0,2327
50.41665235999522,2328
475.8272670449172,2329
0.0,2330
0.0,2331
0.0,2332
0.0,2333
0.0,2334
0.0,2335
0.0,2336
0.0,2337
0.0,2338
0.0,2339
0.0,2340
0.0,2341
0.0,2342
0.0,2343
0.0,2344
0.0,2345
0.0,2346
0.0,2347
0.0,2348
0.0,2349
0.0,2350
0.0,2351
0.0,2352
0.0,2353
0.0,2354
0.0,2355
0.0,2356
0.0,2357
88.7031889863055,2358
0.0,2359
0.0,2360
0.0,2361
0.0,2362
0.0,2363
0.0,2364
0.0,2365
0.0,2366
0.0,2367
0.0,2368
0.0,2369
0.0,2370
0.0,2371
0.0,2372
0.0,2373
0.0,2374
0.0,2375
0.0,2376
0.0,2377
0.0,2378
0.0,2379
0.0,2380
1110.2927467834957,2381
0.0,2382
0.0,2383
0.0,2384
0.0,2385
0.0,2386
0.0,2387
0.0,2388
0.0,2389
0.0,2390
0.0,2391
0.0,2392
0.0,2393
0.0,2394
0.0,2395
0.0,2396
0.0,2397
0.0,2398
0.0,2399
0.0,2400
0.0,2401
0.0,2402
0.0,2403
0.0,2404
0.0,2405
0.0,2406
655.540604407006,2407
0.0,2408
0.0,2409
0.0,2410
0.0,2411
0.0,2412
0.0,2413
0.0,2414
0.0,2415
0.0,2416
0.0,2417
0.0,2418
0.0,2419
0.0,2420
0.0,2421
0.0,2422
0.0,2423
0.0,2424
0.0,2425
0.0,2426
705.7085759867109,2427
0.0,2428
1404.9458412776053,2429
0.0,2430
0.0,2431
0.0,2432
0.0,2433
0.0,2434
1613.6636196250063,2435
0.0,2436
0.0,2437
0.0,2438
0.0,2439
970.2137097058329,2440
0.0,2441
970.2856980194354,2442
0.0,2443
0.0,2444
3369.864956959288,2445
0.0,2446
0.0,2447
0.0,2448
0.0,2449
0.0,2450
0.0,2451
305.17149833329404,2452
0.0,2453
0.0,2454
0.0,2455
0.0,2456
0.0,2457
0.0,2458
0.0,2459
305.3220262400593,2460
0.0,2461
0.0,2462
305.5164582352131,2463
0.0,2464
0.0,2465
305.7500103926554,2466
0.0,2467
306.0156634266858,2468
0.0,2469
367.481335302977,2470
0.0,2471
305.95621862826584,2472
0.0,2473
306.2745831685388,2474
0.0,2475
306.61761992251655,2476
0.0,2477
0.0,2478
306.97391061103815,2479
0.0,2480
0.0,2481
0.0,2482
0.0,2483
0.0,2484
0.0,2485
0.0,2486
0.0,2487
0.0,2488
0.0,2489
0.0,2490
0.0,2491
0.0,2492
0.0,2493
0.0,2494
0.0,2495
0.0,2496
0.0,2497
319.134711347181,2498
42.57985418393988,2499
0.0,2500
917.656230188993,2501
9576.055316809721,2502
916.4418205870162,2503
30.148138922332393,2504
40.6644035084197,2505
9498.875040454515,2506
0.0,2507
0.0,2508
65.8906780515844,2509
65.08083922504663,2510
2557.26248927045,2511
0.0,2512
984.731326640513,2513
809.7153139900893,2514
0.0,2515
0.0,2516
0.0,2517
873.1039403088246,2518
0.0,2519
1915.05520210883,2520
1473.511624051734,2521
0.0,2522
0.0,2523
0.0,2524
0.0,2525
0.0,2526
0.0,2527
339.5280348795815,2528
0.0,2529
0.0,2530
0.0,2531
0.0,2532
0.0,2533
16.501052445718756,2534
335.6681299404255,2535
0.0,2536
0.0,2537
1118.8979998479174,2538
479.91876681655333,2539
633.5229455682544,2540
92.60934895897371,2541
170.8642966884262,2542
0.0,2543
171.29673108823022,2544
0.0,2545
0.0,2546
0.0,2547
0.0,2548
0.0,2549
0.0,2550
0.0,2551
0.0,2552
0.0,2553
0.0,2554
0.0,2555
981.4899501386606,2556
1066.1416083808979,2557
169.09001178727834,2558
0.0,2559
764.603358794735,2560
0.0,2561
0.0,2562
0.0,2563
763.3676332014783,2564
0.0,2565
0.0,2566
17.677455390065273,2567
0.0,2568
0.0,2569
0.0,2570
0.0,2571
0.0,2572
0.0,2573
40.591601523405444,2574
0.0,2575
0.0,2576
0.0,2577
0.0,2578
0.0,2579
0.0,2580
0.0,2581
0.0,2582
0.0,2583
0.0,2584
0.0,2585
0.0,2586
0.0,2587
0.0,2588
0.0,2589
0.0,2590
0.0,2591
0.0,2592
0.0,2593
0.0,2594
76.69933289965105,2595
0.0,2596
0.0,2597
0.0,2598
0.0,2599
0.0,2600
0.0,2601
0.0,2602
0.0,2603
0.0,2604
0.0,2605
0.0,2606
0.0,2607
0.0,2608
0.0,2609
0.0,2610
0.0,2611
0.0,2612
0.0,2613
0.0,2614
0.0,2615
0.0,2616
0.0,2617
0.0,2618
0.0,2619
0.0,2620
750.5418592394647,2621
0.0,2622
0.0,2623
0.0,2624
0.0,2625
410.7899575370049,2626
0.0,2627
0.0,2628
0.0,2629
0.0,2630
1486.8657401522985,2631
0.0,2632
0.0,2633
0.0,2634
0.0,2635
0.0,2636
0.0,2637
0.0,2638
0.0,2639
0.0,2640
0.0,2641
0.0,2642
0.0,2643
0.0,2644
0.0,2645
0.0,2646
0.0,2647
0.0,2648
0.0,2649
0.0,2650
0.0,2651
0.0,2652
0.0,2653
0.0,2654
0.0,2655
0.0,2656
0.0,2657
0.0,2658
0.0,2659
0.0,2660
0.0,2661
0.0,2662
0.0,2663
0.0,2664
0.0,2665
0.0,2666
170.6174552461886,2667
0.0,2668
0.0,2669
0.0,2670
0.0,2671
0.0,2672
401.0391701656993,2673
0.0,2674
0.0,2675
0.0,2676
0.0,2677
0.0,2678
0.0,2679
0.0,2680
0.0,2681
0.0,2682
0.0,2683
0.0,2684
1666.5789618466663,2685
0.0,2686
0.0,2687
0.0,2688
0.0,2689
0.0,2690
0.0,2691
0.0,2692
0.0,2693
401.37216829934215,2694
0.0,2695
0.0,2696
0.0,2697
0.0,2698
0.0,2699
0.0,2700
0.0,2701
0.0,2702
0.0,2703
0.0,2704
0.0,2705
0.0,2706
0.0,2707
0.0,2708
0.0,2709
0.0,2710
0.0,2711
0.0,2712
0.0,2713
0.0,2714
0.0,2715
0.0,2716
0.0,2717
0.0,2718
0.0,2719
0.0,2720
0.0,2721
0.0,2722
0.0,2723
0.0,2724
0.0,2725
0.0,2726
0.0,2727
0.0,2728
0.0,2729
0.0,2730
0.0,2731
0.0,2732
0.0,2733
0.0,2734
0.0,2735
0.0,2736
0.0,2737
0.0,2738
0.0,2739
0.0,2740
0.0,2741
272.66881560961826,2742
0.0,2743
0.0,2744
0.0,2745
0.0,2746
0.0,2747
0.0,2748
0.0,2749
0.0,2750
0.0,2751
0.0,2752
0.0,2753
0.0,2754
0.0,2755
0.0,2756
0.0,2757
0.0,2758
0.0,2759
0.0,2760
0.0,2761
0.0,2762
0.0,2763
0.0,2764
0.0,2765
0.0,2766
0.0,2767
0.0,2768
2293.909475857036,2769
0.0,2770
0.0,2771
0.0,2772
0.0,2773
0.0,2774
0.0,2775
0.0,2776
0.0,2777
0.0,2778
0.0,2779
0.0,2780
0.0,2781
0.0,2782
0.0,2783
0.0,2784
0.0,2785
0.0,2786
0.0,2787
0.0,2788
0.0,2789
0.0,2790
0.0,2791
0.0,2792
0.0,2793
0.0,2794
0.0,2795
0.0,2796
0.0,2797
0.0,2798
0.0,2799
0.0,2800
0.0,2801
0.0,2802
0.0,2803
0.0,2804
0.0,2805
0.0,2806
0.0,2807
0.0,2808
0.0,2809
0.0,2810
0.0,2811
0.0,2812
0.0,2813
0.0,2814
0.0,2815
0.0,2816
586.2863791218338,2817
0.0,2818
0.0,2819
0.0,2820
0.0,2821
0.0,2822
0.0,2823
0.0,2824
451.99676953360006,2825
0.0,2826
0.0,2827
2560.2073999187437,2828
0.0,2829
0.0,2830
0.0,2831
0.0,2832
0.0,2833
0.0,2834
0.0,2835
0.0,2836
0.0,2837
0.0,2838
0.0,2839
0.0,2840
0.0,2841
382.18171849097934,2842
380.30889174971975,2843
0.0,2844
378.3737322601557,2845
376.3903707048416,2846
0.0,2847
0.0,2848
0.0,2849
0.0,2850
0.0,2851
0.0,2852
0.0,2853
0.0,2854
0.0,2855
0.0,2856
0.0,2857
0.0,2858
0.0,2859
0.0,2860
0.0,2861
0.0,2862
0.0,2863
0.0,2864
0.0,2865
0.0,2866
0.0,2867
2096.0032369840346,2868
0.0,2869
0.0,2870
0.0,2871
32.40398525499403,2872
0.0,2873
0.0,2874
0.0,2875
296.41475809616577,2876
0.0,2877
0.0,2878
0.0,2879
0.0,2880
0.0,2881
0.0,2882
0.0,2883
544.35388267338,2884
0.0,2885
0.0,2886
0.0,2887
0.0,2888
0.0,2889
0.0,2890
0.0,2891
0.0,2892
643.7490315932064,2893
724.8953350896765,2894
0.0,2895
52.051502675695374,2896
0.0,2897
52.94946080254484,2898
854.3568822371983,2899
0.0,2900
0.0,2901
0.0,2902
0.0,2903
0.0,2904
0.0,2905
1203.791621068318,2906
1203.2594010989844,2907
1291.1824511166726,2908
0.0,2909
0.0,2910
0.0,2911
0.0,2912
0.0,2913
483.2415891443437,2914
2439.502345010704,2915
0.0,2916
0.0,2917
0.0,2918
0.0,2919
24.711502773594404,2920
0.0,2921
0.0,2922
0.0,2923
0.0,2924
0.0,2925
0.0,2926
0.0,2927
0.0,2928
0.0,2929
0.0,2930
0.0,2931
0.0,2932
0.0,2933
0.0,2934
0.0,2935
0.0,2936
0.0,2937
0.0,2938
0.0,2939
2631.536035834218,2940
0.0,2941
0.0,2942
0.0,2943
0.0,2944
0.0,2945
1836.8513546108184,2946
0.0,2947
1834.6970698392047,2948
0.0,2949
0.0,2950
1674.4352134444828,2951
0.0,2952
0.0,2953
0.0,2954
0.0,2955
0.0,2956
0.0,2957
0.0,2958
0.0,2959
2707.9830816813073,2960
0.0,2961
0.0,2962
0.0,2963
0.0,2964
0.0,2965
1026.2265162057824,2966
0.0,2967
0.0,2968
0.0,2969
0.0,2970
0.0,2971
0.0,2972
197.74196310241706,2973
1578.5210588774055,2974
0.0,2975
0.0,2976
0.0,2977
4566.428351805144,2978
167.75174175202633,2979
167.64605927846026,2980
0.0,2981
0.0,2982
0.0,2983
983.8720827953895,2984
1507.9787401561566,2985
0.0,2986
0.0,2987
0.0,2988
0.0,2989
0.0,2990
0.0,2991
0.0,2992
0.0,2993
0.0,2994
0.0,2995
0.0,2996
885.7060198829274,2997
0.0,2998
0.0,2999
0.0,3000
0.0,3001
594.3408880890825,3002
0.0,3003
0.0,3004
0.0,3005
0.0,3006
46.074368622410184,3007
0.0,3008
0.0,3009
0.0,3010
45.7583966320565,3011
0.0,3012
0.0,3013
0.0,3014
0.0,3015
0.0,3016
0.0,3017
0.0,3018
0.0,3019
0.0,3020
0.0,3021
0.0,3022
0.0,3023
0.0,3024
0.0,3025
0.0,3026
0.0,3027
0.0,3028
0.0,3029
0.0,3030
0.0,3031
0.0,3032
0.0,3033
0.0,3034
0.0,3035
0.0,3036
0.0,3037
0.0,3038
0.0,3039
0.0,3040
0.0,3041
0.0,3042
0.0,3043
3100.928577083482,3044
0.0,3045
0.0,3046
188.92649618780882,3047
191.44613220480662,3048
0.0,3049
0.0,3050
470.9369985811808,3051
0.0,3052
0.0,3053
1722.2632544968253,3054
0.0,3055
52.26790608434037,3056
54.32488923033919,3057
56.341899388023215,3058
0.0,3059
58.331451395055616,3060
0.0,3061
680.568651229633,3062
0.0,3063
0.0,3064
458.32508009738535,3065
140.9959625931513,3066
0.0,3067
2731.455361006784,3068
0.0,3069
0.0,3070
0.0,3071
0.0,3072
0.0,3073
1303.1679343028418,3074
3105.0438718216724,3075
0.0,3076
0.0,3077
0.0,3078
0.0,3079
0.0,3080
0.0,3081
0.0,3082
0.0,3083
0.0,3084
0.0,3085
250.96438936118565,3086
0.0,3087
0.0,3088
0.0,3089
0.0,3090
0.0,3091
0.0,3092
0.0,3093
0.0,3094
0.0,3095
0.0,3096
0.0,3097
0.0,3098
936.3568552466913,3099
0.0,3100
0.0,3101
0.0,3102
0.0,3103
0.0,3104
0.0,3105
0.0,3106
0.0,3107
0.0,3108
0.0,3109
4439.255167618159,3110
0.0,3111
0.0,3112
0.0,3113
0.0,3114
0.0,3115
0.0,3116
1394.3017826780006,3117
0.0,3118
0.0,3119
0.0,3120
0.0,3121
0.0,3122
0.0,3123
0.0,3124
0.0,3125
0.0,3126
0.0,3127
0.0,3128
0.0,3129
0.0,3130
0.0,3131
0.0,3132
0.0,3133
0.0,3134
0.0,3135
0.0,3136
0.0,3137
0.0,3138
0.0,3139
0.0,3140
2726.4475629521744,3141
0.0,3142
0.0,3143
0.0,3144
0.0,3145
0.0,3146
0.0,3147
0.0,3148
0.0,3149
0.0,3150
0.0,3151
0.0,3152
0.0,3153
0.0,3154
0.0,3155
0.0,3156
0.0,3157
0.0,3158
0.0,3159
0.0,3160
0.0,3161
0.0,3162
0.0,3163
237.52996779658673,3164
0.0,3165
238.93528234242677,3166
0.0,3167
287.5714880330656,3168
2529.3440805989494,3169
0.0,3170
0.0,3171
0.0,3172
0.0,3173
0.0,3174
0.0,3175
0.0,3176
0.0,3177
0.0,3178
0.0,3179
0.0,3180
0.0,3181
0.0,3182
0.0,3183
0.0,3184
0.0,3185
402.2389864012635,3186
402.58476884681204,3187
0.0,3188
0.0,3189
0.0,3190
0.0,3191
0.0,3192
0.0,3193
0.0,3194
81.21497374222713,3195
0.0,3196
0.0,3197
0.0,3198
0.0,3199
0.0,3200
0.0,3201
0.0,3202
0.0,3203
0.0,3204
0.0,3205
0.0,3206
0.0,3207
0.0,3208
0.0,3209
0.0,3210
3063.5046366894335,3211
0.0,3212
0.0,3213
0.0,3214
0.0,3215
0.0,3216
0.0,3217
0.0,3218
0.0,3219
0.0,3220
832.738071675105,3221
0.0,3222
0.0,3223
0.0,3224
0.0,3225
0.0,3226
0.0,3227
0.0,3228
0.0,3229
0.0,3230
0.0,3231
0.0,3232
0.0,3233
0.0,3234
0.0,3235
0.0,3236
0.0,3237
0.0,3238
0.0,3239
0.0,3240
0.0,3241
0.0,3242
0.0,3243
0.0,3244
0.0,3245
0.0,3246
138.66283043021016,3247
0.0,3248
0.0,3249
0.0,3250
0.0,3251
0.0,3252
0.0,3253
0.0,3254
0.0,3255
0.0,3256
0.0,3257
1172.9268343861504,3258
0.0,3259
0.0,3260
0.0,3261
0.0,3262
0.0,3263
0.0,3264
1175.1812139499125,3265
0.0,3266
0.0,3267
0.0,3268
0.0,3269
0.0,3270
571.7121593258242,3271
0.0,3272
473.27951084303606,3273
1809.3226992746731,3274
0.0,3275
0.0,3276
0.0,3277
0.0,3278
295.3893570122619,3279
240.44971645636872,3280
384.04287897036954,3281
0.0,3282
0.0,3283
861.2713234629676,3284
0.0,3285
0.0,3286
0.0,3287
0.0,3288
0.0,3289
736.7939638463471,3290
0.0,3291
0.0,3292
0.0,3293
0.0,3294
0.0,3295
0.0,3296
0.0,3297
0.0,3298
0.0,3299
0.0,3300
14450.62571997351,3301
0.0,3302
0.0,3303
0.0,3304
0.0,3305
0.0,3306
0.0,3307
0.0,3308
0.0,3309
0.0,3310
0.0,3311
0.0,3312
0.0,3313
0.0,3314
0.0,3315
0.0,3316
0.0,3317
0.0,3318
0.0,3319
0.0,3320
7494.775499674113,3321
0.0,3322
0.0,3323
0.0,3324
0.0,3325
0.0,3326
0.0,3327
0.0,3328
0.0,3329
0.0,3330
0.0,3331
0.0,3332
0.0,3333
0.0,3334
0.0,3335
0.0,3336
0.0,3337
0.0,3338
0.0,3339
0.0,3340
0.0,3341
0.0,3342
1128.4574018476817,3343
0.0,3344
0.0,3345
0.0,3346
0.0,3347
0.0,3348
0.0,3349
0.0,3350
0.0,3351
0.0,3352
0.0,3353
0.0,3354
0.0,3355
0.0,3356
0.0,3357
0.0,3358
0.0,3359
0.0,3360
0.0,3361
0.0,3362
0.0,3363
4000.924385938809,3364
0.0,3365
0.0,3366
0.0,3367
4364.924278717592,3368
2872.1764352815408,3369
0.0,3370
0.0,3371
0.0,3372
0.0,3373
4007.5996276404107,3374
0.0,3375
3327.8657486436873,3376
0.0,3377
0.0,3378
0.0,3379
0.0,3380
0.0,3381
0.0,3382
0.0,3383
0.0,3384
0.0,3385
0.0,3386
0.0,3387
0.0,3388
0.0,3389
0.0,3390
0.0,3391
0.0,3392
0.0,3393
0.0,3394
0.0,3395
0.0,3396
0.0,3397
0.0,3398
0.0,3399
0.0,3400
0.0,3401
0.0,3402
0.0,3403
0.0,3404
0.0,3405
0.0,3406
0.0,3407
0.0,3408
0.0,3409
0.0,3410
0.0,3411
0.0,3412
0.0,3413
0.0,3414
0.0,3415
0.0,3416
2012.7232711158529,3417
0.0,3418
0.0,3419
0.0,3420
0.0,3421
0.0,3422
0.0,3423
0.0,3424
0.0,3425
0.0,3426
0.0,3427
2011.6706344081667,3428
0.0,3429
0.0,3430
0.0,3431
0.0,3432
0.0,3433
0.0,3434
0.0,3435
0.0,3436
0.0,3437
0.0,3438
0.0,3439
0.0,3440
0.0,3441
0.0,3442
0.0,3443
0.0,3444
0.0,3445
0.0,3446
0.0,3447
0.0,3448
0.0,3449
0.0,3450
0.0,3451
0.0,3452
0.0,3453
0.0,3454
0.0,3455
0.0,3456
0.0,3457
0.0,3458
0.0,3459
0.0,3460
0.0,3461
0.0,3462
0.0,3463
90.43281872010849,3464
0.0,3465
0.0,3466
0.0,3467
0.0,3468
0.0,3469
0.0,3470
0.0,3471
0.0,3472
0.0,3473
0.0,3474
0.0,3475
0.0,3476
0.0,3477
0.0,3478
0.0,3479
0.0,3480
0.0,3481
0.0,3482
0.0,3483
0.0,3484
0.0,3485
0.0,3486
0.0,3487
0.0,3488
676.9857760348333,3489
0.0,3490
678.9291422953454,3491
0.0,3492
0.0,3493
0.0,3494
0.0,3495
0.0,3496
0.0,3497
0.0,3498
0.0,3499
0.0,3500
0.0,3501
0.0,3502
0.0,3503
0.0,3504
0.0,3505
0.0,3506
0.0,3507
0.0,3508
0.0,3509
0.0,3510
0.0,3511
0.0,3512
0.0,3513
0.0,3514
0.0,3515
816.4822735102374,3516
0.0,3517
0.0,3518
149.52801287512162,3519
0.0,3520
0.0,3521
0.0,3522
0.0,3523
0.0,3524
151.31157613955705,3525
599.1397446026474,3526
153.87411525552244,3527
0.0,3528
0.0,3529
0.0,3530
0.0,3531
0.0,3532
0.0,3533
0.0,3534
0.0,3535
155.65943490752696,3536
0.0,3537
0.0,3538
0.0,3539
0.0,3540
0.0,3541
0.0,3542
0.0,3543
0.0,3544
0.0,3545
0.0,3546
0.0,3547
0.0,3548
0.0,3549
1126.0855943897284,3550
0.0,3551
0.0,3552
0.0,3553
0.0,3554
0.0,3555
0.0,3556
0.0,3557
0.0,3558
0.0,3559
0.0,3560
0.0,3561
0.0,3562
0.0,3563
0.0,3564
0.0,3565
0.0,3566
0.0,3567
0.0,3568
0.0,3569
0.0,3570
0.0,3571
0.0,3572
0.0,3573
0.0,3574
0.0,3575
0.0,3576
0.0,3577
0.0,3578
0.0,3579
0.0,3580
0.0,3581
1569.7754341634018,3582
0.0,3583
0.0,3584
0.0,3585
0.0,3586
0.0,3587
0.0,3588
0.0,3589
0.0,3590
0.0,3591
0.0,3592
0.0,3593
0.0,3594
2650.3385501707585,3595
0.0,3596
2183.894669220478,3597
0.0,3598
0.0,3599
0.0,3600
0.0,3601
0.0,3602
0.0,3603
0.0,3604
0.0,3605
1091.760078573424,3606
0.0,3607
0.0,3608
0.0,3609
0.0,3610
0.0,3611
0.0,3612
1701.1423578028327,3613
0.0,3614
0.0,3615
2740.5091393369175,3616
0.0,3617
3510.603685527009,3618
0.0,3619
0.0,3620
1834.8104622570238,3621
0.0,3622
0.0,3623
0.0,3624
0.0,3625
0.0,3626
0.0,3627
4204.258634222736,3628
0.0,3629
0.0,3630
0.0,3631
0.0,3632
0.0,3633
0.0,3634
0.0,3635
0.0,3636
0.0,3637
0.0,3638
0.0,3639
0.0,3640
0.0,3641
0.0,3642
0.0,3643
0.0,3644
0.0,3645
0.0,3646
0.0,3647
0.0,3648
0.0,3649
0.0,3650
0.0,3651
0.0,3652
0.0,3653
0.0,3654
0.0,3655
0.0,3656
0.0,3657
0.0,3658
0.0,3659
0.0,3660
296.88475915363694,3661
0.0,3662
0.0,3663
0.0,3664
0.0,3665
0.0,3666
0.0,3667
0.0,3668
0.0,3669
0.0,3670
0.0,3671
0.0,3672
0.0,3673
0.0,3674
0.0,3675
0.0,3676
0.0,3677
0.0,3678
0.0,3679
0.0,3680
0.0,3681
0.0,3682
0.0,3683
0.0,3684
0.0,3685
0.0,3686
0.0,3687
0.0,3688
0.0,3689
0.0,3690
0.0,3691
0.0,3692
0.0,3693
241.91449300208365,3694
0.0,3695
0.0,3696
0.0,3697
0.0,3698
0.0,3699
0.0,3700
0.0,3701
3471.9641468677924,3702
0.0,3703
0.0,3704
0.0,3705
0.0,3706
0.0,3707
0.0,3708
446.53628657603315,3709
0.0,3710
0.0,3711
0.0,3712
1776.113656571567,3713
1777.2229761273559,3714
0.0,3715
532.7469246880901,3716
0.0,3717
25.350196716306538,3718
0.0,3719
0.0,3720
536.7811037276057,3721
1061.357679566159,3722
0.0,3723
1944.842205796399,3724
0.0,3725
0.0,3726
0.0,3727
0.0,3728
0.0,3729
0.0,3730
0.0,3731
0.0,3732
0.0,3733
0.0,3734
0.0,3735
0.0,3736
0.0,3737
287.4218176002206,3738
0.0,3739
0.0,3740
0.0,3741
0.0,3742
0.0,3743
0.0,3744
292.8456344726166,3745
0.0,3746
298.2930460038972,3747
0.0,3748
489.280241212343,3749
0.0,3750
0.0,3751
0.0,3752
0.0,3753
0.0,3754
0.0,3755
0.0,3756
0.0,3757
0.0,3758
0.0,3759
0.0,3760
0.0,3761
0.0,3762
0.0,3763
0.0,3764
0.0,3765
0.0,3766
0.0,3767
0.0,3768
0.0,3769
0.0,3770
0.0,3771
0.0,3772
614.6086270256894,3773
0.0,3774
0.0,3775
0.0,3776
0.0,3777
287.66291317992483,3778
0.0,3779
0.0,3780
0.0,3781
0.0,3782
0.0,3783
0.0,3784
0.0,3785
0.0,3786
0.0,3787
0.0,3788
0.0,3789
0.0,3790
0.0,3791
0.0,3792
0.0,3793
289.33511312545016,3794
0.0,3795
0.0,3796
0.0,3797
0.0,3798
0.0,3799
0.0,3800
0.0,3801
0.0,3802
0.0,3803
0.0,3804
704.1291926416276,3805
0.0,3806
0.0,3807
0.0,3808
0.0,3809
0.0,3810
0.0,3811
0.0,3812
0.0,3813
0.0,3814
0.0,3815
0.0,3816
0.0,3817
0.0,3818
0.0,3819
0.0,3820
0.0,3821
0.0,3822
0.0,3823
0.0,3824
0.0,3825
0.0,3826
0.0,3827
0.0,3828
0.0,3829
0.0,3830
0.0,3831
145.51166436331454,3832
0.0,3833
0.0,3834
0.0,3835
0.0,3836
0.0,3837
0.0,3838
0.0,3839
0.0,3840
0.0,3841
0.0,3842
0.0,3843
0.0,3844
0.0,3845
0.0,3846
0.0,3847
0.0,3848
0.0,3849
0.0,3850
0.0,3851
0.0,3852
0.0,3853
0.0,3854
698.1523974382354,3855
0.0,3856
0.0,3857
0.0,3858
0.0,3859
0.0,3860
0.0,3861
0.0,3862
0.0,3863
0.0,3864
0.0,3865
0.0,3866
0.0,3867
0.0,3868
0.0,3869
0.0,3870
0.0,3871
0.0,3872
0.0,3873
0.0,3874
0.0,3875
0.0,3876
0.0,3877
0.0,3878
0.0,3879
0.0,3880
0.0,3881
434.1069638025982,3882
0.0,3883
0.0,3884
0.0,3885
0.0,3886
0.0,3887
0.0,3888
0.0,3889
0.0,3890
0.0,3891
0.0,3892
0.0,3893
0.0,3894
0.0,3895
0.0,3896
0.0,3897
0.0,3898
393.43622315779163,3899
0.0,3900
0.0,3901
0.0,3902
0.0,3903
0.0,3904
0.0,3905
0.0,3906
0.0,3907
0.0,3908
0.0,3909
0.0,3910
0.0,3911
0.0,3912
0.0,3913
0.0,3914
0.0,3915
0.0,3916
0.0,3917
0.0,3918
0.0,3919
0.0,3920
0.0,3921
0.0,3922
0.0,3923
0.0,3924
0.0,3925
0.0,3926
0.0,3927
0.0,3928
0.0,3929
0.0,3930
0.0,3931
0.0,3932
550.6970387058815,3933
0.0,3934
0.0,3935
0.0,3936
823.0952636391595,3937
0.0,3938
1414.3955818384452,3939
0.0,3940
0.0,3941
0.0,3942
0.0,3943
0.0,3944
0.0,3945
0.0,3946
0.0,3947
0.0,3948
0.0,3949
0.0,3950
0.0,3951
0.0,3952
0.0,3953
0.0,3954
0.0,3955
0.0,3956
0.0,3957
0.0,3958
376.551330021466,3959
0.0,3960
0.0,3961
0.0,3962
0.0,3963
0.0,3964
0.0,3965
0.0,3966
0.0,3967
0.0,3968
0.0,3969
0.0,3970
0.0,3971
0.0,3972
0.0,3973
0.0,3974
0.0,3975
0.0,3976
0.0,3977
0.0,3978
0.0,3979
0.0,3980
0.0,3981
0.0,3982
0.0,3983
0.0,3984
0.0,3985
0.0,3986
0.0,3987
0.0,3988
0.0,3989
0.0,3990
0.0,3991
0.0,3992
0.0,3993
0.0,3994
0.0,3995
0.0,3996
0.0,3997
0.0,3998
0.0,3999
0.0,4000
0.0,4001
0.0,4002
0.0,4003
0.0,4004
0.0,4005
0.0,4006
0.0,4007
0.0,4008
0.0,4009
0.0,4010
0.0,4011
0.0,4012
0.0,4013
0.0,4014
0.0,4015
0.0,4016
0.0,4017
0.0,4018
0.0,4019
0.0,4020
0.0,4021
0.0,4022
0.0,4023
0.0,4024
0.0,4025
0.0,4026
495.47690709947847,4027
496.8846633097443,4028
0.0,4029
0.0,4030
0.0,4031
0.0,4032
0.0,4033
0.0,4034
359.9830607684411,4035
0.0,4036
1421.6078606186327,4037
0.0,4038
0.0,4039
528.0467062739153,4040
0.0,4041
0.0,4042
0.0,4043
0.0,4044
0.0,4045
0.0,4046
0.0,4047
0.0,4048
0.0,4049
0.0,4050
0.0,4051
0.0,4052
0.0,4053
0.0,4054
0.0,4055
0.0,4056
3160.4716268354346,4057
3163.207448418783,4058
539.4156363127424,4059
360.65127813690344,4060
0.0,4061
363.82937028440637,4062
2002.527951747467,4063
368.5967529022769,4064
0.0,4065
318.3350876382807,4066
0.0,4067
202.7519566606075,4068
0.0,4069
0.0,4070
0.0,4071
0.0,4072
0.0,4073
0.0,4074
0.0,4075
0.0,4076
0.0,4077
0.0,4078
0.0,4079
0.0,4080
0.0,4081
0.0,4082
0.0,4083
0.0,4084
0.0,4085
0.0,4086
0.0,4087
0.0,4088
0.0,4089
0.0,4090
0.0,4091
0.0,4092
0.0,4093
0.0,4094
0.0,4095
0.0,4096
0.0,4097
0.0,4098
0.0,4099
0.0,4100
0.0,4101
0.0,4102
0.0,4103
0.0,4104
0.0,4105
0.0,4106
0.0,4107
0.0,4108
559.0832171691887,4109
0.0,4110
0.0,4111
0.0,4112
0.0,4113
143.01567332906848,4114
1221.6597723356906,4115
423.13794789079344,4116
0.0,4117
0.0,4118
0.0,4119
0.0,4120
0.0,4121
0.0,4122
0.0,4123
0.0,4124
0.0,4125
0.0,4126
0.0,4127
0.0,4128
0.0,4129
0.0,4130
0.0,4131
0.0,4132
0.0,4133
0.0,4134
0.0,4135
0.0,4136
0.0,4137
0.0,4138
0.0,4139
0.0,4140
0.0,4141
0.0,4142
0.0,4143
0.0,4144
0.0,4145
0.0,4146
0.0,4147
0.0,4148
0.0,4149
0.0,4150
0.0,4151
0.0,4152
0.0,4153
0.0,4154
0.0,4155
0.0,4156
0.0,4157
0.0,4158
283.51683147698884,4159
0.0,4160
0.0,4161
0.0,4162
0.0,4163
0.0,4164
0.0,4165
0.0,4166
0.0,4167
0.0,4168
0.0,4169
0.0,4170
0.0,4171
0.0,4172
0.0,4173
0.0,4174
0.0,4175
0.0,4176
0.0,4177
0.0,4178
1152.333896986238,4179
0.0,4180
0.0,4181
0.0,4182
0.0,4183
0.0,4184
0.0,4185
0.0,4186
0.0,4187
0.0,4188
0.0,4189
0.0,4190
0.0,4191
0.0,4192
0.0,4193
0.0,4194
0.0,4195
0.0,4196
0.0,4197
0.0,4198
0.0,4199
0.0,4200
0.0,4201
0.0,4202
0.0,4203
0.0,4204
0.0,4205
0.0,4206
0.0,4207
0.0,4208
0.0,4209
0.0,4210
0.0,4211
0.0,4212
0.0,4213
0.0,4214
0.0,4215
0.0,4216
0.0,4217
0.0,4218
0.0,4219
0.0,4220
0.0,4221
0.0,4222
0.0,4223
0.0,4224
0.0,4225
0.0,4226
296.6828584620943,4227
0.0,4228
0.0,4229
0.0,4230
0.0,4231
0.0,4232
0.0,4233
0.0,4234
0.0,4235
0.0,4236
0.0,4237
0.0,4238
0.0,4239
340.54022256966556,4240
462.0056614831308,4241
0.0,4242
0.0,4243
0.0,4244
0.0,4245
0.0,4246
0.0,4247
0.0,4248
0.0,4249
0.0,4250
0.0,4251
0.0,4252
0.0,4253
0.0,4254
0.0,4255
0.0,4256
0.0,4257
0.0,4258
0.0,4259
0.0,4260
0.0,4261
0.0,4262
0.0,4263
0.0,4264
0.0,4265
0.0,4266
0.0,4267
0.0,4268
0.0,4269
0.0,4270
0.0,4271
0.0,4272
0.0,4273
0.0,4274
0.0,4275
0.0,4276
0.0,4277
0.0,4278
0.0,4279
0.0,4280
0.0,4281
0.0,4282
0.0,4283
0.0,4284
1921.1754409495,4285
0.0,4286
0.0,4287
0.0,4288
0.0,4289
0.0,4290
0.0,4291
0.0,4292
0.0,4293
0.0,4294
0.0,4295
0.0,4296
0.0,4297
0.0,4298
0.0,4299
0.0,4300
0.0,4301
0.0,4302
0.0,4303
0.0,4304
0.0,4305
0.0,4306
0.0,4307
0.0,4308
0.0,4309
0.0,4310
0.0,4311
0.0,4312
0.0,4313
0.0,4314
0.0,4315
0.0,4316
0.0,4317
0.0,4318
0.0,4319
0.0,4320
0.0,4321
0.0,4322
0.0,4323
0.0,4324
0.0,4325
0.0,4326
0.0,4327
0.0,4328
0.0,4329
0.0,4330
0.0,4331
0.0,4332
0.0,4333
0.0,4334
0.0,4335
0.0,4336
0.0,4337
0.0,4338
0.0,4339
0.0,4340
0.0,4341
0.0,4342
0.0,4343
0.0,4344
1682.848809436364,4345
0.0,4346
0.0,4347
0.0,4348
0.0,4349
0.0,4350
0.0,4351
0.0,4352
0.0,4353
0.0,4354
0.0,4355
0.0,4356
0.0,4357
0.0,4358
0.0,4359
0.0,4360
0.0,4361
0.0,4362
0.0,4363
0.0,4364
0.0,4365
0.0,4366
0.0,4367
0.0,4368
0.0,4369
0.0,4370
0.0,4371
0.0,4372
0.0,4373
0.0,4374
744.9087303177945,4375
0.0,4376
0.0,4377
0.0,4378
0.0,4379
0.0,4380
0.0,4381
0.0,4382
0.0,4383
0.0,4384
0.0,4385
0.0,4386
4127.994233319321,4387
0.0,4388
0.0,4389
0.0,4390
4714.906061007169,4391
0.0,4392
0.0,4393
0.0,4394
0.0,4395
0.0,4396
0.0,4397
0.0,4398
0.0,4399
0.0,4400
0.0,4401
0.0,4402
4452.912794068795,4403
0.0,4404
0.0,4405
0.0,4406
0.0,4407
0.0,4408
0.0,4409
4099.869161630514,4410
0.0,4411
0.0,4412
0.0,4413
0.0,4414
0.0,4415
0.0,4416
0.0,4417
0.0,4418
0.0,4419
0.0,4420
0.0,4421
0.0,4422
0.0,4423
3651.641286360032,4424
2793.6401872460087,4425
3652.969010945369,4426
0.0,4427
3266.301492498042,4428
0.0,4429
0.0,4430
0.0,4431
3653.191635221295,4432
0.0,4433
0.0,4434
57.3135406285036,4435
0.0,4436
2168.973806209059,4437
0.0,4438
0.0,4439
0.0,4440
0.0,4441
0.0,4442
0.0,4443
0.0,4444
0.0,4445
0.0,4446
0.0,4447
0.0,4448
0.0,4449
0.0,4450
0.0,4451
0.0,4452
0.0,4453
0.0,4454
0.0,4455
0.0,4456
0.0,4457
0.0,4458
0.0,4459
0.0,4460
0.0,4461
0.0,4462
0.0,4463
60.87151997971804,4464
0.0,4465
0.0,4466
0.0,4467
0.0,4468
0.0,4469
0.0,4470
0.0,4471
0.0,4472
0.0,4473
0.0,4474
0.0,4475
0.0,4476
0.0,4477
0.0,4478
0.0,4479
0.0,4480
0.0,4481
0.0,4482
0.0,4483
0.0,4484
0.0,4485
0.0,4486
0.0,4487
0.0,4488
0.0,4489
0.0,4490
0.0,4491
0.0,4492
0.0,4493
0.0,4494
0.0,4495
0.0,4496
0.0,4497
0.0,4498
0.0,4499
0.0,4500
0.0,4501
0.0,4502
0.0,4503
0.0,4504
0.0,4505
0.0,4506
0.0,4507
0.0,4508
0.0,4509
0.0,4510
0.0,4511
0.0,4512
0.0,4513
0.0,4514
0.0,4515
0.0,4516
0.0,4517
0.0,4518
0.0,4519
0.0,4520
0.0,4521
0.0,4522
0.0,4523
0.0,4524
0.0,4525
0.0,4526
0.0,4527
0.0,4528
0.0,4529
328.02916796112714,4530
43.9600347749025,4531
0.0,4532
0.0,4533
0.0,4534
0.0,4535
0.0,4536
0.0,4537
0.0,4538
0.0,4539
0.0,4540
0.0,4541
0.0,4542
0.0,4543
0.0,4544
0.0,4545
0.0,4546
0.0,4547
0.0,4548
0.0,4549
0.0,4550
0.0,4551
0.0,4552
0.0,4553
0.0,4554
0.0,4555
0.0,4556
0.0,4557
0.0,4558
0.0,4559
0.0,4560
0.0,4561
0.0,4562
0.0,4563
0.0,4564
0.0,4565
0.0,4566
0.0,4567
0.0,4568
0.0,4569
0.0,4570
0.0,4571
0.0,4572
0.0,4573
0.0,4574
0.0,4575
0.0,4576
0.0,4577
0.0,4578
0.0,4579
0.0,4580
0.0,4581
0.0,4582
0.0,4583
0.0,4584
0.0,4585
1376.6002565399037,4586
0.0,4587
0.0,4588
0.0,4589
638.8669838725156,4590
0.0,4591
3778.8082265120865,4592
0.0,4593
0.0,4594
791.7039654837826,4595
0.0,4596
0.0,4597
0.0,4598
0.0,4599
0.0,4600
0.0,4601
0.0,4602
0.0,4603
0.0,4604
0.0,4605
0.0,4606
0.0,4607
0.0,4608
0.0,4609
0.0,4610
0.0,4611
0.0,4612
0.0,4613
0.0,4614
0.0,4615
0.0,4616
0.0,4617
0.0,4618
0.0,4619
0.0,4620
0.0,4621
0.0,4622
0.0,4623
0.0,4624
0.0,4625
0.0,4626
0.0,4627
0.0,4628
0.0,4629
0.0,4630
0.0,4631
0.0,4632
0.0,4633
0.0,4634
564.971716134294,4635
0.0,4636
0.0,4637
0.0,4638
0.0,4639
0.0,4640
0.0,4641
0.0,4642
0.0,4643
0.0,4644
0.0,4645
0.0,4646
0.0,4647
0.0,4648
0.0,4649
0.0,4650
0.0,4651
0.0,4652
0.0,4653
0.0,4654
0.0,4655
0.0,4656
0.0,4657
0.0,4658
0.0,4659
0.0,4660
0.0,4661
0.0,4662
0.0,4663
0.0,4664
0.0,4665
0.0,4666
0.0,4667
0.0,4668
0.0,4669
0.0,4670
0.0,4671
0.0,4672
0.0,4673
0.0,4674
0.0,4675
0.0,4676
0.0,4677
0.0,4678
0.0,4679
0.0,4680
0.0,4681
0.0,4682
0.0,4683
0.0,4684
0.0,4685
0.0,4686
0.0,4687
0.0,4688
0.0,4689
0.0,4690
0.0,4691
0.0,4692
0.0,4693
0.0,4694
0.0,4695
0.0,4696
0.0,4697
0.0,4698
0.0,4699
0.0,4700
0.0,4701
0.0,4702
0.0,4703
0.0,4704
0.0,4705
0.0,4706
0.0,4707
0.0,4708
0.0,4709
0.0,4710
0.0,4711
0.0,4712
1128.5142629122274,4713
0.0,4714
0.0,4715
0.0,4716
0.0,4717
0.0,4718
0.0,4719
0.0,4720
0.0,4721
0.0,4722
0.0,4723
0.0,4724
0.0,4725
0.0,4726
0.0,4727
0.0,4728
0.0,4729
0.0,4730
0.0,4731
0.0,4732
0.0,4733
0.0,4734
0.0,4735
0.0,4736
470.72090523063815,4737
0.0,4738
0.0,4739
0.0,4740
0.0,4741
0.0,4742
0.0,4743
0.0,4744
0.0,4745
0.0,4746
0.0,4747
0.0,4748
0.0,4749
0.0,4750
0.0,4751
0.0,4752
0.0,4753
0.0,4754
0.0,4755
0.0,4756
0.0,4757
0.0,4758
0.0,4759
0.0,4760
0.0,4761
0.0,4762
0.0,4763
0.0,4764
0.0,4765
0.0,4766
0.0,4767
0.0,4768
0.0,4769
0.0,4770
0.0,4771
0.0,4772
0.0,4773
0.0,4774
5258.91770718605,4775
0.0,4776
0.0,4777
0.0,4778
0.0,4779
0.0,4780
0.0,4781
0.0,4782
0.0,4783
0.0,4784
0.0,4785
0.0,4786
0.0,4787
0.0,4788
0.0,4789
0.0,4790
0.0,4791
0.0,4792
0.0,4793
0.0,4794
0.0,4795
0.0,4796
0.0,4797
0.0,4798
0.0,4799
0.0,4800
0.0,4801
245.5604339782606,4802
0.0,4803
0.0,4804
0.0,4805
0.0,4806
0.0,4807
0.0,4808
0.0,4809
0.0,4810
0.0,4811
0.0,4812
0.0,4813
0.0,4814
0.0,4815
0.0,4816
0.0,4817
0.0,4818
0.0,4819
0.0,4820
0.0,4821
0.0,4822
0.0,4823
0.0,4824
0.0,4825
0.0,4826
0.0,4827
0.0,4828
0.0,4829
0.0,4830
0.0,4831
0.0,4832
0.0,4833
0.0,4834
0.0,4835
0.0,4836
0.0,4837
0.0,4838
0.0,4839
0.0,4840
0.0,4841
0.0,4842
0.0,4843
0.0,4844
0.0,4845
0.0,4846
0.0,4847
0.0,4848
0.0,4849
0.0,4850
0.0,4851
0.0,4852
0.0,4853
0.0,4854
0.0,4855
0.0,4856
0.0,4857
0.0,4858
0.0,4859
0.0,4860
0.0,4861
0.0,4862
0.0,4863
0.0,4864
0.0,4865
0.0,4866
0.0,4867
0.0,4868
0.0,4869
0.0,4870
0.0,4871
0.0,4872
0.0,4873
0.0,4874
0.0,4875
0.0,4876
0.0,4877
0.0,4878
0.0,4879
0.0,4880
0.0,4881
0.0,4882
0.0,4883
0.0,4884
0.0,4885
0.0,4886
0.0,4887
0.0,4888
0.0,4889
0.0,4890
0.0,4891
0.0,4892
0.0,4893
0.0,4894
0.0,4895
0.0,4896
0.0,4897
0.0,4898
0.0,4899
0.0,4900
0.0,4901
0.0,4902
0.0,4903
0.0,4904
0.0,4905
0.0,4906
0.0,4907
0.0,4908
0.0,4909
0.0,4910
0.0,4911
0.0,4912
0.0,4913
0.0,4914
0.0,4915
0.0,4916
0.0,4917
0.0,4918
0.0,4919
0.0,4920
0.0,4921
0.0,4922
0.0,4923
0.0,4924
0.0,4925
0.0,4926
0.0,4927
0.0,4928
0.0,4929
0.0,4930
0.0,4931
0.0,4932
0.0,4933
0.0,4934
0.0,4935
0.0,4936
0.0,4937
0.0,4938
0.0,4939
0.0,4940
0.0,4941
0.0,4942
0.0,4943
0.0,4944
0.0,4945
0.0,4946
0.0,4947
0.0,4948
0.0,4949
0.0,4950
0.0,4951
0.0,4952
0.0,4953
0.0,4954
0.0,4955
0.0,4956
0.0,4957
0.0,4958
0.0,4959
0.0,4960
0.0,4961
0.0,4962
0.0,4963
0.0,4964
0.0,4965
0.0,4966
0.0,4967
0.0,4968
0.0,4969
0.0,4970
0.0,4971
0.0,4972
0.0,4973
0.0,4974
0.0,4975
0.0,4976
0.0,4977
0.0,4978
0.0,4979
0.0,4980
0.0,4981
0.0,4982
0.0,4983
0.0,4984
0.0,4985
0.0,4986
0.0,4987
0.0,4988
0.0,4989
0.0,4990
0.0,4991
0.0,4992
0.0,4993
0.0,4994
0.0,4995
0.0,4996
0.0,4997
0.0,4998
0.0,4999
0.0,5000
0.0,5001
0.0,5002
0.0,5003
0.0,5004
0.0,5005
0.0,5006
0.0,5007
0.0,5008
0.0,5009
0.0,5010
0.0,5011
0.0,5012
0.0,5013
0.0,5014
0.0,5015
0.0,5016
0.0,5017
0.0,5018
0.0,5019
0.0,5020
0.0,5021
0.0,5022
0.0,5023
0.0,5024
0.0,5025
0.0,5026
0.0,5027
0.0,5028
1519.5821315973103,5029
0.0,5030
1205.3183518519552,5031
2386.4159406159793,5032
991.8326249262221,5033
0.0,5034
0.0,5035
1361.6990076459967,5036
2343.2185333950015,5037
0.0,5038
83.12249659518609,5039
0.0,5040
0.0,5041
0.0,5042
0.0,5043
0.0,5044
0.0,5045
0.0,5046
0.0,5047
0.0,5048
0.0,5049
0.0,5050
28.22749946623773,5051
0.0,5052
1025.142863134433,5053
0.0,5054
161.360271479501,5055
778.6867180406198,5056
0.0,5057
2022.5572819104736,5058
2174.136289112837,5059
3157.028099127456,5060
1262.7350388720517,5061
0.0,5062
1866.808634244176,5063
0.0,5064
0.0,5065
2425.8795926645626,5066
0.0,5067
0.0,5068
2257.897658640788,5069
0.0,5070
0.0,5071
2979.815385886803,5072
1906.5984904460806,5073
4643.13096535378,5074
0.0,5075
3746.142744697243,5076
0.0,5077
4952.972350258362,5078
2523.3711010011793,5079
898.4281955406647,5080
899.3986184675304,5081
559.2659255372661,5082
0.0,5083
0.0,5084
0.0,5085
0.0,5086
1075.1356761104973,5087
186.3058570726232,5088
561.7527413122478,5089
3481.6399825273584,5090
957.0166165458107,5091
0.0,5092
0.0,5093
2644.2420431980236,5094
2645.012457247838,5095
0.0,5096
0.0,5097
0.0,5098
1542.1005916877486,5099
1563.422232340568,5100
0.0,5101
1631.7047053714366,5102
1541.856639444609,5103
0.0,5104
0.0,5105
907.8294545074731,5106
0.0,5107
0.0,5108
0.0,5109
1818.2086172532977,5110
0.0,5111
0.0,5112
525.1249012398547,5113
0.0,5114
0.0,5115
0.0,5116
0.0,5117
0.0,5118
0.0,5119
0.0,5120
0.0,5121
0.0,5122
0.0,5123
0.0,5124
0.0,5125
0.0,5126
0.0,5127
0.0,5128
0.0,5129
0.0,5130
0.0,5131
0.0,5132
0.0,5133
0.0,5134
395.21513630624946,5135
0.0,5136
0.0,5137
357.94134966798117,5138
0.0,5139
0.0,5140
0.0,5141
0.0,5142
0.0,5143
0.0,5144
0.0,5145
0.0,5146
442.70081103934274,5147
0.0,5148
0.0,5149
0.0,5150
0.0,5151
0.0,5152
0.0,5153
0.0,5154
0.0,5155
0.0,5156
0.0,5157
0.0,5158
133.34786200810473,5159
133.44091193318755,5160
0.0,5161
0.0,5162
371.4003442816655,5163
0.0,5164
1114.770091836408,5165
191.41070294147804,5166
0.0,5167
0.0,5168
0.0,5169
0.0,5170
625.1710214704237,5171
0.0,5172
0.0,5173
0.0,5174
0.0,5175
537.4960157319289,5176
0.0,5177
0.0,5178
0.0,5179
0.0,5180
831.1843859674347,5181
0.0,5182
0.0,5183
0.0,5184
0.0,5185
0.0,5186
0.0,5187
0.0,5188
0.0,5189
0.0,5190
0.0,5191
0.0,5192
0.0,5193
0.0,5194
0.0,5195
0.0,5196
0.0,5197
0.0,5198
0.0,5199
0.0,5200
0.0,5201
0.0,5202
0.0,5203
0.0,5204
0.0,5205
0.0,5206
0.0,5207
0.0,5208
0.0,5209
0.0,5210
0.0,5211
0.0,5212
0.0,5213
0.0,5214
0.0,5215
0.0,5216
0.0,5217
0.0,5218
0.0,5219
0.0,5220
0.0,5221
0.0,5222
0.0,5223
0.0,5224
0.0,5225
0.0,5226
0.0,5227
0.0,5228
0.0,5229
0.0,5230
0.0,5231
0.0,5232
0.0,5233
0.0,5234
0.0,5235
0.0,5236
0.0,5237
0.0,5238
0.0,5239
0.0,5240
0.0,5241
0.0,5242
0.0,5243
0.0,5244
0.0,5245
0.0,5246
0.0,5247
0.0,5248
0.0,5249
0.0,5250
1993.7844944964097,5251
0.0,5252
0.0,5253
0.0,5254
0.0,5255
0.0,5256
0.0,5257
0.0,5258
0.0,5259
0.0,5260
0.0,5261
0.0,5262
0.0,5263
186.90566671203567,5264
2419.734914826376,5265
0.0,5266
0.0,5267
0.0,5268
0.0,5269
0.0,5270
0.0,5271
0.0,5272
0.0,5273
0.0,5274
0.0,5275
0.0,5276
0.0,5277
0.0,5278
2345.5432397332797,5279
0.0,5280
0.0,5281
0.0,5282
2348.11459055295,5283
0.0,5284
0.0,5285
713.4840071680395,5286
0.0,5287
0.0,5288
0.0,5289
1407.5722853555772,5290
1408.3423803921562,5291
788.8409795226927,5292
0.0,5293
468.64509408831844,5294
0.0,5295
0.0,5296
0.0,5297
0.0,5298
0.0,5299
0.0,5300
281.5693863892166,5301
0.0,5302
0.0,5303
0.0,5304
0.0,5305
0.0,5306
0.0,5307
0.0,5308
0.0,5309
0.0,5310
0.0,5311
0.0,5312
0.0,5313
0.0,5314
0.0,5315
0.0,5316
0.0,5317
0.0,5318
0.0,5319
0.0,5320
0.0,5321
0.0,5322
0.0,5323
0.0,5324
0.0,5325
54.731615562468974,5326
0.0,5327
0.0,5328
0.0,5329
265.50340514758284,5330
0.0,5331
0.0,5332
0.0,5333
0.0,5334
0.0,5335
0.0,5336
0.0,5337
0.0,5338
0.0,5339
0.0,5340
0.0,5341
0.0,5342
0.0,5343
0.0,5344
0.0,5345
0.0,5346
0.0,5347
0.0,5348
0.0,5349
0.0,5350
0.0,5351
0.0,5352
396.6912563055094,5353
929.0651199634477,5354
0.0,5355
0.0,5356
0.0,5357
0.0,5358
0.0,5359
928.1148147284463,5360
0.0,5361
927.2002410449612,5362
0.0,5363
0.0,5364
0.0,5365
0.0,5366
0.0,5367
192.2436448288049,5368
0.0,5369
0.0,5370
0.0,5371
0.0,5372
183.28787397895604,5373
0.0,5374
0.0,5375
0.0,5376
10.335340574262291,5377
809.4203758766074,5378
0.0,5379
1229.6310000987014,5380
0.0,5381
0.0,5382
0.0,5383
0.0,5384
0.0,5385
0.0,5386
0.0,5387
0.0,5388
0.0,5389
0.0,5390
0.0,5391
0.0,5392
0.0,5393
0.0,5394
0.0,5395
0.0,5396
0.0,5397
0.0,5398
0.0,5399
0.0,5400
0.0,5401
0.0,5402
0.0,5403
0.0,5404
0.0,5405
0.0,5406
0.0,5407
0.0,5408
0.0,5409
0.0,5410
0.0,5411
256.8666885613762,5412
0.0,5413
0.0,5414
0.0,5415
0.0,5416
0.0,5417
257.47157183878187,5418
19.4729198745182,5419
0.0,5420
0.0,5421
0.0,5422
0.0,5423
0.0,5424
24.140406116799483,5425
0.0,5426
0.0,5427
183.81857468846076,5428
0.0,5429
0.0,5430
0.0,5431
0.0,5432
0.0,5433
0.0,5434
0.0,5435
0.0,5436
0.0,5437
0.0,5438
825.7394465146442,5439
0.0,5440
825.9663755696118,5441
826.1719826476517,5442
241.04653070036264,5443
0.0,5444
0.0,5445
0.0,5446
0.0,5447
0.0,5448
0.0,5449
1211.8278017581863,5450
0.0,5451
251.4347499802304,5452
817.7611661486129,5453
1760.2926071519398,5454
0.0,5455
0.0,5456
0.0,5457
0.0,5458
0.0,5459
0.0,5460
3393.0667798078375,5461
0.0,5462
0.0,5463
0.0,5464
0.0,5465
0.0,5466
0.0,5467
0.0,5468
0.0,5469
0.0,5470
0.0,5471
0.0,5472
0.0,5473
0.0,5474
226.58447318410953,5475
0.0,5476
0.0,5477
0.0,5478
0.0,5479
0.0,5480
0.0,5481
0.0,5482
1413.8206175526784,5483
0.0,5484
0.0,5485
0.0,5486
0.0,5487
0.0,5488
0.0,5489
0.0,5490
0.0,5491
0.0,5492
0.0,5493
0.0,5494
0.0,5495
0.0,5496
0.0,5497
0.0,5498
0.0,5499
0.0,5500
0.0,5501
0.0,5502
0.0,5503
0.0,5504
0.0,5505
0.0,5506
0.0,5507
692.0850471558153,5508
0.0,5509
0.0,5510
0.0,5511
0.0,5512
0.0,5513
0.0,5514
1051.3045656329837,5515
0.0,5516
0.0,5517
5.412733655617402,5518
663.2848334571332,5519
0.0,5520
0.0,5521
665.2435958813769,5522
2506.540600061996,5523
0.0,5524
0.0,5525
0.0,5526
0.0,5527
324.66087240973644,5528
58.951979155662244,5529
0.0,5530
0.0,5531
0.0,5532
0.0,5533
254.38519008334086,5534
0.0,5535
0.0,5536
0.0,5537
0.0,5538
0.0,5539
0.0,5540
0.0,5541
0.0,5542
0.0,5543
0.0,5544
0.0,5545
0.0,5546
0.0,5547
0.0,5548
0.0,5549
0.0,5550
0.0,5551
0.0,5552
0.0,5553
0.0,5554
0.0,5555
101.73434515051873,5556
98.64430192490698,5557
0.0,5558
0.0,5559
0.0,5560
0.0,5561
0.0,5562
166.1451138241308,5563
0.0,5564
0.0,5565
0.0,5566
0.0,5567
646.7031028824399,5568
0.0,5569
95.9813606881139,5570
0.0,5571
1671.7479703828865,5572
193.6674796637295,5573
0.0,5574
0.0,5575
0.0,5576
0.0,5577
0.0,5578
0.0,5579
0.0,5580
0.0,5581
0.0,5582
0.0,5583
0.0,5584
0.0,5585
0.0,5586
0.0,5587
0.0,5588
0.0,5589
0.0,5590
0.0,5591
0.0,5592
0.0,5593
0.0,5594
156.69919716107285,5595
0.0,5596
0.0,5597
0.0,5598
0.0,5599
0.0,5600
0.0,5601
0.0,5602
0.0,5603
0.0,5604
0.0,5605
0.0,5606
0.0,5607
0.0,5608
0.0,5609
0.0,5610
0.0,5611
0.0,5612
0.0,5613
0.0,5614
0.0,5615
0.0,5616
0.0,5617
0.0,5618
0.0,5619
0.0,5620
0.0,5621
0.0,5622
0.0,5623
0.0,5624
0.0,5625
0.0,5626
0.0,5627
0.0,5628
0.0,5629
0.0,5630
0.0,5631
0.0,5632
0.0,5633
0.0,5634
0.0,5635
0.0,5636
0.0,5637
0.0,5638
0.0,5639
0.0,5640
0.0,5641
0.0,5642
0.0,5643
0.0,5644
0.0,5645
0.0,5646
0.0,5647
0.0,5648
0.0,5649
0.0,5650
0.0,5651
0.0,5652
0.0,5653
0.0,5654
0.0,5655
0.0,5656
0.0,5657
0.0,5658
0.0,5659
0.0,5660
0.0,5661
0.0,5662
0.0,5663
0.0,5664
0.0,5665
0.0,5666
0.0,5667
0.0,5668
8362.614620648681,5669
0.0,5670
0.0,5671
0.0,5672
0.0,5673
0.0,5674
0.0,5675
0.0,5676
0.0,5677
0.0,5678
0.0,5679
0.0,5680
0.0,5681
0.0,5682
0.0,5683
0.0,5684
0.0,5685
0.0,5686
0.0,5687
0.0,5688
0.0,5689
0.0,5690
0.0,5691
0.0,5692
0.0,5693
0.0,5694
0.0,5695
0.0,5696
0.0,5697
0.0,5698
0.0,5699
0.0,5700
0.0,5701
0.0,5702
0.0,5703
0.0,5704
0.0,5705
0.0,5706
0.0,5707
0.0,5708
0.0,5709
0.0,5710
0.0,5711
0.0,5712
0.0,5713
0.0,5714
0.0,5715
0.0,5716
0.0,5717
0.0,5718
0.0,5719
0.0,5720
0.0,5721
0.0,5722
0.0,5723
0.0,5724
0.0,5725
0.0,5726
0.0,5727
0.0,5728
0.0,5729
0.0,5730
0.0,5731
0.0,5732
0.0,5733
3278.324859744257,5734
0.0,5735
0.0,5736
0.0,5737
0.0,5738
0.0,5739
0.0,5740
0.0,5741
0.0,5742
0.0,5743
0.0,5744
0.0,5745
0.0,5746
0.0,5747
0.0,5748
0.0,5749
0.0,5750
862.3099364126467,5751
0.0,5752
0.0,5753
0.0,5754
0.0,5755
0.0,5756
977.4332943273348,5757
0.0,5758
0.0,5759
0.0,5760
0.0,5761
860.3500823357718,5762
0.0,5763
0.0,5764
0.0,5765
0.0,5766
0.0,5767
0.0,5768
0.0,5769
0.0,5770
0.0,5771
0.0,5772
0.0,5773
0.0,5774
0.0,5775
0.0,5776
0.0,5777
0.0,5778
0.0,5779
0.0,5780
0.0,5781
0.0,5782
0.0,5783
0.0,5784
0.0,5785
0.0,5786
858.8129032660855,5787
0.0,5788
0.0,5789
0.0,5790
0.0,5791
0.0,5792
0.0,5793
0.0,5794
0.0,5795
0.0,5796
0.0,5797
0.0,5798
0.0,5799
0.0,5800
0.0,5801
0.0,5802
0.0,5803
0.0,5804
998.390954002608,5805
995.5182005037019,5806
0.0,5807
0.0,5808
0.0,5809
0.0,5810
0.0,5811
992.593010729303,5812
0.0,5813
0.0,5814
0.0,5815
0.0,5816
0.0,5817
0.0,5818
989.63026988329,5819
0.0,5820
0.0,5821
0.0,5822
0.0,5823
0.0,5824
0.0,5825
0.0,5826
0.0,5827
0.0,5828
986.6467253582028,5829
0.0,5830
855.7135731018625,5831
0.0,5832
0.0,5833
0.0,5834
0.0,5835
0.0,5836
0.0,5837
0.0,5838
0.0,5839
0.0,5840
0.0,5841
0.0,5842
0.0,5843
0.0,5844
0.0,5845
0.0,5846
0.0,5847
0.0,5848
0.0,5849
0.0,5850
0.0,5851
0.0,5852
0.0,5853
0.0,5854
0.0,5855
0.0,5856
612.9386097681905,5857
992.1460966766007,5858
262.1567717825315,5859
261.59113147240345,5860
261.0206538568383,5861
260.45486394869533,5862
0.0,5863
259.9031643508414,5864
1018.4580382651287,5865
0.0,5866
1343.1604139957785,5867
259.76067577602925,5868
259.277945664251,5869
258.8238608450006,5870
258.3900180500705,5871
419.76218879490267,5872
2487.1334046232028,5873
0.0,5874
0.0,5875
257.82248007384305,5876
1342.7043475250944,5877
258.14684869447973,5878
257.76235091052075,5879
257.3599414953029,5880
0.0,5881
1342.9671912429772,5882
257.6388344642892,5883
257.18549331661444,5884
1369.332582990225,5885
0.0,5886
0.0,5887
2912.879576449786,5888
2866.396233565289,5889
2548.399757152068,5890
0.0,5891
0.0,5892
2072.874934807357,5893
313.84414300261795,5894
314.4539080179491,5895
315.00302809528654,5896
0.0,5897
315.505855933242,5898
0.0,5899
0.0,5900
0.0,5901
315.9754797451502,5902
0.0,5903
0.0,5904
301.6959694189483,5905
0.0,5906
1181.2943633594132,5907
317.30738789819424,5908
317.83624433049624,5909
318.33356428295235,5910
1182.438741070364,5911
0.0,5912
0.0,5913
0.0,5914
0.0,5915
0.0,5916
0.0,5917
318.98377511997336,5918
0.0,5919
0.0,5920
0.0,5921
6897.661858511025,5922
853.5464062764966,5923
0.0,5924
2786.5540440551245,5925
2865.8859126371,5926
0.0,5927
0.0,5928
0.0,5929
0.0,5930
0.0,5931
0.0,5932
0.0,5933
0.0,5934
0.0,5935
0.0,5936
0.0,5937
0.0,5938
0.0,5939
0.0,5940
0.0,5941
0.0,5942
0.0,5943
0.0,5944
6420.943677387918,5945
0.0,5946
0.0,5947
0.0,5948
0.0,5949
0.0,5950
0.0,5951
0.0,5952
0.0,5953
0.0,5954
2461.9135523839914,5955
0.0,5956
0.0,5957
0.0,5958
0.0,5959
0.0,5960
0.0,5961
438.97791186469595,5962
0.0,5963
0.0,5964
2371.234653489637,5965
785.5493948043846,5966
0.0,5967
0.0,5968
0.0,5969
0.0,5970
0.0,5971
0.0,5972
0.0,5973
91.7552168842945,5974
1228.416073833622,5975
4999.3057606353905,5976
0.0,5977
0.0,5978
0.0,5979
2370.6298889322097,5980
846.8079696727565,5981
0.0,5982
0.0,5983
0.0,5984
2186.559269199022,5985
2192.1240662163473,5986
592.6029930611276,5987
592.4980796736264,5988
0.0,5989
0.0,5990
0.0,5991
0.0,5992
592.3719834641311,5993
0.0,5994
0.0,5995
0.0,5996
0.0,5997
592.2396214537027,5998
0.0,5999
0.0,6000
0.0,6001
0.0,6002
0.0,6003
0.0,6004
0.0,6005
0.0,6006
0.0,6007
0.0,6008
0.0,6009
0.0,6010
0.0,6011
0.0,6012
0.0,6013
0.0,6014
0.0,6015
0.0,6016
0.0,6017
0.0,6018
0.0,6019
0.0,6020
0.0,6021
0.0,6022
0.0,6023
0.0,6024
0.0,6025
0.0,6026
0.0,6027
0.0,6028
0.0,6029
0.0,6030
0.0,6031
0.0,6032
0.0,6033
0.0,6034
0.0,6035
0.0,6036
0.0,6037
0.0,6038
0.0,6039
0.0,6040
0.0,6041
0.0,6042
0.0,6043
0.0,6044
0.0,6045
0.0,6046
0.0,6047
0.0,6048
0.0,6049
0.0,6050
0.0,6051
0.0,6052
0.0,6053
0.0,6054
0.0,6055
0.0,6056
383.792711608227,6057
0.0,6058
0.0,6059
4563.223856855382,6060
0.0,6061
0.0,6062
0.0,6063
0.0,6064
0.0,6065
0.0,6066
3614.734544449232,6067
0.0,6068
0.0,6069
543.4356482285232,6070
0.0,6071
0.0,6072
0.0,6073
0.0,6074
0.0,6075
0.0,6076
0.0,6077
0.0,6078
0.0,6079
0.0,6080
0.0,6081
0.0,6082
0.0,6083
0.0,6084
0.0,6085
0.0,6086
0.0,6087
0.0,6088
0.0,6089
0.0,6090
0.0,6091
0.0,6092
0.0,6093
0.0,6094
0.0,6095
0.0,6096
0.0,6097
0.0,6098
0.0,6099
0.0,6100
1030.7750250239415,6101
0.0,6102
0.0,6103
0.0,6104
0.0,6105
0.0,6106
0.0,6107
0.0,6108
0.0,6109
0.0,6110
0.0,6111
0.0,6112
0.0,6113
0.0,6114
0.0,6115
0.0,6116
0.0,6117
0.0,6118
368.0666529995469,6119
0.0,6120
0.0,6121
0.0,6122
0.0,6123
0.0,6124
0.0,6125
0.0,6126
0.0,6127
0.0,6128
0.0,6129
0.0,6130
0.0,6131
0.0,6132
0.0,6133
0.0,6134
0.0,6135
0.0,6136
0.0,6137
0.0,6138
0.0,6139
0.0,6140
0.0,6141
0.0,6142
0.0,6143
0.0,6144
0.0,6145
0.0,6146
257.91992535589134,6147
0.0,6148
0.0,6149
0.0,6150
0.0,6151
0.0,6152
0.0,6153
0.0,6154
0.0,6155
0.0,6156
0.0,6157
0.0,6158
0.0,6159
0.0,6160
0.0,6161
0.0,6162
0.0,6163
0.0,6164
0.0,6165
801.5298042049371,6166
0.0,6167
0.0,6168
0.0,6169
0.0,6170
0.0,6171
0.0,6172
0.0,6173
0.0,6174
0.0,6175
0.0,6176
1579.2112026596444,6177
0.0,6178
0.0,6179
0.0,6180
0.0,6181
0.0,6182
0.0,6183
249.78224153042055,6184
0.0,6185
0.0,6186
0.0,6187
0.0,6188
3613.4989999081404,6189
0.0,6190
0.0,6191
0.0,6192
0.0,6193
0.0,6194
0.0,6195
0.0,6196
0.0,6197
0.0,6198
0.0,6199
0.0,6200
0.0,6201
0.0,6202
0.0,6203
0.0,6204
0.0,6205
0.0,6206
0.0,6207
0.0,6208
76.94519961645798,6209
0.0,6210
0.0,6211
0.0,6212
0.0,6213
0.0,6214
0.0,6215
0.0,6216
0.0,6217
0.0,6218
0.0,6219
0.0,6220
238.80432356442154,6221
0.0,6222
0.0,6223
0.0,6224
0.0,6225
0.0,6226
0.0,6227
0.0,6228
0.0,6229
0.0,6230
0.0,6231
0.0,6232
0.0,6233
0.0,6234
0.0,6235
0.0,6236
0.0,6237
0.0,6238
0.0,6239
0.0,6240
0.0,6241
0.0,6242
0.0,6243
0.0,6244
0.0,6245
0.0,6246
0.0,6247
0.0,6248
0.0,6249
0.0,6250
0.0,6251
0.0,6252
0.0,6253
0.0,6254
0.0,6255
0.0,6256
0.0,6257
0.0,6258
0.0,6259
0.0,6260
0.0,6261
0.0,6262
0.0,6263
0.0,6264
0.0,6265
0.0,6266
0.0,6267
0.0,6268
0.0,6269
3660.8437339150532,6270
0.0,6271
0.0,6272
0.0,6273
0.0,6274
0.0,6275
152.30607089454654,6276
0.0,6277
0.0,6278
0.0,6279
0.0,6280
0.0,6281
0.0,6282
0.0,6283
0.0,6284
0.0,6285
0.0,6286
0.0,6287
0.0,6288
0.0,6289
0.0,6290
0.0,6291
0.0,6292
0.0,6293
0.0,6294
0.0,6295
0.0,6296
0.0,6297
0.0,6298
0.0,6299
0.0,6300
0.0,6301
0.0,6302
0.0,6303
0.0,6304
0.0,6305
0.0,6306
0.0,6307
0.0,6308
0.0,6309
0.0,6310
0.0,6311
0.0,6312
0.0,6313
0.0,6314
0.0,6315
0.0,6316
0.0,6317
0.0,6318
0.0,6319
0.0,6320
0.0,6321
0.0,6322
0.0,6323
0.0,6324
0.0,6325
0.0,6326
0.0,6327
0.0,6328
0.0,6329
0.0,6330
196.34063057183764,6331
0.0,6332
0.0,6333
0.0,6334
0.0,6335
0.0,6336
0.0,6337
0.0,6338
0.0,6339
0.0,6340
0.0,6341
0.0,6342
0.0,6343
0.0,6344
0.0,6345
0.0,6346
0.0,6347
0.0,6348
0.0,6349
0.0,6350
0.0,6351
0.0,6352
0.0,6353
0.0,6354
0.0,6355
0.0,6356
0.0,6357
0.0,6358
0.0,6359
0.0,6360
0.0,6361
0.0,6362
0.0,6363
0.0,6364
0.0,6365
0.0,6366
0.0,6367
0.0,6368
0.0,6369
0.0,6370
252.15869995680995,6371
0.0,6372
0.0,6373
0.0,6374
0.0,6375
0.0,6376
0.0,6377
0.0,6378
0.0,6379
0.0,6380
0.0,6381
0.0,6382
0.0,6383
0.0,6384
0.0,6385
0.0,6386
0.0,6387
0.0,6388
0.0,6389
1908.1269426871168,6390
572.2668709424769,6391
0.0,6392
0.0,6393
403.40034772706355,6394
401.29080057351405,6395
0.0,6396
592.8283188010114,6397
0.0,6398
0.0,6399
0.0,6400
0.0,6401
0.0,6402
0.0,6403
5383.561383672418,6404
0.0,6405
0.0,6406
0.0,6407
0.0,6408
0.0,6409
0.0,6410
0.0,6411
0.0,6412
269.44339214397286,6413
267.8986012205414,6414
0.0,6415
958.322387451083,6416
0.0,6417
0.0,6418
0.0,6419
1745.2303494149232,6420
2221.3231063620806,6421
956.0944136366472,6422
0.0,6423
0.0,6424
0.0,6425
711.8989523364115,6426
0.0,6427
1590.174566716648,6428
773.285595733878,6429
1472.8637645612876,6430
567.3152975532539,6431
0.0,6432
1508.228135751464,6433
1472.3329901779964,6434
1506.9611657273877,6435
0.0,6436
1168.6915813230498,6437
0.0,6438
0.0,6439
0.0,6440
0.0,6441
0.0,6442
0.0,6443
0.0,6444
0.0,6445
0.0,6446
0.0,6447
0.0,6448
0.0,6449
0.0,6450
0.0,6451
0.0,6452
0.0,6453
0.0,6454
1471.821794909968,6455
0.0,6456
0.0,6457
0.0,6458
0.0,6459
0.0,6460
0.0,6461
0.0,6462
0.0,6463
0.0,6464
0.0,6465
0.0,6466
0.0,6467
0.0,6468
0.0,6469
0.0,6470
0.0,6471
0.0,6472
728.6145735978079,6473
0.0,6474
0.0,6475
0.0,6476
0.0,6477
0.0,6478
0.0,6479
0.0,6480
0.0,6481
0.0,6482
0.0,6483
0.0,6484
0.0,6485
0.0,6486
0.0,6487
0.0,6488
39.34747708205963,6489
0.0,6490
0.0,6491
194.20217233247817,6492
220.532324170627,6493
0.0,6494
0.0,6495
195.51978391386191,6496
0.0,6497
0.0,6498
0.0,6499
700.6529390629495,6500
701.2062035901814,6501
469.34583482427416,6502
0.0,6503
0.0,6504
0.0,6505
379.6323212021279,6506
0.0,6507
243.2971734645913,6508
1478.997426577884,6509
1298.019309540993,6510
0.0,6511
1396.6303775722256,6512
0.0,6513
802.2887308559866,6514
0.0,6515
314.57101617432113,6516
0.0,6517
0.0,6518
1317.922278851807,6519
0.0,6520
0.0,6521
0.0,6522
0.0,6523
0.0,6524
4335.4981952649605,6525
0.0,6526
0.0,6527
0.0,6528
2250.7148338366883,6529
0.0,6530
1133.4010871475953,6531
0.0,6532
0.0,6533
0.0,6534
0.0,6535
859.1110749767416,6536
0.0,6537
0.0,6538
109.73642163054717,6539
0.0,6540
0.0,6541
0.0,6542
0.0,6543
0.0,6544
0.0,6545
0.0,6546
0.0,6547
0.0,6548
0.0,6549
0.0,6550
796.4534263231865,6551
0.0,6552
0.0,6553
0.0,6554
0.0,6555
0.0,6556
0.0,6557
289.0773514993184,6558
792.6145577411122,6559
578.455171684948,6560
0.0,6561
0.0,6562
0.0,6563
0.0,6564
0.0,6565
0.0,6566
0.0,6567
0.0,6568
0.0,6569
0.0,6570
0.0,6571
446.1605132689073,6572
0.0,6573
995.6706304884667,6574
632.1344526712038,6575
0.0,6576
2.0365489571893716,6577
0.0,6578
0.0,6579
0.0,6580
0.0,6581
0.0,6582
0.0,6583
0.0,6584
0.0,6585
0.0,6586
0.0,6587
0.0,6588
0.0,6589
0.0,6590
0.0,6591
0.0,6592
0.0,6593
0.0,6594
0.0,6595
0.0,6596
0.0,6597
0.0,6598
0.0,6599
0.0,6600
0.0,6601
0.0,6602
0.0,6603
0.0,6604
0.0,6605
0.0,6606
0.0,6607
0.0,6608
0.0,6609
0.0,6610
0.0,6611
132.01070978564508,6612
0.0,6613
0.0,6614
533.6824919047626,6615
0.0,6616
0.0,6617
0.0,6618
1161.6323053331653,6619
0.0,6620
0.0,6621
0.0,6622
0.0,6623
0.0,6624
0.0,6625
0.0,6626
501.4090176974293,6627
0.0,6628
0.0,6629
0.0,6630
225.2831199146075,6631
0.0,6632
0.0,6633
0.0,6634
0.0,6635
0.0,6636
0.0,6637
0.0,6638
0.0,6639
0.0,6640
0.0,6641
0.0,6642
0.0,6643
0.0,6644
0.0,6645
0.0,6646
0.0,6647
0.0,6648
0.0,6649
0.0,6650
0.0,6651
0.0,6652
424.6074171494241,6653
0.0,6654
0.0,6655
0.0,6656
0.0,6657
0.0,6658
0.0,6659
0.0,6660
0.0,6661
0.0,6662
0.0,6663
0.0,6664
0.0,6665
0.0,6666
0.0,6667
0.0,6668
0.0,6669
0.0,6670
0.0,6671
0.0,6672
0.0,6673
0.0,6674
0.0,6675
0.0,6676
0.0,6677
0.0,6678
0.0,6679
0.0,6680
0.0,6681
0.0,6682
0.0,6683
0.0,6684
0.0,6685
0.0,6686
0.0,6687
0.0,6688
0.0,6689
0.0,6690
0.0,6691
0.0,6692
0.0,6693
0.0,6694
0.0,6695
0.0,6696
0.0,6697
0.0,6698
0.0,6699
0.0,6700
0.0,6701
0.0,6702
0.0,6703
0.0,6704
0.0,6705
0.0,6706
436.93211368180425,6707
0.0,6708
2055.6475786842884,6709
0.0,6710
0.0,6711
0.0,6712
0.0,6713
0.0,6714
382.7992532427446,6715
0.0,6716
0.0,6717
0.0,6718
0.0,6719
1674.0747613028357,6720
0.0,6721
0.0,6722
544.5275623065318,6723
0.0,6724
0.0,6725
220.51445879012687,6726
0.0,6727
0.0,6728
0.0,6729
196.45565886418962,6730
0.0,6731
0.0,6732
0.0,6733
0.0,6734
0.0,6735
0.0,6736
0.0,6737
0.0,6738
0.0,6739
0.0,6740
0.0,6741
0.0,6742
0.0,6743
0.0,6744
0.0,6745
0.0,6746
0.0,6747
0.0,6748
349.53572187014447,6749
0.0,6750
0.0,6751
0.0,6752
0.0,6753
0.0,6754
0.0,6755
0.0,6756
0.0,6757
107.41072719239743,6758
0.0,6759
0.0,6760
0.0,6761
0.0,6762
0.0,6763
0.0,6764
0.0,6765
0.0,6766
5190.912435387634,6767
0.0,6768
0.0,6769
0.0,6770
0.0,6771
0.0,6772
0.0,6773
0.0,6774
0.0,6775
0.0,6776
0.0,6777
0.0,6778
0.0,6779
0.0,6780
0.0,6781
0.0,6782
0.0,6783
0.0,6784
0.0,6785
0.0,6786
0.0,6787
0.0,6788
0.0,6789
0.0,6790
0.0,6791
0.0,6792
0.0,6793
0.0,6794
0.0,6795
0.0,6796
0.0,6797
0.0,6798
0.0,6799
0.0,6800
0.0,6801
0.0,6802
0.0,6803
0.0,6804
0.0,6805
0.0,6806
129.59471329929463,6807
0.0,6808
3539.9322262749943,6809
0.0,6810
390.60953602518,6811
0.0,6812
0.0,6813
469.23209644424315,6814
0.0,6815
0.0,6816
0.0,6817
0.0,6818
0.0,6819
4064.4350771190107,6820
0.0,6821
185.1042432658641,6822
0.0,6823
187.1847736342858,6824
0.0,6825
0.0,6826
1993.8511631185522,6827
0.0,6828
1101.3689308643025,6829
1298.6538003231851,6830
2280.3274605236857,6831
1291.5385767029659,6832
0.0,6833
0.0,6834
1990.2635994596988,6835
0.0,6836
2273.3603241684586,6837
0.0,6838
2669.9123010152907,6839
0.0,6840
0.0,6841
0.0,6842
0.0,6843
0.0,6844
0.0,6845
0.0,6846
0.0,6847
0.0,6848
0.0,6849
0.0,6850
0.0,6851
0.0,6852
0.0,6853
0.0,6854
0.0,6855
0.0,6856
0.0,6857
0.0,6858
0.0,6859
0.0,6860
0.0,6861
0.0,6862
0.0,6863
0.0,6864
0.0,6865
0.0,6866
0.0,6867
0.0,6868
0.0,6869
0.0,6870
8288.910927858671,6871
0.0,6872
0.0,6873
0.0,6874
0.0,6875
0.0,6876
0.0,6877
0.0,6878
0.0,6879
0.0,6880
0.0,6881
0.0,6882
0.0,6883
0.0,6884
0.0,6885
0.0,6886
0.0,6887
0.0,6888
0.0,6889
0.0,6890
0.0,6891
0.0,6892
0.0,6893
0.0,6894
0.0,6895
0.0,6896
0.0,6897
0.0,6898
0.0,6899
0.0,6900
0.0,6901
0.0,6902
0.0,6903
0.0,6904
0.0,6905
0.0,6906
0.0,6907
0.0,6908
0.0,6909
0.0,6910
0.0,6911
0.0,6912
0.0,6913
0.0,6914
0.0,6915
0.0,6916
0.0,6917
0.0,6918
0.0,6919
0.0,6920
0.0,6921
0.0,6922
0.0,6923
0.0,6924
0.0,6925
0.0,6926
0.0,6927
0.0,6928
0.0,6929
506.95723140183134,6930
0.0,6931
0.0,6932
0.0,6933
0.0,6934
0.0,6935
0.0,6936
0.0,6937
2073.918482402015,6938
1375.4477800112122,6939
0.0,6940
992.1681805158523,6941
0.0,6942
0.0,6943
0.0,6944
0.0,6945
0.0,6946
0.0,6947
0.0,6948
0.0,6949
0.0,6950
0.0,6951
3467.6272598169726,6952
2331.0433567555465,6953
3231.9803958851244,6954
0.0,6955
1404.0068558725823,6956
0.0,6957
0.0,6958
0.0,6959
0.0,6960
0.0,6961
1515.1044154000747,6962
0.0,6963
236.41554807470285,6964
240.11990851392886,6965
0.0,6966
0.0,6967
636.1425702656312,6968
0.0,6969
0.0,6970
0.0,6971
0.0,6972
0.0,6973
0.0,6974
0.0,6975
0.0,6976
0.0,6977
0.0,6978
0.0,6979
0.0,6980
0.0,6981
0.0,6982
0.0,6983
0.0,6984
0.0,6985
0.0,6986
0.0,6987
0.0,6988
0.0,6989
0.0,6990
0.0,6991
0.0,6992
0.0,6993
0.0,6994
0.0,6995
0.0,6996
0.0,6997
0.0,6998
0.0,6999
0.0,7000
0.0,7001
0.0,7002
0.0,7003
0.0,7004
0.0,7005
0.0,7006
0.0,7007
0.0,7008
0.0,7009
0.0,7010
0.0,7011
0.0,7012
0.0,7013
0.0,7014
0.0,7015
0.0,7016
0.0,7017
0.0,7018
0.0,7019
0.0,7020
0.0,7021
0.0,7022
0.0,7023
0.0,7024
0.0,7025
0.0,7026
0.0,7027
0.0,7028
0.0,7029
0.0,7030
487.1720446794726,7031
0.0,7032
0.0,7033
1725.7464940305074,7034
337.2886867144842,7035
0.0,7036
0.0,7037
0.0,7038
0.0,7039
0.0,7040
0.0,7041
0.0,7042
0.0,7043
0.0,7044
0.0,7045
0.0,7046
0.0,7047
0.0,7048
0.0,7049
0.0,7050
0.0,7051
0.0,7052
0.0,7053
0.0,7054
0.0,7055
0.0,7056
0.0,7057
0.0,7058
0.0,7059
0.0,7060
0.0,7061
0.0,7062
0.0,7063
0.0,7064
0.0,7065
0.0,7066
0.0,7067
0.0,7068
0.0,7069
0.0,7070
0.0,7071
0.0,7072
0.0,7073
0.0,7074
0.0,7075
0.0,7076
0.0,7077
0.0,7078
0.0,7079
0.0,7080
0.0,7081
1511.5362640915225,7082
0.0,7083
0.0,7084
0.0,7085
0.0,7086
0.0,7087
0.0,7088
0.0,7089
0.0,7090
0.0,7091
0.0,7092
0.0,7093
0.0,7094
0.0,7095
1228.7720020364613,7096
613.953412458996,7097
0.0,7098
1228.9955976130998,7099
1411.3494548936565,7100
0.0,7101
0.0,7102
0.0,7103
0.0,7104
0.0,7105
0.0,7106
0.0,7107
0.0,7108
0.0,7109
292.0766934647479,7110
0.0,7111
0.0,7112
0.0,7113
0.0,7114
0.0,7115
0.0,7116
0.0,7117
0.0,7118
0.0,7119
0.0,7120
0.0,7121
0.0,7122
0.0,7123
0.0,7124
0.0,7125
0.0,7126
0.0,7127
0.0,7128
0.0,7129
0.0,7130
0.0,7131
0.0,7132
0.0,7133
0.0,7134
0.0,7135
0.0,7136
0.0,7137
0.0,7138
0.0,7139
0.0,7140
0.0,7141
0.0,7142
0.0,7143
0.0,7144
0.0,7145
0.0,7146
0.0,7147
0.0,7148
0.0,7149
0.0,7150
0.0,7151
0.0,7152
0.0,7153
0.0,7154
0.0,7155
0.0,7156
0.0,7157
0.0,7158
0.0,7159
0.0,7160
6432.740456757704,7161
0.0,7162
0.0,7163
0.0,7164
0.0,7165
0.0,7166
0.0,7167
0.0,7168
0.0,7169
0.0,7170
0.0,7171
0.0,7172
0.0,7173
0.0,7174
0.0,7175
0.0,7176
0.0,7177
0.0,7178
0.0,7179
0.0,7180
0.0,7181
0.0,7182
0.0,7183
0.0,7184
50.970224162680395,7185
49.91585359792622,7186
671.1413396805699,7187
0.0,7188
48.33792742124095,7189
0.0,7190
0.0,7191
0.0,7192
0.0,7193
0.0,7194
0.0,7195
0.0,7196
0.0,7197
0.0,7198
0.0,7199
0.0,7200
0.0,7201
0.0,7202
0.0,7203
0.0,7204
0.0,7205
0.0,7206
0.0,7207
0.0,7208
0.0,7209
0.0,7210
0.0,7211
0.0,7212
0.0,7213
0.0,7214
0.0,7215
0.0,7216
0.0,7217
1154.8806317696183,7218
0.0,7219
0.0,7220
0.0,7221
0.0,7222
0.0,7223
0.0,7224
0.0,7225
0.0,7226
0.0,7227
0.0,7228
0.0,7229
1077.4221814855077,7230
0.0,7231
0.0,7232
0.0,7233
0.0,7234
0.0,7235
0.0,7236
0.0,7237
0.0,7238
0.0,7239
0.0,7240
0.0,7241
0.0,7242
0.0,7243
0.0,7244
0.0,7245
0.0,7246
0.0,7247
0.0,7248
0.0,7249
0.0,7250
0.0,7251
0.0,7252
0.0,7253
0.0,7254
275.294599870695,7255
143.90324956475968,7256
0.0,7257
0.0,7258
0.0,7259
0.0,7260
538.1233319157033,7261
0.0,7262
0.0,7263
2566.4407713717446,7264
883.6497524373962,7265
0.0,7266
2177.5316761512945,7267
2178.7741678091074,7268
0.0,7269
1328.3552585426164,7270
0.0,7271
0.0,7272
0.0,7273
0.0,7274
0.0,7275
0.0,7276
0.0,7277
476.2972451808067,7278
0.0,7279
0.0,7280
3.6965376056446866,7281
0.0,7282
0.0,7283
0.0,7284
0.0,7285
0.0,7286
0.0,7287
0.0,7288
0.0,7289
4904.111834865597,7290
616.9446913967976,7291
1079.34909573971,7292
0.0,7293
0.0,7294
0.0,7295
0.0,7296
0.0,7297
0.0,7298
0.0,7299
0.0,7300
0.0,7301
0.0,7302
0.0,7303
0.0,7304
0.0,7305
0.0,7306
0.0,7307
0.0,7308
0.0,7309
0.0,7310
0.0,7311
0.0,7312
0.0,7313
0.0,7314
0.0,7315
2944.447694502718,7316
0.0,7317
0.0,7318
0.0,7319
0.0,7320
0.0,7321
0.0,7322
0.0,7323
0.0,7324
0.0,7325
0.0,7326
0.0,7327
0.0,7328
252.96963067907237,7329
59.32643828540479,7330
0.0,7331
0.0,7332
1381.1207501564356,7333
0.0,7334
0.0,7335
0.0,7336
0.0,7337
0.0,7338
0.0,7339
0.0,7340
0.0,7341
0.0,7342
0.0,7343
0.0,7344
0.0,7345
0.0,7346
0.0,7347
0.0,7348
0.0,7349
0.0,7350
0.0,7351
0.0,7352
0.0,7353
0.0,7354
0.0,7355
390.4987275789656,7356
390.4750521125644,7357
5229.50521808176,7358
0.0,7359
557.9248097912773,7360
557.5248230824427,7361
0.0,7362
0.0,7363
3137.4035073266905,7364
0.0,7365
0.0,7366
0.0,7367
0.0,7368
0.0,7369
0.0,7370
0.0,7371
0.0,7372
0.0,7373
0.0,7374
0.0,7375
0.0,7376
0.0,7377
94.17465132238817,7378
0.0,7379
0.0,7380
0.0,7381
0.0,7382
0.0,7383
0.0,7384
0.0,7385
0.0,7386
0.0,7387
2018.9235410019683,7388
0.0,7389
2020.0845664660578,7390
0.0,7391
0.0,7392
0.0,7393
0.0,7394
0.0,7395
0.0,7396
0.0,7397
0.0,7398
2584.1025703289115,7399
0.0,7400
1642.2566510046624,7401
0.0,7402
0.0,7403
0.0,7404
0.0,7405
0.0,7406
772.0612007258865,7407
773.2801614928532,7408
200.55819316289032,7409
0.0,7410
0.0,7411
0.0,7412
0.0,7413
1372.8314900888988,7414
772.583141757741,7415
0.0,7416
0.0,7417
0.0,7418
0.0,7419
0.0,7420
0.0,7421
0.0,7422
0.0,7423
0.0,7424
0.0,7425
0.0,7426
0.0,7427
0.0,7428
0.0,7429
0.0,7430
0.0,7431
0.0,7432
0.0,7433
2738.2973058724297,7434
0.0,7435
0.0,7436
0.0,7437
0.0,7438
0.0,7439
0.0,7440
0.0,7441
0.0,7442
29.763195716356872,7443
0.0,7444
0.0,7445
0.0,7446
0.0,7447
0.0,7448
0.0,7449
0.0,7450
0.0,7451
0.0,7452
0.0,7453
0.0,7454
0.0,7455
0.0,7456
0.0,7457
0.0,7458
0.0,7459
0.0,7460
0.0,7461
0.0,7462
0.0,7463
0.0,7464
0.0,7465
0.0,7466
0.0,7467
0.0,7468
0.0,7469
0.0,7470
0.0,7471
0.0,7472
0.0,7473
0.0,7474
0.0,7475
0.0,7476
0.0,7477
0.0,7478
0.0,7479
0.0,7480
0.0,7481
0.0,7482
8.200288393727536,7483
0.0,7484
0.0,7485
960.7640466001159,7486
959.8195509096137,7487
0.0,7488
0.0,7489
0.0,7490
0.0,7491
0.0,7492
0.0,7493
0.0,7494
546.9799382308951,7495
0.0,7496
1063.3244410681132,7497
0.0,7498
0.0,7499
0.0,7500
0.0,7501
4583.300354742528,7502
0.0,7503
0.0,7504
0.0,7505
0.0,7506
0.0,7507
0.0,7508
0.0,7509
0.0,7510
0.0,7511
0.0,7512
0.0,7513
85.58142411415902,7514
52.337948476500316,7515
0.0,7516
51.3415623670685,7517
50.238876477777524,7518
0.0,7519
0.0,7520
0.0,7521
0.0,7522
0.0,7523
0.0,7524
0.0,7525
0.0,7526
0.0,7527
0.0,7528
0.0,7529
0.0,7530
0.0,7531
110.67879366502964,7532
0.0,7533
0.0,7534
0.0,7535
0.0,7536
0.0,7537
0.0,7538
0.0,7539
0.0,7540
0.0,7541
0.0,7542
0.0,7543
0.0,7544
0.0,7545
0.0,7546
0.0,7547
0.0,7548
0.0,7549
1205.6394129252062,7550
1206.7649308514212,7551
0.0,7552
0.0,7553
0.0,7554
0.0,7555
0.0,7556
0.0,7557
0.0,7558
0.0,7559
0.0,7560
0.0,7561
0.0,7562
169.50846242424507,7563
0.0,7564
0.0,7565
0.0,7566
0.0,7567
0.0,7568
0.0,7569
0.0,7570
0.0,7571
0.0,7572
0.0,7573
0.0,7574
0.0,7575
0.0,7576
247.5100287771837,7577
0.0,7578
0.0,7579
0.0,7580
0.0,7581
0.0,7582
0.0,7583
0.0,7584
0.0,7585
0.0,7586
0.0,7587
312.8002320740893,7588
0.0,7589
0.0,7590
0.0,7591
0.0,7592
0.0,7593
0.0,7594
0.0,7595
0.0,7596
0.0,7597
0.0,7598
0.0,7599
0.0,7600
0.0,7601
0.0,7602
0.0,7603
0.0,7604
0.0,7605
1367.4325382230184,7606
1208.7925078632416,7607
1206.9813841680007,7608
78.47838625680063,7609
0.0,7610
0.0,7611
0.0,7612
0.0,7613
239.27179972032673,7614
0.0,7615
2362.466208161292,7616
0.0,7617
0.0,7618
271.32200842910044,7619
0.0,7620
583.0735295357453,7621
0.0,7622
0.0,7623
0.0,7624
1268.1409962306955,7625
0.0,7626
0.0,7627
0.0,7628
0.0,7629
0.0,7630
0.0,7631
826.2202274564524,7632
0.0,7633
0.0,7634
0.0,7635
0.0,7636
0.0,7637
0.0,7638
386.3284643247299,7639
0.0,7640
0.0,7641
0.0,7642
0.0,7643
0.0,7644
0.0,7645
0.0,7646
0.0,7647
0.0,7648
0.0,7649
0.0,7650
0.0,7651
0.0,7652
0.0,7653
0.0,7654
0.0,7655
0.0,7656
0.0,7657
0.0,7658
0.0,7659
0.0,7660
0.0,7661
0.0,7662
0.0,7663
0.0,7664
0.0,7665
0.0,7666
0.0,7667
0.0,7668
0.0,7669
0.0,7670
0.0,7671
0.0,7672
0.0,7673
0.0,7674
0.0,7675
621.5670472664725,7676
0.0,7677
0.0,7678
0.0,7679
0.0,7680
0.0,7681
0.0,7682
0.0,7683
0.0,7684
0.0,7685
0.0,7686
1143.5466142025539,7687
0.0,7688
0.0,7689
0.0,7690
0.0,7691
0.0,7692
0.0,7693
0.0,7694
0.0,7695
0.0,7696
0.0,7697
0.0,7698
0.0,7699
0.0,7700
0.0,7701
0.0,7702
0.0,7703
0.0,7704
0.0,7705
0.0,7706
0.0,7707
0.0,7708
0.0,7709
0.0,7710
0.0,7711
0.0,7712
0.0,7713
0.0,7714
0.0,7715
0.0,7716
0.0,7717
0.0,7718
0.0,7719
0.0,7720
0.0,7721
0.0,7722
0.0,7723
0.0,7724
0.0,7725
0.0,7726
0.0,7727
0.0,7728
0.0,7729
0.0,7730
0.0,7731
0.0,7732
0.0,7733
0.0,7734
0.0,7735
0.0,7736
0.0,7737
0.0,7738
0.0,7739
0.0,7740
0.0,7741
362.29311346935003,7742
0.0,7743
0.0,7744
0.0,7745
0.0,7746
0.0,7747
0.0,7748
0.0,7749
0.0,7750
0.0,7751
0.0,7752
0.0,7753
0.0,7754
0.0,7755
0.0,7756
0.0,7757
0.0,7758
0.0,7759
0.0,7760
0.0,7761
0.0,7762
0.0,7763
0.0,7764
0.0,7765
0.0,7766
0.0,7767
0.0,7768
0.0,7769
0.0,7770
0.0,7771
0.0,7772
0.0,7773
0.0,7774
0.0,7775
0.0,7776
0.0,7777
0.0,7778
0.0,7779
0.0,7780
0.0,7781
0.0,7782
0.0,7783
0.0,7784
0.0,7785
0.0,7786
0.0,7787
0.0,7788
0.0,7789
0.0,7790
0.0,7791
0.0,7792
0.0,7793
0.0,7794
0.0,7795
0.0,7796
0.0,7797
0.0,7798
0.0,7799
0.0,7800
1903.387318568625,7801
0.0,7802
0.0,7803
0.0,7804
0.0,7805
0.0,7806
0.0,7807
0.0,7808
0.0,7809
0.0,7810
0.0,7811
0.0,7812
0.0,7813
0.0,7814
0.0,7815
0.0,7816
0.0,7817
8423.850274789487,7818
0.0,7819
0.0,7820
0.0,7821
0.0,7822
0.0,7823
0.0,7824
0.0,7825
0.0,7826
0.0,7827
0.0,7828
0.0,7829
0.0,7830
0.0,7831
0.0,7832
0.0,7833
0.0,7834
0.0,7835
0.0,7836
0.0,7837
0.0,7838
0.0,7839
0.0,7840
0.0,7841
0.0,7842
0.0,7843
0.0,7844
0.0,7845
0.0,7846
0.0,7847
0.0,7848
0.0,7849
0.0,7850
1347.2022134331237,7851
0.0,7852
0.0,7853
0.0,7854
0.0,7855
0.0,7856
0.0,7857
0.0,7858
0.0,7859
0.0,7860
0.0,7861
0.0,7862
0.0,7863
0.0,7864
1862.702603815499,7865
0.0,7866
0.0,7867
0.0,7868
0.0,7869
0.0,7870
0.0,7871
0.0,7872
0.0,7873
0.0,7874
0.0,7875
0.0,7876
0.0,7877
0.0,7878
0.0,7879
0.0,7880
0.0,7881
0.0,7882
0.0,7883
0.0,7884
0.0,7885
0.0,7886
0.0,7887
0.0,7888
0.0,7889
0.0,7890
3309.991805242004,7891
0.0,7892
0.0,7893
0.0,7894
0.0,7895
0.0,7896
0.0,7897
0.0,7898
0.0,7899
0.0,7900
0.0,7901
0.0,7902
0.0,7903
0.0,7904
0.0,7905
0.0,7906
0.0,7907
0.0,7908
0.0,7909
0.0,7910
0.0,7911
0.0,7912
0.0,7913
0.0,7914
0.0,7915
0.0,7916
0.0,7917
0.0,7918
0.0,7919
0.0,7920
0.0,7921
0.0,7922
0.0,7923
0.0,7924
0.0,7925
0.0,7926
0.0,7927
0.0,7928
0.0,7929
0.0,7930
0.0,7931
0.0,7932
0.0,7933
0.0,7934
0.0,7935
0.0,7936
0.0,7937
0.0,7938
0.0,7939
0.0,7940
0.0,7941
0.0,7942
0.0,7943
0.0,7944
0.0,7945
0.0,7946
0.0,7947
0.0,7948
0.0,7949
0.0,7950
0.0,7951
0.0,7952
0.0,7953
0.0,7954
0.0,7955
0.0,7956
0.0,7957
0.0,7958
0.0,7959
0.0,7960
0.0,7961
0.0,7962
0.0,7963
0.0,7964
0.0,7965
276.50862914803474,7966
0.0,7967
209.11564317087502,7968
1454.2106492270939,7969
1457.1440098799055,7970
0.0,7971
0.0,7972
481.12886713125727,7973
0.0,7974
1460.0966930956483,7975
1462.9701210574324,7976
0.0,7977
0.0,7978
1465.8236369190574,7979
0.0,7980
0.0,7981
0.0,7982
1468.6666473236555,7983
2613.2993082992775,7984
1471.7354171734196,7985
0.0,7986
1474.597860902033,7987
1477.4789569563095,7988
0.0,7989
0.0,7990
1480.3889267294164,7991
0.0,7992
0.0,7993
0.0,7994
0.0,7995
1483.3368694399433,7996
0.0,7997
1486.3303557395618,7998
2566.45885428361,7999
2042.6399897533186,8000
0.0,8001
0.0,8002
0.0,8003
0.0,8004
0.0,8005
0.0,8006
0.0,8007
0.0,8008
0.0,8009
338.69368625474164,8010
0.0,8011
0.0,8012
0.0,8013
0.0,8014
0.0,8015
0.0,8016
0.0,8017
0.0,8018
0.0,8019
0.0,8020
0.0,8021
0.0,8022
0.0,8023
0.0,8024
0.0,8025
0.0,8026
0.0,8027
0.0,8028
0.0,8029
0.0,8030
0.0,8031
0.0,8032
0.0,8033
0.0,8034
0.0,8035
0.0,8036
0.0,8037
0.0,8038
0.0,8039
0.0,8040
0.0,8041
0.0,8042
0.0,8043
0.0,8044
0.0,8045
0.0,8046
0.0,8047
0.0,8048
3911.8697240411234,8049
0.0,8050
0.0,8051
0.0,8052
0.0,8053
0.0,8054
0.0,8055
0.0,8056
0.0,8057
0.0,8058
0.0,8059
0.0,8060
0.0,8061
0.0,8062
0.0,8063
0.0,8064
0.0,8065
0.0,8066
0.0,8067
0.0,8068
0.0,8069
0.0,8070
0.0,8071
0.0,8072
0.0,8073
0.0,8074
0.0,8075
0.0,8076
0.0,8077
0.0,8078
0.0,8079
0.0,8080
0.0,8081
0.0,8082
0.0,8083
0.0,8084
0.0,8085
0.0,8086
0.0,8087
0.0,8088
0.0,8089
0.0,8090
0.0,8091
0.0,8092
0.0,8093
0.0,8094
0.0,8095
0.0,8096
0.0,8097
0.0,8098
0.0,8099
0.0,8100
0.0,8101
0.0,8102
607.752478716122,8103
0.0,8104
0.0,8105
0.0,8106
0.0,8107
0.0,8108
0.0,8109
771.9765017642202,8110
3478.4961800666856,8111
5037.734120728092,8112
0.0,8113
3507.691566264689,8114
3120.702710353804,8115
0.0,8116
431.20847363828693,8117
0.0,8118
431.25428307412255,8119
0.0,8120
431.3887196260588,8121
431.6050705941697,8122
431.8871220132218,8123
793.4152989990373,8124
2621.3986665566526,8125
794.5369655684873,8126
795.3827588862481,8127
796.21564927902,8128
0.0,8129
797.0296851815697,8130
655.7356886894632,8131
798.496152166133,8132
0.0,8133
0.0,8134
0.0,8135
0.0,8136
0.0,8137
273.1422606715467,8138
273.689502923262,8139
0.0,8140
123.15022274031308,8141
0.0,8142
274.7501815589415,8143
0.0,8144
659.0296235227394,8145
268.87728860901075,8146
125.66533821510632,8147
0.0,8148
0.0,8149
661.4802865710051,8150
0.0,8151
0.0,8152
0.0,8153
0.0,8154
0.0,8155
0.0,8156
0.0,8157
1203.6728135279363,8158
0.0,8159
1047.2005261020101,8160
825.8189882946729,8161
0.0,8162
0.0,8163
0.0,8164
0.0,8165
1867.584193254185,8166
0.0,8167
825.4999418942962,8168
0.0,8169
0.0,8170
0.0,8171
0.0,8172
0.0,8173
0.0,8174
0.0,8175
825.959243967386,8176
0.0,8177
373.4673965189061,8178
0.0,8179
2506.117439226577,8180
0.0,8181
0.0,8182
0.0,8183
3511.8190393893437,8184
0.0,8185
0.0,8186
0.0,8187
0.0,8188
0.0,8189
0.0,8190
0.0,8191
0.0,8192
0.0,8193
1645.5817071144256,8194
0.0,8195
3323.382504753745,8196
0.0,8197
0.0,8198
5251.103610624282,8199
2046.7218777140495,8200
0.0,8201
0.0,8202
0.0,8203
0.0,8204
0.0,8205
0.0,8206
0.0,8207
0.0,8208
0.0,8209
0.0,8210
0.0,8211
0.0,8212
0.0,8213
1040.1807919017601,8214
0.0,8215
1541.8860933255762,8216
1748.418538832776,8217
0.0,8218
0.0,8219
0.0,8220
0.0,8221
0.0,8222
0.0,8223
0.0,8224
0.0,8225
0.0,8226
0.0,8227
0.0,8228
0.0,8229
0.0,8230
0.0,8231
0.0,8232
0.0,8233
0.0,8234
272.054315656349,8235
0.0,8236
0.0,8237
0.0,8238
0.0,8239
0.0,8240
0.0,8241
0.0,8242
0.0,8243
0.0,8244
0.0,8245
0.0,8246
0.0,8247
0.0,8248
0.0,8249
0.0,8250
0.0,8251
0.0,8252
0.0,8253
0.0,8254
0.0,8255
0.0,8256
0.0,8257
0.0,8258
830.132259354996,8259
0.0,8260
0.0,8261
0.0,8262
0.0,8263
0.0,8264
0.0,8265
0.0,8266
0.0,8267
0.0,8268
0.0,8269
0.0,8270
0.0,8271
0.0,8272
0.0,8273
0.0,8274
0.0,8275
0.0,8276
0.0,8277
0.0,8278
0.0,8279
0.0,8280
0.0,8281
0.0,8282
0.0,8283
0.0,8284
0.0,8285
0.0,8286
0.0,8287
0.0,8288
0.0,8289
0.0,8290
0.0,8291
0.0,8292
0.0,8293
0.0,8294
0.0,8295
0.0,8296
0.0,8297
0.0,8298
1749.1500308726722,8299
0.0,8300
0.0,8301
0.0,8302
0.0,8303
0.0,8304
0.0,8305
0.0,8306
0.0,8307
321.31376159240494,8308
0.0,8309
0.0,8310
0.0,8311
0.0,8312
0.0,8313
0.0,8314
0.0,8315
0.0,8316
0.0,8317
0.0,8318
0.0,8319
0.0,8320
0.0,8321
0.0,8322
0.0,8323
0.0,8324
0.0,8325
0.0,8326
0.0,8327
0.0,8328
0.0,8329
0.0,8330
0.0,8331
0.0,8332
0.0,8333
0.0,8334
0.0,8335
0.0,8336
0.0,8337
0.0,8338
0.0,8339
0.0,8340
0.0,8341
0.0,8342
0.0,8343
0.0,8344
0.0,8345
0.0,8346
0.0,8347
0.0,8348
0.0,8349
0.0,8350
0.0,8351
0.0,8352
0.0,8353
0.0,8354
0.0,8355
0.0,8356
0.0,8357
0.0,8358
0.0,8359
0.0,8360
0.0,8361
0.0,8362
0.0,8363
0.0,8364
0.0,8365
0.0,8366
0.0,8367
0.0,8368
0.0,8369
0.0,8370
0.0,8371
0.0,8372
0.0,8373
0.0,8374
0.0,8375
0.0,8376
0.0,8377
0.0,8378
117.34346831588779,8379
0.0,8380
0.0,8381
0.0,8382
0.0,8383
0.0,8384
0.0,8385
0.0,8386
0.0,8387
0.0,8388
0.0,8389
0.0,8390
0.0,8391
0.0,8392
838.3177583736167,8393
0.0,8394
0.0,8395
0.0,8396
208.74190583579443,8397
0.0,8398
88.61780390981495,8399
0.0,8400
0.0,8401
0.0,8402
0.0,8403
0.0,8404
0.0,8405
0.0,8406
287.6658959927836,8407
1629.6925117283083,8408
0.0,8409
0.0,8410
0.0,8411
0.0,8412
0.0,8413
0.0,8414
0.0,8415
0.0,8416
0.0,8417
0.0,8418
0.0,8419
0.0,8420
361.83121417518663,8421
0.0,8422
0.0,8423
0.0,8424
696.7091816545848,8425
0.0,8426
0.0,8427
0.0,8428
0.0,8429
0.0,8430
0.0,8431
0.0,8432
0.0,8433
0.0,8434
0.0,8435
0.0,8436
0.0,8437
0.0,8438
0.0,8439
0.0,8440
0.0,8441
0.0,8442
0.0,8443
0.0,8444
1093.445244432443,8445
0.0,8446
0.0,8447
0.0,8448
923.0214338302242,8449
0.0,8450
0.0,8451
503.0025369940387,8452
0.0,8453
820.0938116286931,8454
0.0,8455
0.0,8456
0.0,8457
0.0,8458
0.0,8459
0.0,8460
0.0,8461
1248.4671385994175,8462
0.0,8463
0.0,8464
0.0,8465
0.0,8466
0.0,8467
0.0,8468
0.0,8469
0.0,8470
12230.978719282359,8471
0.0,8472
0.0,8473
0.0,8474
0.0,8475
0.0,8476
0.0,8477
0.0,8478
0.0,8479
0.0,8480
0.0,8481
0.0,8482
0.0,8483
0.0,8484
0.0,8485
0.0,8486
0.0,8487
0.0,8488
0.0,8489
0.0,8490
0.0,8491
0.0,8492
0.0,8493
1244.654387503503,8494
0.0,8495
0.0,8496
0.0,8497
0.0,8498
0.0,8499
0.0,8500
0.0,8501
0.0,8502
0.0,8503
0.0,8504
0.0,8505
0.0,8506
0.0,8507
0.0,8508
0.0,8509
0.0,8510
0.0,8511
0.0,8512
0.0,8513
0.0,8514
3176.5743551991054,8515
0.0,8516
0.0,8517
0.0,8518
2499.6478604698964,8519
0.0,8520
0.0,8521
0.0,8522
0.0,8523
0.0,8524
0.0,8525
0.0,8526
0.0,8527
0.0,8528
0.0,8529
1000.8658046154264,8530
865.6900888763489,8531
0.0,8532
0.0,8533
0.0,8534
0.0,8535
0.0,8536
0.0,8537
0.0,8538
0.0,8539
3235.053039601106,8540
0.0,8541
0.0,8542
0.0,8543
0.0,8544
0.0,8545
0.0,8546
0.0,8547
0.0,8548
0.0,8549
0.0,8550
0.0,8551
0.0,8552
0.0,8553
0.0,8554
0.0,8555
0.0,8556
0.0,8557
0.0,8558
0.0,8559
0.0,8560
0.0,8561
0.0,8562
0.0,8563
0.0,8564
0.0,8565
0.0,8566
0.0,8567
0.0,8568
0.0,8569
0.0,8570
0.0,8571
0.0,8572
0.0,8573
0.0,8574
0.0,8575
0.0,8576
0.0,8577
0.0,8578
0.0,8579
0.0,8580
2163.96853168195,8581
0.0,8582
1482.316475781539,8583
1482.9226493069727,8584
1971.0702208621012,8585
0.0,8586
0.0,8587
0.0,8588
0.0,8589
0.0,8590
0.0,8591
0.0,8592
0.0,8593
0.0,8594
0.0,8595
899.9976169051656,8596
0.0,8597
0.0,8598
0.0,8599
0.0,8600
0.0,8601
0.0,8602
0.0,8603
0.0,8604
0.0,8605
0.0,8606
0.0,8607
0.0,8608
681.152812073422,8609
0.0,8610
1230.0508236125436,8611
0.0,8612
440.3690577684041,8613
554.3323490570212,8614
0.0,8615
0.0,8616
0.0,8617
0.0,8618
439.90798941157345,8619
1032.995848922377,8620
0.0,8621
0.0,8622
0.0,8623
439.6222889981605,8624
0.0,8625
0.0,8626
0.0,8627
0.0,8628
0.0,8629
0.0,8630
0.0,8631
0.0,8632
0.0,8633
0.0,8634
0.0,8635
0.0,8636
0.0,8637
0.0,8638
0.0,8639
0.0,8640
0.0,8641
0.0,8642
911.5694085749404,8643
0.0,8644
208.61956630742398,8645
0.0,8646
0.0,8647
0.0,8648
0.0,8649
0.0,8650
0.0,8651
705.5877769999731,8652
1666.6627721189168,8653
1018.3737030130329,8654
0.0,8655
0.0,8656
0.0,8657
172.47961288369876,8658
0.0,8659
0.0,8660
0.0,8661
0.0,8662
0.0,8663
0.0,8664
0.0,8665
0.0,8666
0.0,8667
0.0,8668
0.0,8669
0.0,8670
0.0,8671
0.0,8672
0.0,8673
0.0,8674
0.0,8675
419.18076260233806,8676
291.53291517379256,8677
0.0,8678
0.0,8679
0.0,8680
0.0,8681
421.85786687304204,8682
0.0,8683
0.0,8684
0.0,8685
0.0,8686
0.0,8687
0.0,8688
0.0,8689
0.0,8690
1878.6861173217073,8691
42.35106762796272,8692
0.0,8693
0.0,8694
881.0799421230925,8695
0.0,8696
0.0,8697
0.0,8698
0.0,8699
0.0,8700
0.0,8701
0.0,8702
0.0,8703
0.0,8704
0.0,8705
82.16175259956613,8706
0.0,8707
0.0,8708
1628.4173942606906,8709
0.0,8710
0.0,8711
3507.55150795841,8712
0.0,8713
0.0,8714
1339.349295950616,8715
0.0,8716
0.0,8717
0.0,8718
1764.9818512558359,8719
1629.887789195851,8720
0.0,8721
182.2620453414176,8722
0.0,8723
0.0,8724
0.0,8725
0.0,8726
0.0,8727
0.0,8728
0.0,8729
0.0,8730
0.0,8731
0.0,8732
25.97042824577783,8733
0.0,8734
0.0,8735
486.0891654323942,8736
0.0,8737
0.0,8738
0.0,8739
0.0,8740
0.0,8741
0.0,8742
0.0,8743
0.0,8744
0.0,8745
0.0,8746
0.0,8747
0.0,8748
0.0,8749
0.0,8750
0.0,8751
0.0,8752
657.5391197110062,8753
0.0,8754
0.0,8755
0.0,8756
0.0,8757
0.0,8758
0.0,8759
1270.447764017336,8760
0.0,8761
4768.553018469928,8762
0.0,8763
0.0,8764
437.9332641119964,8765
499.34586825333923,8766
434.9778189297928,8767
0.0,8768
0.0,8769
4982.812052369459,8770
144.610608723447,8771
2717.019281444714,8772
3932.3234389794898,8773
840.8259080829921,8774
2179.728985658173,8775
2066.85791499311,8776
933.2281174824684,8777
0.0,8778
891.8912926595061,8779
544.1309348022723,8780
0.0,8781
0.0,8782
0.0,8783
0.0,8784
0.0,8785
0.0,8786
40.64268265228595,8787
0.0,8788
2782.4450924150005,8789
1936.2538661064923,8790
5534.445669197245,8791
0.0,8792
0.0,8793
3706.179861508953,8794
0.0,8795
0.0,8796
5882.191421811647,8797
4532.2443340344325,8798
262.5915164288326,8799
4489.267897758236,8800
0.0,8801
639.5796532314844,8802
778.1410376796963,8803
5105.589408104711,8804
7875.412676731799,8805
351.49536875142934,8806
995.5279780326775,8807
1603.2880587414484,8808
3701.833395916097,8809
0.0,8810
4489.818893985444,8811
0.0,8812
5421.956870674343,8813
488.14883268555025,8814
0.0,8815
0.0,8816
118.5829052718641,8817
0.0,8818
629.1710669716067,8819
1199.9096865620552,8820
550.7028817932818,8821
0.0,8822
1919.8181592884498,8823
0.0,8824
4084.020808399668,8825
0.0,8826
0.0,8827
79.00424306127418,8828
0.0,8829
0.0,8830
0.0,8831
1416.7536449890124,8832
0.0,8833
5549.809111347359,8834
6832.404305856994,8835
2090.0783709909447,8836
0.0,8837
0.0,8838
0.0,8839
0.0,8840
0.0,8841
0.0,8842
0.0,8843
5131.81266565816,8844
0.0,8845
0.0,8846
0.0,8847
2091.3004069196472,8848
1634.8882756862004,8849
766.1701316552453,8850
1519.5830390796439,8851
0.0,8852
0.0,8853
0.0,8854
0.0,8855
0.0,8856
0.0,8857
5764.658175006501,8858
0.0,8859
0.0,8860
0.0,8861
0.0,8862
0.0,8863
0.0,8864
1321.7983726628079,8865
306.7981251125317,8866
0.0,8867
2455.6161384478532,8868
0.0,8869
909.2520070115129,8870
0.0,8871
0.0,8872
0.0,8873
0.0,8874
0.0,8875
0.0,8876
1908.8277328607307,8877
798.4581321105562,8878
0.0,8879
0.0,8880
0.0,8881
0.0,8882
0.0,8883
0.0,8884
0.0,8885
0.0,8886
1501.8800843805586,8887
0.0,8888
0.0,8889
0.0,8890
684.2747411981405,8891
0.0,8892
0.0,8893
0.0,8894
0.0,8895
4373.703113551749,8896
0.0,8897
0.0,8898
0.0,8899
0.0,8900
0.0,8901
0.0,8902
0.0,8903
0.0,8904
0.0,8905
1351.857541332967,8906
0.0,8907
0.0,8908
0.0,8909
2189.658202563162,8910
0.0,8911
0.0,8912
2652.2263135682756,8913
3862.742041361933,8914
0.0,8915
0.0,8916
0.0,8917
518.1180488630049,8918
0.0,8919
1599.4598360699686,8920
0.0,8921
0.0,8922
0.0,8923
0.0,8924
0.0,8925
0.0,8926
0.0,8927
0.0,8928
0.0,8929
0.0,8930
0.0,8931
0.0,8932
0.0,8933
0.0,8934
777.2145075101195,8935
0.0,8936
0.0,8937
0.0,8938
0.0,8939
0.0,8940
0.0,8941
0.0,8942
0.0,8943
0.0,8944
0.0,8945
0.0,8946
0.0,8947
0.0,8948
0.0,8949
0.0,8950
0.0,8951
0.0,8952
0.0,8953
0.0,8954
0.0,8955
0.0,8956
0.0,8957
0.0,8958
0.0,8959
0.0,8960
0.0,8961
0.0,8962
0.0,8963
0.0,8964
0.0,8965
0.0,8966
0.0,8967
247.99934731733342,8968
0.0,8969
0.0,8970
0.0,8971
0.0,8972
0.0,8973
0.0,8974
0.0,8975
0.0,8976
0.0,8977
0.0,8978
0.0,8979
0.0,8980
0.0,8981
0.0,8982
279.8299626524791,8983
0.0,8984
441.2208228234369,8985
0.0,8986
0.0,8987
0.0,8988
0.0,8989
0.0,8990
0.0,8991
0.0,8992
853.6443762428469,8993
4403.1693212447735,8994
0.0,8995
0.0,8996
0.0,8997
0.0,8998
0.0,8999
0.0,9000
0.0,9001
0.0,9002
0.0,9003
0.0,9004
0.0,9005
0.0,9006
16.363040280941753,9007
0.0,9008
0.0,9009
0.0,9010
569.0387182231404,9011
0.0,9012
0.0,9013
0.0,9014
3170.7585049012155,9015
0.0,9016
386.25936399483186,9017
0.0,9018
2719.438470960894,9019
0.0,9020
68.15720412171783,9021
2633.221236166821,9022
0.0,9023
0.0,9024
0.0,9025
0.0,9026
0.0,9027
0.0,9028
0.0,9029
0.0,9030
0.0,9031
0.0,9032
0.0,9033
1822.5629397409248,9034
0.0,9035
0.0,9036
0.0,9037
0.0,9038
2676.214282370282,9039
0.0,9040
0.0,9041
0.0,9042
0.0,9043
0.0,9044
0.0,9045
0.0,9046
0.0,9047
0.0,9048
0.0,9049
0.0,9050
0.0,9051
0.0,9052
0.0,9053
0.0,9054
0.0,9055
0.0,9056
0.0,9057
0.0,9058
0.0,9059
0.0,9060
0.0,9061
0.0,9062
0.0,9063
0.0,9064
0.0,9065
0.0,9066
0.0,9067
0.0,9068
0.0,9069
0.0,9070
0.0,9071
0.0,9072
0.0,9073
0.0,9074
0.0,9075
0.0,9076
0.0,9077
0.0,9078
0.0,9079
0.0,9080
0.0,9081
0.0,9082
0.0,9083
0.0,9084
0.0,9085
522.0995283648887,9086
0.0,9087
0.0,9088
533.9596481803067,9089
0.0,9090
0.0,9091
0.0,9092
0.0,9093
0.0,9094
0.0,9095
0.0,9096
0.0,9097
0.0,9098
0.0,9099
0.0,9100
0.0,9101
0.0,9102
0.0,9103
5957.711313426005,9104
693.7852911779651,9105
0.0,9106
0.0,9107
0.0,9108
0.0,9109
3355.5474285080536,9110
388.0627919580987,9111
0.0,9112
0.0,9113
123.38520064996627,9114
388.08040432427146,9115
387.94705027035525,9116
0.0,9117
0.0,9118
0.0,9119
2491.2180904767347,9120
33.61406779088956,9121
0.0,9122
0.0,9123
0.0,9124
0.0,9125
2038.3584943929268,9126
0.0,9127
0.0,9128
0.0,9129
0.0,9130
0.0,9131
0.0,9132
0.0,9133
0.0,9134
0.0,9135
509.1109755600063,9136
0.0,9137
0.0,9138
1857.9692893950528,9139
0.0,9140
0.0,9141
0.0,9142
0.0,9143
0.0,9144
1264.724365757263,9145
810.7243251258101,9146
0.0,9147
0.0,9148
0.0,9149
1446.0167465727993,9150
0.0,9151
0.0,9152
1363.5208411594176,9153
0.0,9154
0.0,9155
0.0,9156
0.0,9157
243.4301363258227,9158
0.0,9159
0.0,9160
1475.871182856617,9161
0.0,9162
0.0,9163
0.0,9164
180.06601552233076,9165
0.0,9166
3281.6004731842463,9167
0.0,9168
0.0,9169
2898.6967671408947,9170
0.0,9171
458.9333085911587,9172
0.0,9173
0.0,9174
0.0,9175
0.0,9176
0.0,9177
0.0,9178
0.0,9179
0.0,9180
0.0,9181
0.0,9182
0.0,9183
2312.8162750173633,9184
0.0,9185
0.0,9186
0.0,9187
404.9312983666499,9188
0.0,9189
406.4456163808328,9190
1759.0029606663504,9191
0.0,9192
0.0,9193
0.0,9194
36.60487032646256,9195
0.0,9196
0.0,9197
0.0,9198
0.0,9199
0.0,9200
598.0835336952039,9201
394.0795051488752,9202
0.0,9203
0.0,9204
1653.6561667805695,9205
0.0,9206
0.0,9207
0.0,9208
0.0,9209
0.0,9210
0.0,9211
0.0,9212
0.0,9213
0.0,9214
0.0,9215
0.0,9216
0.0,9217
0.0,9218
0.0,9219
3299.964191247185,9220
0.0,9221
0.0,9222
0.0,9223
0.0,9224
0.0,9225
0.0,9226
0.0,9227
0.0,9228
0.0,9229
0.0,9230
0.0,9231
0.0,9232
0.0,9233
0.0,9234
0.0,9235
0.0,9236
0.0,9237
0.0,9238
0.0,9239
0.0,9240
292.1875341273805,9241
0.0,9242
0.0,9243
0.0,9244
0.0,9245
0.0,9246
0.0,9247
0.0,9248
2183.5602882359212,9249
675.2655883823426,9250
0.0,9251
0.0,9252
0.0,9253
0.0,9254
0.0,9255
0.0,9256
1877.4770978646588,9257
0.0,9258
797.2538813639959,9259
0.0,9260
0.0,9261
0.0,9262
109.3987273174761,9263
0.0,9264
0.0,9265
0.0,9266
0.0,9267
0.0,9268
0.0,9269
0.0,9270
0.0,9271
0.0,9272
0.0,9273
0.0,9274
0.0,9275
0.0,9276
0.0,9277
0.0,9278
0.0,9279
0.0,9280
0.0,9281
0.0,9282
0.0,9283
0.0,9284
0.0,9285
0.0,9286
0.0,9287
0.0,9288
0.0,9289
0.0,9290
0.0,9291
0.0,9292
0.0,9293
0.0,9294
0.0,9295
0.0,9296
0.0,9297
0.0,9298
269.3278897935477,9299
0.0,9300
0.0,9301
0.0,9302
0.0,9303
0.0,9304
0.0,9305
0.0,9306
0.0,9307
0.0,9308
0.0,9309
0.0,9310
0.0,9311
0.0,9312
0.0,9313
0.0,9314
0.0,9315
0.0,9316
0.0,9317
453.7806142650986,9318
0.0,9319
0.0,9320
0.0,9321
2629.226435870721,9322
0.0,9323
0.0,9324
0.0,9325
0.0,9326
0.0,9327
0.0,9328
0.0,9329
0.0,9330
0.0,9331
0.0,9332
0.0,9333
0.0,9334
0.0,9335
0.0,9336
0.0,9337
0.0,9338
0.0,9339
0.0,9340
0.0,9341
4309.502039214133,9342
0.0,9343
0.0,9344
2757.8013845063992,9345
0.0,9346
0.0,9347
0.0,9348
0.0,9349
0.0,9350
0.0,9351
0.0,9352
0.0,9353
0.0,9354
0.0,9355
0.0,9356
0.0,9357
0.0,9358
0.0,9359
0.0,9360
0.0,9361
0.0,9362
0.0,9363
0.0,9364
0.0,9365
0.0,9366
0.0,9367
0.0,9368
0.0,9369
0.0,9370
0.0,9371
0.0,9372
0.0,9373
0.0,9374
0.0,9375
0.0,9376
0.0,9377
1108.3807894237364,9378
0.0,9379
694.8691504360164,9380
109.13725535090559,9381
0.0,9382
0.0,9383
0.0,9384
0.0,9385
0.0,9386
0.0,9387
0.0,9388
0.0,9389
0.0,9390
0.0,9391
0.0,9392
0.0,9393
0.0,9394
0.0,9395
0.0,9396
0.0,9397
0.0,9398
0.0,9399
0.0,9400
0.0,9401
0.0,9402
0.0,9403
0.0,9404
0.0,9405
0.0,9406
0.0,9407
0.0,9408
0.0,9409
0.0,9410
0.0,9411
0.0,9412
0.0,9413
0.0,9414
0.0,9415
0.0,9416
0.0,9417
0.0,9418
0.0,9419
0.0,9420
0.0,9421
0.0,9422
0.0,9423
0.0,9424
0.0,9425
0.0,9426
0.0,9427
0.0,9428
0.0,9429
0.0,9430
0.0,9431
0.0,9432
0.0,9433
0.0,9434
0.0,9435
0.0,9436
0.0,9437
0.0,9438
0.0,9439
0.0,9440
0.0,9441
0.0,9442
0.0,9443
0.0,9444
0.0,9445
0.0,9446
0.0,9447
0.0,9448
0.0,9449
0.0,9450
0.0,9451
2447.55026830285,9452
0.0,9453
0.0,9454
0.0,9455
0.0,9456
0.0,9457
0.0,9458
0.0,9459
0.0,9460
0.0,9461
0.0,9462
0.0,9463
0.0,9464
0.0,9465
0.0,9466
0.0,9467
0.0,9468
0.0,9469
0.0,9470
0.0,9471
0.0,9472
0.0,9473
0.0,9474
0.0,9475
0.0,9476
0.0,9477
0.0,9478
0.0,9479
0.0,9480
0.0,9481
0.0,9482
0.0,9483
0.0,9484
0.0,9485
0.0,9486
0.0,9487
0.0,9488
0.0,9489
0.0,9490
0.0,9491
424.12225275149206,9492
0.0,9493
0.0,9494
0.0,9495
0.0,9496
0.0,9497
2218.745614981763,9498
0.0,9499
0.0,9500
0.0,9501
1555.3658309992975,9502
1847.0887728015518,9503
185.98980057678432,9504
1055.8339061885401,9505
0.0,9506
1845.7275335729767,9507
0.0,9508
0.0,9509
0.0,9510
169.3871800895529,9511
1029.58547007088,9512
166.44006054180952,9513
1026.676878534768,9514
163.63975128227128,9515
386.3419065359762,9516
0.0,9517
5770.75851001155,9518
385.24593891635817,9519
0.0,9520
0.0,9521
0.0,9522
0.0,9523
0.0,9524
384.2966941122681,9525
0.0,9526
8.859330819966154,9527
552.0801130786692,9528
929.572724586558,9529
381.4451404512896,9530
380.8622000839342,9531
431.1326744866876,9532
429.4056571775803,9533
427.6816060513785,9534
0.0,9535
0.0,9536
0.0,9537
0.0,9538
0.0,9539
0.0,9540
0.0,9541
0.0,9542
0.0,9543
0.0,9544
0.0,9545
0.0,9546
0.0,9547
0.0,9548
33.332747864213566,9549
0.0,9550
0.0,9551
0.0,9552
0.0,9553
0.0,9554
0.0,9555
0.0,9556
0.0,9557
0.0,9558
0.0,9559
0.0,9560
0.0,9561
0.0,9562
0.0,9563
0.0,9564
0.0,9565
0.0,9566
0.0,9567
0.0,9568
0.0,9569
0.0,9570
0.0,9571
0.0,9572
0.0,9573
0.0,9574
0.0,9575
0.0,9576
0.0,9577
0.0,9578
0.0,9579
0.0,9580
0.0,9581
0.0,9582
0.0,9583
0.0,9584
0.0,9585
0.0,9586
0.0,9587
0.0,9588
0.0,9589
0.0,9590
0.0,9591
0.0,9592
0.0,9593
0.0,9594
0.0,9595
0.0,9596
0.0,9597
0.0,9598
0.0,9599
0.0,9600
0.0,9601
0.0,9602
0.0,9603
0.0,9604
0.0,9605
0.0,9606
0.0,9607
0.0,9608
0.0,9609
0.0,9610
0.0,9611
0.0,9612
0.0,9613
0.0,9614
0.0,9615
0.0,9616
0.0,9617
0.0,9618
0.0,9619
0.0,9620
0.0,9621
0.0,9622
0.0,9623
0.0,9624
0.0,9625
0.0,9626
0.0,9627
3526.6552672042512,9628
0.0,9629
0.0,9630
0.0,9631
0.0,9632
0.0,9633
0.0,9634
0.0,9635
0.0,9636
0.0,9637
0.0,9638
0.0,9639
0.0,9640
0.0,9641
0.0,9642
0.0,9643
0.0,9644
0.0,9645
0.0,9646
0.0,9647
0.0,9648
0.0,9649
0.0,9650
0.0,9651
0.0,9652
0.0,9653
0.0,9654
0.0,9655
0.0,9656
0.0,9657
0.0,9658
0.0,9659
0.0,9660
0.0,9661
1624.611309785176,9662
0.0,9663
0.0,9664
0.0,9665
0.0,9666
0.0,9667
0.0,9668
0.0,9669
0.0,9670
0.0,9671
506.59639688954684,9672
0.0,9673
0.0,9674
0.0,9675
1015.5234721772172,9676
0.0,9677
109.04745161626933,9678
1502.8132966218604,9679
0.0,9680
0.0,9681
0.0,9682
0.0,9683
0.0,9684
0.0,9685
0.0,9686
0.0,9687
0.0,9688
0.0,9689
0.0,9690
0.0,9691
62.054078126871524,9692
0.0,9693
0.0,9694
0.0,9695
0.0,9696
0.0,9697
992.7453036774538,9698
0.0,9699
0.0,9700
0.0,9701
0.0,9702
0.0,9703
0.0,9704
0.0,9705
0.0,9706
0.0,9707
0.0,9708
0.0,9709
0.0,9710
0.0,9711
0.0,9712
150.15409434200913,9713
0.0,9714
0.0,9715
0.0,9716
0.0,9717
0.0,9718
0.0,9719
0.0,9720
0.0,9721
0.0,9722
0.0,9723
0.0,9724
0.0,9725
0.0,9726
0.0,9727
0.0,9728
0.0,9729
0.0,9730
0.0,9731
572.3142540112879,9732
0.0,9733
0.0,9734
0.0,9735
0.0,9736
0.0,9737
0.0,9738
0.0,9739
0.0,9740
0.0,9741
0.0,9742
0.0,9743
0.0,9744
0.0,9745
3741.0008844383365,9746
0.0,9747
0.0,9748
0.0,9749
0.0,9750
0.0,9751
0.0,9752
0.0,9753
0.0,9754
0.0,9755
0.0,9756
0.0,9757
0.0,9758
0.0,9759
0.0,9760
0.0,9761
0.0,9762
0.0,9763
0.0,9764
0.0,9765
0.0,9766
0.0,9767
0.0,9768
0.0,9769
0.0,9770
0.0,9771
0.0,9772
0.0,9773
0.0,9774
0.0,9775
0.0,9776
0.0,9777
0.0,9778
0.0,9779
0.0,9780
0.0,9781
0.0,9782
0.0,9783
0.0,9784
0.0,9785
0.0,9786
0.0,9787
0.0,9788
0.0,9789
0.0,9790
0.0,9791
0.0,9792
0.0,9793
0.0,9794
0.0,9795
0.0,9796
0.0,9797
0.0,9798
0.0,9799
0.0,9800
0.0,9801
0.0,9802
0.0,9803
0.0,9804
0.0,9805
0.0,9806
0.0,9807
0.0,9808
0.0,9809
0.0,9810
0.0,9811
0.0,9812
0.0,9813
0.0,9814
0.0,9815
0.0,9816
0.0,9817
0.0,9818
0.0,9819
0.0,9820
0.0,9821
0.0,9822
0.0,9823
0.0,9824
0.0,9825
0.0,9826
0.0,9827
0.0,9828
0.0,9829
0.0,9830
0.0,9831
0.0,9832
0.0,9833
0.0,9834
0.0,9835
0.0,9836
0.0,9837
0.0,9838
0.0,9839
0.0,9840
0.0,9841
0.0,9842
0.0,9843
0.0,9844
513.5900607161675,9845
0.0,9846
139.3242989540154,9847
0.0,9848
138.20948938992316,9849
0.0,9850
0.0,9851
1488.8871723020295,9852
137.1935419515031,9853
0.0,9854
0.0,9855
0.0,9856
0.0,9857
0.0,9858
0.0,9859
0.0,9860
0.0,9861
0.0,9862
0.0,9863
0.0,9864
0.0,9865
0.0,9866
0.0,9867
0.0,9868
0.0,9869
0.0,9870
0.0,9871
0.0,9872
0.0,9873
0.0,9874
0.0,9875
0.0,9876
0.0,9877
0.0,9878
0.0,9879
0.0,9880
0.0,9881
0.0,9882
0.0,9883
0.0,9884
0.0,9885
0.0,9886
0.0,9887
0.0,9888
0.0,9889
0.0,9890
0.0,9891
0.0,9892
0.0,9893
0.0,9894
0.0,9895
0.0,9896
0.0,9897
0.0,9898
0.0,9899
0.0,9900
0.0,9901
0.0,9902
0.0,9903
0.0,9904
0.0,9905
0.0,9906
0.0,9907
0.0,9908
0.0,9909
0.0,9910
0.0,9911
0.0,9912
0.0,9913
0.0,9914
4078.7123044800264,9915
0.0,9916
0.0,9917
0.0,9918
0.0,9919
0.0,9920
0.0,9921
0.0,9922
0.0,9923
0.0,9924
0.0,9925
0.0,9926
0.0,9927
0.0,9928
1743.3839861780546,9929
0.0,9930
0.0,9931
0.0,9932
0.0,9933
0.0,9934
0.0,9935
0.0,9936
0.0,9937
0.0,9938
0.0,9939
0.0,9940
975.3478584525892,9941
0.0,9942
0.0,9943
0.0,9944
0.0,9945
0.0,9946
0.0,9947
0.0,9948
0.0,9949
0.0,9950
0.0,9951
0.0,9952
0.0,9953
0.0,9954
0.0,9955
0.0,9956
0.0,9957
0.0,9958
0.0,9959
0.0,9960
0.0,9961
0.0,9962
0.0,9963
0.0,9964
0.0,9965
0.0,9966
0.0,9967
0.0,9968
0.0,9969
0.0,9970
0.0,9971
0.0,9972
0.0,9973
0.0,9974
0.0,9975
0.0,9976
0.0,9977
0.0,9978
0.0,9979
236.1133850653832,9980
0.0,9981
0.0,9982
0.0,9983
0.0,9984
0.0,9985
401.28808482011357,9986
0.0,9987
0.0,9988
1294.2361022336718,9989
0.0,9990
0.0,9991
0.0,9992
0.0,9993
0.0,9994
0.0,9995
0.0,9996
0.0,9997
0.0,9998
0.0,9999
0.0,10000
0.0,10001
0.0,10002
0.0,10003
0.0,10004
0.0,10005
0.0,10006
0.0,10007
0.0,10008
0.0,10009
0.0,10010
0.0,10011
0.0,10012
0.0,10013
0.0,10014
0.0,10015
0.0,10016
0.0,10017
0.0,10018
0.0,10019
0.0,10020
0.0,10021
0.0,10022
0.0,10023
0.0,10024
0.0,10025
0.0,10026
0.0,10027
0.0,10028
0.0,10029
0.0,10030
0.0,10031
0.0,10032
0.0,10033
0.0,10034
0.0,10035
0.0,10036
0.0,10037
0.0,10038
0.0,10039
0.0,10040
0.0,10041
388.13716895968736,10042
0.0,10043
2635.4594445880352,10044
0.0,10045
0.0,10046
0.0,10047
224.111828376162,10048
1830.696327324957,10049
824.3125846990991,10050
0.0,10051
0.0,10052
0.0,10053
0.0,10054
0.0,10055
0.0,10056
0.0,10057
0.0,10058
0.0,10059
0.0,10060
0.0,10061
0.0,10062
0.0,10063
0.0,10064
3306.1146495739686,10065
0.0,10066
0.0,10067
0.0,10068
0.0,10069
0.0,10070
0.0,10071
0.0,10072
0.0,10073
0.0,10074
513.0203359659866,10075
0.0,10076
0.0,10077
0.0,10078
0.0,10079
0.0,10080
0.0,10081
3305.9343881412433,10082
0.0,10083
0.0,10084
0.0,10085
0.0,10086
0.0,10087
0.0,10088
0.0,10089
0.0,10090
0.0,10091
0.0,10092
0.0,10093
0.0,10094
0.0,10095
0.0,10096
0.0,10097
0.0,10098
0.0,10099
0.0,10100
1096.7033802832932,10101
0.0,10102
0.0,10103
0.0,10104
0.0,10105
0.0,10106
0.0,10107
0.0,10108
0.0,10109
0.0,10110
0.0,10111
0.0,10112
0.0,10113
0.0,10114
0.0,10115
0.0,10116
0.0,10117
0.0,10118
0.0,10119
0.0,10120
0.0,10121
0.0,10122
0.0,10123
1893.2968644530586,10124
0.0,10125
0.0,10126
0.0,10127
0.0,10128
0.0,10129
0.0,10130
878.4065912135156,10131
0.0,10132
0.0,10133
0.0,10134
597.0423385334191,10135
1522.934320651369,10136
0.0,10137
0.0,10138
0.0,10139
0.0,10140
0.0,10141
0.0,10142
0.0,10143
2079.7536303935685,10144
0.0,10145
0.0,10146
0.0,10147
0.0,10148
2163.823970611114,10149
1047.02372991954,10150
0.0,10151
0.0,10152
0.0,10153
0.0,10154
1692.1526632273951,10155
0.0,10156
0.0,10157
0.0,10158
0.0,10159
0.0,10160
0.0,10161
0.0,10162
0.0,10163
0.0,10164
1920.7970911903979,10165
0.0,10166
0.0,10167
0.0,10168
0.0,10169
0.0,10170
0.0,10171
0.0,10172
0.0,10173
0.0,10174
0.0,10175
0.0,10176
0.0,10177
0.0,10178
0.0,10179
0.0,10180
0.0,10181
0.0,10182
0.0,10183
0.0,10184
0.0,10185
0.0,10186
0.0,10187
47.991391206062005,10188
61.991020444845766,10189
0.0,10190
0.0,10191
0.0,10192
3255.8542069676396,10193
0.0,10194
0.0,10195
0.0,10196
0.0,10197
0.0,10198
0.0,10199
0.0,10200
0.0,10201
0.0,10202
0.0,10203
0.0,10204
0.0,10205
0.0,10206
0.0,10207
0.0,10208
0.0,10209
0.0,10210
0.0,10211
0.0,10212
0.0,10213
0.0,10214
0.0,10215
0.0,10216
0.0,10217
4575.521612701286,10218
0.0,10219
0.0,10220
0.0,10221
0.0,10222
0.0,10223
0.0,10224
0.0,10225
602.5531148192983,10226
708.228423930274,10227
601.97183502712,10228
1035.7268546127368,10229
2174.619586515848,10230
0.0,10231
0.0,10232
0.0,10233
0.0,10234
0.0,10235
0.26222748272065544,10236
0.0,10237
0.0,10238
575.5259539436065,10239
0.0,10240
0.0,10241
0.0,10242
0.0,10243
0.0,10244
1041.9971035740423,10245
0.0,10246
0.0,10247
0.0,10248
0.0,10249
0.0,10250
0.0,10251
0.0,10252
0.0,10253
0.0,10254
0.0,10255
0.0,10256
0.0,10257
0.0,10258
0.0,10259
0.0,10260
14.899946254709073,10261
0.0,10262
0.0,10263
0.0,10264
0.0,10265
0.0,10266
0.0,10267
0.0,10268
0.0,10269
0.0,10270
0.0,10271
0.0,10272
0.0,10273
0.0,10274
0.0,10275
0.0,10276
0.0,10277
0.0,10278
0.0,10279
0.0,10280
0.0,10281
0.0,10282
0.0,10283
0.0,10284
0.0,10285
0.0,10286
0.0,10287
3743.924233287114,10288
0.0,10289
0.0,10290
0.0,10291
1476.4653033012312,10292
0.0,10293
0.0,10294
0.0,10295
0.0,10296
239.0949882140949,10297
0.0,10298
0.0,10299
0.0,10300
0.0,10301
0.0,10302
0.0,10303
0.0,10304
0.0,10305
0.0,10306
0.0,10307
0.0,10308
0.0,10309
0.0,10310
0.0,10311
0.0,10312
0.0,10313
0.0,10314
0.0,10315
0.0,10316
0.0,10317
0.0,10318
0.0,10319
0.0,10320
0.0,10321
0.0,10322
0.0,10323
0.0,10324
0.0,10325
0.0,10326
0.0,10327
0.0,10328
0.0,10329
0.0,10330
0.0,10331
0.0,10332
0.0,10333
0.0,10334
0.0,10335
0.0,10336
0.0,10337
0.0,10338
0.0,10339
2014.5654061415985,10340
0.0,10341
0.0,10342
0.0,10343
0.0,10344
0.0,10345
0.0,10346
0.0,10347
0.0,10348
0.0,10349
0.0,10350
35.40790954268684,10351
0.0,10352
0.0,10353
0.0,10354
0.0,10355
0.0,10356
684.8735757664743,10357
0.0,10358
0.0,10359
0.0,10360
0.0,10361
0.0,10362
0.0,10363
0.0,10364
0.0,10365
0.0,10366
0.0,10367
0.0,10368
1116.3426658714484,10369
0.0,10370
0.0,10371
0.0,10372
0.0,10373
0.0,10374
0.0,10375
0.0,10376
0.0,10377
0.0,10378
0.0,10379
0.0,10380
0.0,10381
0.0,10382
0.0,10383
0.0,10384
0.0,10385
0.0,10386
0.0,10387
0.0,10388
0.0,10389
0.0,10390
0.0,10391
0.0,10392
0.0,10393
0.0,10394
0.0,10395
0.0,10396
0.0,10397
0.0,10398
0.0,10399
0.0,10400
0.0,10401
0.0,10402
0.0,10403
0.0,10404
0.0,10405
0.0,10406
0.0,10407
0.0,10408
0.0,10409
0.0,10410
0.0,10411
0.0,10412
0.0,10413
0.0,10414
3446.013055818117,10415
3999.4218632148118,10416
0.0,10417
0.0,10418
0.0,10419
0.0,10420
0.0,10421
3451.5537812544508,10422
3454.7243325072527,10423
3457.7951708395944,10424
2507.3303508019953,10425
510.3037057822135,10426
2553.3003935939164,10427
512.1458871610774,10428
674.298116201361,10429
0.0,10430
0.0,10431
0.0,10432
0.0,10433
0.0,10434
0.0,10435
0.0,10436
603.6543199193859,10437
0.0,10438
0.0,10439
2346.932709528707,10440
157.43882340232778,10441
0.0,10442
0.0,10443
0.0,10444
0.0,10445
0.0,10446
0.0,10447
0.0,10448
0.0,10449
0.0,10450
0.0,10451
0.0,10452
0.0,10453
0.0,10454
0.0,10455
0.0,10456
0.0,10457
1028.3677551868996,10458
0.0,10459
0.0,10460
0.0,10461
0.0,10462
0.0,10463
0.0,10464
0.0,10465
0.0,10466
0.0,10467
0.0,10468
0.0,10469
0.0,10470
363.08885125442316,10471
0.0,10472
0.0,10473
0.0,10474
0.0,10475
0.0,10476
0.0,10477
0.0,10478
0.0,10479
0.0,10480
0.0,10481
0.0,10482
0.0,10483
0.0,10484
0.0,10485
0.0,10486
0.0,10487
0.0,10488
0.0,10489
0.0,10490
0.0,10491
1028.606442100291,10492
0.0,10493
0.0,10494
0.0,10495
0.0,10496
0.0,10497
0.0,10498
0.0,10499
0.0,10500
0.0,10501
0.0,10502
0.0,10503
501.6323822037976,10504
0.0,10505
0.0,10506
2621.416442493143,10507
0.0,10508
0.0,10509
0.0,10510
0.0,10511
777.671218311708,10512
0.0,10513
0.0,10514
0.0,10515
0.0,10516
0.0,10517
0.0,10518
0.0,10519
0.0,10520
0.0,10521
0.0,10522
0.0,10523
669.0490328481833,10524
0.0,10525
667.7294666806015,10526
1464.1197382034761,10527
666.5453416623028,10528
665.0269168937613,10529
1576.815131822052,10530
0.0,10531
127.20284125343947,10532
0.0,10533
125.00083580465541,10534
1634.5536340059462,10535
1635.682908950609,10536
2433.7749883206316,10537
747.2006118291988,10538
1016.9092152551493,10539
746.4916631021082,10540
552.664462298491,10541
1020.9600268303086,10542
0.0,10543
0.0,10544
0.0,10545
0.0,10546
369.3837129612264,10547
0.0,10548
0.0,10549
0.0,10550
0.0,10551
0.0,10552
777.9036850607629,10553
0.0,10554
2500.4259233417138,10555
0.0,10556
0.0,10557
0.0,10558
0.0,10559
0.0,10560
0.0,10561
0.0,10562
0.0,10563
0.0,10564
456.4712998770155,10565
0.0,10566
0.0,10567
0.0,10568
0.0,10569
4383.53007127538,10570
0.0,10571
0.0,10572
0.0,10573
0.0,10574
0.0,10575
0.0,10576
314.4886380552759,10577
0.0,10578
0.0,10579
0.0,10580
0.0,10581
1372.1240467954378,10582
0.0,10583
0.0,10584
1349.9683888988993,10585
1350.6369714938708,10586
292.93609089014075,10587
0.0,10588
0.0,10589
0.0,10590
292.2113542085319,10591
1170.567349694637,10592
524.4234707457198,10593
0.0,10594
0.0,10595
0.0,10596
252.25507495056945,10597
0.0,10598
0.0,10599
1278.5546313842588,10600
0.0,10601
0.0,10602
0.0,10603
0.0,10604
0.0,10605
0.0,10606
0.0,10607
1386.9165576432245,10608
0.0,10609
0.0,10610
1142.5479666531915,10611
506.4860796657575,10612
0.0,10613
0.0,10614
1223.6578567168417,10615
0.0,10616
392.54665491649484,10617
844.4875971405796,10618
0.0,10619
0.0,10620
389.8836614443955,10621
397.49100873440466,10622
0.0,10623
0.0,10624
0.0,10625
0.0,10626
726.9354531581057,10627
0.0,10628
0.0,10629
270.56574794123406,10630
0.0,10631
0.0,10632
0.0,10633
0.0,10634
216.35850931672272,10635
0.0,10636
0.0,10637
0.0,10638
0.0,10639
0.0,10640
0.0,10641
267.92737506840416,10642
0.0,10643
53.540687241236846,10644
0.0,10645
0.0,10646
0.0,10647
585.2977534080076,10648
0.0,10649
0.0,10650
54.74488784181179,10651
0.0,10652
0.0,10653
1553.3930188322036,10654
0.0,10655
0.0,10656
0.0,10657
0.0,10658
0.0,10659
0.0,10660
5241.905138993145,10661
0.0,10662
0.0,10663
445.56761904552076,10664
0.0,10665
0.0,10666
0.0,10667
0.0,10668
0.0,10669
0.0,10670
0.0,10671
1190.5287262549168,10672
661.9246710115696,10673
468.35842726524544,10674
0.0,10675
0.0,10676
465.49232932069646,10677
362.03299941967265,10678
0.0,10679
0.0,10680
0.0,10681
0.0,10682
0.0,10683
0.0,10684
0.0,10685
0.0,10686
0.0,10687
0.0,10688
0.0,10689
4541.835186676585,10690
0.0,10691
0.0,10692
0.0,10693
1314.7564780271616,10694
0.0,10695
0.0,10696
0.0,10697
0.0,10698
0.0,10699
0.0,10700
0.0,10701
0.0,10702
0.0,10703
0.0,10704
0.0,10705
582.8990528526112,10706
0.0,10707
3681.4706179901327,10708
0.0,10709
0.0,10710
0.0,10711
0.0,10712
0.0,10713
0.0,10714
0.0,10715
0.0,10716
0.0,10717
0.0,10718
2413.1126183532483,10719
0.0,10720
0.0,10721
0.0,10722
0.0,10723
0.0,10724
0.0,10725
0.0,10726
0.0,10727
0.0,10728
0.0,10729
0.0,10730
0.0,10731
86.25171307899579,10732
84.1770558052921,10733
82.05955982953209,10734
0.0,10735
79.90756355250957,10736
77.73248096165919,10737
75.5464736745421,10738
73.36145734966234,10739
0.0,10740
916.4748417807314,10741
0.0,10742
0.0,10743
0.0,10744
0.0,10745
0.0,10746
0.0,10747
0.0,10748
0.0,10749
0.0,10750
0.0,10751
0.0,10752
0.0,10753
59.98405404126747,10754
761.4093403289789,10755
0.0,10756
0.0,10757
758.2565420642542,10758
0.0,10759
0.0,10760
0.0,10761
0.0,10762
0.0,10763
0.0,10764
0.0,10765
0.0,10766
0.0,10767
0.0,10768
0.0,10769
0.0,10770
0.0,10771
0.0,10772
0.0,10773
0.0,10774
0.0,10775
0.0,10776
0.0,10777
0.0,10778
0.0,10779
0.0,10780
0.0,10781
0.0,10782
0.0,10783
0.0,10784
0.0,10785
0.0,10786
0.0,10787
0.0,10788
0.0,10789
0.0,10790
0.0,10791
0.0,10792
0.0,10793
0.0,10794
0.0,10795
0.0,10796
0.0,10797
0.0,10798
0.0,10799
0.0,10800
0.0,10801
0.0,10802
0.0,10803
0.0,10804
0.0,10805
0.0,10806
0.0,10807
0.0,10808
0.0,10809
0.0,10810
0.0,10811
0.0,10812
0.0,10813
0.0,10814
0.0,10815
0.0,10816
0.0,10817
0.0,10818
0.0,10819
0.0,10820
0.0,10821
0.0,10822
0.0,10823
0.0,10824
0.0,10825
0.0,10826
0.0,10827
0.0,10828
0.0,10829
0.0,10830
0.0,10831
0.0,10832
0.0,10833
0.0,10834
0.0,10835
0.0,10836
0.0,10837
0.0,10838
0.0,10839
0.0,10840
0.0,10841
0.0,10842
1138.9037027516822,10843
0.0,10844
0.0,10845
0.0,10846
423.145697282655,10847
421.2549559333734,10848
0.0,10849
419.3410191014557,10850
0.0,10851
0.0,10852
0.0,10853
0.0,10854
1915.8495641484012,10855
0.0,10856
0.0,10857
0.0,10858
0.0,10859
0.0,10860
3447.188800576935,10861
0.0,10862
0.0,10863
0.0,10864
0.0,10865
0.0,10866
0.0,10867
0.0,10868
1341.019267555377,10869
0.0,10870
0.0,10871
0.0,10872
0.0,10873
985.5405646903457,10874
0.0,10875
0.0,10876
1340.6369378209658,10877
987.2013426504521,10878
0.0,10879
0.0,10880
0.0,10881
0.0,10882
0.0,10883
0.0,10884
1806.0567060569474,10885
0.0,10886
0.0,10887
0.0,10888
0.0,10889
122.71997106260986,10890
2261.987284439109,10891
0.0,10892
3547.2320635601955,10893
0.0,10894
864.9824033018939,10895
5140.583783169868,10896
0.0,10897
0.0,10898
31.60656709534637,10899
0.0,10900
0.0,10901
5885.200256697425,10902
862.8293450522941,10903
0.0,10904
0.0,10905
860.848809812955,10906
0.0,10907
0.0,10908
0.0,10909
0.0,10910
0.0,10911
0.0,10912
0.0,10913
0.0,10914
0.0,10915
0.0,10916
0.0,10917
0.0,10918
0.0,10919
0.0,10920
0.0,10921
0.0,10922
0.0,10923
0.0,10924
0.0,10925
0.0,10926
0.0,10927
0.0,10928
0.0,10929
0.0,10930
0.0,10931
0.0,10932
0.0,10933
0.0,10934
0.0,10935
0.0,10936
0.0,10937
0.0,10938
0.0,10939
0.0,10940
0.0,10941
0.0,10942
0.0,10943
0.0,10944
0.0,10945
0.0,10946
134.88316892685987,10947
0.0,10948
0.0,10949
0.0,10950
0.0,10951
0.0,10952
0.0,10953
0.0,10954
0.0,10955
0.0,10956
0.0,10957
0.0,10958
0.0,10959
0.0,10960
0.0,10961
0.0,10962
0.0,10963
0.0,10964
0.0,10965
0.0,10966
0.0,10967
0.0,10968
0.0,10969
0.0,10970
0.0,10971
0.0,10972
0.0,10973
0.0,10974
0.0,10975
0.0,10976
0.0,10977
0.0,10978
0.0,10979
253.01885563961116,10980
0.0,10981
0.0,10982
0.0,10983
0.0,10984
0.0,10985
0.0,10986
0.0,10987
0.0,10988
0.0,10989
0.0,10990
0.0,10991
0.0,10992
0.0,10993
0.0,10994
0.0,10995
0.0,10996
0.0,10997
0.0,10998
0.0,10999
0.0,11000
0.0,11001
0.0,11002
0.0,11003
0.0,11004
0.0,11005
0.0,11006
0.0,11007
916.0218889367321,11008
0.0,11009
0.0,11010
0.0,11011
0.0,11012
0.0,11013
0.0,11014
0.0,11015
0.0,11016
2197.9660729366565,11017
0.0,11018
0.0,11019
2198.178331385109,11020
0.0,11021
0.0,11022
0.0,11023
0.0,11024
0.0,11025
0.0,11026
0.0,11027
0.0,11028
0.0,11029
0.0,11030
0.0,11031
0.0,11032
0.0,11033
0.0,11034
0.0,11035
5494.102279637986,11036
0.0,11037
0.0,11038
0.0,11039
0.0,11040
0.0,11041
0.0,11042
0.0,11043
0.0,11044
0.0,11045
0.0,11046
0.0,11047
0.0,11048
0.0,11049
0.0,11050
0.0,11051
0.0,11052
0.0,11053
0.0,11054
0.0,11055
0.0,11056
0.0,11057
0.0,11058
0.0,11059
0.0,11060
0.0,11061
0.0,11062
0.0,11063
0.0,11064
0.0,11065
0.0,11066
0.0,11067
0.0,11068
0.0,11069
0.0,11070
0.0,11071
0.0,11072
0.0,11073
0.0,11074
0.0,11075
0.0,11076
0.0,11077
0.0,11078
0.0,11079
0.0,11080
0.0,11081
0.0,11082
0.0,11083
0.0,11084
0.0,11085
0.0,11086
0.0,11087
0.0,11088
0.0,11089
0.0,11090
0.0,11091
0.0,11092
0.0,11093
0.0,11094
0.0,11095
0.0,11096
0.0,11097
0.0,11098
0.0,11099
0.0,11100
0.0,11101
0.0,11102
0.0,11103
0.0,11104
0.0,11105
0.0,11106
0.0,11107
0.0,11108
2158.416247600716,11109
0.0,11110
0.0,11111
0.0,11112
0.0,11113
0.0,11114
1543.3278315249456,11115
0.0,11116
0.0,11117
0.0,11118
0.0,11119
0.0,11120
0.0,11121
0.0,11122
0.0,11123
0.0,11124
1.5568684062632814,11125
0.0,11126
0.0,11127
0.0,11128
0.0,11129
0.0,11130
0.0,11131
0.0,11132
0.0,11133
0.0,11134
0.0,11135
0.0,11136
0.0,11137
0.0,11138
0.0,11139
0.0,11140
0.0,11141
0.0,11142
0.0,11143
0.0,11144
0.0,11145
0.0,11146
0.0,11147
0.0,11148
0.0,11149
0.0,11150
0.0,11151
0.0,11152
0.0,11153
0.0,11154
0.0,11155
0.0,11156
0.0,11157
488.6596479302141,11158
0.0,11159
0.0,11160
0.0,11161
0.0,11162
0.0,11163
0.0,11164
0.0,11165
0.0,11166
0.0,11167
0.0,11168
0.0,11169
0.0,11170
0.0,11171
0.0,11172
0.0,11173
0.0,11174
0.0,11175
0.0,11176
0.0,11177
0.0,11178
0.0,11179
0.0,11180
0.0,11181
0.0,11182
0.0,11183
0.0,11184
0.0,11185
0.0,11186
0.0,11187
369.82562356814174,11188
0.0,11189
0.0,11190
0.0,11191
0.0,11192
0.0,11193
0.0,11194
0.0,11195
0.0,11196
0.0,11197
0.0,11198
2261.572346076159,11199
0.0,11200
0.0,11201
0.0,11202
0.0,11203
0.0,11204
0.0,11205
0.0,11206
0.0,11207
0.0,11208
0.0,11209
0.0,11210
0.0,11211
0.0,11212
0.0,11213
0.0,11214
0.0,11215
0.0,11216
0.0,11217
0.0,11218
0.0,11219
0.0,11220
0.0,11221
0.0,11222
0.0,11223
0.0,11224
0.0,11225
0.0,11226
317.6070172855353,11227
0.0,11228
321.54233741951265,11229
0.0,11230
0.0,11231
0.0,11232
0.0,11233
0.0,11234
0.0,11235
0.0,11236
0.0,11237
0.0,11238
0.0,11239
0.0,11240
0.0,11241
0.0,11242
0.0,11243
0.0,11244
92.59238386148778,11245
93.21778701418725,11246
1078.8772770894068,11247
0.0,11248
0.0,11249
0.0,11250
0.0,11251
0.0,11252
0.0,11253
0.0,11254
0.0,11255
0.0,11256
0.0,11257
0.0,11258
0.0,11259
0.0,11260
0.0,11261
0.0,11262
0.0,11263
0.0,11264
0.0,11265
0.0,11266
0.0,11267
0.0,11268
0.0,11269
0.0,11270
0.0,11271
873.3785245302334,11272
0.0,11273
0.0,11274
2006.7993379568413,11275
0.0,11276
0.0,11277
2007.1341292950767,11278
827.3223103381611,11279
0.0,11280
0.0,11281
0.0,11282
0.0,11283
0.0,11284
0.0,11285
0.0,11286
0.0,11287
0.0,11288
0.0,11289
0.0,11290
0.0,11291
0.0,11292
0.0,11293
0.0,11294
0.0,11295
0.0,11296
0.0,11297
0.0,11298
0.0,11299
0.0,11300
0.0,11301
0.0,11302
0.0,11303
0.0,11304
0.0,11305
0.0,11306
0.0,11307
0.0,11308
0.0,11309
0.0,11310
0.0,11311
0.0,11312
0.0,11313
0.0,11314
0.0,11315
0.0,11316
0.0,11317
0.0,11318
0.0,11319
0.0,11320
0.0,11321
0.0,11322
0.0,11323
0.0,11324
0.0,11325
0.0,11326
0.0,11327
0.0,11328
0.0,11329
0.0,11330
0.0,11331
0.0,11332
0.0,11333
0.0,11334
0.0,11335
0.0,11336
0.0,11337
0.0,11338
0.0,11339
0.0,11340
0.0,11341
0.0,11342
0.0,11343
0.0,11344
0.0,11345
0.0,11346
0.0,11347
0.0,11348
0.0,11349
0.0,11350
0.0,11351
0.0,11352
0.0,11353
0.0,11354
0.0,11355
0.0,11356
0.0,11357
0.0,11358
0.0,11359
0.0,11360
0.0,11361
0.0,11362
0.0,11363
0.0,11364
0.0,11365
0.0,11366
0.0,11367
0.0,11368
0.0,11369
0.0,11370
0.0,11371
0.0,11372
0.0,11373
0.0,11374
0.0,11375
0.0,11376
0.0,11377
0.0,11378
0.0,11379
0.0,11380
0.0,11381
0.0,11382
0.0,11383
0.0,11384
0.0,11385
0.0,11386
0.0,11387
0.0,11388
0.0,11389
0.0,11390
0.0,11391
0.0,11392
0.0,11393
0.0,11394
0.0,11395
0.0,11396
0.0,11397
0.0,11398
0.0,11399
0.0,11400
0.0,11401
0.0,11402
0.0,11403
0.0,11404
0.0,11405
0.0,11406
0.0,11407
0.0,11408
0.0,11409
0.0,11410
0.0,11411
0.0,11412
0.0,11413
0.0,11414
0.0,11415
0.0,11416
0.0,11417
0.0,11418
0.0,11419
0.0,11420
0.0,11421
0.0,11422
0.0,11423
0.0,11424
0.0,11425
0.0,11426
0.0,11427
0.0,11428
0.0,11429
0.0,11430
0.0,11431
0.0,11432
0.0,11433
0.0,11434
0.0,11435
0.0,11436
0.0,11437
0.0,11438
0.0,11439
0.0,11440
0.0,11441
0.0,11442
480.7484011875805,11443
0.0,11444
0.0,11445
0.0,11446
0.0,11447
0.0,11448
0.0,11449
0.0,11450
0.0,11451
0.0,11452
0.0,11453
0.0,11454
0.0,11455
0.0,11456
0.0,11457
0.0,11458
0.0,11459
0.0,11460
0.0,11461
0.0,11462
0.0,11463
0.0,11464
0.0,11465
0.0,11466
0.0,11467
0.0,11468
0.0,11469
0.0,11470
872.7352484293563,11471
870.4495700973702,11472
868.1700497269796,11473
865.9126390002594,11474
1142.0857446697535,11475
940.0913051850564,11476
826.4295929592996,11477
825.4126904018384,11478
1997.0877625450455,11479
1998.6042792204894,11480
603.4888726759524,11481
0.0,11482
0.0,11483
0.0,11484
0.0,11485
0.0,11486
0.0,11487
0.0,11488
0.0,11489
0.0,11490
0.0,11491
0.0,11492
0.0,11493
0.0,11494
0.0,11495
0.0,11496
0.0,11497
0.0,11498
0.0,11499
0.0,11500
0.0,11501
0.0,11502
0.0,11503
773.4353866645916,11504
0.0,11505
0.0,11506
0.0,11507
0.0,11508
0.0,11509
0.0,11510
775.0227216715629,11511
0.0,11512
0.0,11513
0.0,11514
0.0,11515
0.0,11516
71.21598660520229,11517
0.0,11518
0.0,11519
0.0,11520
1651.611832675465,11521
72.68161184940124,11522
0.0,11523
0.0,11524
0.0,11525
0.0,11526
0.0,11527
74.15766352767875,11528
0.0,11529
0.0,11530
0.0,11531
0.0,11532
0.0,11533
0.0,11534
0.0,11535
0.0,11536
518.857098876698,11537
0.0,11538
0.0,11539
0.0,11540
0.0,11541
0.0,11542
0.0,11543
519.9390823249513,11544
0.0,11545
0.0,11546
0.0,11547
521.0064242414272,11548
0.0,11549
0.0,11550
0.0,11551
0.0,11552
0.0,11553
1304.7901085245956,11554
1807.9770979198481,11555
0.0,11556
2053.248978036823,11557
0.0,11558
3335.386449146059,11559
0.0,11560
0.0,11561
0.0,11562
0.0,11563
0.0,11564
0.0,11565
0.0,11566
0.0,11567
0.0,11568
3338.532523233092,11569
4325.326326107578,11570
0.0,11571
0.0,11572
0.0,11573
2923.1548852235146,11574
0.0,11575
0.0,11576
2171.4661624890196,11577
0.0,11578
4326.10057479366,11579
0.0,11580
0.0,11581
0.0,11582
0.0,11583
0.0,11584
3894.905060163787,11585
0.0,11586
0.0,11587
2706.395194480997,11588
0.0,11589
2237.667228651114,11590
2334.585248004312,11591
582.9322591359158,11592
3182.4229361613097,11593
3181.067091136604,11594
2009.589209285726,11595
4136.413991309561,11596
3371.876543060452,11597
3450.5308940431537,11598
2236.4618544298337,11599
1206.7161791623307,11600
0.0,11601
4151.89641122801,11602
0.0,11603
902.2438156355398,11604
0.0,11605
291.62158862015025,11606
0.0,11607
25.51917520714821,11608
717.7654909514252,11609
2688.082765199091,11610
0.0,11611
0.0,11612
2361.0417185024507,11613
0.0,11614
1016.4480764374383,11615
1015.4962458326937,11616
875.427715916909,11617
1015.2249628601155,11618
1014.1242353555084,11619
1013.0018134784423,11620
1011.8651774657693,11621
0.0,11622
0.0,11623
0.0,11624
0.0,11625
0.0,11626
1010.7213946191358,11627
0.0,11628
0.0,11629
0.0,11630
0.0,11631
1009.5772509887131,11632
1008.4388418983253,11633
0.0,11634
876.0482154999867,11635
0.0,11636
875.0692437150037,11637
0.0,11638
1005.382785434727,11639
872.4773012471666,11640
1004.9635859638614,11641
1003.8322264764225,11642
1066.5046519259208,11643
1500.915729238715,11644
648.8641814293126,11645
0.0,11646
0.0,11647
0.0,11648
0.0,11649
0.0,11650
647.7071316910356,11651
2558.7984325337807,11652
646.9105798639599,11653
645.7523705133655,11654
644.630058508608,11655
0.0,11656
0.0,11657
0.0,11658
643.5434283949377,11659
642.4903800217272,11660
418.7666981639208,11661
1785.3504780612168,11662
0.0,11663
1266.9037795804707,11664
0.0,11665
0.0,11666
641.3192275807204,11667
1442.9747079784015,11668
0.0,11669
640.5707766551118,11670
0.0,11671
639.4730947423334,11672
0.0,11673
579.111501871188,11674
140.5839241341708,11675
139.2689130061142,11676
137.93857603973177,11677
0.0,11678
0.0,11679
0.0,11680
716.5600425586931,11681
136.82611576299246,11682
135.3900254712121,11683
0.0,11684
0.0,11685
0.0,11686
0.0,11687
0.0,11688
0.0,11689
0.0,11690
0.0,11691
0.0,11692
0.0,11693
0.0,11694
0.0,11695
0.0,11696
0.0,11697
0.0,11698
0.0,11699
0.0,11700
0.0,11701
0.0,11702
0.0,11703
0.0,11704
0.0,11705
0.0,11706
0.0,11707
0.0,11708
0.0,11709
0.0,11710
0.0,11711
0.0,11712
0.0,11713
0.0,11714
0.0,11715
0.0,11716
0.0,11717
0.0,11718
0.0,11719
0.0,11720
0.0,11721
0.0,11722
0.0,11723
0.0,11724
0.0,11725
0.0,11726
0.0,11727
0.0,11728
0.0,11729
0.0,11730
121.20188093045545,11731
0.0,11732
0.0,11733
0.0,11734
0.0,11735
0.0,11736
0.0,11737
0.0,11738
0.0,11739
0.0,11740
0.0,11741
0.0,11742
0.0,11743
0.0,11744
0.0,11745
0.0,11746
0.0,11747
0.0,11748
0.0,11749
0.0,11750
3394.2053108301347,11751
0.0,11752
0.0,11753
0.0,11754
0.0,11755
0.0,11756
576.6877301140543,11757
0.0,11758
2330.05996829604,11759
0.0,11760
2035.6978031178096,11761
1558.5770580334681,11762
0.0,11763
0.0,11764
0.0,11765
1705.540489836317,11766
0.0,11767
0.0,11768
0.0,11769
0.0,11770
0.0,11771
0.0,11772
424.39195230004657,11773
0.0,11774
0.0,11775
0.0,11776
0.0,11777
0.0,11778
0.0,11779
0.0,11780
0.0,11781
0.0,11782
0.0,11783
0.0,11784
0.0,11785
6.2522914161345895,11786
0.0,11787
0.0,11788
0.0,11789
0.0,11790
0.0,11791
0.0,11792
0.0,11793
0.0,11794
0.0,11795
0.0,11796
0.0,11797
0.0,11798
0.0,11799
0.0,11800
0.0,11801
0.0,11802
0.0,11803
0.0,11804
0.0,11805
0.0,11806
0.0,11807
0.0,11808
0.0,11809
0.0,11810
0.0,11811
0.0,11812
0.0,11813
0.0,11814
0.0,11815
0.0,11816
0.0,11817
0.0,11818
0.0,11819
2007.5776421909354,11820
0.0,11821
0.0,11822
0.0,11823
0.0,11824
0.0,11825
0.0,11826
0.0,11827
0.0,11828
0.0,11829
0.0,11830
0.0,11831
0.0,11832
0.0,11833
0.0,11834
0.0,11835
0.0,11836
0.0,11837
0.0,11838
0.0,11839
0.0,11840
0.0,11841
244.01850774065144,11842
0.0,11843
0.0,11844
0.0,11845
0.0,11846
0.0,11847
0.0,11848
0.0,11849
0.0,11850
0.0,11851
0.0,11852
0.0,11853
0.0,11854
0.0,11855
0.0,11856
0.0,11857
0.0,11858
0.0,11859
0.0,11860
0.0,11861
0.0,11862
0.0,11863
0.0,11864
0.0,11865
0.0,11866
0.0,11867
0.0,11868
0.0,11869
0.0,11870
0.0,11871
0.0,11872
0.0,11873
0.0,11874
295.9684637782244,11875
500.5005467130266,11876
0.0,11877
248.75123489142095,11878
0.0,11879
0.0,11880
0.0,11881
0.0,11882
712.0852712226856,11883
983.5133045844706,11884
0.0,11885
0.0,11886
590.868929555931,11887
0.0,11888
68.3189901644111,11889
216.3853859336723,11890
0.0,11891
0.0,11892
0.0,11893
71.37468587369061,11894
73.03131500769757,11895
0.0,11896
0.0,11897
0.0,11898
0.0,11899
0.0,11900
992.4225699329681,11901
0.0,11902
0.0,11903
0.0,11904
0.0,11905
0.0,11906
0.0,11907
0.0,11908
0.0,11909
0.0,11910
0.0,11911
0.0,11912
0.0,11913
0.0,11914
0.0,11915
0.0,11916
0.0,11917
0.0,11918
0.0,11919
0.0,11920
0.0,11921
0.0,11922
0.0,11923
0.0,11924
0.0,11925
0.0,11926
0.0,11927
0.0,11928
0.0,11929
2443.9039895841183,11930
0.0,11931
0.0,11932
0.0,11933
0.0,11934
0.0,11935
0.0,11936
0.0,11937
0.0,11938
0.0,11939
0.0,11940
0.0,11941
0.0,11942
0.0,11943
0.0,11944
0.0,11945
0.0,11946
0.0,11947
0.0,11948
0.0,11949
0.0,11950
0.0,11951
0.0,11952
0.0,11953
0.0,11954
0.0,11955
0.0,11956
0.0,11957
0.0,11958
0.0,11959
0.0,11960
0.0,11961
0.0,11962
0.0,11963
0.0,11964
0.0,11965
0.0,11966
0.0,11967
0.0,11968
0.0,11969
0.0,11970
0.0,11971
0.0,11972
0.0,11973
0.0,11974
0.0,11975
479.3408742776981,11976
0.0,11977
0.0,11978
0.0,11979
913.6584812523744,11980
0.0,11981
0.0,11982
1509.1894138295768,11983
1508.2198834814246,11984
0.0,11985
0.0,11986
0.0,11987
0.0,11988
1042.4615909652516,11989
0.0,11990
0.0,11991
0.0,11992
0.0,11993
0.0,11994
0.0,11995
0.0,11996
0.0,11997
0.0,11998
0.0,11999
634.7157064909106,12000
0.0,12001
0.0,12002
0.0,12003
0.0,12004
0.0,12005
0.0,12006
0.0,12007
672.8900416716008,12008
0.0,12009
0.0,12010
0.0,12011
0.0,12012
0.0,12013
0.0,12014
0.0,12015
0.0,12016
0.0,12017
873.4305884614677,12018
0.0,12019
0.0,12020
0.0,12021
0.0,12022
0.0,12023
131.82714062082073,12024
0.0,12025
0.0,12026
0.0,12027
0.0,12028
0.0,12029
0.0,12030
0.0,12031
0.0,12032
0.0,12033
478.17730974960324,12034
0.0,12035
0.0,12036
0.0,12037
0.0,12038
0.0,12039
0.0,12040
0.0,12041
0.0,12042
0.0,12043
0.0,12044
0.0,12045
1834.7955033511128,12046
1835.8512863608312,12047
0.0,12048
0.0,12049
0.0,12050
0.0,12051
0.0,12052
0.0,12053
306.4976731080146,12054
1836.5466283667067,12055
0.0,12056
0.0,12057
0.0,12058
0.0,12059
0.0,12060
0.0,12061
0.0,12062
0.0,12063
0.0,12064
0.0,12065
89.35959090958376,12066
0.0,12067
0.0,12068
0.0,12069
5591.350216657447,12070
0.0,12071
0.0,12072
0.0,12073
0.0,12074
84.00244736753584,12075
83.53527498084345,12076
0.0,12077
0.0,12078
0.0,12079
0.0,12080
0.0,12081
0.0,12082
0.0,12083
1178.5260120330734,12084
0.0,12085
0.0,12086
0.0,12087
0.0,12088
0.0,12089
0.0,12090
0.0,12091
0.0,12092
0.0,12093
0.0,12094
0.0,12095
0.0,12096
0.0,12097
0.0,12098
3227.4232658454544,12099
259.0097791979241,12100
0.0,12101
258.56432890697624,12102
258.19819451905374,12103
0.0,12104
0.0,12105
0.0,12106
3424.2606661898753,12107
0.0,12108
1524.1060139011277,12109
274.5497326783647,12110
2478.2003094161378,12111
0.0,12112
2884.337585345932,12113
0.0,12114
257.37447269059487,12115
0.0,12116
0.0,12117
0.0,12118
1575.055570633476,12119
1434.2986983927085,12120
430.4991424701855,12121
431.1855845702007,12122
2076.36207082898,12123
439.6042126666914,12124
0.0,12125
443.2376057675139,12126
0.0,12127
444.11867859368795,12128
0.0,12129
0.0,12130
0.0,12131
0.0,12132
1448.7291698258214,12133
0.0,12134
0.0,12135
0.0,12136
0.0,12137
0.0,12138
0.0,12139
0.0,12140
3099.7063201390542,12141
204.6048979652745,12142
3101.8098026208036,12143
0.0,12144
0.0,12145
1485.0947537449827,12146
3511.866362571703,12147
2256.6367102238496,12148
0.0,12149
2308.324894130808,12150
1627.4225887432717,12151
0.0,12152
2289.02116504254,12153
1987.8122562932413,12154
2290.8662747496646,12155
0.0,12156
2292.6767298636423,12157
2294.51995565008,12158
2296.3876203805253,12159
0.0,12160
0.0,12161
0.0,12162
0.0,12163
0.0,12164
9462.651286432838,12165
0.0,12166
0.0,12167
0.0,12168
2156.674997255742,12169
5239.382144101769,12170
0.0,12171
1084.9681910571733,12172
1083.9974490255158,12173
1082.979566015777,12174
0.0,12175
0.0,12176
0.0,12177
2237.5057181024795,12178
2240.910465821915,12179
0.0,12180
0.0,12181
0.0,12182
2244.2432343077367,12183
0.0,12184
0.0,12185
1449.713726208784,12186
182.56567747063704,12187
182.75974310874884,12188
884.5416716601961,12189
182.92924677335301,12190
2313.9400479037054,12191
469.3101740803004,12192
0.0,12193
1980.7311709096587,12194
1503.7207450924868,12195
1506.2293177503375,12196
0.0,12197
0.0,12198
7353.0666444056515,12199
0.0,12200
770.3396605326155,12201
0.0,12202
0.0,12203
0.0,12204
0.0,12205
1036.8035417416663,12206
0.0,12207
0.0,12208
0.0,12209
0.0,12210
0.0,12211
0.0,12212
0.0,12213
0.0,12214
0.0,12215
0.0,12216
0.0,12217
0.0,12218
0.0,12219
0.0,12220
0.0,12221
0.0,12222
0.0,12223
0.0,12224
0.0,12225
0.0,12226
0.0,12227
0.0,12228
0.0,12229
0.0,12230
0.0,12231
0.0,12232
0.0,12233
0.0,12234
0.0,12235
0.0,12236
825.8971668911114,12237
0.0,12238
0.0,12239
0.0,12240
1934.6442886718983,12241
450.44875416968256,12242
958.8315095996567,12243
0.0,12244
1087.1980403560042,12245
0.0,12246
0.0,12247
432.1702711047205,12248
0.0,12249
0.0,12250
0.0,12251
0.0,12252
432.6885699881976,12253
987.5538696314649,12254
0.0,12255
0.0,12256
0.0,12257
0.0,12258
985.9737945582599,12259
0.0,12260
223.42196518466608,12261
0.0,12262
0.0,12263
1273.2841542197025,12264
0.0,12265
0.0,12266
0.0,12267
0.0,12268
1494.645302738879,12269
1468.2045562355934,12270
0.0,12271
54.55492546535613,12272
0.0,12273
0.0,12274
0.0,12275
0.0,12276
0.0,12277
1984.780758265858,12278
0.0,12279
0.0,12280
0.0,12281
648.4983217515356,12282
2452.4509694430144,12283
2451.676568096819,12284
1915.5195919091109,12285
0.0,12286
0.0,12287
1913.9660350912309,12288
1912.4324911702738,12289
0.0,12290
0.0,12291
0.0,12292
0.0,12293
0.0,12294
0.0,12295
0.0,12296
0.0,12297
0.0,12298
0.0,12299
0.0,12300
0.0,12301
0.0,12302
0.0,12303
0.0,12304
0.0,12305
0.0,12306
0.0,12307
0.0,12308
0.0,12309
0.0,12310
0.0,12311
0.0,12312
0.0,12313
0.0,12314
0.0,12315
0.0,12316
0.0,12317
0.0,12318
0.0,12319
0.0,12320
0.0,12321
0.0,12322
48.29473446865376,12323
0.0,12324
0.0,12325
0.0,12326
0.0,12327
0.0,12328
1271.0752241275527,12329
0.0,12330
0.0,12331
0.0,12332
0.0,12333
0.0,12334
0.0,12335
0.0,12336
0.0,12337
0.0,12338
1473.69755191179,12339
0.0,12340
119.5060263020392,12341
0.0,12342
1470.2888815102078,12343
0.0,12344
116.99378628613773,12345
0.0,12346
1467.0686669219945,12347
0.0,12348
0.0,12349
0.0,12350
0.0,12351
260.8173813763829,12352
0.0,12353
0.0,12354
0.0,12355
1021.8497554834048,12356
0.0,12357
630.7967860498982,12358
0.0,12359
2975.4918372804946,12360
3957.344846910836,12361
3955.8409548743666,12362
3999.641726668093,12363
0.0,12364
253.96734371409747,12365
0.0,12366
1365.1315553302854,12367
1386.9847129369355,12368
2757.296926806382,12369
3522.7233954752232,12370
253.69620451549267,12371
7104.617739842586,12372
0.0,12373
3523.1188502329783,12374
2833.967120963798,12375
2090.371087303267,12376
2835.7941388641457,12377
693.3928382517387,12378
1243.3385385837994,12379
0.0,12380
4101.441723649109,12381
0.0,12382
0.0,12383
977.1455635635849,12384
699.069845858791,12385
1052.0475832238844,12386
976.579968316874,12387
1871.449130490272,12388
975.7290631171917,12389
697.4662252495766,12390
0.0,12391
0.0,12392
975.2558960829032,12393
0.0,12394
1527.2996577366905,12395
696.0402640872359,12396
973.7482791333285,12397
0.0,12398
695.2153889396304,12399
128.3909990697264,12400
0.0,12401
242.8189978162626,12402
242.42645056639435,12403
0.0,12404
1007.2815567406268,12405
241.15708708560476,12406
0.0,12407
1023.643218940225,12408
0.0,12409
1023.7863102687257,12410
0.0,12411
1023.8505481187296,12412
0.0,12413
0.0,12414
1023.8361707556427,12415
0.0,12416
0.0,12417
2938.546253825301,12418
0.0,12419
0.0,12420
1024.313983578286,12421
549.5722811326682,12422
1023.5498713665368,12423
0.0,12424
0.0,12425
0.0,12426
1023.1099885771246,12427
1022.5864940010465,12428
0.0,12429
1021.9778609971662,12430
1021.2829234054809,12431
0.0,12432
762.8510891790914,12433
0.0,12434
762.1100726126399,12435
0.0,12436
761.2786407194629,12437
0.0,12438
760.3591532948159,12439
0.0,12440
0.0,12441
759.3537864327615,12442
0.0,12443
0.0,12444
0.0,12445
0.0,12446
317.42956703059457,12447
0.0,12448
757.1274893391203,12449
55.77485926349514,12450
53.25768755867512,12451
0.0,12452
0.0,12453
753.2626019963677,12454
0.0,12455
0.0,12456
40.850200440330575,12457
0.0,12458
39.047275224679595,12459
37.15184008567649,12460
0.0,12461
35.1698653181111,12462
0.0,12463
33.10849973414518,12464
0.0,12465
0.0,12466
0.0,12467
2096.5953873793155,12468
28.725484854175498,12469
26.480650090596008,12470
0.0,12471
0.0,12472
24.20077797775041,12473
21.905977225032508,12474
506.7854706860191,12475
0.0,12476
0.0,12477
1542.5553194824765,12478
0.0,12479
17.595576878191903,12480
15.387396097568635,12481
0.0,12482
0.0,12483
0.0,12484
0.0,12485
0.0,12486
13.28793363926329,12487
11.31971641802211,12488
9.504704341163519,12489
1470.6957329700767,12490
7.054370070257558,12491
0.0,12492
5.777801269752876,12493
0.0,12494
0.0,12495
0.0,12496
4.682055843603867,12497
0.0,12498
0.0,12499
3.7616826715250604,12500
3.0035309631406104,12501
2.389314169066232,12502
0.0,12503
1.898025443261771,12504
0.0,12505
0.0,12506
0.0,12507
0.0,12508
0.0,12509
0.0,12510
1.5081421506399748,12511
1.199451303588413,12512
0.9543248519432118,12513
0.7583618624904503,12514
0.6004442697770229,12515
0.0,12516
0.0,12517
0.0,12518
0.0,12519
0.4723599941595045,12520
0.36819391744403057,12521
0.0,12522
323.0191778121395,12523
0.3466716164217494,12524
0.2829846440383872,12525
0.23550145411723866,12526
0.0,12527
0.0,12528
0.2000981574893533,12529
0.17383213214747537,12530
0.15440050576965408,12531
301.62719984320967,12532
0.2592028667712113,12533
0.0,12534
0.0,12535
0.24692162676419505,12536
0.23357914348691794,12537
0.21912228737329822,12538
0.2033780139176558,12539
0.0,12540
0.18610856595288783,12541
0.1672828399197754,12542
0.14721925928018273,12543
0.0,12544
0.0,12545
0.0,12546
0.0,12547
0.0,12548
887.1429237823679,12549
1318.8238443079474,12550
0.0,12551
0.0,12552
0.0,12553
1.2410252816116794,12554
1.255657736432744,12555
0.0,12556
0.0,12557
0.0,12558
1.2632581898403183,12559
1.2611385703489075,12560
1.2473492767524,12561
0.0,12562
1.2198619737395477,12563
0.0,12564
180.279229820214,12565
1.5478434979992464,12566
1.4625960463287218,12567
1.3621149469611218,12568
1.2484906514663459,12569
0.0,12570
1.1251482919561748,12571
0.9962103280851154,12572
0.0,12573
0.0,12574
0.865974187228036,12575
0.7385395596058267,12576
0.0,12577
0.6175467068290875,12578
0.0,12579
0.0,12580
0.5059817939771951,12581
0.0,12582
0.0,12583
0.4060343061928573,12584
0.31901858247100284,12585
486.569819530298,12586
0.14935426910071292,12587
0.08545155649031194,12588
0.04653637792780104,12589
750.7265433489814,12590
0.026090078288877,12591
937.3314640837634,12592
0.0,12593
0.0,12594
0.0,12595
0.0,12596
0.0,12597
0.0,12598
0.0,12599
0.7467189075533798,12600
0.0,12601
0.7397367138162253,12602
0.0,12603
0.7304035671630271,12604
0.0,12605
0.0,12606
0.0,12607
0.0,12608
0.0,12609
0.7162488529702368,12610
0.6931546521830587,12611
0.6574750914629021,12612
0.6077530816859384,12613
0.5453515445852226,12614
0.47401452724289306,12615
2224.3639871307805,12616
0.0,12617
0.0,12618
0.0,12619
0.21413897873403517,12620
0.0,12621
0.151611141460947,12622
1098.7826844990047,12623
0.0,12624
0.0,12625
0.2805658682695087,12626
563.151108057248,12627
887.2109242749926,12628
0.0,12629
0.0,12630
563.029992041663,12631
563.0743277941297,12632
0.0,12633
0.0,12634
767.2073591562776,12635
1023.780667965535,12636
391.22619413762607,12637
391.09081704650623,12638
0.0,12639
390.91870242309903,12640
0.0,12641
15831.63948104578,12642
390.42683586639384,12643
0.0,12644
0.0,12645
614.3628517935018,12646
0.0,12647
0.0,12648
0.0,12649
0.0,12650
0.0,12651
0.0,12652
0.0,12653
0.0,12654
0.0,12655
0.0,12656
484.4014117179726,12657
0.0,12658
870.5757712965867,12659
869.7657546381245,12660
0.0,12661
0.0,12662
868.8005405014878,12663
1640.9898896764869,12664
0.0,12665
1735.2075167750377,12666
1050.4380650115856,12667
639.1448265465194,12668
512.7624689185358,12669
509.3181751255743,12670
633.6482757473018,12671
0.0,12672
0.0,12673
0.0,12674
0.0,12675
0.0,12676
311.5640919040515,12677
15.437600755079464,12678
308.22407222613964,12679
0.0,12680
0.0,12681
0.0,12682
692.3891546383501,12683
303.9941362950442,12684
302.2411650433912,12685
1523.6415489911058,12686
1565.9063512467296,12687
682.1616598850883,12688
0.0,12689
0.0,12690
0.0,12691
1857.1239532102493,12692
921.2581590050992,12693
487.52329391761185,12694
0.0,12695
0.0,12696
0.0,12697
0.0,12698
0.0,12699
587.1963695826392,12700
2157.4039533733617,12701
2154.446056570728,12702
0.0,12703
2904.4406055359837,12704
506.62722583259955,12705
0.0,12706
0.0,12707
0.0,12708
0.0,12709
0.0,12710
0.0,12711
167.5785017768373,12712
0.0,12713
800.6354660880005,12714
0.0,12715
0.0,12716
0.0,12717
0.0,12718
0.0,12719
0.0,12720
0.0,12721
0.0,12722
163.89094834410025,12723
0.0,12724
0.0,12725
0.0,12726
0.0,12727
0.0,12728
0.0,12729
0.0,12730
161.69167213771482,12731
0.0,12732
1364.6097578009014,12733
160.70253699439868,12734
0.0,12735
0.0,12736
661.6561445195608,12737
656.8263475941117,12738
489.43426610717023,12739
0.0,12740
487.21927611069,12741
0.0,12742
0.0,12743
0.0,12744
0.0,12745
0.0,12746
0.0,12747
0.0,12748
0.0,12749
0.0,12750
0.0,12751
1173.0846622085137,12752
485.08983561507404,12753
0.0,12754
2223.999030093199,12755
738.6827285507841,12756
2895.565614113138,12757
0.0,12758
0.0,12759
0.0,12760
0.0,12761
0.0,12762
0.0,12763
0.0,12764
4471.203119077152,12765
0.0,12766
0.0,12767
0.0,12768
0.0,12769
0.0,12770
4834.668921431449,12771
0.0,12772
1807.410960389686,12773
0.0,12774
0.0,12775
0.0,12776
0.0,12777
0.0,12778
0.0,12779
2073.8165979392015,12780
0.0,12781
0.0,12782
0.0,12783
1007.1138169232166,12784
0.0,12785
0.0,12786
536.6315371691956,12787
0.0,12788
0.0,12789
0.0,12790
0.0,12791
0.0,12792
0.0,12793
0.0,12794
0.0,12795
0.0,12796
0.0,12797
625.9181159009659,12798
0.0,12799
2418.6588245128064,12800
0.0,12801
0.0,12802
0.0,12803
0.0,12804
0.0,12805
0.0,12806
276.0489690641711,12807
0.0,12808
0.0,12809
0.0,12810
0.0,12811
0.0,12812
323.0229444386909,12813
0.0,12814
0.0,12815
0.0,12816
0.0,12817
0.0,12818
0.0,12819
0.0,12820
0.0,12821
0.0,12822
0.0,12823
0.0,12824
0.0,12825
0.0,12826
0.0,12827
458.0317418361355,12828
269.3328685996223,12829
2258.8699088198528,12830
0.0,12831
0.0,12832
0.0,12833
0.0,12834
0.0,12835
0.0,12836
0.0,12837
0.0,12838
0.0,12839
0.0,12840
0.0,12841
0.0,12842
0.0,12843
0.0,12844
0.0,12845
0.0,12846
266.121788253922,12847
0.0,12848
0.0,12849
0.0,12850
0.0,12851
0.0,12852
0.0,12853
0.0,12854
0.0,12855
0.0,12856
0.0,12857
0.0,12858
0.0,12859
0.0,12860
0.0,12861
0.0,12862
0.0,12863
0.0,12864
0.0,12865
672.7745301222485,12866
3.65279415512125,12867
0.0,12868
0.0,12869
0.0,12870
0.0,12871
0.0,12872
0.0,12873
1561.780064735156,12874
0.0,12875
0.0,12876
1294.3540840684045,12877
1351.5731794412015,12878
987.2944112133716,12879
0.0,12880
985.4740670948356,12881
0.0,12882
0.0,12883
0.0,12884
0.0,12885
0.0,12886
0.0,12887
0.0,12888
0.0,12889
686.081163000766,12890
685.1754567784808,12891
0.0,12892
0.0,12893
2500.2991095967,12894
0.0,12895
0.0,12896
0.0,12897
0.0,12898
0.0,12899
0.0,12900
0.0,12901
542.6242322773214,12902
0.0,12903
0.0,12904
0.0,12905
0.0,12906
0.0,12907
0.0,12908
294.6773627340858,12909
0.0,12910
0.0,12911
0.0,12912
0.0,12913
0.0,12914
0.0,12915
0.0,12916
423.93725070854964,12917
115.09750379612278,12918
113.10716330074229,12919
1991.6115452569989,12920
0.0,12921
109.13017742901013,12922
107.29355750328801,12923
0.0,12924
0.0,12925
0.0,12926
0.0,12927
0.0,12928
0.0,12929
0.0,12930
0.0,12931
0.0,12932
0.0,12933
0.0,12934
0.0,12935
0.0,12936
0.0,12937
0.0,12938
0.0,12939
0.0,12940
0.0,12941
0.0,12942
0.0,12943
0.0,12944
0.0,12945
0.0,12946
0.0,12947
0.0,12948
0.0,12949
0.0,12950
0.0,12951
0.0,12952
0.0,12953
0.0,12954
0.0,12955
0.0,12956
0.0,12957
0.0,12958
0.0,12959
0.0,12960
0.0,12961
408.3023164430886,12962
2702.895719452649,12963
0.0,12964
0.0,12965
0.0,12966
0.0,12967
0.0,12968
0.0,12969
142.00939966196137,12970
0.0,12971
0.0,12972
0.0,12973
0.0,12974
0.0,12975
0.0,12976
0.0,12977
0.0,12978
0.0,12979
0.0,12980
0.0,12981
0.0,12982
0.0,12983
0.0,12984
0.0,12985
0.0,12986
0.0,12987
0.0,12988
0.0,12989
0.0,12990
0.0,12991
0.0,12992
0.0,12993
0.0,12994
91.62666073993931,12995
0.0,12996
0.0,12997
0.0,12998
0.0,12999
0.0,13000
0.0,13001
0.0,13002
0.0,13003
0.0,13004
0.0,13005
0.0,13006
0.0,13007
0.0,13008
0.0,13009
0.0,13010
0.0,13011
0.0,13012
0.0,13013
0.0,13014
0.0,13015
0.0,13016
0.0,13017
0.0,13018
0.0,13019
0.0,13020
0.0,13021
0.0,13022
0.0,13023
0.0,13024
0.0,13025
0.0,13026
0.0,13027
0.0,13028
0.0,13029
0.0,13030
0.0,13031
0.0,13032
0.0,13033
0.0,13034
0.0,13035
0.0,13036
0.0,13037
0.0,13038
0.0,13039
0.0,13040
0.0,13041
0.0,13042
0.0,13043
0.0,13044
0.0,13045
0.0,13046
0.0,13047
0.0,13048
22.928271988956812,13049
0.0,13050
0.0,13051
0.0,13052
0.0,13053
0.0,13054
0.0,13055
0.0,13056
184.69246235376386,13057
0.0,13058
0.0,13059
0.0,13060
0.0,13061
0.0,13062
0.0,13063
0.0,13064
0.0,13065
0.0,13066
0.0,13067
0.0,13068
0.0,13069
0.0,13070
0.0,13071
0.0,13072
152.46347056431992,13073
0.0,13074
0.0,13075
0.0,13076
0.0,13077
0.0,13078
0.0,13079
0.0,13080
151.51010661585389,13081
0.0,13082
0.0,13083
0.0,13084
0.0,13085
0.0,13086
0.0,13087
144.16450156995325,13088
0.0,13089
0.0,13090
0.0,13091
0.0,13092
116.28227161289162,13093
115.2551215815457,13094
0.0,13095
0.0,13096
0.0,13097
114.27516394136313,13098
0.0,13099
0.0,13100
0.0,13101
113.34771899955318,13102
0.0,13103
0.0,13104
0.0,13105
112.47477908340028,13106
0.0,13107
0.0,13108
0.0,13109
0.0,13110
0.0,13111
0.0,13112
0.0,13113
0.0,13114
0.0,13115
0.0,13116
0.0,13117
0.0,13118
0.0,13119
0.0,13120
0.0,13121
0.0,13122
0.0,13123
0.0,13124
0.0,13125
0.0,13126
0.0,13127
0.0,13128
0.0,13129
0.0,13130
0.0,13131
0.0,13132
0.0,13133
111.65633066229182,13134
0.0,13135
0.0,13136
0.0,13137
0.0,13138
0.0,13139
0.0,13140
0.0,13141
0.0,13142
0.0,13143
0.0,13144
0.0,13145
0.0,13146
0.0,13147
0.0,13148
0.0,13149
0.0,13150
0.0,13151
0.0,13152
0.0,13153
0.0,13154
0.0,13155
0.0,13156
0.0,13157
0.0,13158
0.0,13159
0.0,13160
0.0,13161
0.0,13162
0.0,13163
0.0,13164
0.0,13165
0.0,13166
0.0,13167
0.0,13168
0.0,13169
0.0,13170
0.0,13171
0.0,13172
0.0,13173
0.0,13174
0.0,13175
0.0,13176
0.0,13177
0.0,13178
0.0,13179
0.0,13180
0.0,13181
0.0,13182
0.0,13183
0.0,13184
0.0,13185
144.53076331292903,13186
110.31467232595766,13187
0.0,13188
109.6309824466428,13189
0.0,13190
0.0,13191
0.0,13192
0.0,13193
0.0,13194
0.0,13195
0.0,13196
0.0,13197
0.0,13198
108.9871588947304,13199
108.37891916926547,13200
0.0,13201
0.0,13202
0.0,13203
0.0,13204
0.0,13205
0.0,13206
0.0,13207
0.0,13208
0.0,13209
0.0,13210
0.0,13211
0.0,13212
0.0,13213
0.0,13214
0.0,13215
0.0,13216
0.0,13217
0.0,13218
0.0,13219
0.0,13220
0.0,13221
0.0,13222
0.0,13223
0.0,13224
0.0,13225
0.0,13226
0.0,13227
0.0,13228
0.0,13229
0.0,13230
0.0,13231
0.0,13232
0.0,13233
0.0,13234
0.0,13235
0.0,13236
0.0,13237
0.0,13238
0.0,13239
0.0,13240
0.0,13241
0.0,13242
0.0,13243
0.0,13244
0.0,13245
0.0,13246
0.0,13247
0.0,13248
0.0,13249
0.0,13250
0.0,13251
0.0,13252
0.0,13253
0.0,13254
0.0,13255
0.0,13256
0.0,13257
0.0,13258
0.0,13259
0.0,13260
0.0,13261
0.0,13262
0.0,13263
0.0,13264
0.0,13265
0.0,13266
0.0,13267
0.0,13268
0.0,13269
0.0,13270
0.0,13271
0.0,13272
0.0,13273
0.0,13274
0.0,13275
0.0,13276
0.0,13277
0.0,13278
0.0,13279
0.0,13280
643.0132374500191,13281
0.0,13282
0.0,13283
0.0,13284
0.0,13285
0.0,13286
0.0,13287
0.0,13288
0.0,13289
0.0,13290
0.0,13291
0.0,13292
0.0,13293
0.0,13294
0.0,13295
0.0,13296
0.0,13297
0.0,13298
0.0,13299
0.0,13300
0.0,13301
0.0,13302
0.0,13303
0.0,13304
0.0,13305
0.0,13306
0.0,13307
0.0,13308
0.0,13309
0.0,13310
0.0,13311
0.0,13312
0.0,13313
0.0,13314
0.0,13315
0.0,13316
0.0,13317
0.0,13318
0.0,13319
0.0,13320
0.0,13321
0.0,13322
0.0,13323
0.0,13324
0.0,13325
0.0,13326
0.0,13327
0.0,13328
0.0,13329
0.0,13330
0.0,13331
0.0,13332
0.0,13333
0.0,13334
0.0,13335
0.0,13336
0.0,13337
0.0,13338
0.0,13339
0.0,13340
0.0,13341
0.0,13342
0.0,13343
0.0,13344
0.0,13345
0.0,13346
0.0,13347
0.0,13348
0.0,13349
0.0,13350
0.0,13351
0.0,13352
0.0,13353
0.0,13354
0.0,13355
0.0,13356
0.0,13357
0.0,13358
0.0,13359
0.0,13360
0.0,13361
0.0,13362
0.0,13363
0.0,13364
0.0,13365
0.0,13366
0.0,13367
0.0,13368
0.0,13369
0.0,13370
0.0,13371
0.0,13372
0.0,13373
0.0,13374
107.83719290575628,13375
0.0,13376
0.0,13377
0.0,13378
0.0,13379
0.0,13380
107.28597204586636,13381
0.0,13382
0.0,13383
0.0,13384
0.0,13385
106.75602498624849,13386
0.0,13387
0.0,13388
0.0,13389
0.0,13390
0.0,13391
0.0,13392
0.0,13393
0.0,13394
0.0,13395
0.0,13396
0.0,13397
0.0,13398
0.0,13399
0.0,13400
0.0,13401
106.24222483967782,13402
0.0,13403
0.0,13404
0.0,13405
0.0,13406
0.0,13407
0.0,13408
0.0,13409
105.73952422874753,13410
0.0,13411
1083.7301511831934,13412
0.0,13413
0.0,13414
0.0,13415
0.0,13416
0.0,13417
0.0,13418
0.0,13419
0.0,13420
0.0,13421
0.0,13422
0.0,13423
105.31560051828673,13424
104.83407926848282,13425
0.0,13426
980.5449444138653,13427
0.0,13428
2615.207094646538,13429
0.0,13430
0.0,13431
0.0,13432
0.0,13433
0.0,13434
0.0,13435
0.0,13436
104.585488093075,13437
0.0,13438
0.0,13439
0.0,13440
0.0,13441
0.0,13442
0.0,13443
0.0,13444
0.0,13445
0.0,13446
0.0,13447
0.0,13448
0.0,13449
0.0,13450
0.0,13451
647.400564024422,13452
0.0,13453
0.0,13454
0.0,13455
0.0,13456
0.0,13457
0.0,13458
0.0,13459
3289.4548113151986,13460
503.2407800220277,13461
0.0,13462
0.0,13463
0.0,13464
0.0,13465
0.0,13466
0.0,13467
0.0,13468
0.0,13469
0.0,13470
0.0,13471
0.0,13472
0.0,13473
0.0,13474
0.0,13475
0.0,13476
0.0,13477
0.0,13478
0.0,13479
0.0,13480
0.0,13481
3599.8738507621197,13482
0.0,13483
0.0,13484
0.0,13485
0.0,13486
0.0,13487
0.0,13488
0.0,13489
0.0,13490
2763.5759080808325,13491
0.0,13492
0.0,13493
0.0,13494
0.0,13495
0.0,13496
0.0,13497
0.0,13498
1052.2723272809098,13499
1052.4006969063148,13500
0.0,13501
1255.302283902439,13502
0.0,13503
0.0,13504
0.0,13505
373.1157762114797,13506
1052.1510892329852,13507
0.0,13508
0.0,13509
0.0,13510
0.0,13511
0.0,13512
0.0,13513
0.0,13514
1052.3390118947832,13515
0.0,13516
0.0,13517
0.0,13518
0.0,13519
45.96348475233964,13520
0.0,13521
0.0,13522
0.0,13523
46.45763648324284,13524
0.0,13525
760.4200691613019,13526
0.0,13527
0.0,13528
0.0,13529
0.0,13530
47.59837699202342,13531
0.0,13532
0.0,13533
0.0,13534
0.0,13535
48.026501292692316,13536
0.0,13537
0.0,13538
761.9170939924057,13539
0.0,13540
0.0,13541
0.0,13542
0.0,13543
0.0,13544
0.0,13545
0.0,13546
0.0,13547
0.0,13548
49.05548576976556,13549
314.99594686075346,13550
0.0,13551
49.355062274152395,13552
49.69499530719785,13553
50.01314587442781,13554
0.0,13555
0.0,13556
0.0,13557
0.0,13558
0.0,13559
0.0,13560
0.0,13561
0.0,13562
2.808859448233169,13563
0.0,13564
0.0,13565
0.0,13566
0.0,13567
0.0,13568
0.0,13569
0.0,13570
0.0,13571
0.0,13572
0.0,13573
0.0,13574
0.0,13575
0.0,13576
0.0,13577
0.0,13578
0.0,13579
50.48209172351717,13580
50.75614900238128,13581
0.0,13582
0.0,13583
51.01821196269303,13584
0.0,13585
0.0,13586
0.0,13587
0.0,13588
51.26818882179169,13589
0.0,13590
0.0,13591
0.0,13592
0.0,13593
0.0,13594
0.0,13595
0.0,13596
0.0,13597
0.0,13598
0.0,13599
0.0,13600
0.0,13601
0.0,13602
0.0,13603
0.0,13604
0.0,13605
0.0,13606
0.0,13607
0.0,13608
0.0,13609
0.0,13610
0.0,13611
196.61986039656784,13612
0.0,13613
0.0,13614
0.0,13615
0.0,13616
0.0,13617
0.0,13618
0.0,13619
0.0,13620
0.0,13621
51.46872115729207,13622
0.0,13623
51.67913558900772,13624
0.0,13625
51.880585721218644,13626
0.0,13627
52.07132521989936,13628
0.0,13629
52.250433501298154,13630
52.41851476042181,13631
0.0,13632
0.0,13633
0.0,13634
0.0,13635
0.0,13636
0.0,13637
0.0,13638
0.0,13639
0.0,13640
52.577522792498065,13641
0.0,13642
0.0,13643
0.0,13644
0.0,13645
0.0,13646
52.73048441370243,13647
0.0,13648
0.0,13649
0.0,13650
0.0,13651
0.0,13652
0.0,13653
0.0,13654
0.0,13655
52.88124695514635,13656
0.0,13657
1772.2897142330526,13658
0.0,13659
0.0,13660
0.0,13661
0.0,13662
0.0,13663
0.0,13664
0.0,13665
0.0,13666
0.0,13667
0.0,13668
0.0,13669
53.54531798170885,13670
53.70251498701299,13671
53.877576490275985,13672
54.07155316708238,13673
0.0,13674
0.0,13675
54.287681593482056,13676
0.0,13677
0.0,13678
54.52992453794593,13679
54.80214637309702,13680
0.0,13681
0.0,13682
55.10772220946182,13683
0.0,13684
768.3540912250941,13685
480.11290845850914,13686
56.23022176854574,13687
56.67263460078212,13688
57.15526713136477,13689
57.67771458342784,13690
0.0,13691
0.0,13692
0.0,13693
0.0,13694
0.0,13695
0.0,13696
0.0,13697
0.0,13698
0.0,13699
0.0,13700
0.0,13701
0.0,13702
0.0,13703
0.0,13704
0.0,13705
0.0,13706
0.0,13707
0.0,13708
0.0,13709
0.0,13710
0.0,13711
58.2394213898678,13712
0.0,13713
0.0,13714
0.0,13715
0.0,13716
0.0,13717
0.0,13718
0.0,13719
58.839580986796705,13720
59.47720400511358,13721
60.15120133034283,13722
0.0,13723
0.0,13724
0.0,13725
0.0,13726
0.0,13727
60.86040595631515,13728
0.0,13729
0.0,13730
0.0,13731
0.0,13732
0.0,13733
0.0,13734
0.0,13735
0.0,13736
0.0,13737
0.0,13738
0.0,13739
0.0,13740
0.0,13741
0.0,13742
0.0,13743
0.0,13744
0.0,13745
0.0,13746
0.0,13747
0.0,13748
0.0,13749
0.0,13750
0.0,13751
0.0,13752
0.0,13753
0.0,13754
0.0,13755
0.0,13756
0.0,13757
0.0,13758
0.0,13759
0.0,13760
0.0,13761
0.0,13762
0.0,13763
0.0,13764
0.0,13765
0.0,13766
0.0,13767
0.0,13768
0.0,13769
0.0,13770
0.0,13771
0.0,13772
0.0,13773
0.0,13774
0.0,13775
0.0,13776
0.0,13777
0.0,13778
0.0,13779
0.0,13780
0.0,13781
0.0,13782
0.0,13783
0.0,13784
0.0,13785
0.0,13786
0.0,13787
0.0,13788
0.0,13789
0.0,13790
0.0,13791
0.0,13792
0.0,13793
0.0,13794
0.0,13795
0.0,13796
0.0,13797
0.0,13798
0.0,13799
0.0,13800
0.0,13801
0.0,13802
0.0,13803
0.0,13804
0.0,13805
0.0,13806
0.0,13807
0.0,13808
0.0,13809
0.0,13810
0.0,13811
0.0,13812
0.0,13813
0.0,13814
0.0,13815
0.0,13816
0.0,13817
0.0,13818
0.0,13819
0.0,13820
0.0,13821
0.0,13822
0.0,13823
0.0,13824
0.0,13825
271.0123519404193,13826
0.0,13827
269.2123711792459,13828
0.0,13829
154.28856625881946,13830
152.2289023578556,13831
324.7552504052381,13832
323.7735289029814,13833
0.0,13834
0.0,13835
1068.9895363038374,13836
0.0,13837
0.0,13838
1722.2338739344825,13839
0.0,13840
0.0,13841
0.0,13842
0.0,13843
0.0,13844
0.0,13845
0.0,13846
0.0,13847
0.0,13848
0.0,13849
0.0,13850
0.0,13851
0.0,13852
0.0,13853
521.2680048436798,13854
0.0,13855
0.0,13856
0.0,13857
0.0,13858
0.0,13859
0.0,13860
0.0,13861
0.0,13862
0.0,13863
0.0,13864
0.0,13865
0.0,13866
0.0,13867
0.0,13868
0.0,13869
0.0,13870
0.0,13871
0.0,13872
0.0,13873
2792.5056713730132,13874
0.0,13875
0.0,13876
0.0,13877
0.0,13878
0.0,13879
0.0,13880
0.0,13881
0.0,13882
0.0,13883
0.0,13884
0.0,13885
0.0,13886
0.0,13887
0.0,13888
0.0,13889
0.0,13890
0.0,13891
3539.1132517261844,13892
0.0,13893
0.0,13894
0.0,13895
0.0,13896
0.0,13897
0.0,13898
0.0,13899
0.0,13900
0.0,13901
0.0,13902
0.0,13903
0.0,13904
0.0,13905
0.0,13906
0.0,13907
0.0,13908
0.0,13909
0.0,13910
0.0,13911
0.0,13912
0.0,13913
0.0,13914
0.0,13915
0.0,13916
0.0,13917
0.0,13918
0.0,13919
0.0,13920
0.0,13921
0.0,13922
0.0,13923
0.0,13924
0.0,13925
0.0,13926
0.0,13927
3789.5607923981815,13928
0.0,13929
0.0,13930
0.0,13931
0.0,13932
0.0,13933
0.0,13934
0.0,13935
0.0,13936
0.0,13937
0.0,13938
0.0,13939
0.0,13940
0.0,13941
0.0,13942
0.0,13943
0.0,13944
686.2105048738969,13945
0.0,13946
0.0,13947
0.0,13948
0.0,13949
0.0,13950
0.0,13951
0.0,13952
0.0,13953
0.0,13954
0.0,13955
1751.498773614559,13956
0.0,13957
0.0,13958
0.0,13959
0.0,13960
0.0,13961
0.0,13962
0.0,13963
0.0,13964
0.0,13965
0.0,13966
0.0,13967
0.0,13968
0.0,13969
0.0,13970
0.0,13971
0.0,13972
0.0,13973
0.0,13974
0.0,13975
0.0,13976
1256.4436138875735,13977
0.0,13978
0.0,13979
0.0,13980
0.0,13981
0.0,13982
0.0,13983
0.0,13984
0.0,13985
0.0,13986
0.0,13987
0.0,13988
0.0,13989
0.0,13990
0.0,13991
0.0,13992
0.0,13993
0.0,13994
0.0,13995
0.0,13996
0.0,13997
0.0,13998
0.0,13999
0.0,14000
0.0,14001
0.0,14002
0.0,14003
0.0,14004
0.0,14005
0.0,14006
0.0,14007
0.0,14008
0.0,14009
0.0,14010
1269.8397291566637,14011
0.0,14012
0.0,14013
0.0,14014
1272.5584130607679,14015
0.0,14016
7092.370034734888,14017
0.0,14018
0.0,14019
0.0,14020
0.0,14021
0.0,14022
0.0,14023
0.0,14024
0.0,14025
1275.756826183754,14026
0.0,14027
0.0,14028
6633.059754268876,14029
0.0,14030
0.0,14031
0.0,14032
0.0,14033
0.0,14034
0.0,14035
0.0,14036
0.0,14037
0.0,14038
0.0,14039
0.0,14040
43.86631571578228,14041
0.0,14042
0.0,14043
0.0,14044
0.0,14045
0.0,14046
0.0,14047
0.0,14048
0.0,14049
46.521063628945235,14050
0.0,14051
0.0,14052
0.0,14053
0.0,14054
0.0,14055
49.174206895105115,14056
0.0,14057
0.0,14058
0.0,14059
0.0,14060
0.0,14061
0.0,14062
0.0,14063
0.0,14064
0.0,14065
0.0,14066
0.0,14067
0.0,14068
0.0,14069
0.0,14070
0.0,14071
0.0,14072
0.0,14073
0.0,14074
0.0,14075
0.0,14076
0.0,14077
0.0,14078
0.0,14079
1034.9377624924268,14080
0.0,14081
0.0,14082
0.0,14083
0.0,14084
0.0,14085
0.0,14086
0.0,14087
0.0,14088
0.0,14089
0.0,14090
0.0,14091
0.0,14092
0.0,14093
0.0,14094
0.0,14095
0.0,14096
0.0,14097
0.0,14098
0.0,14099
0.0,14100
0.0,14101
0.0,14102
0.0,14103
0.0,14104
0.0,14105
0.0,14106
0.0,14107
0.0,14108
0.0,14109
0.0,14110
0.0,14111
0.0,14112
0.0,14113
0.0,14114
0.0,14115
0.0,14116
0.0,14117
0.0,14118
0.0,14119
0.0,14120
0.0,14121
0.0,14122
0.0,14123
0.0,14124
0.0,14125
0.0,14126
0.0,14127
0.0,14128
0.0,14129
0.0,14130
0.0,14131
0.0,14132
0.0,14133
0.0,14134
0.0,14135
0.0,14136
0.0,14137
0.0,14138
0.0,14139
0.0,14140
0.0,14141
0.0,14142
0.0,14143
0.0,14144
0.0,14145
0.0,14146
0.0,14147
0.0,14148
0.0,14149
0.0,14150
0.0,14151
0.0,14152
0.0,14153
0.0,14154
0.0,14155
0.0,14156
0.0,14157
0.0,14158
0.0,14159
0.0,14160
0.0,14161
0.0,14162
0.0,14163
0.0,14164
0.0,14165
0.0,14166
0.0,14167
0.0,14168
0.0,14169
0.0,14170
0.0,14171
0.0,14172
0.0,14173
0.0,14174
0.0,14175
0.0,14176
0.0,14177
0.0,14178
0.0,14179
0.0,14180
0.0,14181
0.0,14182
0.0,14183
0.0,14184
0.0,14185
0.0,14186
0.0,14187
0.0,14188
0.0,14189
0.0,14190
0.0,14191
425.9724295537523,14192
0.0,14193
0.0,14194
0.0,14195
0.0,14196
0.0,14197
0.0,14198
0.0,14199
0.0,14200
0.0,14201
0.0,14202
0.0,14203
0.0,14204
0.0,14205
0.0,14206
0.0,14207
0.0,14208
0.0,14209
0.0,14210
0.0,14211
76.84109255069022,14212
0.0,14213
0.0,14214
0.0,14215
0.0,14216
0.0,14217
0.0,14218
0.0,14219
0.0,14220
0.0,14221
0.0,14222
0.0,14223
0.0,14224
0.0,14225
0.0,14226
0.0,14227
0.0,14228
0.0,14229
0.0,14230
0.0,14231
0.0,14232
0.0,14233
0.0,14234
0.0,14235
0.0,14236
0.0,14237
0.0,14238
0.0,14239
0.0,14240
0.0,14241
0.0,14242
0.0,14243
0.0,14244
0.0,14245
0.0,14246
0.0,14247
0.0,14248
0.0,14249
0.0,14250
0.0,14251
0.0,14252
0.0,14253
0.0,14254
0.0,14255
0.0,14256
0.0,14257
0.0,14258
0.0,14259
0.0,14260
0.0,14261
0.0,14262
0.0,14263
0.0,14264
0.0,14265
0.0,14266
0.0,14267
0.0,14268
0.0,14269
0.0,14270
0.0,14271
0.0,14272
0.0,14273
0.0,14274
0.0,14275
0.0,14276
0.0,14277
0.0,14278
0.0,14279
0.0,14280
0.0,14281
0.0,14282
0.0,14283
0.0,14284
0.0,14285
0.0,14286
0.0,14287
5732.249280561884,14288
0.0,14289
0.0,14290
0.0,14291
0.0,14292
0.0,14293
0.0,14294
0.0,14295
0.0,14296
0.0,14297
0.0,14298
0.0,14299
0.0,14300
0.0,14301
0.0,14302
0.0,14303
0.0,14304
0.0,14305
0.0,14306
0.0,14307
0.0,14308
0.0,14309
0.0,14310
0.0,14311
1245.093140427616,14312
0.0,14313
0.0,14314
0.0,14315
0.0,14316
0.0,14317
0.0,14318
1276.4116439249103,14319
0.0,14320
0.0,14321
0.0,14322
0.0,14323
0.0,14324
0.0,14325
0.0,14326
0.0,14327
0.0,14328
0.0,14329
0.0,14330
0.0,14331
0.0,14332
0.0,14333
0.0,14334
0.0,14335
0.0,14336
0.0,14337
0.0,14338
0.0,14339
0.0,14340
0.0,14341
0.0,14342
0.0,14343
0.0,14344
0.0,14345
0.0,14346
0.0,14347
0.0,14348
0.0,14349
0.0,14350
0.0,14351
0.0,14352
0.0,14353
0.0,14354
0.0,14355
0.0,14356
0.0,14357
0.0,14358
0.0,14359
0.0,14360
0.0,14361
0.0,14362
2318.21721876122,14363
0.0,14364
0.0,14365
0.0,14366
0.0,14367
0.0,14368
0.0,14369
0.0,14370
0.0,14371
0.0,14372
0.0,14373
0.0,14374
0.0,14375
0.0,14376
0.0,14377
0.0,14378
0.0,14379
0.0,14380
0.0,14381
0.0,14382
0.0,14383
0.0,14384
0.0,14385
0.0,14386
0.0,14387
0.0,14388
0.0,14389
0.0,14390
0.0,14391
0.0,14392
288.59649169094837,14393
0.0,14394
0.0,14395
0.0,14396
0.0,14397
0.0,14398
0.0,14399
0.0,14400
0.0,14401
0.0,14402
0.0,14403
0.0,14404
0.0,14405
0.0,14406
0.0,14407
0.0,14408
0.0,14409
0.0,14410
0.0,14411
0.0,14412
0.0,14413
0.0,14414
0.0,14415
0.0,14416
0.0,14417
0.0,14418
0.0,14419
0.0,14420
0.0,14421
0.0,14422
0.0,14423
0.0,14424
0.0,14425
0.0,14426
0.0,14427
0.0,14428
0.0,14429
0.0,14430
0.0,14431
0.0,14432
0.0,14433
0.0,14434
57.04801096750528,14435
0.0,14436
0.0,14437
0.0,14438
0.0,14439
0.0,14440
0.0,14441
0.0,14442
0.0,14443
0.0,14444
0.0,14445
0.0,14446
0.0,14447
0.0,14448
0.0,14449
0.0,14450
0.0,14451
0.0,14452
0.0,14453
0.0,14454
1176.307392205167,14455
0.0,14456
0.0,14457
0.0,14458
0.0,14459
0.0,14460
0.0,14461
0.0,14462
0.0,14463
0.0,14464
0.0,14465
0.0,14466
0.0,14467
0.0,14468
0.0,14469
0.0,14470
0.0,14471
0.0,14472
0.0,14473
0.0,14474
0.0,14475
0.0,14476
0.0,14477
0.0,14478
0.0,14479
0.0,14480
0.0,14481
975.3676252246612,14482
0.0,14483
0.0,14484
0.0,14485
0.0,14486
0.0,14487
0.0,14488
0.0,14489
0.0,14490
0.0,14491
0.0,14492
325.8966315118065,14493
0.0,14494
0.0,14495
0.0,14496
0.0,14497
0.0,14498
0.0,14499
0.0,14500
0.0,14501
0.0,14502
1172.1355597762154,14503
0.0,14504
0.0,14505
0.0,14506
0.0,14507
0.0,14508
0.0,14509
0.0,14510
0.0,14511
0.0,14512
0.0,14513
277.32218190373385,14514
0.0,14515
0.0,14516
0.0,14517
0.0,14518
0.0,14519
0.0,14520
0.0,14521
0.0,14522
0.0,14523
2660.143972932101,14524
0.0,14525
0.0,14526
0.0,14527
7.1415533379916365,14528
1754.2430976666583,14529
0.0,14530
0.0,14531
0.0,14532
0.0,14533
0.0,14534
2302.2766892114532,14535
0.0,14536
0.0,14537
2539.538171738528,14538
2541.240033856681,14539
0.0,14540
0.0,14541
0.0,14542
0.0,14543
0.0,14544
569.9804610645523,14545
0.0,14546
0.0,14547
755.4611037307637,14548
0.0,14549
0.0,14550
0.0,14551
2613.5354321809064,14552
0.0,14553
0.0,14554
0.0,14555
0.0,14556
0.0,14557
0.0,14558
0.0,14559
0.0,14560
1346.9267843742791,14561
833.7567789931227,14562
0.0,14563
0.0,14564
2284.964817297702,14565
1588.6582325842446,14566
2879.0019271734413,14567
1588.9229730411648,14568
0.0,14569
0.0,14570
688.5304130810123,14571
0.0,14572
0.0,14573
0.0,14574
0.0,14575
0.0,14576
0.0,14577
0.0,14578
0.0,14579
0.0,14580
1988.454331875577,14581
0.0,14582
0.0,14583
0.0,14584
1651.2895821081624,14585
0.0,14586
0.0,14587
0.0,14588
0.0,14589
0.0,14590
0.0,14591
0.0,14592
0.0,14593
0.0,14594
0.0,14595
0.0,14596
0.0,14597
0.0,14598
0.0,14599
0.0,14600
172.20136485400295,14601
0.0,14602
0.0,14603
90.108747359258,14604
0.0,14605
2408.9481044742497,14606
0.0,14607
2025.7435222770393,14608
0.0,14609
0.0,14610
2409.986918032303,14611
0.0,14612
2311.0860892910023,14613
660.8970194953561,14614
2311.9860867004304,14615
0.0,14616
0.0,14617
0.0,14618
0.0,14619
0.0,14620
0.0,14621
0.0,14622
0.0,14623
117.45801132363029,14624
116.51141805612333,14625
0.0,14626
0.0,14627
0.0,14628
0.0,14629
0.0,14630
0.0,14631
0.0,14632
0.0,14633
0.0,14634
0.0,14635
0.0,14636
0.0,14637
608.8523121543869,14638
0.0,14639
0.0,14640
0.0,14641
0.0,14642
0.0,14643
1604.572610005637,14644
0.0,14645
0.0,14646
0.0,14647
0.0,14648
0.0,14649
0.0,14650
0.0,14651
0.0,14652
0.0,14653
0.0,14654
0.0,14655
0.0,14656
0.0,14657
0.0,14658
0.0,14659
0.0,14660
0.0,14661
0.0,14662
0.0,14663
0.0,14664
308.0643974620276,14665
0.0,14666
0.0,14667
0.0,14668
0.0,14669
0.0,14670
0.0,14671
0.0,14672
0.0,14673
0.0,14674
0.0,14675
0.0,14676
0.0,14677
0.0,14678
0.0,14679
0.0,14680
0.0,14681
0.0,14682
0.0,14683
0.0,14684
0.0,14685
0.0,14686
0.0,14687
0.0,14688
0.0,14689
0.0,14690
0.0,14691
0.0,14692
0.0,14693
0.0,14694
0.0,14695
0.0,14696
0.0,14697
0.0,14698
0.0,14699
0.0,14700
3470.439635049954,14701
0.0,14702
0.0,14703
0.0,14704
0.0,14705
0.0,14706
0.0,14707
0.0,14708
0.0,14709
0.0,14710
0.0,14711
0.0,14712
0.0,14713
0.0,14714
0.0,14715
0.0,14716
0.0,14717
0.0,14718
0.0,14719
0.0,14720
0.0,14721
0.0,14722
0.0,14723
204.8457066726025,14724
0.0,14725
0.0,14726
0.0,14727
334.7617898285836,14728
0.0,14729
0.0,14730
0.0,14731
0.0,14732
1665.9967837474965,14733
199.71992319509644,14734
0.0,14735
1027.174937789341,14736
0.0,14737
0.0,14738
332.22530277176907,14739
0.0,14740
0.0,14741
1172.418274785701,14742
6602.679216402184,14743
0.0,14744
0.0,14745
0.0,14746
0.0,14747
0.0,14748
0.0,14749
0.0,14750
0.0,14751
0.0,14752
139.22721909974348,14753
0.0,14754
0.0,14755
0.0,14756
644.3003343651916,14757
0.0,14758
158.98491638706156,14759
0.0,14760
0.0,14761
0.0,14762
0.0,14763
0.0,14764
0.0,14765
0.0,14766
0.0,14767
0.0,14768
0.0,14769
0.0,14770
0.0,14771
0.0,14772
0.0,14773
0.0,14774
0.0,14775
0.0,14776
0.0,14777
0.0,14778
122.30991315298104,14779
946.5565459291237,14780
0.0,14781
0.0,14782
947.4370992554884,14783
0.0,14784
739.9348104840219,14785
0.0,14786
0.0,14787
948.2909413551557,14788
0.0,14789
949.2207074560882,14790
0.0,14791
950.1761276084222,14792
951.1597832209001,14793
952.1752506960008,14794
0.0,14795
0.0,14796
0.0,14797
0.0,14798
0.0,14799
0.0,14800
174.75686385853777,14801
440.49720836336303,14802
0.0,14803
44.4719307766388,14804
0.0,14805
0.0,14806
3668.116698659223,14807
0.0,14808
0.0,14809
0.0,14810
0.0,14811
18073.096035488637,14812
1871.7643653137375,14813
0.0,14814
0.0,14815
0.0,14816
882.9871720215409,14817
0.0,14818
0.0,14819
0.0,14820
0.0,14821
0.0,14822
0.0,14823
0.0,14824
0.0,14825
1846.0518974076856,14826
0.0,14827
0.0,14828
3236.1488554797606,14829
2583.713149141306,14830
3234.7502948615775,14831
0.0,14832
0.0,14833
0.0,14834
0.0,14835
103.21459564144735,14836
0.0,14837
0.0,14838
0.0,14839
0.0,14840
0.0,14841
0.0,14842
0.0,14843
0.0,14844
0.0,14845
0.0,14846
0.0,14847
0.0,14848
0.0,14849
0.0,14850
1447.091462657782,14851
0.0,14852
0.0,14853
0.0,14854
0.0,14855
0.0,14856
0.0,14857
0.0,14858
862.9621366312757,14859
0.0,14860
514.5834116077249,14861
0.0,14862
1788.086940965021,14863
0.0,14864
0.0,14865
0.0,14866
3837.6099091336355,14867
581.6882927781955,14868
0.0,14869
0.0,14870
0.0,14871
0.0,14872
0.0,14873
0.0,14874
0.0,14875
0.0,14876
0.0,14877
0.0,14878
788.4751337869922,14879
2060.881039802312,14880
0.0,14881
533.0393054281583,14882
0.0,14883
0.0,14884
0.0,14885
3346.2292720218798,14886
0.0,14887
0.0,14888
0.0,14889
0.0,14890
263.95853984660687,14891
0.0,14892
0.0,14893
0.0,14894
1510.7921384475746,14895
0.0,14896
0.0,14897
0.0,14898
0.0,14899
0.0,14900
0.0,14901
0.0,14902
0.0,14903
460.841364388531,14904
248.4675473754466,14905
0.0,14906
0.0,14907
0.0,14908
0.0,14909
0.0,14910
0.0,14911
0.0,14912
0.0,14913
2002.6456803666192,14914
0.0,14915
0.0,14916
0.0,14917
2.0650740982236147,14918
0.0,14919
0.0,14920
2722.2028051492293,14921
689.7986264481988,14922
692.4136552239501,14923
3545.563567679826,14924
299.18518976679565,14925
0.0,14926
2047.514098399754,14927
0.0,14928
4579.757112206244,14929
0.0,14930
0.0,14931
2191.2392089874234,14932
0.0,14933
0.0,14934
0.0,14935
0.0,14936
0.0,14937
0.0,14938
0.0,14939
0.0,14940
251.59211189381435,14941
0.0,14942
0.0,14943
0.0,14944
0.0,14945
0.0,14946
0.0,14947
644.3790433315515,14948
0.0,14949
0.0,14950
0.0,14951
197.35603444147844,14952
0.0,14953
0.0,14954
0.0,14955
0.0,14956
0.0,14957
0.0,14958
0.0,14959
0.0,14960
0.0,14961
0.0,14962
0.0,14963
0.0,14964
0.0,14965
385.4187921668897,14966
0.0,14967
0.0,14968
0.0,14969
0.0,14970
1613.0435951377901,14971
0.0,14972
0.0,14973
0.0,14974
0.0,14975
0.0,14976
0.0,14977
0.0,14978
0.0,14979
0.0,14980
0.0,14981
626.595488241714,14982
0.0,14983
0.0,14984
0.0,14985
0.0,14986
0.0,14987
0.0,14988
4018.941109066179,14989
0.0,14990
0.0,14991
0.0,14992
0.0,14993
0.0,14994
0.0,14995
0.0,14996
0.0,14997
0.0,14998
0.0,14999
0.0,15000
0.0,15001
0.0,15002
1277.1336429428468,15003
630.5294533251308,15004
0.0,15005
0.0,15006
0.0,15007
0.0,15008
0.0,15009
0.0,15010
0.0,15011
0.0,15012
0.0,15013
0.0,15014
344.92494687861165,15015
0.0,15016
0.0,15017
0.0,15018
0.0,15019
0.0,15020
0.0,15021
0.0,15022
0.0,15023
0.0,15024
0.0,15025
0.0,15026
0.0,15027
0.0,15028
0.0,15029
0.0,15030
0.0,15031
2840.31081639607,15032
0.0,15033
0.0,15034
0.0,15035
0.0,15036
0.0,15037
0.0,15038
0.0,15039
0.0,15040
0.0,15041
0.0,15042
0.0,15043
493.7182955379772,15044
0.0,15045
0.0,15046
0.0,15047
0.0,15048
0.0,15049
0.0,15050
0.0,15051
0.0,15052
0.0,15053
0.0,15054
0.0,15055
0.0,15056
0.0,15057
0.0,15058
0.0,15059
179.99703742896511,15060
0.0,15061
0.0,15062
0.0,15063
177.82367448337007,15064
175.72216012581393,15065
0.0,15066
87.80073417367235,15067
890.0071734444273,15068
0.0,15069
0.0,15070
588.8801148214344,15071
0.0,15072
588.98582852147,15073
4434.312701658647,15074
0.0,15075
0.0,15076
1719.7935241987936,15077
0.0,15078
0.0,15079
3264.0529819420735,15080
0.0,15081
0.0,15082
1071.5364917197373,15083
0.0,15084
0.0,15085
21.70406533246041,15086
0.0,15087
0.0,15088
0.0,15089
0.0,15090
0.0,15091
0.0,15092
2131.584945912699,15093
0.0,15094
0.0,15095
0.0,15096
0.0,15097
0.0,15098
0.0,15099
0.0,15100
0.0,15101
1424.694101957066,15102
0.0,15103
0.0,15104
0.0,15105
0.0,15106
0.0,15107
1177.952863939485,15108
0.0,15109
642.3835856981844,15110
0.0,15111
0.0,15112
0.0,15113
0.0,15114
2081.9108964468783,15115
2082.460483959397,15116
0.0,15117
0.0,15118
0.0,15119
0.0,15120
0.0,15121
0.0,15122
0.0,15123
0.0,15124
0.0,15125
0.0,15126
2709.1857709641754,15127
0.0,15128
0.0,15129
0.0,15130
0.0,15131
0.0,15132
0.0,15133
0.0,15134
0.0,15135
0.0,15136
0.0,15137
0.0,15138
0.0,15139
0.0,15140
0.0,15141
0.0,15142
0.0,15143
0.0,15144
0.0,15145
0.0,15146
0.0,15147
1465.315644595017,15148
0.0,15149
0.0,15150
0.0,15151
0.0,15152
0.0,15153
0.0,15154
0.0,15155
0.0,15156
0.0,15157
0.0,15158
0.0,15159
0.0,15160
0.0,15161
0.0,15162
0.0,15163
0.0,15164
0.0,15165
0.0,15166
0.0,15167
0.0,15168
0.0,15169
0.0,15170
0.0,15171
0.0,15172
0.0,15173
0.0,15174
0.0,15175
0.0,15176
0.0,15177
0.0,15178
1350.9700463642353,15179
0.0,15180
0.0,15181
110.89842014774095,15182
0.0,15183
0.0,15184
0.0,15185
0.0,15186
1246.5238217744416,15187
0.0,15188
0.0,15189
0.0,15190
0.0,15191
0.0,15192
0.0,15193
0.0,15194
560.1770666444124,15195
567.3477347541757,15196
0.0,15197
0.0,15198
0.0,15199
494.6473803814997,15200
0.0,15201
0.0,15202
376.0206305077768,15203
0.0,15204
0.0,15205
0.0,15206
0.0,15207
0.0,15208
0.0,15209
0.0,15210
0.0,15211
0.0,15212
0.0,15213
0.0,15214
0.0,15215
0.0,15216
1211.3122920514716,15217
0.0,15218
0.0,15219
0.0,15220
0.0,15221
0.0,15222
0.0,15223
0.0,15224
0.0,15225
0.0,15226
0.0,15227
0.0,15228
0.0,15229
0.0,15230
0.0,15231
0.0,15232
4009.8575516511974,15233
0.0,15234
0.0,15235
1031.229436483456,15236
0.0,15237
0.0,15238
0.0,15239
0.0,15240
0.0,15241
0.0,15242
0.0,15243
0.0,15244
0.0,15245
933.677938686727,15246
0.0,15247
1869.4470035211496,15248
0.0,15249
589.2085096221849,15250
0.0,15251
0.0,15252
769.6812060182577,15253
1547.9371951438895,15254
0.0,15255
0.0,15256
0.0,15257
380.20215901807484,15258
2325.86207388337,15259
0.0,15260
0.0,15261
0.0,15262
1432.8090850040912,15263
0.0,15264
0.0,15265
0.0,15266
0.0,15267
0.0,15268
0.0,15269
0.0,15270
0.0,15271
0.0,15272
0.0,15273
0.0,15274
0.0,15275
0.0,15276
0.0,15277
0.0,15278
0.0,15279
0.0,15280
0.0,15281
0.0,15282
0.0,15283
0.0,15284
149.47404314619246,15285
0.0,15286
0.0,15287
0.0,15288
0.0,15289
2594.745107753913,15290
0.0,15291
0.0,15292
1159.626002675475,15293
1156.3281887512844,15294
1153.0946326982587,15295
0.0,15296
0.0,15297
0.0,15298
0.0,15299
0.0,15300
0.0,15301
0.0,15302
0.0,15303
0.0,15304
0.0,15305
0.0,15306
0.0,15307
0.0,15308
0.0,15309
0.0,15310
0.0,15311
276.60022027988936,15312
0.0,15313
420.2494318848638,15314
0.0,15315
0.0,15316
0.0,15317
0.0,15318
0.0,15319
0.0,15320
0.0,15321
0.0,15322
0.0,15323
0.0,15324
0.0,15325
0.0,15326
0.0,15327
0.0,15328
0.0,15329
0.0,15330
0.0,15331
0.0,15332
0.0,15333
0.0,15334
0.0,15335
0.0,15336
0.0,15337
0.0,15338
0.0,15339
0.0,15340
0.0,15341
0.0,15342
0.0,15343
0.0,15344
0.0,15345
0.0,15346
0.0,15347
0.0,15348
0.0,15349
0.0,15350
0.0,15351
0.0,15352
0.0,15353
0.0,15354
0.0,15355
0.0,15356
0.0,15357
0.0,15358
0.0,15359
0.0,15360
0.0,15361
0.0,15362
0.0,15363
0.0,15364
0.0,15365
0.0,15366
0.0,15367
0.0,15368
0.0,15369
0.0,15370
0.0,15371
0.0,15372
0.0,15373
0.0,15374
0.0,15375
0.0,15376
1365.2841317196107,15377
0.0,15378
0.0,15379
0.0,15380
0.0,15381
0.0,15382
0.0,15383
0.0,15384
0.0,15385
0.0,15386
0.0,15387
0.0,15388
0.0,15389
0.0,15390
0.0,15391
0.0,15392
0.0,15393
0.0,15394
0.0,15395
0.0,15396
0.0,15397
0.0,15398
0.0,15399
0.0,15400
0.0,15401
0.0,15402
0.0,15403
0.0,15404
0.0,15405
0.0,15406
0.0,15407
0.0,15408
0.0,15409
0.0,15410
0.0,15411
0.0,15412
0.0,15413
0.0,15414
0.0,15415
0.0,15416
0.0,15417
0.0,15418
0.0,15419
0.0,15420
0.0,15421
0.0,15422
0.0,15423
0.0,15424
0.0,15425
0.0,15426
0.0,15427
0.0,15428
0.0,15429
0.0,15430
0.0,15431
0.0,15432
0.0,15433
0.0,15434
0.0,15435
0.0,15436
0.0,15437
0.0,15438
0.0,15439
0.0,15440
0.0,15441
0.0,15442
0.0,15443
0.0,15444
0.0,15445
0.0,15446
0.0,15447
0.0,15448
0.0,15449
0.0,15450
0.0,15451
0.0,15452
0.0,15453
0.0,15454
0.0,15455
0.0,15456
0.0,15457
0.0,15458
0.0,15459
0.0,15460
0.0,15461
0.0,15462
0.0,15463
0.0,15464
0.0,15465
0.0,15466
0.0,15467
0.0,15468
0.0,15469
0.0,15470
0.0,15471
0.0,15472
0.0,15473
0.0,15474
0.0,15475
0.0,15476
0.0,15477
0.0,15478
0.0,15479
0.0,15480
0.0,15481
0.0,15482
0.0,15483
0.0,15484
204.37513332521402,15485
0.0,15486
0.0,15487
0.0,15488
0.0,15489
0.0,15490
0.0,15491
0.0,15492
0.0,15493
0.0,15494
0.0,15495
0.0,15496
0.0,15497
0.0,15498
0.0,15499
0.0,15500
0.0,15501
0.0,15502
0.0,15503
0.0,15504
0.0,15505
0.0,15506
0.0,15507
0.0,15508
0.0,15509
0.0,15510
0.0,15511
0.0,15512
0.0,15513
0.0,15514
0.0,15515
0.0,15516
0.0,15517
0.0,15518
0.0,15519
0.0,15520
0.0,15521
0.0,15522
0.0,15523
0.0,15524
0.0,15525
0.0,15526
0.0,15527
0.0,15528
0.0,15529
0.0,15530
0.0,15531
1658.4868383840737,15532
0.0,15533
2519.903081210804,15534
0.0,15535
0.0,15536
0.0,15537
0.0,15538
0.0,15539
0.0,15540
0.0,15541
0.0,15542
0.0,15543
0.0,15544
0.0,15545
0.0,15546
0.0,15547
0.0,15548
0.0,15549
0.0,15550
0.0,15551
0.0,15552
0.0,15553
0.0,15554
0.0,15555
0.0,15556
0.0,15557
0.0,15558
0.0,15559
0.0,15560
216.62769956935767,15561
0.0,15562
0.0,15563
0.0,15564
0.0,15565
0.0,15566
0.0,15567
215.79418801944624,15568
0.0,15569
0.0,15570
214.85948178145185,15571
0.0,15572
0.0,15573
0.0,15574
0.0,15575
0.0,15576
213.8350284433271,15577
0.0,15578
0.0,15579
0.0,15580
0.0,15581
0.0,15582
0.0,15583
0.0,15584
0.0,15585
0.0,15586
0.0,15587
1435.3805151553543,15588
0.0,15589
0.0,15590
0.0,15591
1244.3553849607133,15592
0.0,15593
0.0,15594
0.0,15595
0.0,15596
0.0,15597
0.0,15598
0.0,15599
0.0,15600
0.0,15601
0.0,15602
0.0,15603
0.0,15604
0.0,15605
0.0,15606
0.0,15607
0.0,15608
0.0,15609
0.0,15610
0.0,15611
0.0,15612
0.0,15613
3.401463858972398,15614
0.0,15615
0.0,15616
0.0,15617
0.0,15618
0.0,15619
806.7436326257993,15620
0.0,15621
0.0,15622
0.0,15623
0.0,15624
0.0,15625
0.0,15626
0.0,15627
0.0,15628
0.0,15629
0.0,15630
0.0,15631
0.0,15632
0.0,15633
1393.36006785357,15634
0.0,15635
0.0,15636
0.0,15637
0.0,15638
4939.305584737571,15639
0.0,15640
0.0,15641
0.0,15642
268.4237551255919,15643
0.0,15644
203.4292075545781,15645
201.05370540725417,15646
0.0,15647
0.0,15648
133.0305531210629,15649
0.0,15650
0.0,15651
0.0,15652
0.0,15653
0.0,15654
0.0,15655
509.65930931417853,15656
0.0,15657
0.0,15658
0.0,15659
0.0,15660
0.0,15661
0.0,15662
732.1132053531165,15663
1595.0454266115626,15664
0.0,15665
0.0,15666
0.0,15667
0.0,15668
0.0,15669
0.0,15670
0.0,15671
1524.4136004007528,15672
0.0,15673
3338.052261195899,15674
0.0,15675
252.0371082144303,15676
0.0,15677
1101.8531210872736,15678
1428.922846254227,15679
0.0,15680
0.0,15681
827.537812416416,15682
0.0,15683
3695.476846631857,15684
0.0,15685
321.91435203109205,15686
0.0,15687
0.0,15688
0.0,15689
0.0,15690
0.0,15691
0.0,15692
3354.7313486912467,15693
0.0,15694
0.0,15695
0.0,15696
0.0,15697
0.0,15698
768.9118198037526,15699
0.0,15700
0.0,15701
0.0,15702
0.0,15703
643.6764812589182,15704
494.620950951882,15705
0.0,15706
0.0,15707
0.0,15708
392.17587824085314,15709
0.0,15710
0.0,15711
0.0,15712
0.0,15713
396.53322045418054,15714
0.0,15715
0.0,15716
0.0,15717
0.0,15718
0.0,15719
0.0,15720
0.0,15721
0.0,15722
0.0,15723
0.0,15724
0.0,15725
0.0,15726
0.0,15727
792.0979076574928,15728
0.0,15729
0.0,15730
59.047073385773636,15731
0.0,15732
0.0,15733
0.0,15734
0.0,15735
0.0,15736
59.98011386193624,15737
0.0,15738
0.0,15739
0.0,15740
0.0,15741
0.0,15742
0.0,15743
3867.44806694347,15744
0.0,15745
0.0,15746
0.0,15747
0.0,15748
0.0,15749
0.0,15750
1347.6316608670645,15751
0.0,15752
294.56460037621406,15753
0.0,15754
0.0,15755
0.0,15756
1706.895848934126,15757
0.0,15758
0.0,15759
0.0,15760
0.0,15761
1322.507919668976,15762
1323.3480911726435,15763
244.42527716777158,15764
0.0,15765
1784.737893351144,15766
0.0,15767
0.0,15768
0.0,15769
0.0,15770
3583.803568428146,15771
3159.190542505174,15772
511.47915718651143,15773
0.0,15774
1050.7492692291198,15775
0.0,15776
1634.2477494358775,15777
0.0,15778
0.0,15779
0.0,15780
0.0,15781
0.0,15782
0.0,15783
0.0,15784
0.0,15785
0.0,15786
0.0,15787
0.0,15788
0.0,15789
0.0,15790
0.0,15791
0.0,15792
880.4944297201063,15793
1151.7892222914322,15794
47.53618184744669,15795
103.81818541117542,15796
1696.4770616742164,15797
0.0,15798
0.0,15799
0.0,15800
0.0,15801
0.0,15802
0.0,15803
45.64835800783514,15804
0.0,15805
0.0,15806
0.0,15807
0.0,15808
0.0,15809
514.4028433385054,15810
0.0,15811
1113.6597195161066,15812
0.0,15813
1113.8872032628185,15814
1114.1315504531099,15815
0.0,15816
2042.94163675767,15817
72.59628272645145,15818
71.32706303540705,15819
2903.2222677818017,15820
2903.640133815833,15821
1785.810235070107,15822
157.09255637113162,15823
0.0,15824
0.0,15825
674.6703755788852,15826
844.7122367886782,15827
844.8744678485795,15828
0.0,15829
0.0,15830
0.0,15831
1161.2095866707975,15832
2455.0415715163167,15833
1162.3978416902462,15834
665.5171452926886,15835
410.181072556984,15836
2257.085201502007,15837
412.8199201515777,15838
0.0,15839
414.25276399034215,15840
2066.70710044339,15841
212.48674139323148,15842
1642.409262565672,15843
0.0,15844
1643.1959020824895,15845
4109.834485353949,15846
4110.557845946887,15847
4111.309525016888,15848
1116.1286337147146,15849
0.0,15850
0.0,15851
4909.7796688097,15852
590.747925289054,15853
0.0,15854
0.0,15855
0.0,15856
0.0,15857
0.0,15858
0.0,15859
2790.932625210846,15860
3702.3929873878888,15861
1956.519306295333,15862
0.0,15863
0.0,15864
0.0,15865
0.0,15866
1431.015592092994,15867
0.0,15868
0.0,15869
0.0,15870
3236.1471862733906,15871
2947.777378805554,15872
0.0,15873
0.0,15874
2719.075585429788,15875
0.0,15876
1997.2431303654703,15877
0.0,15878
0.0,15879
0.0,15880
3561.203741870698,15881
0.0,15882
0.0,15883
0.0,15884
4220.695602181817,15885
0.0,15886
143.49598639436044,15887
4220.754105893849,15888
144.17320273598583,15889
302.3607878077334,15890
0.0,15891
0.0,15892
0.0,15893
0.0,15894
388.244604031008,15895
0.0,15896
0.0,15897
0.0,15898
0.0,15899
680.8142002474974,15900
0.0,15901
776.2382645910573,15902
0.0,15903
0.0,15904
0.0,15905
0.0,15906
0.0,15907
0.0,15908
0.0,15909
0.0,15910
0.0,15911
0.0,15912
0.0,15913
127.15972741320802,15914
0.0,15915
126.929248960361,15916
0.0,15917
0.0,15918
0.0,15919
0.0,15920
0.0,15921
0.0,15922
169.30780457393013,15923
0.0,15924
0.0,15925
0.0,15926
0.0,15927
179.3885387824033,15928
0.0,15929
0.0,15930
0.0,15931
0.0,15932
0.0,15933
0.0,15934
0.0,15935
0.0,15936
0.0,15937
0.0,15938
0.0,15939
0.0,15940
0.0,15941
0.0,15942
259.8469769432233,15943
0.0,15944
0.0,15945
3529.1131820102373,15946
0.0,15947
0.0,15948
0.0,15949
0.0,15950
0.0,15951
0.0,15952
0.0,15953
0.0,15954
0.0,15955
0.0,15956
0.0,15957
0.0,15958
0.0,15959
0.0,15960
0.0,15961
0.0,15962
0.0,15963
0.0,15964
0.0,15965
0.0,15966
0.0,15967
0.0,15968
0.0,15969
0.0,15970
0.0,15971
3079.2191911899595,15972
0.0,15973
0.0,15974
0.0,15975
0.0,15976
0.0,15977
0.0,15978
0.0,15979
0.0,15980
0.0,15981
0.0,15982
0.0,15983
0.0,15984
0.0,15985
0.0,15986
0.0,15987
0.0,15988
0.0,15989
0.0,15990
0.0,15991
0.0,15992
0.0,15993
0.0,15994
0.0,15995
756.6695910926219,15996
0.0,15997
0.0,15998
0.0,15999
0.0,16000
0.0,16001
0.0,16002
0.0,16003
0.0,16004
0.0,16005
0.0,16006
0.0,16007
0.0,16008
0.0,16009
0.0,16010
0.0,16011
0.0,16012
0.0,16013
0.0,16014
0.0,16015
0.0,16016
0.0,16017
0.0,16018
0.0,16019
0.0,16020
0.0,16021
0.0,16022
0.0,16023
0.0,16024
0.0,16025
0.0,16026
0.0,16027
0.0,16028
0.0,16029
0.0,16030
0.0,16031
0.0,16032
0.0,16033
0.0,16034
0.0,16035
0.0,16036
0.0,16037
0.0,16038
0.0,16039
0.0,16040
0.0,16041
0.0,16042
0.0,16043
0.0,16044
0.0,16045
0.0,16046
0.0,16047
0.0,16048
0.0,16049
0.0,16050
0.0,16051
0.0,16052
0.0,16053
0.0,16054
0.0,16055
0.0,16056
0.0,16057
0.0,16058
0.0,16059
0.0,16060
0.0,16061
0.0,16062
0.0,16063
0.0,16064
0.0,16065
0.0,16066
0.0,16067
0.0,16068
0.0,16069
0.0,16070
0.0,16071
605.5610944745293,16072
0.0,16073
0.0,16074
0.0,16075
0.0,16076
0.0,16077
0.0,16078
0.0,16079
0.0,16080
0.0,16081
0.0,16082
0.0,16083
0.0,16084
0.0,16085
0.0,16086
0.0,16087
0.0,16088
0.0,16089
0.0,16090
0.0,16091
0.0,16092
0.0,16093
0.0,16094
0.0,16095
0.0,16096
0.0,16097
1002.6481733679449,16098
0.0,16099
0.0,16100
0.0,16101
0.0,16102
0.0,16103
0.0,16104
0.0,16105
0.0,16106
0.0,16107
0.0,16108
0.0,16109
0.0,16110
0.0,16111
0.0,16112
0.0,16113
0.0,16114
0.0,16115
0.0,16116
0.0,16117
0.0,16118
0.0,16119
0.0,16120
0.0,16121
0.0,16122
0.0,16123
830.4903519478308,16124
4742.139445849672,16125
0.0,16126
0.0,16127
0.0,16128
0.0,16129
0.0,16130
0.0,16131
0.0,16132
0.0,16133
0.0,16134
0.0,16135
0.0,16136
0.0,16137
0.0,16138
0.0,16139
0.0,16140
0.0,16141
0.0,16142
0.0,16143
0.0,16144
611.7323307903669,16145
0.0,16146
0.0,16147
317.6105582740259,16148
0.0,16149
318.3988635001921,16150
319.27910203245114,16151
4971.13257130456,16152
0.0,16153
0.0,16154
0.0,16155
0.0,16156
0.0,16157
0.0,16158
0.0,16159
0.0,16160
0.0,16161
0.0,16162
0.0,16163
0.0,16164
0.0,16165
0.0,16166
0.0,16167
0.0,16168
0.0,16169
0.0,16170
0.0,16171
8506.682433495936,16172
87.28293820937976,16173
0.0,16174
0.0,16175
0.0,16176
0.0,16177
0.0,16178
0.0,16179
0.0,16180
0.0,16181
0.0,16182
152.65768325880094,16183
0.0,16184
0.0,16185
0.0,16186
0.0,16187
270.9352138957119,16188
1607.831062605175,16189
1039.2895288300533,16190
0.0,16191
0.0,16192
0.0,16193
1202.5310303411397,16194
1885.430841030484,16195
0.0,16196
412.7235916646559,16197
0.0,16198
0.0,16199
0.0,16200
0.0,16201
1765.1808431052066,16202
1766.6336158980869,16203
0.0,16204
0.0,16205
0.0,16206
0.0,16207
1589.721900529581,16208
0.0,16209
0.0,16210
0.0,16211
0.0,16212
0.0,16213
0.0,16214
0.0,16215
0.0,16216
0.0,16217
0.0,16218
0.0,16219
0.0,16220
0.0,16221
0.0,16222
0.0,16223
0.0,16224
0.0,16225
0.0,16226
0.0,16227
0.0,16228
0.0,16229
0.0,16230
0.0,16231
0.0,16232
0.0,16233
0.0,16234
0.0,16235
0.0,16236
0.0,16237
381.8099866094639,16238
379.30004971026665,16239
376.8457176603723,16240
0.0,16241
1071.372885544655,16242
0.0,16243
0.0,16244
0.0,16245
0.0,16246
0.0,16247
0.0,16248
0.0,16249
0.0,16250
0.0,16251
0.0,16252
0.0,16253
0.0,16254
0.0,16255
0.0,16256
0.0,16257
33.43917650674917,16258
0.0,16259
0.0,16260
0.0,16261
0.0,16262
0.0,16263
0.0,16264
0.0,16265
0.0,16266
0.0,16267
0.0,16268
0.0,16269
810.1691314584131,16270
471.9198747801076,16271
0.0,16272
0.0,16273
0.0,16274
0.0,16275
0.0,16276
0.0,16277
0.0,16278
0.0,16279
0.0,16280
0.0,16281
0.0,16282
0.0,16283
0.0,16284
0.0,16285
0.0,16286
0.0,16287
0.0,16288
0.0,16289
0.0,16290
0.0,16291
2076.7174563332806,16292
0.0,16293
0.0,16294
0.0,16295
1118.387294856053,16296
1949.076229760255,16297
364.97754695627435,16298
0.0,16299
12.658524286294163,16300
0.0,16301
0.0,16302
0.0,16303
4017.60903172474,16304
0.0,16305
0.0,16306
0.0,16307
0.0,16308
0.0,16309
4769.551881294884,16310
0.0,16311
0.0,16312
0.0,16313
0.0,16314
0.0,16315
1290.25594446128,16316
653.3039354210543,16317
0.0,16318
0.0,16319
0.0,16320
0.0,16321
0.0,16322
0.0,16323
0.0,16324
0.0,16325
0.0,16326
0.0,16327
0.0,16328
0.0,16329
0.0,16330
0.0,16331
0.0,16332
0.0,16333
0.0,16334
0.0,16335
0.0,16336
0.0,16337
0.0,16338
0.0,16339
0.0,16340
0.0,16341
0.0,16342
0.0,16343
0.0,16344
0.0,16345
0.0,16346
0.0,16347
0.0,16348
0.0,16349
0.0,16350
0.0,16351
0.0,16352
0.0,16353
0.0,16354
0.0,16355
0.0,16356
0.0,16357
0.0,16358
0.0,16359
0.0,16360
0.0,16361
0.0,16362
0.0,16363
0.0,16364
0.0,16365
0.0,16366
0.0,16367
0.0,16368
0.0,16369
0.0,16370
1261.4762149372652,16371
0.0,16372
0.0,16373
0.0,16374
793.0398408899165,16375
0.0,16376
0.0,16377
624.3047614870337,16378
1642.8291287310499,16379
0.0,16380
0.0,16381
0.0,16382
0.0,16383
0.0,16384
0.0,16385
0.0,16386
0.0,16387
0.0,16388
213.38756339888135,16389
0.0,16390
0.0,16391
0.0,16392
0.0,16393
0.0,16394
0.0,16395
0.0,16396
0.0,16397
0.0,16398
0.0,16399
0.0,16400
0.0,16401
0.0,16402
0.0,16403
0.0,16404
0.0,16405
0.0,16406
0.0,16407
0.0,16408
0.0,16409
0.0,16410
0.0,16411
0.0,16412
0.0,16413
2853.7494901218793,16414
0.0,16415
0.0,16416
0.0,16417
0.0,16418
0.0,16419
0.0,16420
0.0,16421
0.0,16422
0.0,16423
0.0,16424
0.0,16425
0.0,16426
0.0,16427
0.0,16428
0.0,16429
0.0,16430
0.0,16431
0.0,16432
0.0,16433
0.0,16434
0.0,16435
0.0,16436
1739.9301676539078,16437
0.0,16438
0.0,16439
0.0,16440
0.0,16441
0.0,16442
1622.1819479498783,16443
752.4257988581996,16444
0.0,16445
3528.486469349832,16446
0.0,16447
0.0,16448
0.0,16449
0.0,16450
1141.4276384227921,16451
0.0,16452
536.0186289129808,16453
0.0,16454
0.0,16455
0.0,16456
0.0,16457
0.0,16458
853.5304150262307,16459
0.0,16460
0.0,16461
0.0,16462
0.0,16463
0.0,16464
0.0,16465
0.0,16466
0.0,16467
0.0,16468
0.0,16469
0.0,16470
0.0,16471
0.0,16472
0.0,16473
0.0,16474
0.0,16475
0.0,16476
0.0,16477
0.0,16478
0.0,16479
0.0,16480
0.0,16481
0.0,16482
0.0,16483
0.0,16484
0.0,16485
0.0,16486
0.0,16487
0.0,16488
0.0,16489
0.0,16490
0.0,16491
11.185218677728354,16492
0.0,16493
12.022558783217335,16494
12.838086493933158,16495
0.0,16496
690.6032978366413,16497
0.0,16498
0.0,16499
0.0,16500
0.0,16501
0.0,16502
0.0,16503
3021.683718421494,16504
0.0,16505
0.0,16506
0.0,16507
0.0,16508
0.0,16509
92.84114757950248,16510
0.0,16511
93.15394714339503,16512
93.42240604775142,16513
93.64882260206342,16514
0.0,16515
93.84202282007432,16516
152.43322284156835,16517
94.2024845479634,16518
0.0,16519
0.0,16520
0.0,16521
0.0,16522
0.0,16523
0.0,16524
0.0,16525
0.0,16526
0.0,16527
0.0,16528
0.0,16529
0.0,16530
0.0,16531
2965.9874460932397,16532
1487.4680844977045,16533
0.0,16534
0.0,16535
0.0,16536
0.0,16537
0.0,16538
0.0,16539
0.0,16540
0.0,16541
845.2559048030108,16542
0.0,16543
690.4893611305698,16544
0.0,16545
846.3071082451978,16546
0.0,16547
1523.5337928327915,16548
0.0,16549
0.0,16550
0.0,16551
0.0,16552
0.0,16553
0.0,16554
0.0,16555
0.0,16556
0.0,16557
0.0,16558
0.0,16559
0.0,16560
0.0,16561
0.0,16562
0.0,16563
0.0,16564
0.0,16565
0.0,16566
0.0,16567
0.0,16568
0.0,16569
0.0,16570
0.0,16571
0.0,16572
0.0,16573
0.0,16574
0.0,16575
0.0,16576
0.0,16577
0.0,16578
0.0,16579
0.0,16580
0.0,16581
0.0,16582
0.0,16583
0.0,16584
0.0,16585
0.0,16586
0.0,16587
0.0,16588
0.0,16589
0.0,16590
354.090836820504,16591
599.6436161354277,16592
601.3743212087954,16593
0.0,16594
2593.806186083847,16595
2594.978003280013,16596
2596.1495585765715,16597
2597.3305441003067,16598
2598.529149943502,16599
2114.468712667672,16600
2114.840243718437,16601
1920.6829997224552,16602
1736.080475529872,16603
1922.0097751227631,16604
1737.3663007896357,16605
1923.4483441519728,16606
0.0,16607
0.0,16608
1924.5656494807552,16609
1925.7431250480786,16610
0.0,16611
1858.677622160558,16612
1927.6912918336948,16613
1929.0244549914867,16614
1861.837918474107,16615
1531.9052828608212,16616
0.0,16617
1006.61152783818,16618
1088.9213621492195,16619
1090.084839621375,16620
0.0,16621
0.0,16622
0.0,16623
0.0,16624
0.0,16625
0.0,16626
0.0,16627
0.0,16628
0.0,16629
0.0,16630
0.0,16631
0.0,16632
0.0,16633
0.0,16634
0.0,16635
0.0,16636
0.0,16637
0.0,16638
0.0,16639
0.0,16640
0.0,16641
0.0,16642
0.0,16643
0.0,16644
0.0,16645
0.0,16646
0.0,16647
0.0,16648
0.0,16649
0.0,16650
0.0,16651
687.68037439508,16652
0.0,16653
675.5553905850944,16654
0.0,16655
0.0,16656
737.182278488658,16657
0.0,16658
0.0,16659
0.0,16660
0.0,16661
0.0,16662
0.0,16663
0.0,16664
0.0,16665
0.0,16666
0.0,16667
0.0,16668
0.0,16669
0.0,16670
0.0,16671
0.0,16672
0.0,16673
0.0,16674
0.0,16675
0.0,16676
0.0,16677
0.0,16678
0.0,16679
55.23755004420462,16680
0.0,16681
0.0,16682
55.377497876610285,16683
0.0,16684
0.0,16685
0.0,16686
0.0,16687
0.0,16688
121.87103628679918,16689
0.0,16690
0.0,16691
0.0,16692
0.0,16693
0.0,16694
0.0,16695
0.0,16696
0.0,16697
0.0,16698
0.0,16699
576.661252623919,16700
577.3839526710866,16701
389.7998461096186,16702
390.7258706070364,16703
778.1619422389224,16704
777.7763723782635,16705
0.0,16706
0.0,16707
0.0,16708
0.0,16709
0.0,16710
0.0,16711
0.0,16712
957.3396988921944,16713
0.0,16714
0.0,16715
0.0,16716
0.0,16717
0.0,16718
0.0,16719
0.0,16720
0.0,16721
0.0,16722
0.0,16723
0.0,16724
0.0,16725
0.0,16726
0.0,16727
0.0,16728
0.0,16729
0.0,16730
0.0,16731
0.0,16732
0.0,16733
0.0,16734
0.0,16735
0.0,16736
0.0,16737
0.0,16738
0.0,16739
0.0,16740
0.0,16741
0.0,16742
0.0,16743
0.0,16744
0.0,16745
0.0,16746
0.0,16747
0.0,16748
0.0,16749
0.0,16750
0.0,16751
0.0,16752
0.0,16753
0.0,16754
0.0,16755
0.0,16756
0.0,16757
0.0,16758
0.0,16759
0.0,16760
0.0,16761
0.0,16762
0.0,16763
0.0,16764
0.0,16765
0.0,16766
0.0,16767
0.0,16768
0.0,16769
0.0,16770
0.0,16771
0.0,16772
0.0,16773
0.0,16774
0.0,16775
0.0,16776
0.0,16777
0.0,16778
0.0,16779
0.0,16780
0.0,16781
0.0,16782
0.0,16783
0.0,16784
0.0,16785
0.0,16786
0.0,16787
0.0,16788
0.0,16789
0.0,16790
0.0,16791
0.0,16792
0.0,16793
0.0,16794
0.0,16795
0.0,16796
0.0,16797
0.0,16798
0.0,16799
0.0,16800
0.0,16801
0.0,16802
0.0,16803
0.0,16804
0.0,16805
0.0,16806
0.0,16807
0.0,16808
0.0,16809
0.0,16810
2140.0828612187775,16811
0.0,16812
0.0,16813
0.0,16814
0.0,16815
64.98511781611093,16816
0.0,16817
123.15626112526789,16818
489.22385510131005,16819
305.60843865281765,16820
0.0,16821
0.0,16822
0.0,16823
0.0,16824
0.0,16825
0.0,16826
0.0,16827
0.0,16828
0.0,16829
0.0,16830
0.0,16831
0.0,16832
0.0,16833
0.0,16834
0.0,16835
0.0,16836
0.0,16837
0.0,16838
0.0,16839
0.0,16840
0.0,16841
0.0,16842
0.0,16843
0.0,16844
0.0,16845
0.0,16846
0.0,16847
0.0,16848
0.0,16849
0.0,16850
0.0,16851
938.1433953675784,16852
0.0,16853
0.0,16854
0.0,16855
0.0,16856
189.44552783208027,16857
0.0,16858
0.0,16859
0.0,16860
0.0,16861
0.0,16862
0.0,16863
0.0,16864
4990.4936245241515,16865
1942.2191013083534,16866
0.0,16867
17449.31876177376,16868
0.0,16869
1945.8728283767498,16870
0.0,16871
0.0,16872
0.0,16873
0.0,16874
0.0,16875
0.0,16876
0.0,16877
0.0,16878
0.0,16879
0.0,16880
0.0,16881
0.0,16882
0.0,16883
0.0,16884
4060.969560309622,16885
0.0,16886
0.0,16887
2613.5290324427892,16888
0.0,16889
2191.095648772402,16890
0.0,16891
0.0,16892
0.0,16893
0.0,16894
0.0,16895
0.0,16896
3803.785425396232,16897
0.0,16898
0.0,16899
0.0,16900
0.0,16901
0.0,16902
0.0,16903
0.0,16904
0.0,16905
0.0,16906
0.0,16907
0.0,16908
0.0,16909
0.0,16910
0.0,16911
0.0,16912
0.0,16913
0.0,16914
0.0,16915
0.0,16916
0.0,16917
0.0,16918
0.0,16919
1131.3312379379015,16920
0.0,16921
1056.0705279648453,16922
0.0,16923
532.6222117309743,16924
530.6633243601225,16925
528.6224118674862,16926
0.0,16927
0.0,16928
1320.8723334382676,16929
1318.556917921305,16930
0.0,16931
0.0,16932
0.0,16933
0.0,16934
0.0,16935
890.1890783024764,16936
0.0,16937
0.0,16938
0.0,16939
0.0,16940
162.9989068690392,16941
0.0,16942
0.0,16943
0.0,16944
0.0,16945
0.0,16946
0.0,16947
0.0,16948
0.0,16949
0.0,16950
1444.6915396703118,16951
0.0,16952
131.13465156268833,16953
0.0,16954
0.0,16955
0.0,16956
0.0,16957
1560.7615827413545,16958
0.0,16959
0.0,16960
0.0,16961
0.0,16962
0.0,16963
0.0,16964
0.0,16965
0.0,16966
0.0,16967
0.0,16968
0.0,16969
0.0,16970
0.0,16971
0.0,16972
0.0,16973
0.0,16974
0.0,16975
0.0,16976
0.0,16977
0.0,16978
0.0,16979
0.0,16980
0.0,16981
0.0,16982
0.0,16983
0.0,16984
0.0,16985
0.0,16986
0.0,16987
0.0,16988
0.0,16989
0.0,16990
0.0,16991
0.0,16992
0.0,16993
0.0,16994
0.0,16995
0.0,16996
0.0,16997
0.0,16998
0.0,16999
609.8299962420188,17000
606.2263568631541,17001
602.5786767822414,17002
424.41874339244606,17003
0.0,17004
0.0,17005
0.0,17006
0.0,17007
1826.582938077588,17008
0.0,17009
153.58469947945267,17010
0.0,17011
0.0,17012
0.0,17013
874.078260128296,17014
0.0,17015
0.0,17016
0.0,17017
0.0,17018
0.0,17019
0.0,17020
0.0,17021
0.0,17022
0.0,17023
0.0,17024
0.0,17025
0.0,17026
0.0,17027
0.0,17028
0.0,17029
0.0,17030
46.98381261416275,17031
0.0,17032
0.0,17033
0.0,17034
0.0,17035
0.0,17036
0.0,17037
0.0,17038
0.0,17039
0.0,17040
0.0,17041
0.0,17042
0.0,17043
0.0,17044
0.0,17045
0.0,17046
0.0,17047
0.0,17048
0.0,17049
0.0,17050
0.0,17051
0.0,17052
0.0,17053
0.0,17054
0.0,17055
0.0,17056
0.0,17057
0.0,17058
0.0,17059
0.0,17060
0.0,17061
0.0,17062
0.0,17063
0.0,17064
0.0,17065
0.0,17066
7681.471272400397,17067
0.0,17068
0.0,17069
0.0,17070
0.0,17071
0.0,17072
0.0,17073
0.0,17074
0.0,17075
0.0,17076
0.0,17077
0.0,17078
0.0,17079
0.0,17080
0.0,17081
0.0,17082
0.0,17083
0.0,17084
0.0,17085
758.6552208427439,17086
41.3840550233605,17087
913.6227011841237,17088
0.0,17089
2247.6868162016744,17090
856.9437063491723,17091
0.0,17092
178.2874864829081,17093
1549.708066819443,17094
248.06845219498484,17095
0.0,17096
1136.723467695195,17097
250.9763224814005,17098
0.0,17099
0.0,17100
0.0,17101
931.4521637301262,17102
0.0,17103
0.0,17104
0.0,17105
933.769501829421,17106
0.0,17107
0.0,17108
0.0,17109
0.0,17110
0.0,17111
0.0,17112
0.0,17113
0.0,17114
0.0,17115
0.0,17116
0.0,17117
0.0,17118
5580.251171781417,17119
0.0,17120
0.0,17121
0.0,17122
0.0,17123
1521.5309698406381,17124
1636.5999772548164,17125
0.0,17126
1025.2580905954114,17127
0.0,17128
0.0,17129
0.0,17130
0.0,17131
0.0,17132
0.0,17133
2624.777675593926,17134
0.0,17135
0.0,17136
0.0,17137
3356.590308295777,17138
1044.982218761565,17139
0.0,17140
0.0,17141
0.0,17142
0.0,17143
175.4456835871945,17144
0.0,17145
0.0,17146
0.0,17147
408.8834670177223,17148
0.0,17149
0.0,17150
1445.0908153582664,17151
0.0,17152
0.0,17153
0.0,17154
0.0,17155
0.0,17156
0.0,17157
0.0,17158
0.0,17159
0.0,17160
0.0,17161
0.0,17162
321.0720557483678,17163
0.0,17164
861.6366937354151,17165
0.0,17166
0.0,17167
0.0,17168
0.0,17169
0.0,17170
0.0,17171
0.0,17172
0.0,17173
0.0,17174
0.0,17175
0.0,17176
1204.9530995771252,17177
0.0,17178
0.0,17179
1906.468159410975,17180
402.57139994189816,17181
0.0,17182
0.0,17183
2814.907145103941,17184
3078.034637408417,17185
0.0,17186
0.0,17187
0.0,17188
0.0,17189
0.0,17190
0.0,17191
0.0,17192
0.0,17193
0.0,17194
0.0,17195
833.418391444139,17196
0.0,17197
33.696623453202825,17198
1098.967862371599,17199
0.0,17200
0.0,17201
416.52623330532174,17202
0.0,17203
0.0,17204
1428.6095771331306,17205
0.0,17206
2778.2391888331854,17207
0.0,17208
0.0,17209
0.0,17210
0.0,17211
0.0,17212
0.0,17213
0.0,17214
426.89955015029375,17215
805.6636823936202,17216
456.9500583257703,17217
1144.4941799008047,17218
0.0,17219
0.0,17220
157.90378975757494,17221
160.0518800713836,17222
0.0,17223
0.0,17224
0.0,17225
283.33092546665137,17226
1436.8756064169918,17227
0.0,17228
0.0,17229
0.0,17230
0.0,17231
0.0,17232
0.0,17233
0.0,17234
253.6995924086658,17235
0.0,17236
0.0,17237
0.0,17238
0.0,17239
1055.528667394563,17240
512.7171231499362,17241
0.0,17242
0.0,17243
0.0,17244
0.0,17245
0.0,17246
0.0,17247
64.05424992461536,17248
3140.26075591353,17249
0.0,17250
0.0,17251
1108.8237256180655,17252
0.0,17253
0.0,17254
0.0,17255
0.0,17256
0.0,17257
0.0,17258
0.0,17259
0.0,17260
0.0,17261
0.0,17262
0.0,17263
0.0,17264
0.0,17265
0.0,17266
0.0,17267
0.0,17268
0.0,17269
0.0,17270
0.0,17271
939.6414394291636,17272
0.0,17273
0.0,17274
0.0,17275
0.0,17276
0.0,17277
0.0,17278
0.0,17279
0.0,17280
0.0,17281
1107.011460662136,17282
0.0,17283
0.0,17284
0.0,17285
0.0,17286
0.0,17287
0.0,17288
0.0,17289
0.0,17290
0.0,17291
0.0,17292
0.0,17293
0.0,17294
0.0,17295
0.0,17296
0.0,17297
0.0,17298
127.61892808868129,17299
0.0,17300
0.0,17301
0.0,17302
0.0,17303
0.0,17304
0.0,17305
0.0,17306
339.2173888810928,17307
0.0,17308
1052.2458815503207,17309
0.0,17310
0.0,17311
599.7646372463873,17312
2566.1223153067494,17313
605.006532990185,17314
0.0,17315
1159.767060577625,17316
2103.659164877269,17317
0.0,17318
277.1065081658928,17319
0.0,17320
0.0,17321
0.0,17322
0.0,17323
0.0,17324
0.0,17325
0.0,17326
0.0,17327
0.0,17328
0.0,17329
0.0,17330
0.0,17331
0.0,17332
0.0,17333
0.0,17334
0.0,17335
0.0,17336
0.0,17337
0.0,17338
560.5705551424354,17339
0.0,17340
0.0,17341
0.0,17342
0.0,17343
0.0,17344
0.0,17345
0.0,17346
0.0,17347
528.4422169110163,17348
0.0,17349
0.0,17350
0.0,17351
178.06808521803697,17352
0.0,17353
3090.026609260091,17354
1251.74695344992,17355
0.0,17356
2053.04902021437,17357
619.756809094252,17358
2636.4211292509426,17359
0.0,17360
0.0,17361
0.0,17362
0.0,17363
0.0,17364
0.0,17365
0.0,17366
0.0,17367
0.0,17368
0.0,17369
1297.353169234884,17370
0.0,17371
0.0,17372
0.0,17373
0.0,17374
0.0,17375
0.0,17376
0.0,17377
0.0,17378
0.0,17379
0.0,17380
0.0,17381
0.0,17382
0.0,17383
0.0,17384
0.0,17385
0.0,17386
0.0,17387
0.0,17388
0.0,17389
0.0,17390
0.0,17391
0.0,17392
0.0,17393
0.0,17394
0.0,17395
449.4626950602335,17396
0.0,17397
450.44817265429344,17398
0.0,17399
0.0,17400
119.07540354035268,17401
0.0,17402
0.0,17403
0.0,17404
0.0,17405
0.0,17406
0.0,17407
0.0,17408
0.0,17409
0.0,17410
0.0,17411
0.0,17412
0.0,17413
401.4104807680419,17414
0.0,17415
0.0,17416
0.0,17417
0.0,17418
0.0,17419
0.0,17420
551.5980245979619,17421
326.74605932896884,17422
823.1805214261318,17423
0.0,17424
0.0,17425
0.0,17426
0.0,17427
2054.0884245452135,17428
0.0,17429
2053.237405353101,17430
1897.404794186324,17431
0.0,17432
0.0,17433
0.0,17434
0.0,17435
0.0,17436
0.0,17437
0.0,17438
0.0,17439
0.0,17440
0.0,17441
725.1715484423314,17442
0.0,17443
0.0,17444
0.0,17445
0.0,17446
0.0,17447
0.0,17448
0.0,17449
0.0,17450
0.0,17451
0.0,17452
0.0,17453
0.0,17454
0.0,17455
0.0,17456
0.0,17457
0.0,17458
0.0,17459
0.0,17460
0.0,17461
0.0,17462
0.0,17463
0.0,17464
0.0,17465
0.0,17466
0.0,17467
0.0,17468
0.0,17469
0.0,17470
0.0,17471
1768.1835575302252,17472
0.0,17473
0.0,17474
0.0,17475
0.0,17476
0.0,17477
0.0,17478
0.0,17479
0.0,17480
0.0,17481
0.0,17482
0.0,17483
1418.4329758205427,17484
0.0,17485
0.0,17486
0.0,17487
0.0,17488
0.0,17489
0.0,17490
0.0,17491
0.0,17492
1488.1028687898004,17493
0.0,17494
0.0,17495
0.0,17496
0.0,17497
0.0,17498
0.0,17499
0.0,17500
0.0,17501
0.0,17502
0.0,17503
0.0,17504
0.0,17505
0.0,17506
0.0,17507
0.0,17508
0.0,17509
0.0,17510
0.0,17511
0.0,17512
0.0,17513
0.0,17514
0.0,17515
0.0,17516
1706.0073599560471,17517
0.0,17518
0.0,17519
0.0,17520
0.0,17521
0.0,17522
1709.1970733741675,17523
0.0,17524
0.0,17525
0.0,17526
0.0,17527
991.3497785662233,17528
0.0,17529
0.0,17530
0.0,17531
0.0,17532
0.0,17533
990.9768207482666,17534
0.0,17535
0.0,17536
0.0,17537
0.0,17538
0.0,17539
0.0,17540
0.0,17541
0.0,17542
0.0,17543
0.0,17544
0.0,17545
0.0,17546
0.0,17547
0.0,17548
0.0,17549
0.0,17550
0.0,17551
0.0,17552
0.0,17553
0.0,17554
0.0,17555
0.0,17556
0.0,17557
0.0,17558
0.0,17559
0.0,17560
0.0,17561
0.0,17562
0.0,17563
0.0,17564
0.0,17565
0.0,17566
0.0,17567
0.0,17568
0.0,17569
0.0,17570
0.0,17571
0.0,17572
0.0,17573
0.0,17574
0.0,17575
0.0,17576
0.0,17577
0.0,17578
0.0,17579
0.0,17580
0.0,17581
0.0,17582
0.0,17583
0.0,17584
0.0,17585
0.0,17586
0.0,17587
0.0,17588
0.0,17589
0.0,17590
0.0,17591
0.0,17592
0.0,17593
0.0,17594
0.0,17595
0.0,17596
0.0,17597
0.0,17598
0.0,17599
0.0,17600
0.0,17601
3198.848689984007,17602
0.0,17603
0.0,17604
1075.0791150365574,17605
0.0,17606
0.0,17607
0.0,17608
0.0,17609
0.0,17610
0.0,17611
0.0,17612
0.0,17613
0.0,17614
0.0,17615
0.0,17616
0.0,17617
0.0,17618
0.0,17619
0.0,17620
2162.7180128397904,17621
0.0,17622
0.0,17623
0.0,17624
0.0,17625
0.0,17626
0.0,17627
0.0,17628
0.0,17629
0.0,17630
0.0,17631
0.0,17632
567.0039561366366,17633
0.0,17634
0.0,17635
1918.152354425676,17636
1517.4438303531042,17637
0.0,17638
0.0,17639
0.0,17640
0.0,17641
0.0,17642
2894.2183725986774,17643
0.0,17644
0.0,17645
0.0,17646
0.0,17647
0.0,17648
550.3471971099847,17649
0.0,17650
2886.494843146772,17651
0.0,17652
0.0,17653
0.0,17654
0.0,17655
0.0,17656
0.0,17657
0.0,17658
0.0,17659
0.0,17660
0.0,17661
0.0,17662
0.0,17663
0.0,17664
0.0,17665
0.0,17666
1745.6004384350244,17667
0.0,17668
0.0,17669
0.0,17670
0.0,17671
0.0,17672
0.0,17673
0.0,17674
162.30038782387973,17675
0.0,17676
0.0,17677
0.0,17678
0.0,17679
0.0,17680
0.0,17681
0.0,17682
1967.2583244047416,17683
0.0,17684
0.0,17685
0.0,17686
0.0,17687
0.0,17688
0.0,17689
0.0,17690
0.0,17691
0.0,17692
0.0,17693
0.0,17694
0.0,17695
0.0,17696
0.0,17697
0.0,17698
0.0,17699
0.0,17700
0.0,17701
1076.6002302639042,17702
0.0,17703
0.0,17704
0.0,17705
0.0,17706
0.0,17707
0.0,17708
0.0,17709
0.0,17710
0.0,17711
0.0,17712
0.0,17713
0.0,17714
0.0,17715
0.0,17716
0.0,17717
0.0,17718
0.0,17719
0.0,17720
0.0,17721
0.0,17722
0.0,17723
0.0,17724
0.0,17725
0.0,17726
0.0,17727
0.0,17728
0.0,17729
0.0,17730
670.9674277141156,17731
495.47257956974903,17732
0.0,17733
2651.896603437461,17734
725.5902531996281,17735
0.0,17736
0.0,17737
0.0,17738
0.0,17739
1128.2601291180874,17740
0.0,17741
0.0,17742
0.0,17743
0.0,17744
0.0,17745
0.0,17746
0.0,17747
0.0,17748
0.0,17749
0.0,17750
0.0,17751
1408.900044844174,17752
1003.3640091502093,17753
2673.539731241468,17754
0.0,17755
0.0,17756
985.392149020389,17757
0.0,17758
0.0,17759
0.0,17760
984.7806024859559,17761
653.8494514644659,17762
0.0,17763
0.0,17764
0.0,17765
3286.100518372915,17766
1005.1635628186692,17767
2710.7739249189017,17768
0.0,17769
0.0,17770
0.0,17771
0.0,17772
0.0,17773
0.0,17774
0.0,17775
0.0,17776
0.0,17777
0.0,17778
0.0,17779
0.0,17780
0.0,17781
0.0,17782
0.0,17783
0.0,17784
0.0,17785
0.0,17786
0.0,17787
0.0,17788
0.0,17789
0.0,17790
0.0,17791
0.0,17792
0.0,17793
0.0,17794
0.0,17795
0.0,17796
0.0,17797
0.0,17798
0.0,17799
130.4450336032205,17800
0.0,17801
0.0,17802
0.0,17803
0.0,17804
125.10035028782504,17805
0.0,17806
0.0,17807
0.0,17808
0.0,17809
0.0,17810
0.0,17811
0.0,17812
1509.580198482292,17813
126.00563717871303,17814
0.0,17815
0.0,17816
0.0,17817
0.0,17818
0.0,17819
0.0,17820
0.0,17821
941.385925291907,17822
938.3534480042445,17823
935.3112733600603,17824
0.0,17825
0.0,17826
0.0,17827
0.0,17828
0.0,17829
0.0,17830
0.0,17831
0.0,17832
0.0,17833
135.36121693658433,17834
0.0,17835
0.0,17836
0.0,17837
0.0,17838
1724.4140286416248,17839
1723.840519311342,17840
0.0,17841
0.0,17842
0.0,17843
0.0,17844
0.0,17845
0.0,17846
0.0,17847
563.5591640445793,17848
564.3497275679968,17849
0.0,17850
0.0,17851
0.0,17852
0.0,17853
0.0,17854
0.0,17855
0.0,17856
0.0,17857
0.0,17858
0.0,17859
0.0,17860
0.0,17861
27.64012681469122,17862
0.0,17863
0.0,17864
0.0,17865
0.0,17866
0.0,17867
0.0,17868
0.0,17869
0.0,17870
0.0,17871
0.0,17872
0.0,17873
0.0,17874
0.0,17875
0.0,17876
0.0,17877
0.0,17878
0.0,17879
0.0,17880
0.0,17881
0.0,17882
0.0,17883
0.0,17884
291.84030557505207,17885
0.0,17886
0.0,17887
0.0,17888
0.0,17889
0.0,17890
0.0,17891
0.0,17892
0.0,17893
0.0,17894
0.0,17895
0.0,17896
0.0,17897
0.0,17898
0.0,17899
0.0,17900
0.0,17901
0.0,17902
0.0,17903
0.0,17904
0.0,17905
0.0,17906
0.0,17907
0.0,17908
0.0,17909
0.0,17910
0.0,17911
0.0,17912
0.0,17913
0.0,17914
0.0,17915
0.0,17916
0.0,17917
0.0,17918
0.0,17919
0.0,17920
0.0,17921
0.0,17922
0.0,17923
0.0,17924
0.0,17925
0.0,17926
0.0,17927
0.0,17928
0.0,17929
0.0,17930
0.0,17931
0.0,17932
0.0,17933
0.0,17934
0.0,17935
0.0,17936
0.0,17937
0.0,17938
0.0,17939
0.0,17940
0.0,17941
0.0,17942
0.0,17943
0.0,17944
0.0,17945
0.0,17946
0.0,17947
0.0,17948
0.0,17949
0.0,17950
0.0,17951
0.0,17952
0.0,17953
0.0,17954
0.0,17955
0.0,17956
0.0,17957
0.0,17958
0.0,17959
0.0,17960
5315.417442954785,17961
0.0,17962
0.0,17963
0.0,17964
0.0,17965
0.0,17966
0.0,17967
0.0,17968
0.0,17969
0.0,17970
0.0,17971
0.0,17972
0.0,17973
0.0,17974
0.0,17975
0.0,17976
0.0,17977
0.0,17978
3611.740859539774,17979
0.0,17980
0.0,17981
0.0,17982
0.0,17983
0.0,17984
0.0,17985
0.0,17986
1184.1218923881436,17987
0.0,17988
0.0,17989
0.0,17990
0.0,17991
0.0,17992
533.7511433176522,17993
0.0,17994
0.0,17995
0.0,17996
211.9001649756032,17997
0.0,17998
0.0,17999
0.0,18000
0.0,18001
0.0,18002
0.0,18003
0.0,18004
838.4089808222504,18005
2242.1083017001597,18006
685.9741302970799,18007
0.0,18008
0.0,18009
0.0,18010
0.0,18011
0.0,18012
0.0,18013
0.0,18014
0.0,18015
0.0,18016
0.0,18017
0.0,18018
0.0,18019
0.0,18020
0.0,18021
0.0,18022
0.0,18023
0.0,18024
0.0,18025
0.0,18026
0.0,18027
0.0,18028
0.0,18029
0.0,18030
0.0,18031
1405.6512110288484,18032
0.0,18033
0.0,18034
0.0,18035
0.0,18036
0.0,18037
0.0,18038
0.0,18039
1523.1146054652272,18040
0.0,18041
0.0,18042
0.0,18043
0.0,18044
0.0,18045
0.0,18046
0.0,18047
0.0,18048
0.0,18049
0.0,18050
0.0,18051
0.0,18052
0.0,18053
2759.4019400160146,18054
0.0,18055
0.0,18056
0.0,18057
0.0,18058
0.0,18059
0.0,18060
0.0,18061
879.9535823464221,18062
0.0,18063
0.0,18064
0.0,18065
0.0,18066
0.0,18067
0.0,18068
0.0,18069
0.0,18070
0.0,18071
0.0,18072
0.0,18073
0.0,18074
0.0,18075
0.0,18076
0.0,18077
0.0,18078
0.0,18079
0.0,18080
0.0,18081
0.0,18082
0.0,18083
0.0,18084
0.0,18085
0.0,18086
0.0,18087
0.0,18088
0.0,18089
0.0,18090
0.0,18091
0.0,18092
0.0,18093
0.0,18094
3239.872381937462,18095
0.0,18096
0.0,18097
0.0,18098
0.0,18099
0.0,18100
0.0,18101
0.0,18102
0.0,18103
0.0,18104
0.0,18105
0.0,18106
0.0,18107
0.0,18108
0.0,18109
0.0,18110
0.0,18111
0.0,18112
0.0,18113
0.0,18114
0.0,18115
0.0,18116
0.0,18117
0.0,18118
4951.258556771472,18119
0.0,18120
0.0,18121
0.0,18122
0.0,18123
0.0,18124
3860.7246646268636,18125
0.0,18126
0.0,18127
0.0,18128
0.0,18129
0.0,18130
0.0,18131
0.0,18132
0.0,18133
0.0,18134
0.0,18135
0.0,18136
0.0,18137
0.0,18138
0.0,18139
0.0,18140
0.0,18141
1690.2246939200277,18142
0.0,18143
5179.918584276517,18144
0.0,18145
0.0,18146
6815.2007548653655,18147
1691.7803314449804,18148
5643.32892468064,18149
5556.96519380831,18150
5528.968687507604,18151
0.0,18152
0.0,18153
1301.2790079695978,18154
1302.5441679798794,18155
1303.7363037125308,18156
1927.2192312294842,18157
3037.7755731207258,18158
1305.9571194330547,18159
472.4785688382486,18160
1307.0277000935869,18161
1307.709305987164,18162
1308.3065490023232,18163
1308.8403489901289,18164
0.0,18165
0.0,18166
278.56469607671795,18167
2324.340887349864,18168
2028.3296623319482,18169
2127.52255956846,18170
0.0,18171
0.0,18172
0.0,18173
0.0,18174
4276.278308606552,18175
0.0,18176
0.0,18177
0.0,18178
1226.9286933942599,18179
5649.7120400042095,18180
0.0,18181
1688.6052631856846,18182
3594.2581978515773,18183
6255.092700668075,18184
4844.537967100663,18185
6140.856186630666,18186
6253.832756457424,18187
6253.2199876192835,18188
7529.038148681509,18189
6451.147571924824,18190
2066.849240767761,18191
6856.292994254221,18192
12824.965296448969,18193
12449.924756454802,18194
4518.052079044938,18195
0.0,18196
2380.0972471153646,18197
3887.4358701479982,18198
12581.95004994503,18199
11568.763590407169,18200
5793.386085866356,18201
2905.095043900769,18202
5792.817424484004,18203
11567.866405404824,18204
3500.799766946842,18205
4046.3020074661654,18206
5345.4961069138635,18207
11568.205051726209,18208
1877.3553548289262,18209
0.0,18210
0.0,18211
3167.5162296743933,18212
3818.2153424274193,18213
7586.33776586542,18214
0.0,18215
2264.246446929419,18216
1826.769815270084,18217
1826.1570238305871,18218
1825.555552415236,18219
1824.9542031013357,18220
1824.3448825061382,18221
1830.199163544671,18222
0.0,18223
0.0,18224
8167.727150187111,18225
0.0,18226
0.0,18227
0.0,18228
0.0,18229
0.0,18230
0.0,18231
0.0,18232
0.0,18233
0.0,18234
1236.2328436859154,18235
0.0,18236
0.0,18237
0.0,18238
0.0,18239
0.0,18240
0.0,18241
0.0,18242
0.0,18243
0.0,18244
0.0,18245
0.0,18246
465.1975014903186,18247
70.80159179439906,18248
0.0,18249
0.0,18250
0.0,18251
0.0,18252
0.0,18253
0.0,18254
0.0,18255
0.0,18256
0.0,18257
0.0,18258
0.0,18259
0.0,18260
0.0,18261
0.0,18262
0.0,18263
0.0,18264
0.0,18265
0.0,18266
0.0,18267
1800.0873962864746,18268
0.0,18269
1137.2483951757504,18270
0.0,18271
0.0,18272
0.0,18273
0.0,18274
0.0,18275
0.0,18276
0.0,18277
0.0,18278
0.0,18279
0.0,18280
0.0,18281
0.0,18282
0.0,18283
0.0,18284
0.0,18285
0.0,18286
1181.069628212566,18287
0.0,18288
2462.6035065110746,18289
872.4080218801523,18290
0.0,18291
0.0,18292
0.0,18293
0.0,18294
0.0,18295
1388.5576464170167,18296
0.0,18297
7763.8851582142015,18298
7981.592111951572,18299
0.0,18300
0.0,18301
0.0,18302
0.0,18303
0.0,18304
0.0,18305
116.58187488296049,18306
0.0,18307
0.0,18308
8033.727414713305,18309
0.0,18310
0.0,18311
0.0,18312
0.0,18313
0.0,18314
0.0,18315
0.0,18316
0.0,18317
0.0,18318
0.0,18319
0.0,18320
0.0,18321
0.0,18322
0.0,18323
0.0,18324
906.0676127210473,18325
0.0,18326
0.0,18327
0.0,18328
0.0,18329
0.0,18330
0.0,18331
0.0,18332
1119.6091608712507,18333
0.0,18334
0.0,18335
0.0,18336
0.0,18337
0.0,18338
0.0,18339
0.0,18340
0.0,18341
0.0,18342
0.0,18343
0.0,18344
0.0,18345
0.0,18346
0.0,18347
0.0,18348
0.0,18349
0.0,18350
0.0,18351
0.0,18352
0.0,18353
0.0,18354
0.0,18355
0.0,18356
0.0,18357
0.0,18358
1010.4777488296548,18359
0.0,18360
0.0,18361
0.0,18362
6811.0612657625525,18363
0.0,18364
0.0,18365
0.0,18366
0.0,18367
0.0,18368
0.0,18369
0.0,18370
0.0,18371
0.0,18372
0.0,18373
0.0,18374
0.0,18375
0.0,18376
0.0,18377
0.0,18378
0.0,18379
0.0,18380
0.0,18381
0.0,18382
0.0,18383
0.0,18384
0.0,18385
0.0,18386
209.50659705550933,18387
1201.5096042116759,18388
3175.015313870656,18389
0.0,18390
1414.7417067758777,18391
0.0,18392
0.0,18393
2048.7669676046653,18394
939.3287821181138,18395
0.0,18396
0.0,18397
0.0,18398
2995.6056346652144,18399
0.0,18400
0.0,18401
0.0,18402
0.0,18403
0.0,18404
0.0,18405
1053.1240041008016,18406
0.0,18407
0.0,18408
4150.83821516295,18409
0.0,18410
4149.687904878692,18411
0.0,18412
387.63648570468956,18413
0.0,18414
0.0,18415
0.0,18416
1803.0530003665062,18417
0.0,18418
0.0,18419
0.0,18420
0.0,18421
0.0,18422
0.0,18423
0.0,18424
1046.8852455512856,18425
0.0,18426
0.0,18427
898.0586162324496,18428
0.0,18429
0.0,18430
0.0,18431
0.0,18432
0.0,18433
0.0,18434
0.0,18435
0.0,18436
0.0,18437
1119.4988615202,18438
0.0,18439
0.0,18440
0.0,18441
0.0,18442
0.0,18443
0.0,18444
0.0,18445
0.0,18446
0.0,18447
0.0,18448
0.0,18449
0.0,18450
0.0,18451
0.0,18452
0.0,18453
0.0,18454
1161.0705020428882,18455
195.46592373000365,18456
0.0,18457
0.0,18458
0.0,18459
0.0,18460
0.0,18461
0.0,18462
0.0,18463
4092.436283848089,18464
0.0,18465
0.0,18466
0.0,18467
0.0,18468
0.0,18469
0.0,18470
0.0,18471
0.0,18472
0.0,18473
0.0,18474
0.0,18475
0.0,18476
0.0,18477
0.0,18478
0.0,18479
0.0,18480
0.0,18481
0.0,18482
1407.4839667800766,18483
0.0,18484
0.0,18485
0.0,18486
0.0,18487
0.0,18488
0.0,18489
0.0,18490
0.0,18491
0.0,18492
0.0,18493
0.0,18494
0.0,18495
1937.7802982037886,18496
0.0,18497
0.0,18498
0.0,18499
0.0,18500
0.0,18501
0.0,18502
867.3463594623183,18503
0.0,18504
1987.8794909276724,18505
0.0,18506
0.0,18507
0.0,18508
0.0,18509
0.0,18510
0.0,18511
0.0,18512
868.1741181077101,18513
0.0,18514
0.0,18515
0.0,18516
0.0,18517
0.0,18518
0.0,18519
768.6890083018944,18520
0.0,18521
0.0,18522
0.0,18523
0.0,18524
0.0,18525
0.0,18526
0.0,18527
0.0,18528
0.0,18529
0.0,18530
0.0,18531
0.0,18532
0.0,18533
0.0,18534
0.0,18535
0.0,18536
0.0,18537
0.0,18538
0.0,18539
0.0,18540
510.6948615912977,18541
0.0,18542
510.1697750647296,18543
509.62807413423945,18544
0.0,18545
509.0723736379828,18546
630.5989094627877,18547
508.4715922834502,18548
196.61950574133942,18549
0.0,18550
481.2559408497619,18551
0.0,18552
0.0,18553
0.0,18554
0.0,18555
0.0,18556
0.0,18557
0.0,18558
0.0,18559
0.0,18560
0.0,18561
0.0,18562
0.0,18563
0.0,18564
0.0,18565
0.0,18566
0.0,18567
0.0,18568
0.0,18569
0.0,18570
0.0,18571
0.0,18572
0.0,18573
0.0,18574
0.0,18575
37.7663965796989,18576
0.0,18577
0.0,18578
0.0,18579
0.0,18580
0.0,18581
0.0,18582
0.0,18583
0.0,18584
0.0,18585
214.1033769811897,18586
0.0,18587
0.0,18588
0.0,18589
0.0,18590
0.0,18591
0.0,18592
0.0,18593
0.0,18594
0.0,18595
0.0,18596
0.0,18597
134.62899166285501,18598
135.34288038590347,18599
0.0,18600
696.1961306366466,18601
135.99646282106755,18602
0.0,18603
0.0,18604
0.0,18605
0.0,18606
0.0,18607
0.0,18608
136.62809765246047,18609
0.0,18610
0.0,18611
0.0,18612
0.0,18613
0.0,18614
0.0,18615
0.0,18616
0.0,18617
0.0,18618
0.0,18619
137.21752181303367,18620
0.0,18621
137.76201912152416,18622
0.0,18623
0.0,18624
0.0,18625
0.0,18626
1577.6693458588913,18627
0.0,18628
0.0,18629
0.0,18630
0.0,18631
0.0,18632
139.72151984658444,18633
0.0,18634
0.0,18635
0.0,18636
0.0,18637
0.0,18638
0.0,18639
0.0,18640
0.0,18641
0.0,18642
0.0,18643
0.0,18644
0.0,18645
0.0,18646
0.0,18647
0.0,18648
0.0,18649
0.0,18650
0.0,18651
0.0,18652
0.0,18653
0.0,18654
0.0,18655
0.0,18656
0.0,18657
0.0,18658
0.0,18659
1084.8023705135674,18660
0.0,18661
0.0,18662
0.0,18663
0.0,18664
0.0,18665
0.0,18666
0.0,18667
0.0,18668
0.0,18669
0.0,18670
0.0,18671
0.0,18672
0.0,18673
0.0,18674
0.0,18675
0.0,18676
0.0,18677
0.0,18678
0.0,18679
0.0,18680
0.0,18681
0.0,18682
0.0,18683
0.0,18684
0.0,18685
0.0,18686
0.0,18687
0.0,18688
0.0,18689
0.0,18690
0.0,18691
0.0,18692
0.0,18693
0.0,18694
0.0,18695
0.0,18696
0.0,18697
0.0,18698
0.0,18699
0.0,18700
0.0,18701
0.0,18702
0.0,18703
0.0,18704
0.0,18705
0.0,18706
0.0,18707
0.0,18708
0.0,18709
0.0,18710
1449.9137799424432,18711
0.0,18712
0.0,18713
0.0,18714
0.0,18715
0.0,18716
0.0,18717
0.0,18718
0.0,18719
0.0,18720
0.0,18721
0.0,18722
0.0,18723
0.0,18724
0.0,18725
0.0,18726
0.0,18727
0.0,18728
0.0,18729
0.0,18730
0.0,18731
0.0,18732
0.0,18733
0.0,18734
0.0,18735
0.0,18736
0.0,18737
0.0,18738
0.0,18739
0.0,18740
2100.365507021137,18741
0.0,18742
0.0,18743
0.0,18744
0.0,18745
0.0,18746
0.0,18747
0.0,18748
0.0,18749
0.0,18750
0.0,18751
0.0,18752
0.0,18753
0.0,18754
0.0,18755
0.0,18756
0.0,18757
0.0,18758
0.0,18759
0.0,18760
0.0,18761
0.0,18762
0.0,18763
0.0,18764
0.0,18765
0.0,18766
0.0,18767
0.0,18768
0.0,18769
0.0,18770
0.0,18771
0.0,18772
0.0,18773
0.0,18774
0.0,18775
0.0,18776
0.0,18777
0.0,18778
0.0,18779
0.0,18780
3817.8756653771825,18781
0.0,18782
0.0,18783
0.0,18784
0.0,18785
0.0,18786
0.0,18787
0.0,18788
0.0,18789
0.0,18790
0.0,18791
0.0,18792
0.0,18793
0.0,18794
0.0,18795
0.0,18796
0.0,18797
0.0,18798
0.0,18799
0.0,18800
0.0,18801
0.0,18802
0.0,18803
0.0,18804
0.0,18805
0.0,18806
0.0,18807
0.0,18808
0.0,18809
0.0,18810
0.0,18811
1109.4481479193942,18812
1278.8723302533717,18813
1278.5573496215382,18814
2700.7001420973556,18815
292.01179619730294,18816
938.7670741144445,18817
2616.660477544697,18818
5340.826704792906,18819
3227.517877132467,18820
3227.4908748710523,18821
5698.87777104677,18822
6015.251069195083,18823
1314.5523407011583,18824
1313.6865276754413,18825
3154.9943635430814,18826
1313.1777683539042,18827
3051.6178925748986,18828
2004.720167740347,18829
2929.3430530755677,18830
429.2941565748738,18831
429.6675485777307,18832
1574.9451053656003,18833
0.0,18834
3134.131504958163,18835
3207.87346494301,18836
2038.3869565067375,18837
1899.9566819917418,18838
2537.8254890736807,18839
0.0,18840
3156.867192038684,18841
3479.7684027077385,18842
0.0,18843
2748.490575907326,18844
1693.7296863591944,18845
0.0,18846
2716.425544816178,18847
188.0061092178352,18848
0.0,18849
2717.1374372272594,18850
2963.423831132489,18851
2717.934074733985,18852
2718.4567632608123,18853
794.3319987764203,18854
2451.2169908988476,18855
2719.472830131208,18856
2719.9616717888666,18857
189.6149019214604,18858
1201.4118012166948,18859
745.7871118168388,18860
2720.8715412115985,18861
2721.3798167187915,18862
2721.8551134167033,18863
0.0,18864
2722.301077005761,18865
86.37866646529574,18866
603.8276711016463,18867
604.5093324969365,18868
161.48991832578668,18869
191.5739581992359,18870
161.99312099760215,18871
0.0,18872
683.7320513182145,18873
684.059258962377,18874
684.3389383494894,18875
0.0,18876
0.0,18877
0.0,18878
911.7895088794417,18879
991.4308593506665,18880
990.757358483576,18881
1301.315082427143,18882
0.0,18883
685.8990440118985,18884
0.0,18885
0.0,18886
0.0,18887
0.0,18888
526.42262659393,18889
506.7508464932758,18890
506.4156195599759,18891
0.0,18892
0.0,18893
0.0,18894
0.0,18895
1258.6018415320711,18896
0.0,18897
0.0,18898
0.0,18899
0.0,18900
1104.1394715379124,18901
1103.5452151748448,18902
0.0,18903
29.12784245216568,18904
1103.1792353447545,18905
1078.2947898220036,18906
0.0,18907
0.0,18908
0.0,18909
0.0,18910
0.0,18911
0.0,18912
0.0,18913
0.0,18914
0.0,18915
0.0,18916
0.0,18917
0.0,18918
0.0,18919
0.0,18920
0.0,18921
0.0,18922
0.0,18923
0.0,18924
0.0,18925
0.0,18926
0.0,18927
346.06293193101203,18928
1127.82855427412,18929
0.0,18930
0.0,18931
0.0,18932
0.0,18933
0.0,18934
0.0,18935
0.0,18936
0.0,18937
935.0165982050097,18938
0.0,18939
0.0,18940
0.0,18941
0.0,18942
0.0,18943
0.0,18944
0.0,18945
0.0,18946
0.0,18947
10.553313753600213,18948
1462.2813291446912,18949
613.0103758768375,18950
0.0,18951
611.7366957018138,18952
1679.445933616089,18953
2269.916611314516,18954
0.0,18955
0.0,18956
0.0,18957
0.0,18958
0.0,18959
0.0,18960
0.0,18961
0.0,18962
0.0,18963
0.0,18964
0.0,18965
0.0,18966
0.0,18967
0.0,18968
0.0,18969
0.0,18970
0.0,18971
0.0,18972
0.0,18973
0.0,18974
0.0,18975
0.0,18976
0.0,18977
0.0,18978
0.0,18979
0.0,18980
0.0,18981
0.0,18982
0.0,18983
0.0,18984
0.0,18985
0.0,18986
0.0,18987
0.0,18988
0.0,18989
0.0,18990
0.0,18991
0.0,18992
0.0,18993
0.0,18994
0.0,18995
0.0,18996
0.0,18997
0.0,18998
0.0,18999
0.0,19000
0.0,19001
0.0,19002
0.0,19003
0.0,19004
986.5230337413402,19005
0.0,19006
0.0,19007
0.0,19008
0.0,19009
0.0,19010
0.0,19011
0.0,19012
0.0,19013
0.0,19014
0.0,19015
0.0,19016
0.0,19017
0.0,19018
0.0,19019
0.0,19020
0.0,19021
0.0,19022
0.0,19023
0.0,19024
0.0,19025
0.0,19026
0.0,19027
0.0,19028
0.0,19029
0.0,19030
0.0,19031
0.0,19032
0.0,19033
0.0,19034
0.0,19035
0.0,19036
0.0,19037
0.0,19038
0.0,19039
0.0,19040
0.0,19041
0.0,19042
0.0,19043
0.0,19044
0.0,19045
0.0,19046
0.0,19047
0.0,19048
0.0,19049
0.0,19050
0.0,19051
0.0,19052
0.0,19053
0.0,19054
0.0,19055
0.0,19056
0.0,19057
0.0,19058
0.0,19059
0.0,19060
0.0,19061
0.0,19062
0.0,19063
0.0,19064
0.0,19065
0.0,19066
0.0,19067
0.0,19068
0.0,19069
0.0,19070
0.0,19071
0.0,19072
0.0,19073
0.0,19074
0.0,19075
0.0,19076
0.0,19077
0.0,19078
0.0,19079
0.0,19080
0.0,19081
0.0,19082
0.0,19083
0.0,19084
0.0,19085
0.0,19086
0.0,19087
0.0,19088
0.0,19089
0.0,19090
0.0,19091
0.0,19092
0.0,19093
0.0,19094
0.0,19095
0.0,19096
0.0,19097
0.0,19098
0.0,19099
298.9275201085841,19100
294.81402074248274,19101
0.0,19102
0.0,19103
0.0,19104
0.0,19105
0.0,19106
0.0,19107
0.0,19108
973.8860148702367,19109
0.0,19110
176.4356631820696,19111
0.0,19112
0.0,19113
0.0,19114
0.0,19115
0.0,19116
0.0,19117
0.0,19118
0.0,19119
0.0,19120
0.0,19121
0.0,19122
0.0,19123
0.0,19124
0.0,19125
0.0,19126
0.0,19127
0.0,19128
0.0,19129
0.0,19130
0.0,19131
0.0,19132
0.0,19133
0.0,19134
0.0,19135
0.0,19136
0.0,19137
0.0,19138
0.0,19139
0.0,19140
0.0,19141
0.0,19142
0.0,19143
0.0,19144
0.0,19145
0.0,19146
1324.8647970688517,19147
0.0,19148
0.0,19149
0.0,19150
0.0,19151
0.0,19152
0.0,19153
0.0,19154
0.0,19155
0.0,19156
0.0,19157
0.0,19158
0.0,19159
0.0,19160
0.0,19161
0.0,19162
0.0,19163
0.0,19164
0.0,19165
0.0,19166
0.0,19167
0.0,19168
0.0,19169
0.0,19170
0.0,19171
0.0,19172
0.0,19173
0.0,19174
0.0,19175
0.0,19176
0.0,19177
0.0,19178
0.0,19179
2671.36396529072,19180
0.0,19181
0.0,19182
0.0,19183
0.0,19184
0.0,19185
0.0,19186
0.0,19187
0.0,19188
0.0,19189
0.0,19190
986.252412514529,19191
0.0,19192
0.0,19193
0.0,19194
0.0,19195
0.0,19196
0.0,19197
0.0,19198
0.0,19199
0.0,19200
0.0,19201
0.0,19202
0.0,19203
0.0,19204
0.0,19205
0.0,19206
0.0,19207
0.0,19208
0.0,19209
0.0,19210
1039.1693890572021,19211
0.0,19212
0.0,19213
0.0,19214
0.0,19215
0.0,19216
0.0,19217
0.0,19218
0.0,19219
0.0,19220
0.0,19221
0.0,19222
0.0,19223
0.0,19224
0.0,19225
0.0,19226
243.0173033359597,19227
0.0,19228
0.0,19229
487.2858048372995,19230
0.0,19231
4266.296752968745,19232
0.0,19233
0.0,19234
0.0,19235
677.5453527139204,19236
0.0,19237
0.0,19238
0.0,19239
0.0,19240
0.0,19241
0.0,19242
0.0,19243
0.0,19244
0.0,19245
0.0,19246
0.0,19247
0.0,19248
0.0,19249
0.0,19250
0.0,19251
0.0,19252
0.0,19253
0.0,19254
1016.5717069811201,19255
0.0,19256
378.8463395375752,19257
0.0,19258
0.0,19259
0.0,19260
0.0,19261
0.0,19262
0.0,19263
0.0,19264
0.0,19265
0.0,19266
0.0,19267
0.0,19268
0.0,19269
0.0,19270
0.0,19271
0.0,19272
0.0,19273
0.0,19274
0.0,19275
0.0,19276
0.0,19277
5051.894029622443,19278
0.0,19279
0.0,19280
0.0,19281
0.0,19282
0.0,19283
0.0,19284
1748.0386624264247,19285
0.0,19286
0.0,19287
0.0,19288
0.0,19289
0.0,19290
0.0,19291
0.0,19292
0.0,19293
0.0,19294
2936.2810469506603,19295
0.0,19296
0.0,19297
0.0,19298
0.0,19299
0.0,19300
0.0,19301
0.0,19302
0.0,19303
0.0,19304
0.0,19305
0.0,19306
0.0,19307
0.0,19308
0.0,19309
0.0,19310
0.0,19311
0.0,19312
0.0,19313
0.0,19314
0.0,19315
0.0,19316
0.0,19317
0.0,19318
0.0,19319
0.0,19320
0.0,19321
0.0,19322
0.0,19323
170.85044859868006,19324
0.0,19325
0.0,19326
0.0,19327
0.0,19328
0.0,19329
0.0,19330
0.0,19331
0.0,19332
0.0,19333
0.0,19334
0.0,19335
0.0,19336
0.0,19337
0.0,19338
0.0,19339
0.0,19340
0.0,19341
0.0,19342
0.0,19343
3241.4373378902096,19344
0.0,19345
0.0,19346
0.0,19347
0.0,19348
0.0,19349
0.0,19350
0.0,19351
0.0,19352
712.6744585849833,19353
0.0,19354
0.0,19355
0.0,19356
0.0,19357
0.0,19358
0.0,19359
0.0,19360
0.0,19361
0.0,19362
0.0,19363
0.0,19364
0.0,19365
0.0,19366
0.0,19367
2578.49957262361,19368
0.0,19369
0.0,19370
0.0,19371
0.0,19372
0.0,19373
0.0,19374
0.0,19375
622.9944506142931,19376
624.5599876961354,19377
470.4768674667318,19378
0.0,19379
0.0,19380
0.0,19381
0.0,19382
0.0,19383
0.0,19384
0.0,19385
0.0,19386
0.0,19387
0.0,19388
0.0,19389
0.0,19390
0.0,19391
0.0,19392
70.29074924289057,19393
504.35255485530536,19394
0.0,19395
0.0,19396
0.0,19397
0.0,19398
0.0,19399
3265.822177718328,19400
0.0,19401
0.0,19402
0.0,19403
0.0,19404
0.0,19405
3451.864667343835,19406
0.0,19407
0.0,19408
0.0,19409
0.0,19410
0.0,19411
0.0,19412
0.0,19413
0.0,19414
0.0,19415
0.0,19416
0.0,19417
0.0,19418
0.0,19419
0.0,19420
0.0,19421
0.0,19422
0.0,19423
0.0,19424
0.0,19425
0.0,19426
0.0,19427
0.0,19428
0.0,19429
0.0,19430
491.4930130682716,19431
1158.7839335247038,19432
0.0,19433
0.0,19434
65.54752773836174,19435
0.0,19436
692.1165857023609,19437
0.0,19438
149.18268165697788,19439
0.0,19440
151.68312479247763,19441
0.0,19442
0.0,19443
97.470781703811,19444
0.0,19445
1087.3212326993723,19446
0.0,19447
0.0,19448
0.0,19449
0.0,19450
0.0,19451
0.0,19452
0.0,19453
0.0,19454
0.0,19455
0.0,19456
0.0,19457
0.0,19458
0.0,19459
0.0,19460
0.0,19461
0.0,19462
0.0,19463
0.0,19464
0.0,19465
0.0,19466
0.0,19467
0.0,19468
0.0,19469
0.0,19470
0.0,19471
0.0,19472
0.0,19473
0.0,19474
0.0,19475
0.0,19476
0.0,19477
0.0,19478
3186.3864938242127,19479
0.0,19480
0.0,19481
0.0,19482
0.0,19483
0.0,19484
0.0,19485
0.0,19486
0.0,19487
0.0,19488
0.0,19489
0.0,19490
0.0,19491
0.0,19492
0.0,19493
0.0,19494
1292.3593028649188,19495
0.0,19496
0.0,19497
0.0,19498
0.0,19499
0.0,19500
0.0,19501
0.0,19502
0.0,19503
160.81016388861792,19504
0.0,19505
0.0,19506
1293.7748795167813,19507
0.0,19508
0.0,19509
0.0,19510
2631.665241999176,19511
0.0,19512
0.0,19513
0.0,19514
2631.0895321271755,19515
0.0,19516
0.0,19517
0.0,19518
0.0,19519
0.0,19520
0.0,19521
0.0,19522
409.08764742989695,19523
541.7701336207625,19524
0.0,19525
0.0,19526
0.0,19527
0.0,19528
0.0,19529
0.0,19530
0.0,19531
542.7530251061931,19532
0.0,19533
0.0,19534
0.0,19535
0.0,19536
0.0,19537
0.0,19538
267.8635344544264,19539
0.0,19540
0.0,19541
0.0,19542
0.0,19543
781.8408068325115,19544
0.0,19545
0.0,19546
0.0,19547
0.0,19548
0.0,19549
269.08610493610047,19550
0.0,19551
0.0,19552
0.0,19553
0.0,19554
0.0,19555
0.0,19556
0.0,19557
0.0,19558
0.0,19559
270.31979081334396,19560
271.6008167350314,19561
0.0,19562
0.0,19563
540.9504497770909,19564
502.6337103091555,19565
0.0,19566
501.60327236595094,19567
0.0,19568
0.0,19569
0.0,19570
0.0,19571
0.0,19572
0.0,19573
0.0,19574
0.0,19575
0.0,19576
0.0,19577
0.0,19578
0.0,19579
0.0,19580
0.0,19581
0.0,19582
0.0,19583
0.0,19584
0.0,19585
0.0,19586
0.0,19587
0.0,19588
0.0,19589
0.0,19590
0.0,19591
0.0,19592
0.0,19593
0.0,19594
0.0,19595
0.0,19596
0.0,19597
0.0,19598
0.0,19599
0.0,19600
0.0,19601
0.0,19602
0.0,19603
0.0,19604
0.0,19605
0.0,19606
0.0,19607
0.0,19608
0.0,19609
0.0,19610
0.0,19611
0.0,19612
0.0,19613
0.0,19614
0.0,19615
0.0,19616
0.0,19617
0.0,19618
0.0,19619
0.0,19620
0.0,19621
0.0,19622
0.0,19623
0.0,19624
0.0,19625
0.0,19626
0.0,19627
0.0,19628
0.0,19629
0.0,19630
1640.682132248392,19631
0.0,19632
0.0,19633
0.0,19634
0.0,19635
2497.536756938241,19636
0.0,19637
2496.8264265984803,19638
0.0,19639
0.0,19640
0.0,19641
0.0,19642
0.0,19643
0.0,19644
0.0,19645
0.0,19646
0.0,19647
0.0,19648
0.0,19649
0.0,19650
461.48784596745264,19651
0.0,19652
0.0,19653
0.0,19654
0.0,19655
0.0,19656
0.0,19657
0.0,19658
0.0,19659
0.0,19660
0.0,19661
0.0,19662
0.0,19663
0.0,19664
0.0,19665
0.0,19666
0.0,19667
0.0,19668
0.0,19669
0.0,19670
0.0,19671
0.0,19672
0.0,19673
0.0,19674
2410.272736880017,19675
0.0,19676
0.0,19677
0.0,19678
708.9065655566167,19679
0.0,19680
0.0,19681
0.0,19682
0.0,19683
0.0,19684
1481.0847922636217,19685
1176.4576113045869,19686
3681.8379091530073,19687
2127.3413200040786,19688
1177.186344859753,19689
0.0,19690
2128.4516824035045,19691
0.0,19692
0.0,19693
0.0,19694
0.0,19695
0.0,19696
0.0,19697
0.0,19698
489.3454559377002,19699
1211.659264922464,19700
0.0,19701
0.0,19702
1154.4469387057986,19703
0.0,19704
0.0,19705
7652.237624799611,19706
0.0,19707
758.1349029722711,19708
0.0,19709
0.0,19710
0.0,19711
0.0,19712
1343.6025633060433,19713
0.0,19714
0.0,19715
0.0,19716
0.0,19717
0.0,19718
0.0,19719
0.0,19720
0.0,19721
0.0,19722
0.0,19723
0.0,19724
0.0,19725
0.0,19726
0.0,19727
0.0,19728
0.0,19729
0.0,19730
0.0,19731
0.0,19732
0.0,19733
0.0,19734
0.0,19735
0.0,19736
0.0,19737
0.0,19738
0.0,19739
0.0,19740
0.0,19741
0.0,19742
0.0,19743
139.53460053113164,19744
0.0,19745
0.0,19746
0.0,19747
0.0,19748
0.0,19749
0.0,19750
0.0,19751
0.0,19752
1605.5698201822295,19753
0.0,19754
0.0,19755
0.0,19756
0.0,19757
0.0,19758
0.0,19759
0.0,19760
0.0,19761
0.0,19762
0.0,19763
0.0,19764
0.0,19765
1025.2898113185659,19766
363.4016893468679,19767
1047.6629819594316,19768
0.0,19769
0.0,19770
0.0,19771
0.0,19772
0.0,19773
0.0,19774
1478.9780700476315,19775
0.0,19776
0.0,19777
1439.7103818706375,19778
1440.160466854223,19779
0.0,19780
0.0,19781
0.0,19782
0.0,19783
0.0,19784
0.0,19785
745.2256341017707,19786
0.0,19787
1441.1373477560737,19788
0.0,19789
0.0,19790
0.0,19791
0.0,19792
0.0,19793
0.0,19794
0.0,19795
273.8298451313573,19796
0.0,19797
0.0,19798
742.0905846707318,19799
743.5751614320212,19800
0.0,19801
0.0,19802
0.0,19803
745.06499911189,19804
0.0,19805
0.0,19806
0.0,19807
0.0,19808
0.0,19809
0.0,19810
0.0,19811
0.0,19812
0.0,19813
0.0,19814
0.0,19815
1027.7287892753338,19816
0.0,19817
0.0,19818
0.0,19819
0.0,19820
0.0,19821
0.0,19822
0.0,19823
0.0,19824
0.0,19825
0.0,19826
0.0,19827
0.0,19828
0.0,19829
0.0,19830
0.0,19831
0.0,19832
0.0,19833
0.0,19834
0.0,19835
0.0,19836
0.0,19837
0.0,19838
0.0,19839
0.0,19840
0.0,19841
0.0,19842
0.0,19843
0.0,19844
0.0,19845
0.0,19846
0.0,19847
0.0,19848
0.0,19849
0.0,19850
0.0,19851
0.0,19852
0.0,19853
0.0,19854
0.0,19855
0.0,19856
0.0,19857
0.0,19858
0.0,19859
0.0,19860
0.0,19861
0.0,19862
0.0,19863
0.0,19864
0.0,19865
0.0,19866
0.0,19867
0.0,19868
0.0,19869
0.0,19870
1841.3152242013464,19871
0.0,19872
0.0,19873
0.0,19874
0.0,19875
0.0,19876
0.0,19877
0.0,19878
0.0,19879
0.0,19880
0.0,19881
0.0,19882
0.0,19883
0.0,19884
0.0,19885
0.0,19886
0.0,19887
0.0,19888
0.0,19889
0.0,19890
0.0,19891
0.0,19892
0.0,19893
0.0,19894
0.0,19895
0.0,19896
0.0,19897
0.0,19898
0.0,19899
0.0,19900
0.0,19901
0.0,19902
0.0,19903
0.0,19904
0.0,19905
0.0,19906
0.0,19907
0.0,19908
0.0,19909
0.0,19910
0.0,19911
0.0,19912
0.0,19913
0.0,19914
0.0,19915
0.0,19916
0.0,19917
0.0,19918
0.0,19919
668.7684527730024,19920
0.0,19921
0.0,19922
0.0,19923
0.0,19924
0.0,19925
6963.253941997575,19926
0.0,19927
0.0,19928
0.0,19929
0.0,19930
0.0,19931
0.0,19932
0.0,19933
0.0,19934
0.0,19935
0.0,19936
0.0,19937
0.0,19938
0.0,19939
0.0,19940
578.5707104545357,19941
0.0,19942
0.0,19943
0.0,19944
0.0,19945
0.0,19946
0.0,19947
0.0,19948
0.0,19949
0.0,19950
0.0,19951
0.0,19952
0.0,19953
0.0,19954
0.0,19955
0.0,19956
0.0,19957
0.0,19958
0.0,19959
0.0,19960
0.0,19961
0.0,19962
0.0,19963
0.0,19964
0.0,19965
0.0,19966
0.0,19967
0.0,19968
0.0,19969
0.0,19970
0.0,19971
0.0,19972
0.0,19973
0.0,19974
0.0,19975
0.0,19976
0.0,19977
0.0,19978
0.0,19979
0.0,19980
0.0,19981
0.0,19982
0.0,19983
0.0,19984
0.0,19985
0.0,19986
0.0,19987
0.0,19988
0.0,19989
0.0,19990
0.0,19991
0.0,19992
0.0,19993
0.0,19994
0.0,19995
0.0,19996
0.0,19997
0.0,19998
0.0,19999
0.0,20000
0.0,20001
0.0,20002
0.0,20003
0.0,20004
0.0,20005
0.0,20006
0.0,20007
0.0,20008
0.0,20009
0.0,20010
0.0,20011
0.0,20012
0.0,20013
0.0,20014
0.0,20015
0.0,20016
0.0,20017
0.0,20018
0.0,20019
751.7826140115338,20020
0.0,20021
0.0,20022
0.0,20023
0.0,20024
0.0,20025
0.0,20026
0.0,20027
0.0,20028
0.0,20029
0.0,20030
0.0,20031
88.79457679938633,20032
0.0,20033
0.0,20034
0.0,20035
0.0,20036
3576.0299082681445,20037
0.0,20038
0.0,20039
1171.1328759540804,20040
0.0,20041
0.0,20042
0.0,20043
0.0,20044
0.0,20045
0.0,20046
0.0,20047
0.0,20048
0.0,20049
0.0,20050
0.0,20051
0.0,20052
0.0,20053
0.0,20054
0.0,20055
0.0,20056
0.0,20057
0.0,20058
0.0,20059
0.0,20060
0.0,20061
0.0,20062
0.0,20063
0.0,20064
0.0,20065
0.0,20066
0.0,20067
0.0,20068
0.0,20069
0.0,20070
0.0,20071
0.0,20072
0.0,20073
0.0,20074
0.0,20075
0.0,20076
0.0,20077
0.0,20078
0.0,20079
0.0,20080
0.0,20081
0.0,20082
0.0,20083
0.0,20084
0.0,20085
0.0,20086
0.0,20087
3206.3494578826053,20088
0.0,20089
0.0,20090
0.0,20091
0.0,20092
0.0,20093
0.0,20094
3.267342470815509,20095
7.959635973228435,20096
0.0,20097
0.0,20098
0.0,20099
0.0,20100
0.0,20101
0.0,20102
0.0,20103
0.0,20104
0.0,20105
3185.1014980232353,20106
0.0,20107
0.0,20108
0.0,20109
0.0,20110
3977.3238421663746,20111
0.0,20112
0.0,20113
0.0,20114
0.0,20115
0.0,20116
0.0,20117
0.0,20118
0.0,20119
0.0,20120
0.0,20121
0.0,20122
0.0,20123
0.0,20124
0.0,20125
0.0,20126
0.0,20127
0.0,20128
0.0,20129
0.0,20130
0.0,20131
0.0,20132
0.0,20133
6688.758412827536,20134
0.0,20135
0.0,20136
0.0,20137
0.0,20138
0.0,20139
0.0,20140
0.0,20141
0.0,20142
0.0,20143
0.0,20144
0.0,20145
0.0,20146
0.0,20147
0.0,20148
0.0,20149
0.0,20150
0.0,20151
0.0,20152
0.0,20153
0.0,20154
5619.896839818527,20155
0.0,20156
0.0,20157
0.0,20158
0.0,20159
0.0,20160
0.0,20161
0.0,20162
0.0,20163
0.0,20164
0.0,20165
0.0,20166
0.0,20167
0.0,20168
0.0,20169
0.0,20170
0.0,20171
0.0,20172
0.0,20173
0.0,20174
0.0,20175
0.0,20176
0.0,20177
575.2433851029001,20178
0.0,20179
0.0,20180
0.0,20181
0.0,20182
0.0,20183
0.0,20184
0.0,20185
0.0,20186
0.0,20187
0.0,20188
0.0,20189
0.0,20190
0.0,20191
0.0,20192
0.0,20193
0.0,20194
0.0,20195
0.0,20196
0.0,20197
0.0,20198
0.0,20199
0.0,20200
2156.1078668009613,20201
0.0,20202
502.85347735501387,20203
2011.879988757401,20204
2013.238978075712,20205
0.0,20206
0.0,20207
0.0,20208
0.0,20209
2962.3380015735893,20210
0.0,20211
0.0,20212
0.0,20213
0.0,20214
0.0,20215
0.0,20216
0.0,20217
249.79865801843576,20218
776.0597900484977,20219
0.0,20220
0.0,20221
0.0,20222
0.0,20223
0.0,20224
0.0,20225
0.0,20226
0.0,20227
0.0,20228
0.0,20229
0.0,20230
0.0,20231
2845.695298379656,20232
0.0,20233
0.0,20234
0.0,20235
0.0,20236
0.0,20237
521.7775646842355,20238
1995.0296539347225,20239
0.0,20240
0.0,20241
0.0,20242
2845.181702319027,20243
0.0,20244
0.0,20245
0.0,20246
0.0,20247
0.0,20248
0.0,20249
5313.474927561812,20250
0.0,20251
1525.9064503536138,20252
0.0,20253
0.0,20254
0.0,20255
0.0,20256
0.0,20257
0.0,20258
0.0,20259
0.0,20260
0.0,20261
0.0,20262
0.0,20263
1516.4694480740548,20264
0.0,20265
0.0,20266
2704.627312611115,20267
1782.4082774294284,20268
0.0,20269
2048.2314287999725,20270
2045.629317758228,20271
0.0,20272
0.0,20273
0.0,20274
0.0,20275
0.0,20276
0.0,20277
541.2147097498374,20278
0.0,20279
0.0,20280
0.0,20281
0.0,20282
0.0,20283
0.0,20284
0.0,20285
98.36600410446644,20286
99.73631456090227,20287
101.13635344792822,20288
0.0,20289
0.0,20290
0.0,20291
1168.375717317675,20292
0.0,20293
0.0,20294
0.0,20295
0.0,20296
0.0,20297
0.0,20298
0.0,20299
0.0,20300
0.0,20301
0.0,20302
0.0,20303
0.0,20304
9478.406770567875,20305
23.87591201189783,20306
0.0,20307
0.0,20308
0.0,20309
0.0,20310
0.0,20311
0.0,20312
0.0,20313
0.0,20314
0.0,20315
0.0,20316
0.0,20317
0.0,20318
0.0,20319
0.0,20320
0.0,20321
0.0,20322
0.0,20323
0.0,20324
0.0,20325
0.0,20326
1984.3373554207783,20327
0.0,20328
0.0,20329
0.0,20330
0.0,20331
0.0,20332
0.0,20333
0.0,20334
0.0,20335
0.0,20336
0.0,20337
0.0,20338
1343.285588302892,20339
0.0,20340
0.0,20341
0.0,20342
0.0,20343
0.0,20344
0.0,20345
0.0,20346
0.0,20347
0.0,20348
0.0,20349
0.0,20350
0.0,20351
0.0,20352
0.0,20353
0.0,20354
0.0,20355
0.0,20356
0.0,20357
0.0,20358
0.0,20359
0.0,20360
0.0,20361
0.0,20362
319.6051662519467,20363
0.0,20364
0.0,20365
0.0,20366
0.0,20367
0.0,20368
0.0,20369
0.0,20370
0.0,20371
0.0,20372
0.0,20373
0.0,20374
1166.5764151968576,20375
0.0,20376
0.0,20377
0.0,20378
0.0,20379
7863.061041038679,20380
0.0,20381
0.0,20382
0.0,20383
0.0,20384
0.0,20385
0.0,20386
0.0,20387
0.0,20388
0.0,20389
0.0,20390
0.0,20391
0.0,20392
0.0,20393
0.0,20394
0.0,20395
0.0,20396
0.0,20397
0.0,20398
0.0,20399
0.0,20400
0.0,20401
989.9053061629065,20402
199.33116562758852,20403
0.0,20404
0.0,20405
0.0,20406
74.87235619059717,20407
272.55712580443117,20408
0.0,20409
967.2303048326363,20410
0.0,20411
0.0,20412
0.0,20413
0.0,20414
0.0,20415
0.0,20416
0.0,20417
0.0,20418
0.0,20419
0.0,20420
0.0,20421
0.0,20422
0.0,20423
0.0,20424
0.0,20425
0.0,20426
0.0,20427
0.0,20428
0.0,20429
0.0,20430
0.0,20431
0.0,20432
0.0,20433
0.0,20434
0.0,20435
0.0,20436
0.0,20437
0.0,20438
0.0,20439
0.0,20440
0.0,20441
0.0,20442
0.0,20443
0.0,20444
0.0,20445
0.0,20446
0.0,20447
0.0,20448
0.0,20449
0.0,20450
0.0,20451
0.0,20452
0.0,20453
0.0,20454
0.0,20455
0.0,20456
0.0,20457
0.0,20458
0.0,20459
0.0,20460
0.0,20461
0.0,20462
0.0,20463
0.0,20464
0.0,20465
0.0,20466
2199.750448013238,20467
0.0,20468
0.0,20469
0.0,20470
0.0,20471
0.0,20472
0.0,20473
0.0,20474
0.0,20475
0.0,20476
0.0,20477
0.0,20478
0.0,20479
0.0,20480
986.9800610437826,20481
0.0,20482
0.0,20483
0.0,20484
406.78826629896116,20485
0.0,20486
0.0,20487
0.0,20488
0.0,20489
0.0,20490
0.0,20491
0.0,20492
0.0,20493
0.0,20494
0.0,20495
0.0,20496
0.0,20497
0.0,20498
0.0,20499
0.0,20500
0.0,20501
0.0,20502
0.0,20503
0.0,20504
0.0,20505
0.0,20506
0.0,20507
0.0,20508
0.0,20509
0.0,20510
420.5806392598663,20511
0.0,20512
0.0,20513
0.0,20514
0.0,20515
0.0,20516
0.0,20517
0.0,20518
0.0,20519
0.0,20520
0.0,20521
143.3389397376619,20522
0.0,20523
0.0,20524
0.0,20525
0.0,20526
144.69995574728136,20527
0.0,20528
0.0,20529
13.364090445394723,20530
755.8458169773043,20531
0.0,20532
0.0,20533
0.0,20534
0.0,20535
0.0,20536
1722.9633108429462,20537
0.0,20538
0.0,20539
0.0,20540
0.0,20541
0.0,20542
0.0,20543
0.0,20544
0.0,20545
0.0,20546
0.0,20547
0.0,20548
0.0,20549
0.0,20550
0.0,20551
0.0,20552
0.0,20553
0.0,20554
1055.3641325834842,20555
0.0,20556
0.0,20557
147.65374518750872,20558
0.0,20559
0.0,20560
2097.260532650454,20561
0.0,20562
0.0,20563
0.0,20564
0.0,20565
0.0,20566
0.0,20567
37.52191179470118,20568
1446.7453810657169,20569
0.0,20570
0.0,20571
0.0,20572
0.0,20573
0.0,20574
0.0,20575
0.0,20576
0.0,20577
0.0,20578
0.0,20579
0.0,20580
0.0,20581
2013.0431146179844,20582
314.63189244761605,20583
0.0,20584
0.0,20585
0.0,20586
0.0,20587
0.0,20588
0.0,20589
0.0,20590
0.0,20591
0.0,20592
0.0,20593
0.0,20594
0.0,20595
0.0,20596
0.0,20597
0.0,20598
0.0,20599
0.0,20600
0.0,20601
0.0,20602
0.0,20603
0.0,20604
0.0,20605
0.0,20606
0.0,20607
0.0,20608
0.0,20609
0.0,20610
878.281926933051,20611
878.1271080479338,20612
0.0,20613
0.0,20614
0.0,20615
0.0,20616
0.0,20617
0.0,20618
0.0,20619
0.0,20620
1105.6906429704222,20621
0.0,20622
487.5250640525253,20623
0.0,20624
52.25568888476747,20625
528.22476047303,20626
0.0,20627
227.29328561114406,20628
0.0,20629
0.0,20630
0.0,20631
0.0,20632
491.918113579484,20633
0.0,20634
495.1179682099047,20635
0.0,20636
3945.9943025378743,20637
0.0,20638
2267.620846742417,20639
0.0,20640
0.0,20641
0.0,20642
0.0,20643
0.0,20644
0.0,20645
0.0,20646
0.0,20647
0.0,20648
148.23830718433126,20649
0.0,20650
0.0,20651
0.0,20652
0.0,20653
0.0,20654
0.0,20655
0.0,20656
3504.5335577724322,20657
3401.416895179981,20658
0.0,20659
0.0,20660
2479.248455484362,20661
0.0,20662
0.0,20663
0.0,20664
0.0,20665
0.0,20666
0.0,20667
7046.049176754625,20668
0.0,20669
0.0,20670
2242.723181990199,20671
0.0,20672
0.0,20673
0.0,20674
0.0,20675
0.0,20676
0.0,20677
0.0,20678
0.0,20679
0.0,20680
0.0,20681
0.0,20682
0.0,20683
0.0,20684
0.0,20685
0.0,20686
0.0,20687
0.0,20688
180.26256109268485,20689
0.0,20690
0.0,20691
0.0,20692
1050.2808268579388,20693
0.0,20694
0.0,20695
1763.3820815975157,20696
0.0,20697
1761.1160905291777,20698
0.0,20699
0.0,20700
1758.8187755373713,20701
0.0,20702
390.07834696294697,20703
0.0,20704
0.0,20705
0.0,20706
387.8030564818665,20707
0.0,20708
0.0,20709
136.66841724833813,20710
491.2096591317333,20711
0.0,20712
0.0,20713
17.673528976545324,20714
705.5979905641324,20715
0.0,20716
0.0,20717
0.0,20718
0.0,20719
0.0,20720
0.0,20721
0.0,20722
0.0,20723
0.0,20724
0.0,20725
0.0,20726
0.0,20727
346.62392662090605,20728
0.0,20729
0.0,20730
349.1227731363329,20731
339.15845787411297,20732
0.0,20733
0.0,20734
0.0,20735
0.0,20736
0.0,20737
0.0,20738
0.0,20739
7.874001936146369,20740
0.0,20741
0.0,20742
324.9491302682537,20743
0.0,20744
0.0,20745
0.0,20746
0.0,20747
0.0,20748
0.0,20749
0.0,20750
0.0,20751
0.0,20752
0.0,20753
0.0,20754
0.0,20755
0.0,20756
0.0,20757
0.0,20758
0.0,20759
0.0,20760
0.0,20761
0.0,20762
0.0,20763
0.0,20764
0.0,20765
0.0,20766
0.0,20767
0.0,20768
0.0,20769
0.0,20770
0.0,20771
0.0,20772
0.0,20773
0.0,20774
0.0,20775
0.0,20776
0.0,20777
0.0,20778
0.0,20779
0.0,20780
0.0,20781
0.0,20782
0.0,20783
0.0,20784
0.0,20785
0.0,20786
0.0,20787
0.0,20788
0.0,20789
0.0,20790
0.0,20791
0.0,20792
0.0,20793
0.0,20794
0.0,20795
0.0,20796
0.0,20797
0.0,20798
0.0,20799
0.0,20800
0.0,20801
0.0,20802
0.0,20803
0.0,20804
0.0,20805
0.0,20806
0.0,20807
0.0,20808
0.0,20809
0.0,20810
0.0,20811
0.0,20812
0.0,20813
0.0,20814
0.0,20815
0.0,20816
0.0,20817
0.0,20818
2997.188574336421,20819
0.0,20820
0.0,20821
0.0,20822
0.0,20823
0.0,20824
0.0,20825
0.0,20826
0.0,20827
0.0,20828
0.0,20829
0.0,20830
0.0,20831
0.0,20832
0.0,20833
0.0,20834
0.0,20835
0.0,20836
0.0,20837
0.0,20838
0.0,20839
0.0,20840
0.0,20841
0.0,20842
0.0,20843
0.0,20844
0.0,20845
0.0,20846
0.0,20847
0.0,20848
0.0,20849
0.0,20850
47.09949775979026,20851
0.0,20852
0.0,20853
0.0,20854
0.0,20855
0.0,20856
0.0,20857
0.0,20858
563.0601117375912,20859
0.0,20860
0.0,20861
0.0,20862
0.0,20863
0.0,20864
0.0,20865
0.0,20866
0.0,20867
0.0,20868
0.0,20869
0.0,20870
0.0,20871
0.0,20872
0.0,20873
0.0,20874
0.0,20875
0.0,20876
0.0,20877
0.0,20878
0.0,20879
0.0,20880
0.0,20881
0.0,20882
0.0,20883
0.0,20884
0.0,20885
0.0,20886
0.0,20887
0.0,20888
0.0,20889
0.0,20890
0.0,20891
0.0,20892
0.0,20893
0.0,20894
0.0,20895
0.0,20896
0.0,20897
0.0,20898
0.0,20899
0.0,20900
0.0,20901
0.0,20902
0.0,20903
0.0,20904
0.0,20905
0.0,20906
0.0,20907
0.0,20908
0.0,20909
0.0,20910
0.0,20911
0.0,20912
0.0,20913
0.0,20914
0.0,20915
0.0,20916
0.0,20917
0.0,20918
0.0,20919
0.0,20920
0.0,20921
0.0,20922
0.0,20923
0.0,20924
0.0,20925
0.0,20926
0.0,20927
0.0,20928
0.0,20929
0.0,20930
0.0,20931
0.0,20932
0.0,20933
0.0,20934
0.0,20935
0.0,20936
0.0,20937
114.23690950356861,20938
0.0,20939
0.0,20940
110.15197316504344,20941
0.0,20942
502.5155491159577,20943
0.0,20944
0.0,20945
0.0,20946
0.0,20947
0.0,20948
0.0,20949
0.0,20950
0.0,20951
0.0,20952
0.0,20953
0.0,20954
0.0,20955
0.0,20956
0.0,20957
0.0,20958
0.0,20959
0.0,20960
463.57302122925313,20961
0.0,20962
0.0,20963
0.0,20964
0.0,20965
0.0,20966
0.0,20967
0.0,20968
0.0,20969
0.0,20970
0.0,20971
736.5969723187314,20972
0.0,20973
0.0,20974
0.0,20975
0.0,20976
0.0,20977
0.0,20978
0.0,20979
0.0,20980
0.0,20981
0.0,20982
0.0,20983
0.0,20984
0.0,20985
0.0,20986
0.0,20987
1201.2912180816736,20988
0.0,20989
345.130898881934,20990
0.0,20991
0.0,20992
0.0,20993
0.0,20994
0.0,20995
964.9174910036143,20996
0.0,20997
0.0,20998
0.0,20999
0.0,21000
0.0,21001
0.0,21002
0.0,21003
0.0,21004
823.8486075061393,21005
1557.3117937514046,21006
0.0,21007
0.0,21008
0.0,21009
0.0,21010
0.0,21011
0.0,21012
0.0,21013
0.0,21014
0.0,21015
0.0,21016
0.0,21017
0.0,21018
0.0,21019
0.0,21020
0.0,21021
0.0,21022
0.0,21023
0.0,21024
0.0,21025
3249.3272502477516,21026
0.0,21027
0.0,21028
0.0,21029
0.0,21030
0.0,21031
48.92745265510726,21032
481.74193677262497,21033
0.0,21034
0.0,21035
0.0,21036
3760.8805113871053,21037
0.0,21038
0.0,21039
0.0,21040
0.0,21041
0.0,21042
0.0,21043
0.0,21044
0.0,21045
0.0,21046
0.0,21047
0.0,21048
0.0,21049
0.0,21050
0.0,21051
0.0,21052
0.0,21053
0.0,21054
0.0,21055
0.0,21056
0.0,21057
0.0,21058
0.0,21059
0.0,21060
0.0,21061
0.0,21062
0.0,21063
0.0,21064
0.0,21065
0.0,21066
0.0,21067
0.0,21068
0.0,21069
0.0,21070
0.0,21071
0.0,21072
0.0,21073
0.0,21074
0.0,21075
0.0,21076
0.0,21077
0.0,21078
0.0,21079
0.0,21080
0.0,21081
0.0,21082
0.0,21083
0.0,21084
0.0,21085
0.0,21086
0.0,21087
0.0,21088
0.0,21089
0.0,21090
0.0,21091
0.0,21092
0.0,21093
0.0,21094
0.0,21095
0.0,21096
0.0,21097
0.0,21098
0.0,21099
0.0,21100
0.0,21101
0.0,21102
0.0,21103
0.0,21104
21381.297873968295,21105
855.3551865786262,21106
998.5762503417208,21107
998.5331846542897,21108
998.5216991253286,21109
652.5062364747646,21110
652.2840052139288,21111
652.1191436617976,21112
143.57957626904076,21113
0.0,21114
651.0549187706112,21115
650.9950437065568,21116
0.0,21117
0.0,21118
3715.716680806663,21119
0.0,21120
3699.5674842460444,21121
3697.53628525805,21122
2196.2793845316082,21123
2194.182785572518,21124
4668.4039844006975,21125
0.0,21126
0.0,21127
6140.509807495202,21128
0.0,21129
4531.5370415431535,21130
1527.076633667665,21131
0.0,21132
0.0,21133
630.4938805821675,21134
0.0,21135
0.0,21136
0.0,21137
0.0,21138
0.0,21139
0.0,21140
0.0,21141
0.0,21142
0.0,21143
0.0,21144
0.0,21145
0.0,21146
0.0,21147
0.0,21148
0.0,21149
0.0,21150
0.0,21151
12668.43862290601,21152
0.0,21153
0.0,21154
0.0,21155
0.0,21156
861.5510464220733,21157
0.0,21158
0.0,21159
0.0,21160
0.0,21161
0.0,21162
3140.3201460707833,21163
2255.6832206525232,21164
0.0,21165
0.0,21166
1779.5337988406268,21167
3379.3494256281433,21168
2138.2293703711657,21169
2891.735691771069,21170
5196.963102754685,21171
2892.530680302433,21172
6399.510370705041,21173
2138.9128472514185,21174
2730.9372596220223,21175
2465.165635616197,21176
1249.1606818720632,21177
1250.2453779406806,21178
1251.3548536717487,21179
0.0,21180
1252.4880155208775,21181
0.0,21182
0.0,21183
0.0,21184
2686.4158160759825,21185
1253.7810019690642,21186
1659.8020801236787,21187
0.0,21188
1907.6335077808794,21189
1156.4930382734008,21190
1108.5997027972999,21191
59.601456785154795,21192
0.0,21193
462.79909813613165,21194
0.0,21195
0.0,21196
0.0,21197
0.0,21198
0.0,21199
0.0,21200
0.0,21201
0.0,21202
0.0,21203
0.0,21204
0.0,21205
0.0,21206
0.0,21207
0.0,21208
0.0,21209
4270.191900736482,21210
0.0,21211
0.0,21212
0.0,21213
0.0,21214
0.0,21215
0.0,21216
0.0,21217
0.0,21218
0.0,21219
0.0,21220
2656.356189405521,21221
0.0,21222
0.0,21223
0.0,21224
0.0,21225
0.0,21226
0.0,21227
248.01291763913338,21228
0.0,21229
0.0,21230
0.0,21231
10.647819274338357,21232
0.0,21233
0.0,21234
0.0,21235
0.0,21236
252.15766747431957,21237
0.0,21238
0.0,21239
15.222617148620326,21240
0.0,21241
482.43347390422605,21242
0.0,21243
0.0,21244
0.0,21245
0.0,21246
0.0,21247
0.0,21248
0.0,21249
0.0,21250
0.0,21251
0.0,21252
0.0,21253
0.0,21254
0.0,21255
0.0,21256
0.0,21257
0.0,21258
0.0,21259
0.0,21260
0.0,21261
0.0,21262
319.06927671642944,21263
3335.974771138385,21264
0.0,21265
0.0,21266
0.0,21267
0.0,21268
299.33035195540805,21269
0.0,21270
0.0,21271
0.0,21272
0.0,21273
0.0,21274
0.0,21275
0.0,21276
0.0,21277
0.0,21278
0.0,21279
0.0,21280
0.0,21281
0.0,21282
0.0,21283
0.0,21284
0.0,21285
1338.5343171069446,21286
0.0,21287
0.0,21288
0.0,21289
0.0,21290
0.0,21291
0.0,21292
0.0,21293
0.0,21294
0.0,21295
0.0,21296
0.0,21297
0.0,21298
1442.532673115255,21299
3271.4041271460824,21300
0.0,21301
0.0,21302
1387.5211795801883,21303
0.0,21304
0.0,21305
0.0,21306
0.0,21307
0.0,21308
0.0,21309
1021.6849958231131,21310
0.0,21311
0.0,21312
0.0,21313
0.0,21314
0.0,21315
0.0,21316
0.0,21317
0.0,21318
0.0,21319
0.0,21320
0.0,21321
0.0,21322
0.0,21323
0.0,21324
0.0,21325
5144.763727686895,21326
0.0,21327
0.0,21328
0.0,21329
0.0,21330
0.0,21331
0.0,21332
0.0,21333
0.0,21334
5142.580760881242,21335
0.0,21336
0.0,21337
0.0,21338
0.0,21339
0.0,21340
0.0,21341
0.0,21342
0.0,21343
0.0,21344
0.0,21345
0.0,21346
0.0,21347
0.0,21348
0.0,21349
0.0,21350
0.0,21351
0.0,21352
0.0,21353
0.0,21354
0.0,21355
0.0,21356
0.0,21357
868.1632481942182,21358
520.6138818234293,21359
258.984252766365,21360
0.0,21361
0.0,21362
0.0,21363
0.0,21364
116.22249846289087,21365
0.0,21366
0.0,21367
0.0,21368
0.0,21369
0.0,21370
0.0,21371
0.0,21372
0.0,21373
0.0,21374
0.0,21375
0.0,21376
1479.2274032096032,21377
658.8209879398535,21378
0.0,21379
0.0,21380
0.0,21381
0.0,21382
182.3773936054504,21383
0.0,21384
0.0,21385
0.0,21386
0.0,21387
2385.6207595546834,21388
0.0,21389
2385.221286426236,21390
3185.5592691177744,21391
403.805008920859,21392
0.0,21393
3184.364938256269,21394
1073.257766021106,21395
0.0,21396
1652.0535226529537,21397
0.0,21398
0.0,21399
1662.785063290549,21400
709.114405485574,21401
0.0,21402
0.0,21403
0.0,21404
1599.2518275867255,21405
1598.5460930265758,21406
0.0,21407
0.0,21408
0.0,21409
0.0,21410
5633.552291012462,21411
0.0,21412
0.0,21413
0.0,21414
0.0,21415
0.0,21416
144.4277982196457,21417
0.0,21418
0.0,21419
0.0,21420
0.0,21421
0.0,21422
0.0,21423
0.0,21424
0.0,21425
0.0,21426
0.0,21427
0.0,21428
0.0,21429
0.0,21430
0.0,21431
0.0,21432
0.0,21433
0.0,21434
0.0,21435
0.0,21436
0.0,21437
0.0,21438
0.0,21439
0.0,21440
0.0,21441
0.0,21442
0.0,21443
0.0,21444
0.0,21445
0.0,21446
0.0,21447
0.0,21448
0.0,21449
522.1905033349542,21450
0.0,21451
0.0,21452
399.17724148349436,21453
527.4321552721982,21454
0.0,21455
0.0,21456
0.0,21457
0.0,21458
0.0,21459
0.0,21460
0.0,21461
0.0,21462
0.0,21463
0.0,21464
0.0,21465
0.0,21466
2219.2288754527385,21467
0.0,21468
0.0,21469
0.0,21470
0.0,21471
0.0,21472
0.0,21473
454.63665479669277,21474
0.0,21475
0.0,21476
0.0,21477
0.0,21478
0.0,21479
0.0,21480
0.0,21481
0.0,21482
0.0,21483
0.0,21484
0.0,21485
0.0,21486
0.0,21487
0.0,21488
0.0,21489
0.0,21490
0.0,21491
0.0,21492
0.0,21493
0.0,21494
0.0,21495
0.0,21496
0.0,21497
0.0,21498
0.0,21499
0.0,21500
0.0,21501
0.0,21502
0.0,21503
0.0,21504
0.0,21505
0.0,21506
0.0,21507
0.0,21508
0.0,21509
0.0,21510
0.0,21511
0.0,21512
0.0,21513
0.0,21514
0.0,21515
0.0,21516
0.0,21517
0.0,21518
0.0,21519
5044.371201082046,21520
0.0,21521
0.0,21522
0.0,21523
0.0,21524
0.0,21525
0.0,21526
1484.3065402242448,21527
0.0,21528
0.0,21529
0.0,21530
0.0,21531
0.0,21532
0.0,21533
0.0,21534
0.0,21535
0.0,21536
0.0,21537
0.0,21538
0.0,21539
0.0,21540
0.0,21541
0.0,21542
0.0,21543
0.0,21544
0.0,21545
0.0,21546
0.0,21547
0.0,21548
0.0,21549
0.0,21550
0.0,21551
0.0,21552
0.0,21553
0.0,21554
0.0,21555
0.0,21556
0.0,21557
0.0,21558
0.0,21559
0.0,21560
0.0,21561
0.0,21562
0.0,21563
0.0,21564
0.0,21565
0.0,21566
0.0,21567
0.0,21568
0.0,21569
0.0,21570
0.0,21571
0.0,21572
0.0,21573
0.0,21574
0.0,21575
0.0,21576
0.0,21577
0.0,21578
0.0,21579
3926.746345006877,21580
3435.4610235463906,21581
0.0,21582
2372.04676738094,21583
0.0,21584
0.0,21585
0.0,21586
2372.771930824944,21587
2373.4317108776418,21588
0.0,21589
0.0,21590
0.0,21591
0.0,21592
0.0,21593
0.0,21594
1907.3960598625295,21595
1906.7124124070403,21596
0.0,21597
0.0,21598
0.0,21599
4055.9718012651474,21600
0.0,21601
2741.457740504962,21602
1036.733231177042,21603
0.0,21604
0.0,21605
0.0,21606
1279.3471860513753,21607
0.0,21608
1372.031380894174,21609
0.0,21610
0.0,21611
0.0,21612
0.0,21613
596.2443634552201,21614
0.0,21615
0.0,21616
0.0,21617
0.0,21618
0.0,21619
0.0,21620
0.0,21621
0.0,21622
0.0,21623
1171.1867455948116,21624
0.0,21625
0.0,21626
0.0,21627
0.0,21628
0.0,21629
0.0,21630
0.0,21631
0.0,21632
0.0,21633
0.0,21634
0.0,21635
0.0,21636
1907.7007692700263,21637
2940.6700758026514,21638
0.0,21639
0.0,21640
0.0,21641
0.0,21642
0.0,21643
0.0,21644
2612.178947586003,21645
2527.8648309561695,21646
0.0,21647
0.0,21648
0.0,21649
0.0,21650
366.85004771400384,21651
0.0,21652
0.0,21653
0.0,21654
1909.7984103656568,21655
0.0,21656
0.0,21657
9.83789285184401,21658
0.0,21659
0.0,21660
2674.458510526958,21661
1493.3314034133755,21662
0.0,21663
881.3765972393459,21664
0.0,21665
0.0,21666
0.0,21667
851.3682734559956,21668
0.0,21669
0.0,21670
248.35537764074974,21671
0.0,21672
0.0,21673
264.12446335705914,21674
0.0,21675
0.0,21676
0.0,21677
0.0,21678
0.0,21679
404.9783699429383,21680
0.0,21681
0.0,21682
0.0,21683
0.0,21684
0.0,21685
0.0,21686
0.0,21687
0.0,21688
0.0,21689
1804.301810875736,21690
0.0,21691
2924.0052624321984,21692
682.4854958586927,21693
0.0,21694
0.0,21695
0.0,21696
0.0,21697
0.0,21698
0.0,21699
420.7717095374696,21700
0.0,21701
0.0,21702
0.0,21703
0.0,21704
0.0,21705
0.0,21706
533.6143031749112,21707
631.0084815837829,21708
0.0,21709
2681.4075123083794,21710
0.0,21711
0.0,21712
0.0,21713
0.0,21714
903.7435198282665,21715
0.0,21716
1521.9315052929528,21717
1808.0835881471646,21718
0.0,21719
0.0,21720
0.0,21721
0.0,21722
0.0,21723
901.1646934508477,21724
319.2550743735109,21725
0.0,21726
0.0,21727
0.0,21728
0.0,21729
0.0,21730
0.0,21731
957.364720151812,21732
0.0,21733
0.0,21734
0.0,21735
0.0,21736
0.0,21737
0.0,21738
0.0,21739
0.0,21740
0.0,21741
0.0,21742
0.0,21743
4629.961352529801,21744
2196.953398344941,21745
0.0,21746
0.0,21747
0.0,21748
2060.2594394095804,21749
0.0,21750
0.0,21751
2194.9663667551445,21752
0.0,21753
0.0,21754
0.0,21755
0.0,21756
0.0,21757
2193.3640419876638,21758
0.0,21759
0.0,21760
0.0,21761
0.0,21762
2191.7316653789685,21763
0.0,21764
2427.0062181326043,21765
0.0,21766
0.0,21767
0.0,21768
0.0,21769
2887.6876285998073,21770
0.0,21771
641.5455097648979,21772
450.63847994121386,21773
359.128111855916,21774
252.23652840392177,21775
354.34151827978314,21776
351.89162995360226,21777
0.0,21778
0.0,21779
2145.9843012095093,21780
4295.165495204492,21781
0.0,21782
2885.433307420518,21783
0.0,21784
0.0,21785
145.65058805735214,21786
0.0,21787
180.36799285055162,21788
1975.4455844689821,21789
3578.4105230477753,21790
0.0,21791
0.0,21792
0.0,21793
0.0,21794
0.0,21795
0.0,21796
0.0,21797
0.0,21798
0.0,21799
0.0,21800
0.0,21801
0.0,21802
0.0,21803
0.0,21804
0.0,21805
0.0,21806
0.0,21807
0.0,21808
0.0,21809
0.0,21810
543.0792815621854,21811
0.0,21812
0.0,21813
0.0,21814
0.0,21815
0.0,21816
0.0,21817
0.0,21818
0.0,21819
0.0,21820
0.0,21821
0.0,21822
0.0,21823
0.0,21824
0.0,21825
0.0,21826
0.0,21827
0.0,21828
0.0,21829
0.0,21830
0.0,21831
0.0,21832
0.0,21833
0.0,21834
0.0,21835
0.0,21836
0.0,21837
0.0,21838
0.0,21839
0.0,21840
0.0,21841
0.0,21842
0.0,21843
0.0,21844
0.0,21845
0.0,21846
0.0,21847
0.0,21848
0.0,21849
0.0,21850
0.0,21851
0.0,21852
0.0,21853
0.0,21854
0.0,21855
0.0,21856
0.0,21857
0.0,21858
0.0,21859
0.0,21860
0.0,21861
0.0,21862
0.0,21863
0.0,21864
0.0,21865
0.0,21866
0.0,21867
0.0,21868
0.0,21869
0.0,21870
0.0,21871
0.0,21872
0.0,21873
437.5115636991976,21874
0.0,21875
0.0,21876
0.0,21877
0.0,21878
0.0,21879
0.0,21880
0.0,21881
0.0,21882
0.0,21883
0.0,21884
0.0,21885
0.0,21886
0.0,21887
0.0,21888
0.0,21889
0.0,21890
1758.7397961318945,21891
1176.7663196483552,21892
1175.0762878669682,21893
0.0,21894
0.0,21895
0.0,21896
0.0,21897
0.0,21898
0.0,21899
0.0,21900
0.0,21901
1173.3936043734886,21902
1171.718519756899,21903
0.0,21904
0.0,21905
0.0,21906
0.0,21907
0.0,21908
0.0,21909
0.0,21910
0.0,21911
0.0,21912
0.0,21913
0.0,21914
0.0,21915
0.0,21916
0.0,21917
0.0,21918
0.0,21919
0.0,21920
0.0,21921
0.0,21922
0.0,21923
0.0,21924
1520.0733135502167,21925
0.0,21926
0.0,21927
0.0,21928
0.0,21929
0.0,21930
0.0,21931
0.0,21932
0.0,21933
0.0,21934
0.0,21935
0.0,21936
0.0,21937
0.0,21938
0.0,21939
0.0,21940
0.0,21941
0.0,21942
0.0,21943
0.0,21944
0.0,21945
0.0,21946
0.0,21947
0.0,21948
0.0,21949
0.0,21950
0.0,21951
0.0,21952
0.0,21953
0.0,21954
0.0,21955
0.0,21956
0.0,21957
0.0,21958
0.0,21959
0.0,21960
0.0,21961
0.0,21962
0.0,21963
0.0,21964
0.0,21965
0.0,21966
0.0,21967
0.0,21968
0.0,21969
0.0,21970
0.0,21971
0.0,21972
0.0,21973
0.0,21974
0.0,21975
0.0,21976
0.0,21977
0.0,21978
0.0,21979
0.0,21980
0.0,21981
0.0,21982
0.0,21983
0.0,21984
0.0,21985
0.0,21986
2588.2237575003865,21987
0.0,21988
0.0,21989
0.0,21990
0.0,21991
0.0,21992
0.0,21993
0.0,21994
0.0,21995
0.0,21996
0.0,21997
0.0,21998
0.0,21999
0.0,22000
0.0,22001
0.0,22002
0.0,22003
0.0,22004
0.0,22005
0.0,22006
0.0,22007
0.0,22008
0.0,22009
0.0,22010
0.0,22011
688.9803635019928,22012
0.0,22013
0.0,22014
0.0,22015
0.0,22016
0.0,22017
0.0,22018
0.0,22019
0.0,22020
0.0,22021
0.0,22022
0.0,22023
0.0,22024
0.0,22025
0.0,22026
0.0,22027
0.0,22028
3314.255494817317,22029
0.0,22030
0.0,22031
0.0,22032
0.0,22033
0.0,22034
0.0,22035
0.0,22036
0.0,22037
0.0,22038
0.0,22039
0.0,22040
0.0,22041
0.0,22042
0.0,22043
0.0,22044
0.0,22045
0.0,22046
0.0,22047
0.0,22048
0.0,22049
1570.816013156833,22050
0.0,22051
0.0,22052
0.0,22053
0.0,22054
0.0,22055
0.0,22056
0.0,22057
0.0,22058
0.0,22059
0.0,22060
0.0,22061
0.0,22062
1927.1439173265999,22063
0.0,22064
0.0,22065
0.0,22066
0.0,22067
0.0,22068
0.0,22069
0.0,22070
0.0,22071
0.0,22072
0.0,22073
0.0,22074
0.0,22075
0.0,22076
0.0,22077
0.0,22078
0.0,22079
0.0,22080
0.0,22081
0.0,22082
0.0,22083
0.0,22084
0.0,22085
0.0,22086
0.0,22087
0.0,22088
0.0,22089
0.0,22090
0.0,22091
0.0,22092
0.0,22093
0.0,22094
0.0,22095
0.0,22096
0.0,22097
0.0,22098
0.0,22099
0.0,22100
0.0,22101
0.0,22102
0.0,22103
0.0,22104
0.0,22105
0.0,22106
0.0,22107
0.0,22108
0.0,22109
0.0,22110
0.0,22111
0.0,22112
0.0,22113
0.0,22114
0.0,22115
0.0,22116
0.0,22117
0.0,22118
0.0,22119
0.0,22120
0.0,22121
0.0,22122
0.0,22123
0.0,22124
0.0,22125
0.0,22126
0.0,22127
0.0,22128
0.0,22129
0.0,22130
0.0,22131
0.0,22132
0.0,22133
0.0,22134
0.0,22135
0.0,22136
0.0,22137
0.0,22138
0.0,22139
0.0,22140
0.0,22141
0.0,22142
0.0,22143
0.0,22144
0.0,22145
0.0,22146
0.0,22147
1457.0755724609035,22148
0.0,22149
0.0,22150
0.0,22151
0.0,22152
0.0,22153
0.0,22154
0.0,22155
1349.643842050132,22156
0.0,22157
0.0,22158
0.0,22159
0.0,22160
0.0,22161
0.0,22162
0.0,22163
0.0,22164
0.0,22165
0.0,22166
0.0,22167
0.0,22168
0.0,22169
0.0,22170
0.0,22171
0.0,22172
0.0,22173
0.0,22174
0.0,22175
0.0,22176
0.0,22177
0.0,22178
0.0,22179
0.0,22180
0.0,22181
0.0,22182
0.0,22183
0.0,22184
0.0,22185
0.0,22186
0.0,22187
0.0,22188
0.0,22189
153.5898112751357,22190
0.0,22191
0.0,22192
0.0,22193
0.0,22194
0.0,22195
0.0,22196
0.0,22197
0.0,22198
0.0,22199
0.0,22200
0.0,22201
0.0,22202
0.0,22203
0.0,22204
0.0,22205
521.8997196340363,22206
0.0,22207
0.0,22208
2504.92036969013,22209
0.0,22210
0.0,22211
0.0,22212
0.0,22213
0.0,22214
0.0,22215
0.0,22216
0.0,22217
0.0,22218
0.0,22219
0.0,22220
0.0,22221
0.0,22222
0.0,22223
0.0,22224
0.0,22225
0.0,22226
0.0,22227
0.0,22228
0.0,22229
0.0,22230
0.0,22231
0.0,22232
0.0,22233
0.0,22234
0.0,22235
0.0,22236
0.0,22237
0.0,22238
0.0,22239
0.0,22240
0.0,22241
0.0,22242
0.0,22243
0.0,22244
0.0,22245
0.0,22246
0.0,22247
0.0,22248
0.0,22249
0.0,22250
0.0,22251
0.0,22252
0.0,22253
0.0,22254
0.0,22255
0.0,22256
0.0,22257
4.60406546282866,22258
0.0,22259
0.0,22260
0.0,22261
0.0,22262
0.0,22263
0.0,22264
0.0,22265
0.0,22266
0.0,22267
373.7084566911766,22268
0.0,22269
0.0,22270
0.0,22271
0.0,22272
0.0,22273
0.0,22274
0.0,22275
0.0,22276
0.0,22277
0.0,22278
0.0,22279
0.0,22280
0.0,22281
0.0,22282
0.0,22283
0.0,22284
0.0,22285
0.0,22286
0.0,22287
0.0,22288
0.0,22289
0.0,22290
0.0,22291
0.0,22292
558.5860817259038,22293
1144.9624485509282,22294
0.0,22295
0.0,22296
0.0,22297
0.0,22298
0.0,22299
0.0,22300
642.9592963402254,22301
0.0,22302
948.0775839072168,22303
0.0,22304
0.0,22305
0.0,22306
1138.5016235000985,22307
0.0,22308
0.0,22309
0.0,22310
0.0,22311
1136.4492330024373,22312
1134.390237786742,22313
0.0,22314
0.0,22315
0.0,22316
1552.7011682135646,22317
0.0,22318
0.0,22319
1661.7128306214768,22320
0.0,22321
1324.352563278451,22322
0.0,22323
0.0,22324
0.0,22325
0.0,22326
0.0,22327
0.0,22328
0.0,22329
0.0,22330
0.0,22331
0.0,22332
0.0,22333
2.4403865944171756,22334
0.0,22335
0.0,22336
1437.134087336801,22337
0.0,22338
0.0,22339
0.0,22340
0.0,22341
0.0,22342
0.0,22343
0.0,22344
0.0,22345
0.0,22346
0.0,22347
64.5326226632073,22348
0.0,22349
0.0,22350
0.0,22351
0.0,22352
0.0,22353
0.0,22354
807.9367066906245,22355
0.0,22356
0.0,22357
0.0,22358
239.05594905155766,22359
5694.097208418029,22360
105.88640016993352,22361
105.36115611215082,22362
344.4270695027185,22363
0.0,22364
271.27766815371854,22365
0.0,22366
0.0,22367
0.0,22368
0.0,22369
0.0,22370
1425.7073653340094,22371
0.0,22372
877.0032344406692,22373
0.0,22374
0.0,22375
0.0,22376
0.0,22377
0.0,22378
0.0,22379
0.0,22380
0.0,22381
0.0,22382
0.0,22383
1349.811146472499,22384
0.0,22385
0.0,22386
0.0,22387
0.0,22388
0.0,22389
0.0,22390
0.0,22391
0.0,22392
0.0,22393
1349.8465008533572,22394
0.0,22395
0.0,22396
1349.917678726679,22397
0.0,22398
0.0,22399
0.0,22400
0.0,22401
2626.641384132549,22402
0.0,22403
0.0,22404
2401.154988320036,22405
0.0,22406
0.0,22407
0.0,22408
0.0,22409
999.3761247889707,22410
0.0,22411
0.0,22412
2400.600221780269,22413
0.0,22414
2291.280117661807,22415
1843.538577922011,22416
0.0,22417
0.0,22418
0.0,22419
0.0,22420
0.0,22421
0.0,22422
0.0,22423
0.0,22424
0.0,22425
0.0,22426
0.0,22427
0.0,22428
0.0,22429
0.0,22430
0.0,22431
0.0,22432
0.0,22433
0.0,22434
0.0,22435
0.0,22436
0.0,22437
0.0,22438
0.0,22439
0.0,22440
0.0,22441
0.0,22442
0.0,22443
0.0,22444
0.0,22445
0.0,22446
0.0,22447
0.0,22448
0.0,22449
5769.005208992409,22450
0.0,22451
4496.735421395836,22452
0.0,22453
0.0,22454
0.0,22455
0.0,22456
5769.5511544247665,22457
0.0,22458
1152.6902260533843,22459
822.9133844187533,22460
0.0,22461
3521.3214582309574,22462
0.0,22463
2793.027861227617,22464
0.0,22465
0.0,22466
0.0,22467
0.0,22468
0.0,22469
0.0,22470
0.0,22471
0.0,22472
0.0,22473
2304.196314345223,22474
0.0,22475
0.0,22476
0.0,22477
0.0,22478
0.0,22479
0.0,22480
0.0,22481
0.0,22482
0.0,22483
0.0,22484
0.0,22485
0.0,22486
0.0,22487
0.0,22488
0.0,22489
0.0,22490
0.0,22491
0.0,22492
0.0,22493
0.0,22494
0.0,22495
0.0,22496
1566.4594398865593,22497
0.0,22498
2333.997564268105,22499
0.0,22500
0.0,22501
841.8467653172728,22502
0.0,22503
843.4526430859686,22504
1568.0396143585688,22505
845.1501438932675,22506
1569.006326591132,22507
0.0,22508
0.0,22509
0.0,22510
0.0,22511
458.66067704584464,22512
1275.4394780999305,22513
0.0,22514
850.0109188260277,22515
0.0,22516
0.0,22517
725.9069834268702,22518
0.0,22519
852.5218821858379,22520
0.0,22521
0.0,22522
0.0,22523
0.0,22524
0.0,22525
0.0,22526
0.0,22527
0.0,22528
0.0,22529
301.3851547654142,22530
0.0,22531
0.0,22532
0.0,22533
0.0,22534
0.0,22535
0.0,22536
428.3300105290782,22537
0.0,22538
0.0,22539
0.0,22540
0.0,22541
0.0,22542
0.0,22543
0.0,22544
0.0,22545
0.0,22546
0.0,22547
0.0,22548
0.0,22549
0.0,22550
0.0,22551
0.0,22552
0.0,22553
0.0,22554
0.0,22555
0.0,22556
0.0,22557
0.0,22558
0.0,22559
0.0,22560
830.7405472624033,22561
0.0,22562
7872.235319129032,22563
0.0,22564
0.0,22565
0.0,22566
0.0,22567
0.0,22568
0.0,22569
1500.9335492068226,22570
0.0,22571
0.0,22572
0.0,22573
0.0,22574
1297.5976582526353,22575
0.0,22576
164.75288892285369,22577
0.0,22578
1587.243889088084,22579
4265.83932421781,22580
1114.7017605683084,22581
0.0,22582
0.0,22583
1587.8487584658233,22584
0.0,22585
0.0,22586
0.0,22587
0.0,22588
688.508659765652,22589
0.0,22590
800.758011209278,22591
1645.8130726212848,22592
0.0,22593
0.0,22594
0.0,22595
0.0,22596
0.0,22597
0.0,22598
0.0,22599
0.0,22600
0.0,22601
0.0,22602
0.0,22603
0.0,22604
0.0,22605
0.0,22606
0.0,22607
0.0,22608
0.0,22609
0.0,22610
0.0,22611
0.0,22612
0.0,22613
0.0,22614
0.0,22615
0.0,22616
0.0,22617
0.0,22618
0.0,22619
0.0,22620
0.0,22621
687.3512259254373,22622
127.15899041772813,22623
0.0,22624
0.0,22625
0.0,22626
17.19361938037315,22627
0.0,22628
0.0,22629
0.0,22630
0.0,22631
0.0,22632
0.0,22633
0.0,22634
0.0,22635
0.0,22636
0.0,22637
0.0,22638
1187.084153930526,22639
5100.677405551932,22640
0.0,22641
0.0,22642
4033.0278991620244,22643
0.0,22644
0.0,22645
1603.7637743986002,22646
234.98922370084657,22647
0.0,22648
2498.984312745607,22649
0.0,22650
1815.5034027381741,22651
0.0,22652
0.0,22653
0.0,22654
0.0,22655
4796.400963281266,22656
0.0,22657
0.0,22658
2499.3498548900734,22659
0.0,22660
0.0,22661
1953.2757415119845,22662
0.0,22663
0.0,22664
2497.8009954714084,22665
0.0,22666
0.0,22667
0.0,22668
2495.3669531421706,22669
5748.20748887892,22670
0.0,22671
0.0,22672
0.0,22673
9739.15998371449,22674
138.43852316268845,22675
0.0,22676
0.0,22677
0.0,22678
0.0,22679
0.0,22680
0.0,22681
0.0,22682
0.0,22683
0.0,22684
0.0,22685
0.0,22686
0.0,22687
712.1505195975276,22688
0.0,22689
5500.771309932473,22690
0.0,22691
5051.711789548083,22692
30.370651141480277,22693
6365.603057385349,22694
0.0,22695
0.0,22696
0.0,22697
484.50113593934117,22698
0.0,22699
0.0,22700
1007.5673628564405,22701
0.0,22702
0.0,22703
3249.6914864012924,22704
0.0,22705
0.0,22706
0.0,22707
2148.6471821305277,22708
0.0,22709
0.0,22710
414.6404351513381,22711
0.0,22712
1705.6282070760897,22713
2040.9247700404212,22714
594.228931211039,22715
0.0,22716
0.0,22717
0.0,22718
0.0,22719
0.0,22720
559.842164923447,22721
1365.0927546498767,22722
555.1013047814646,22723
0.0,22724
0.0,22725
0.0,22726
0.0,22727
0.0,22728
0.0,22729
0.0,22730
0.0,22731
0.0,22732
521.0440802265667,22733
518.7794073833209,22734
217.2096268091322,22735
2483.7996275983437,22736
261.23937637294523,22737
0.0,22738
0.0,22739
0.0,22740
0.0,22741
0.0,22742
0.0,22743
0.0,22744
0.0,22745
0.0,22746
0.0,22747
0.0,22748
705.6919679531845,22749
0.0,22750
0.0,22751
0.0,22752
0.0,22753
0.0,22754
0.0,22755
0.0,22756
0.0,22757
0.0,22758
0.0,22759
0.0,22760
0.0,22761
0.0,22762
0.0,22763
0.0,22764
0.0,22765
0.0,22766
0.0,22767
0.0,22768
0.0,22769
0.0,22770
0.0,22771
0.0,22772
808.9296056385074,22773
0.0,22774
0.0,22775
2036.326970706662,22776
589.0170689676594,22777
0.0,22778
0.0,22779
0.0,22780
814.4681251213996,22781
0.0,22782
817.0496122003468,22783
0.0,22784
0.0,22785
3012.6026955873067,22786
2244.197168614456,22787
1279.0698071093977,22788
0.0,22789
250.3626733766785,22790
197.0381365838035,22791
0.0,22792
194.1101934192975,22793
0.0,22794
0.0,22795
0.0,22796
0.0,22797
2151.7576648181844,22798
1396.681056173785,22799
0.0,22800
2149.867416826757,22801
0.0,22802
0.0,22803
0.0,22804
0.0,22805
0.0,22806
0.0,22807
0.0,22808
0.0,22809
1720.50814640023,22810
0.0,22811
0.0,22812
0.0,22813
0.0,22814
0.0,22815
0.0,22816
0.0,22817
0.0,22818
0.0,22819
0.0,22820
0.0,22821
0.0,22822
0.0,22823
0.0,22824
0.0,22825
0.0,22826
0.0,22827
0.0,22828
0.0,22829
0.0,22830
0.0,22831
0.0,22832
0.0,22833
0.0,22834
0.0,22835
0.0,22836
0.0,22837
0.0,22838
0.0,22839
0.0,22840
0.0,22841
0.0,22842
0.0,22843
0.0,22844
0.0,22845
0.0,22846
0.0,22847
0.0,22848
0.0,22849
0.0,22850
0.0,22851
0.0,22852
0.0,22853
0.0,22854
0.0,22855
0.0,22856
0.0,22857
0.0,22858
649.1673387358325,22859
0.0,22860
0.0,22861
0.0,22862
5824.027729585184,22863
5084.367768973729,22864
0.0,22865
0.0,22866
0.0,22867
0.0,22868
0.0,22869
0.0,22870
0.0,22871
0.0,22872
0.0,22873
0.0,22874
0.0,22875
0.0,22876
0.0,22877
142.65033369234752,22878
0.0,22879
0.0,22880
0.0,22881
0.0,22882
0.0,22883
0.0,22884
0.0,22885
0.0,22886
0.0,22887
0.0,22888
0.0,22889
0.0,22890
0.0,22891
0.0,22892
0.0,22893
0.0,22894
0.0,22895
0.0,22896
0.0,22897
0.0,22898
309.0081496963903,22899
0.0,22900
0.0,22901
0.0,22902
0.0,22903
0.0,22904
0.0,22905
0.0,22906
0.0,22907
0.0,22908
0.0,22909
0.0,22910
0.0,22911
0.0,22912
0.0,22913
0.0,22914
0.0,22915
0.0,22916
0.0,22917
0.0,22918
0.0,22919
0.0,22920
0.0,22921
0.0,22922
0.0,22923
0.0,22924
0.0,22925
578.1365730386493,22926
0.0,22927
0.0,22928
0.0,22929
0.0,22930
0.0,22931
0.0,22932
0.0,22933
0.0,22934
0.0,22935
422.9014429611787,22936
0.0,22937
0.0,22938
0.0,22939
0.0,22940
0.0,22941
0.0,22942
0.0,22943
0.0,22944
0.0,22945
0.0,22946
0.0,22947
0.0,22948
0.0,22949
0.0,22950
0.0,22951
0.0,22952
0.0,22953
0.0,22954
0.0,22955
0.0,22956
0.0,22957
0.0,22958
0.0,22959
0.0,22960
0.0,22961
0.0,22962
0.0,22963
0.0,22964
0.0,22965
1804.151291402879,22966
0.0,22967
0.0,22968
0.0,22969
0.0,22970
0.0,22971
0.0,22972
0.0,22973
0.0,22974
0.0,22975
0.0,22976
0.0,22977
0.0,22978
0.0,22979
0.0,22980
0.0,22981
0.0,22982
0.0,22983
0.0,22984
784.2659145797413,22985
0.0,22986
0.0,22987
0.0,22988
0.0,22989
0.0,22990
2288.271433613459,22991
0.0,22992
2549.9791806218936,22993
0.0,22994
0.0,22995
0.0,22996
0.0,22997
0.0,22998
0.0,22999
0.0,23000
0.0,23001
0.0,23002
0.0,23003
0.0,23004
0.0,23005
0.0,23006
0.0,23007
0.0,23008
0.0,23009
368.3344124478722,23010
0.0,23011
0.0,23012
0.0,23013
0.0,23014
0.0,23015
0.0,23016
0.0,23017
0.0,23018
0.0,23019
0.0,23020
0.0,23021
0.0,23022
0.0,23023
0.0,23024
0.0,23025
0.0,23026
0.0,23027
0.0,23028
0.0,23029
0.0,23030
0.0,23031
0.0,23032
1068.8359127654878,23033
1715.4807547988767,23034
0.0,23035
0.0,23036
0.0,23037
0.0,23038
0.0,23039
0.0,23040
490.5458292347941,23041
0.0,23042
0.0,23043
0.0,23044
574.7282091725951,23045
576.8262140495195,23046
0.0,23047
0.0,23048
0.0,23049
0.0,23050
0.0,23051
0.0,23052
0.0,23053
0.0,23054
0.0,23055
0.0,23056
0.0,23057
0.0,23058
110.58851787466126,23059
0.0,23060
0.0,23061
3156.1184803184833,23062
3159.330313489707,23063
0.0,23064
0.0,23065
0.0,23066
594.370976836846,23067
0.0,23068
0.0,23069
1157.8408807834014,23070
329.295057871599,23071
1158.708054667782,23072
0.0,23073
0.0,23074
0.0,23075
0.0,23076
0.0,23077
0.0,23078
0.0,23079
0.0,23080
0.0,23081
109.70826410878291,23082
0.0,23083
0.0,23084
0.0,23085
0.0,23086
0.0,23087
0.0,23088
110.48867293001352,23089
0.0,23090
0.0,23091
0.0,23092
0.0,23093
0.0,23094
0.0,23095
0.0,23096
0.0,23097
0.0,23098
0.0,23099
0.0,23100
0.0,23101
0.0,23102
0.0,23103
0.0,23104
0.0,23105
0.0,23106
0.0,23107
0.0,23108
0.0,23109
0.0,23110
0.0,23111
0.0,23112
0.0,23113
0.0,23114
0.0,23115
549.849448052819,23116
0.0,23117
0.0,23118
0.0,23119
0.0,23120
0.0,23121
0.0,23122
0.0,23123
0.0,23124
0.0,23125
0.0,23126
347.1596337208685,23127
0.0,23128
0.0,23129
0.0,23130
601.3294085409755,23131
0.0,23132
0.0,23133
0.0,23134
0.0,23135
0.0,23136
0.0,23137
0.0,23138
0.0,23139
0.0,23140
0.0,23141
0.0,23142
0.0,23143
0.0,23144
3773.516449695892,23145
0.0,23146
0.0,23147
0.0,23148
0.0,23149
0.0,23150
0.0,23151
994.7155421916407,23152
0.0,23153
0.0,23154
0.0,23155
0.0,23156
0.0,23157
0.0,23158
0.0,23159
0.0,23160
0.0,23161
22.128747306655498,23162
0.0,23163
0.0,23164
0.0,23165
346.1634780060873,23166
0.0,23167
0.0,23168
0.0,23169
0.0,23170
599.8902796940755,23171
0.0,23172
0.0,23173
0.0,23174
0.0,23175
600.9683769621491,23176
0.0,23177
0.0,23178
0.0,23179
0.0,23180
0.0,23181
590.3195995997152,23182
0.0,23183
0.0,23184
0.0,23185
0.0,23186
0.0,23187
0.0,23188
1268.2621804930648,23189
0.0,23190
1422.8815746274906,23191
150.65167364710308,23192
0.0,23193
0.0,23194
0.0,23195
0.0,23196
0.0,23197
0.0,23198
0.0,23199
0.0,23200
0.0,23201
0.0,23202
0.0,23203
0.0,23204
0.0,23205
0.0,23206
0.0,23207
0.0,23208
0.0,23209
0.0,23210
0.0,23211
0.0,23212
0.0,23213
0.0,23214
0.0,23215
0.0,23216
0.0,23217
0.0,23218
0.0,23219
0.0,23220
0.0,23221
0.0,23222
0.0,23223
0.0,23224
70.66291089713282,23225
0.0,23226
0.0,23227
0.0,23228
0.0,23229
0.0,23230
0.0,23231
0.0,23232
0.0,23233
0.0,23234
0.0,23235
0.0,23236
0.0,23237
0.0,23238
0.0,23239
0.0,23240
0.0,23241
0.0,23242
0.0,23243
0.0,23244
0.0,23245
0.0,23246
0.0,23247
0.0,23248
0.0,23249
0.0,23250
0.0,23251
0.0,23252
0.0,23253
282.3812705001096,23254
0.0,23255
0.0,23256
0.0,23257
0.0,23258
1088.256366246328,23259
0.0,23260
0.0,23261
0.0,23262
280.1541257586401,23263
0.0,23264
0.0,23265
0.0,23266
0.0,23267
0.0,23268
0.0,23269
0.0,23270
0.0,23271
0.0,23272
0.0,23273
0.0,23274
0.0,23275
0.0,23276
0.0,23277
913.962698648976,23278
0.0,23279
0.0,23280
0.0,23281
0.0,23282
0.0,23283
0.0,23284
0.0,23285
0.0,23286
0.0,23287
2006.39262826569,23288
0.0,23289
0.0,23290
0.0,23291
0.0,23292
0.0,23293
0.0,23294
1751.5198282423817,23295
862.936175141481,23296
0.0,23297
0.0,23298
0.0,23299
0.0,23300
0.0,23301
0.0,23302
116.28769210669262,23303
113.67355531681059,23304
0.0,23305
0.0,23306
0.0,23307
0.0,23308
0.0,23309
0.0,23310
0.0,23311
0.0,23312
1422.8489758038813,23313
1420.0754792300427,23314
0.0,23315
0.0,23316
0.0,23317
661.8016858134528,23318
606.9334679296226,23319
0.0,23320
447.538430684458,23321
0.0,23322
0.0,23323
445.6824739313396,23324
0.0,23325
0.0,23326
0.0,23327
0.0,23328
0.0,23329
1769.8517235440424,23330
0.0,23331
0.0,23332
2054.8910806440394,23333
0.0,23334
1006.3960206587084,23335
0.0,23336
1006.4634848199786,23337
0.0,23338
0.0,23339
692.758811570204,23340
689.4223292444661,23341
0.0,23342
685.9452133579666,23343
0.0,23344
0.0,23345
682.3202661887743,23346
0.0,23347
0.0,23348
0.0,23349
0.0,23350
0.0,23351
678.5464556965861,23352
953.7729657648968,23353
0.0,23354
670.9290951997843,23355
945.8546892101161,23356
2677.7860009255246,23357
0.0,23358
659.4754425502059,23359
655.027968637351,23360
2666.54624639051,23361
98.9927355708406,23362
0.0,23363
0.0,23364
0.0,23365
1147.9205270953933,23366
0.0,23367
3.362606095764515,23368
0.0,23369
695.3645167516711,23370
0.0,23371
405.6169431559331,23372
0.0,23373
0.0,23374
0.0,23375
0.0,23376
0.0,23377
0.0,23378
0.0,23379
0.0,23380
0.0,23381
0.0,23382
0.0,23383
0.0,23384
0.0,23385
0.0,23386
0.0,23387
0.0,23388
0.0,23389
0.0,23390
0.0,23391
0.0,23392
0.0,23393
0.0,23394
0.0,23395
0.0,23396
0.0,23397
0.0,23398
0.0,23399
0.0,23400
0.0,23401
0.0,23402
0.0,23403
0.0,23404
0.0,23405
0.0,23406
0.0,23407
0.0,23408
0.0,23409
0.0,23410
0.0,23411
0.0,23412
0.0,23413
0.0,23414
0.0,23415
1991.774167269012,23416
0.0,23417
0.0,23418
0.0,23419
0.0,23420
0.0,23421
0.0,23422
0.0,23423
0.0,23424
0.0,23425
0.0,23426
0.0,23427
0.0,23428
0.0,23429
0.0,23430
0.0,23431
0.0,23432
0.0,23433
0.0,23434
0.0,23435
0.0,23436
0.0,23437
0.0,23438
0.0,23439
0.0,23440
0.0,23441
0.0,23442
0.0,23443
0.0,23444
0.0,23445
0.0,23446
0.0,23447
0.0,23448
0.0,23449
0.0,23450
0.0,23451
0.0,23452
0.0,23453
0.0,23454
0.0,23455
0.0,23456
0.0,23457
0.0,23458
0.0,23459
0.0,23460
0.0,23461
0.0,23462
0.0,23463
0.0,23464
0.0,23465
0.0,23466
0.0,23467
0.0,23468
0.0,23469
0.0,23470
0.0,23471
0.0,23472
0.0,23473
0.0,23474
0.0,23475
0.0,23476
0.0,23477
0.0,23478
0.0,23479
0.0,23480
1687.6801593031958,23481
0.0,23482
0.0,23483
0.0,23484
0.0,23485
0.0,23486
0.0,23487
0.0,23488
0.0,23489
0.0,23490
0.0,23491
0.0,23492
0.0,23493
0.0,23494
0.0,23495
0.0,23496
0.0,23497
0.0,23498
0.0,23499
0.0,23500
0.0,23501
0.0,23502
0.0,23503
0.0,23504
0.0,23505
0.0,23506
0.0,23507
0.0,23508
2057.8263196263715,23509
0.0,23510
137.2440141484026,23511
0.0,23512
0.0,23513
0.0,23514
1113.6859022345532,23515
0.0,23516
0.0,23517
55.19413677445586,23518
0.0,23519
0.0,23520
0.0,23521
1836.0695368904985,23522
578.0880320139479,23523
0.0,23524
0.0,23525
0.0,23526
0.0,23527
0.0,23528
0.0,23529
208.46001126417545,23530
0.0,23531
287.694010257719,23532
0.0,23533
0.0,23534
0.0,23535
0.0,23536
0.0,23537
0.0,23538
233.24899665886025,23539
0.0,23540
0.0,23541
1607.8276654481288,23542
0.0,23543
0.0,23544
0.0,23545
0.0,23546
414.7033466131937,23547
0.0,23548
0.0,23549
646.4559351803922,23550
0.0,23551
0.0,23552
0.0,23553
0.0,23554
0.0,23555
0.0,23556
0.0,23557
0.0,23558
214.7133674422905,23559
0.0,23560
0.0,23561
0.0,23562
0.0,23563
0.0,23564
0.0,23565
341.9534743137031,23566
0.0,23567
0.0,23568
0.0,23569
0.0,23570
0.0,23571
0.0,23572
0.0,23573
0.0,23574
0.0,23575
0.0,23576
1171.272934764522,23577
1658.4851626421232,23578
640.5688766412292,23579
0.0,23580
0.0,23581
0.0,23582
0.0,23583
1127.2489067828762,23584
0.0,23585
0.0,23586
0.0,23587
0.0,23588
0.0,23589
0.0,23590
0.0,23591
0.0,23592
0.0,23593
0.0,23594
0.0,23595
0.0,23596
0.0,23597
0.0,23598
0.0,23599
0.0,23600
0.0,23601
0.0,23602
0.0,23603
0.0,23604
0.0,23605
0.0,23606
273.1915780904731,23607
0.0,23608
0.0,23609
1610.5394698908622,23610
0.0,23611
0.0,23612
874.7028549028963,23613
0.0,23614
0.0,23615
0.0,23616
0.0,23617
0.0,23618
0.0,23619
0.0,23620
0.0,23621
0.0,23622
0.0,23623
0.0,23624
0.0,23625
0.0,23626
0.0,23627
0.0,23628
0.0,23629
0.0,23630
0.0,23631
0.0,23632
0.0,23633
0.0,23634
0.0,23635
0.0,23636
0.0,23637
0.0,23638
0.0,23639
0.0,23640
0.0,23641
0.0,23642
0.0,23643
0.0,23644
0.0,23645
0.0,23646
0.0,23647
0.0,23648
0.0,23649
0.0,23650
0.0,23651
0.0,23652
0.0,23653
830.2186886489044,23654
830.5939165716702,23655
0.0,23656
0.0,23657
0.0,23658
0.0,23659
0.0,23660
464.224006828874,23661
0.0,23662
0.0,23663
0.0,23664
0.0,23665
0.0,23666
0.0,23667
0.0,23668
0.0,23669
0.0,23670
0.0,23671
0.0,23672
0.0,23673
0.0,23674
0.0,23675
0.0,23676
0.0,23677
483.95245558161275,23678
0.0,23679
0.0,23680
0.0,23681
0.0,23682
0.0,23683
0.0,23684
0.0,23685
0.0,23686
0.0,23687
0.0,23688
0.0,23689
0.0,23690
0.0,23691
0.0,23692
0.0,23693
0.0,23694
0.0,23695
0.0,23696
0.0,23697
0.0,23698
0.0,23699
0.0,23700
0.0,23701
0.0,23702
0.0,23703
0.0,23704
0.0,23705
0.0,23706
0.0,23707
0.0,23708
0.0,23709
0.0,23710
0.0,23711
0.0,23712
0.0,23713
0.0,23714
0.0,23715
0.0,23716
0.0,23717
0.0,23718
0.0,23719
0.0,23720
0.0,23721
0.0,23722
0.0,23723
1609.6869820130735,23724
0.0,23725
408.4234241772175,23726
0.0,23727
650.9631098680418,23728
0.0,23729
0.0,23730
0.0,23731
0.0,23732
0.0,23733
0.0,23734
0.0,23735
0.0,23736
0.0,23737
0.0,23738
0.0,23739
0.0,23740
0.0,23741
0.0,23742
0.0,23743
0.0,23744
0.0,23745
0.0,23746
0.0,23747
0.0,23748
0.0,23749
0.0,23750
0.0,23751
0.0,23752
0.0,23753
0.0,23754
0.0,23755
0.0,23756
0.0,23757
0.0,23758
0.0,23759
0.0,23760
0.0,23761
4232.6720012748,23762
0.0,23763
0.0,23764
0.0,23765
0.0,23766
0.0,23767
0.0,23768
0.0,23769
0.0,23770
0.0,23771
4268.561861703862,23772
0.0,23773
0.0,23774
0.0,23775
0.0,23776
0.0,23777
0.0,23778
0.0,23779
0.0,23780
0.0,23781
0.0,23782
0.0,23783
0.0,23784
0.0,23785
3932.773472293678,23786
0.0,23787
0.0,23788
0.0,23789
255.4801659566593,23790
0.0,23791
371.38085039270373,23792
0.0,23793
0.0,23794
0.0,23795
4703.692767231481,23796
0.0,23797
0.0,23798
0.0,23799
0.0,23800
410.1790662631317,23801
0.0,23802
0.0,23803
0.0,23804
0.0,23805
3768.3120928119724,23806
0.0,23807
0.0,23808
1461.0521870978778,23809
0.0,23810
0.0,23811
0.0,23812
0.0,23813
0.0,23814
0.0,23815
0.0,23816
0.0,23817
0.0,23818
0.0,23819
0.0,23820
0.0,23821
0.0,23822
0.0,23823
0.0,23824
0.0,23825
0.0,23826
0.0,23827
0.0,23828
0.0,23829
0.0,23830
0.0,23831
0.0,23832
0.0,23833
195.7169326876678,23834
0.0,23835
0.0,23836
0.0,23837
0.0,23838
0.0,23839
0.0,23840
0.0,23841
0.0,23842
0.0,23843
0.0,23844
0.0,23845
0.0,23846
0.0,23847
0.0,23848
0.0,23849
0.0,23850
0.0,23851
0.0,23852
0.0,23853
0.0,23854
0.0,23855
0.0,23856
0.0,23857
0.0,23858
0.0,23859
0.0,23860
0.0,23861
0.0,23862
0.0,23863
0.0,23864
0.0,23865
0.0,23866
0.0,23867
0.0,23868
0.0,23869
0.0,23870
0.0,23871
0.0,23872
0.0,23873
0.0,23874
0.0,23875
0.0,23876
8.076172489422905,23877
0.0,23878
4075.7235823807555,23879
0.0,23880
0.0,23881
0.0,23882
0.0,23883
0.0,23884
0.0,23885
0.0,23886
0.0,23887
0.0,23888
0.0,23889
0.0,23890
0.0,23891
0.0,23892
0.0,23893
0.0,23894
0.0,23895
0.0,23896
0.0,23897
0.0,23898
0.0,23899
0.0,23900
0.0,23901
0.0,23902
0.0,23903
0.0,23904
0.0,23905
0.0,23906
0.0,23907
0.0,23908
0.0,23909
0.0,23910
0.0,23911
0.0,23912
0.0,23913
0.0,23914
0.0,23915
0.0,23916
0.0,23917
0.0,23918
0.0,23919
0.0,23920
0.0,23921
0.0,23922
0.0,23923
0.0,23924
0.0,23925
0.0,23926
0.0,23927
0.0,23928
0.0,23929
0.0,23930
0.0,23931
0.0,23932
0.0,23933
0.0,23934
0.0,23935
0.0,23936
0.0,23937
0.0,23938
0.0,23939
0.0,23940
0.0,23941
0.0,23942
2322.76074796811,23943
0.0,23944
0.0,23945
0.0,23946
0.0,23947
0.0,23948
0.0,23949
0.0,23950
0.0,23951
0.0,23952
0.0,23953
0.0,23954
0.0,23955
0.0,23956
0.0,23957
0.0,23958
0.0,23959
0.0,23960
8761.707377841212,23961
0.0,23962
0.0,23963
0.0,23964
0.0,23965
0.0,23966
0.0,23967
0.0,23968
0.0,23969
1321.2650240348894,23970
0.0,23971
0.0,23972
0.0,23973
0.0,23974
0.0,23975
0.0,23976
0.0,23977
0.0,23978
0.0,23979
0.0,23980
0.0,23981
0.0,23982
0.0,23983
0.0,23984
0.0,23985
0.0,23986
0.0,23987
0.0,23988
0.0,23989
0.0,23990
0.0,23991
0.0,23992
0.0,23993
0.0,23994
0.0,23995
0.0,23996
0.0,23997
0.0,23998
0.0,23999
0.0,24000
0.0,24001
0.0,24002
0.0,24003
0.0,24004
0.0,24005
0.0,24006
0.0,24007
0.0,24008
0.0,24009
0.0,24010
0.0,24011
0.0,24012
0.0,24013
0.0,24014
0.0,24015
0.0,24016
0.0,24017
0.0,24018
0.0,24019
0.0,24020
0.0,24021
0.0,24022
0.0,24023
0.0,24024
0.0,24025
2556.5439669628795,24026
0.0,24027
0.0,24028
0.0,24029
0.0,24030
0.0,24031
0.0,24032
0.0,24033
0.0,24034
0.0,24035
0.0,24036
0.0,24037
0.0,24038
0.0,24039
0.0,24040
0.0,24041
0.0,24042
0.0,24043
0.0,24044
0.0,24045
0.0,24046
0.0,24047
0.0,24048
0.0,24049
0.0,24050
0.0,24051
0.0,24052
0.0,24053
0.0,24054
0.0,24055
0.0,24056
0.0,24057
0.0,24058
0.0,24059
0.0,24060
0.0,24061
0.0,24062
0.0,24063
0.0,24064
0.0,24065
0.0,24066
0.0,24067
0.0,24068
0.0,24069
0.0,24070
0.0,24071
0.0,24072
0.0,24073
0.0,24074
0.0,24075
0.0,24076
0.0,24077
0.0,24078
0.0,24079
0.0,24080
0.0,24081
0.0,24082
0.0,24083
0.0,24084
0.0,24085
0.0,24086
0.0,24087
0.0,24088
0.0,24089
0.0,24090
0.0,24091
0.0,24092
0.0,24093
0.0,24094
0.0,24095
0.0,24096
0.0,24097
0.0,24098
0.0,24099
0.0,24100
0.0,24101
0.0,24102
0.0,24103
0.0,24104
0.0,24105
0.0,24106
0.0,24107
0.0,24108
0.0,24109
0.0,24110
0.0,24111
0.0,24112
0.0,24113
0.0,24114
0.0,24115
0.0,24116
0.0,24117
0.0,24118
4923.169614555456,24119
0.0,24120
0.0,24121
0.0,24122
0.0,24123
0.0,24124
0.0,24125
0.0,24126
0.0,24127
0.0,24128
0.0,24129
0.0,24130
0.0,24131
0.0,24132
0.0,24133
0.0,24134
0.0,24135
0.0,24136
0.0,24137
0.0,24138
0.0,24139
0.0,24140
0.0,24141
0.0,24142
0.0,24143
0.0,24144
0.0,24145
0.0,24146
0.0,24147
0.0,24148
0.0,24149
0.0,24150
0.0,24151
0.0,24152
0.0,24153
0.0,24154
0.0,24155
0.0,24156
1763.8806413981658,24157
0.0,24158
0.0,24159
0.0,24160
0.0,24161
0.0,24162
0.0,24163
0.0,24164
0.0,24165
0.0,24166
0.0,24167
0.0,24168
0.0,24169
0.0,24170
0.0,24171
0.0,24172
0.0,24173
0.0,24174
0.0,24175
0.0,24176
0.0,24177
0.0,24178
0.0,24179
0.0,24180
0.0,24181
0.0,24182
0.0,24183
0.0,24184
0.0,24185
0.0,24186
0.0,24187
0.0,24188
0.0,24189
0.0,24190
0.0,24191
0.0,24192
0.0,24193
0.0,24194
0.0,24195
0.0,24196
0.0,24197
0.0,24198
0.0,24199
0.0,24200
0.0,24201
0.0,24202
0.0,24203
0.0,24204
0.0,24205
0.0,24206
0.0,24207
0.0,24208
0.0,24209
0.0,24210
0.0,24211
0.0,24212
0.0,24213
0.0,24214
0.0,24215
0.0,24216
0.0,24217
0.0,24218
0.0,24219
0.0,24220
0.0,24221
0.0,24222
0.0,24223
100.08585852396062,24224
0.0,24225
0.0,24226
0.0,24227
63.96307248029757,24228
0.0,24229
0.0,24230
0.0,24231
0.0,24232
0.0,24233
0.0,24234
0.0,24235
0.0,24236
0.0,24237
0.0,24238
0.0,24239
0.0,24240
0.0,24241
0.0,24242
0.0,24243
0.0,24244
0.0,24245
0.0,24246
0.0,24247
0.0,24248
0.0,24249
0.0,24250
0.0,24251
0.0,24252
0.0,24253
0.0,24254
0.0,24255
0.0,24256
0.0,24257
0.0,24258
0.0,24259
0.0,24260
0.0,24261
0.0,24262
0.0,24263
0.0,24264
0.0,24265
0.0,24266
0.0,24267
0.0,24268
0.0,24269
0.0,24270
0.0,24271
240.21308731869314,24272
0.0,24273
0.0,24274
0.0,24275
0.0,24276
0.0,24277
0.0,24278
0.0,24279
0.0,24280
0.0,24281
0.0,24282
13.735395652407803,24283
0.0,24284
17.749442155006097,24285
0.0,24286
21.908405403806036,24287
0.0,24288
0.0,24289
0.0,24290
0.0,24291
0.0,24292
0.0,24293
0.0,24294
0.0,24295
0.0,24296
0.0,24297
26.192128187319017,24298
573.4897236815351,24299
0.0,24300
0.0,24301
0.0,24302
876.6353306334483,24303
1665.4419209408265,24304
880.438944200583,24305
0.0,24306
1114.6232790513536,24307
0.0,24308
1179.8405000098346,24309
0.0,24310
253.11200827456057,24311
1179.9820175804812,24312
1180.3578924267758,24313
123.45229143278743,24314
0.0,24315
123.7088418414255,24316
185.6763684566555,24317
0.0,24318
124.8270644957035,24319
0.0,24320
2093.496687601831,24321
0.0,24322
0.0,24323
0.0,24324
0.0,24325
1613.7466985337298,24326
553.3983977270381,24327
1353.5745710735448,24328
1483.1421535348368,24329
387.02373593842634,24330
1358.117421704251,24331
0.0,24332
0.0,24333
0.0,24334
129.93345451786018,24335
2920.527273903872,24336
0.0,24337
129.78430538463067,24338
0.0,24339
0.0,24340
0.0,24341
128.61349204977984,24342
127.274157917771,24343
125.7724828846892,24344
2094.6294708859605,24345
123.82334593127409,24346
0.0,24347
0.0,24348
122.00386751255157,24349
0.0,24350
0.0,24351
120.03458726853145,24352
0.0,24353
0.0,24354
0.0,24355
0.0,24356
0.0,24357
1175.0263869234884,24358
0.0,24359
0.0,24360
1172.6557470739792,24361
0.0,24362
0.0,24363
0.0,24364
0.0,24365
0.0,24366
0.0,24367
0.0,24368
113.06893751561698,24369
0.0,24370
0.0,24371
0.0,24372
110.54067373692592,24373
0.0,24374
107.88199013171973,24375
1462.285372338384,24376
0.0,24377
103.74431714072662,24378
0.0,24379
100.70667207891539,24380
97.54281024652217,24381
0.0,24382
94.26517232196994,24383
0.0,24384
0.0,24385
0.0,24386
0.0,24387
90.88487912278343,24388
0.0,24389
0.0,24390
87.41218577469827,24391
0.0,24392
217.3785064675262,24393
82.24835189577125,24394
0.0,24395
0.0,24396
78.57548662598404,24397
0.0,24398
0.0,24399
0.0,24400
0.0,24401
2461.191176020376,24402
2459.2114571638263,24403
0.0,24404
2457.178984169004,24405
2455.096082198183,24406
1087.7134082812415,24407
2449.4944674507988,24408
0.0,24409
38.01182440807795,24410
0.0,24411
561.7444911886288,24412
2238.5275327153204,24413
0.0,24414
0.0,24415
2080.9161232665233,24416
0.0,24417
979.4889950212549,24418
0.0,24419
977.7476588626523,24420
0.0,24421
0.0,24422
0.0,24423
2511.4059582090304,24424
0.0,24425
0.0,24426
501.2829265046753,24427
0.0,24428
0.0,24429
973.1105385762578,24430
0.0,24431
0.0,24432
0.0,24433
0.0,24434
0.0,24435
0.0,24436
0.0,24437
0.0,24438
0.0,24439
0.0,24440
0.0,24441
0.0,24442
0.0,24443
0.0,24444
0.0,24445
0.0,24446
0.0,24447
0.0,24448
0.0,24449
0.0,24450
0.0,24451
0.0,24452
0.0,24453
0.0,24454
0.0,24455
0.0,24456
0.0,24457
0.0,24458
0.0,24459
0.0,24460
0.0,24461
0.0,24462
0.0,24463
0.0,24464
0.0,24465
0.0,24466
0.0,24467
0.0,24468
0.0,24469
0.0,24470
0.0,24471
0.0,24472
0.0,24473
0.0,24474
0.0,24475
0.0,24476
0.0,24477
0.0,24478
0.0,24479
0.0,24480
0.0,24481
0.0,24482
0.0,24483
0.0,24484
0.0,24485
0.0,24486
0.0,24487
0.0,24488
0.0,24489
0.0,24490
1911.611217314962,24491
0.0,24492
0.0,24493
0.0,24494
0.0,24495
0.0,24496
0.0,24497
0.0,24498
0.0,24499
6439.839320889326,24500
0.0,24501
0.0,24502
0.0,24503
0.0,24504
0.0,24505
0.0,24506
0.0,24507
0.0,24508
6739.770858824582,24509
0.0,24510
0.0,24511
0.0,24512
0.0,24513
0.0,24514
0.0,24515
24.960188267985803,24516
0.0,24517
0.0,24518
0.0,24519
0.0,24520
87.06431141572774,24521
0.0,24522
0.0,24523
0.0,24524
0.0,24525
1886.8054000452903,24526
0.0,24527
0.0,24528
0.0,24529
1885.1724781287528,24530
0.0,24531
0.0,24532
0.0,24533
0.0,24534
0.0,24535
0.0,24536
0.0,24537
0.0,24538
0.0,24539
0.0,24540
0.0,24541
0.0,24542
0.0,24543
0.0,24544
0.0,24545
0.0,24546
0.0,24547
1842.9376679964382,24548
0.0,24549
0.0,24550
0.0,24551
0.0,24552
0.0,24553
0.0,24554
0.0,24555
0.0,24556
0.0,24557
0.0,24558
0.0,24559
0.0,24560
0.0,24561
0.0,24562
0.0,24563
0.0,24564
0.0,24565
0.0,24566
0.0,24567
0.0,24568
0.0,24569
0.0,24570
0.0,24571
0.0,24572
0.0,24573
0.0,24574
0.0,24575
0.0,24576
0.0,24577
0.0,24578
0.0,24579
0.0,24580
0.0,24581
0.0,24582
0.0,24583
0.0,24584
0.0,24585
0.0,24586
0.0,24587
0.0,24588
0.0,24589
0.0,24590
0.0,24591
0.0,24592
0.0,24593
0.0,24594
0.0,24595
0.0,24596
0.0,24597
0.0,24598
0.0,24599
0.0,24600
0.0,24601
0.0,24602
0.0,24603
0.0,24604
0.0,24605
0.0,24606
0.0,24607
0.0,24608
0.0,24609
5411.159577938377,24610
0.0,24611
0.0,24612
0.0,24613
0.0,24614
0.0,24615
0.0,24616
0.0,24617
0.0,24618
0.0,24619
0.0,24620
0.0,24621
0.0,24622
0.0,24623
0.0,24624
0.0,24625
0.0,24626
0.0,24627
0.0,24628
0.0,24629
0.0,24630
0.0,24631
0.0,24632
0.0,24633
0.0,24634
0.0,24635
0.0,24636
0.0,24637
0.0,24638
0.0,24639
0.0,24640
0.0,24641
0.0,24642
0.0,24643
0.0,24644
0.0,24645
0.0,24646
0.0,24647
0.0,24648
0.0,24649
0.0,24650
0.0,24651
0.0,24652
0.0,24653
0.0,24654
0.0,24655
0.0,24656
0.0,24657
0.0,24658
732.9377500201895,24659
0.0,24660
2564.311087431722,24661
0.0,24662
0.0,24663
1657.9916790060852,24664
0.0,24665
0.0,24666
0.0,24667
377.6379481859447,24668
380.9689761183617,24669
0.0,24670
0.0,24671
384.30293899956996,24672
387.6736950964288,24673
0.0,24674
0.0,24675
0.0,24676
2178.241207603179,24677
0.0,24678
0.0,24679
0.0,24680
552.1786587443928,24681
2655.288951483256,24682
0.0,24683
0.0,24684
0.0,24685
0.0,24686
0.0,24687
0.0,24688
5914.799064860179,24689
0.0,24690
0.0,24691
153.23512319584526,24692
0.0,24693
18.4141436271616,24694
0.0,24695
0.0,24696
0.0,24697
1368.5555559538236,24698
882.1899377747084,24699
57.490686250905235,24700
0.0,24701
0.0,24702
0.0,24703
0.0,24704
0.0,24705
1798.6669711539137,24706
0.0,24707
0.0,24708
0.0,24709
0.0,24710
1702.2875812247469,24711
0.0,24712
0.0,24713
0.0,24714
0.0,24715
0.0,24716
0.0,24717
0.0,24718
0.0,24719
0.0,24720
0.0,24721
0.0,24722
324.3926559499743,24723
0.0,24724
325.86988736516895,24725
0.0,24726
0.0,24727
0.0,24728
0.0,24729
0.0,24730
0.0,24731
0.0,24732
0.0,24733
0.0,24734
0.0,24735
0.0,24736
0.0,24737
0.0,24738
0.0,24739
0.0,24740
0.0,24741
0.0,24742
0.0,24743
0.0,24744
0.0,24745
0.0,24746
0.0,24747
0.0,24748
0.0,24749
0.0,24750
0.0,24751
0.0,24752
0.0,24753
0.0,24754
0.0,24755
0.0,24756
0.0,24757
0.0,24758
0.0,24759
0.0,24760
0.0,24761
0.0,24762
0.0,24763
0.0,24764
0.0,24765
0.0,24766
0.0,24767
0.0,24768
651.902846026637,24769
0.0,24770
0.0,24771
0.0,24772
2315.601664505434,24773
0.0,24774
0.0,24775
0.0,24776
0.0,24777
0.0,24778
0.0,24779
3059.053729471431,24780
0.0,24781
0.0,24782
0.0,24783
0.0,24784
0.0,24785
0.0,24786
0.0,24787
1512.002475886134,24788
1514.1141613692473,24789
0.0,24790
0.0,24791
1516.2029552012223,24792
0.0,24793
0.0,24794
1702.6857756205454,24795
1750.7210412729012,24796
1744.705147491517,24797
1399.373765179358,24798
0.0,24799
1737.3210167802124,24800
0.0,24801
0.0,24802
0.0,24803
0.0,24804
2326.8303885373643,24805
1085.62055989617,24806
0.0,24807
0.0,24808
0.0,24809
0.0,24810
0.0,24811
0.0,24812
0.0,24813
0.0,24814
0.0,24815
1437.7457264460982,24816
0.0,24817
0.0,24818
3024.207362824241,24819
3025.1361227990265,24820
0.0,24821
0.0,24822
2166.201706687476,24823
0.0,24824
2032.5455778097694,24825
5034.822417118776,24826
2178.403878281593,24827
0.0,24828
2177.122829846817,24829
0.0,24830
0.0,24831
185.1659513703007,24832
0.0,24833
0.0,24834
0.0,24835
0.0,24836
0.0,24837
0.0,24838
0.0,24839
0.0,24840
0.0,24841
0.0,24842
0.0,24843
0.0,24844
0.0,24845
0.0,24846
0.0,24847
0.0,24848
0.0,24849
0.0,24850
0.0,24851
0.0,24852
0.0,24853
0.0,24854
0.0,24855
0.0,24856
0.0,24857
0.0,24858
0.0,24859
0.0,24860
0.0,24861
715.5893915799782,24862
0.0,24863
708.3984455793917,24864
0.0,24865
0.0,24866
0.0,24867
0.0,24868
0.0,24869
0.0,24870
0.0,24871
0.0,24872
1057.2569810186346,24873
622.547481345125,24874
0.0,24875
465.21479350308107,24876
0.0,24877
0.0,24878
0.0,24879
0.0,24880
0.0,24881
0.0,24882
0.0,24883
0.0,24884
0.0,24885
0.0,24886
0.0,24887
0.0,24888
0.0,24889
0.0,24890
0.0,24891
0.0,24892
1390.7841222346312,24893
0.0,24894
0.0,24895
0.0,24896
0.0,24897
93.70889623111958,24898
0.0,24899
0.0,24900
0.0,24901
3642.004620794688,24902
164.47965805228446,24903
0.0,24904
0.0,24905
0.0,24906
0.0,24907
0.0,24908
0.0,24909
558.5243850789705,24910
0.0,24911
0.0,24912
0.0,24913
322.3523062977397,24914
0.0,24915
5423.774715759396,24916
1949.0237065536571,24917
2808.7065285005833,24918
1211.516511151904,24919
2761.6709991543735,24920
1167.1878801803343,24921
0.0,24922
0.0,24923
0.0,24924
2401.449296458381,24925
0.0,24926
0.0,24927
0.0,24928
0.0,24929
0.0,24930
0.0,24931
0.0,24932
0.0,24933
0.0,24934
0.0,24935
0.0,24936
0.0,24937
0.0,24938
0.0,24939
0.0,24940
0.0,24941
0.0,24942
0.0,24943
133.29621400854114,24944
2740.798951313639,24945
0.0,24946
0.0,24947
0.0,24948
0.0,24949
0.0,24950
0.0,24951
0.0,24952
0.0,24953
0.0,24954
0.0,24955
0.0,24956
0.0,24957
0.0,24958
0.0,24959
0.0,24960
0.0,24961
477.22968091424,24962
2345.678565161674,24963
2339.4736878295216,24964
1247.7424744055593,24965
0.0,24966
1437.9904370139336,24967
2983.9574984256024,24968
0.0,24969
2979.705670515263,24970
0.0,24971
1044.6528011752962,24972
4652.943508711115,24973
2329.853879307564,24974
6509.737690391875,24975
3379.274723215533,24976
2971.860953873224,24977
2668.135136106728,24978
0.0,24979
2605.203112242921,24980
2602.1301554701813,24981
0.0,24982
0.0,24983
0.0,24984
696.6831591209642,24985
0.0,24986
0.0,24987
0.0,24988
0.0,24989
6966.891812746904,24990
0.0,24991
0.0,24992
0.0,24993
0.0,24994
738.8411924456284,24995
0.0,24996
0.0,24997
0.0,24998
0.0,24999
0.0,25000
0.0,25001
0.0,25002
0.0,25003
0.0,25004
0.0,25005
0.0,25006
0.0,25007
0.0,25008
0.0,25009
0.0,25010
0.0,25011
0.0,25012
0.0,25013
0.0,25014
0.0,25015
0.0,25016
517.9834135065962,25017
524.0683931240453,25018
0.0,25019
0.0,25020
0.0,25021
0.0,25022
0.0,25023
0.0,25024
0.0,25025
0.0,25026
0.0,25027
0.0,25028
0.0,25029
0.0,25030
0.0,25031
0.0,25032
1320.2662403986537,25033
1319.4930444619608,25034
0.0,25035
0.0,25036
0.0,25037
0.0,25038
0.0,25039
0.0,25040
0.0,25041
0.0,25042
0.0,25043
0.0,25044
0.0,25045
0.0,25046
0.0,25047
0.0,25048
0.0,25049
0.0,25050
0.0,25051
492.3324919302738,25052
0.0,25053
0.0,25054
6611.460716098569,25055
0.0,25056
0.8229216081982518,25057
0.0,25058
0.27357474024175443,25059
0.0,25060
0.0,25061
0.0,25062
0.0,25063
0.09094807786432653,25064
0.0,25065
1295.3899069126876,25066
0.0,25067
0.0,25068
3308.8579582151,25069
0.0,25070
0.0,25071
0.0,25072
0.0,25073
0.0,25074
0.0,25075
0.0,25076
180.11755999281934,25077
1365.4676329742665,25078
1369.7237154421998,25079
0.0,25080
0.0,25081
0.0,25082
0.0,25083
1147.9665416190433,25084
3002.5579955989247,25085
0.0,25086
1939.558430691149,25087
0.0,25088
0.0,25089
356.1872039725124,25090
0.0,25091
0.0,25092
0.0,25093
905.9205120389132,25094
257.12500265937047,25095
0.0,25096
0.0,25097
1372.8773985891805,25098
183.96912902018607,25099
0.0,25100
4909.774315478285,25101
0.0,25102
0.0,25103
184.9782345258765,25104
0.0,25105
0.0,25106
2437.6430486755326,25107
0.0,25108
0.0,25109
0.0,25110
0.0,25111
0.0,25112
0.0,25113
0.0,25114
0.0,25115
0.0,25116
390.78128185692293,25117
0.0,25118
0.0,25119
1917.0086410978922,25120
398.23408588000893,25121
0.0,25122
0.0,25123
0.0,25124
4102.7932874241,25125
0.0,25126
0.0,25127
0.0,25128
0.0,25129
0.0,25130
0.0,25131
0.0,25132
0.0,25133
0.0,25134
0.0,25135
0.0,25136
0.0,25137
0.0,25138
1524.6169708221255,25139
0.0,25140
0.0,25141
0.0,25142
0.0,25143
0.0,25144
0.0,25145
0.0,25146
0.0,25147
810.6424366453791,25148
0.0,25149
0.0,25150
0.0,25151
0.0,25152
0.0,25153
0.0,25154
2104.2558877328906,25155
356.6611990482067,25156
0.0,25157
815.039307555167,25158
0.0,25159
0.0,25160
0.0,25161
0.0,25162
0.0,25163
0.0,25164
0.0,25165
0.0,25166
0.0,25167
0.0,25168
0.0,25169
0.0,25170
0.0,25171
0.0,25172
0.0,25173
0.0,25174
0.0,25175
0.0,25176
0.0,25177
0.0,25178
0.0,25179
0.0,25180
0.0,25181
0.0,25182
0.0,25183
67.23775108363607,25184
0.0,25185
0.0,25186
0.0,25187
0.0,25188
0.0,25189
0.0,25190
0.0,25191
0.0,25192
0.0,25193
0.0,25194
0.0,25195
0.0,25196
0.0,25197
0.0,25198
0.0,25199
0.0,25200
1725.069548044265,25201
0.0,25202
2970.1709523268273,25203
0.0,25204
1258.2506492909474,25205
0.0,25206
0.0,25207
0.0,25208
0.0,25209
543.5516088090626,25210
500.3493694501326,25211
546.1064092811097,25212
0.0,25213
0.0,25214
0.0,25215
849.8291781679654,25216
547.9723317930769,25217
0.0,25218
0.0,25219
0.0,25220
1582.3728498049177,25221
546.8494012278965,25222
1385.2109981887336,25223
196.59797454407177,25224
312.66994548813983,25225
312.58251877854394,25226
412.2232468777876,25227
3496.215719842658,25228
252.94974358574086,25229
221.12800194865062,25230
0.0,25231
0.0,25232
0.0,25233
0.0,25234
0.0,25235
513.8889778955894,25236
651.2412222415805,25237
614.6163372171067,25238
659.5890251614941,25239
0.0,25240
0.0,25241
0.0,25242
0.0,25243
0.0,25244
0.0,25245
0.0,25246
310.7229321685603,25247
310.2796214673335,25248
306.4492356806253,25249
308.4935654682864,25250
0.0,25251
0.0,25252
0.0,25253
0.0,25254
0.0,25255
0.0,25256
0.0,25257
0.0,25258
0.0,25259
0.0,25260
0.0,25261
0.0,25262
0.0,25263
0.0,25264
0.0,25265
613.8624332964388,25266
616.4300277029918,25267
0.0,25268
0.0,25269
0.0,25270
0.0,25271
819.6566691270582,25272
2040.0311310274496,25273
0.0,25274
0.0,25275
617.4078719670389,25276
0.0,25277
0.0,25278
691.7922613550472,25279
0.0,25280
0.0,25281
0.0,25282
0.0,25283
0.0,25284
0.0,25285
6888.498356732326,25286
0.0,25287
0.0,25288
0.0,25289
0.0,25290
0.0,25291
0.0,25292
0.0,25293
0.0,25294
0.0,25295
0.0,25296
0.0,25297
0.0,25298
0.0,25299
0.0,25300
0.0,25301
0.0,25302
0.0,25303
0.0,25304
0.0,25305
0.0,25306
0.0,25307
0.0,25308
0.0,25309
1825.6225162552885,25310
0.0,25311
0.0,25312
1301.6519815879296,25313
1673.4870912042527,25314
2157.6202233234317,25315
0.0,25316
592.4455437149506,25317
320.61890990583225,25318
0.0,25319
0.0,25320
0.0,25321
0.0,25322
0.0,25323
1310.148040520894,25324
1313.9858765773502,25325
2170.0919657470067,25326
0.0,25327
0.0,25328
0.0,25329
0.0,25330
881.8931171503282,25331
0.0,25332
132.7181788505804,25333
0.0,25334
0.0,25335
0.0,25336
0.0,25337
0.0,25338
0.0,25339
0.0,25340
0.0,25341
0.0,25342
0.0,25343
0.0,25344
0.0,25345
0.0,25346
0.0,25347
0.0,25348
0.0,25349
0.0,25350
0.0,25351
0.0,25352
0.0,25353
0.0,25354
342.17357580919656,25355
0.0,25356
0.0,25357
0.0,25358
0.0,25359
0.0,25360
0.0,25361
0.0,25362
0.0,25363
0.0,25364
0.0,25365
0.0,25366
0.0,25367
0.0,25368
0.0,25369
0.0,25370
1280.2986371072739,25371
0.0,25372
0.0,25373
0.0,25374
0.0,25375
0.0,25376
0.0,25377
755.5219076778134,25378
0.0,25379
0.0,25380
0.0,25381
0.0,25382
0.0,25383
0.0,25384
0.0,25385
0.0,25386
0.0,25387
0.0,25388
0.0,25389
0.0,25390
0.0,25391
0.0,25392
0.0,25393
0.0,25394
0.0,25395
0.0,25396
0.0,25397
0.0,25398
0.0,25399
0.0,25400
0.0,25401
0.0,25402
0.0,25403
0.0,25404
0.0,25405
880.1647049871942,25406
282.13700759819505,25407
0.0,25408
0.0,25409
0.0,25410
0.0,25411
0.0,25412
815.79355958869,25413
828.6834711464294,25414
0.0,25415
142.96620658231956,25416
840.3120809039299,25417
30.325075335896226,25418
36.271494769644164,25419
176.85453579431442,25420
183.24875522652462,25421
0.0,25422
376.38949810313784,25423
0.0,25424
0.0,25425
0.0,25426
0.0,25427
0.0,25428
0.0,25429
0.0,25430
0.0,25431
0.0,25432
0.0,25433
0.0,25434
0.0,25435
0.0,25436
0.0,25437
0.0,25438
0.0,25439
0.0,25440
0.0,25441
0.0,25442
0.0,25443
0.0,25444
0.0,25445
0.0,25446
0.0,25447
0.0,25448
0.0,25449
0.0,25450
0.0,25451
0.0,25452
0.0,25453
0.0,25454
0.0,25455
0.0,25456
1013.091196467554,25457
0.0,25458
0.0,25459
0.0,25460
0.0,25461
0.0,25462
0.0,25463
0.0,25464
0.0,25465
0.0,25466
0.0,25467
0.0,25468
0.0,25469
0.0,25470
0.0,25471
412.0411096610732,25472
0.0,25473
0.0,25474
0.0,25475
0.0,25476
0.0,25477
0.0,25478
0.0,25479
0.0,25480
0.0,25481
0.0,25482
0.0,25483
0.0,25484
0.0,25485
0.0,25486
0.0,25487
0.0,25488
0.0,25489
0.0,25490
0.0,25491
0.0,25492
0.0,25493
0.0,25494
0.0,25495
0.0,25496
0.0,25497
0.0,25498
0.0,25499
0.0,25500
0.0,25501
0.0,25502
0.0,25503
0.0,25504
0.0,25505
0.0,25506
0.0,25507
0.0,25508
0.0,25509
0.0,25510
0.0,25511
0.0,25512
0.0,25513
0.0,25514
0.0,25515
0.0,25516
0.0,25517
0.0,25518
0.1946028959395347,25519
0.0,25520
0.0,25521
0.0,25522
0.0,25523
0.0,25524
0.0,25525
0.0,25526
0.0,25527
0.0,25528
0.0,25529
0.0,25530
0.0,25531
0.0,25532
0.0,25533
0.0,25534
0.0,25535
2124.44452588802,25536
0.0,25537
0.0,25538
0.0,25539
0.0,25540
0.0,25541
0.0,25542
0.0,25543
0.0,25544
0.0,25545
0.0,25546
0.0,25547
75.9306181193707,25548
0.0,25549
0.0,25550
0.0,25551
0.0,25552
0.0,25553
0.0,25554
0.0,25555
0.0,25556
0.0,25557
0.0,25558
0.0,25559
0.0,25560
0.0,25561
0.0,25562
0.0,25563
0.0,25564
0.0,25565
0.0,25566
0.0,25567
0.0,25568
0.0,25569
0.0,25570
0.0,25571
0.0,25572
0.0,25573
7131.468422368539,25574
0.0,25575
0.0,25576
0.0,25577
0.0,25578
0.0,25579
0.0,25580
0.0,25581
0.0,25582
0.0,25583
0.0,25584
0.0,25585
0.0,25586
0.0,25587
0.0,25588
0.0,25589
0.0,25590
0.0,25591
0.0,25592
0.0,25593
0.0,25594
0.0,25595
0.0,25596
1517.9806942381895,25597
0.0,25598
0.0,25599
0.0,25600
561.8088481898492,25601
2174.197977046929,25602
0.0,25603
0.0,25604
0.0,25605
0.0,25606
0.0,25607
0.0,25608
0.0,25609
0.0,25610
0.0,25611
0.0,25612
3301.3902505023107,25613
0.0,25614
0.0,25615
0.0,25616
792.8690201191814,25617
0.0,25618
0.0,25619
0.0,25620
0.0,25621
2235.2789416769824,25622
267.08596062324193,25623
1730.3697195153818,25624
0.0,25625
0.0,25626
0.0,25627
0.0,25628
0.0,25629
0.0,25630
0.0,25631
0.0,25632
0.0,25633
0.0,25634
0.0,25635
0.0,25636
0.0,25637
0.0,25638
0.0,25639
0.0,25640
0.0,25641
0.0,25642
0.0,25643
1309.7900376166815,25644
0.0,25645
0.0,25646
0.0,25647
0.0,25648
0.0,25649
0.0,25650
0.0,25651
0.0,25652
0.0,25653
0.0,25654
0.0,25655
0.0,25656
0.0,25657
0.0,25658
0.0,25659
0.0,25660
0.0,25661
0.0,25662
0.0,25663
0.0,25664
0.0,25665
0.0,25666
0.0,25667
0.0,25668
0.0,25669
0.0,25670
0.0,25671
0.0,25672
0.0,25673
0.0,25674
0.0,25675
0.0,25676
0.0,25677
0.0,25678
0.0,25679
0.0,25680
2095.3634332562515,25681
0.0,25682
1506.4283674515677,25683
0.0,25684
0.0,25685
0.0,25686
0.0,25687
0.0,25688
0.0,25689
0.0,25690
0.0,25691
0.0,25692
0.0,25693
0.0,25694
0.0,25695
0.0,25696
0.0,25697
0.0,25698
0.0,25699
0.0,25700
0.0,25701
0.0,25702
0.0,25703
0.0,25704
0.0,25705
0.0,25706
0.0,25707
0.0,25708
0.0,25709
0.0,25710
0.0,25711
0.0,25712
0.0,25713
0.0,25714
0.0,25715
0.0,25716
0.0,25717
0.0,25718
0.0,25719
0.0,25720
0.0,25721
0.0,25722
0.0,25723
0.0,25724
0.0,25725
0.0,25726
0.0,25727
0.0,25728
0.0,25729
0.0,25730
0.0,25731
0.0,25732
0.0,25733
0.0,25734
0.0,25735
0.0,25736
0.0,25737
0.0,25738
0.0,25739
0.0,25740
0.0,25741
0.0,25742
0.0,25743
0.0,25744
464.1685280040919,25745
228.55951221051353,25746
0.0,25747
0.0,25748
0.0,25749
229.4879537065991,25750
0.0,25751
0.0,25752
551.8825734754782,25753
655.8797198331283,25754
1412.7106024967939,25755
0.0,25756
0.0,25757
0.0,25758
0.0,25759
0.0,25760
0.0,25761
0.0,25762
0.0,25763
0.0,25764
0.0,25765
0.0,25766
0.0,25767
0.0,25768
0.0,25769
0.0,25770
0.0,25771
0.0,25772
0.0,25773
0.0,25774
0.0,25775
0.0,25776
0.0,25777
0.0,25778
0.0,25779
0.0,25780
0.0,25781
0.0,25782
0.0,25783
0.0,25784
0.0,25785
0.0,25786
0.0,25787
0.0,25788
0.0,25789
0.0,25790
0.0,25791
0.0,25792
0.0,25793
0.0,25794
0.0,25795
1488.2161765494757,25796
0.0,25797
0.0,25798
314.43746607748625,25799
0.0,25800
0.0,25801
0.0,25802
0.0,25803
0.0,25804
0.0,25805
0.0,25806
0.0,25807
0.0,25808
0.0,25809
0.0,25810
0.0,25811
0.0,25812
0.0,25813
0.0,25814
0.0,25815
0.0,25816
0.0,25817
0.0,25818
0.0,25819
0.0,25820
0.0,25821
0.0,25822
0.0,25823
0.0,25824
0.0,25825
0.0,25826
0.0,25827
0.0,25828
0.0,25829
0.0,25830
2681.2048510297595,25831
0.0,25832
0.0,25833
0.0,25834
0.0,25835
0.0,25836
0.0,25837
0.0,25838
0.0,25839
0.0,25840
0.0,25841
0.0,25842
0.0,25843
0.0,25844
0.0,25845
358.3732958984855,25846
359.237964117148,25847
8381.803865877682,25848
0.0,25849
0.0,25850
0.0,25851
0.0,25852
0.0,25853
0.0,25854
0.0,25855
0.0,25856
609.0625042143558,25857
0.0,25858
0.0,25859
190.8431286475282,25860
0.0,25861
177.47157278939304,25862
1031.0878127562855,25863
3087.270744807519,25864
3094.5260969498695,25865
0.0,25866
0.0,25867
0.0,25868
70.65290147264012,25869
0.0,25870
0.0,25871
0.0,25872
1478.732104605953,25873
0.0,25874
0.0,25875
4923.9373673881255,25876
0.0,25877
0.0,25878
0.0,25879
0.0,25880
0.0,25881
0.0,25882
1404.744175554281,25883
0.0,25884
0.0,25885
0.0,25886
0.0,25887
0.0,25888
0.0,25889
0.0,25890
0.0,25891
0.0,25892
0.0,25893
785.1308870001316,25894
0.0,25895
0.0,25896
0.0,25897
0.0,25898
0.0,25899
2406.1265041479164,25900
0.0,25901
0.0,25902
0.0,25903
0.0,25904
0.0,25905
0.0,25906
141.75446004927804,25907
1588.8633565338282,25908
0.0,25909
0.0,25910
0.0,25911
0.0,25912
0.0,25913
0.0,25914
0.0,25915
0.0,25916
0.0,25917
0.0,25918
0.0,25919
0.0,25920
0.0,25921
0.0,25922
0.0,25923
2951.3846034281923,25924
0.0,25925
0.0,25926
2265.0071804496993,25927
0.0,25928
0.0,25929
0.0,25930
0.0,25931
0.0,25932
0.0,25933
0.0,25934
0.0,25935
0.0,25936
0.0,25937
0.0,25938
0.0,25939
0.0,25940
0.0,25941
2180.790314169064,25942
0.0,25943
0.0,25944
0.0,25945
0.0,25946
0.0,25947
0.0,25948
0.0,25949
0.0,25950
0.0,25951
0.0,25952
0.0,25953
0.0,25954
0.0,25955
0.0,25956
0.0,25957
0.0,25958
0.0,25959
0.0,25960
0.0,25961
0.0,25962
0.0,25963
0.0,25964
0.0,25965
0.0,25966
0.0,25967
0.0,25968
0.0,25969
0.0,25970
0.0,25971
0.0,25972
0.0,25973
0.0,25974
0.0,25975
0.0,25976
0.0,25977
0.0,25978
0.0,25979
0.0,25980
0.0,25981
0.0,25982
0.0,25983
0.0,25984
0.0,25985
0.0,25986
0.0,25987
0.0,25988
0.0,25989
0.0,25990
1963.304722410745,25991
0.0,25992
0.0,25993
0.0,25994
0.0,25995
138.52139493809318,25996
0.0,25997
861.4089212406293,25998
1820.2560397186437,25999
2732.3431803792555,26000
0.0,26001
0.0,26002
0.0,26003
0.0,26004
0.0,26005
0.0,26006
0.0,26007
0.0,26008
1380.2776938738502,26009
0.0,26010
0.0,26011
2202.98278706614,26012
847.5904168589544,26013
0.0,26014
0.0,26015
0.0,26016
0.0,26017
2088.9436865538046,26018
0.0,26019
2012.1608348903007,26020
0.0,26021
0.0,26022
0.0,26023
2994.8909506786117,26024
0.0,26025
0.0,26026
0.0,26027
0.0,26028
0.0,26029
0.0,26030
0.0,26031
0.0,26032
0.0,26033
0.0,26034
0.0,26035
0.0,26036
0.0,26037
0.0,26038
0.0,26039
0.0,26040
0.0,26041
0.0,26042
0.0,26043
0.0,26044
0.0,26045
2506.5039143276063,26046
742.230751826474,26047
0.0,26048
0.0,26049
0.0,26050
0.0,26051
0.0,26052
0.0,26053
0.0,26054
0.0,26055
0.0,26056
1053.5299367544521,26057
0.0,26058
0.0,26059
0.0,26060
0.0,26061
0.0,26062
193.8676719379115,26063
0.0,26064
0.0,26065
0.0,26066
0.0,26067
0.0,26068
0.0,26069
0.0,26070
2057.892517187357,26071
0.0,26072
0.0,26073
0.0,26074
0.0,26075
0.0,26076
0.0,26077
0.0,26078
0.0,26079
0.0,26080
0.0,26081
0.0,26082
0.0,26083
1085.8188462327957,26084
0.0,26085
0.0,26086
0.0,26087
0.0,26088
0.0,26089
0.0,26090
0.0,26091
0.0,26092
0.0,26093
0.0,26094
0.0,26095
0.0,26096
260.45492707548595,26097
0.0,26098
0.0,26099
0.0,26100
0.0,26101
0.0,26102
0.0,26103
0.0,26104
0.0,26105
0.0,26106
0.0,26107
0.0,26108
0.0,26109
4674.794838234122,26110
0.0,26111
4775.75124278546,26112
0.0,26113
0.0,26114
0.0,26115
0.0,26116
0.0,26117
0.0,26118
0.0,26119
0.0,26120
0.0,26121
0.0,26122
0.0,26123
0.0,26124
0.0,26125
0.0,26126
0.0,26127
0.0,26128
0.0,26129
0.0,26130
0.0,26131
0.0,26132
0.0,26133
0.0,26134
0.0,26135
0.0,26136
0.0,26137
0.0,26138
0.0,26139
0.0,26140
0.0,26141
0.0,26142
0.0,26143
3915.1408557646296,26144
76.8475973069142,26145
0.0,26146
3919.0977758286017,26147
0.0,26148
0.0,26149
0.0,26150
0.0,26151
0.0,26152
0.0,26153
0.0,26154
0.0,26155
0.0,26156
0.0,26157
0.0,26158
0.0,26159
0.0,26160
0.0,26161
0.0,26162
0.0,26163
0.0,26164
0.0,26165
0.0,26166
0.0,26167
0.0,26168
0.0,26169
0.0,26170
0.0,26171
0.0,26172
0.0,26173
0.0,26174
0.0,26175
0.0,26176
0.0,26177
0.0,26178
960.8435629868784,26179
0.0,26180
0.0,26181
813.5048452436248,26182
0.0,26183
0.0,26184
1079.9080883408205,26185
0.0,26186
2456.0963362862467,26187
0.0,26188
0.0,26189
510.3779323505773,26190
0.0,26191
0.0,26192
0.0,26193
0.0,26194
0.0,26195
0.0,26196
0.0,26197
0.0,26198
0.0,26199
0.0,26200
0.0,26201
0.0,26202
0.0,26203
0.0,26204
0.0,26205
0.0,26206
0.0,26207
0.0,26208
0.0,26209
0.0,26210
0.0,26211
0.0,26212
0.0,26213
0.0,26214
1307.4700045858415,26215
0.0,26216
0.0,26217
1310.7621109322024,26218
0.0,26219
0.0,26220
0.0,26221
0.0,26222
0.0,26223
0.0,26224
0.0,26225
0.0,26226
0.0,26227
0.0,26228
0.0,26229
500.78123477384963,26230
0.0,26231
0.0,26232
0.0,26233
0.0,26234
0.0,26235
0.0,26236
0.0,26237
0.0,26238
0.0,26239
885.1960451603834,26240
0.0,26241
0.0,26242
185.8525832194354,26243
1253.506465373055,26244
439.05192415366247,26245
0.0,26246
0.0,26247
6422.84214821586,26248
0.0,26249
230.72073291112963,26250
0.0,26251
1076.5158500412733,26252
0.0,26253
0.0,26254
0.0,26255
0.0,26256
0.0,26257
425.76029559700567,26258
0.0,26259
0.0,26260
625.6141711814224,26261
0.0,26262
1446.1619403239968,26263
0.0,26264
0.0,26265
0.0,26266
0.0,26267
0.0,26268
0.0,26269
0.0,26270
0.0,26271
0.0,26272
0.0,26273
0.0,26274
0.0,26275
0.0,26276
0.0,26277
0.0,26278
0.0,26279
0.0,26280
0.0,26281
0.0,26282
0.0,26283
0.0,26284
0.0,26285
0.0,26286
0.0,26287
0.0,26288
903.6612633997103,26289
0.0,26290
0.0,26291
0.0,26292
0.0,26293
0.0,26294
0.0,26295
370.9813169692727,26296
0.0,26297
0.0,26298
0.0,26299
0.0,26300
215.33455879822415,26301
1199.666515402509,26302
0.0,26303
1671.3356529423356,26304
0.0,26305
3686.2347323448835,26306
0.0,26307
0.0,26308
0.0,26309
0.0,26310
287.6956504644498,26311
0.0,26312
0.0,26313
0.0,26314
0.0,26315
0.0,26316
0.0,26317
368.0555099060058,26318
0.0,26319
0.0,26320
0.0,26321
0.0,26322
0.0,26323
0.0,26324
0.0,26325
0.0,26326
0.0,26327
0.0,26328
0.0,26329
0.0,26330
0.0,26331
0.0,26332
0.0,26333
0.0,26334
0.0,26335
0.0,26336
0.0,26337
0.0,26338
0.0,26339
367.33676257910065,26340
0.0,26341
0.0,26342
1654.4604208325907,26343
0.0,26344
367.12060480530505,26345
0.0,26346
0.0,26347
0.0,26348
0.0,26349
0.0,26350
0.0,26351
0.0,26352
851.028298931013,26353
0.0,26354
136.22586766245846,26355
0.0,26356
0.0,26357
2214.214169545238,26358
0.0,26359
0.0,26360
0.0,26361
0.0,26362
0.0,26363
0.0,26364
0.0,26365
2008.6988598354123,26366
0.0,26367
806.5214758703498,26368
0.0,26369
0.0,26370
0.0,26371
0.0,26372
0.0,26373
0.0,26374
0.0,26375
0.0,26376
0.0,26377
5144.134263831489,26378
0.0,26379
764.4202689220937,26380
0.0,26381
0.0,26382
0.0,26383
0.0,26384
0.0,26385
0.0,26386
0.0,26387
0.0,26388
0.0,26389
0.0,26390
0.0,26391
0.0,26392
0.0,26393
0.0,26394
0.0,26395
0.0,26396
0.0,26397
0.0,26398
0.0,26399
0.0,26400
0.0,26401
0.0,26402
0.0,26403
0.0,26404
0.0,26405
0.0,26406
0.0,26407
77.37832577948456,26408
0.0,26409
0.0,26410
0.0,26411
0.0,26412
0.0,26413
0.0,26414
0.0,26415
0.0,26416
0.0,26417
0.0,26418
0.0,26419
0.0,26420
0.0,26421
0.0,26422
0.0,26423
0.0,26424
0.0,26425
0.0,26426
0.0,26427
0.0,26428
0.0,26429
0.0,26430
0.0,26431
0.0,26432
0.0,26433
0.0,26434
0.0,26435
0.0,26436
0.0,26437
0.0,26438
0.0,26439
274.21188688481163,26440
0.0,26441
0.0,26442
0.0,26443
0.0,26444
0.0,26445
0.0,26446
0.0,26447
0.0,26448
0.0,26449
0.0,26450
0.0,26451
0.0,26452
574.3620164860965,26453
0.0,26454
0.0,26455
0.0,26456
0.0,26457
0.0,26458
2298.825263474427,26459
0.0,26460
0.0,26461
0.0,26462
0.0,26463
0.0,26464
0.0,26465
0.0,26466
0.0,26467
472.5937304987097,26468
0.0,26469
0.0,26470
0.0,26471
1581.8293013254072,26472
271.84606145758687,26473
0.0,26474
379.87325666423516,26475
0.0,26476
0.0,26477
0.0,26478
0.0,26479
0.0,26480
0.0,26481
0.0,26482
0.0,26483
0.0,26484
832.4964076625769,26485
0.0,26486
0.0,26487
0.0,26488
0.0,26489
0.0,26490
0.0,26491
0.0,26492
0.0,26493
0.0,26494
0.0,26495
0.0,26496
0.0,26497
0.0,26498
0.0,26499
0.0,26500
0.0,26501
0.0,26502
39.11617886981941,26503
0.0,26504
0.0,26505
0.0,26506
0.0,26507
0.0,26508
0.0,26509
0.0,26510
1495.6472770790383,26511
0.0,26512
0.0,26513
0.0,26514
0.0,26515
0.0,26516
0.0,26517
0.0,26518
0.0,26519
0.0,26520
0.0,26521
0.0,26522
1566.840025261672,26523
2157.630761419519,26524
993.4912662463154,26525
0.0,26526
0.0,26527
0.0,26528
375.6448968155145,26529
0.0,26530
0.0,26531
0.0,26532
0.0,26533
0.0,26534
0.0,26535
0.0,26536
0.0,26537
1379.465977466613,26538
0.0,26539
3250.9168374861756,26540
0.0,26541
527.5394980092371,26542
528.4341824389986,26543
0.0,26544
0.0,26545
905.7964839583902,26546
0.0,26547
0.0,26548
156.40675806149866,26549
157.24250070101192,26550
0.0,26551
1032.0851724634433,26552
0.0,26553
2430.765508575803,26554
4057.750168092215,26555
0.0,26556
0.0,26557
0.0,26558
553.9907039083133,26559
0.0,26560
0.0,26561
0.0,26562
0.0,26563
0.0,26564
0.0,26565
0.0,26566
0.0,26567
0.0,26568
0.0,26569
0.0,26570
0.0,26571
0.0,26572
0.0,26573
0.0,26574
0.0,26575
0.0,26576
0.0,26577
0.0,26578
0.0,26579
0.0,26580
0.0,26581
0.0,26582
1449.8268641789268,26583
0.0,26584
0.0,26585
0.0,26586
0.0,26587
0.0,26588
0.0,26589
0.0,26590
501.6834384395217,26591
0.0,26592
0.0,26593
0.0,26594
0.0,26595
0.0,26596
0.0,26597
0.0,26598
0.0,26599
0.0,26600
0.0,26601
0.0,26602
0.0,26603
0.0,26604
0.0,26605
0.0,26606
1315.4664502063988,26607
0.0,26608
0.0,26609
1378.9898091977523,26610
1315.412802303628,26611
0.0,26612
819.7115235946139,26613
0.0,26614
1792.7578350636015,26615
0.0,26616
1652.480253626487,26617
0.0,26618
0.0,26619
665.0878926688766,26620
0.0,26621
0.0,26622
0.0,26623
0.0,26624
0.0,26625
1676.0197964776391,26626
0.0,26627
0.0,26628
0.0,26629
0.0,26630
0.0,26631
0.0,26632
0.0,26633
0.0,26634
664.0147851488044,26635
662.8723878178088,26636
0.0,26637
0.0,26638
0.0,26639
0.0,26640
0.0,26641
0.0,26642
0.0,26643
0.0,26644
34.61522458926971,26645
0.0,26646
0.0,26647
0.0,26648
0.0,26649
0.0,26650
0.0,26651
0.0,26652
0.0,26653
0.0,26654
0.0,26655
0.0,26656
0.0,26657
1027.138092641758,26658
0.0,26659
0.0,26660
0.0,26661
0.0,26662
0.0,26663
0.0,26664
0.0,26665
0.0,26666
0.0,26667
0.0,26668
0.0,26669
0.0,26670
660.6245319444059,26671
0.0,26672
0.0,26673
0.0,26674
0.0,26675
0.0,26676
0.0,26677
0.0,26678
0.0,26679
0.0,26680
1331.8367142547797,26681
0.0,26682
0.0,26683
0.0,26684
0.0,26685
0.0,26686
0.0,26687
0.0,26688
0.0,26689
0.0,26690
0.0,26691
0.0,26692
0.0,26693
0.0,26694
0.0,26695
16.253289234761898,26696
0.0,26697
0.0,26698
0.0,26699
0.0,26700
0.0,26701
0.0,26702
0.0,26703
0.0,26704
0.0,26705
0.0,26706
0.0,26707
0.0,26708
0.0,26709
0.0,26710
0.0,26711
0.0,26712
670.5837217877959,26713
0.0,26714
0.0,26715
0.0,26716
0.0,26717
0.0,26718
0.0,26719
0.0,26720
0.0,26721
0.0,26722
0.0,26723
0.0,26724
0.0,26725
0.0,26726
0.0,26727
0.0,26728
0.0,26729
0.0,26730
0.0,26731
0.0,26732
0.0,26733
0.0,26734
0.0,26735
0.0,26736
1046.3435624572364,26737
0.0,26738
0.0,26739
0.0,26740
0.0,26741
0.0,26742
1048.3793166155492,26743
0.0,26744
0.0,26745
1050.3674174175724,26746
0.0,26747
0.0,26748
0.0,26749
0.0,26750
737.4124425124062,26751
0.0,26752
0.0,26753
0.0,26754
0.0,26755
0.0,26756
936.101122978153,26757
0.0,26758
0.0,26759
0.0,26760
0.0,26761
0.0,26762
281.54752093514435,26763
0.0,26764
0.0,26765
0.0,26766
0.0,26767
0.0,26768
362.0484589993381,26769
0.0,26770
0.0,26771
1138.331765579273,26772
0.0,26773
0.0,26774
0.0,26775
0.0,26776
0.0,26777
0.0,26778
365.6942793036781,26779
536.1155377252471,26780
3881.622805283831,26781
0.0,26782
0.0,26783
0.0,26784
0.0,26785
0.0,26786
0.0,26787
0.0,26788
67.53411778325308,26789
0.0,26790
274.0483318601217,26791
0.0,26792
276.18144656582666,26793
0.0,26794
0.0,26795
0.0,26796
0.0,26797
370.08398563087576,26798
280.1854413846653,26799
0.0,26800
0.0,26801
0.0,26802
0.0,26803
0.0,26804
0.0,26805
355.701333481364,26806
0.0,26807
0.0,26808
1173.6440737540656,26809
0.0,26810
0.0,26811
0.0,26812
177.98558089113686,26813
287.5219880124455,26814
0.0,26815
289.5279141185115,26816
0.0,26817
0.0,26818
871.953163579622,26819
0.0,26820
185.37122133614076,26821
187.50355319463347,26822
0.0,26823
0.0,26824
189.63855771318282,26825
0.0,26826
0.0,26827
0.0,26828
796.781045127576,26829
0.0,26830
0.0,26831
0.0,26832
0.0,26833
0.0,26834
0.0,26835
0.0,26836
0.0,26837
0.0,26838
0.0,26839
1190.5236947175565,26840
0.0,26841
0.0,26842
0.0,26843
0.0,26844
0.0,26845
3882.53057789893,26846
435.5579752844903,26847
0.0,26848
0.0,26849
118.44034081820224,26850
300.64088475119274,26851
0.0,26852
302.6545864238765,26853
0.0,26854
0.0,26855
0.0,26856
0.0,26857
0.0,26858
0.0,26859
304.6862044909844,26860
0.0,26861
0.0,26862
0.0,26863
0.0,26864
0.0,26865
0.0,26866
0.0,26867
0.0,26868
0.0,26869
0.0,26870
0.0,26871
0.0,26872
0.0,26873
0.0,26874
0.0,26875
0.0,26876
0.0,26877
0.0,26878
0.0,26879
0.0,26880
0.0,26881
0.0,26882
0.0,26883
0.0,26884
0.0,26885
0.0,26886
0.0,26887
0.0,26888
193.24670732649471,26889
0.0,26890
0.0,26891
0.0,26892
0.0,26893
0.0,26894
0.0,26895
0.0,26896
0.0,26897
3293.710542033177,26898
0.0,26899
0.0,26900
0.0,26901
0.0,26902
0.0,26903
0.0,26904
0.0,26905
0.0,26906
0.0,26907
0.0,26908
0.0,26909
0.0,26910
0.0,26911
0.0,26912
0.0,26913
0.0,26914
0.0,26915
0.0,26916
0.0,26917
0.0,26918
1457.5230658390294,26919
0.0,26920
0.0,26921
0.0,26922
0.0,26923
0.0,26924
0.0,26925
0.0,26926
0.0,26927
0.0,26928
0.0,26929
0.0,26930
0.0,26931
0.0,26932
0.0,26933
0.0,26934
0.0,26935
0.0,26936
245.0543337277551,26937
657.4234743522711,26938
246.80267059188483,26939
2272.9519961451783,26940
0.0,26941
0.0,26942
0.0,26943
741.2513468648192,26944
741.614625676754,26945
484.8986634022304,26946
0.0,26947
0.0,26948
0.0,26949
811.9687780142267,26950
1170.0419015461089,26951
0.0,26952
0.0,26953
0.0,26954
484.63243118364346,26955
51.07665051868458,26956
0.0,26957
1005.918757430605,26958
0.0,26959
0.0,26960
0.0,26961
0.0,26962
2368.4023360844226,26963
9273.503107318924,26964
1224.9125049058553,26965
0.0,26966
0.0,26967
0.0,26968
0.0,26969
1221.9942900741528,26970
1580.2735022707318,26971
1263.5961657372757,26972
0.0,26973
3788.4549769762552,26974
3138.223138383923,26975
3388.3289387426826,26976
2300.3271814779832,26977
0.0,26978
4042.443268801584,26979
0.0,26980
0.0,26981
0.0,26982
59.40241408794108,26983
0.0,26984
0.0,26985
0.0,26986
0.0,26987
240.1912826897771,26988
0.0,26989
0.0,26990
0.0,26991
0.0,26992
2847.037823603502,26993
0.0,26994
0.0,26995
0.0,26996
0.0,26997
2660.875170671221,26998
356.3467101984896,26999
0.0,27000
0.0,27001
0.0,27002
0.0,27003
0.0,27004
0.0,27005
7301.021971782676,27006
0.0,27007
209.64962290689695,27008
0.0,27009
0.0,27010
0.0,27011
1291.4051385505265,27012
0.0,27013
0.0,27014
0.0,27015
1273.2541437648908,27016
0.0,27017
0.0,27018
0.0,27019
0.0,27020
0.0,27021
0.0,27022
0.0,27023
0.0,27024
0.0,27025
0.0,27026
0.0,27027
0.0,27028
0.0,27029
0.0,27030
0.0,27031
0.0,27032
0.0,27033
0.0,27034
0.0,27035
0.0,27036
2435.6713520172216,27037
0.0,27038
0.0,27039
2428.2367684492224,27040
0.0,27041
0.0,27042
0.0,27043
0.0,27044
0.0,27045
442.41160307300083,27046
0.0,27047
443.9146175797925,27048
3242.6583014618445,27049
1134.2449861206146,27050
755.4025058966513,27051
1374.9478897916442,27052
831.1310835471193,27053
191.0658380610239,27054
0.0,27055
0.0,27056
693.3844354113031,27057
0.0,27058
2327.748686518701,27059
0.0,27060
0.0,27061
0.0,27062
0.0,27063
0.0,27064
0.0,27065
0.0,27066
0.0,27067
0.0,27068
0.0,27069
0.0,27070
886.9004425154493,27071
884.4881050077945,27072
0.0,27073
0.0,27074
0.0,27075
0.0,27076
0.0,27077
0.0,27078
0.0,27079
0.0,27080
0.0,27081
0.0,27082
0.0,27083
0.0,27084
0.0,27085
8.677809845046186,27086
9.810922873258717,27087
0.0,27088
0.0,27089
0.0,27090
0.0,27091
3508.545817272314,27092
0.0,27093
0.0,27094
0.0,27095
0.0,27096
0.0,27097
1142.723778875663,27098
0.0,27099
0.0,27100
516.1000079371591,27101
0.0,27102
0.0,27103
671.6176389686666,27104
513.7264336020754,27105
0.0,27106
0.0,27107
0.0,27108
0.0,27109
0.0,27110
926.0262892819095,27111
0.0,27112
0.0,27113
5932.755245827373,27114
0.0,27115
0.0,27116
0.0,27117
0.0,27118
0.0,27119
0.0,27120
0.0,27121
0.0,27122
0.0,27123
0.0,27124
0.0,27125
0.0,27126
0.0,27127
0.0,27128
0.0,27129
0.0,27130
0.0,27131
0.0,27132
0.0,27133
0.0,27134
0.0,27135
0.0,27136
0.0,27137
0.0,27138
0.0,27139
0.0,27140
0.0,27141
0.0,27142
0.0,27143
0.0,27144
0.0,27145
0.0,27146
0.0,27147
0.0,27148
0.0,27149
0.0,27150
0.0,27151
1078.8449681287088,27152
1081.625055522037,27153
0.0,27154
0.0,27155
0.0,27156
0.0,27157
0.0,27158
0.0,27159
0.0,27160
0.0,27161
0.0,27162
0.0,27163
0.0,27164
0.0,27165
0.0,27166
0.0,27167
0.0,27168
0.0,27169
0.0,27170
0.0,27171
0.0,27172
0.0,27173
0.0,27174
0.0,27175
0.0,27176
0.0,27177
0.0,27178
0.0,27179
0.0,27180
0.0,27181
0.0,27182
0.0,27183
431.5823664780782,27184
0.0,27185
0.0,27186
0.0,27187
1531.0350916948576,27188
0.0,27189
0.0,27190
0.0,27191
0.0,27192
0.0,27193
0.0,27194
0.0,27195
0.0,27196
235.39705400850892,27197
0.0,27198
2918.2002597073115,27199
0.0,27200
0.0,27201
0.0,27202
0.0,27203
0.0,27204
0.0,27205
0.0,27206
0.0,27207
0.0,27208
0.0,27209
0.0,27210
0.0,27211
0.0,27212
1266.6797951661983,27213
0.0,27214
0.0,27215
0.0,27216
3055.3462090871453,27217
0.0,27218
0.0,27219
0.0,27220
0.0,27221
0.0,27222
0.0,27223
0.0,27224
0.0,27225
0.0,27226
2581.199514653201,27227
0.0,27228
0.0,27229
0.0,27230
0.0,27231
1939.1770147808072,27232
1704.8253527306285,27233
0.0,27234
0.0,27235
1707.338424465965,27236
0.0,27237
1709.8156837937288,27238
0.0,27239
1889.0281857210496,27240
1890.0834765334755,27241
1891.1478205757348,27242
1892.2303933420974,27243
1002.9470042070463,27244
1931.2959923289532,27245
1583.0231022555117,27246
2754.1498263528815,27247
1806.336987447446,27248
0.0,27249
358.2982345109156,27250
0.0,27251
1936.740873688714,27252
1937.9249212195161,27253
1939.109335446388,27254
1940.2963587608856,27255
0.0,27256
0.0,27257
923.2806959212387,27258
582.0054049803157,27259
0.0,27260
1063.151550556444,27261
1064.9372034035987,27262
0.0,27263
1193.5867724986158,27264
0.0,27265
1065.3561815186374,27266
1067.1653680462302,27267
1068.9659981237871,27268
0.0,27269
0.0,27270
0.0,27271
0.0,27272
0.0,27273
0.0,27274
0.0,27275
0.0,27276
0.0,27277
0.0,27278
2279.6526988206338,27279
0.0,27280
842.9164054850909,27281
0.0,27282
0.0,27283
0.0,27284
0.0,27285
0.0,27286
0.0,27287
0.0,27288
90.55688937071784,27289
302.6165680777946,27290
819.3148149479446,27291
308.11363586320095,27292
0.0,27293
310.4527619912657,27294
0.0,27295
0.0,27296
2032.9511580254148,27297
0.0,27298
239.69557683932845,27299
0.0,27300
2054.6492686729184,27301
0.0,27302
0.0,27303
0.0,27304
2049.747861917841,27305
0.0,27306
576.4784326117488,27307
0.0,27308
0.0,27309
0.0,27310
1177.5723294795635,27311
0.0,27312
0.0,27313
0.0,27314
0.0,27315
0.0,27316
0.0,27317
0.0,27318
0.0,27319
0.0,27320
0.0,27321
0.0,27322
0.0,27323
0.0,27324
0.0,27325
0.0,27326
0.0,27327
0.0,27328
0.0,27329
0.0,27330
0.0,27331
0.0,27332
0.0,27333
158.16225209578258,27334
0.0,27335
0.0,27336
0.0,27337
0.0,27338
0.0,27339
0.0,27340
0.0,27341
4654.3855075840265,27342
0.0,27343
0.0,27344
0.0,27345
0.0,27346
0.0,27347
0.0,27348
0.0,27349
0.0,27350
0.0,27351
0.0,27352
0.0,27353
0.0,27354
269.01368626495207,27355
0.0,27356
0.0,27357
0.0,27358
0.0,27359
0.0,27360
0.0,27361
655.7008384361615,27362
0.0,27363
0.0,27364
0.0,27365
0.0,27366
999.8372941228079,27367
0.0,27368
0.0,27369
1414.7078683877485,27370
0.0,27371
0.0,27372
0.0,27373
0.0,27374
0.0,27375
0.0,27376
0.0,27377
0.0,27378
0.0,27379
0.0,27380
0.0,27381
0.0,27382
0.0,27383
0.0,27384
289.4571601326565,27385
0.0,27386
0.0,27387
0.0,27388
0.0,27389
0.0,27390
2648.431942439239,27391
0.0,27392
0.0,27393
0.0,27394
0.0,27395
0.0,27396
0.0,27397
0.0,27398
0.0,27399
2648.248859906188,27400
2648.1064344611345,27401
0.0,27402
0.0,27403
0.0,27404
0.0,27405
3549.1567607912507,27406
0.0,27407
0.0,27408
0.0,27409
0.0,27410
0.0,27411
0.0,27412
0.0,27413
0.0,27414
0.0,27415
0.0,27416
0.0,27417
0.0,27418
0.0,27419
0.0,27420
0.0,27421
0.0,27422
0.0,27423
0.0,27424
0.0,27425
0.0,27426
0.0,27427
0.0,27428
2980.6744710332155,27429
0.0,27430
4690.621609767668,27431
5387.3125775201825,27432
0.0,27433
3036.7420349680433,27434
3032.0367140157027,27435
3027.4106977415645,27436
3022.864651165672,27437
3018.4019321171613,27438
0.0,27439
5322.235989977432,27440
0.0,27441
0.0,27442
2126.1770120700526,27443
1678.425740887891,27444
0.0,27445
524.1210038550752,27446
519.7539804989959,27447
515.5096317219208,27448
0.0,27449
0.0,27450
0.0,27451
0.0,27452
0.0,27453
0.0,27454
0.0,27455
0.0,27456
0.0,27457
0.0,27458
0.0,27459
0.0,27460
0.0,27461
0.0,27462
0.0,27463
0.0,27464
0.0,27465
1434.910723160292,27466
0.0,27467
0.0,27468
0.0,27469
0.0,27470
0.0,27471
0.0,27472
0.0,27473
0.0,27474
0.0,27475
0.0,27476
0.0,27477
0.0,27478
0.0,27479
0.0,27480
0.0,27481
0.0,27482
0.0,27483
0.0,27484
0.0,27485
0.0,27486
0.0,27487
0.0,27488
0.0,27489
0.0,27490
0.0,27491
0.0,27492
0.0,27493
0.0,27494
0.0,27495
0.0,27496
0.0,27497
0.0,27498
0.0,27499
0.0,27500
0.0,27501
0.0,27502
0.0,27503
0.0,27504
0.0,27505
0.0,27506
0.0,27507
0.0,27508
0.0,27509
0.0,27510
0.0,27511
0.0,27512
0.0,27513
0.0,27514
0.0,27515
0.0,27516
0.0,27517
0.0,27518
0.0,27519
0.0,27520
0.0,27521
0.0,27522
0.0,27523
0.0,27524
0.0,27525
0.0,27526
0.0,27527
0.0,27528
0.0,27529
26172.958719732334,27530
0.0,27531
0.0,27532
0.0,27533
0.0,27534
0.0,27535
0.0,27536
0.0,27537
0.0,27538
231.33621473243525,27539
0.0,27540
0.0,27541
0.0,27542
0.0,27543
0.0,27544
1229.7857255229078,27545
0.0,27546
0.0,27547
0.0,27548
0.0,27549
0.0,27550
0.0,27551
0.0,27552
0.0,27553
0.0,27554
0.0,27555
0.0,27556
0.0,27557
0.0,27558
0.0,27559
0.0,27560
0.0,27561
0.0,27562
0.0,27563
0.0,27564
0.0,27565
0.0,27566
0.0,27567
0.0,27568
0.0,27569
0.0,27570
0.0,27571
0.0,27572
0.0,27573
0.0,27574
0.0,27575
0.0,27576
0.0,27577
0.0,27578
0.0,27579
0.0,27580
0.0,27581
0.0,27582
0.0,27583
0.0,27584
0.0,27585
0.0,27586
0.0,27587
0.0,27588
0.0,27589
0.0,27590
0.0,27591
0.0,27592
0.0,27593
0.0,27594
0.0,27595
0.0,27596
0.0,27597
0.0,27598
0.0,27599
0.0,27600
0.0,27601
0.0,27602
0.0,27603
0.0,27604
0.0,27605
0.0,27606
0.0,27607
0.0,27608
0.0,27609
0.0,27610
0.0,27611
0.0,27612
0.0,27613
0.0,27614
0.0,27615
0.0,27616
0.0,27617
0.0,27618
2879.8495202563718,27619
0.0,27620
912.568497777136,27621
0.0,27622
0.0,27623
0.0,27624
0.0,27625
0.0,27626
1001.4086306724781,27627
999.182279975655,27628
0.0,27629
1277.567823180273,27630
0.0,27631
0.0,27632
0.0,27633
0.0,27634
0.0,27635
954.1658221110281,27636
487.49228326928005,27637
665.8364332709798,27638
611.412754473167,27639
1255.0858368166084,27640
1017.7952315729161,27641
3689.48603889554,27642
975.1807929436612,27643
2728.62602924985,27644
417.8166642754417,27645
413.1703752049767,27646
408.6127426373111,27647
0.0,27648
392.4881084950352,27649
247.90146598793388,27650
908.7668596069956,27651
0.0,27652
1403.6451404176316,27653
1343.228250835706,27654
0.0,27655
2227.3304829686354,27656
2225.4798161492677,27657
0.0,27658
0.0,27659
0.0,27660
0.0,27661
451.2801784546046,27662
3420.8574863166486,27663
0.0,27664
0.0,27665
0.0,27666
0.0,27667
0.0,27668
0.0,27669
0.0,27670
0.0,27671
0.0,27672
0.0,27673
0.0,27674
0.0,27675
0.0,27676
0.0,27677
0.0,27678
0.0,27679
0.0,27680
0.0,27681
0.0,27682
0.0,27683
0.0,27684
0.0,27685
0.0,27686
0.0,27687
0.0,27688
0.0,27689
0.0,27690
0.0,27691
0.0,27692
0.0,27693
0.0,27694
0.0,27695
0.0,27696
0.0,27697
0.0,27698
0.0,27699
0.0,27700
0.0,27701
0.0,27702
0.0,27703
0.0,27704
0.0,27705
0.0,27706
0.0,27707
978.4257714762559,27708
0.0,27709
0.0,27710
0.0,27711
0.0,27712
0.0,27713
0.0,27714
0.0,27715
0.0,27716
0.0,27717
0.0,27718
0.0,27719
0.0,27720
0.0,27721
0.0,27722
0.0,27723
0.0,27724
0.0,27725
0.0,27726
0.0,27727
0.0,27728
2.9922473708434314,27729
1.3722598431207886,27730
0.0,27731
0.0,27732
0.0,27733
0.0,27734
0.0,27735
0.0,27736
0.0,27737
0.0,27738
0.0,27739
0.0,27740
0.0,27741
0.0,27742
0.0,27743
0.0,27744
1344.8892770356915,27745
0.0,27746
0.0,27747
0.0,27748
642.6492065951782,27749
0.0,27750
0.0,27751
0.0,27752
1211.52733608061,27753
0.0,27754
0.0,27755
0.0,27756
5045.863148271878,27757
0.0,27758
0.0,27759
0.0,27760
2773.813495390876,27761
0.0,27762
0.0,27763
0.0,27764
0.0,27765
2709.2029079414397,27766
1673.8319523053501,27767
428.9413683895092,27768
4024.5575284510683,27769
0.0,27770
0.0,27771
0.0,27772
0.0,27773
0.0,27774
0.0,27775
0.0,27776
0.0,27777
0.0,27778
0.0,27779
0.0,27780
0.0,27781
0.0,27782
0.0,27783
0.0,27784
0.0,27785
0.0,27786
0.0,27787
0.0,27788
0.0,27789
0.0,27790
0.0,27791
0.0,27792
0.0,27793
0.0,27794
0.0,27795
0.0,27796
11.066415328991743,27797
0.0,27798
0.0,27799
1050.875092467263,27800
417.98137535625375,27801
0.0,27802
0.0,27803
0.0,27804
0.0,27805
0.0,27806
0.0,27807
0.0,27808
0.0,27809
0.0,27810
0.0,27811
333.71443096701336,27812
0.0,27813
0.0,27814
0.0,27815
2075.3845314624373,27816
0.0,27817
1137.3325360680274,27818
0.0,27819
0.0,27820
0.0,27821
0.0,27822
0.0,27823
0.0,27824
0.0,27825
0.0,27826
0.0,27827
536.9266978199405,27828
2512.0793657806903,27829
4517.078178608997,27830
5647.373017061545,27831
0.0,27832
0.0,27833
0.0,27834
0.0,27835
1303.7601346808417,27836
1713.6520954498717,27837
0.0,27838
0.0,27839
2077.9487822927986,27840
0.0,27841
0.0,27842
2553.9998430784763,27843
0.0,27844
1325.7535830880959,27845
2303.226757456744,27846
0.0,27847
0.0,27848
0.0,27849
1883.4117275365672,27850
0.0,27851
0.0,27852
0.0,27853
0.0,27854
0.0,27855
0.0,27856
0.0,27857
0.0,27858
1300.505711381896,27859
0.0,27860
0.0,27861
0.0,27862
0.0,27863
0.0,27864
0.0,27865
0.0,27866
0.0,27867
259.7107083407398,27868
2357.988220849652,27869
0.0,27870
0.0,27871
0.0,27872
0.0,27873
0.0,27874
0.0,27875
0.0,27876
0.0,27877
0.0,27878
0.0,27879
0.0,27880
0.0,27881
0.0,27882
0.0,27883
0.0,27884
0.0,27885
0.0,27886
0.0,27887
0.0,27888
0.0,27889
0.0,27890
0.0,27891
0.0,27892
0.0,27893
0.0,27894
797.7183161016696,27895
2560.1246647808025,27896
0.0,27897
0.0,27898
0.0,27899
0.0,27900
0.0,27901
0.0,27902
0.0,27903
0.0,27904
277.85232000006306,27905
0.0,27906
0.0,27907
0.0,27908
0.0,27909
0.0,27910
0.0,27911
0.0,27912
0.0,27913
2702.194341113435,27914
0.0,27915
1508.3575814925698,27916
0.0,27917
180.1221332111223,27918
0.0,27919
0.0,27920
0.0,27921
319.2673342547435,27922
0.0,27923
0.0,27924
0.0,27925
0.0,27926
0.0,27927
0.0,27928
0.0,27929
0.0,27930
0.0,27931
1952.6899759906328,27932
1947.5805236017088,27933
0.0,27934
0.0,27935
0.0,27936
0.0,27937
0.0,27938
0.0,27939
0.0,27940
0.0,27941
0.0,27942
0.0,27943
0.0,27944
0.0,27945
0.0,27946
0.0,27947
0.0,27948
0.0,27949
0.0,27950
0.0,27951
0.0,27952
0.0,27953
0.0,27954
0.0,27955
0.0,27956
0.0,27957
0.0,27958
0.0,27959
830.0162331262344,27960
2249.96419029378,27961
0.0,27962
0.0,27963
0.0,27964
0.0,27965
0.0,27966
0.0,27967
0.0,27968
0.0,27969
0.0,27970
0.0,27971
0.0,27972
0.0,27973
0.0,27974
0.0,27975
0.0,27976
0.0,27977
0.0,27978
0.0,27979
0.0,27980
0.0,27981
0.0,27982
0.0,27983
0.0,27984
0.0,27985
0.0,27986
0.0,27987
0.0,27988
0.0,27989
0.0,27990
0.0,27991
0.0,27992
0.0,27993
0.0,27994
0.0,27995
0.0,27996
0.0,27997
0.0,27998
0.0,27999
0.0,28000
0.0,28001
0.0,28002
0.0,28003
0.0,28004
0.0,28005
0.0,28006
0.0,28007
0.0,28008
0.0,28009
0.0,28010
0.0,28011
0.0,28012
0.0,28013
0.0,28014
0.0,28015
0.0,28016
0.0,28017
0.0,28018
0.0,28019
0.0,28020
0.0,28021
0.0,28022
0.0,28023
0.0,28024
0.0,28025
0.0,28026
0.0,28027
0.0,28028
0.0,28029
0.0,28030
17225.81628474425,28031
0.0,28032
0.0,28033
0.0,28034
0.0,28035
0.0,28036
0.0,28037
0.0,28038
0.0,28039
0.0,28040
0.0,28041
0.0,28042
0.0,28043
0.0,28044
0.0,28045
0.0,28046
0.0,28047
0.0,28048
0.0,28049
0.0,28050
0.0,28051
0.0,28052
0.0,28053
0.0,28054
778.3199662925124,28055
0.0,28056
0.0,28057
1172.540494299449,28058
0.0,28059
0.0,28060
0.0,28061
0.0,28062
0.0,28063
315.1131260853796,28064
0.0,28065
0.0,28066
0.0,28067
0.0,28068
0.0,28069
0.0,28070
0.0,28071
0.0,28072
0.0,28073
0.0,28074
0.0,28075
0.0,28076
0.0,28077
0.0,28078
0.0,28079
0.0,28080
0.0,28081
0.0,28082
0.0,28083
0.0,28084
0.0,28085
0.0,28086
0.0,28087
0.0,28088
1944.211152929997,28089
0.0,28090
0.0,28091
0.0,28092
0.0,28093
0.0,28094
0.0,28095
0.0,28096
0.0,28097
0.0,28098
0.0,28099
0.0,28100
0.0,28101
0.0,28102
0.0,28103
0.0,28104
0.0,28105
0.0,28106
0.0,28107
0.0,28108
0.0,28109
0.0,28110
0.0,28111
0.0,28112
0.0,28113
0.0,28114
0.0,28115
0.0,28116
0.0,28117
0.0,28118
0.0,28119
0.0,28120
0.0,28121
0.0,28122
0.0,28123
0.0,28124
0.0,28125
0.0,28126
9382.663706528014,28127
0.0,28128
0.0,28129
0.0,28130
0.0,28131
0.0,28132
0.0,28133
0.0,28134
0.0,28135
0.0,28136
0.0,28137
0.0,28138
0.0,28139
0.0,28140
0.0,28141
0.0,28142
0.0,28143
0.0,28144
911.5088733425519,28145
0.0,28146
0.0,28147
0.0,28148
0.0,28149
0.0,28150
0.0,28151
0.0,28152
0.0,28153
0.0,28154
0.0,28155
0.0,28156
0.0,28157
0.0,28158
0.0,28159
0.0,28160
0.0,28161
0.0,28162
0.0,28163
0.0,28164
0.0,28165
0.0,28166
0.0,28167
0.0,28168
0.0,28169
0.0,28170
0.0,28171
0.0,28172
0.0,28173
0.0,28174
0.0,28175
0.0,28176
0.0,28177
0.0,28178
0.0,28179
0.0,28180
0.0,28181
0.0,28182
0.0,28183
0.0,28184
0.0,28185
0.0,28186
0.0,28187
0.0,28188
0.0,28189
0.0,28190
0.0,28191
0.0,28192
0.0,28193
208.54562123960892,28194
0.0,28195
0.0,28196
0.0,28197
0.0,28198
0.0,28199
0.0,28200
0.0,28201
0.0,28202
0.0,28203
0.0,28204
0.0,28205
0.0,28206
0.0,28207
0.0,28208
0.0,28209
0.0,28210
0.0,28211
0.0,28212
0.0,28213
0.0,28214
0.0,28215
0.0,28216
0.0,28217
0.0,28218
0.0,28219
0.0,28220
0.0,28221
0.0,28222
0.0,28223
0.0,28224
0.0,28225
0.0,28226
0.0,28227
0.0,28228
0.0,28229
0.0,28230
0.0,28231
0.0,28232
0.0,28233
0.0,28234
0.0,28235
0.0,28236
0.0,28237
0.0,28238
0.0,28239
0.0,28240
0.0,28241
0.0,28242
0.0,28243
0.0,28244
0.0,28245
0.0,28246
0.0,28247
0.0,28248
0.0,28249
0.0,28250
0.0,28251
0.0,28252
0.0,28253
0.0,28254
0.0,28255
0.0,28256
0.0,28257
0.0,28258
0.0,28259
0.0,28260
0.0,28261
0.0,28262
0.0,28263
0.0,28264
0.0,28265
0.0,28266
0.0,28267
0.0,28268
0.0,28269
0.0,28270
0.0,28271
0.0,28272
0.0,28273
0.0,28274
0.0,28275
0.0,28276
0.0,28277
0.0,28278
0.0,28279
0.0,28280
0.0,28281
0.0,28282
0.0,28283
0.0,28284
0.0,28285
0.0,28286
0.0,28287
0.0,28288
0.0,28289
0.0,28290
0.0,28291
0.0,28292
0.0,28293
0.0,28294
0.0,28295
0.0,28296
0.0,28297
0.0,28298
0.0,28299
0.0,28300
0.0,28301
0.0,28302
0.0,28303
0.0,28304
0.0,28305
0.0,28306
683.4670292118482,28307
1007.5433162710253,28308
0.0,28309
0.0,28310
0.0,28311
0.0,28312
0.0,28313
0.0,28314
0.0,28315
0.0,28316
0.0,28317
0.0,28318
0.0,28319
0.0,28320
0.0,28321
0.0,28322
0.0,28323
0.0,28324
0.0,28325
0.0,28326
0.0,28327
0.0,28328
0.0,28329
0.0,28330
0.0,28331
0.0,28332
0.0,28333
156.73707166955413,28334
0.0,28335
0.0,28336
0.0,28337
0.0,28338
0.0,28339
0.0,28340
0.0,28341
0.0,28342
0.0,28343
0.0,28344
0.0,28345
0.0,28346
0.0,28347
109.3745771036516,28348
0.0,28349
0.0,28350
0.0,28351
0.0,28352
0.0,28353
0.0,28354
0.0,28355
0.0,28356
0.0,28357
0.0,28358
0.0,28359
0.0,28360
0.0,28361
2316.158918491509,28362
0.0,28363
0.0,28364
0.0,28365
0.0,28366
0.0,28367
0.0,28368
0.0,28369
0.0,28370
0.0,28371
100.78575768491038,28372
0.0,28373
0.0,28374
0.0,28375
0.0,28376
0.0,28377
0.0,28378
0.0,28379
0.0,28380
0.0,28381
0.0,28382
0.0,28383
0.0,28384
189.05169425037857,28385
1376.8807899737778,28386
1212.375156696382,28387
0.0,28388
0.0,28389
0.0,28390
0.0,28391
0.0,28392
1212.307860862934,28393
1211.9746541821141,28394
0.0,28395
0.0,28396
0.0,28397
0.0,28398
998.5111060386864,28399
811.2744231684603,28400
0.0,28401
0.0,28402
2388.8940022557604,28403
0.0,28404
0.0,28405
0.0,28406
0.0,28407
0.0,28408
0.0,28409
0.0,28410
0.0,28411
0.0,28412
0.0,28413
0.0,28414
0.0,28415
0.0,28416
0.0,28417
0.0,28418
0.0,28419
3157.683211342017,28420
0.0,28421
588.9359572261984,28422
4955.470868269495,28423
0.0,28424
0.0,28425
0.0,28426
3911.187427931363,28427
0.0,28428
0.0,28429
0.0,28430
0.0,28431
0.0,28432
0.0,28433
0.0,28434
0.0,28435
0.0,28436
1936.6988912563534,28437
1021.0544980394252,28438
0.0,28439
0.0,28440
0.0,28441
0.0,28442
0.0,28443
0.0,28444
0.0,28445
0.0,28446
0.0,28447
0.0,28448
0.0,28449
0.0,28450
0.0,28451
0.0,28452
0.0,28453
0.0,28454
0.0,28455
0.0,28456
0.0,28457
3626.2765806921807,28458
0.0,28459
0.0,28460
0.0,28461
0.0,28462
1403.4552188767923,28463
0.0,28464
0.0,28465
0.0,28466
2808.786492178115,28467
0.0,28468
0.0,28469
0.0,28470
1213.1427837139504,28471
199.11344174564152,28472
0.0,28473
0.0,28474
0.0,28475
0.0,28476
2687.037763611717,28477
0.0,28478
0.0,28479
0.0,28480
0.0,28481
0.0,28482
0.0,28483
0.0,28484
0.0,28485
0.0,28486
0.0,28487
0.0,28488
0.0,28489
5229.778347799715,28490
0.0,28491
2372.1365383419675,28492
3689.4687178688687,28493
2540.478393520808,28494
2539.7121386018066,28495
1935.5338885673336,28496
494.8446655979254,28497
2137.179704322976,28498
2770.85399035772,28499
876.4848374207393,28500
89.59968197460027,28501
421.90715433407587,28502
0.0,28503
0.0,28504
0.0,28505
0.0,28506
0.0,28507
0.0,28508
0.0,28509
2075.324558981035,28510
0.0,28511
0.0,28512
0.0,28513
2697.593641411477,28514
18.405052446694853,28515
984.18130624185,28516
0.0,28517
0.0,28518
0.0,28519
0.0,28520
0.0,28521
1798.6287039062122,28522
0.0,28523
1125.7684228068242,28524
0.0,28525
0.0,28526
3230.3303396082542,28527
0.0,28528
686.074768536817,28529
685.8220216988676,28530
0.0,28531
0.0,28532
0.0,28533
0.0,28534
2378.3094391226114,28535
0.0,28536
0.0,28537
0.0,28538
0.0,28539
0.0,28540
0.0,28541
0.0,28542
0.0,28543
0.0,28544
0.0,28545
0.0,28546
0.0,28547
0.0,28548
0.0,28549
0.0,28550
0.0,28551
0.0,28552
0.0,28553
0.0,28554
0.0,28555
0.0,28556
0.0,28557
0.0,28558
0.0,28559
0.0,28560
0.0,28561
0.0,28562
0.0,28563
0.0,28564
0.0,28565
0.0,28566
0.0,28567
0.0,28568
0.0,28569
0.0,28570
0.0,28571
0.0,28572
327.5504747076062,28573
0.0,28574
0.0,28575
0.0,28576
0.0,28577
0.0,28578
0.0,28579
0.0,28580
0.0,28581
0.0,28582
0.0,28583
0.0,28584
0.0,28585
0.0,28586
0.0,28587
0.0,28588
0.0,28589
0.0,28590
0.0,28591
0.0,28592
0.0,28593
0.0,28594
0.0,28595
0.0,28596
0.0,28597
0.0,28598
0.0,28599
0.0,28600
0.0,28601
0.0,28602
0.0,28603
2522.605625932963,28604
0.0,28605
340.78196884718386,28606
0.0,28607
0.0,28608
0.0,28609
0.0,28610
0.0,28611
0.0,28612
0.0,28613
0.0,28614
0.0,28615
0.0,28616
0.0,28617
0.0,28618
0.0,28619
0.0,28620
0.0,28621
0.0,28622
0.0,28623
1822.2376099784278,28624
0.0,28625
0.0,28626
0.0,28627
0.0,28628
574.1546820928727,28629
1707.0309272878103,28630
0.0,28631
0.0,28632
0.0,28633
0.0,28634
0.0,28635
170.8045715356838,28636
572.9925830342049,28637
0.0,28638
0.0,28639
0.0,28640
0.0,28641
856.9564236337177,28642
0.0,28643
0.0,28644
0.0,28645
0.0,28646
0.0,28647
0.0,28648
0.0,28649
0.0,28650
0.0,28651
0.0,28652
1018.3234052774243,28653
0.0,28654
266.7453643950468,28655
0.0,28656
0.0,28657
376.57017830330597,28658
2501.8914893725732,28659
0.0,28660
1703.2207484707496,28661
0.0,28662
0.0,28663
0.0,28664
0.0,28665
0.0,28666
0.0,28667
669.5641802210258,28668
0.0,28669
0.0,28670
0.0,28671
0.0,28672
0.0,28673
0.0,28674
0.0,28675
0.0,28676
0.0,28677
0.0,28678
0.0,28679
0.0,28680
0.0,28681
0.0,28682
0.0,28683
0.0,28684
0.0,28685
0.0,28686
513.5296083903203,28687
962.0710538573364,28688
651.5449003453688,28689
0.0,28690
0.0,28691
0.0,28692
0.0,28693
0.0,28694
0.0,28695
0.0,28696
171.92306655196492,28697
0.0,28698
344.71491489943287,28699
0.0,28700
0.0,28701
0.0,28702
0.0,28703
0.0,28704
399.5028014262758,28705
0.0,28706
0.0,28707
0.0,28708
0.0,28709
4360.363815814947,28710
0.0,28711
0.0,28712
0.0,28713
0.0,28714
0.0,28715
0.0,28716
0.0,28717
0.0,28718
0.0,28719
0.0,28720
0.0,28721
0.0,28722
0.0,28723
0.0,28724
0.0,28725
0.0,28726
0.0,28727
0.0,28728
0.0,28729
0.0,28730
0.0,28731
0.0,28732
0.0,28733
0.0,28734
0.0,28735
0.0,28736
0.0,28737
0.0,28738
0.0,28739
0.0,28740
219.6672625980844,28741
664.5970624515826,28742
1733.6752881877399,28743
6409.045127689791,28744
0.0,28745
0.0,28746
0.0,28747
0.0,28748
0.0,28749
0.0,28750
0.0,28751
0.0,28752
1476.7639738447729,28753
0.0,28754
0.0,28755
0.0,28756
5222.738157428538,28757
4842.890405619103,28758
0.0,28759
0.0,28760
0.0,28761
0.0,28762
0.0,28763
0.0,28764
6147.8994771551825,28765
2291.2020368378444,28766
3689.290499071633,28767
3688.7275585837065,28768
5614.089980521387,28769
2761.780459462328,28770
0.0,28771
547.1551435087879,28772
0.0,28773
0.0,28774
0.0,28775
0.0,28776
0.0,28777
0.0,28778
0.0,28779
0.0,28780
0.0,28781
0.0,28782
687.4416950557533,28783
0.0,28784
0.0,28785
0.0,28786
0.0,28787
1113.4593799407392,28788
0.0,28789
127.66645107924488,28790
0.0,28791
0.0,28792
1796.1897670875708,28793
0.0,28794
0.0,28795
0.0,28796
108.88578598403664,28797
0.0,28798
1500.7277167875234,28799
0.0,28800
0.0,28801
0.0,28802
0.0,28803
0.0,28804
596.4990121440951,28805
0.0,28806
1619.5089865525122,28807
0.0,28808
0.0,28809
0.0,28810
0.0,28811
0.0,28812
0.0,28813
0.0,28814
0.0,28815
3096.1795924131848,28816
0.0,28817
0.0,28818
0.0,28819
0.0,28820
0.0,28821
0.0,28822
0.0,28823
0.0,28824
0.0,28825
558.6760048859132,28826
0.0,28827
0.0,28828
0.0,28829
0.0,28830
0.0,28831
0.0,28832
1718.0687263972648,28833
1364.2755385795633,28834
0.0,28835
0.0,28836
0.0,28837
0.0,28838
0.0,28839
0.0,28840
0.0,28841
0.0,28842
746.2588706444583,28843
0.0,28844
0.0,28845
0.0,28846
0.0,28847
0.0,28848
0.0,28849
0.0,28850
3882.3068541755656,28851
0.0,28852
0.0,28853
0.0,28854
0.0,28855
1177.4839065977014,28856
1438.9940620085142,28857
0.0,28858
0.0,28859
0.0,28860
0.0,28861
0.0,28862
0.0,28863
0.0,28864
0.0,28865
0.0,28866
0.0,28867
0.0,28868
0.0,28869
0.0,28870
0.0,28871
0.0,28872
0.0,28873
0.0,28874
0.0,28875
0.0,28876
0.0,28877
147.15722035809503,28878
0.0,28879
0.0,28880
0.0,28881
2128.7560643307115,28882
0.0,28883
2115.445639751229,28884
0.0,28885
0.0,28886
1975.6165282651177,28887
0.0,28888
775.7963920721064,28889
0.0,28890
1059.5761933978997,28891
2427.6208573454333,28892
0.0,28893
0.0,28894
0.0,28895
0.0,28896
2791.8319522571837,28897
0.0,28898
0.0,28899
128.8550767621252,28900
0.0,28901
0.0,28902
0.0,28903
0.0,28904
0.0,28905
663.0010065008616,28906
1356.8559288987285,28907
0.0,28908
3121.1644820064853,28909
3122.053924962491,28910
482.68181115642227,28911
1873.5429265604744,28912
2543.003985180382,28913
1144.9257931740349,28914
472.43665573405826,28915
1588.1763093827258,28916
0.0,28917
0.0,28918
0.0,28919
1104.6143770876495,28920
0.0,28921
0.0,28922
652.7912450603646,28923
0.0,28924
0.0,28925
0.0,28926
0.0,28927
0.0,28928
242.67520456234618,28929
0.0,28930
0.0,28931
1225.8840316555704,28932
0.0,28933
0.0,28934
1347.5071101245987,28935
0.0,28936
283.5710443875174,28937
0.0,28938
0.0,28939
0.0,28940
0.0,28941
0.0,28942
0.0,28943
0.0,28944
0.0,28945
0.0,28946
0.0,28947
0.0,28948
0.0,28949
0.0,28950
0.0,28951
0.0,28952
0.0,28953
0.0,28954
0.0,28955
0.0,28956
0.0,28957
0.0,28958
0.0,28959
0.0,28960
0.0,28961
0.0,28962
0.0,28963
0.0,28964
0.0,28965
0.0,28966
4287.762683075573,28967
0.0,28968
0.0,28969
0.0,28970
0.0,28971
0.0,28972
0.0,28973
71.91718342113626,28974
0.0,28975
0.0,28976
0.0,28977
0.0,28978
0.0,28979
0.0,28980
0.0,28981
0.0,28982
0.0,28983
0.0,28984
0.0,28985
0.0,28986
0.0,28987
0.0,28988
0.0,28989
0.0,28990
0.0,28991
0.0,28992
0.0,28993
0.0,28994
0.0,28995
0.0,28996
0.0,28997
0.0,28998
0.0,28999
0.0,29000
0.0,29001
0.0,29002
0.0,29003
0.0,29004
0.0,29005
0.0,29006
0.0,29007
0.0,29008
0.0,29009
0.0,29010
0.0,29011
0.0,29012
0.0,29013
0.0,29014
0.0,29015
409.2852917175322,29016
0.0,29017
0.0,29018
0.0,29019
134.75999985536401,29020
0.0,29021
0.0,29022
0.0,29023
0.0,29024
0.0,29025
0.0,29026
0.0,29027
0.0,29028
0.0,29029
0.0,29030
0.0,29031
0.0,29032
0.0,29033
0.0,29034
3788.5869187748576,29035
0.0,29036
0.0,29037
0.0,29038
0.0,29039
0.0,29040
0.0,29041
0.0,29042
0.0,29043
0.0,29044
0.0,29045
0.0,29046
0.0,29047
0.0,29048
0.0,29049
0.0,29050
0.0,29051
0.0,29052
0.0,29053
0.0,29054
0.0,29055
0.0,29056
0.0,29057
0.0,29058
463.4245529529771,29059
0.0,29060
398.47741022197306,29061
396.2496357030939,29062
1415.1288782391632,29063
0.0,29064
747.0651806339612,29065
0.0,29066
0.0,29067
0.0,29068
3998.697075494031,29069
890.4271501569054,29070
0.0,29071
0.0,29072
0.0,29073
0.0,29074
0.0,29075
63.91560463314544,29076
0.0,29077
0.0,29078
0.0,29079
0.0,29080
0.0,29081
1325.6948539772945,29082
0.0,29083
0.0,29084
0.0,29085
0.0,29086
0.0,29087
0.0,29088
0.0,29089
0.0,29090
0.0,29091
0.0,29092
0.0,29093
0.0,29094
0.0,29095
0.0,29096
0.0,29097
0.0,29098
0.0,29099
0.0,29100
57.54252475830256,29101
0.0,29102
0.0,29103
0.0,29104
0.0,29105
0.0,29106
0.0,29107
0.0,29108
0.0,29109
0.0,29110
0.0,29111
0.0,29112
0.0,29113
0.0,29114
0.0,29115
0.0,29116
0.0,29117
0.0,29118
0.0,29119
0.0,29120
0.0,29121
0.0,29122
794.8368669184594,29123
0.0,29124
225.67078813199186,29125
0.0,29126
0.0,29127
0.0,29128
0.0,29129
0.0,29130
0.0,29131
0.0,29132
0.0,29133
0.0,29134
0.0,29135
0.0,29136
0.0,29137
0.0,29138
0.0,29139
0.0,29140
0.0,29141
0.0,29142
0.0,29143
0.0,29144
0.0,29145
0.0,29146
0.0,29147
0.0,29148
0.0,29149
0.0,29150
0.0,29151
0.0,29152
0.0,29153
0.0,29154
0.0,29155
0.0,29156
0.0,29157
0.0,29158
3444.438034475581,29159
0.0,29160
0.0,29161
0.0,29162
0.0,29163
0.0,29164
0.0,29165
0.0,29166
0.0,29167
0.0,29168
0.0,29169
0.0,29170
1564.9452914101428,29171
268.42529271639836,29172
0.0,29173
0.0,29174
0.0,29175
0.0,29176
0.0,29177
0.0,29178
0.0,29179
0.0,29180
0.0,29181
0.0,29182
0.0,29183
0.0,29184
0.0,29185
0.0,29186
0.0,29187
0.0,29188
0.0,29189
0.0,29190
0.0,29191
0.0,29192
0.0,29193
0.0,29194
0.0,29195
0.0,29196
0.0,29197
0.0,29198
0.0,29199
0.0,29200
0.0,29201
0.0,29202
0.0,29203
0.0,29204
0.0,29205
0.0,29206
0.0,29207
0.0,29208
0.0,29209
188.1677072649318,29210
0.0,29211
185.97353320664845,29212
0.0,29213
0.0,29214
0.0,29215
0.0,29216
0.0,29217
0.0,29218
0.0,29219
0.0,29220
0.0,29221
0.0,29222
0.0,29223
0.0,29224
0.0,29225
0.0,29226
0.0,29227
0.0,29228
0.0,29229
0.0,29230
0.0,29231
0.0,29232
0.0,29233
0.0,29234
0.0,29235
0.0,29236
0.0,29237
572.9459061292782,29238
0.0,29239
0.0,29240
0.0,29241
0.0,29242
0.0,29243
0.0,29244
0.0,29245
0.0,29246
0.0,29247
0.0,29248
0.0,29249
0.0,29250
0.0,29251
0.0,29252
0.0,29253
0.0,29254
0.0,29255
0.0,29256
0.0,29257
0.0,29258
0.0,29259
0.0,29260
0.0,29261
0.0,29262
2411.2266476163345,29263
0.0,29264
0.0,29265
2412.347028467311,29266
0.0,29267
0.0,29268
0.0,29269
0.0,29270
0.0,29271
0.0,29272
0.0,29273
0.0,29274
0.0,29275
0.0,29276
0.0,29277
0.0,29278
0.0,29279
0.0,29280
0.0,29281
0.0,29282
0.0,29283
0.0,29284
0.0,29285
0.0,29286
264.4046614122897,29287
0.0,29288
0.0,29289
0.0,29290
0.0,29291
0.0,29292
0.0,29293
0.0,29294
722.9696309220114,29295
0.0,29296
0.0,29297
0.0,29298
0.0,29299
0.0,29300
0.0,29301
0.0,29302
0.0,29303
0.0,29304
0.0,29305
0.0,29306
0.0,29307
0.0,29308
0.0,29309
0.0,29310
0.0,29311
0.0,29312
0.0,29313
0.0,29314
0.0,29315
0.0,29316
0.0,29317
0.0,29318
0.0,29319
0.0,29320
0.0,29321
0.0,29322
0.0,29323
0.0,29324
0.0,29325
0.0,29326
0.0,29327
0.0,29328
0.0,29329
0.0,29330
0.0,29331
0.0,29332
0.0,29333
0.0,29334
0.0,29335
0.0,29336
0.0,29337
525.236925355831,29338
0.0,29339
1580.2834350327319,29340
0.0,29341
0.0,29342
0.0,29343
0.0,29344
0.0,29345
0.0,29346
0.0,29347
214.612836665009,29348
0.0,29349
213.17101487754152,29350
0.0,29351
0.0,29352
0.0,29353
0.0,29354
0.0,29355
0.0,29356
0.0,29357
0.0,29358
0.0,29359
1200.625399783291,29360
1513.8791583831398,29361
0.0,29362
1512.8461765228135,29363
0.0,29364
0.0,29365
0.0,29366
0.0,29367
0.0,29368
0.0,29369
0.0,29370
521.7871650050666,29371
0.0,29372
0.0,29373
0.0,29374
0.0,29375
1205.862364604602,29376
0.0,29377
0.0,29378
0.0,29379
0.0,29380
0.0,29381
0.0,29382
0.0,29383
0.0,29384
0.0,29385
0.0,29386
0.0,29387
0.0,29388
0.0,29389
0.0,29390
0.0,29391
0.0,29392
0.0,29393
0.0,29394
0.0,29395
0.0,29396
0.0,29397
0.0,29398
0.0,29399
0.0,29400
0.0,29401
0.0,29402
0.0,29403
0.0,29404
0.0,29405
0.0,29406
0.0,29407
0.0,29408
0.0,29409
0.0,29410
0.0,29411
0.0,29412
0.0,29413
0.0,29414
0.0,29415
0.0,29416
0.0,29417
0.0,29418
0.0,29419
0.0,29420
0.0,29421
0.0,29422
0.0,29423
0.0,29424
0.0,29425
0.0,29426
0.0,29427
0.0,29428
0.0,29429
0.0,29430
0.0,29431
0.0,29432
0.0,29433
0.0,29434
0.0,29435
0.0,29436
0.0,29437
0.0,29438
0.0,29439
0.0,29440
0.0,29441
0.0,29442
0.0,29443
0.0,29444
0.0,29445
0.0,29446
0.0,29447
0.0,29448
0.0,29449
0.0,29450
0.0,29451
0.0,29452
0.0,29453
0.0,29454
0.0,29455
0.0,29456
0.0,29457
0.0,29458
0.0,29459
0.0,29460
0.0,29461
0.0,29462
0.0,29463
0.0,29464
0.0,29465
0.0,29466
0.0,29467
0.0,29468
0.0,29469
0.0,29470
0.0,29471
0.0,29472
0.0,29473
0.0,29474
0.0,29475
0.0,29476
0.0,29477
0.0,29478
0.0,29479
0.0,29480
0.0,29481
0.0,29482
0.0,29483
0.0,29484
0.0,29485
0.0,29486
0.0,29487
23325.405999557857,29488
0.0,29489
0.0,29490
0.0,29491
0.0,29492
0.0,29493
0.0,29494
0.0,29495
0.0,29496
0.0,29497
0.0,29498
0.0,29499
0.0,29500
0.0,29501
0.0,29502
0.0,29503
0.0,29504
0.0,29505
0.0,29506
0.0,29507
0.0,29508
0.0,29509
0.0,29510
0.0,29511
0.0,29512
0.0,29513
0.0,29514
0.0,29515
0.0,29516
0.0,29517
0.0,29518
0.0,29519
0.0,29520
0.0,29521
0.0,29522
0.0,29523
0.0,29524
0.0,29525
0.0,29526
0.0,29527
0.0,29528
0.0,29529
0.0,29530
0.0,29531
0.0,29532
0.0,29533
0.0,29534
0.0,29535
0.0,29536
0.0,29537
0.0,29538
0.0,29539
0.0,29540
0.0,29541
0.0,29542
0.0,29543
0.0,29544
0.0,29545
0.0,29546
0.0,29547
0.0,29548
0.0,29549
0.0,29550
0.0,29551
0.0,29552
0.0,29553
3109.466695526559,29554
0.0,29555
0.0,29556
0.0,29557
0.0,29558
0.0,29559
0.0,29560
0.0,29561
0.0,29562
0.0,29563
0.0,29564
0.0,29565
0.0,29566
0.0,29567
0.0,29568
0.0,29569
0.0,29570
0.0,29571
0.0,29572
613.3074563938209,29573
2051.1121178853105,29574
0.0,29575
471.4060392769983,29576
0.0,29577
0.0,29578
0.0,29579
0.0,29580
4194.269092987623,29581
0.0,29582
0.0,29583
0.0,29584
0.0,29585
0.0,29586
0.0,29587
0.0,29588
0.0,29589
0.0,29590
0.0,29591
0.0,29592
0.0,29593
0.0,29594
0.0,29595
0.0,29596
0.0,29597
0.0,29598
0.0,29599
0.0,29600
0.0,29601
0.0,29602
0.0,29603
0.0,29604
0.0,29605
0.0,29606
0.0,29607
0.0,29608
0.0,29609
0.0,29610
0.0,29611
0.0,29612
0.0,29613
0.0,29614
0.0,29615
0.0,29616
0.0,29617
0.0,29618
0.0,29619
0.0,29620
0.0,29621
0.0,29622
0.0,29623
0.0,29624
0.0,29625
0.0,29626
0.0,29627
0.0,29628
0.0,29629
0.0,29630
0.0,29631
0.0,29632
0.0,29633
0.0,29634
0.0,29635
0.0,29636
0.0,29637
0.0,29638
0.0,29639
0.0,29640
0.0,29641
0.0,29642
0.0,29643
0.0,29644
0.0,29645
0.0,29646
0.0,29647
726.1403343932146,29648
0.0,29649
0.0,29650
0.0,29651
0.0,29652
0.0,29653
0.0,29654
0.0,29655
0.0,29656
0.0,29657
0.0,29658
0.0,29659
0.0,29660
0.0,29661
0.0,29662
0.0,29663
0.0,29664
0.0,29665
0.0,29666
0.0,29667
0.0,29668
0.0,29669
0.0,29670
0.0,29671
0.0,29672
0.0,29673
0.0,29674
0.0,29675
0.0,29676
0.0,29677
91.37888988996438,29678
0.0,29679
0.0,29680
0.0,29681
0.0,29682
0.0,29683
0.0,29684
0.0,29685
0.0,29686
0.0,29687
0.0,29688
0.0,29689
0.0,29690
0.0,29691
0.0,29692
0.0,29693
0.0,29694
0.0,29695
0.0,29696
0.0,29697
0.0,29698
0.0,29699
0.0,29700
0.0,29701
0.0,29702
0.0,29703
0.0,29704
0.0,29705
0.0,29706
0.0,29707
0.0,29708
0.0,29709
0.0,29710
446.88720925774675,29711
0.0,29712
0.0,29713
0.0,29714
0.0,29715
0.0,29716
0.0,29717
0.0,29718
0.0,29719
0.0,29720
0.0,29721
0.0,29722
0.0,29723
0.0,29724
0.0,29725
0.0,29726
0.0,29727
0.0,29728
745.9929479420531,29729
0.0,29730
0.0,29731
0.0,29732
0.0,29733
0.0,29734
0.0,29735
0.0,29736
0.0,29737
0.0,29738
0.0,29739
0.0,29740
0.0,29741
0.0,29742
0.0,29743
0.0,29744
0.0,29745
0.0,29746
0.0,29747
0.0,29748
0.0,29749
0.0,29750
0.0,29751
0.0,29752
0.0,29753
0.0,29754
220.9279419488459,29755
0.0,29756
0.0,29757
0.0,29758
0.0,29759
0.0,29760
0.0,29761
0.0,29762
0.0,29763
0.0,29764
0.0,29765
0.0,29766
0.0,29767
0.0,29768
0.0,29769
0.0,29770
0.0,29771
0.0,29772
0.0,29773
0.0,29774
43.1255147398477,29775
0.0,29776
0.0,29777
0.0,29778
0.0,29779
0.0,29780
0.0,29781
0.0,29782
0.0,29783
0.0,29784
0.0,29785
0.0,29786
0.0,29787
0.0,29788
0.0,29789
0.0,29790
0.0,29791
0.0,29792
0.0,29793
0.0,29794
0.0,29795
0.0,29796
0.0,29797
0.0,29798
0.0,29799
0.0,29800
0.0,29801
0.0,29802
0.0,29803
0.0,29804
0.0,29805
0.0,29806
0.0,29807
0.0,29808
0.0,29809
0.0,29810
0.0,29811
0.0,29812
0.0,29813
0.0,29814
0.0,29815
0.0,29816
0.0,29817
0.0,29818
0.0,29819
0.0,29820
0.0,29821
0.0,29822
0.0,29823
3826.16896298827,29824
0.0,29825
0.0,29826
0.0,29827
0.0,29828
0.0,29829
0.0,29830
0.0,29831
0.0,29832
0.0,29833
0.0,29834
0.0,29835
0.0,29836
0.0,29837
0.0,29838
0.0,29839
0.0,29840
0.0,29841
0.0,29842
671.0758015794804,29843
0.0,29844
0.0,29845
0.0,29846
0.0,29847
0.0,29848
0.0,29849
0.0,29850
0.0,29851
0.0,29852
0.0,29853
0.0,29854
0.0,29855
0.0,29856
0.0,29857
0.0,29858
0.0,29859
0.0,29860
0.0,29861
0.0,29862
0.0,29863
0.0,29864
0.0,29865
0.0,29866
0.0,29867
0.0,29868
0.0,29869
0.0,29870
0.0,29871
0.0,29872
0.0,29873
0.0,29874
716.1607002473404,29875
529.5806897154793,29876
0.0,29877
0.0,29878
0.0,29879
0.0,29880
0.0,29881
0.0,29882
0.0,29883
0.0,29884
0.0,29885
0.0,29886
0.0,29887
0.0,29888
0.0,29889
0.0,29890
0.0,29891
0.0,29892
0.0,29893
0.0,29894
0.0,29895
0.0,29896
0.0,29897
0.0,29898
0.0,29899
0.0,29900
0.0,29901
0.0,29902
0.0,29903
0.0,29904
136.14841176803887,29905
198.40788482338775,29906
0.0,29907
0.0,29908
0.0,29909
0.0,29910
0.0,29911
0.0,29912
0.0,29913
0.0,29914
0.0,29915
0.0,29916
0.0,29917
0.0,29918
0.0,29919
0.0,29920
0.0,29921
0.0,29922
0.0,29923
0.0,29924
0.0,29925
0.0,29926
0.0,29927
0.0,29928
0.0,29929
0.0,29930
0.0,29931
0.0,29932
0.0,29933
0.0,29934
460.71936660591086,29935
0.0,29936
0.0,29937
0.0,29938
0.0,29939
0.0,29940
0.0,29941
0.0,29942
0.0,29943
0.0,29944
0.0,29945
0.0,29946
0.0,29947
0.0,29948
0.0,29949
0.0,29950
0.0,29951
0.0,29952
0.0,29953
0.0,29954
0.0,29955
0.0,29956
0.0,29957
0.0,29958
0.0,29959
0.0,29960
0.0,29961
0.0,29962
0.0,29963
0.0,29964
0.0,29965
0.0,29966
0.0,29967
0.0,29968
0.0,29969
0.0,29970
0.0,29971
0.0,29972
0.0,29973
0.0,29974
0.0,29975
0.0,29976
0.0,29977
0.0,29978
0.0,29979
0.0,29980
0.0,29981
0.0,29982
0.0,29983
0.0,29984
0.0,29985
743.8301642693647,29986
0.0,29987
0.0,29988
0.0,29989
0.0,29990
0.0,29991
448.83848716916714,29992
0.0,29993
0.0,29994
563.0248145707446,29995
562.273371542865,29996
0.0,29997
0.0,29998
0.0,29999
0.0,30000
0.0,30001
0.0,30002
0.0,30003
807.6089258352782,30004
999.8582030711959,30005
417.9196826948889,30006
703.8401191171056,30007
0.0,30008
822.4429420753528,30009
419.2548341260334,30010
0.0,30011
4755.855230962033,30012
0.0,30013
0.0,30014
0.0,30015
0.0,30016
419.21805505691646,30017
419.04701762901954,30018
0.0,30019
0.0,30020
0.0,30021
0.0,30022
0.0,30023
0.0,30024
740.5474527723951,30025
174.82949982311334,30026
0.0,30027
0.0,30028
0.0,30029
0.0,30030
0.0,30031
0.0,30032
0.0,30033
0.0,30034
0.0,30035
0.0,30036
0.0,30037
0.0,30038
0.0,30039
2230.1342936060987,30040
0.0,30041
1850.7249783867587,30042
50.57491212948915,30043
0.0,30044
0.0,30045
0.0,30046
0.0,30047
0.0,30048
0.0,30049
0.0,30050
0.0,30051
961.6688357330092,30052
964.3034924715527,30053
0.0,30054
0.0,30055
721.5420257822608,30056
0.0,30057
1129.4122216397147,30058
3053.5352045024842,30059
299.14566496695653,30060
1853.6000737989839,30061
0.0,30062
0.0,30063
1644.8562879929552,30064
0.0,30065
0.0,30066
0.0,30067
0.0,30068
3508.6348226917985,30069
0.0,30070
0.0,30071
2511.70525133665,30072
0.0,30073
1007.5352162045351,30074
0.0,30075
0.0,30076
1122.9985927509863,30077
1120.3492934023388,30078
3593.082769056569,30079
4932.351428934634,30080
679.7323063894366,30081
0.0,30082
0.0,30083
0.0,30084
2322.7543657321708,30085
0.0,30086
3219.0174469889253,30087
0.0,30088
4649.931576994334,30089
267.98115498792885,30090
0.0,30091
0.0,30092
2893.743771480337,30093
2890.9766722650975,30094
2888.256705099756,30095
4723.08254743864,30096
1493.2342227163904,30097
0.0,30098
0.0,30099
1917.071414153123,30100
0.0,30101
0.0,30102
0.0,30103
0.0,30104
0.0,30105
0.0,30106
0.0,30107
0.0,30108
2547.3599750652193,30109
0.0,30110
2001.9610737048538,30111
0.0,30112
0.0,30113
0.0,30114
0.0,30115
0.0,30116
0.0,30117
0.0,30118
0.0,30119
0.0,30120
0.0,30121
0.0,30122
0.0,30123
0.0,30124
0.0,30125
0.0,30126
0.0,30127
0.0,30128
0.0,30129
0.0,30130
0.0,30131
0.0,30132
0.0,30133
0.0,30134
0.0,30135
0.0,30136
0.0,30137
0.0,30138
0.0,30139
0.0,30140
0.0,30141
0.0,30142
0.0,30143
0.0,30144
0.0,30145
0.0,30146
0.0,30147
0.0,30148
0.0,30149
0.0,30150
0.0,30151
0.0,30152
0.0,30153
0.0,30154
0.0,30155
0.0,30156
0.0,30157
0.0,30158
0.0,30159
0.0,30160
0.0,30161
0.0,30162
0.0,30163
0.0,30164
0.0,30165
0.0,30166
0.0,30167
0.0,30168
0.0,30169
0.0,30170
0.0,30171
0.0,30172
0.0,30173
0.0,30174
0.0,30175
0.0,30176
0.0,30177
2245.182298306016,30178
0.0,30179
0.0,30180
0.0,30181
0.0,30182
0.0,30183
0.0,30184
0.0,30185
0.0,30186
0.0,30187
0.0,30188
0.0,30189
0.0,30190
0.0,30191
1020.3959634911917,30192
1021.8248179056889,30193
1418.7482985870029,30194
126.79786071920077,30195
3384.568348359036,30196
1309.28279452043,30197
0.0,30198
0.0,30199
0.0,30200
1288.7612227186216,30201
0.0,30202
0.0,30203
0.0,30204
0.0,30205
0.0,30206
0.0,30207
0.0,30208
0.0,30209
0.0,30210
0.0,30211
1629.0387869854676,30212
1359.749208843288,30213
0.0,30214
1775.86237406785,30215
347.3423469088358,30216
0.0,30217
0.0,30218
0.0,30219
1778.1388742886452,30220
0.0,30221
0.0,30222
0.0,30223
0.0,30224
0.0,30225
3.170717713447605,30226
0.0,30227
2806.019030782697,30228
1226.245550369057,30229
2216.827405264176,30230
0.0,30231
0.0,30232
0.0,30233
0.0,30234
0.0,30235
2394.867191772175,30236
1182.3238792438242,30237
2397.8979874237734,30238
0.0,30239
0.0,30240
0.0,30241
2199.4709218298694,30242
0.0,30243
0.0,30244
341.5168183428272,30245
0.0,30246
0.0,30247
0.0,30248
1201.7510373001892,30249
0.0,30250
1198.3638337187663,30251
0.0,30252
0.0,30253
0.0,30254
0.0,30255
966.4548856999932,30256
0.0,30257
0.0,30258
0.0,30259
0.0,30260
0.0,30261
0.0,30262
0.0,30263
0.0,30264
0.0,30265
0.0,30266
0.0,30267
0.0,30268
1204.0296886857711,30269
0.0,30270
0.0,30271
0.0,30272
1.140710130862181,30273
0.0,30274
0.0,30275
0.0,30276
33.609349977757766,30277
0.0,30278
1006.9672173597756,30279
1483.8201512331561,30280
0.0,30281
2366.0458930707414,30282
1482.9553990974894,30283
0.0,30284
0.0,30285
568.7661268288887,30286
0.0,30287
0.0,30288
0.0,30289
0.0,30290
0.0,30291
0.0,30292
405.63356762232445,30293
0.0,30294
0.0,30295
0.0,30296
0.0,30297
0.0,30298
0.0,30299
0.0,30300
0.0,30301
0.0,30302
2294.605223172553,30303
0.0,30304
0.0,30305
88.34845194839673,30306
688.7941167774663,30307
0.0,30308
962.9339178292679,30309
0.0,30310
0.0,30311
0.0,30312
0.0,30313
0.0,30314
0.0,30315
0.0,30316
0.0,30317
0.0,30318
0.0,30319
1649.164812833815,30320
0.0,30321
0.0,30322
0.0,30323
890.3621461430538,30324
0.0,30325
0.0,30326
0.0,30327
0.0,30328
0.0,30329
0.0,30330
0.0,30331
911.8501012480241,30332
0.0,30333
2017.2019813102233,30334
0.0,30335
1083.4735525440576,30336
0.0,30337
0.0,30338
0.0,30339
0.0,30340
0.0,30341
0.0,30342
0.0,30343
0.0,30344
0.0,30345
0.0,30346
0.0,30347
858.1028786778315,30348
190.70257894021645,30349
0.0,30350
0.0,30351
0.0,30352
0.0,30353
0.0,30354
0.0,30355
374.1521989184181,30356
346.7764728192131,30357
0.0,30358
0.0,30359
0.0,30360
0.0,30361
0.0,30362
0.0,30363
0.0,30364
0.0,30365
0.0,30366
0.0,30367
0.0,30368
0.0,30369
0.0,30370
243.1950375113011,30371
0.0,30372
0.0,30373
240.52597321844837,30374
0.0,30375
0.0,30376
0.0,30377
0.0,30378
0.0,30379
0.0,30380
0.0,30381
0.0,30382
0.0,30383
0.0,30384
0.0,30385
0.0,30386
0.0,30387
0.0,30388
0.0,30389
0.0,30390
0.0,30391
0.0,30392
0.0,30393
0.0,30394
0.0,30395
0.0,30396
0.0,30397
0.0,30398
0.0,30399
0.0,30400
0.0,30401
341.99132292663626,30402
0.0,30403
0.0,30404
0.0,30405
0.0,30406
0.0,30407
0.0,30408
0.0,30409
0.0,30410
0.0,30411
0.0,30412
0.0,30413
0.0,30414
0.0,30415
0.0,30416
0.0,30417
339.9951333641943,30418
0.0,30419
0.0,30420
0.0,30421
0.0,30422
0.0,30423
0.0,30424
0.0,30425
0.0,30426
0.0,30427
0.0,30428
0.0,30429
0.0,30430
0.0,30431
0.0,30432
0.0,30433
0.0,30434
0.0,30435
0.0,30436
0.0,30437
0.0,30438
0.0,30439
0.0,30440
0.0,30441
0.0,30442
0.0,30443
0.0,30444
0.0,30445
0.0,30446
0.0,30447
752.9914393786067,30448
0.0,30449
0.0,30450
0.0,30451
0.0,30452
754.0158413434248,30453
0.0,30454
0.0,30455
0.0,30456
767.0496029461478,30457
0.0,30458
0.0,30459
338.3900402575671,30460
0.0,30461
0.0,30462
765.6796325938055,30463
0.0,30464
0.0,30465
0.0,30466
0.0,30467
0.0,30468
0.0,30469
0.0,30470
0.0,30471
2192.2221132998375,30472
0.0,30473
0.0,30474
0.0,30475
0.0,30476
0.0,30477
0.0,30478
0.0,30479
0.0,30480
0.0,30481
0.0,30482
0.0,30483
0.0,30484
0.0,30485
53.54826282657556,30486
0.0,30487
0.0,30488
0.0,30489
0.0,30490
0.0,30491
0.0,30492
0.0,30493
0.0,30494
0.0,30495
0.0,30496
0.0,30497
0.0,30498
0.0,30499
0.0,30500
51.82791076653496,30501
54.92235163518815,30502
0.0,30503
0.0,30504
0.0,30505
0.0,30506
0.0,30507
0.0,30508
0.0,30509
0.0,30510
0.0,30511
0.0,30512
0.0,30513
0.0,30514
0.0,30515
3209.6170405490084,30516
0.0,30517
0.0,30518
0.0,30519
0.0,30520
0.0,30521
0.0,30522
0.0,30523
0.0,30524
0.0,30525
0.0,30526
0.0,30527
0.0,30528
0.0,30529
0.0,30530
0.0,30531
0.0,30532
0.0,30533
0.0,30534
0.0,30535
0.0,30536
0.0,30537
0.0,30538
0.0,30539
0.0,30540
0.0,30541
0.0,30542
0.0,30543
0.0,30544
0.0,30545
0.0,30546
0.0,30547
0.0,30548
0.0,30549
0.0,30550
0.0,30551
0.0,30552
785.6718197482678,30553
0.0,30554
0.0,30555
0.0,30556
0.0,30557
0.0,30558
0.0,30559
0.0,30560
0.0,30561
0.0,30562
0.0,30563
0.0,30564
0.0,30565
0.0,30566
0.0,30567
0.0,30568
0.0,30569
0.0,30570
0.0,30571
0.0,30572
0.0,30573
0.0,30574
1834.2374782050806,30575
0.0,30576
0.0,30577
0.0,30578
0.0,30579
0.0,30580
703.2050845857672,30581
4052.447964786859,30582
2525.2813303148446,30583
0.0,30584
2859.4034084205214,30585
2084.838398230708,30586
1418.5466522913205,30587
0.0,30588
2527.637931189144,30589
0.0,30590
0.0,30591
0.0,30592
0.0,30593
0.0,30594
0.0,30595
0.0,30596
0.0,30597
0.0,30598
547.113243960637,30599
0.0,30600
0.0,30601
0.0,30602
0.0,30603
0.0,30604
0.0,30605
0.0,30606
0.0,30607
0.0,30608
0.0,30609
0.0,30610
0.0,30611
0.0,30612
0.0,30613
0.0,30614
0.0,30615
2549.2878928135206,30616
0.0,30617
0.0,30618
973.0588974946376,30619
0.0,30620
0.0,30621
0.0,30622
0.0,30623
0.0,30624
0.0,30625
614.1616776105282,30626
0.0,30627
0.0,30628
0.0,30629
0.0,30630
0.0,30631
205.21280026734038,30632
672.3311470548864,30633
0.0,30634
2035.8444547707277,30635
121.54516305683345,30636
3689.46779424372,30637
3865.6818242803565,30638
3863.8844325047858,30639
3200.853989069497,30640
0.0,30641
3645.7537177184668,30642
3422.9090711767826,30643
865.1665806906316,30644
0.0,30645
0.0,30646
0.0,30647
0.0,30648
3164.125680581421,30649
0.0,30650
0.0,30651
0.0,30652
0.0,30653
0.0,30654
0.0,30655
0.0,30656
0.0,30657
0.0,30658
0.0,30659
0.0,30660
0.0,30661
0.0,30662
0.0,30663
0.0,30664
0.0,30665
0.0,30666
0.0,30667
0.0,30668
0.0,30669
0.0,30670
0.0,30671
1375.3892143849964,30672
0.0,30673
0.0,30674
1376.9945602339428,30675
0.0,30676
1378.5830558505945,30677
0.0,30678
1447.5609031209935,30679
3289.4602514108765,30680
1219.6021904905028,30681
496.38934630097515,30682
1274.1538362870217,30683
810.3843071418961,30684
0.0,30685
1220.407615710037,30686
2085.26644162031,30687
1454.1300907177695,30688
1455.8858515240827,30689
0.0,30690
0.0,30691
1225.270830746123,30692
0.0,30693
0.0,30694
0.0,30695
54.659559258273084,30696
1708.9352027544016,30697
0.0,30698
0.0,30699
1228.8625999641333,30700
720.4428852698192,30701
915.5974260606218,30702
0.0,30703
0.0,30704
0.0,30705
0.0,30706
0.0,30707
0.0,30708
0.0,30709
0.0,30710
0.0,30711
0.0,30712
0.0,30713
0.0,30714
0.0,30715
0.0,30716
2391.6362470645295,30717
0.0,30718
1568.7173394756137,30719
0.0,30720
0.0,30721
0.0,30722
0.0,30723
0.0,30724
1536.6544211770972,30725
0.0,30726
2392.5527782918975,30727
0.0,30728
1888.71919946213,30729
0.0,30730
0.0,30731
2392.9004046603964,30732
0.0,30733
317.83826356144357,30734
2013.1040578118511,30735
0.0,30736
0.0,30737
0.0,30738
0.0,30739
0.0,30740
0.0,30741
0.0,30742
0.0,30743
0.0,30744
0.0,30745
0.0,30746
260.96195328134877,30747
0.0,30748
0.0,30749
0.0,30750
0.0,30751
0.0,30752
0.0,30753
0.0,30754
0.0,30755
0.0,30756
0.0,30757
0.0,30758
0.0,30759
0.0,30760
259.723832943151,30761
0.0,30762
0.0,30763
0.0,30764
0.0,30765
0.0,30766
0.0,30767
0.0,30768
0.0,30769
0.0,30770
0.0,30771
258.536765586581,30772
257.4123123732221,30773
0.0,30774
0.0,30775
256.35357297912054,30776
0.0,30777
0.0,30778
0.0,30779
0.0,30780
0.0,30781
0.0,30782
0.0,30783
0.0,30784
0.0,30785
0.0,30786
0.0,30787
0.0,30788
0.0,30789
0.0,30790
0.0,30791
0.0,30792
0.0,30793
0.0,30794
0.0,30795
0.0,30796
0.0,30797
0.0,30798
0.0,30799
3932.994044873372,30800
961.4301673937873,30801
2609.134190062649,30802
0.0,30803
1050.5907386572749,30804
1613.1729274926913,30805
0.0,30806
1486.5481485712005,30807
683.6668813462461,30808
686.4905640326118,30809
996.6233125633598,30810
154.33971995113285,30811
0.0,30812
0.0,30813
1814.129440399023,30814
2012.7229003013902,30815
0.0,30816
3829.2132660641164,30817
0.0,30818
2208.8880292462113,30819
3587.6367161976705,30820
0.0,30821
346.9562975541544,30822
0.0,30823
0.0,30824
1346.3674830606426,30825
0.0,30826
0.0,30827
0.0,30828
0.0,30829
0.0,30830
1349.1512155721502,30831
0.0,30832
0.0,30833
1370.6507302794082,30834
0.0,30835
0.0,30836
0.0,30837
0.0,30838
0.0,30839
0.0,30840
0.0,30841
0.0,30842
1654.6295389821469,30843
0.0,30844
0.0,30845
0.0,30846
55.46068260283039,30847
0.0,30848
1809.9130846452215,30849
0.0,30850
0.0,30851
0.0,30852
0.0,30853
0.0,30854
0.0,30855
0.0,30856
884.8209555575517,30857
0.0,30858
0.0,30859
0.0,30860
0.0,30861
0.0,30862
2598.56589651225,30863
0.0,30864
0.0,30865
0.0,30866
0.0,30867
0.0,30868
0.0,30869
0.0,30870
0.0,30871
0.0,30872
0.0,30873
0.0,30874
0.0,30875
0.0,30876
0.0,30877
0.0,30878
0.0,30879
0.0,30880
0.0,30881
0.0,30882
0.0,30883
0.0,30884
130.169426045678,30885
0.0,30886
0.0,30887
0.0,30888
0.0,30889
0.0,30890
0.0,30891
0.0,30892
0.0,30893
0.0,30894
0.0,30895
0.0,30896
0.0,30897
0.0,30898
0.0,30899
0.0,30900
0.0,30901
0.0,30902
0.0,30903
0.0,30904
0.0,30905
0.0,30906
0.0,30907
0.0,30908
3094.702035695974,30909
0.0,30910
0.0,30911
0.0,30912
0.0,30913
0.0,30914
0.0,30915
0.0,30916
0.0,30917
0.0,30918
0.0,30919
0.0,30920
0.0,30921
0.0,30922
0.0,30923
0.0,30924
0.0,30925
0.0,30926
0.0,30927
0.0,30928
0.0,30929
0.0,30930
0.0,30931
0.0,30932
0.0,30933
0.0,30934
0.0,30935
802.509223035853,30936
0.0,30937
0.0,30938
0.0,30939
0.0,30940
0.0,30941
0.0,30942
0.0,30943
0.0,30944
0.0,30945
0.0,30946
0.0,30947
968.533766529541,30948
0.0,30949
0.0,30950
4087.7685424594533,30951
0.0,30952
0.0,30953
0.0,30954
0.0,30955
0.0,30956
0.0,30957
0.0,30958
0.0,30959
0.0,30960
0.0,30961
0.0,30962
0.0,30963
0.0,30964
0.0,30965
0.0,30966
0.0,30967
0.0,30968
0.0,30969
0.0,30970
0.0,30971
0.0,30972
0.0,30973
0.0,30974
0.0,30975
0.0,30976
0.0,30977
0.0,30978
0.0,30979
0.0,30980
0.0,30981
0.0,30982
0.0,30983
0.0,30984
0.0,30985
0.0,30986
0.0,30987
0.0,30988
0.0,30989
0.0,30990
0.0,30991
0.0,30992
0.0,30993
0.0,30994
0.0,30995
0.0,30996
0.0,30997
0.0,30998
0.0,30999
0.0,31000
0.0,31001
0.0,31002
0.0,31003
0.0,31004
0.0,31005
0.0,31006
0.0,31007
0.0,31008
0.0,31009
0.0,31010
0.0,31011
0.0,31012
0.0,31013
0.0,31014
0.0,31015
0.0,31016
0.0,31017
0.0,31018
0.0,31019
0.0,31020
0.0,31021
0.0,31022
0.0,31023
0.0,31024
0.0,31025
0.0,31026
0.0,31027
0.0,31028
0.0,31029
0.0,31030
0.0,31031
0.0,31032
0.0,31033
0.0,31034
0.0,31035
0.0,31036
0.0,31037
0.0,31038
0.0,31039
586.1040868273737,31040
0.0,31041
0.0,31042
0.0,31043
0.0,31044
0.0,31045
0.0,31046
38.23574046936908,31047
1889.4688008794453,31048
35.22298092380131,31049
0.0,31050
0.0,31051
0.0,31052
0.0,31053
1956.1639559834803,31054
1630.0981777404174,31055
987.1457845493186,31056
0.0,31057
0.0,31058
0.0,31059
32.04864583783641,31060
0.0,31061
0.0,31062
0.0,31063
2623.433530527769,31064
0.0,31065
0.0,31066
0.0,31067
0.0,31068
0.0,31069
0.0,31070
0.0,31071
0.0,31072
0.0,31073
0.0,31074
0.0,31075
0.0,31076
0.0,31077
0.0,31078
1983.8001560295581,31079
0.0,31080
0.0,31081
0.0,31082
0.0,31083
0.0,31084
0.0,31085
0.0,31086
0.0,31087
0.0,31088
0.0,31089
0.0,31090
0.0,31091
0.0,31092
0.0,31093
0.0,31094
0.0,31095
0.0,31096
0.0,31097
0.0,31098
0.0,31099
0.0,31100
782.5357744350829,31101
783.9212141490294,31102
785.4028861247066,31103
1034.794757011124,31104
0.0,31105
1329.3717350304375,31106
346.01732126353534,31107
345.2886277487743,31108
0.0,31109
625.2917237962224,31110
0.0,31111
0.0,31112
585.5558709315073,31113
2425.27054513815,31114
0.0,31115
0.0,31116
1168.5092321353852,31117
205.41203576552547,31118
0.0,31119
1167.4234418606864,31120
1167.1310051451787,31121
0.0,31122
824.2066360285849,31123
0.0,31124
0.0,31125
1166.342869404979,31126
1835.8962364661309,31127
0.0,31128
0.0,31129
2971.9096902419437,31130
1162.759860130053,31131
0.0,31132
0.0,31133
0.0,31134
0.0,31135
0.0,31136
0.0,31137
0.0,31138
0.0,31139
0.0,31140
0.0,31141
0.0,31142
0.0,31143
0.0,31144
0.0,31145
0.0,31146
0.0,31147
0.0,31148
0.0,31149
0.0,31150
0.0,31151
1772.4938289999004,31152
0.0,31153
0.0,31154
0.0,31155
0.0,31156
0.0,31157
0.0,31158
0.0,31159
0.0,31160
0.0,31161
0.0,31162
0.0,31163
0.0,31164
0.0,31165
4748.176384349101,31166
0.0,31167
0.0,31168
0.0,31169
0.0,31170
0.0,31171
0.0,31172
0.0,31173
0.0,31174
0.0,31175
0.0,31176
1214.881468311217,31177
0.0,31178
0.0,31179
0.0,31180
0.0,31181
0.0,31182
0.0,31183
0.0,31184
0.0,31185
0.0,31186
0.0,31187
1273.7749878833108,31188
0.0,31189
0.0,31190
0.0,31191
0.0,31192
0.0,31193
0.0,31194
0.0,31195
0.0,31196
0.0,31197
1836.1913919653634,31198
0.0,31199
0.0,31200
0.0,31201
0.0,31202
0.0,31203
0.0,31204
0.0,31205
0.0,31206
0.0,31207
0.0,31208
0.0,31209
0.0,31210
0.0,31211
0.0,31212
0.0,31213
0.0,31214
0.0,31215
0.0,31216
0.0,31217
0.0,31218
0.0,31219
0.0,31220
896.9276806126985,31221
73.8128482527705,31222
0.0,31223
81.936488233391,31224
356.08889498269843,31225
2653.686513426098,31226
1206.5652507201223,31227
0.0,31228
0.0,31229
0.0,31230
0.0,31231
0.0,31232
0.0,31233
0.0,31234
3590.0026739179903,31235
0.0,31236
0.0,31237
0.0,31238
0.0,31239
0.0,31240
0.0,31241
0.0,31242
0.0,31243
0.0,31244
0.0,31245
0.0,31246
0.0,31247
0.0,31248
0.0,31249
0.0,31250
0.0,31251
0.0,31252
0.0,31253
0.0,31254
0.0,31255
0.0,31256
0.0,31257
0.0,31258
0.0,31259
0.0,31260
0.0,31261
0.0,31262
0.0,31263
0.0,31264
0.0,31265
0.0,31266
0.0,31267
0.0,31268
0.0,31269
0.0,31270
0.0,31271
0.0,31272
0.0,31273
41.23550585006565,31274
0.0,31275
589.4612129365395,31276
1848.0861681810993,31277
0.0,31278
0.0,31279
0.0,31280
0.0,31281
45.965031889756574,31282
195.77553864732275,31283
0.0,31284
68.49675495792317,31285
0.0,31286
0.0,31287
0.0,31288
0.0,31289
0.0,31290
0.0,31291
0.0,31292
0.0,31293
0.0,31294
0.0,31295
0.0,31296
0.0,31297
0.0,31298
0.0,31299
4131.060808005069,31300
0.0,31301
0.0,31302
0.0,31303
1366.8055137103117,31304
0.0,31305
0.0,31306
0.0,31307
0.0,31308
0.0,31309
0.0,31310
0.0,31311
5669.359096211626,31312
0.0,31313
0.0,31314
0.0,31315
0.0,31316
0.0,31317
0.0,31318
0.0,31319
0.0,31320
0.0,31321
0.0,31322
0.0,31323
592.2168063385047,31324
798.4507156797596,31325
668.1825673761265,31326
110.04196880626586,31327
1193.5663834131187,31328
494.91475518266907,31329
463.21381215273743,31330
0.0,31331
0.0,31332
1041.8918887313112,31333
0.0,31334
0.0,31335
0.0,31336
0.0,31337
0.0,31338
0.0,31339
0.0,31340
0.0,31341
0.0,31342
0.0,31343
0.0,31344
0.0,31345
311.883028793872,31346
0.0,31347
0.0,31348
0.0,31349
0.0,31350
81.0518604861238,31351
0.0,31352
0.0,31353
536.2491261923983,31354
0.0,31355
0.0,31356
0.0,31357
0.0,31358
0.0,31359
0.0,31360
0.0,31361
0.0,31362
0.0,31363
227.21133868595365,31364
0.0,31365
0.0,31366
0.0,31367
0.0,31368
0.0,31369
0.0,31370
0.0,31371
0.0,31372
0.0,31373
0.0,31374
0.0,31375
0.0,31376
0.0,31377
0.0,31378
0.0,31379
0.0,31380
0.0,31381
0.0,31382
0.0,31383
0.0,31384
0.0,31385
0.0,31386
0.0,31387
0.0,31388
0.0,31389
849.4786459222554,31390
0.0,31391
0.0,31392
0.0,31393
0.0,31394
0.0,31395
0.0,31396
0.0,31397
0.0,31398
0.0,31399
0.0,31400
0.0,31401
0.0,31402
0.0,31403
0.0,31404
0.0,31405
0.0,31406
0.0,31407
0.0,31408
0.0,31409
0.0,31410
0.0,31411
0.0,31412
1783.3687926395335,31413
1784.260628771978,31414
0.0,31415
2050.776406372,31416
2052.1694957676636,31417
2172.158850682458,31418
0.0,31419
2211.5560194257055,31420
20.62924568903607,31421
0.0,31422
3491.432679469448,31423
25.32927509528031,31424
0.0,31425
0.0,31426
0.0,31427
0.0,31428
0.0,31429
0.0,31430
0.0,31431
0.0,31432
0.0,31433
0.0,31434
0.0,31435
0.0,31436
0.0,31437
0.0,31438
0.0,31439
0.0,31440
477.98257448719704,31441
0.0,31442
0.0,31443
0.0,31444
0.0,31445
0.0,31446
0.0,31447
0.0,31448
0.0,31449
0.0,31450
0.0,31451
0.0,31452
0.0,31453
0.0,31454
0.0,31455
586.2030639774224,31456
0.0,31457
0.0,31458
0.0,31459
0.0,31460
3961.5399385870805,31461
0.0,31462
0.0,31463
0.0,31464
0.0,31465
0.0,31466
0.0,31467
0.0,31468
0.0,31469
0.0,31470
0.0,31471
0.0,31472
0.0,31473
0.0,31474
0.0,31475
0.0,31476
0.0,31477
0.0,31478
0.0,31479
0.0,31480
0.0,31481
0.0,31482
0.0,31483
0.0,31484
0.0,31485
0.0,31486
0.0,31487
0.0,31488
0.0,31489
0.0,31490
0.0,31491
3372.928666863842,31492
0.0,31493
0.0,31494
0.0,31495
0.0,31496
0.0,31497
0.0,31498
4096.127688389317,31499
0.0,31500
0.0,31501
0.0,31502
0.0,31503
0.0,31504
0.0,31505
0.0,31506
0.0,31507
0.0,31508
0.0,31509
0.0,31510
0.0,31511
0.0,31512
0.0,31513
0.0,31514
0.0,31515
0.0,31516
0.0,31517
0.0,31518
3042.493770023761,31519
1084.589194702036,31520
0.0,31521
0.0,31522
0.0,31523
0.0,31524
0.0,31525
0.0,31526
0.0,31527
0.0,31528
0.0,31529
0.0,31530
0.0,31531
0.0,31532
0.0,31533
0.0,31534
0.0,31535
0.0,31536
0.0,31537
0.0,31538
0.0,31539
0.0,31540
0.0,31541
0.0,31542
0.0,31543
0.0,31544
0.0,31545
0.0,31546
0.0,31547
0.0,31548
0.0,31549
0.0,31550
0.0,31551
0.0,31552
0.0,31553
0.0,31554
0.0,31555
0.0,31556
0.0,31557
0.0,31558
0.0,31559
0.0,31560
0.0,31561
0.0,31562
0.0,31563
0.0,31564
0.0,31565
0.0,31566
0.0,31567
0.0,31568
0.0,31569
0.0,31570
0.0,31571
0.0,31572
0.0,31573
0.0,31574
0.0,31575
0.0,31576
0.0,31577
0.0,31578
0.0,31579
0.0,31580
0.0,31581
0.0,31582
0.0,31583
0.0,31584
7811.219668130377,31585
0.0,31586
0.0,31587
0.0,31588
0.0,31589
0.0,31590
0.0,31591
0.0,31592
0.0,31593
0.0,31594
0.0,31595
0.0,31596
0.0,31597
0.0,31598
0.0,31599
0.0,31600
0.0,31601
0.0,31602
0.0,31603
0.0,31604
0.0,31605
0.0,31606
0.0,31607
0.0,31608
0.0,31609
0.0,31610
0.0,31611
0.0,31612
0.0,31613
0.0,31614
0.0,31615
0.0,31616
0.0,31617
0.0,31618
0.0,31619
0.0,31620
0.0,31621
0.0,31622
0.0,31623
0.0,31624
0.0,31625
0.0,31626
0.0,31627
1094.0484288908422,31628
0.0,31629
0.0,31630
1729.6625252409378,31631
0.0,31632
2070.4628372802335,31633
905.480570051596,31634
2066.8125901302196,31635
2936.522768666042,31636
549.3936408016567,31637
0.0,31638
0.0,31639
0.0,31640
3361.849341690198,31641
3360.607704926973,31642
2965.666883773047,31643
9593.464744034965,31644
0.0,31645
0.0,31646
0.0,31647
0.0,31648
0.0,31649
0.0,31650
902.7735040378831,31651
0.0,31652
0.0,31653
0.0,31654
0.0,31655
0.0,31656
0.0,31657
0.0,31658
0.0,31659
0.0,31660
0.0,31661
0.0,31662
0.0,31663
0.0,31664
0.0,31665
0.0,31666
59.17919652331611,31667
0.0,31668
0.0,31669
0.0,31670
0.0,31671
0.0,31672
0.0,31673
0.0,31674
0.0,31675
0.0,31676
0.0,31677
0.0,31678
0.0,31679
0.0,31680
0.0,31681
0.0,31682
0.0,31683
0.0,31684
0.0,31685
0.0,31686
0.0,31687
0.0,31688
0.0,31689
0.0,31690
0.0,31691
0.0,31692
0.0,31693
0.0,31694
1922.0699639782276,31695
0.0,31696
0.0,31697
0.0,31698
0.0,31699
0.0,31700
0.0,31701
0.0,31702
0.0,31703
0.0,31704
0.0,31705
0.0,31706
0.0,31707
0.0,31708
1803.4342566855576,31709
3395.591129112854,31710
0.0,31711
661.8997136035257,31712
0.0,31713
0.0,31714
0.0,31715
0.0,31716
0.0,31717
0.0,31718
0.0,31719
0.0,31720
0.0,31721
0.0,31722
0.0,31723
188.82187123325483,31724
0.0,31725
0.0,31726
0.0,31727
0.0,31728
0.0,31729
0.0,31730
0.0,31731
0.0,31732
0.0,31733
0.0,31734
0.0,31735
0.0,31736
0.0,31737
1141.3909444229228,31738
0.0,31739
240.75826540934378,31740
1488.9190669371922,31741
943.8948359825662,31742
1760.809664319961,31743
0.0,31744
0.0,31745
0.0,31746
303.6152857754957,31747
0.0,31748
0.0,31749
0.0,31750
0.0,31751
0.0,31752
0.0,31753
0.0,31754
0.0,31755
0.0,31756
0.0,31757
0.0,31758
0.0,31759
0.0,31760
0.0,31761
1928.1629312435316,31762
0.0,31763
0.0,31764
0.0,31765
0.0,31766
0.0,31767
0.0,31768
0.0,31769
0.0,31770
0.0,31771
0.0,31772
0.0,31773
0.0,31774
0.0,31775
0.0,31776
0.0,31777
0.0,31778
0.0,31779
0.0,31780
0.0,31781
0.0,31782
0.0,31783
0.0,31784
0.0,31785
0.0,31786
0.0,31787
0.0,31788
0.0,31789
0.0,31790
0.0,31791
0.0,31792
0.0,31793
0.0,31794
0.0,31795
0.0,31796
0.0,31797
0.0,31798
0.0,31799
0.0,31800
0.0,31801
0.0,31802
0.0,31803
0.0,31804
0.0,31805
0.0,31806
0.0,31807
0.0,31808
0.0,31809
0.0,31810
0.0,31811
0.0,31812
0.0,31813
0.0,31814
0.0,31815
0.0,31816
866.4657714063134,31817
2.4439637870235362,31818
4.273915002627179,31819
6.111325433064198,31820
0.0,31821
0.0,31822
597.390025658563,31823
602.4792301201079,31824
607.6372529984415,31825
0.0,31826
0.0,31827
2259.9919122040415,31828
2053.963127881711,31829
276.41943569217244,31830
0.0,31831
0.0,31832
0.0,31833
234.4596771269243,31834
1097.788179999988,31835
239.64371970585583,31836
0.0,31837
0.0,31838
0.0,31839
0.0,31840
0.0,31841
0.0,31842
0.0,31843
1350.1591643066602,31844
0.0,31845
1723.2882559463653,31846
1571.0842795505482,31847
1361.2655095557982,31848
1008.0273481732921,31849
0.0,31850
669.6951101832115,31851
0.0,31852
2556.5312999412845,31853
0.0,31854
193.4231206360191,31855
0.0,31856
2154.5640890368923,31857
0.0,31858
0.0,31859
0.0,31860
0.0,31861
0.0,31862
0.0,31863
0.0,31864
0.0,31865
0.0,31866
0.0,31867
0.0,31868
164.03115990358808,31869
0.0,31870
0.0,31871
0.0,31872
0.0,31873
0.0,31874
0.0,31875
0.0,31876
476.4837296190111,31877
478.88074572097537,31878
481.387606249484,31879
457.3870008644734,31880
459.95273163133334,31881
462.60157728477503,31882
590.2058644459374,31883
145.5290479900352,31884
0.0,31885
148.50539968061742,31886
0.0,31887
0.0,31888
0.0,31889
0.0,31890
0.0,31891
0.0,31892
0.0,31893
0.0,31894
0.0,31895
0.0,31896
0.0,31897
0.0,31898
0.0,31899
0.0,31900
0.0,31901
0.0,31902
846.4355397504979,31903
0.0,31904
0.0,31905
0.0,31906
0.0,31907
0.0,31908
2073.7357228381534,31909
2087.973179408459,31910
0.0,31911
0.0,31912
0.0,31913
0.0,31914
0.0,31915
0.0,31916
0.0,31917
0.0,31918
0.0,31919
0.0,31920
0.0,31921
0.0,31922
0.0,31923
0.0,31924
0.0,31925
0.0,31926
0.0,31927
0.0,31928
0.0,31929
0.0,31930
0.0,31931
0.0,31932
0.0,31933
0.0,31934
0.0,31935
0.0,31936
604.2164126394729,31937
0.0,31938
0.0,31939
0.0,31940
0.0,31941
0.0,31942
0.0,31943
0.0,31944
0.0,31945
0.0,31946
0.0,31947
1101.5013608020568,31948
1574.3180336826267,31949
469.91235876044396,31950
1577.7193744292128,31951
0.0,31952
0.0,31953
2041.7107859354053,31954
0.0,31955
1582.5520795206644,31956
0.0,31957
0.0,31958
0.0,31959
0.0,31960
0.0,31961
0.0,31962
0.0,31963
0.0,31964
0.0,31965
0.0,31966
0.0,31967
0.0,31968
0.0,31969
0.0,31970
0.0,31971
0.0,31972
0.0,31973
0.0,31974
0.0,31975
0.0,31976
0.0,31977
0.0,31978
0.0,31979
0.0,31980
0.0,31981
0.0,31982
0.0,31983
0.0,31984
1276.873065726669,31985
0.0,31986
0.0,31987
0.0,31988
0.0,31989
1973.080678817332,31990
0.0,31991
280.28725922898025,31992
0.0,31993
0.0,31994
0.0,31995
0.0,31996
0.0,31997
178.90908342985483,31998
0.0,31999
0.0,32000
345.8011896977718,32001
0.0,32002
0.0,32003
0.0,32004
0.0,32005
0.0,32006
0.0,32007
0.0,32008
0.0,32009
0.0,32010
808.7081666377693,32011
0.0,32012
0.0,32013
0.0,32014
0.0,32015
0.0,32016
0.0,32017
0.0,32018
417.3230853034971,32019
0.0,32020
0.0,32021
0.0,32022
0.0,32023
0.0,32024
0.0,32025
0.0,32026
0.0,32027
0.0,32028
0.0,32029
0.0,32030
0.0,32031
0.0,32032
0.0,32033
0.0,32034
3759.4434739938974,32035
0.0,32036
0.0,32037
0.0,32038
0.0,32039
1703.7701007807589,32040
0.0,32041
760.2623301108587,32042
1232.4573733940133,32043
0.0,32044
1228.7481763935052,32045
3985.979759065338,32046
0.0,32047
3490.2754843243033,32048
1684.628454882647,32049
2.341089631161285,32050
1.7282453489064151,32051
0.0,32052
458.6479863809373,32053
220.57335397513052,32054
467.1583164597438,32055
471.592482323364,32056
476.1231098298737,32057
480.7142827872966,32058
485.33897828767823,32059
0.0,32060
489.977959236235,32061
494.61759273762226,32062
499.2475470980897,32063
333.5828589756497,32064
0.0,32065
0.0,32066
0.0,32067
0.0,32068
0.0,32069
0.0,32070
0.0,32071
0.0,32072
0.0,32073
2566.9861147938705,32074
2568.263261347722,32075
434.8582100614317,32076
0.0,32077
2280.4241882553133,32078
2283.7720985168107,32079
0.0,32080
764.1479502177316,32081
0.0,32082
3734.9299722640662,32083
0.0,32084
0.0,32085
0.0,32086
0.0,32087
838.8435222103602,32088
0.0,32089
0.0,32090
0.0,32091
4451.528862617004,32092
0.0,32093
0.0,32094
0.0,32095
4205.144934774467,32096
4206.353931052982,32097
4207.56945848986,32098
0.0,32099
4488.4911707896445,32100
0.0,32101
660.9791813560398,32102
3912.5567590346723,32103
577.4369789932044,32104
0.0,32105
0.0,32106
0.0,32107
0.0,32108
0.0,32109
1426.0373767700028,32110
827.1709015030452,32111
830.2246132639103,32112
833.2013791556376,32113
0.0,32114
0.0,32115
3951.1183568956994,32116
0.0,32117
0.0,32118
0.0,32119
3948.3382823673637,32120
2875.807868302895,32121
0.0,32122
833.8362532771072,32123
0.0,32124
2879.5470823642268,32125
2153.45188319599,32126
0.0,32127
0.0,32128
731.0340441124044,32129
0.0,32130
0.0,32131
2855.9054292912815,32132
0.0,32133
45.738629996975405,32134
0.0,32135
0.0,32136
0.0,32137
0.0,32138
0.0,32139
1491.180039314067,32140
351.3362370704719,32141
1193.7915396701121,32142
0.0,32143
0.0,32144
0.0,32145
0.0,32146
613.3990255029838,32147
0.0,32148
0.0,32149
0.0,32150
0.0,32151
0.0,32152
0.0,32153
0.0,32154
0.0,32155
0.0,32156
0.0,32157
0.0,32158
0.0,32159
0.0,32160
840.3961736586652,32161
0.0,32162
0.0,32163
0.0,32164
0.0,32165
0.0,32166
0.0,32167
0.0,32168
0.0,32169
0.0,32170
0.0,32171
0.0,32172
0.0,32173
0.0,32174
0.0,32175
0.0,32176
0.0,32177
0.0,32178
0.0,32179
0.0,32180
0.0,32181
3303.550355318969,32182
0.0,32183
0.0,32184
1311.1037476865633,32185
3251.5170773928253,32186
3039.1123606830715,32187
0.0,32188
506.77778460310884,32189
4577.22854874546,32190
177.06831332560304,32191
0.0,32192
2748.7446105199674,32193
2705.858242976891,32194
1004.0260740441138,32195
0.0,32196
0.0,32197
2501.7692548013542,32198
0.0,32199
0.0,32200
0.0,32201
0.0,32202
0.0,32203
0.0,32204
0.0,32205
0.0,32206
0.0,32207
882.9432381349505,32208
0.0,32209
0.0,32210
73.17875845348259,32211
0.0,32212
0.0,32213
0.0,32214
0.0,32215
0.0,32216
0.0,32217
0.0,32218
0.0,32219
0.0,32220
0.0,32221
0.0,32222
0.0,32223
0.0,32224
0.0,32225
0.0,32226
0.0,32227
0.0,32228
0.0,32229
0.0,32230
1.3139809141568588,32231
0.0,32232
0.0,32233
0.0,32234
0.0,32235
0.0,32236
0.5030049868527945,32237
0.0,32238
0.0,32239
0.0,32240
0.0,32241
0.0,32242
0.0,32243
0.0,32244
0.0,32245
0.0,32246
0.0,32247
0.0,32248
0.0,32249
0.0,32250
0.0,32251
0.0,32252
0.0,32253
0.0,32254
0.0,32255
0.0,32256
0.0,32257
0.0,32258
0.0,32259
0.0,32260
0.0,32261
0.0,32262
0.0,32263
1775.140751535224,32264
0.0,32265
17.006963481358994,32266
0.0,32267
0.0,32268
0.0,32269
0.0,32270
0.0,32271
0.0,32272
0.0,32273
0.0,32274
0.0,32275
0.0,32276
0.0,32277
0.0,32278
99.38443791556749,32279
0.0,32280
0.0,32281
0.0,32282
0.0,32283
421.2842934362681,32284
0.0,32285
0.0,32286
0.0,32287
0.0,32288
0.0,32289
428.2383932440846,32290
0.0,32291
678.2912221842488,32292
0.0,32293
0.0,32294
637.3282483691589,32295
0.0,32296
0.0,32297
0.0,32298
1450.7424095352337,32299
0.0,32300
0.0,32301
0.0,32302
0.0,32303
230.7492883609133,32304
1724.777240653202,32305
0.0,32306
1352.1870647692356,32307
0.0,32308
3119.544263788973,32309
214.1981871900113,32310
2851.4917412115396,32311
0.0,32312
0.0,32313
211.31173646783762,32314
1071.9901364405566,32315
700.6372846542589,32316
0.0,32317
201.59437251092402,32318
0.0,32319
0.0,32320
1092.8297695294004,32321
1223.2622822972207,32322
0.0,32323
0.0,32324
0.0,32325
711.5866442060496,32326
0.0,32327
0.0,32328
0.0,32329
0.0,32330
0.0,32331
0.0,32332
0.0,32333
0.0,32334
0.0,32335
0.0,32336
0.0,32337
0.0,32338
0.0,32339
0.0,32340
624.1276515155744,32341
0.0,32342
0.0,32343
0.0,32344
0.0,32345
0.0,32346
0.0,32347
0.0,32348
0.0,32349
0.0,32350
0.0,32351
0.0,32352
0.0,32353
0.0,32354
1184.5220045199856,32355
0.0,32356
0.0,32357
0.0,32358
0.0,32359
0.0,32360
0.0,32361
0.0,32362
0.0,32363
0.0,32364
1589.074897986786,32365
0.0,32366
0.0,32367
0.0,32368
0.0,32369
0.0,32370
0.0,32371
0.0,32372
0.0,32373
0.0,32374
1090.3995648138139,32375
0.0,32376
0.0,32377
0.0,32378
0.0,32379
0.0,32380
0.0,32381
0.0,32382
0.0,32383
0.0,32384
0.0,32385
0.0,32386
0.0,32387
0.0,32388
0.0,32389
2329.4369801637918,32390
0.0,32391
0.0,32392
0.0,32393
0.0,32394
0.0,32395
0.0,32396
0.0,32397
0.0,32398
0.0,32399
0.0,32400
0.0,32401
131.42518258276624,32402
0.0,32403
366.6044323637776,32404
0.0,32405
0.0,32406
0.0,32407
0.0,32408
0.0,32409
0.0,32410
0.0,32411
0.0,32412
0.0,32413
0.0,32414
0.0,32415
0.0,32416
0.0,32417
0.0,32418
0.0,32419
0.0,32420
0.0,32421
0.0,32422
0.0,32423
222.1949067535918,32424
0.0,32425
0.0,32426
0.0,32427
0.0,32428
0.0,32429
0.0,32430
0.0,32431
0.0,32432
0.0,32433
0.0,32434
0.0,32435
1222.6059799301886,32436
0.0,32437
0.0,32438
0.0,32439
0.0,32440
0.0,32441
1505.5987400173865,32442
0.0,32443
0.0,32444
803.6643056904222,32445
0.0,32446
0.0,32447
933.118152245201,32448
0.0,32449
0.0,32450
0.0,32451
0.0,32452
0.0,32453
0.0,32454
0.0,32455
0.0,32456
0.0,32457
0.0,32458
0.0,32459
0.0,32460
0.0,32461
0.0,32462
0.0,32463
0.0,32464
0.0,32465
0.0,32466
0.0,32467
0.0,32468
0.0,32469
0.0,32470
0.0,32471
0.0,32472
0.0,32473
0.0,32474
0.0,32475
0.0,32476
0.0,32477
0.0,32478
0.0,32479
0.0,32480
0.0,32481
0.0,32482
0.0,32483
0.0,32484
0.0,32485
0.0,32486
0.0,32487
91.46637363806076,32488
0.0,32489
0.0,32490
0.0,32491
0.0,32492
0.0,32493
0.0,32494
0.0,32495
0.0,32496
0.0,32497
0.0,32498
0.0,32499
0.0,32500
0.0,32501
0.0,32502
0.0,32503
0.0,32504
0.0,32505
0.0,32506
0.0,32507
0.0,32508
0.0,32509
0.0,32510
0.0,32511
0.0,32512
0.0,32513
0.0,32514
0.0,32515
0.0,32516
0.0,32517
0.0,32518
0.0,32519
0.0,32520
6200.777179418432,32521
0.0,32522
0.0,32523
53.69436651376336,32524
0.0,32525
0.0,32526
0.0,32527
6364.616123303903,32528
0.0,32529
0.0,32530
0.0,32531
0.0,32532
0.0,32533
0.0,32534
0.0,32535
0.0,32536
0.0,32537
0.0,32538
0.0,32539
0.0,32540
0.0,32541
0.0,32542
0.0,32543
0.0,32544
0.0,32545
0.0,32546
0.0,32547
0.0,32548
0.0,32549
1705.2675322362297,32550
0.0,32551
0.0,32552
0.0,32553
0.0,32554
0.0,32555
0.0,32556
0.0,32557
0.0,32558
0.0,32559
0.0,32560
0.0,32561
0.0,32562
0.0,32563
0.0,32564
0.0,32565
0.0,32566
460.7244900850666,32567
0.0,32568
0.0,32569
0.0,32570
0.0,32571
0.0,32572
0.0,32573
0.0,32574
0.0,32575
0.0,32576
0.0,32577
0.0,32578
0.0,32579
0.0,32580
0.0,32581
0.0,32582
0.0,32583
0.0,32584
0.0,32585
0.0,32586
0.0,32587
0.0,32588
0.0,32589
0.0,32590
0.0,32591
0.0,32592
0.0,32593
0.0,32594
0.0,32595
0.0,32596
0.0,32597
0.0,32598
0.0,32599
0.0,32600
0.0,32601
0.0,32602
0.0,32603
0.0,32604
0.0,32605
0.0,32606
0.0,32607
0.0,32608
0.0,32609
0.0,32610
0.0,32611
0.0,32612
0.0,32613
0.0,32614
0.0,32615
0.0,32616
0.0,32617
0.0,32618
0.0,32619
0.0,32620
0.0,32621
0.0,32622
0.0,32623
0.0,32624
0.0,32625
0.0,32626
0.0,32627
0.0,32628
0.0,32629
0.0,32630
0.0,32631
0.0,32632
0.0,32633
0.0,32634
0.0,32635
0.0,32636
0.0,32637
0.0,32638
0.0,32639
0.0,32640
0.0,32641
0.0,32642
0.0,32643
0.0,32644
0.0,32645
0.0,32646
0.0,32647
0.0,32648
0.0,32649
0.0,32650
0.0,32651
0.0,32652
0.0,32653
0.0,32654
0.0,32655
0.0,32656
0.0,32657
0.0,32658
0.0,32659
0.0,32660
0.0,32661
0.0,32662
0.0,32663
0.0,32664
0.0,32665
0.0,32666
0.0,32667
0.0,32668
0.0,32669
0.0,32670
0.0,32671
0.0,32672
0.0,32673
0.0,32674
0.0,32675
0.0,32676
0.0,32677
0.0,32678
0.0,32679
0.0,32680
0.0,32681
0.0,32682
0.0,32683
0.0,32684
0.0,32685
688.9847809103587,32686
0.0,32687
0.0,32688
0.0,32689
0.0,32690
0.0,32691
0.0,32692
0.0,32693
0.0,32694
0.0,32695
0.0,32696
0.0,32697
0.0,32698
0.0,32699
0.0,32700
0.0,32701
0.0,32702
0.0,32703
2695.010872020582,32704
0.0,32705
0.0,32706
0.0,32707
0.0,32708
0.0,32709
0.0,32710
0.0,32711
0.0,32712
0.0,32713
0.0,32714
0.0,32715
0.0,32716
0.0,32717
0.0,32718
0.0,32719
446.9534481964883,32720
0.0,32721
0.0,32722
0.0,32723
0.0,32724
0.0,32725
0.0,32726
0.0,32727
0.0,32728
0.0,32729
2224.9203568880853,32730
0.0,32731
0.0,32732
682.5866794796603,32733
0.0,32734
984.3953283688355,32735
980.5873449681017,32736
976.8642815790075,32737
553.3147361825687,32738
672.1584095676351,32739
0.0,32740
344.560836112824,32741
0.0,32742
0.0,32743
967.9418408935819,32744
964.4345238253093,32745
0.0,32746
960.9881092280875,32747
0.0,32748
957.5937851297869,32749
2210.514788665072,32750
0.0,32751
0.0,32752
788.1610463122428,32753
0.0,32754
0.0,32755
1805.7110824313888,32756
0.0,32757
0.0,32758
0.0,32759
0.0,32760
0.0,32761
0.0,32762
0.0,32763
0.0,32764
1731.0996073027447,32765
0.0,32766
0.0,32767
0.0,32768
691.1336315570787,32769
0.0,32770
0.0,32771
0.0,32772
0.0,32773
0.0,32774
0.0,32775
0.0,32776
0.0,32777
0.0,32778
0.0,32779
0.0,32780
0.0,32781
0.0,32782
0.0,32783
0.0,32784
0.0,32785
2208.8512558921593,32786
0.0,32787
0.0,32788
0.0,32789
0.0,32790
0.0,32791
0.0,32792
0.0,32793
0.0,32794
0.0,32795
0.0,32796
0.0,32797
0.0,32798
0.0,32799
0.0,32800
0.0,32801
0.0,32802
0.0,32803
0.0,32804
0.0,32805
0.0,32806
0.0,32807
0.0,32808
0.0,32809
0.0,32810
0.0,32811
0.0,32812
0.0,32813
0.0,32814
0.0,32815
0.0,32816
1385.8759810472052,32817
0.0,32818
0.0,32819
0.0,32820
1388.433586887264,32821
0.0,32822
0.0,32823
0.0,32824
0.0,32825
0.0,32826
0.0,32827
0.0,32828
0.0,32829
0.0,32830
0.0,32831
0.0,32832
0.0,32833
0.0,32834
0.0,32835
0.0,32836
0.0,32837
0.0,32838
0.0,32839
0.0,32840
0.0,32841
0.0,32842
0.0,32843
0.0,32844
0.0,32845
0.0,32846
0.0,32847
0.0,32848
0.0,32849
188.24371604429453,32850
0.0,32851
0.0,32852
190.52524008496124,32853
0.0,32854
0.0,32855
0.0,32856
0.0,32857
0.0,32858
0.0,32859
0.0,32860
0.0,32861
0.0,32862
0.0,32863
0.0,32864
0.0,32865
120.68439214672468,32866
0.0,32867
0.0,32868
0.0,32869
0.0,32870
0.0,32871
0.0,32872
0.0,32873
0.0,32874
0.0,32875
0.0,32876
0.0,32877
0.0,32878
0.0,32879
0.0,32880
0.0,32881
0.0,32882
0.0,32883
0.0,32884
0.0,32885
0.0,32886
0.0,32887
0.0,32888
0.0,32889
0.0,32890
0.0,32891
0.0,32892
0.0,32893
0.0,32894
715.6207937763761,32895
0.0,32896
0.0,32897
0.0,32898
0.0,32899
0.0,32900
0.0,32901
0.0,32902
0.0,32903
0.0,32904
0.0,32905
0.0,32906
452.412806600501,32907
0.0,32908
0.0,32909
0.0,32910
0.0,32911
0.0,32912
0.0,32913
0.0,32914
0.0,32915
0.0,32916
0.0,32917
0.0,32918
0.0,32919
0.0,32920
0.0,32921
0.0,32922
0.0,32923
0.0,32924
0.0,32925
0.0,32926
0.0,32927
0.0,32928
0.0,32929
0.0,32930
0.0,32931
0.0,32932
0.0,32933
0.0,32934
5026.83214046429,32935
0.0,32936
0.0,32937
0.0,32938
0.0,32939
0.0,32940
0.0,32941
1043.4280783302336,32942
0.0,32943
0.0,32944
0.0,32945
0.0,32946
309.5220802676876,32947
0.0,32948
0.0,32949
0.0,32950
0.0,32951
0.0,32952
0.0,32953
0.0,32954
0.0,32955
0.0,32956
667.5727784390809,32957
0.0,32958
0.0,32959
0.0,32960
0.0,32961
0.0,32962
0.0,32963
0.0,32964
0.0,32965
0.0,32966
0.0,32967
0.0,32968
0.0,32969
0.0,32970
0.0,32971
0.0,32972
0.0,32973
0.0,32974
0.0,32975
0.0,32976
0.0,32977
0.0,32978
0.0,32979
0.0,32980
0.0,32981
0.0,32982
0.0,32983
0.0,32984
0.0,32985
0.0,32986
6.199748781895116,32987
0.0,32988
0.0,32989
0.0,32990
0.0,32991
3007.942430652658,32992
0.0,32993
0.0,32994
0.0,32995
0.0,32996
0.0,32997
0.0,32998
0.0,32999
0.0,33000
0.0,33001
0.0,33002
0.0,33003
0.0,33004
1043.7579836170419,33005
0.0,33006
0.0,33007
0.0,33008
0.0,33009
0.0,33010
0.0,33011
0.0,33012
0.0,33013
0.0,33014
0.0,33015
0.0,33016
0.0,33017
0.0,33018
0.0,33019
0.0,33020
0.0,33021
0.0,33022
0.0,33023
0.0,33024
0.0,33025
0.0,33026
0.0,33027
0.0,33028
0.0,33029
0.0,33030
3282.9266090378637,33031
0.0,33032
0.0,33033
2135.574179803362,33034
178.1274914898844,33035
5476.689959367125,33036
2515.8848825459654,33037
2317.5902559727674,33038
2729.152899603073,33039
0.0,33040
4064.259755389885,33041
3822.7562516295925,33042
2719.8076105890595,33043
0.0,33044
0.0,33045
1436.3253515064762,33046
0.0,33047
1874.5025901732804,33048
1875.2574291154883,33049
0.0,33050
0.0,33051
3931.019315152654,33052
3320.6998103686883,33053
4267.549741615519,33054
3766.7456067254147,33055
0.0,33056
0.0,33057
0.0,33058
0.0,33059
0.0,33060
1626.708423807168,33061
2716.5600049829586,33062
0.0,33063
0.0,33064
3993.9545565265444,33065
561.4329902773111,33066
2186.1288186582506,33067
0.0,33068
0.0,33069
492.93288105649617,33070
982.0034526123046,33071
0.0,33072
0.0,33073
984.2495569722385,33074
475.79461047294694,33075
0.0,33076
0.0,33077
0.0,33078
3.683111565235514,33079
0.0,33080
0.0,33081
0.0,33082
0.0,33083
0.0,33084
638.8658872171615,33085
0.0,33086
1301.3109110579603,33087
1304.3636161264544,33088
483.99932355698894,33089
1656.27794681848,33090
409.4968275544024,33091
1659.312960633508,33092
1372.314750059763,33093
0.0,33094
0.0,33095
0.0,33096
0.0,33097
68.90517965767604,33098
0.0,33099
0.0,33100
0.0,33101
0.0,33102
0.0,33103
0.0,33104
0.0,33105
0.0,33106
0.0,33107
0.0,33108
0.0,33109
0.0,33110
71.63031194130976,33111
0.0,33112
0.0,33113
0.0,33114
0.0,33115
0.0,33116
0.0,33117
0.0,33118
0.0,33119
0.0,33120
0.0,33121
0.0,33122
0.0,33123
0.0,33124
0.0,33125
0.0,33126
0.0,33127
0.0,33128
0.0,33129
0.0,33130
0.0,33131
0.0,33132
0.0,33133
0.0,33134
0.0,33135
0.0,33136
0.0,33137
1389.6867079315452,33138
0.0,33139
2973.229780978059,33140
0.0,33141
0.0,33142
255.55816793392844,33143
267.9238390658386,33144
0.0,33145
271.73510631099947,33146
0.0,33147
0.0,33148
1045.0778043700288,33149
511.1481600668813,33150
0.0,33151
0.0,33152
173.9239338776341,33153
1300.0630034969915,33154
0.0,33155
4857.223967732319,33156
0.0,33157
0.0,33158
0.0,33159
2406.9717271284558,33160
0.0,33161
0.0,33162
0.0,33163
0.0,33164
0.0,33165
0.0,33166
0.0,33167
0.0,33168
974.8391271366186,33169
0.0,33170
0.0,33171
0.0,33172
0.0,33173
0.0,33174
0.0,33175
0.0,33176
0.0,33177
0.0,33178
0.0,33179
0.0,33180
0.0,33181
0.0,33182
0.0,33183
0.0,33184
0.0,33185
0.0,33186
0.0,33187
0.0,33188
0.0,33189
0.0,33190
0.0,33191
0.0,33192
0.0,33193
0.0,33194
0.0,33195
0.0,33196
0.0,33197
0.0,33198
0.0,33199
0.0,33200
0.0,33201
0.0,33202
0.0,33203
0.0,33204
0.0,33205
84.94030070627876,33206
45.34555050331039,33207
0.0,33208
0.0,33209
0.0,33210
0.0,33211
0.0,33212
0.0,33213
0.0,33214
0.0,33215
0.0,33216
0.0,33217
0.0,33218
1485.0243583733682,33219
0.0,33220
0.0,33221
0.0,33222
0.0,33223
0.0,33224
0.0,33225
0.0,33226
0.0,33227
0.0,33228
0.0,33229
0.0,33230
1483.2938415836545,33231
0.0,33232
0.0,33233
0.0,33234
0.0,33235
0.0,33236
0.0,33237
0.0,33238
2719.680164575675,33239
0.0,33240
5390.0704369765535,33241
575.2137708067391,33242
3371.358060819708,33243
0.0,33244
0.0,33245
0.0,33246
1828.9559454109165,33247
0.0,33248
4619.580284792,33249
0.0,33250
0.0,33251
0.0,33252
5906.765069840951,33253
0.0,33254
0.0,33255
0.0,33256
0.0,33257
0.0,33258
0.0,33259
0.0,33260
0.0,33261
1883.1992666004385,33262
0.0,33263
0.0,33264
0.0,33265
0.0,33266
0.0,33267
0.0,33268
0.0,33269
0.0,33270
0.0,33271
0.0,33272
108.44921085688817,33273
0.0,33274
0.0,33275
0.0,33276
0.0,33277
0.0,33278
0.0,33279
0.0,33280
0.0,33281
3192.1639384030104,33282
404.08165324288547,33283
0.0,33284
0.0,33285
0.0,33286
0.0,33287
0.0,33288
0.0,33289
0.0,33290
6944.839963700592,33291
0.0,33292
0.0,33293
0.0,33294
0.0,33295
0.0,33296
0.0,33297
0.0,33298
0.0,33299
1304.1241605764626,33300
1481.5818368833213,33301
1400.8742925079507,33302
0.0,33303
0.0,33304
2571.4205106124587,33305
4254.0023685784645,33306
2568.3864626795257,33307
3326.148364217945,33308
1096.5015827037043,33309
0.0,33310
0.0,33311
0.0,33312
0.0,33313
217.84702517830712,33314
3562.386141172373,33315
1533.3554931704023,33316
2293.47962177135,33317
0.0,33318
0.0,33319
0.0,33320
0.0,33321
0.0,33322
0.0,33323
0.0,33324
0.0,33325
0.0,33326
0.0,33327
0.0,33328
0.0,33329
0.0,33330
0.0,33331
0.0,33332
0.0,33333
0.0,33334
0.0,33335
156.80387842168858,33336
694.8639815509293,33337
3303.715040486189,33338
0.0,33339
0.0,33340
0.0,33341
0.0,33342
1300.0164596422708,33343
0.0,33344
0.0,33345
0.0,33346
0.0,33347
1271.8911570223001,33348
0.0,33349
0.0,33350
0.0,33351
0.0,33352
0.0,33353
0.0,33354
0.0,33355
0.0,33356
0.0,33357
0.0,33358
0.0,33359
0.0,33360
472.5910524252023,33361
0.0,33362
2557.0313651184442,33363
0.0,33364
0.0,33365
0.0,33366
0.0,33367
0.0,33368
0.0,33369
0.0,33370
0.0,33371
0.0,33372
0.0,33373
947.9871133624728,33374
0.0,33375
0.0,33376
0.0,33377
0.0,33378
0.0,33379
0.0,33380
0.0,33381
0.0,33382
0.0,33383
0.0,33384
0.0,33385
0.0,33386
0.0,33387
0.0,33388
0.0,33389
380.7570192207691,33390
1347.2176080536626,33391
0.0,33392
3980.507531087184,33393
1667.8867618145987,33394
0.0,33395
2558.553571456542,33396
0.0,33397
1401.3934029157895,33398
0.0,33399
0.0,33400
0.0,33401
0.0,33402
0.0,33403
0.0,33404
0.0,33405
0.0,33406
0.0,33407
0.0,33408
0.0,33409
0.0,33410
0.0,33411
0.0,33412
0.0,33413
0.0,33414
705.1373693581173,33415
0.0,33416
0.0,33417
0.0,33418
0.0,33419
0.0,33420
0.0,33421
0.0,33422
0.0,33423
0.0,33424
0.0,33425
902.3022921128015,33426
0.0,33427
0.0,33428
0.0,33429
0.0,33430
0.0,33431
0.0,33432
0.0,33433
0.0,33434
0.0,33435
567.4989100541533,33436
0.0,33437
1553.3592262063864,33438
0.0,33439
0.0,33440
0.0,33441
430.5770301031371,33442
0.0,33443
0.0,33444
0.0,33445
0.0,33446
0.0,33447
0.0,33448
0.0,33449
0.0,33450
0.0,33451
0.0,33452
1078.7772233590588,33453
611.7330220978027,33454
0.0,33455
0.0,33456
0.0,33457
0.0,33458
0.0,33459
0.0,33460
0.0,33461
0.0,33462
0.0,33463
975.7647798736053,33464
0.0,33465
0.0,33466
0.0,33467
0.0,33468
0.0,33469
0.0,33470
0.0,33471
0.0,33472
0.0,33473
415.6314685941375,33474
0.0,33475
0.0,33476
0.0,33477
0.0,33478
0.0,33479
0.0,33480
134.14386551153228,33481
127.54612678070251,33482
0.0,33483
0.0,33484
0.0,33485
375.580112282132,33486
0.0,33487
0.0,33488
0.0,33489
0.0,33490
0.0,33491
0.0,33492
0.0,33493
0.0,33494
0.0,33495
39.11121873957669,33496
0.0,33497
0.0,33498
510.3833902602207,33499
0.0,33500
0.0,33501
0.0,33502
0.0,33503
229.57124928367736,33504
3646.5661777259934,33505
8660.111163338615,33506
771.2487106433579,33507
0.0,33508
0.0,33509
0.0,33510
2098.7401948789407,33511
0.0,33512
0.0,33513
0.0,33514
0.0,33515
0.0,33516
0.0,33517
0.0,33518
0.0,33519
0.0,33520
0.0,33521
0.0,33522
0.0,33523
0.0,33524
0.0,33525
0.0,33526
0.0,33527
0.0,33528
0.0,33529
845.7817740651507,33530
0.0,33531
0.0,33532
0.0,33533
0.0,33534
0.0,33535
0.0,33536
0.0,33537
0.0,33538
1040.4411477135068,33539
0.0,33540
0.0,33541
0.0,33542
0.0,33543
0.0,33544
0.0,33545
0.0,33546
0.0,33547
0.0,33548
1858.7222523926928,33549
0.0,33550
2144.6450390372293,33551
0.0,33552
0.0,33553
0.0,33554
0.0,33555
0.0,33556
0.0,33557
0.0,33558
0.0,33559
0.0,33560
0.0,33561
0.0,33562
0.0,33563
1461.7673224768143,33564
0.0,33565
0.0,33566
0.0,33567
0.0,33568
0.0,33569
239.48200773985698,33570
0.0,33571
0.0,33572
0.0,33573
0.0,33574
303.4682100527748,33575
0.0,33576
105.07244544595186,33577
0.0,33578
106.78444605891342,33579
0.0,33580
0.0,33581
1462.369935570339,33582
308.02414560647526,33583
0.0,33584
0.0,33585
0.0,33586
0.0,33587
109.64589360011215,33588
0.0,33589
311.31284857902045,33590
0.0,33591
1740.81563625455,33592
1461.6615291791973,33593
0.0,33594
0.0,33595
0.0,33596
502.10519524636106,33597
0.0,33598
0.0,33599
0.0,33600
0.0,33601
0.0,33602
0.0,33603
0.0,33604
0.0,33605
0.0,33606
0.0,33607
0.0,33608
0.0,33609
0.0,33610
0.0,33611
0.0,33612
0.0,33613
1604.9991161767368,33614
1601.744361934198,33615
0.0,33616
742.5395407234819,33617
6745.433666848776,33618
1597.3215162901554,33619
1594.0394644886946,33620
374.6148284974728,33621
1588.2552339177105,33622
0.0,33623
0.0,33624
0.0,33625
455.01568846495337,33626
0.0,33627
0.0,33628
0.0,33629
58.218400913777145,33630
0.0,33631
0.0,33632
0.0,33633
9.332164537227507,33634
0.0,33635
0.0,33636
0.0,33637
1845.225704361633,33638
0.0,33639
0.0,33640
0.0,33641
0.0,33642
1874.119621899539,33643
0.0,33644
1871.0215794326018,33645
0.0,33646
8899.549291542624,33647
0.0,33648
0.0,33649
0.0,33650
0.0,33651
0.0,33652
0.0,33653
0.0,33654
0.0,33655
0.0,33656
0.0,33657
0.0,33658
1573.1094701998304,33659
551.5702753818987,33660
0.0,33661
0.0,33662
0.0,33663
766.5134353458197,33664
0.0,33665
0.0,33666
0.0,33667
0.0,33668
0.0,33669
0.0,33670
0.0,33671
0.0,33672
0.0,33673
0.0,33674
1865.9964221555326,33675
0.0,33676
0.0,33677
0.0,33678
0.0,33679
0.0,33680
0.0,33681
0.0,33682
0.0,33683
0.0,33684
0.0,33685
0.0,33686
0.0,33687
0.0,33688
0.0,33689
0.0,33690
0.0,33691
0.0,33692
0.0,33693
0.0,33694
0.0,33695
0.0,33696
1265.0536447678476,33697
0.0,33698
0.0,33699
0.0,33700
0.0,33701
0.0,33702
0.0,33703
0.0,33704
0.0,33705
0.0,33706
0.0,33707
0.0,33708
0.0,33709
0.0,33710
0.0,33711
0.0,33712
0.0,33713
0.0,33714
0.0,33715
0.0,33716
0.0,33717
0.0,33718
0.0,33719
0.0,33720
0.0,33721
0.0,33722
0.0,33723
0.0,33724
0.0,33725
0.0,33726
0.0,33727
0.0,33728
0.0,33729
0.0,33730
0.0,33731
0.0,33732
0.0,33733
0.0,33734
0.0,33735
2238.902339573508,33736
0.0,33737
1080.4577552396308,33738
0.0,33739
0.0,33740
0.0,33741
0.0,33742
0.0,33743
0.0,33744
0.0,33745
1860.2585694169359,33746
0.0,33747
1513.8174703297689,33748
0.0,33749
0.0,33750
0.0,33751
0.0,33752
0.0,33753
0.0,33754
0.0,33755
0.0,33756
0.0,33757
0.0,33758
0.0,33759
0.0,33760
0.0,33761
0.0,33762
0.0,33763
0.0,33764
0.0,33765
0.0,33766
0.0,33767
0.0,33768
0.0,33769
1160.3348212301328,33770
1157.4465071181955,33771
1154.5722466244235,33772
0.0,33773
0.0,33774
0.0,33775
0.0,33776
1469.3727030413606,33777
1868.5245045781096,33778
1613.0434828608095,33779
2130.3766304267833,33780
816.8633794799489,33781
0.0,33782
0.0,33783
0.0,33784
0.0,33785
0.0,33786
0.0,33787
0.0,33788
0.0,33789
0.0,33790
0.0,33791
0.0,33792
0.0,33793
0.0,33794
0.0,33795
0.0,33796
0.0,33797
0.0,33798
0.0,33799
0.0,33800
0.0,33801
1948.1523980400227,33802
0.0,33803
1466.7590951356217,33804
0.0,33805
0.0,33806
0.0,33807
1948.371872256566,33808
0.0,33809
0.0,33810
0.0,33811
0.0,33812
0.0,33813
0.0,33814
0.0,33815
0.0,33816
0.0,33817
0.0,33818
0.0,33819
0.0,33820
1295.6185963710889,33821
0.0,33822
0.0,33823
0.0,33824
0.0,33825
5485.188965472336,33826
5483.405708081249,33827
0.0,33828
0.0,33829
0.0,33830
0.0,33831
0.0,33832
0.0,33833
431.584818724087,33834
0.0,33835
0.0,33836
266.37474061660356,33837
0.0,33838
0.0,33839
0.0,33840
0.0,33841
0.0,33842
439.85789840148976,33843
0.0,33844
0.0,33845
830.8619205015858,33846
831.6988180857765,33847
779.0256920896368,33848
0.0,33849
0.0,33850
198.99652071870358,33851
199.91619482441445,33852
200.85984627697852,33853
0.0,33854
201.83125276315,33855
202.8317879585554,33856
0.0,33857
0.0,33858
203.85937433292182,33859
0.0,33860
204.90869656113924,33861
205.97223407470304,33862
0.0,33863
0.0,33864
207.04165898560424,33865
0.0,33866
208.10920248917625,33867
0.0,33868
209.1687132806224,33869
0.0,33870
0.0,33871
0.0,33872
210.21627405015494,33873
211.25036649017898,33874
212.27166107333002,33875
0.0,33876
0.0,33877
213.28255226982915,33878
0.0,33879
0.0,33880
1846.6331250108326,33881
0.0,33882
0.0,33883
0.0,33884
0.0,33885
0.0,33886
0.0,33887
0.0,33888
0.0,33889
0.0,33890
0.0,33891
0.0,33892
208.53941604144754,33893
0.0,33894
0.0,33895
0.0,33896
0.0,33897
0.0,33898
0.0,33899
0.0,33900
0.0,33901
0.0,33902
0.0,33903
0.0,33904
446.3628041391263,33905
0.0,33906
2115.465502623966,33907
2113.961256456979,33908
3219.61289901009,33909
3129.15210935092,33910
2581.499594171313,33911
3219.822847385069,33912
568.3536305545455,33913
0.0,33914
0.0,33915
54.41877518609712,33916
0.0,33917
0.0,33918
1856.4205521621147,33919
0.0,33920
0.0,33921
0.0,33922
54.464898249239454,33923
0.0,33924
0.0,33925
2247.7934829482097,33926
0.0,33927
0.0,33928
0.0,33929
0.0,33930
0.0,33931
0.0,33932
0.0,33933
0.0,33934
510.6996185883309,33935
2751.5513950752525,33936
0.0,33937
0.0,33938
9.198387964797842,33939
0.0,33940
0.0,33941
0.0,33942
0.0,33943
0.0,33944
3208.1343179832384,33945
0.0,33946
0.0,33947
872.3436093033175,33948
0.0,33949
1356.67007902581,33950
2292.997245542335,33951
0.0,33952
365.80855430921895,33953
0.0,33954
0.0,33955
0.0,33956
245.8504109957856,33957
0.0,33958
2569.4580265196764,33959
0.0,33960
0.0,33961
0.0,33962
0.0,33963
1852.866445011914,33964
224.02287085824685,33965
0.0,33966
0.0,33967
0.0,33968
0.0,33969
0.0,33970
1849.8210771879478,33971
0.0,33972
0.0,33973
6844.852955415322,33974
0.0,33975
0.0,33976
0.0,33977
0.0,33978
0.0,33979
0.0,33980
0.0,33981
0.0,33982
0.0,33983
0.0,33984
0.0,33985
0.0,33986
0.0,33987
0.0,33988
0.0,33989
0.0,33990
0.0,33991
0.0,33992
0.0,33993
0.0,33994
0.0,33995
0.0,33996
0.0,33997
0.0,33998
451.6639331498318,33999
347.60748933442625,34000
353.3538421474305,34001
1.3590408659310236,34002
145.1531040937539,34003
509.0050878711553,34004
375.79243296877246,34005
0.0,34006
381.4472226719309,34007
496.63495101484926,34008
173.46358191619066,34009
0.0,34010
2.924423434944409,34011
664.6437631777625,34012
0.0,34013
0.0,34014
0.0,34015
0.0,34016
0.0,34017
0.0,34018
0.0,34019
0.0,34020
257.1139964449703,34021
0.0,34022
0.0,34023
0.0,34024
0.0,34025
0.0,34026
0.0,34027
233.18949034101783,34028
58.339547247973805,34029
0.0,34030
0.0,34031
0.0,34032
0.0,34033
804.6214452141721,34034
0.0,34035
0.0,34036
0.0,34037
0.0,34038
0.0,34039
0.0,34040
0.0,34041
0.0,34042
0.0,34043
0.0,34044
0.0,34045
0.0,34046
0.0,34047
0.0,34048
0.0,34049
0.0,34050
0.0,34051
0.0,34052
0.0,34053
0.0,34054
0.0,34055
0.0,34056
0.0,34057
1858.1639855619346,34058
0.0,34059
0.0,34060
0.0,34061
0.0,34062
0.0,34063
0.0,34064
0.0,34065
0.0,34066
0.0,34067
0.0,34068
0.0,34069
0.0,34070
0.0,34071
0.0,34072
969.7223571063697,34073
0.0,34074
0.0,34075
0.0,34076
0.0,34077
0.0,34078
0.0,34079
0.0,34080
0.0,34081
0.0,34082
0.0,34083
0.0,34084
0.0,34085
0.0,34086
0.0,34087
0.0,34088
0.0,34089
0.0,34090
0.0,34091
1269.9900512731037,34092
0.0,34093
0.0,34094
240.40099111167493,34095
0.0,34096
0.0,34097
0.0,34098
0.0,34099
0.0,34100
0.0,34101
0.0,34102
0.0,34103
1289.336853407251,34104
0.0,34105
0.0,34106
0.0,34107
0.0,34108
0.0,34109
0.0,34110
0.0,34111
0.0,34112
0.0,34113
0.0,34114
0.0,34115
0.0,34116
0.0,34117
0.0,34118
0.0,34119
0.0,34120
0.0,34121
0.0,34122
0.0,34123
0.0,34124
0.0,34125
0.0,34126
0.0,34127
0.0,34128
0.0,34129
0.0,34130
0.0,34131
0.0,34132
0.0,34133
0.0,34134
199.59644226334382,34135
0.0,34136
0.0,34137
3970.472040185917,34138
0.0,34139
0.0,34140
1904.013311541304,34141
482.57937535885264,34142
0.0,34143
1114.2683098242264,34144
222.86137850250205,34145
0.0,34146
0.0,34147
0.0,34148
0.0,34149
0.0,34150
0.0,34151
0.0,34152
0.0,34153
0.0,34154
0.0,34155
0.0,34156
0.0,34157
0.0,34158
0.0,34159
0.0,34160
3060.615534624323,34161
0.0,34162
0.0,34163
0.0,34164
0.0,34165
0.0,34166
0.0,34167
203.72240735245023,34168
0.0,34169
0.0,34170
1177.730368215423,34171
0.0,34172
0.0,34173
214.3962181941133,34174
0.0,34175
0.0,34176
0.0,34177
0.0,34178
0.0,34179
0.0,34180
0.0,34181
0.0,34182
556.9179161251074,34183
576.8343759259784,34184
0.0,34185
0.0,34186
442.741930268787,34187
0.0,34188
0.0,34189
0.0,34190
0.0,34191
0.0,34192
0.0,34193
424.52235775235744,34194
889.8583831682336,34195
4173.516195320442,34196
3786.641028980477,34197
3788.2453594788276,34198
3800.7230964723403,34199
0.0,34200
0.0,34201
0.0,34202
0.0,34203
0.0,34204
0.0,34205
0.0,34206
0.0,34207
0.0,34208
260.7296593337729,34209
0.0,34210
0.0,34211
0.0,34212
0.0,34213
2245.0059717511936,34214
0.0,34215
0.0,34216
0.0,34217
234.64512802545704,34218
5304.251557377868,34219
513.2038939365733,34220
0.0,34221
182.6165500729719,34222
1185.4202309994125,34223
5.85205236082235,34224
0.0,34225
0.0,34226
0.0,34227
0.0,34228
0.0,34229
0.0,34230
0.0,34231
0.0,34232
0.0,34233
130.7466593837169,34234
712.14950381963,34235
0.0,34236
0.0,34237
0.0,34238
0.0,34239
0.0,34240
0.0,34241
0.0,34242
0.0,34243
0.0,34244
1587.897346633058,34245
0.0,34246
0.0,34247
144.14227506886513,34248
0.0,34249
0.0,34250
3458.040786986214,34251
0.0,34252
0.0,34253
0.0,34254
0.0,34255
0.0,34256
598.2184818851284,34257
0.0,34258
0.0,34259
0.0,34260
0.0,34261
0.0,34262
0.0,34263
0.0,34264
0.0,34265
0.0,34266
0.0,34267
0.0,34268
1997.0185934225212,34269
0.0,34270
0.0,34271
0.0,34272
0.0,34273
0.0,34274
0.0,34275
0.0,34276
0.0,34277
0.0,34278
0.0,34279
292.6389573036712,34280
1308.8226699736363,34281
1312.1613900671189,34282
0.0,34283
0.0,34284
0.0,34285
0.0,34286
0.0,34287
0.0,34288
0.0,34289
0.0,34290
1315.5349073798807,34291
0.0,34292
0.0,34293
1318.915987114565,34294
5688.952179412112,34295
7028.9753484362,34296
1786.452381208779,34297
0.0,34298
296.5228098091058,34299
0.0,34300
0.0,34301
0.0,34302
680.9033882462606,34303
0.0,34304
0.0,34305
0.0,34306
0.0,34307
0.0,34308
0.0,34309
0.0,34310
0.0,34311
927.3227695180578,34312
0.0,34313
0.0,34314
0.0,34315
29.53941374786083,34316
0.0,34317
0.0,34318
0.0,34319
0.0,34320
0.0,34321
0.0,34322
0.0,34323
0.0,34324
0.0,34325
501.01434469924067,34326
0.0,34327
0.0,34328
0.0,34329
0.0,34330
0.0,34331
2033.5083493949312,34332
0.0,34333
0.0,34334
0.0,34335
2436.813717729583,34336
0.0,34337
0.0,34338
0.0,34339
0.0,34340
0.0,34341
146.82138551674007,34342
394.93406297527474,34343
0.0,34344
0.0,34345
0.0,34346
0.0,34347
0.0,34348
0.0,34349
0.0,34350
0.0,34351
0.0,34352
0.0,34353
0.0,34354
0.0,34355
0.0,34356
0.0,34357
0.0,34358
0.0,34359
0.0,34360
0.0,34361
0.0,34362
0.0,34363
0.0,34364
0.0,34365
0.0,34366
0.0,34367
0.0,34368
0.0,34369
0.0,34370
0.0,34371
0.0,34372
0.0,34373
0.0,34374
0.0,34375
3095.849447367938,34376
577.9605263069826,34377
0.0,34378
191.75447851488983,34379
0.0,34380
0.0,34381
0.0,34382
0.0,34383
0.0,34384
0.0,34385
0.0,34386
0.0,34387
290.4511236806083,34388
0.0,34389
2825.554267832187,34390
0.0,34391
0.0,34392
0.0,34393
0.0,34394
0.0,34395
0.0,34396
0.0,34397
0.0,34398
0.0,34399
0.0,34400
0.0,34401
468.4756686403761,34402
0.0,34403
0.0,34404
2289.59018358978,34405
0.0,34406
0.0,34407
0.0,34408
0.0,34409
0.0,34410
0.0,34411
0.0,34412
3303.0757687627934,34413
0.0,34414
742.549152642331,34415
0.0,34416
0.0,34417
0.0,34418
0.0,34419
0.0,34420
0.0,34421
0.0,34422
0.0,34423
0.0,34424
607.5052399713178,34425
0.0,34426
0.0,34427
0.0,34428
167.8254888127038,34429
1872.5290026273035,34430
759.1020177792967,34431
571.616783318568,34432
0.0,34433
2800.757147204891,34434
0.0,34435
0.0,34436
0.0,34437
2496.1778881664495,34438
0.0,34439
0.0,34440
0.0,34441
3183.580568867909,34442
764.9481888761119,34443
0.0,34444
0.0,34445
0.0,34446
0.0,34447
0.0,34448
0.0,34449
4812.159814898137,34450
0.0,34451
0.0,34452
0.0,34453
0.0,34454
0.0,34455
0.0,34456
0.0,34457
0.0,34458
0.0,34459
0.0,34460
0.0,34461
0.0,34462
0.0,34463
0.0,34464
0.0,34465
0.0,34466
562.658388683544,34467
0.0,34468
0.0,34469
0.0,34470
0.0,34471
0.0,34472
0.0,34473
0.0,34474
171.28197160250772,34475
0.0,34476
0.0,34477
0.0,34478
0.0,34479
0.0,34480
0.0,34481
0.0,34482
0.0,34483
0.0,34484
1220.3990982676112,34485
0.0,34486
0.0,34487
4798.006797761445,34488
0.0,34489
4405.102322056781,34490
987.2402283267671,34491
2965.601516354651,34492
3037.8512190017605,34493
0.0,34494
4355.694403295092,34495
3574.035477592644,34496
289.3042990955106,34497
0.0,34498
0.0,34499
0.0,34500
3410.3416689685037,34501
0.0,34502
2177.5656954324463,34503
3443.8635116255437,34504
0.0,34505
2478.933420432274,34506
494.17979825145005,34507
0.0,34508
366.4744986693436,34509
0.0,34510
1758.044242841913,34511
0.0,34512
0.0,34513
0.0,34514
376.9589761906653,34515
3327.986987931927,34516
0.0,34517
0.0,34518
0.0,34519
0.0,34520
0.0,34521
0.0,34522
0.0,34523
0.0,34524
0.0,34525
0.0,34526
0.0,34527
0.0,34528
0.0,34529
0.0,34530
0.0,34531
74.34602160391691,34532
0.0,34533
0.0,34534
0.0,34535
0.0,34536
0.0,34537
0.0,34538
0.0,34539
0.0,34540
0.0,34541
0.0,34542
0.0,34543
0.0,34544
0.0,34545
0.0,34546
0.0,34547
0.0,34548
0.0,34549
0.0,34550
0.0,34551
0.0,34552
0.0,34553
0.0,34554
0.0,34555
0.0,34556
0.0,34557
0.0,34558
0.0,34559
0.0,34560
0.0,34561
0.0,34562
2397.092269944811,34563
0.0,34564
0.0,34565
1205.0784092205333,34566
0.0,34567
0.0,34568
0.0,34569
0.0,34570
0.0,34571
0.0,34572
4090.4829384506324,34573
2533.050837690107,34574
0.0,34575
5607.1298385723785,34576
2170.294417976217,34577
0.0,34578
0.0,34579
2831.5719494304863,34580
2856.718905624043,34581
0.0,34582
0.0,34583
0.0,34584
0.0,34585
888.228108361745,34586
2381.1063383023975,34587
0.0,34588
0.0,34589
0.0,34590
0.0,34591
534.1085473672716,34592
0.0,34593
535.7143608070431,34594
0.0,34595
0.0,34596
0.0,34597
0.0,34598
0.0,34599
0.0,34600
0.0,34601
0.0,34602
0.0,34603
1841.444635491294,34604
0.0,34605
2112.0635308163696,34606
0.0,34607
666.7997715814311,34608
0.0,34609
0.0,34610
0.0,34611
0.0,34612
0.0,34613
1877.2933144112926,34614
0.0,34615
827.7542282957011,34616
0.0,34617
0.0,34618
2519.511402111326,34619
3267.9925201084957,34620
0.0,34621
1215.74997550713,34622
828.2746933523314,34623
3157.8889301976005,34624
1784.1040640765261,34625
0.0,34626
0.0,34627
0.0,34628
0.0,34629
332.7009805367535,34630
0.0,34631
0.0,34632
0.0,34633
0.0,34634
0.0,34635
4135.62982646964,34636
0.0,34637
3598.809626805647,34638
4139.245998380995,34639
0.0,34640
0.0,34641
0.0,34642
1643.7154859678467,34643
1413.2376303255883,34644
0.0,34645
1430.2682274078306,34646
2202.8818029448234,34647
0.0,34648
0.0,34649
1192.538665178769,34650
0.0,34651
1195.004215927137,34652
1197.411316120909,34653
1387.0160101763322,34654
4545.676731664722,34655
0.0,34656
278.47364456971104,34657
0.0,34658
0.0,34659
0.0,34660
0.0,34661
672.7718213563123,34662
0.0,34663
0.0,34664
0.0,34665
0.0,34666
0.0,34667
0.0,34668
0.0,34669
1293.1825802709884,34670
1198.7427380425672,34671
2249.8799513859753,34672
0.0,34673
2580.0856580755217,34674
0.0,34675
5065.372816533068,34676
4487.372946942714,34677
0.0,34678
0.0,34679
1184.166659971111,34680
0.0,34681
0.0,34682
1152.4974345632288,34683
0.0,34684
0.0,34685
0.0,34686
3433.0172276467224,34687
0.0,34688
0.0,34689
1776.1682105267755,34690
2889.43972318597,34691
0.0,34692
1707.6668300257718,34693
2398.387653537883,34694
0.0,34695
2270.168366355999,34696
0.0,34697
4524.649984594526,34698
4521.728611674327,34699
0.0,34700
0.0,34701
0.0,34702
0.0,34703
0.0,34704
0.0,34705
0.0,34706
0.0,34707
6702.643063060108,34708
0.0,34709
0.0,34710
0.0,34711
0.0,34712
297.86788510943836,34713
0.0,34714
0.0,34715
0.0,34716
0.0,34717
0.0,34718
0.0,34719
0.0,34720
0.0,34721
0.0,34722
0.0,34723
804.1901396967343,34724
0.0,34725
0.0,34726
0.0,34727
0.0,34728
0.0,34729
0.0,34730
0.0,34731
0.0,34732
0.0,34733
0.0,34734
0.0,34735
0.0,34736
0.0,34737
0.0,34738
0.0,34739
0.0,34740
0.0,34741
0.0,34742
0.0,34743
2086.518352061458,34744
0.0,34745
721.2786584186449,34746
0.0,34747
0.0,34748
0.0,34749
0.0,34750
0.0,34751
0.0,34752
0.0,34753
231.22684305284994,34754
227.8556441354832,34755
0.0,34756
579.4620593475314,34757
0.0,34758
55.457479941267444,34759
0.0,34760
0.0,34761
0.0,34762
0.0,34763
0.0,34764
0.0,34765
0.0,34766
0.0,34767
1455.921243970073,34768
0.0,34769
0.0,34770
0.0,34771
0.0,34772
0.0,34773
0.0,34774
0.0,34775
0.0,34776
0.0,34777
0.0,34778
0.0,34779
0.0,34780
0.0,34781
0.0,34782
0.0,34783
0.0,34784
0.0,34785
0.0,34786
0.0,34787
0.0,34788
0.0,34789
0.0,34790
0.0,34791
0.0,34792
0.0,34793
0.0,34794
0.0,34795
0.0,34796
0.0,34797
0.0,34798
0.0,34799
0.0,34800
0.0,34801
0.0,34802
0.0,34803
0.0,34804
0.0,34805
0.0,34806
510.5831254164022,34807
0.0,34808
0.0,34809
0.0,34810
0.0,34811
0.0,34812
0.0,34813
0.0,34814
0.0,34815
0.0,34816
0.0,34817
0.0,34818
0.0,34819
0.0,34820
0.0,34821
0.0,34822
0.0,34823
0.0,34824
0.0,34825
0.0,34826
0.0,34827
0.0,34828
0.0,34829
0.0,34830
0.0,34831
0.0,34832
0.0,34833
0.0,34834
0.0,34835
0.0,34836
0.0,34837
2363.293720963983,34838
0.0,34839
0.0,34840
0.0,34841
0.0,34842
0.0,34843
0.0,34844
0.0,34845
0.0,34846
0.0,34847
0.0,34848
0.0,34849
0.0,34850
0.0,34851
0.0,34852
0.0,34853
0.0,34854
0.0,34855
0.0,34856
0.0,34857
0.0,34858
0.0,34859
0.0,34860
0.0,34861
0.0,34862
0.0,34863
0.0,34864
0.0,34865
0.0,34866
0.0,34867
0.0,34868
0.0,34869
0.0,34870
0.0,34871
0.0,34872
0.0,34873
0.0,34874
0.0,34875
0.0,34876
0.0,34877
0.0,34878
0.0,34879
0.0,34880
0.0,34881
0.0,34882
0.0,34883
0.0,34884
0.0,34885
1841.1963700427114,34886
0.0,34887
0.0,34888
0.0,34889
0.0,34890
0.0,34891
0.0,34892
0.0,34893
0.0,34894
0.0,34895
0.0,34896
0.0,34897
1151.6264618233852,34898
1160.3420804029674,34899
0.0,34900
0.0,34901
0.0,34902
0.0,34903
0.0,34904
0.0,34905
0.0,34906
0.0,34907
0.0,34908
1340.2726772718752,34909
0.0,34910
0.0,34911
0.0,34912
915.6151881064153,34913
0.0,34914
0.0,34915
0.0,34916
0.0,34917
0.0,34918
1205.3608609110945,34919
0.0,34920
0.0,34921
755.1048120980545,34922
0.0,34923
676.2713149090154,34924
678.877376255098,34925
250.23754450035977,34926
0.0,34927
0.0,34928
0.0,34929
0.0,34930
0.0,34931
0.0,34932
0.0,34933
0.0,34934
0.0,34935
0.0,34936
0.0,34937
0.0,34938
0.0,34939
0.0,34940
0.0,34941
0.0,34942
0.0,34943
0.0,34944
0.0,34945
0.0,34946
0.0,34947
0.0,34948
0.0,34949
0.0,34950
0.0,34951
0.0,34952
0.0,34953
0.0,34954
0.0,34955
701.9848092573496,34956
1141.7490703277094,34957
0.0,34958
0.0,34959
0.0,34960
0.0,34961
0.0,34962
0.0,34963
0.0,34964
950.0865877783942,34965
0.0,34966
816.5260723353906,34967
0.0,34968
0.0,34969
0.0,34970
707.3078046465813,34971
0.0,34972
0.0,34973
0.0,34974
930.2583571675168,34975
709.7751794911771,34976
0.0,34977
1239.188994283897,34978
0.0,34979
0.0,34980
1244.8357013386947,34981
1247.3928027530128,34982
1249.9829362308194,34983
0.0,34984
0.0,34985
1215.7417098027606,34986
574.8350067133015,34987
0.0,34988
1207.2036796983512,34989
0.0,34990
0.0,34991
0.0,34992
0.0,34993
0.0,34994
171.0354864466546,34995
0.0,34996
0.0,34997
0.0,34998
0.0,34999
0.0,35000
0.0,35001
0.0,35002
0.0,35003
0.0,35004
0.0,35005
0.0,35006
0.0,35007
0.0,35008
0.0,35009
0.0,35010
486.7519946453646,35011
465.97552767094334,35012
1013.0094907983248,35013
0.0,35014
0.0,35015
0.0,35016
0.0,35017
0.0,35018
0.0,35019
0.0,35020
0.0,35021
158.3553016064062,35022
0.0,35023
0.0,35024
0.0,35025
0.0,35026
0.0,35027
0.0,35028
0.0,35029
0.0,35030
0.0,35031
0.0,35032
0.0,35033
0.0,35034
0.0,35035
0.0,35036
0.0,35037
347.9496796721727,35038
0.0,35039
0.0,35040
0.0,35041
0.0,35042
0.0,35043
0.0,35044
0.0,35045
0.0,35046
0.0,35047
0.0,35048
0.0,35049
0.0,35050
0.0,35051
0.0,35052
2839.0476986320646,35053
0.0,35054
3173.4766862857864,35055
0.0,35056
1938.4082341090066,35057
1934.0940626924262,35058
0.0,35059
1376.6348360602444,35060
3368.5396252504547,35061
0.0,35062
3366.7126697345043,35063
0.0,35064
0.0,35065
0.0,35066
0.0,35067
0.0,35068
2068.2908814188627,35069
0.0,35070
0.0,35071
0.0,35072
0.0,35073
0.0,35074
0.0,35075
0.0,35076
392.81026374148144,35077
0.0,35078
0.0,35079
0.0,35080
0.0,35081
0.0,35082
1454.1928222449278,35083
0.0,35084
0.0,35085
0.0,35086
0.0,35087
1051.4164199338754,35088
0.0,35089
0.0,35090
0.0,35091
0.0,35092
0.0,35093
0.0,35094
0.0,35095
0.0,35096
0.0,35097
0.0,35098
0.0,35099
0.0,35100
0.0,35101
310.579911516457,35102
0.0,35103
4288.9544120652345,35104
0.0,35105
0.0,35106
536.720823131388,35107
0.0,35108
358.8697828659444,35109
0.0,35110
713.8572405853884,35111
0.0,35112
0.0,35113
0.0,35114
0.0,35115
0.0,35116
0.0,35117
0.0,35118
0.0,35119
0.0,35120
0.0,35121
0.0,35122
0.0,35123
0.0,35124
4317.9169547335,35125
3648.08984636319,35126
0.0,35127
0.0,35128
0.0,35129
0.0,35130
0.0,35131
0.0,35132
0.0,35133
0.0,35134
0.0,35135
0.0,35136
0.0,35137
0.0,35138
508.23632235483774,35139
0.0,35140
0.0,35141
0.0,35142
0.0,35143
0.0,35144
0.0,35145
0.0,35146
0.0,35147
0.0,35148
0.0,35149
0.0,35150
0.0,35151
0.0,35152
0.0,35153
0.0,35154
0.0,35155
100.63426708123842,35156
0.0,35157
0.0,35158
0.0,35159
0.0,35160
0.0,35161
0.0,35162
3232.4751990580608,35163
0.0,35164
0.0,35165
0.0,35166
0.0,35167
0.0,35168
0.0,35169
0.0,35170
0.0,35171
5587.541557786414,35172
0.0,35173
0.0,35174
0.0,35175
0.0,35176
0.0,35177
0.0,35178
0.0,35179
0.0,35180
0.0,35181
979.4594581917047,35182
0.0,35183
0.0,35184
0.0,35185
0.0,35186
0.0,35187
0.0,35188
0.0,35189
2375.657981831185,35190
0.0,35191
0.0,35192
2851.2332976369867,35193
0.0,35194
0.0,35195
1007.3742858099455,35196
0.0,35197
0.0,35198
4315.260246607222,35199
0.0,35200
482.9556912247686,35201
0.0,35202
0.0,35203
0.0,35204
2133.1375234377,35205
1153.6138489543541,35206
0.0,35207
0.0,35208
0.0,35209
0.0,35210
0.0,35211
1817.7282113777478,35212
0.0,35213
0.0,35214
0.0,35215
0.0,35216
849.0678420874005,35217
0.0,35218
0.0,35219
0.0,35220
227.60624747084884,35221
852.1781970507964,35222
0.0,35223
0.0,35224
0.0,35225
0.0,35226
0.0,35227
0.0,35228
0.0,35229
0.0,35230
0.0,35231
0.0,35232
0.0,35233
0.0,35234
1177.706097671653,35235
0.0,35236
1179.3110802507763,35237
0.0,35238
0.0,35239
0.0,35240
0.0,35241
0.0,35242
0.0,35243
0.0,35244
0.0,35245
244.79685895916447,35246
0.0,35247
0.0,35248
0.0,35249
0.0,35250
0.0,35251
0.0,35252
0.0,35253
0.0,35254
0.0,35255
1424.999983053945,35256
0.0,35257
0.0,35258
0.0,35259
0.0,35260
0.0,35261
0.0,35262
0.0,35263
0.0,35264
0.0,35265
0.0,35266
1506.7593672547002,35267
0.0,35268
0.0,35269
0.0,35270
0.0,35271
0.0,35272
383.12561112749876,35273
0.0,35274
0.0,35275
0.0,35276
0.0,35277
334.96554709808015,35278
0.0,35279
0.0,35280
0.0,35281
2235.8649535661507,35282
0.0,35283
0.0,35284
0.0,35285
0.0,35286
1709.9458911594927,35287
0.0,35288
510.8470918949744,35289
0.0,35290
0.0,35291
0.0,35292
0.0,35293
0.0,35294
0.0,35295
1979.7635246897464,35296
0.0,35297
0.0,35298
0.0,35299
0.0,35300
0.0,35301
3452.4585799016418,35302
3359.1762009082177,35303
505.1679559509583,35304
0.0,35305
0.0,35306
0.0,35307
0.0,35308
0.0,35309
0.0,35310
0.0,35311
383.55813471323654,35312
0.0,35313
0.0,35314
0.0,35315
0.0,35316
0.0,35317
0.0,35318
0.0,35319
0.0,35320
0.0,35321
0.0,35322
0.0,35323
553.2425306860775,35324
0.0,35325
0.0,35326
0.0,35327
38.504451484107335,35328
0.0,35329
0.0,35330
0.0,35331
0.0,35332
0.0,35333
0.0,35334
0.0,35335
0.0,35336
0.0,35337
0.0,35338
0.0,35339
0.0,35340
3169.790986485801,35341
862.9040894634887,35342
0.0,35343
0.0,35344
0.0,35345
0.0,35346
0.0,35347
772.3144379545885,35348
440.40656025957463,35349
444.8828106011571,35350
0.0,35351
0.0,35352
0.0,35353
0.0,35354
0.0,35355
0.0,35356
0.0,35357
0.0,35358
0.0,35359
0.0,35360
0.0,35361
0.0,35362
0.0,35363
0.0,35364
0.0,35365
0.0,35366
0.0,35367
0.0,35368
0.0,35369
0.0,35370
0.0,35371
0.0,35372
0.0,35373
0.0,35374
0.0,35375
0.0,35376
0.0,35377
312.90613925484996,35378
0.0,35379
933.2022138960912,35380
0.0,35381
0.0,35382
0.0,35383
0.0,35384
0.0,35385
0.0,35386
0.0,35387
0.0,35388
0.0,35389
0.0,35390
0.0,35391
0.0,35392
0.0,35393
0.0,35394
0.0,35395
0.0,35396
164.1180196684658,35397
825.5691873133352,35398
0.0,35399
543.869851032416,35400
20.858066145751216,35401
0.0,35402
0.0,35403
0.0,35404
0.0,35405
1005.2368294323569,35406
1004.4982603949655,35407
0.0,35408
0.0,35409
0.0,35410
969.8347386916776,35411
0.0,35412
539.8612758611691,35413
0.0,35414
577.8550822563232,35415
0.0,35416
990.079272970555,35417
0.0,35418
504.93339039071446,35419
0.0,35420
0.0,35421
0.0,35422
1277.2370908264222,35423
0.0,35424
0.0,35425
0.0,35426
0.0,35427
0.0,35428
2118.8690410297168,35429
0.0,35430
0.0,35431
0.0,35432
578.3746161678223,35433
0.0,35434
2835.304269745733,35435
0.0,35436
0.0,35437
0.0,35438
0.0,35439
0.0,35440
0.0,35441
0.0,35442
0.0,35443
0.0,35444
0.0,35445
0.0,35446
0.0,35447
0.0,35448
0.0,35449
0.0,35450
0.0,35451
0.0,35452
0.0,35453
0.0,35454
741.6074618496331,35455
0.0,35456
2056.444459020362,35457
0.0,35458
2056.2986328223537,35459
1037.9909443743884,35460
0.0,35461
0.0,35462
0.0,35463
770.3672145876393,35464
0.0,35465
967.3168629974405,35466
0.0,35467
0.0,35468
0.0,35469
0.0,35470
0.0,35471
0.0,35472
0.0,35473
0.0,35474
0.0,35475
0.0,35476
0.0,35477
0.0,35478
0.0,35479
0.0,35480
0.0,35481
0.0,35482
0.0,35483
0.0,35484
0.0,35485
0.0,35486
0.0,35487
0.0,35488
0.0,35489
0.0,35490
1040.4000395624141,35491
0.0,35492
0.0,35493
0.0,35494
0.0,35495
1040.584187910951,35496
0.0,35497
1040.7929745079302,35498
0.0,35499
0.0,35500
0.0,35501
0.0,35502
0.0,35503
0.0,35504
3033.487848681523,35505
0.0,35506
1042.107463140993,35507
0.0,35508
0.0,35509
0.0,35510
0.0,35511
0.0,35512
0.0,35513
0.0,35514
0.0,35515
0.0,35516
0.0,35517
0.0,35518
0.0,35519
0.0,35520
0.0,35521
0.0,35522
0.0,35523
0.0,35524
0.0,35525
0.0,35526
0.0,35527
0.0,35528
525.370881602889,35529
0.0,35530
0.0,35531
0.0,35532
0.0,35533
0.0,35534
0.0,35535
0.0,35536
0.0,35537
0.0,35538
0.0,35539
0.0,35540
0.0,35541
155.01305334747667,35542
0.0,35543
0.0,35544
0.0,35545
0.0,35546
0.0,35547
0.0,35548
0.0,35549
0.0,35550
941.877538245534,35551
0.0,35552
0.0,35553
0.0,35554
0.0,35555
1262.8811481448886,35556
0.0,35557
0.0,35558
0.0,35559
0.0,35560
0.0,35561
21.056178354954817,35562
0.0,35563
0.0,35564
0.0,35565
0.0,35566
1197.6072042799817,35567
0.0,35568
0.0,35569
0.0,35570
0.0,35571
0.0,35572
0.0,35573
0.0,35574
0.0,35575
0.0,35576
0.0,35577
0.0,35578
0.0,35579
0.0,35580
0.0,35581
0.0,35582
0.0,35583
0.0,35584
0.0,35585
0.0,35586
0.0,35587
0.0,35588
0.0,35589
0.0,35590
0.0,35591
0.0,35592
394.02300532885516,35593
0.0,35594
0.0,35595
0.0,35596
0.0,35597
0.0,35598
0.0,35599
4469.070762581121,35600
0.0,35601
0.0,35602
0.0,35603
0.0,35604
0.0,35605
0.0,35606
0.0,35607
0.0,35608
0.0,35609
0.0,35610
0.0,35611
0.0,35612
0.0,35613
0.0,35614
0.0,35615
0.0,35616
0.0,35617
0.0,35618
0.0,35619
0.0,35620
0.0,35621
0.0,35622
0.0,35623
0.0,35624
0.0,35625
0.0,35626
0.0,35627
0.0,35628
0.0,35629
0.0,35630
0.0,35631
0.0,35632
0.0,35633
0.0,35634
0.0,35635
0.0,35636
0.0,35637
0.0,35638
0.0,35639
0.0,35640
0.0,35641
0.0,35642
1968.3152817903897,35643
0.0,35644
0.0,35645
0.0,35646
0.0,35647
893.7365518062895,35648
0.0,35649
0.0,35650
0.0,35651
0.0,35652
0.0,35653
0.0,35654
0.0,35655
0.0,35656
0.0,35657
648.7210657750661,35658
0.0,35659
0.0,35660
0.0,35661
0.0,35662
0.0,35663
0.0,35664
0.0,35665
0.0,35666
0.0,35667
0.0,35668
0.0,35669
0.0,35670
0.0,35671
0.0,35672
0.0,35673
0.0,35674
0.0,35675
0.0,35676
0.0,35677
0.0,35678
1289.1180381544589,35679
0.0,35680
1288.846405848218,35681
0.0,35682
0.0,35683
0.0,35684
0.0,35685
0.0,35686
0.0,35687
0.0,35688
0.0,35689
0.0,35690
0.0,35691
0.0,35692
0.0,35693
0.0,35694
1288.4790346253865,35695
0.0,35696
656.2761757241527,35697
0.0,35698
0.0,35699
0.0,35700
0.0,35701
0.0,35702
0.0,35703
0.0,35704
0.0,35705
0.0,35706
0.0,35707
0.0,35708
0.0,35709
0.0,35710
0.0,35711
0.0,35712
0.0,35713
0.0,35714
0.0,35715
0.0,35716
0.0,35717
0.0,35718
0.0,35719
0.0,35720
0.0,35721
0.0,35722
0.0,35723
0.0,35724
0.0,35725
0.0,35726
0.0,35727
0.0,35728
0.0,35729
0.0,35730
0.0,35731
0.0,35732
0.0,35733
0.0,35734
0.0,35735
0.0,35736
0.0,35737
0.0,35738
0.0,35739
31.53777007869213,35740
0.0,35741
0.0,35742
0.0,35743
0.0,35744
0.0,35745
0.0,35746
0.0,35747
0.0,35748
0.0,35749
0.0,35750
0.0,35751
0.0,35752
0.0,35753
0.0,35754
0.0,35755
0.0,35756
0.0,35757
0.0,35758
0.0,35759
0.0,35760
0.0,35761
0.0,35762
0.0,35763
0.0,35764
0.0,35765
0.0,35766
0.0,35767
0.0,35768
0.0,35769
0.0,35770
0.0,35771
0.0,35772
641.3771739166148,35773
0.0,35774
0.0,35775
0.0,35776
0.0,35777
0.0,35778
0.0,35779
0.0,35780
0.0,35781
0.0,35782
0.0,35783
0.0,35784
0.0,35785
0.0,35786
0.0,35787
0.0,35788
0.0,35789
3202.71932542064,35790
0.0,35791
0.0,35792
0.0,35793
0.0,35794
0.0,35795
0.0,35796
0.0,35797
0.0,35798
0.0,35799
0.0,35800
0.0,35801
0.0,35802
0.0,35803
0.0,35804
0.0,35805
2105.8829024991937,35806
4084.318272562108,35807
6889.120684282062,35808
0.0,35809
0.0,35810
0.0,35811
0.0,35812
0.0,35813
0.0,35814
0.0,35815
0.0,35816
195.9358007309289,35817
0.0,35818
0.0,35819
0.0,35820
4692.679691626058,35821
0.0,35822
0.0,35823
0.0,35824
0.0,35825
0.0,35826
0.0,35827
0.0,35828
0.0,35829
0.0,35830
0.0,35831
0.0,35832
0.0,35833
0.0,35834
0.0,35835
0.0,35836
0.0,35837
0.0,35838
0.0,35839
0.0,35840
22.3467349807141,35841
0.0,35842
464.7644503395338,35843
0.0,35844
0.0,35845
0.0,35846
0.0,35847
0.0,35848
0.0,35849
0.0,35850
0.0,35851
0.0,35852
0.0,35853
0.0,35854
0.0,35855
0.0,35856
0.0,35857
0.0,35858
0.0,35859
0.0,35860
0.0,35861
0.0,35862
0.0,35863
0.0,35864
0.0,35865
0.0,35866
0.0,35867
10495.726051401809,35868
0.0,35869
437.52873786691333,35870
660.4162997987243,35871
0.0,35872
0.0,35873
0.0,35874
0.0,35875
445.9917524966192,35876
0.0,35877
0.0,35878
0.0,35879
0.0,35880
0.0,35881
3924.610580848632,35882
1763.8746672606508,35883
0.0,35884
748.0203669820827,35885
0.0,35886
0.0,35887
0.0,35888
0.0,35889
3927.012814357288,35890
0.0,35891
0.0,35892
0.0,35893
0.0,35894
0.0,35895
0.0,35896
0.0,35897
0.0,35898
870.8367652358518,35899
0.0,35900
1384.880153432379,35901
0.0,35902
0.0,35903
0.0,35904
0.0,35905
0.0,35906
0.0,35907
0.0,35908
0.0,35909
0.0,35910
0.0,35911
0.0,35912
0.0,35913
0.0,35914
0.0,35915
0.0,35916
0.0,35917
0.0,35918
0.0,35919
0.0,35920
0.0,35921
0.0,35922
0.0,35923
0.0,35924
0.0,35925
0.0,35926
0.0,35927
0.0,35928
0.0,35929
0.0,35930
572.4479568258076,35931
0.0,35932
2304.8904123652183,35933
0.0,35934
0.0,35935
0.0,35936
0.0,35937
0.0,35938
0.0,35939
0.0,35940
0.0,35941
0.0,35942
0.0,35943
0.0,35944
0.0,35945
482.897631187159,35946
0.0,35947
0.0,35948
0.0,35949
0.0,35950
0.0,35951
0.0,35952
0.0,35953
0.0,35954
107.58564051359703,35955
0.0,35956
405.93225013079183,35957
0.0,35958
0.0,35959
0.0,35960
0.0,35961
0.0,35962
107.93657749051752,35963
0.0,35964
0.0,35965
0.0,35966
0.0,35967
0.0,35968
0.0,35969
0.0,35970
0.0,35971
0.0,35972
0.0,35973
112.16573515028956,35974
0.0,35975
0.0,35976
0.0,35977
0.0,35978
0.0,35979
1556.1979081621034,35980
0.0,35981
0.0,35982
0.0,35983
0.0,35984
0.0,35985
0.0,35986
0.0,35987
0.0,35988
0.0,35989
0.0,35990
0.0,35991
0.0,35992
0.0,35993
0.0,35994
680.1573364138933,35995
0.0,35996
0.0,35997
0.0,35998
0.0,35999
0.0,36000
1307.326185643436,36001
0.0,36002
0.0,36003
0.0,36004
0.0,36005
0.0,36006
0.0,36007
0.0,36008
0.0,36009
4435.93999415372,36010
0.0,36011
0.0,36012
0.0,36013
0.0,36014
0.0,36015
0.0,36016
0.0,36017
0.0,36018
1084.9330623088306,36019
0.0,36020
0.0,36021
0.0,36022
0.0,36023
0.0,36024
0.0,36025
0.0,36026
0.0,36027
0.0,36028
0.0,36029
0.0,36030
0.0,36031
0.0,36032
0.0,36033
474.9541193866267,36034
0.0,36035
0.0,36036
0.0,36037
0.0,36038
0.0,36039
0.0,36040
0.0,36041
0.0,36042
0.0,36043
0.0,36044
0.0,36045
0.0,36046
0.0,36047
0.0,36048
0.0,36049
0.0,36050
0.0,36051
0.0,36052
0.0,36053
0.0,36054
0.0,36055
0.0,36056
0.0,36057
0.0,36058
0.0,36059
0.0,36060
0.0,36061
0.0,36062
0.0,36063
0.0,36064
0.0,36065
0.0,36066
0.0,36067
0.0,36068
0.0,36069
0.0,36070
3981.538658917737,36071
0.0,36072
0.0,36073
0.0,36074
5.235358097357413,36075
5.474345016140659,36076
0.0,36077
839.3816375156968,36078
0.0,36079
329.6329338899429,36080
1730.2053825153012,36081
0.0,36082
0.0,36083
0.0,36084
0.0,36085
3872.797286905558,36086
0.0,36087
63.19054079474026,36088
0.0,36089
0.0,36090
1265.1013246910118,36091
1260.5919307634338,36092
0.0,36093
0.0,36094
0.0,36095
0.0,36096
0.0,36097
0.0,36098
0.0,36099
0.0,36100
4283.7691262636745,36101
4289.915634314145,36102
623.1485398204371,36103
0.0,36104
1752.2641398152678,36105
0.0,36106
0.0,36107
612.6205245049191,36108
0.0,36109
0.0,36110
0.0,36111
0.0,36112
0.0,36113
0.0,36114
0.0,36115
0.0,36116
518.2445897727118,36117
2317.540501836921,36118
0.0,36119
0.0,36120
0.0,36121
0.0,36122
0.0,36123
3636.2492069704567,36124
0.0,36125
0.0,36126
2772.857877617295,36127
0.0,36128
2783.453532264536,36129
2556.9567186477034,36130
0.0,36131
0.0,36132
121.84248529195551,36133
0.0,36134
0.0,36135
0.0,36136
0.0,36137
0.0,36138
117.05488796752891,36139
695.9750061204168,36140
0.0,36141
0.0,36142
112.14710480226084,36143
0.0,36144
0.0,36145
0.0,36146
0.0,36147
0.0,36148
0.0,36149
0.0,36150
0.0,36151
0.0,36152
0.0,36153
0.0,36154
0.0,36155
0.0,36156
0.0,36157
0.0,36158
0.0,36159
0.0,36160
0.0,36161
0.0,36162
0.0,36163
0.0,36164
0.0,36165
0.0,36166
0.0,36167
0.0,36168
0.0,36169
0.0,36170
0.0,36171
0.0,36172
0.0,36173
0.0,36174
0.0,36175
0.0,36176
0.0,36177
0.0,36178
0.0,36179
0.0,36180
0.0,36181
0.0,36182
0.0,36183
0.0,36184
0.0,36185
0.0,36186
0.0,36187
3701.8172407784846,36188
0.0,36189
0.0,36190
6657.205783086588,36191
0.0,36192
0.0,36193
0.0,36194
4518.591274310129,36195
15.692458793514778,36196
0.0,36197
0.0,36198
0.0,36199
0.0,36200
0.0,36201
0.0,36202
0.0,36203
0.0,36204
0.0,36205
0.0,36206
0.0,36207
322.130598823485,36208
0.0,36209
0.0,36210
0.0,36211
0.0,36212
0.0,36213
0.0,36214
615.3079037722707,36215
0.0,36216
0.0,36217
0.0,36218
96.58034991049429,36219
0.0,36220
2535.3275518674654,36221
0.0,36222
179.5370807013466,36223
0.0,36224
0.0,36225
0.0,36226
0.0,36227
0.0,36228
0.0,36229
0.0,36230
0.0,36231
0.0,36232
0.0,36233
0.0,36234
0.0,36235
0.0,36236
0.0,36237
0.0,36238
0.0,36239
0.0,36240
0.0,36241
627.2379287164089,36242
0.0,36243
0.0,36244
2982.05361261356,36245
0.0,36246
0.0,36247
0.0,36248
5687.551836036132,36249
76.19508637151559,36250
1824.7596689164636,36251
0.0,36252
0.0,36253
0.0,36254
0.0,36255
0.0,36256
0.0,36257
0.0,36258
0.0,36259
75.60791643581707,36260
0.0,36261
0.0,36262
957.645129070037,36263
0.0,36264
0.0,36265
0.0,36266
0.0,36267
0.0,36268
0.0,36269
0.0,36270
0.0,36271
0.0,36272
0.0,36273
0.0,36274
63.24618394255329,36275
0.0,36276
0.0,36277
0.0,36278
633.167803617972,36279
0.0,36280
0.0,36281
0.0,36282
0.0,36283
0.0,36284
0.0,36285
0.0,36286
0.0,36287
0.0,36288
0.0,36289
804.4336752646497,36290
0.0,36291
5452.752224816853,36292
0.0,36293
0.0,36294
0.0,36295
0.0,36296
0.0,36297
802.0300588713537,36298
0.0,36299
0.0,36300
0.0,36301
4235.287841665638,36302
0.0,36303
0.0,36304
0.0,36305
0.0,36306
2664.1722893208316,36307
0.0,36308
0.0,36309
0.0,36310
0.0,36311
0.0,36312
0.0,36313
0.0,36314
0.0,36315
0.0,36316
0.0,36317
799.3740470597081,36318
1332.715172730461,36319
1329.6119998128906,36320
4750.866187262341,36321
0.0,36322
0.0,36323
0.0,36324
0.0,36325
0.0,36326
1899.0643382922078,36327
0.0,36328
0.0,36329
0.0,36330
0.0,36331
0.0,36332
611.5505042509478,36333
311.8201570381978,36334
0.0,36335
706.0892561622687,36336
355.20322294816805,36337
702.2883315502207,36338
0.0,36339
0.0,36340
0.0,36341
0.0,36342
467.34722915639753,36343
1435.851266441681,36344
0.0,36345
0.0,36346
1121.041210950579,36347
0.0,36348
1432.0385659699998,36349
0.0,36350
2525.196729699761,36351
0.0,36352
0.0,36353
0.0,36354
1427.9981989806447,36355
1718.086402510408,36356
1423.4770024937704,36357
0.0,36358
0.0,36359
1696.93701973698,36360
0.0,36361
2429.862621629787,36362
0.0,36363
0.0,36364
0.0,36365
2936.9011939021902,36366
1420.4109574039858,36367
2714.893069078561,36368
0.0,36369
0.0,36370
996.986024950492,36371
0.0,36372
0.0,36373
1662.9211689193437,36374
0.0,36375
2814.3420092655633,36376
0.0,36377
0.0,36378
3958.659606359391,36379
0.0,36380
2122.347207198911,36381
1559.0503667752478,36382
1544.5497932273702,36383
0.0,36384
0.0,36385
3639.4909585875,36386
2177.0372457804324,36387
1249.5679397046422,36388
3070.185666760697,36389
3069.4215000266136,36390
1060.8840412229652,36391
0.0,36392
1059.6176861986185,36393
1058.4550596621345,36394
1272.3704132452267,36395
0.0,36396
659.1238191238915,36397
0.0,36398
1896.775388883634,36399
1974.3753954137355,36400
0.0,36401
0.0,36402
58.85259146003111,36403
0.0,36404
0.0,36405
0.0,36406
1573.4773288932831,36407
0.0,36408
0.0,36409
0.0,36410
157.07584216018333,36411
0.0,36412
0.0,36413
0.0,36414
0.0,36415
0.0,36416
0.0,36417
0.0,36418
0.0,36419
0.0,36420
0.0,36421
1092.3998903420134,36422
3548.204008240038,36423
9711.489257441763,36424
0.0,36425
16.735600257698,36426
0.0,36427
449.20979317541367,36428
0.0,36429
1150.9707951535925,36430
0.0,36431
365.4119518212385,36432
0.0,36433
2854.839660925933,36434
0.0,36435
0.0,36436
0.0,36437
0.0,36438
0.0,36439
0.0,36440
2326.512645380136,36441
0.0,36442
0.0,36443
695.9989304562038,36444
0.0,36445
0.0,36446
0.0,36447
0.0,36448
0.0,36449
0.0,36450
0.0,36451
0.0,36452
0.0,36453
0.0,36454
0.0,36455
393.7158952455674,36456
0.0,36457
0.0,36458
0.0,36459
0.0,36460
0.0,36461
0.0,36462
0.0,36463
0.0,36464
0.0,36465
0.0,36466
0.0,36467
0.0,36468
0.0,36469
0.0,36470
964.2703609672229,36471
1004.6298249917031,36472
0.0,36473
0.0,36474
0.0,36475
0.0,36476
0.0,36477
0.0,36478
0.0,36479
0.0,36480
548.3930774092528,36481
0.0,36482
0.0,36483
0.0,36484
0.0,36485
0.0,36486
0.0,36487
0.0,36488
401.94879626004894,36489
0.0,36490
0.0,36491
0.0,36492
0.0,36493
0.0,36494
955.9532102737061,36495
0.0,36496
0.0,36497
0.0,36498
0.0,36499
0.0,36500
0.0,36501
0.0,36502
0.0,36503
0.0,36504
0.0,36505
0.0,36506
0.0,36507
0.0,36508
0.0,36509
0.0,36510
0.0,36511
0.0,36512
0.0,36513
611.8530639247301,36514
0.0,36515
0.0,36516
0.0,36517
0.0,36518
0.0,36519
0.0,36520
0.0,36521
0.0,36522
2390.8702123846247,36523
0.0,36524
0.0,36525
470.42967926781415,36526
0.0,36527
0.0,36528
0.0,36529
1980.330339791999,36530
0.0,36531
0.0,36532
0.0,36533
0.0,36534
0.0,36535
0.0,36536
0.0,36537
0.0,36538
0.0,36539
0.0,36540
0.0,36541
0.0,36542
0.0,36543
0.0,36544
0.0,36545
0.0,36546
0.0,36547
0.0,36548
0.0,36549
0.0,36550
0.0,36551
0.0,36552
0.0,36553
0.0,36554
0.0,36555
0.0,36556
0.0,36557
0.0,36558
0.0,36559
0.0,36560
0.0,36561
0.0,36562
0.0,36563
0.0,36564
0.0,36565
0.0,36566
0.0,36567
0.0,36568
0.0,36569
0.0,36570
0.0,36571
0.0,36572
0.0,36573
0.0,36574
0.0,36575
0.0,36576
0.0,36577
0.0,36578
0.0,36579
0.0,36580
0.0,36581
0.0,36582
0.0,36583
0.0,36584
212.67728023390342,36585
0.0,36586
0.0,36587
214.14433309510528,36588
0.0,36589
0.0,36590
0.0,36591
0.0,36592
0.0,36593
0.0,36594
1583.432168176503,36595
0.0,36596
0.0,36597
863.8514367071431,36598
1960.385640253247,36599
0.0,36600
0.0,36601
2439.9623502442137,36602
0.0,36603
0.0,36604
0.0,36605
0.0,36606
0.0,36607
0.0,36608
0.0,36609
0.0,36610
0.0,36611
0.0,36612
0.0,36613
0.0,36614
0.0,36615
0.0,36616
0.0,36617
0.0,36618
0.0,36619
0.0,36620
0.0,36621
0.0,36622
0.0,36623
0.0,36624
0.0,36625
0.0,36626
0.0,36627
0.0,36628
0.0,36629
0.0,36630
0.0,36631
0.0,36632
0.0,36633
0.0,36634
0.0,36635
0.0,36636
0.0,36637
0.0,36638
0.0,36639
0.0,36640
319.0737438049232,36641
0.0,36642
0.0,36643
0.0,36644
0.0,36645
0.0,36646
1656.8692769783606,36647
2181.222976332848,36648
1832.7472238636979,36649
1832.712273641857,36650
1832.6817782023443,36651
0.0,36652
0.0,36653
2461.9315152275626,36654
1698.9267873190593,36655
0.0,36656
2639.558443418631,36657
1896.8865529870243,36658
0.0,36659
0.0,36660
0.0,36661
0.0,36662
0.0,36663
0.0,36664
523.372399502581,36665
0.0,36666
0.0,36667
1971.980839262301,36668
369.71382942085324,36669
0.0,36670
899.9228057152902,36671
904.0089285876553,36672
908.0712597775538,36673
912.1106050358198,36674
916.1284563286807,36675
920.1265388221414,36676
924.106068399211,36677
2084.479103783276,36678
852.9989850402209,36679
856.9988595428243,36680
0.0,36681
0.0,36682
0.0,36683
0.0,36684
0.0,36685
0.0,36686
0.0,36687
0.0,36688
0.0,36689
0.0,36690
0.0,36691
1797.6183728486815,36692
0.0,36693
0.0,36694
0.0,36695
2593.6976028018194,36696
0.0,36697
0.0,36698
0.0,36699
0.0,36700
8133.115172375914,36701
15.391238569400976,36702
0.0,36703
0.0,36704
0.0,36705
397.62466961746827,36706
0.0,36707
0.0,36708
0.0,36709
0.0,36710
0.0,36711
0.0,36712
0.0,36713
0.0,36714
0.0,36715
0.0,36716
0.0,36717
0.0,36718
0.0,36719
0.0,36720
0.0,36721
0.0,36722
0.0,36723
0.0,36724
0.0,36725
0.0,36726
177.9721077947093,36727
0.0,36728
0.0,36729
0.0,36730
0.0,36731
0.0,36732
0.0,36733
0.0,36734
0.0,36735
0.0,36736
0.0,36737
0.0,36738
229.654793143352,36739
235.0915674072774,36740
0.0,36741
0.0,36742
240.33302919949688,36743
0.0,36744
1647.1686513789277,36745
60.13696631674741,36746
63.25655658355669,36747
0.0,36748
668.188757200745,36749
0.0,36750
0.0,36751
0.0,36752
1647.9712032286557,36753
0.0,36754
176.78975419954904,36755
0.0,36756
261.4730758614739,36757
0.0,36758
2872.412624262437,36759
0.0,36760
0.0,36761
268.9101750802891,36762
275.2877065309089,36763
281.4203386540938,36764
0.0,36765
1952.6711947913777,36766
0.0,36767
0.0,36768
0.0,36769
0.0,36770
0.0,36771
0.0,36772
0.0,36773
0.0,36774
0.0,36775
0.0,36776
0.0,36777
0.0,36778
0.0,36779
0.0,36780
0.0,36781
0.0,36782
0.0,36783
0.0,36784
0.0,36785
2242.590790785382,36786
4744.934440758555,36787
2717.6722535812887,36788
4981.491751572726,36789
0.0,36790
0.0,36791
0.0,36792
0.0,36793
0.0,36794
0.0,36795
0.0,36796
0.0,36797
0.0,36798
0.0,36799
0.0,36800
0.0,36801
0.0,36802
0.0,36803
0.0,36804
0.0,36805
17.401080490157906,36806
0.0,36807
0.0,36808
0.0,36809
0.0,36810
0.0,36811
0.0,36812
0.0,36813
0.0,36814
0.0,36815
0.0,36816
0.0,36817
0.0,36818
0.0,36819
0.0,36820
0.0,36821
0.0,36822
0.0,36823
0.0,36824
0.0,36825
0.0,36826
0.0,36827
0.0,36828
0.0,36829
0.0,36830
0.0,36831
0.0,36832
0.0,36833
0.0,36834
0.0,36835
3051.649697753798,36836
0.0,36837
0.0,36838
0.0,36839
960.3267057578142,36840
2487.944460606842,36841
0.0,36842
0.0,36843
0.0,36844
0.0,36845
0.0,36846
0.0,36847
0.0,36848
0.0,36849
0.0,36850
0.0,36851
552.1644799397366,36852
0.0,36853
0.0,36854
453.238373841509,36855
0.0,36856
1334.1592510873559,36857
0.0,36858
0.0,36859
0.0,36860
0.0,36861
0.0,36862
0.0,36863
0.0,36864
2507.03296962963,36865
0.0,36866
0.0,36867
0.0,36868
0.0,36869
0.0,36870
439.65129839391454,36871
441.1937774475463,36872
3193.579128584322,36873
0.0,36874
799.4240815370662,36875
0.0,36876
0.0,36877
0.0,36878
0.0,36879
0.0,36880
0.0,36881
0.0,36882
0.0,36883
0.0,36884
0.0,36885
0.0,36886
0.0,36887
316.75719283169536,36888
0.0,36889
0.0,36890
0.0,36891
0.0,36892
0.0,36893
0.0,36894
0.0,36895
0.0,36896
0.0,36897
0.0,36898
0.0,36899
0.0,36900
