cs,index
0.0,0
0.0,1
654.1778169107615,2
0.0,3
0.0,4
0.0,5
657.5707651716259,6
0.0,7
0.0,8
0.0,9
661.0073499491126,10
714.3979204569656,11
0.0,12
0.0,13
0.0,14
0.0,15
374.48128848438677,16
0.0,17
0.0,18
0.0,19
0.0,20
0.0,21
0.0,22
0.0,23
409.545136235213,24
0.0,25
0.0,26
123.19335999392479,27
0.0,28
1800.1491983101516,29
833.3055282811783,30
836.6342712338572,31
0.0,32
0.0,33
0.0,34
0.0,35
0.0,36
0.0,37
839.9781759379468,38
1593.0373710050708,39
0.0,40
0.0,41
0.0,42
0.0,43
0.0,44
0.0,45
0.0,46
0.0,47
0.0,48
509.8914502937069,49
0.0,50
270.9267110212938,51
0.0,52
0.0,53
127.42049638488089,54
0.0,55
0.0,56
0.0,57
0.0,58
353.89977228076935,59
0.0,60
1734.850422770568,61
0.0,62
0.0,63
238.66667149059572,64
0.0,65
0.0,66
0.0,67
0.0,68
0.0,69
0.0,70
1556.6586277697659,71
0.0,72
2346.7188263760554,73
0.0,74
0.0,75
919.0449521044383,76
0.0,77
0.0,78
0.0,79
0.0,80
0.0,81
0.0,82
0.0,83
0.0,84
0.0,85
0.0,86
0.0,87
0.0,88
2192.5478755926056,89
0.0,90
0.0,91
0.0,92
0.0,93
2831.0605944583513,94
1056.5108668397831,95
0.0,96
4629.623940163532,97
0.0,98
0.0,99
990.5485216760209,100
1057.0646747100648,101
0.0,102
0.0,103
0.0,104
0.0,105
6182.096709000437,106
0.0,107
0.0,108
0.0,109
0.0,110
0.0,111
1377.7499141161718,112
0.0,113
428.297858023152,114
0.0,115
647.8732358228725,116
0.0,117
1080.77562760404,118
0.0,119
0.0,120
537.9173980900221,121
556.9958324065125,122
0.0,123
1218.3337679391534,124
0.0,125
3246.6398175829163,126
1629.93582559379,127
2495.698864303512,128
1630.2880239168173,129
3247.2302556745008,130
0.0,131
0.0,132
0.0,133
0.0,134
0.0,135
330.7125641699931,136
0.0,137
0.0,138
0.0,139
0.0,140
0.0,141
0.0,142
0.0,143
0.0,144
0.0,145
0.0,146
0.0,147
0.0,148
0.0,149
0.0,150
0.0,151
624.7121102559184,152
0.0,153
0.0,154
0.0,155
0.0,156
4584.810075016616,157
0.0,158
0.0,159
0.0,160
0.0,161
0.0,162
0.0,163
0.0,164
0.0,165
0.0,166
294.3104354386218,167
0.0,168
0.0,169
0.0,170
0.0,171
0.0,172
0.0,173
0.0,174
0.0,175
0.0,176
226.49140625610613,177
0.0,178
0.0,179
2051.0347114655337,180
1327.2912376053443,181
0.0,182
0.0,183
0.0,184
0.0,185
0.0,186
0.0,187
0.0,188
0.0,189
0.0,190
0.0,191
0.0,192
0.0,193
0.0,194
275.6614305272704,195
0.0,196
0.0,197
0.0,198
0.0,199
0.0,200
0.0,201
0.0,202
0.0,203
0.0,204
0.0,205
0.0,206
0.0,207
0.0,208
0.0,209
369.0891541514182,210
0.0,211
0.0,212
0.0,213
0.0,214
840.2903587919986,215
85.88116692134469,216
0.0,217
721.0411299840779,218
0.0,219
722.5236367987587,220
0.0,221
0.0,222
0.0,223
0.0,224
151.521688607367,225
0.0,226
880.3520899631633,227
923.1298564050948,228
0.0,229
548.3258038533461,230
0.0,231
0.0,232
0.0,233
0.0,234
0.0,235
0.0,236
0.0,237
0.0,238
0.0,239
0.0,240
0.0,241
0.0,242
0.0,243
0.0,244
2198.740185748071,245
0.0,246
0.0,247
2008.4846112789237,248
0.0,249
3264.271920984675,250
0.0,251
0.0,252
0.0,253
956.9600583495576,254
0.0,255
1342.1561171415533,256
0.0,257
451.10210071169894,258
0.0,259
0.0,260
0.0,261
305.19311881030325,262
0.0,263
44.22861644019292,264
0.0,265
0.0,266
0.0,267
0.0,268
0.0,269
0.0,270
0.0,271
0.0,272
0.0,273
645.2523437226981,274
0.0,275
0.0,276
0.0,277
0.0,278
0.0,279
0.0,280
0.0,281
0.0,282
338.17600448477344,283
0.0,284
0.0,285
0.0,286
0.0,287
0.0,288
0.0,289
0.0,290
0.0,291
0.0,292
0.0,293
3292.1802029255623,294
3074.1483473403473,295
0.0,296
0.0,297
0.0,298
0.0,299
0.0,300
0.0,301
4001.780368187724,302
0.0,303
638.6312366858066,304
0.0,305
0.0,306
0.0,307
0.0,308
0.0,309
0.0,310
946.5566009355629,311
0.0,312
0.0,313
0.0,314
0.0,315
0.0,316
0.0,317
0.0,318
0.0,319
0.0,320
0.0,321
0.0,322
0.0,323
0.0,324
0.0,325
1073.7321825429435,326
1072.7308654945036,327
0.0,328
0.0,329
0.0,330
0.0,331
0.0,332
0.0,333
0.0,334
0.0,335
0.0,336
0.0,337
0.0,338
0.0,339
0.0,340
0.0,341
0.0,342
0.0,343
0.0,344
0.0,345
0.0,346
0.0,347
0.0,348
0.0,349
0.0,350
0.0,351
0.0,352
0.0,353
2008.5387047072481,354
0.0,355
0.0,356
0.0,357
0.0,358
3136.473383918618,359
2655.7392180218353,360
0.0,361
0.0,362
0.0,363
0.0,364
0.0,365
0.0,366
1055.4174505464346,367
0.0,368
0.0,369
0.0,370
6751.019520674699,371
0.0,372
7494.92949504377,373
0.0,374
0.0,375
2501.174534977594,376
2984.638381233221,377
0.0,378
0.0,379
0.0,380
0.0,381
0.0,382
0.0,383
0.0,384
0.0,385
0.0,386
0.0,387
0.0,388
0.0,389
0.0,390
0.0,391
0.0,392
0.0,393
0.0,394
0.0,395
0.0,396
0.0,397
0.0,398
0.0,399
0.0,400
0.0,401
0.0,402
0.0,403
0.0,404
0.0,405
0.0,406
0.0,407
0.0,408
0.0,409
389.366773428509,410
0.0,411
0.0,412
0.0,413
0.0,414
0.0,415
0.0,416
0.0,417
0.0,418
0.0,419
0.0,420
0.0,421
0.0,422
0.0,423
0.0,424
0.0,425
0.0,426
0.0,427
0.0,428
0.0,429
0.0,430
0.0,431
0.0,432
0.0,433
0.0,434
0.0,435
0.0,436
0.0,437
0.0,438
0.0,439
0.0,440
0.0,441
0.0,442
0.0,443
0.0,444
0.0,445
0.0,446
0.0,447
0.0,448
0.0,449
0.0,450
0.0,451
0.0,452
0.0,453
0.0,454
0.0,455
0.0,456
0.0,457
0.0,458
0.0,459
0.0,460
0.0,461
0.0,462
0.0,463
0.0,464
0.0,465
0.0,466
0.0,467
0.0,468
0.0,469
894.4229195185621,470
0.0,471
0.0,472
0.0,473
0.0,474
0.0,475
0.0,476
0.0,477
0.0,478
0.0,479
0.0,480
0.0,481
0.0,482
1382.6188576619797,483
101.05767532652116,484
0.0,485
0.0,486
4733.124945005407,487
0.0,488
0.0,489
736.2123847536031,490
0.0,491
737.6570580745016,492
0.0,493
2124.3502954548085,494
2125.8431063711337,495
266.51749210000884,496
771.4994979433723,497
269.91744097003266,498
1719.125946574096,499
0.0,500
0.0,501
0.0,502
0.0,503
0.0,504
284.9987564141387,505
0.0,506
0.0,507
0.0,508
0.0,509
0.0,510
0.0,511
0.0,512
1290.0289952358044,513
0.0,514
0.0,515
0.0,516
0.0,517
0.0,518
0.0,519
0.0,520
0.0,521
0.0,522
0.0,523
0.0,524
0.0,525
0.0,526
0.0,527
0.0,528
0.0,529
0.0,530
0.0,531
0.0,532
0.0,533
0.0,534
0.0,535
0.0,536
0.0,537
0.0,538
0.0,539
103.79345174713364,540
0.0,541
0.0,542
0.0,543
0.0,544
0.0,545
0.0,546
0.0,547
0.0,548
0.0,549
0.0,550
0.0,551
0.0,552
0.0,553
0.0,554
0.0,555
0.0,556
0.0,557
0.0,558
2139.0554339833843,559
0.0,560
0.0,561
0.0,562
0.0,563
0.0,564
0.0,565
0.0,566
0.0,567
0.0,568
0.0,569
0.0,570
0.0,571
0.0,572
0.0,573
0.0,574
0.0,575
0.0,576
0.0,577
0.0,578
0.0,579
0.0,580
0.0,581
0.0,582
0.0,583
0.0,584
0.0,585
0.0,586
0.0,587
2830.3914462682005,588
0.0,589
0.0,590
0.0,591
0.0,592
0.0,593
0.0,594
0.0,595
0.0,596
0.0,597
0.0,598
0.0,599
0.0,600
0.0,601
0.0,602
0.0,603
0.0,604
0.0,605
0.0,606
0.0,607
0.0,608
0.0,609
0.0,610
0.0,611
0.0,612
0.0,613
0.0,614
0.0,615
0.0,616
0.0,617
0.0,618
196.18229979722503,619
0.0,620
227.4616062237951,621
0.0,622
0.0,623
0.0,624
0.0,625
0.0,626
0.0,627
0.0,628
637.7394785694834,629
0.0,630
5781.678894291239,631
284.6313760119788,632
287.65901217743453,633
0.0,634
0.0,635
0.0,636
0.0,637
0.0,638
546.0731697717889,639
0.0,640
0.0,641
0.0,642
0.0,643
1016.3332404152682,644
0.0,645
6121.212242937087,646
0.0,647
0.0,648
1729.221407130112,649
0.0,650
0.0,651
355.34852876822674,652
0.0,653
1671.0140280404569,654
0.0,655
0.0,656
401.1123531249092,657
0.0,658
1087.0146610555364,659
1943.250003901604,660
0.0,661
1904.03626004114,662
0.0,663
2499.767536555357,664
752.0733493134517,665
1086.72293040844,666
2002.176401773767,667
0.0,668
1967.7102548718012,669
18873.765508622593,670
0.0,671
1008.5551028459795,672
0.0,673
862.5646080656308,674
0.0,675
0.0,676
917.761438656305,677
0.0,678
1375.6216179396333,679
2462.622701034742,680
0.0,681
0.0,682
0.0,683
0.0,684
0.0,685
0.0,686
0.0,687
0.0,688
0.0,689
0.0,690
0.0,691
0.0,692
0.0,693
0.0,694
0.0,695
0.0,696
0.0,697
0.0,698
0.0,699
557.1383645457641,700
0.0,701
0.0,702
99.30460954678067,703
97.43473017026328,704
0.0,705
0.0,706
0.0,707
0.0,708
0.0,709
0.0,710
417.8866512526031,711
163.13150504193297,712
0.0,713
0.0,714
193.7891572627375,715
0.0,716
0.0,717
0.0,718
0.0,719
0.0,720
0.0,721
1024.0929233781103,722
3599.9914235549923,723
0.0,724
1026.9004818136189,725
1211.9263133223103,726
4231.624874145021,727
0.0,728
2659.9872925560862,729
1576.5847357001587,730
0.0,731
1630.380676059697,732
1831.035040475636,733
1629.5470366480868,734
6947.8971568698535,735
0.0,736
0.0,737
0.0,738
323.73970884433027,739
0.0,740
0.0,741
0.0,742
0.0,743
0.0,744
0.0,745
0.0,746
0.0,747
0.0,748
0.0,749
0.0,750
0.0,751
0.0,752
0.0,753
0.0,754
0.0,755
0.0,756
0.0,757
0.0,758
0.0,759
0.0,760
0.0,761
0.0,762
0.0,763
0.0,764
491.4649467240282,765
0.0,766
0.0,767
645.5032376434976,768
0.0,769
0.0,770
0.0,771
0.0,772
0.0,773
0.0,774
0.0,775
0.0,776
0.0,777
0.0,778
0.0,779
0.0,780
0.0,781
0.0,782
500.4719571791036,783
0.0,784
0.0,785
0.0,786
0.0,787
0.0,788
0.0,789
0.0,790
0.0,791
0.0,792
0.0,793
0.0,794
0.0,795
0.0,796
0.0,797
0.0,798
0.0,799
0.0,800
0.0,801
0.0,802
0.0,803
0.0,804
1976.0565927108262,805
0.0,806
0.0,807
0.0,808
0.0,809
0.0,810
0.0,811
0.0,812
0.0,813
0.0,814
0.0,815
0.0,816
0.0,817
0.0,818
0.0,819
0.0,820
0.0,821
0.0,822
0.0,823
0.0,824
0.0,825
0.0,826
0.0,827
0.0,828
0.0,829
0.0,830
0.0,831
0.0,832
0.0,833
0.0,834
0.0,835
342.9618155107394,836
0.0,837
0.0,838
0.0,839
0.0,840
0.0,841
0.0,842
0.0,843
0.0,844
0.0,845
0.0,846
0.0,847
0.0,848
0.0,849
633.9652561126694,850
0.0,851
0.0,852
0.0,853
1490.9330200713941,854
0.0,855
0.0,856
0.0,857
0.0,858
0.0,859
0.0,860
0.0,861
0.0,862
0.0,863
0.0,864
0.0,865
0.0,866
0.0,867
0.0,868
0.0,869
0.0,870
0.0,871
0.0,872
0.0,873
0.0,874
0.0,875
0.0,876
0.0,877
0.0,878
0.0,879
0.0,880
0.0,881
0.0,882
0.0,883
0.0,884
0.0,885
0.0,886
2086.6421793505165,887
996.9375171452103,888
0.0,889
0.0,890
0.0,891
0.0,892
0.0,893
380.77668535887335,894
0.0,895
0.0,896
116.6669546821654,897
0.0,898
0.0,899
0.0,900
0.0,901
111.32309218962722,902
0.0,903
2087.131635904096,904
0.0,905
0.0,906
0.0,907
0.0,908
0.0,909
0.0,910
0.0,911
0.0,912
0.0,913
0.0,914
0.0,915
0.0,916
0.0,917
1071.4257143322218,918
0.0,919
86.51159878705116,920
0.0,921
0.0,922
0.0,923
0.0,924
0.0,925
0.0,926
0.0,927
0.0,928
586.5671350768371,929
0.0,930
0.0,931
0.0,932
0.0,933
0.0,934
0.0,935
0.0,936
0.0,937
0.0,938
0.0,939
0.0,940
0.0,941
0.0,942
0.0,943
0.0,944
0.0,945
0.0,946
0.0,947
0.0,948
0.0,949
0.0,950
18.558606799070148,951
0.0,952
0.0,953
0.0,954
0.0,955
1559.4237956372958,956
0.0,957
0.0,958
0.0,959
0.0,960
0.0,961
0.0,962
0.0,963
0.0,964
0.0,965
0.0,966
0.0,967
0.0,968
0.0,969
0.0,970
0.0,971
0.0,972
0.0,973
0.0,974
0.0,975
0.0,976
0.0,977
0.0,978
0.0,979
0.0,980
0.0,981
0.0,982
0.0,983
0.0,984
0.0,985
0.0,986
0.0,987
0.0,988
0.0,989
0.0,990
0.0,991
0.0,992
0.0,993
0.0,994
0.0,995
0.0,996
0.0,997
0.0,998
0.0,999
0.0,1000
0.0,1001
0.0,1002
1211.2593565103002,1003
0.0,1004
0.0,1005
0.0,1006
0.0,1007
0.0,1008
0.0,1009
0.0,1010
0.0,1011
0.0,1012
0.0,1013
0.0,1014
0.0,1015
0.0,1016
0.0,1017
402.9767300024765,1018
0.0,1019
0.0,1020
0.0,1021
0.0,1022
729.6312728820507,1023
0.0,1024
0.0,1025
0.0,1026
815.7341212566142,1027
813.3566095415966,1028
0.0,1029
0.0,1030
1108.7787775408945,1031
0.0,1032
0.0,1033
0.0,1034
0.0,1035
384.9193660743188,1036
0.0,1037
0.0,1038
0.0,1039
0.0,1040
0.0,1041
0.0,1042
0.0,1043
0.0,1044
0.0,1045
0.0,1046
0.0,1047
0.0,1048
0.0,1049
0.0,1050
0.0,1051
384.2426438631031,1052
0.0,1053
0.0,1054
1785.6840928066558,1055
0.0,1056
0.0,1057
0.0,1058
0.0,1059
0.0,1060
0.0,1061
0.0,1062
0.0,1063
0.0,1064
0.0,1065
0.0,1066
0.0,1067
0.0,1068
0.0,1069
0.0,1070
0.0,1071
0.0,1072
0.0,1073
0.0,1074
0.0,1075
0.0,1076
0.0,1077
1888.6790170480083,1078
0.0,1079
0.0,1080
0.0,1081
0.0,1082
0.0,1083
0.0,1084
0.0,1085
0.0,1086
0.0,1087
0.0,1088
0.0,1089
0.0,1090
0.0,1091
0.0,1092
0.0,1093
6450.823398513309,1094
0.0,1095
0.0,1096
0.0,1097
0.0,1098
0.0,1099
3867.964103667404,1100
0.0,1101
0.0,1102
0.0,1103
0.0,1104
0.0,1105
0.0,1106
0.0,1107
0.0,1108
366.087861045937,1109
0.0,1110
0.0,1111
0.0,1112
0.0,1113
1812.8292269772637,1114
0.0,1115
0.0,1116
0.0,1117
0.0,1118
0.0,1119
0.0,1120
0.0,1121
0.0,1122
0.0,1123
0.0,1124
0.0,1125
0.0,1126
0.0,1127
0.0,1128
0.0,1129
0.0,1130
0.0,1131
0.0,1132
0.0,1133
0.0,1134
0.0,1135
0.0,1136
0.0,1137
0.0,1138
0.0,1139
0.0,1140
0.0,1141
0.0,1142
0.0,1143
0.0,1144
0.0,1145
442.6533084847408,1146
383.82306127856384,1147
383.0218947767205,1148
0.0,1149
0.0,1150
0.0,1151
0.0,1152
0.0,1153
0.0,1154
0.0,1155
0.0,1156
0.0,1157
2249.588903721521,1158
0.0,1159
0.0,1160
0.0,1161
0.0,1162
0.0,1163
0.0,1164
0.0,1165
382.06291537665174,1166
0.0,1167
0.0,1168
0.0,1169
0.0,1170
0.0,1171
0.0,1172
0.0,1173
0.0,1174
0.0,1175
0.0,1176
1356.1570454034347,1177
0.0,1178
0.0,1179
0.0,1180
0.0,1181
0.0,1182
5528.978178768866,1183
0.0,1184
285.74229904102526,1185
0.0,1186
0.0,1187
0.0,1188
0.0,1189
0.0,1190
0.0,1191
0.0,1192
0.0,1193
0.0,1194
0.0,1195
0.0,1196
0.0,1197
0.0,1198
5382.543615927101,1199
0.0,1200
0.0,1201
0.0,1202
0.0,1203
0.0,1204
0.0,1205
0.0,1206
2553.3186850219313,1207
231.65342098337445,1208
0.0,1209
0.0,1210
0.0,1211
231.3486265073363,1212
582.6068890454924,1213
0.0,1214
0.0,1215
0.0,1216
0.0,1217
231.17835815580344,1218
0.0,1219
0.0,1220
3674.9310024271163,1221
0.0,1222
0.0,1223
0.0,1224
0.0,1225
0.0,1226
0.0,1227
0.0,1228
0.0,1229
0.0,1230
0.0,1231
0.0,1232
0.0,1233
0.0,1234
230.98505863954807,1235
0.0,1236
0.0,1237
0.0,1238
0.0,1239
0.0,1240
0.0,1241
0.0,1242
0.0,1243
3715.555664839317,1244
920.6907932099869,1245
0.0,1246
0.0,1247
0.0,1248
0.0,1249
0.0,1250
0.0,1251
0.0,1252
0.0,1253
0.0,1254
0.0,1255
0.0,1256
0.0,1257
4840.287284544794,1258
0.0,1259
0.0,1260
0.0,1261
0.0,1262
0.0,1263
15.235290124794279,1264
0.0,1265
0.0,1266
0.0,1267
0.0,1268
0.0,1269
0.0,1270
69.59970356059223,1271
1847.5979059447732,1272
68.61625709740474,1273
473.89274738355317,1274
480.14857571707824,1275
0.0,1276
0.0,1277
0.0,1278
69.43704699370613,1279
2433.045612651921,1280
0.0,1281
69.44188889358952,1282
68.84565069579807,1283
68.28288393384906,1284
787.3469074096578,1285
67.6349404038216,1286
2437.7070922095695,1287
1861.9599577917895,1288
2442.8638044492695,1289
68.12668175385451,1290
0.0,1291
67.61674677772436,1292
1064.0586440284887,1293
275.5076825022407,1294
2448.2350009472902,1295
0.0,1296
0.0,1297
1866.285545235566,1298
1246.5031133062973,1299
254.2047068454009,1300
2460.4280911275664,1301
0.0,1302
0.0,1303
64.27102548889643,1304
456.1755385342227,1305
63.48436831998972,1306
62.94470554168262,1307
62.37626389664664,1308
61.77748713021853,1309
61.149599472421826,1310
0.0,1311
60.496211440549985,1312
59.82253995584156,1313
59.13453793007108,1314
0.0,1315
0.0,1316
0.0,1317
0.0,1318
0.0,1319
0.0,1320
0.0,1321
0.0,1322
1878.251632962778,1323
0.0,1324
0.0,1325
1879.229557042913,1326
0.0,1327
2055.285158515333,1328
0.0,1329
0.0,1330
0.0,1331
1880.5855063669494,1332
1097.6822254152391,1333
1098.890763481536,1334
1884.2085754695502,1335
1101.6109245281357,1336
0.0,1337
1103.1259255459477,1338
1888.739329522794,1339
1890.4529193602236,1340
1108.228872530031,1341
0.0,1342
0.0,1343
0.0,1344
0.0,1345
0.0,1346
0.0,1347
0.0,1348
0.0,1349
0.0,1350
0.0,1351
0.0,1352
0.0,1353
0.0,1354
0.0,1355
0.0,1356
0.0,1357
0.0,1358
0.0,1359
0.0,1360
0.0,1361
0.0,1362
0.0,1363
0.0,1364
0.0,1365
0.0,1366
0.0,1367
0.0,1368
0.0,1369
0.0,1370
0.0,1371
0.0,1372
0.0,1373
0.0,1374
0.0,1375
0.0,1376
0.0,1377
0.0,1378
0.0,1379
0.0,1380
0.0,1381
0.0,1382
0.0,1383
0.0,1384
0.0,1385
4459.80581326818,1386
3826.0017787388438,1387
0.0,1388
0.0,1389
0.0,1390
0.0,1391
0.0,1392
0.0,1393
532.7912678891985,1394
0.0,1395
0.0,1396
0.0,1397
0.0,1398
0.0,1399
120.56370328647036,1400
0.0,1401
124.64359176734742,1402
0.0,1403
123.03472701978298,1404
0.0,1405
0.0,1406
0.0,1407
121.41212886149049,1408
0.0,1409
0.0,1410
0.0,1411
0.0,1412
0.0,1413
0.0,1414
0.0,1415
0.0,1416
0.0,1417
3681.327168800904,1418
0.0,1419
0.0,1420
0.0,1421
0.0,1422
0.0,1423
0.0,1424
0.0,1425
0.0,1426
0.0,1427
0.0,1428
0.0,1429
0.0,1430
933.9383375438691,1431
0.0,1432
0.0,1433
0.0,1434
0.0,1435
0.0,1436
0.0,1437
0.0,1438
0.0,1439
0.0,1440
0.0,1441
0.0,1442
0.0,1443
0.0,1444
0.0,1445
0.0,1446
0.0,1447
0.0,1448
0.0,1449
0.0,1450
0.0,1451
0.0,1452
0.0,1453
0.0,1454
0.0,1455
0.0,1456
10588.621193800756,1457
0.0,1458
0.0,1459
0.0,1460
0.0,1461
0.0,1462
0.0,1463
0.0,1464
0.0,1465
0.0,1466
0.0,1467
0.0,1468
119.63839342387868,1469
0.0,1470
0.0,1471
0.0,1472
0.0,1473
0.0,1474
0.0,1475
0.0,1476
0.0,1477
0.0,1478
0.0,1479
0.0,1480
0.0,1481
0.0,1482
0.0,1483
0.0,1484
0.0,1485
0.0,1486
0.0,1487
0.0,1488
0.0,1489
0.0,1490
0.0,1491
0.0,1492
0.0,1493
0.0,1494
0.0,1495
0.0,1496
0.0,1497
0.0,1498
0.0,1499
0.0,1500
0.0,1501
0.0,1502
0.0,1503
0.0,1504
0.0,1505
0.0,1506
0.0,1507
0.0,1508
0.0,1509
0.0,1510
0.0,1511
0.0,1512
0.0,1513
0.0,1514
0.0,1515
0.0,1516
0.0,1517
5446.095939647201,1518
0.0,1519
0.0,1520
0.0,1521
0.0,1522
0.0,1523
6345.492139155882,1524
3695.4116774267536,1525
0.0,1526
1591.1075264586925,1527
1591.4082167544193,1528
0.0,1529
0.0,1530
0.0,1531
0.0,1532
0.0,1533
0.0,1534
0.0,1535
0.0,1536
0.0,1537
0.0,1538
0.0,1539
0.0,1540
0.0,1541
0.0,1542
0.0,1543
0.0,1544
0.0,1545
0.0,1546
52.80971049633718,1547
0.0,1548
0.0,1549
0.0,1550
0.0,1551
0.0,1552
0.0,1553
0.0,1554
0.0,1555
0.0,1556
0.0,1557
0.0,1558
0.0,1559
0.0,1560
0.0,1561
0.0,1562
0.0,1563
2024.2251067352736,1564
0.0,1565
0.0,1566
0.0,1567
0.0,1568
0.0,1569
0.0,1570
0.0,1571
0.0,1572
0.0,1573
0.0,1574
0.0,1575
0.0,1576
0.0,1577
0.0,1578
4315.989866097676,1579
0.0,1580
0.0,1581
0.0,1582
0.0,1583
0.0,1584
0.0,1585
0.0,1586
0.0,1587
0.0,1588
0.0,1589
0.0,1590
0.0,1591
0.0,1592
0.0,1593
0.0,1594
0.0,1595
0.0,1596
0.0,1597
0.0,1598
0.0,1599
0.0,1600
0.0,1601
0.0,1602
0.0,1603
0.0,1604
0.0,1605
0.0,1606
0.0,1607
0.0,1608
0.0,1609
0.0,1610
0.0,1611
0.0,1612
0.0,1613
0.0,1614
0.0,1615
0.0,1616
0.0,1617
0.0,1618
0.0,1619
0.0,1620
1678.0542269828015,1621
0.0,1622
0.0,1623
0.0,1624
0.0,1625
0.0,1626
0.0,1627
0.0,1628
0.0,1629
0.0,1630
0.0,1631
0.0,1632
0.0,1633
0.0,1634
0.0,1635
0.0,1636
0.0,1637
0.0,1638
0.0,1639
0.0,1640
0.0,1641
0.0,1642
0.0,1643
0.0,1644
183.82161783277763,1645
0.0,1646
0.0,1647
186.4079447213613,1648
1784.1101901198776,1649
0.0,1650
0.0,1651
0.0,1652
0.0,1653
0.0,1654
0.0,1655
0.0,1656
0.0,1657
0.0,1658
0.0,1659
0.0,1660
0.0,1661
0.0,1662
0.0,1663
0.0,1664
0.0,1665
0.0,1666
0.0,1667
0.0,1668
0.0,1669
0.0,1670
0.0,1671
0.0,1672
0.0,1673
0.0,1674
0.0,1675
0.0,1676
0.0,1677
0.0,1678
0.0,1679
0.0,1680
0.0,1681
0.0,1682
0.0,1683
0.0,1684
0.0,1685
0.0,1686
0.0,1687
0.0,1688
0.0,1689
0.0,1690
0.0,1691
0.0,1692
0.0,1693
0.0,1694
0.0,1695
0.0,1696
0.0,1697
0.0,1698
3188.605012059755,1699
0.0,1700
0.0,1701
0.0,1702
0.0,1703
0.0,1704
0.0,1705
0.0,1706
0.0,1707
0.0,1708
0.0,1709
0.0,1710
0.0,1711
0.0,1712
0.0,1713
0.0,1714
0.0,1715
0.0,1716
0.0,1717
0.0,1718
0.0,1719
0.0,1720
0.0,1721
0.0,1722
0.0,1723
0.0,1724
0.0,1725
0.0,1726
0.0,1727
0.0,1728
0.0,1729
0.0,1730
0.0,1731
1329.173314907541,1732
967.4781041075299,1733
0.0,1734
0.0,1735
0.0,1736
0.0,1737
0.0,1738
63.06089534264518,1739
0.0,1740
0.0,1741
0.0,1742
0.0,1743
0.0,1744
0.0,1745
0.0,1746
0.0,1747
0.0,1748
0.0,1749
0.0,1750
0.0,1751
0.0,1752
0.0,1753
0.0,1754
0.0,1755
0.0,1756
0.0,1757
0.0,1758
0.0,1759
1039.7743179835172,1760
0.0,1761
0.0,1762
0.0,1763
0.0,1764
0.0,1765
0.0,1766
0.0,1767
0.0,1768
0.0,1769
0.0,1770
0.0,1771
0.0,1772
0.0,1773
0.0,1774
0.0,1775
0.0,1776
0.0,1777
0.0,1778
0.0,1779
0.0,1780
0.0,1781
0.0,1782
0.0,1783
0.0,1784
0.0,1785
0.0,1786
0.0,1787
0.0,1788
0.0,1789
0.0,1790
0.0,1791
0.0,1792
0.0,1793
0.0,1794
0.0,1795
0.0,1796
0.0,1797
0.0,1798
0.0,1799
0.0,1800
0.0,1801
0.0,1802
0.0,1803
0.0,1804
0.0,1805
0.0,1806
0.0,1807
0.0,1808
0.0,1809
0.0,1810
0.0,1811
0.0,1812
0.0,1813
0.0,1814
0.0,1815
0.0,1816
0.0,1817
0.0,1818
0.0,1819
0.0,1820
0.0,1821
0.0,1822
0.0,1823
0.0,1824
383.1817592367893,1825
0.0,1826
0.0,1827
0.0,1828
0.0,1829
0.0,1830
0.0,1831
0.0,1832
2090.0483034734275,1833
0.0,1834
0.0,1835
0.0,1836
0.0,1837
0.0,1838
0.0,1839
0.0,1840
0.0,1841
0.0,1842
0.0,1843
138.4923285773419,1844
0.0,1845
0.0,1846
0.0,1847
0.0,1848
0.0,1849
0.0,1850
0.0,1851
0.0,1852
0.0,1853
13013.342590516206,1854
0.0,1855
0.0,1856
1537.2673778568526,1857
0.0,1858
0.0,1859
0.0,1860
0.0,1861
0.0,1862
0.0,1863
0.0,1864
0.0,1865
0.0,1866
0.0,1867
512.7876586767286,1868
306.6437899919518,1869
283.5718861838048,1870
0.0,1871
518.688742903547,1872
0.0,1873
0.0,1874
0.0,1875
3138.9739979792434,1876
0.0,1877
0.0,1878
0.0,1879
3140.555976605861,1880
0.0,1881
1274.6567970993524,1882
0.0,1883
0.0,1884
0.0,1885
0.0,1886
0.0,1887
0.0,1888
0.0,1889
0.0,1890
0.0,1891
0.0,1892
0.0,1893
0.0,1894
0.0,1895
0.0,1896
0.0,1897
0.0,1898
1265.9639843307207,1899
0.0,1900
0.0,1901
0.0,1902
2785.912258823838,1903
3673.1434074900035,1904
562.1727296734892,1905
925.6877382965921,1906
0.0,1907
1347.542672321742,1908
702.4330821129154,1909
1191.0964206169745,1910
0.0,1911
0.0,1912
0.0,1913
0.0,1914
0.0,1915
0.0,1916
0.0,1917
0.0,1918
0.0,1919
0.0,1920
0.0,1921
0.0,1922
0.0,1923
0.0,1924
0.0,1925
0.0,1926
0.0,1927
0.0,1928
0.0,1929
0.0,1930
0.0,1931
0.0,1932
0.0,1933
4600.731289995192,1934
0.0,1935
0.0,1936
0.0,1937
0.0,1938
0.0,1939
3522.161488056646,1940
3797.0256691356612,1941
0.0,1942
0.0,1943
0.0,1944
7942.187704020108,1945
0.0,1946
0.0,1947
0.0,1948
0.0,1949
0.0,1950
0.0,1951
761.7570115554919,1952
0.0,1953
4203.491502750596,1954
0.0,1955
0.0,1956
0.0,1957
0.0,1958
0.0,1959
0.0,1960
0.0,1961
0.0,1962
0.0,1963
0.0,1964
0.0,1965
778.2981174379886,1966
0.0,1967
0.0,1968
0.0,1969
0.0,1970
0.0,1971
0.0,1972
0.0,1973
0.0,1974
0.0,1975
0.0,1976
0.0,1977
0.0,1978
0.0,1979
0.0,1980
0.0,1981
0.0,1982
0.0,1983
0.0,1984
0.0,1985
0.0,1986
0.0,1987
100.468902783641,1988
3077.437406604486,1989
0.0,1990
0.0,1991
0.0,1992
0.0,1993
0.0,1994
0.0,1995
0.0,1996
0.0,1997
0.0,1998
0.0,1999
0.0,2000
0.0,2001
0.0,2002
0.0,2003
0.0,2004
0.0,2005
0.0,2006
0.0,2007
0.0,2008
0.0,2009
0.0,2010
0.0,2011
0.0,2012
0.0,2013
0.0,2014
0.0,2015
0.0,2016
0.0,2017
0.0,2018
0.0,2019
0.0,2020
0.0,2021
0.0,2022
0.0,2023
0.0,2024
0.0,2025
0.0,2026
0.0,2027
0.0,2028
0.0,2029
0.0,2030
0.0,2031
0.0,2032
682.797605898382,2033
0.0,2034
0.0,2035
0.0,2036
729.8040012288292,2037
0.0,2038
2205.1061531382757,2039
0.0,2040
0.0,2041
1493.0117887469216,2042
0.0,2043
0.0,2044
0.0,2045
1431.4211401815487,2046
1968.2022618926032,2047
1103.8212377850323,2048
0.0,2049
0.0,2050
0.0,2051
0.0,2052
0.0,2053
0.0,2054
0.0,2055
0.0,2056
0.0,2057
0.0,2058
0.0,2059
0.0,2060
0.0,2061
0.0,2062
622.3039272175524,2063
0.0,2064
0.0,2065
0.0,2066
0.0,2067
0.0,2068
0.0,2069
0.0,2070
1157.4653823969813,2071
0.0,2072
979.56660731587,2073
0.0,2074
0.0,2075
0.0,2076
0.0,2077
0.0,2078
0.0,2079
0.0,2080
0.0,2081
0.0,2082
0.0,2083
0.0,2084
0.0,2085
0.0,2086
0.0,2087
0.0,2088
0.0,2089
0.0,2090
276.0591042543249,2091
0.0,2092
0.0,2093
0.0,2094
277.87552561498865,2095
0.0,2096
0.0,2097
0.0,2098
0.0,2099
0.0,2100
0.0,2101
0.0,2102
0.0,2103
0.0,2104
0.0,2105
0.0,2106
0.0,2107
0.0,2108
0.0,2109
0.0,2110
0.0,2111
0.0,2112
0.0,2113
0.0,2114
0.0,2115
197.725966226476,2116
0.0,2117
0.0,2118
0.0,2119
0.0,2120
0.0,2121
0.0,2122
252.02786772215492,2123
0.0,2124
0.0,2125
0.0,2126
0.0,2127
2553.5072668092143,2128
0.0,2129
0.0,2130
0.0,2131
0.0,2132
0.0,2133
0.0,2134
2699.900189740121,2135
917.3135867822759,2136
0.0,2137
2232.5154733055065,2138
0.0,2139
0.0,2140
0.0,2141
0.0,2142
0.0,2143
0.0,2144
0.0,2145
0.0,2146
0.0,2147
0.0,2148
0.0,2149
0.0,2150
0.0,2151
0.0,2152
0.0,2153
0.0,2154
0.0,2155
0.0,2156
0.0,2157
0.0,2158
0.0,2159
0.0,2160
0.0,2161
0.0,2162
0.0,2163
337.77310498912544,2164
334.86404622247835,2165
0.0,2166
0.0,2167
0.0,2168
0.0,2169
0.0,2170
0.0,2171
0.0,2172
0.0,2173
0.0,2174
0.0,2175
0.0,2176
0.0,2177
0.0,2178
0.0,2179
0.0,2180
0.0,2181
0.0,2182
584.6218195702487,2183
0.0,2184
0.0,2185
0.0,2186
0.0,2187
0.0,2188
0.0,2189
0.0,2190
0.0,2191
0.0,2192
0.0,2193
0.0,2194
0.0,2195
0.0,2196
0.0,2197
0.0,2198
0.0,2199
0.0,2200
2957.377236432946,2201
0.0,2202
0.0,2203
0.0,2204
0.0,2205
0.0,2206
857.712363470721,2207
0.0,2208
0.0,2209
0.0,2210
0.0,2211
95.44562390027288,2212
92.48756096156411,2213
0.0,2214
307.4632465097683,2215
0.0,2216
2340.0651131726236,2217
2958.988366334253,2218
5600.639211287481,2219
2956.754287973313,2220
4582.046027081215,2221
5810.367323852954,2222
0.0,2223
1325.0106127923711,2224
0.0,2225
1326.8673969191957,2226
507.61727093620806,2227
1773.5664643392151,2228
0.0,2229
0.0,2230
0.0,2231
3795.746128946964,2232
0.0,2233
0.0,2234
0.0,2235
0.0,2236
0.0,2237
0.0,2238
0.0,2239
0.0,2240
0.0,2241
0.0,2242
0.0,2243
0.0,2244
0.0,2245
0.0,2246
0.0,2247
0.0,2248
0.0,2249
0.0,2250
0.0,2251
0.0,2252
0.0,2253
0.0,2254
0.0,2255
0.0,2256
0.0,2257
0.0,2258
0.0,2259
0.0,2260
0.0,2261
0.0,2262
0.0,2263
0.0,2264
0.0,2265
0.0,2266
0.0,2267
0.0,2268
0.0,2269
0.0,2270
0.0,2271
0.0,2272
0.0,2273
0.0,2274
0.0,2275
8245.232512497296,2276
0.0,2277
0.0,2278
0.0,2279
0.0,2280
0.0,2281
0.0,2282
0.0,2283
0.0,2284
0.0,2285
0.0,2286
0.0,2287
0.0,2288
0.0,2289
0.0,2290
0.0,2291
0.0,2292
0.0,2293
1846.1128516432734,2294
0.0,2295
0.0,2296
0.0,2297
0.0,2298
0.0,2299
0.0,2300
0.0,2301
0.0,2302
0.0,2303
0.0,2304
0.0,2305
0.0,2306
0.0,2307
0.0,2308
0.0,2309
530.0158310041526,2310
0.0,2311
0.0,2312
0.0,2313
0.0,2314
0.0,2315
0.0,2316
0.0,2317
0.0,2318
0.0,2319
0.0,2320
0.0,2321
0.0,2322
0.0,2323
0.0,2324
0.0,2325
0.0,2326
0.0,2327
0.0,2328
0.0,2329
0.0,2330
0.0,2331
0.0,2332
0.0,2333
0.0,2334
0.0,2335
0.0,2336
0.0,2337
0.0,2338
0.0,2339
0.0,2340
0.0,2341
0.0,2342
0.0,2343
0.0,2344
0.0,2345
0.0,2346
0.0,2347
0.0,2348
0.0,2349
0.0,2350
0.0,2351
0.0,2352
0.0,2353
0.0,2354
0.0,2355
1767.660214562596,2356
0.0,2357
0.0,2358
0.0,2359
0.0,2360
0.0,2361
0.0,2362
0.0,2363
0.0,2364
0.0,2365
0.0,2366
0.0,2367
0.0,2368
0.0,2369
0.0,2370
0.0,2371
0.0,2372
0.0,2373
0.0,2374
0.0,2375
0.0,2376
0.0,2377
0.0,2378
0.0,2379
0.0,2380
0.0,2381
0.0,2382
0.0,2383
0.0,2384
0.0,2385
0.0,2386
0.0,2387
0.0,2388
0.0,2389
0.0,2390
0.0,2391
6200.883957024869,2392
0.0,2393
0.0,2394
0.0,2395
0.0,2396
0.0,2397
0.0,2398
0.0,2399
0.0,2400
0.0,2401
0.0,2402
0.0,2403
0.0,2404
0.0,2405
0.0,2406
0.0,2407
0.0,2408
0.0,2409
0.0,2410
0.0,2411
0.0,2412
0.0,2413
0.0,2414
0.0,2415
0.0,2416
0.0,2417
0.0,2418
0.0,2419
0.0,2420
0.0,2421
0.0,2422
0.0,2423
0.0,2424
0.0,2425
0.0,2426
0.0,2427
3001.4295512673207,2428
0.0,2429
0.0,2430
0.0,2431
0.0,2432
0.0,2433
0.0,2434
0.0,2435
0.0,2436
0.0,2437
0.0,2438
0.0,2439
0.0,2440
0.0,2441
0.0,2442
0.0,2443
0.0,2444
0.0,2445
0.0,2446
0.0,2447
0.0,2448
269.41779617680794,2449
0.0,2450
0.0,2451
0.0,2452
0.0,2453
0.0,2454
0.0,2455
0.0,2456
0.0,2457
0.0,2458
0.0,2459
0.0,2460
0.0,2461
0.0,2462
0.0,2463
0.0,2464
797.6093374654358,2465
0.0,2466
0.0,2467
0.0,2468
799.2468755146568,2469
0.0,2470
0.0,2471
0.0,2472
1480.3478130986612,2473
0.0,2474
0.0,2475
0.0,2476
0.0,2477
0.0,2478
0.0,2479
0.0,2480
0.0,2481
0.0,2482
0.0,2483
0.0,2484
0.0,2485
0.0,2486
0.0,2487
0.0,2488
0.0,2489
0.0,2490
800.7577000583259,2491
0.0,2492
0.0,2493
0.0,2494
798.2458050495491,2495
1826.1196728869481,2496
0.0,2497
390.43319036345605,2498
939.3222163563184,2499
0.0,2500
0.0,2501
0.0,2502
0.0,2503
0.0,2504
941.0412128972839,2505
0.0,2506
0.0,2507
0.0,2508
0.0,2509
0.0,2510
0.0,2511
0.0,2512
0.0,2513
0.0,2514
0.0,2515
0.0,2516
0.0,2517
0.0,2518
0.0,2519
0.0,2520
0.0,2521
0.0,2522
28.443894107682166,2523
29.383739696544588,2524
30.340272166634445,2525
0.0,2526
1289.7724395969992,2527
0.0,2528
0.0,2529
1199.5566702892008,2530
0.0,2531
1200.366880041959,2532
1288.0401253938114,2533
0.0,2534
0.0,2535
1199.988766023516,2536
2921.7328458548636,2537
0.0,2538
0.0,2539
0.0,2540
0.0,2541
0.0,2542
0.0,2543
0.0,2544
0.0,2545
0.0,2546
0.0,2547
0.0,2548
0.0,2549
0.0,2550
0.0,2551
0.0,2552
0.0,2553
0.0,2554
0.0,2555
0.0,2556
0.0,2557
0.0,2558
0.0,2559
0.0,2560
0.0,2561
0.0,2562
0.0,2563
0.0,2564
0.0,2565
0.0,2566
0.0,2567
0.0,2568
0.0,2569
0.0,2570
0.0,2571
0.0,2572
0.0,2573
959.1572243567989,2574
0.0,2575
0.0,2576
0.0,2577
0.0,2578
0.0,2579
0.0,2580
0.0,2581
0.0,2582
0.0,2583
0.0,2584
0.0,2585
0.0,2586
0.0,2587
0.0,2588
0.0,2589
0.0,2590
0.0,2591
0.0,2592
0.0,2593
0.0,2594
0.0,2595
0.0,2596
0.0,2597
0.0,2598
0.0,2599
0.0,2600
0.0,2601
0.0,2602
0.0,2603
0.0,2604
0.0,2605
0.0,2606
0.0,2607
0.0,2608
0.0,2609
0.0,2610
0.0,2611
798.2880529208531,2612
0.0,2613
0.0,2614
0.0,2615
0.0,2616
0.0,2617
0.0,2618
0.0,2619
0.0,2620
0.0,2621
0.0,2622
0.0,2623
0.0,2624
0.0,2625
0.0,2626
0.0,2627
0.0,2628
0.0,2629
0.0,2630
0.0,2631
0.0,2632
0.0,2633
0.0,2634
0.0,2635
0.0,2636
0.0,2637
0.0,2638
0.0,2639
0.0,2640
0.0,2641
0.0,2642
0.0,2643
0.0,2644
0.0,2645
0.0,2646
0.0,2647
0.0,2648
0.0,2649
459.36586956551656,2650
0.0,2651
0.0,2652
0.0,2653
0.0,2654
0.0,2655
0.0,2656
0.0,2657
0.0,2658
4573.777626556558,2659
0.0,2660
0.0,2661
0.0,2662
0.0,2663
0.0,2664
0.0,2665
0.0,2666
0.0,2667
0.0,2668
0.0,2669
0.0,2670
563.6342242586093,2671
0.0,2672
0.0,2673
0.0,2674
0.0,2675
0.0,2676
0.0,2677
0.0,2678
0.0,2679
0.0,2680
0.0,2681
0.0,2682
0.0,2683
0.0,2684
2644.4562739048147,2685
0.0,2686
0.0,2687
1181.1256553928886,2688
0.0,2689
0.0,2690
0.0,2691
0.0,2692
0.0,2693
0.0,2694
0.0,2695
0.0,2696
2632.038605907334,2697
0.0,2698
0.0,2699
101.34397027897157,2700
0.0,2701
165.94689194249636,2702
0.0,2703
0.0,2704
0.0,2705
0.0,2706
0.0,2707
0.0,2708
0.0,2709
0.0,2710
0.0,2711
0.0,2712
0.0,2713
0.0,2714
0.0,2715
0.0,2716
0.0,2717
0.0,2718
0.0,2719
0.0,2720
0.0,2721
0.0,2722
0.0,2723
0.0,2724
0.0,2725
0.0,2726
0.0,2727
0.0,2728
0.0,2729
0.0,2730
0.0,2731
0.0,2732
0.0,2733
0.0,2734
0.0,2735
0.0,2736
0.0,2737
0.0,2738
0.0,2739
0.0,2740
0.0,2741
0.0,2742
0.0,2743
0.0,2744
0.0,2745
0.0,2746
0.0,2747
658.9997069136268,2748
0.0,2749
0.0,2750
0.0,2751
0.0,2752
0.0,2753
0.0,2754
0.0,2755
0.0,2756
0.0,2757
0.0,2758
0.0,2759
0.0,2760
0.0,2761
0.0,2762
0.0,2763
0.0,2764
0.0,2765
0.0,2766
0.0,2767
0.0,2768
0.0,2769
0.0,2770
0.0,2771
6425.562404669251,2772
0.0,2773
0.0,2774
0.0,2775
0.0,2776
0.0,2777
0.0,2778
0.0,2779
0.0,2780
0.0,2781
0.0,2782
0.0,2783
0.0,2784
0.0,2785
0.0,2786
0.0,2787
0.0,2788
0.0,2789
0.0,2790
1312.8245329949473,2791
0.0,2792
0.0,2793
0.0,2794
0.0,2795
0.0,2796
0.0,2797
0.0,2798
768.9450687457547,2799
0.0,2800
0.0,2801
831.696760795683,2802
0.0,2803
0.0,2804
0.0,2805
0.0,2806
0.0,2807
0.0,2808
0.0,2809
0.0,2810
0.0,2811
0.0,2812
0.0,2813
0.0,2814
0.0,2815
0.0,2816
0.0,2817
0.0,2818
0.0,2819
0.0,2820
0.0,2821
0.0,2822
0.0,2823
0.0,2824
0.0,2825
0.0,2826
0.0,2827
0.0,2828
0.0,2829
0.0,2830
0.0,2831
0.0,2832
0.0,2833
0.0,2834
0.0,2835
0.0,2836
0.0,2837
0.0,2838
0.0,2839
0.0,2840
0.0,2841
0.0,2842
0.0,2843
0.0,2844
0.0,2845
0.0,2846
0.0,2847
0.0,2848
0.0,2849
0.0,2850
0.0,2851
0.0,2852
0.0,2853
0.0,2854
691.9274136461551,2855
726.9700059000469,2856
0.0,2857
0.0,2858
0.0,2859
0.0,2860
0.0,2861
0.0,2862
0.0,2863
0.0,2864
714.0844856342856,2865
0.0,2866
0.0,2867
0.0,2868
0.0,2869
0.0,2870
0.0,2871
0.0,2872
0.0,2873
0.0,2874
0.0,2875
0.0,2876
0.0,2877
0.0,2878
0.0,2879
0.0,2880
0.0,2881
0.0,2882
0.0,2883
0.0,2884
0.0,2885
0.0,2886
0.0,2887
0.0,2888
0.0,2889
0.0,2890
0.0,2891
0.0,2892
0.0,2893
0.0,2894
0.0,2895
0.0,2896
0.0,2897
0.0,2898
0.0,2899
0.0,2900
0.0,2901
0.0,2902
0.0,2903
0.0,2904
0.0,2905
0.0,2906
0.0,2907
0.0,2908
0.0,2909
0.0,2910
0.0,2911
0.0,2912
0.0,2913
0.0,2914
0.0,2915
0.0,2916
0.0,2917
0.0,2918
625.2540868216876,2919
0.0,2920
0.0,2921
0.0,2922
0.0,2923
0.0,2924
0.0,2925
0.0,2926
0.0,2927
0.0,2928
0.0,2929
0.0,2930
0.0,2931
0.0,2932
0.0,2933
0.0,2934
0.0,2935
0.0,2936
0.0,2937
0.0,2938
0.0,2939
0.0,2940
0.0,2941
0.0,2942
0.0,2943
0.0,2944
0.0,2945
0.0,2946
0.0,2947
0.0,2948
0.0,2949
0.0,2950
0.0,2951
0.0,2952
0.0,2953
0.0,2954
0.0,2955
0.0,2956
0.0,2957
0.0,2958
0.0,2959
0.0,2960
0.0,2961
0.0,2962
0.0,2963
0.0,2964
0.0,2965
0.0,2966
0.0,2967
0.0,2968
0.0,2969
0.0,2970
0.0,2971
0.0,2972
0.0,2973
0.0,2974
4985.544423765382,2975
2737.7977540561783,2976
0.0,2977
0.0,2978
108.525487571992,2979
110.05427411732722,2980
0.0,2981
0.0,2982
0.0,2983
0.0,2984
1904.5178635679288,2985
2931.3671096563603,2986
2004.0951056877273,2987
841.3711906508101,2988
2601.994458152286,2989
1012.5780060760005,2990
0.0,2991
753.9878681435641,2992
299.9252976854147,2993
0.0,2994
0.0,2995
0.0,2996
2127.6319629966106,2997
0.0,2998
0.0,2999
0.0,3000
0.0,3001
0.0,3002
0.0,3003
0.0,3004
0.0,3005
0.0,3006
0.0,3007
0.0,3008
0.0,3009
0.0,3010
0.0,3011
0.0,3012
0.0,3013
0.0,3014
0.0,3015
0.0,3016
2598.7133271395483,3017
0.0,3018
173.07589652330918,3019
0.0,3020
0.0,3021
0.0,3022
0.0,3023
0.0,3024
0.0,3025
0.0,3026
0.0,3027
234.80381628484704,3028
1653.1241181456571,3029
811.5470740114989,3030
0.0,3031
0.0,3032
0.0,3033
0.0,3034
0.0,3035
441.9881513580342,3036
0.0,3037
0.0,3038
5976.487413999876,3039
0.0,3040
4570.794277922451,3041
2786.8175207698437,3042
0.0,3043
2171.5417581427905,3044
0.0,3045
0.0,3046
2594.5713001799486,3047
2596.2286578653916,3048
0.0,3049
0.0,3050
757.7299866441781,3051
0.0,3052
0.0,3053
0.0,3054
1107.8516340087772,3055
0.0,3056
0.0,3057
0.0,3058
0.0,3059
0.0,3060
0.0,3061
0.0,3062
0.0,3063
0.0,3064
1324.4338936749411,3065
755.6984773279054,3066
0.0,3067
0.0,3068
0.0,3069
0.0,3070
0.0,3071
587.8586784503444,3072
0.0,3073
0.0,3074
0.0,3075
0.0,3076
0.0,3077
288.6642420078182,3078
286.3673258220261,3079
0.0,3080
0.0,3081
0.0,3082
0.0,3083
1927.8477856007344,3084
0.0,3085
3811.505102858924,3086
0.0,3087
2604.6549065451673,3088
4621.626257648052,3089
0.0,3090
4351.883388100113,3091
0.0,3092
0.0,3093
0.0,3094
96.37025906223909,3095
0.0,3096
0.0,3097
0.0,3098
0.0,3099
0.0,3100
0.0,3101
3682.46285537121,3102
3679.5921126723683,3103
0.0,3104
0.0,3105
984.622742488165,3106
980.8783045998462,3107
0.0,3108
0.0,3109
6768.137458518869,3110
1620.0264676268653,3111
0.0,3112
0.0,3113
0.0,3114
0.0,3115
0.0,3116
0.0,3117
2489.6984079926333,3118
0.0,3119
0.0,3120
0.0,3121
0.0,3122
0.0,3123
0.0,3124
0.0,3125
0.0,3126
0.0,3127
0.0,3128
0.0,3129
0.0,3130
0.0,3131
0.0,3132
0.0,3133
0.0,3134
0.0,3135
0.0,3136
0.0,3137
0.0,3138
0.0,3139
0.0,3140
0.0,3141
9577.016530102954,3142
0.0,3143
0.0,3144
0.0,3145
0.0,3146
0.0,3147
0.0,3148
0.0,3149
0.0,3150
0.0,3151
0.0,3152
0.0,3153
0.0,3154
0.0,3155
0.0,3156
0.0,3157
0.0,3158
423.3397667799077,3159
426.3412850569714,3160
0.0,3161
0.0,3162
0.0,3163
0.0,3164
0.0,3165
0.0,3166
0.0,3167
0.0,3168
0.0,3169
80.4848005699698,3170
0.0,3171
0.0,3172
0.0,3173
0.0,3174
0.0,3175
0.0,3176
0.0,3177
0.0,3178
0.0,3179
0.0,3180
0.0,3181
0.0,3182
0.0,3183
0.0,3184
0.0,3185
0.0,3186
0.0,3187
0.0,3188
1008.2792501679733,3189
258.13579037786457,3190
0.0,3191
0.0,3192
0.0,3193
0.0,3194
0.0,3195
0.0,3196
0.0,3197
0.0,3198
0.0,3199
0.0,3200
0.0,3201
0.0,3202
0.0,3203
0.0,3204
0.0,3205
0.0,3206
0.0,3207
0.0,3208
0.0,3209
0.0,3210
0.0,3211
0.0,3212
0.0,3213
0.0,3214
0.0,3215
0.0,3216
0.0,3217
0.0,3218
0.0,3219
1198.4909923417365,3220
0.0,3221
0.0,3222
0.0,3223
1457.4000096033242,3224
0.0,3225
0.0,3226
4055.164922759521,3227
0.0,3228
3101.667912458539,3229
0.0,3230
489.0132160398739,3231
0.0,3232
2276.0551005136076,3233
2541.5360588813237,3234
0.0,3235
0.0,3236
2280.8033764924276,3237
2274.2586218689066,3238
0.0,3239
1912.7562951247673,3240
0.0,3241
0.0,3242
0.0,3243
0.0,3244
0.0,3245
0.0,3246
5133.4194280782685,3247
0.0,3248
0.0,3249
0.0,3250
0.0,3251
1264.1888190174298,3252
2907.7906255425414,3253
0.0,3254
0.0,3255
0.0,3256
2006.3880748502143,3257
1201.3476722959435,3258
0.0,3259
0.0,3260
0.0,3261
2728.232883555076,3262
2729.9374535472025,3263
0.0,3264
1203.3550864354504,3265
801.8702622831852,3266
502.5694303930651,3267
0.0,3268
2096.0157969633246,3269
1130.3002103532626,3270
0.0,3271
0.0,3272
0.0,3273
1697.5852599668578,3274
0.0,3275
0.0,3276
0.0,3277
0.0,3278
0.0,3279
1162.347519528372,3280
698.9129750541737,3281
0.0,3282
0.0,3283
0.0,3284
0.0,3285
0.0,3286
307.97781264113166,3287
0.0,3288
0.0,3289
0.0,3290
0.0,3291
0.0,3292
2096.609414070793,3293
2726.8265069766912,3294
0.0,3295
4240.628212737195,3296
0.0,3297
0.0,3298
0.0,3299
2810.507015176989,3300
0.0,3301
0.0,3302
0.0,3303
0.0,3304
763.7573461886434,3305
3611.5119939652673,3306
0.0,3307
0.0,3308
0.0,3309
0.0,3310
0.0,3311
0.0,3312
0.0,3313
0.0,3314
0.0,3315
0.0,3316
0.0,3317
0.0,3318
0.0,3319
0.0,3320
0.0,3321
0.0,3322
0.0,3323
0.0,3324
0.0,3325
0.0,3326
0.0,3327
0.0,3328
0.0,3329
0.0,3330
0.0,3331
0.0,3332
0.0,3333
0.0,3334
0.0,3335
0.0,3336
0.0,3337
0.0,3338
0.0,3339
0.0,3340
0.0,3341
0.0,3342
0.0,3343
0.0,3344
0.0,3345
0.0,3346
0.0,3347
2260.815034097888,3348
0.0,3349
0.0,3350
0.0,3351
0.0,3352
0.0,3353
0.0,3354
0.0,3355
0.0,3356
0.0,3357
0.0,3358
0.0,3359
3125.650030767197,3360
3127.368983060878,3361
0.0,3362
0.0,3363
0.0,3364
0.0,3365
0.0,3366
0.0,3367
0.0,3368
0.0,3369
0.0,3370
0.0,3371
0.0,3372
0.0,3373
0.0,3374
0.0,3375
0.0,3376
0.0,3377
0.0,3378
0.0,3379
0.0,3380
0.0,3381
0.0,3382
0.0,3383
0.0,3384
0.0,3385
0.0,3386
0.0,3387
0.0,3388
498.92346843107515,3389
0.0,3390
0.0,3391
0.0,3392
0.0,3393
0.0,3394
0.0,3395
0.0,3396
0.0,3397
0.0,3398
0.0,3399
0.0,3400
0.0,3401
0.0,3402
0.0,3403
0.0,3404
0.0,3405
0.0,3406
0.0,3407
0.0,3408
0.0,3409
0.0,3410
0.0,3411
0.0,3412
0.0,3413
0.0,3414
0.0,3415
0.0,3416
0.0,3417
0.0,3418
0.0,3419
0.0,3420
590.8989136174913,3421
0.0,3422
0.0,3423
0.0,3424
0.0,3425
0.0,3426
0.0,3427
0.0,3428
0.0,3429
0.0,3430
0.0,3431
0.0,3432
0.0,3433
0.0,3434
0.0,3435
0.0,3436
0.0,3437
0.0,3438
0.0,3439
0.0,3440
0.0,3441
0.0,3442
0.0,3443
0.0,3444
0.0,3445
0.0,3446
0.0,3447
0.0,3448
0.0,3449
0.0,3450
0.0,3451
0.0,3452
0.0,3453
0.0,3454
0.0,3455
0.0,3456
0.0,3457
0.0,3458
0.0,3459
1479.9731169310944,3460
351.97950854966314,3461
0.0,3462
0.0,3463
0.0,3464
0.0,3465
0.0,3466
0.0,3467
0.0,3468
0.0,3469
0.0,3470
0.0,3471
0.0,3472
0.0,3473
0.0,3474
0.0,3475
0.0,3476
0.0,3477
0.0,3478
0.0,3479
0.0,3480
0.0,3481
0.0,3482
0.0,3483
0.0,3484
868.4120412036035,3485
0.0,3486
866.2125539809259,3487
863.9999240467384,3488
1804.924599706484,3489
863.0720404215363,3490
1806.1081757464838,3491
0.0,3492
1259.884800883869,3493
0.0,3494
0.0,3495
1257.391188412348,3496
0.0,3497
903.7569860040476,3498
0.0,3499
0.0,3500
1196.0334598608733,3501
0.0,3502
0.0,3503
0.0,3504
337.5014773370685,3505
332.49431272172507,3506
0.0,3507
0.0,3508
0.0,3509
0.0,3510
0.0,3511
0.0,3512
0.0,3513
0.0,3514
0.0,3515
0.0,3516
0.0,3517
380.7759088968375,3518
0.0,3519
515.0758124815483,3520
0.0,3521
744.2415656682812,3522
0.0,3523
0.0,3524
0.0,3525
0.0,3526
0.0,3527
2411.466134145593,3528
0.0,3529
0.0,3530
939.4628260503625,3531
1242.737967400403,3532
1241.4798765217188,3533
1240.1695493885486,3534
0.0,3535
0.0,3536
2767.310449373078,3537
0.0,3538
1816.9394011449804,3539
0.0,3540
1904.9826858591398,3541
0.0,3542
0.0,3543
0.0,3544
0.0,3545
0.0,3546
0.0,3547
2241.9873851960133,3548
0.0,3549
0.0,3550
0.0,3551
0.0,3552
0.0,3553
0.0,3554
0.0,3555
0.0,3556
0.0,3557
0.0,3558
0.0,3559
0.0,3560
0.0,3561
0.0,3562
0.0,3563
0.0,3564
0.0,3565
0.0,3566
0.0,3567
0.0,3568
0.0,3569
0.0,3570
0.0,3571
0.0,3572
0.0,3573
0.0,3574
0.0,3575
0.0,3576
0.0,3577
0.0,3578
0.0,3579
0.0,3580
0.0,3581
1379.7211000024627,3582
0.0,3583
0.0,3584
203.98210993043108,3585
0.0,3586
0.0,3587
0.0,3588
0.0,3589
202.83115090305802,3590
0.0,3591
791.440300238897,3592
1243.6209179571297,3593
0.0,3594
0.0,3595
0.0,3596
0.0,3597
0.0,3598
0.0,3599
0.0,3600
0.0,3601
1324.6667234933345,3602
0.0,3603
0.0,3604
0.0,3605
0.0,3606
290.04109031216774,3607
0.0,3608
0.0,3609
0.0,3610
0.0,3611
0.0,3612
0.0,3613
977.6920417903581,3614
0.0,3615
0.0,3616
0.0,3617
0.0,3618
0.0,3619
0.0,3620
615.7226999392703,3621
1596.5106403562038,3622
0.0,3623
0.0,3624
0.0,3625
0.0,3626
0.0,3627
187.7238916443337,3628
0.0,3629
0.0,3630
0.0,3631
0.0,3632
0.0,3633
0.0,3634
0.0,3635
0.0,3636
0.0,3637
0.0,3638
0.0,3639
0.0,3640
0.0,3641
0.0,3642
0.0,3643
0.0,3644
333.5044562801317,3645
0.0,3646
0.0,3647
0.0,3648
0.0,3649
0.0,3650
0.0,3651
780.7788300109185,3652
0.0,3653
0.0,3654
0.0,3655
0.0,3656
0.0,3657
0.0,3658
0.0,3659
0.0,3660
869.6296356403437,3661
0.0,3662
5597.095084308532,3663
0.0,3664
0.0,3665
0.0,3666
0.0,3667
0.0,3668
0.0,3669
0.0,3670
0.0,3671
0.0,3672
0.0,3673
0.0,3674
0.0,3675
0.0,3676
0.0,3677
1562.770712988721,3678
0.0,3679
0.0,3680
0.0,3681
0.0,3682
0.0,3683
0.0,3684
0.0,3685
0.0,3686
0.0,3687
1561.4102892175795,3688
0.0,3689
0.0,3690
0.0,3691
0.0,3692
0.0,3693
198.89409998162284,3694
0.0,3695
0.0,3696
0.0,3697
0.0,3698
0.0,3699
0.0,3700
0.0,3701
2665.0223143398525,3702
0.0,3703
0.0,3704
0.0,3705
0.0,3706
0.0,3707
0.0,3708
0.0,3709
0.0,3710
0.0,3711
0.0,3712
0.0,3713
0.0,3714
594.9655718890997,3715
0.0,3716
940.5366106281301,3717
0.0,3718
0.0,3719
0.0,3720
0.0,3721
0.0,3722
0.0,3723
0.0,3724
0.0,3725
0.0,3726
0.0,3727
0.0,3728
136.67427050529,3729
0.0,3730
0.0,3731
0.0,3732
849.7703574431979,3733
0.0,3734
0.0,3735
151.80377748303118,3736
0.0,3737
0.0,3738
0.0,3739
212.22511870491576,3740
0.0,3741
150.11454861765216,3742
459.6074497365747,3743
0.0,3744
0.0,3745
0.0,3746
0.0,3747
0.0,3748
281.2659612945678,3749
0.0,3750
0.0,3751
0.0,3752
0.0,3753
796.990505365342,3754
0.0,3755
0.0,3756
0.0,3757
0.0,3758
0.0,3759
0.0,3760
0.0,3761
0.0,3762
0.0,3763
0.0,3764
0.0,3765
0.0,3766
0.0,3767
0.0,3768
0.0,3769
0.0,3770
0.0,3771
0.0,3772
0.0,3773
0.0,3774
0.0,3775
0.0,3776
0.0,3777
0.0,3778
0.0,3779
0.0,3780
0.0,3781
0.0,3782
0.0,3783
0.0,3784
0.0,3785
0.0,3786
0.0,3787
0.0,3788
0.0,3789
0.0,3790
0.0,3791
0.0,3792
0.0,3793
0.0,3794
0.0,3795
0.0,3796
0.0,3797
0.0,3798
0.0,3799
0.0,3800
0.0,3801
0.0,3802
0.0,3803
0.0,3804
0.0,3805
0.0,3806
0.0,3807
0.0,3808
0.0,3809
0.0,3810
3295.7756519509967,3811
0.0,3812
0.0,3813
0.0,3814
0.0,3815
720.6381489369433,3816
0.0,3817
0.0,3818
0.0,3819
0.0,3820
0.0,3821
0.0,3822
0.0,3823
0.0,3824
0.0,3825
0.0,3826
0.0,3827
5239.648351435473,3828
0.0,3829
4940.092017861019,3830
0.0,3831
0.0,3832
0.0,3833
0.0,3834
0.0,3835
0.0,3836
0.0,3837
0.0,3838
0.0,3839
1704.3333451837277,3840
0.0,3841
0.0,3842
0.0,3843
0.0,3844
0.0,3845
0.0,3846
0.0,3847
0.0,3848
0.0,3849
0.0,3850
0.0,3851
0.0,3852
0.0,3853
0.0,3854
0.0,3855
0.0,3856
0.0,3857
0.0,3858
0.0,3859
0.0,3860
0.0,3861
0.0,3862
0.0,3863
0.0,3864
0.0,3865
0.0,3866
0.0,3867
0.0,3868
0.0,3869
0.0,3870
1920.6189365637886,3871
0.0,3872
0.0,3873
0.0,3874
0.0,3875
0.0,3876
0.0,3877
0.0,3878
0.0,3879
0.0,3880
0.0,3881
2381.18883261101,3882
0.0,3883
0.0,3884
0.0,3885
0.0,3886
0.0,3887
5245.624958427033,3888
0.0,3889
0.0,3890
0.0,3891
0.0,3892
0.0,3893
0.0,3894
0.0,3895
0.0,3896
0.0,3897
428.22166562460353,3898
2356.0156817131815,3899
0.0,3900
0.0,3901
0.0,3902
0.0,3903
0.0,3904
0.0,3905
0.0,3906
0.0,3907
0.0,3908
1794.1499040360952,3909
0.0,3910
0.0,3911
0.0,3912
0.0,3913
0.0,3914
0.0,3915
0.0,3916
0.0,3917
0.0,3918
0.0,3919
0.0,3920
0.0,3921
0.0,3922
0.0,3923
0.0,3924
0.0,3925
0.0,3926
0.0,3927
0.0,3928
0.0,3929
1651.2016014797887,3930
0.0,3931
758.663588190273,3932
189.54337089948908,3933
0.0,3934
757.6883074654494,3935
0.0,3936
0.0,3937
0.0,3938
0.0,3939
105.38649037090349,3940
0.0,3941
0.0,3942
0.0,3943
0.0,3944
0.0,3945
0.0,3946
0.0,3947
1082.7058284629602,3948
0.0,3949
0.0,3950
0.0,3951
0.0,3952
0.0,3953
0.0,3954
0.0,3955
0.0,3956
1083.271481241886,3957
0.0,3958
0.0,3959
0.0,3960
0.0,3961
0.0,3962
0.0,3963
0.0,3964
3078.0638651066647,3965
0.0,3966
0.0,3967
0.0,3968
0.0,3969
0.0,3970
0.0,3971
0.0,3972
0.0,3973
0.0,3974
0.0,3975
0.0,3976
0.0,3977
0.0,3978
0.0,3979
0.0,3980
0.0,3981
0.0,3982
0.0,3983
0.0,3984
0.0,3985
0.0,3986
1743.717759772932,3987
0.0,3988
0.0,3989
0.0,3990
0.0,3991
0.0,3992
0.0,3993
0.0,3994
0.0,3995
0.0,3996
0.0,3997
0.0,3998
4093.8434319540147,3999
0.0,4000
0.0,4001
0.0,4002
0.0,4003
0.0,4004
0.0,4005
0.0,4006
0.0,4007
0.0,4008
557.2040286639998,4009
0.0,4010
2767.497684048406,4011
553.3535124271959,4012
3567.4707528361373,4013
810.3883372060026,4014
0.0,4015
3565.162859220152,4016
546.3779789748476,4017
542.6333587096732,4018
3560.07874324662,4019
0.0,4020
538.9434352859105,4021
4526.664900477224,4022
0.0,4023
0.0,4024
4011.7009786783606,4025
6099.604046428492,4026
0.0,4027
0.0,4028
0.0,4029
536.9574589158717,4030
2592.674298727147,4031
532.4979302362793,4032
0.0,4033
0.0,4034
0.0,4035
203.6105131815706,4036
1350.728348450253,4037
4141.932069277845,4038
868.3844499482013,4039
0.0,4040
0.0,4041
0.0,4042
0.0,4043
0.0,4044
0.0,4045
0.0,4046
277.43625274282493,4047
1074.0499583573453,4048
0.0,4049
0.0,4050
0.0,4051
0.0,4052
0.0,4053
0.0,4054
0.0,4055
0.0,4056
0.0,4057
0.0,4058
0.0,4059
0.0,4060
0.0,4061
0.0,4062
0.0,4063
0.0,4064
0.0,4065
0.0,4066
0.0,4067
0.0,4068
0.0,4069
0.0,4070
1158.6200199104255,4071
0.0,4072
0.0,4073
0.0,4074
0.0,4075
0.0,4076
0.0,4077
0.0,4078
0.0,4079
0.0,4080
0.0,4081
0.0,4082
0.0,4083
0.0,4084
0.0,4085
0.0,4086
2997.3840636137247,4087
0.0,4088
0.0,4089
0.0,4090
2212.1575288284944,4091
0.0,4092
0.0,4093
1734.0854514274786,4094
1732.8957271145528,4095
0.0,4096
0.0,4097
1841.0847400633095,4098
0.0,4099
0.0,4100
0.0,4101
0.0,4102
725.9895238784508,4103
0.0,4104
0.0,4105
0.0,4106
0.0,4107
725.374920335553,4108
0.0,4109
647.0480847869161,4110
0.0,4111
0.0,4112
0.0,4113
0.0,4114
0.0,4115
0.0,4116
0.0,4117
0.0,4118
0.0,4119
0.0,4120
0.0,4121
0.0,4122
0.0,4123
0.0,4124
0.0,4125
1573.0404676833418,4126
0.0,4127
0.0,4128
0.0,4129
236.89128406361775,4130
0.0,4131
0.0,4132
0.0,4133
0.0,4134
0.0,4135
0.0,4136
322.4205090554731,4137
0.0,4138
0.0,4139
0.0,4140
0.0,4141
0.0,4142
0.0,4143
2450.2681131618333,4144
0.0,4145
0.0,4146
0.0,4147
3631.68253207461,4148
0.0,4149
0.0,4150
5648.45844733055,4151
0.0,4152
0.0,4153
0.0,4154
0.0,4155
0.0,4156
0.0,4157
4487.504774938504,4158
1358.7140453444208,4159
0.0,4160
0.0,4161
0.0,4162
0.0,4163
0.0,4164
0.0,4165
0.0,4166
0.0,4167
0.0,4168
0.0,4169
0.0,4170
0.0,4171
0.0,4172
0.0,4173
0.0,4174
0.0,4175
0.0,4176
0.0,4177
0.0,4178
1009.1103890206247,4179
1284.0327918602684,4180
0.0,4181
2081.0146476662994,4182
877.9380726414716,4183
0.0,4184
2075.597130781445,4185
4148.945053238741,4186
0.0,4187
1898.0725432761387,4188
0.0,4189
1249.9153933411726,4190
4359.4625846732815,4191
0.0,4192
1245.59690915398,4193
439.5224150022599,4194
0.0,4195
1238.8002554758828,4196
244.5956648492398,4197
246.48480115615214,4198
0.0,4199
489.19801286114136,4200
1234.225897036944,4201
2738.980219006199,4202
0.0,4203
1679.420617894233,4204
1228.2904475899375,4205
422.0037059187728,4206
0.0,4207
712.8851641432163,4208
0.0,4209
567.0473775567814,4210
2743.9463098387123,4211
1224.8037688492427,4212
0.0,4213
0.0,4214
0.0,4215
0.0,4216
0.0,4217
1218.8954597430622,4218
0.0,4219
3037.408197065112,4220
0.0,4221
0.0,4222
2600.59695141386,4223
0.0,4224
0.0,4225
0.0,4226
0.0,4227
0.0,4228
2513.1051060268433,4229
0.0,4230
0.0,4231
0.0,4232
0.0,4233
0.0,4234
0.0,4235
0.0,4236
0.0,4237
0.0,4238
0.0,4239
71.62206642718085,4240
0.0,4241
2102.292257659987,4242
0.0,4243
2800.922065622413,4244
0.0,4245
0.0,4246
0.0,4247
0.0,4248
3510.9322983184616,4249
0.0,4250
0.0,4251
8699.658868682738,4252
0.0,4253
2884.0476037877447,4254
2105.5824190515887,4255
0.0,4256
0.0,4257
0.0,4258
3439.5909141982,4259
1663.5575070544623,4260
3135.994526459313,4261
0.0,4262
0.0,4263
0.0,4264
0.0,4265
0.0,4266
0.0,4267
0.0,4268
0.0,4269
0.0,4270
0.0,4271
0.0,4272
3014.393697055127,4273
918.3768389405407,4274
7327.308059985052,4275
2113.594557326776,4276
0.0,4277
1423.127536909721,4278
0.0,4279
0.0,4280
13677.490977539237,4281
0.0,4282
0.0,4283
2774.1296629615968,4284
2537.946856722404,4285
0.0,4286
0.0,4287
0.0,4288
0.0,4289
0.0,4290
0.0,4291
0.0,4292
0.0,4293
0.0,4294
0.0,4295
312.145696923199,4296
0.0,4297
0.0,4298
0.0,4299
0.0,4300
0.0,4301
0.0,4302
846.164030263522,4303
0.0,4304
0.0,4305
0.0,4306
947.4246095006386,4307
0.0,4308
949.7475797823896,4309
0.0,4310
0.0,4311
952.0329673757388,4312
0.0,4313
827.5657910937216,4314
0.0,4315
1682.1688953601026,4316
842.556719588847,4317
956.7142290060526,4318
0.0,4319
0.0,4320
0.0,4321
0.0,4322
1685.5456436471077,4323
0.0,4324
0.0,4325
0.0,4326
0.0,4327
0.0,4328
838.2583510881719,4329
0.0,4330
0.0,4331
1686.8495211826905,4332
0.0,4333
0.0,4334
0.0,4335
0.0,4336
1688.6640397630244,4337
0.0,4338
0.0,4339
834.034166848035,4340
0.0,4341
0.0,4342
0.0,4343
0.0,4344
1177.3757472824261,4345
0.0,4346
0.0,4347
0.0,4348
0.0,4349
1163.3534634621183,4350
0.0,4351
1165.144039008436,4352
0.0,4353
0.0,4354
0.0,4355
0.0,4356
1219.1703351664437,4357
0.0,4358
0.0,4359
0.0,4360
0.0,4361
0.0,4362
0.0,4363
415.61025722992395,4364
0.0,4365
0.0,4366
0.0,4367
0.0,4368
0.0,4369
0.0,4370
0.0,4371
0.0,4372
0.0,4373
0.0,4374
0.0,4375
0.0,4376
0.0,4377
0.0,4378
0.0,4379
0.0,4380
594.9331204619639,4381
0.0,4382
967.1155602211278,4383
0.0,4384
3563.435676178224,4385
1208.8057477022928,4386
0.0,4387
12.442287596157103,4388
0.0,4389
0.0,4390
0.0,4391
594.352792482096,4392
0.0,4393
0.0,4394
0.0,4395
0.0,4396
0.0,4397
0.0,4398
0.0,4399
0.0,4400
0.0,4401
3652.6212746211554,4402
0.0,4403
0.0,4404
0.0,4405
0.0,4406
1200.3161717164971,4407
0.0,4408
0.0,4409
0.0,4410
0.0,4411
4206.098493276901,4412
0.0,4413
0.0,4414
4805.619628270854,4415
2874.0811500296595,4416
0.0,4417
0.0,4418
0.0,4419
0.0,4420
0.0,4421
0.0,4422
0.0,4423
0.0,4424
0.0,4425
0.0,4426
0.0,4427
0.0,4428
2674.814502262754,4429
2256.8562388166592,4430
0.0,4431
0.0,4432
0.0,4433
1490.363203198261,4434
0.0,4435
0.0,4436
0.0,4437
0.0,4438
0.0,4439
0.0,4440
1414.1374628099713,4441
0.0,4442
0.0,4443
783.8920978004736,4444
0.0,4445
0.0,4446
0.0,4447
0.0,4448
0.0,4449
0.0,4450
0.0,4451
0.0,4452
0.0,4453
0.0,4454
0.0,4455
0.0,4456
0.0,4457
0.0,4458
0.0,4459
0.0,4460
0.0,4461
0.0,4462
0.0,4463
0.0,4464
0.0,4465
960.4022387453992,4466
677.9903444058061,4467
0.0,4468
0.0,4469
451.328190857391,4470
0.0,4471
0.0,4472
0.0,4473
0.0,4474
0.0,4475
0.0,4476
19.86485845829669,4477
0.0,4478
0.0,4479
0.0,4480
0.0,4481
0.0,4482
0.0,4483
0.0,4484
0.0,4485
1788.2056920243153,4486
0.0,4487
0.0,4488
0.0,4489
0.0,4490
0.0,4491
0.0,4492
0.0,4493
0.0,4494
0.0,4495
0.0,4496
415.9434522946778,4497
0.0,4498
0.0,4499
0.0,4500
0.0,4501
0.0,4502
0.0,4503
0.0,4504
0.0,4505
0.0,4506
0.0,4507
0.0,4508
0.0,4509
0.0,4510
0.0,4511
0.0,4512
0.0,4513
0.0,4514
0.0,4515
0.0,4516
0.0,4517
0.0,4518
0.0,4519
0.0,4520
3358.617700537982,4521
0.0,4522
0.0,4523
3557.19409844334,4524
0.0,4525
0.0,4526
0.0,4527
0.0,4528
0.0,4529
0.0,4530
0.0,4531
0.0,4532
0.0,4533
4377.633649760167,4534
0.0,4535
0.0,4536
0.0,4537
0.0,4538
0.0,4539
0.0,4540
0.0,4541
0.0,4542
0.0,4543
0.0,4544
0.0,4545
5153.857426285236,4546
0.0,4547
0.0,4548
0.0,4549
0.0,4550
0.0,4551
0.0,4552
0.0,4553
0.0,4554
810.0590291358459,4555
0.0,4556
2221.518251151883,4557
80.38683556400021,4558
1780.1132403314584,4559
0.0,4560
0.0,4561
0.0,4562
0.0,4563
0.0,4564
0.0,4565
0.0,4566
0.0,4567
0.0,4568
0.0,4569
0.0,4570
0.0,4571
0.0,4572
0.0,4573
0.0,4574
0.0,4575
0.0,4576
883.5298503129746,4577
605.5495930597905,4578
0.0,4579
0.0,4580
0.0,4581
0.0,4582
0.0,4583
605.0098745591312,4584
0.4560412267275744,4585
0.0,4586
0.0,4587
0.0,4588
0.0,4589
0.0,4590
0.0,4591
0.0,4592
0.0,4593
0.0,4594
1999.562990113531,4595
0.0,4596
0.0,4597
0.0,4598
0.0,4599
0.0,4600
0.0,4601
0.0,4602
0.0,4603
0.0,4604
0.0,4605
0.0,4606
0.0,4607
0.0,4608
0.0,4609
0.0,4610
0.0,4611
0.0,4612
662.9984064974176,4613
166.64040331305625,4614
165.95271165649632,4615
0.0,4616
0.0,4617
0.0,4618
0.0,4619
0.0,4620
0.0,4621
0.0,4622
327.76523622840364,4623
0.0,4624
0.0,4625
0.0,4626
0.0,4627
0.0,4628
0.0,4629
0.0,4630
0.0,4631
0.0,4632
3481.8805318243026,4633
0.0,4634
4187.197975731919,4635
0.0,4636
0.0,4637
0.0,4638
0.0,4639
0.0,4640
0.0,4641
0.0,4642
0.0,4643
0.0,4644
0.0,4645
0.0,4646
0.0,4647
0.0,4648
0.0,4649
0.0,4650
0.0,4651
0.0,4652
0.0,4653
0.0,4654
0.0,4655
0.0,4656
0.0,4657
1683.0761680904966,4658
5381.371771450348,4659
0.0,4660
0.0,4661
0.0,4662
2282.507553208479,4663
0.0,4664
0.0,4665
0.0,4666
0.0,4667
0.0,4668
0.0,4669
0.0,4670
1848.592997137628,4671
1850.4921543410353,4672
0.0,4673
0.0,4674
0.0,4675
0.0,4676
0.0,4677
0.0,4678
0.0,4679
0.0,4680
0.0,4681
0.0,4682
0.0,4683
0.0,4684
5311.693092940401,4685
0.0,4686
0.0,4687
0.0,4688
0.0,4689
0.0,4690
0.0,4691
0.0,4692
0.0,4693
0.0,4694
0.0,4695
0.0,4696
0.0,4697
0.0,4698
0.0,4699
0.0,4700
2802.5337073793435,4701
0.0,4702
0.0,4703
0.0,4704
0.0,4705
0.0,4706
0.0,4707
0.0,4708
0.0,4709
0.0,4710
0.0,4711
0.0,4712
0.0,4713
0.0,4714
0.0,4715
0.0,4716
0.0,4717
0.0,4718
0.0,4719
2805.1969353145682,4720
0.0,4721
0.0,4722
0.0,4723
0.0,4724
0.0,4725
0.0,4726
0.0,4727
0.0,4728
0.0,4729
0.0,4730
0.0,4731
0.0,4732
0.0,4733
0.0,4734
0.0,4735
2807.869279596743,4736
0.0,4737
0.0,4738
0.0,4739
0.0,4740
0.0,4741
0.0,4742
0.0,4743
0.0,4744
0.0,4745
0.0,4746
0.0,4747
0.0,4748
0.0,4749
0.0,4750
0.0,4751
0.0,4752
0.0,4753
0.0,4754
0.0,4755
0.0,4756
0.0,4757
0.0,4758
0.0,4759
611.7704974783369,4760
0.0,4761
0.0,4762
0.0,4763
0.0,4764
0.0,4765
0.0,4766
0.0,4767
0.0,4768
0.0,4769
845.3175304489948,4770
0.0,4771
0.0,4772
0.0,4773
0.0,4774
1139.5348881503724,4775
0.0,4776
645.1099896596809,4777
0.0,4778
0.0,4779
0.0,4780
0.0,4781
0.0,4782
0.0,4783
0.0,4784
3589.2236571460085,4785
0.0,4786
0.0,4787
0.0,4788
0.0,4789
0.0,4790
0.0,4791
3590.370285143458,4792
0.0,4793
0.0,4794
0.0,4795
0.0,4796
0.0,4797
0.0,4798
0.0,4799
3591.479710171707,4800
0.0,4801
0.0,4802
0.0,4803
0.0,4804
0.0,4805
0.0,4806
3592.555571562601,4807
0.0,4808
0.0,4809
0.0,4810
0.0,4811
0.0,4812
0.0,4813
0.0,4814
0.0,4815
0.0,4816
0.0,4817
0.0,4818
0.0,4819
0.0,4820
0.0,4821
0.0,4822
0.0,4823
0.0,4824
0.0,4825
0.0,4826
0.0,4827
0.0,4828
0.0,4829
0.0,4830
0.0,4831
0.0,4832
0.0,4833
0.0,4834
0.0,4835
0.0,4836
0.0,4837
0.0,4838
0.0,4839
425.0640906491044,4840
0.0,4841
0.0,4842
0.0,4843
0.0,4844
0.0,4845
0.0,4846
0.0,4847
0.0,4848
0.0,4849
0.0,4850
0.0,4851
1106.8722969767214,4852
0.0,4853
0.0,4854
0.0,4855
0.0,4856
0.0,4857
0.0,4858
0.0,4859
0.0,4860
0.0,4861
0.0,4862
0.0,4863
0.0,4864
0.0,4865
1318.5903698222937,4866
0.0,4867
0.0,4868
0.0,4869
0.0,4870
0.0,4871
0.0,4872
0.0,4873
0.0,4874
0.0,4875
0.0,4876
0.0,4877
0.0,4878
0.0,4879
0.0,4880
2007.4605801741673,4881
1425.033290200763,4882
1428.161013808814,4883
0.0,4884
0.0,4885
0.0,4886
260.1479022136689,4887
0.0,4888
0.0,4889
264.3538329085966,4890
1133.4847058135822,4891
4857.48925657834,4892
112.90404244727686,4893
0.0,4894
0.0,4895
0.0,4896
0.0,4897
0.0,4898
0.0,4899
0.0,4900
0.0,4901
114.91622210149735,4902
0.0,4903
0.0,4904
0.0,4905
0.0,4906
1330.849113277585,4907
0.0,4908
0.0,4909
0.0,4910
1070.1236356963668,4911
1072.587359572816,4912
0.0,4913
0.0,4914
0.0,4915
200.11914023120784,4916
767.292801318343,4917
769.7764944380984,4918
389.806402317323,4919
0.0,4920
0.0,4921
0.0,4922
0.0,4923
0.0,4924
0.0,4925
0.0,4926
0.0,4927
77.81516380410247,4928
0.0,4929
576.5004827157757,4930
83.58484539580907,4931
0.0,4932
0.0,4933
0.0,4934
276.14880537458095,4935
0.0,4936
2053.324229213367,4937
0.0,4938
0.0,4939
0.0,4940
0.0,4941
0.0,4942
725.1151687972641,4943
0.0,4944
0.0,4945
0.0,4946
0.0,4947
0.0,4948
0.0,4949
0.0,4950
9639.074417222288,4951
0.0,4952
0.0,4953
0.0,4954
0.0,4955
0.0,4956
0.0,4957
0.0,4958
0.0,4959
1326.1461798908335,4960
89.72772205248398,4961
0.0,4962
0.0,4963
0.0,4964
0.0,4965
0.0,4966
0.0,4967
0.0,4968
0.0,4969
0.0,4970
0.0,4971
0.0,4972
0.0,4973
0.0,4974
0.0,4975
0.0,4976
1424.2779295427868,4977
0.0,4978
0.0,4979
0.0,4980
0.0,4981
0.0,4982
0.0,4983
0.0,4984
0.0,4985
0.0,4986
0.0,4987
0.0,4988
0.0,4989
0.0,4990
0.0,4991
0.0,4992
214.44111770919434,4993
216.9863319995219,4994
0.0,4995
0.0,4996
0.0,4997
0.0,4998
0.0,4999
0.0,5000
0.0,5001
0.0,5002
0.0,5003
0.0,5004
0.0,5005
0.0,5006
700.4584504557913,5007
5001.303639617929,5008
5001.040449475363,5009
0.0,5010
0.0,5011
0.0,5012
0.0,5013
0.0,5014
0.0,5015
1719.0560501617126,5016
1904.6142703238665,5017
69.34518237628457,5018
65.86253277831713,5019
2193.8517010705796,5020
0.0,5021
4126.162066116241,5022
0.0,5023
0.0,5024
0.0,5025
0.0,5026
0.0,5027
0.0,5028
1920.0951467840944,5029
0.0,5030
2625.541452768252,5031
4364.169895137235,5032
712.0459444575441,5033
0.0,5034
0.0,5035
585.5191426570709,5036
2014.0741888228251,5037
0.0,5038
4521.049072163709,5039
0.0,5040
0.0,5041
0.0,5042
0.0,5043
0.0,5044
0.0,5045
0.0,5046
0.0,5047
0.0,5048
0.0,5049
0.0,5050
0.0,5051
0.0,5052
0.0,5053
0.0,5054
0.0,5055
0.0,5056
0.0,5057
0.0,5058
0.0,5059
124.80564592753845,5060
0.0,5061
0.0,5062
0.0,5063
0.0,5064
0.0,5065
0.0,5066
0.0,5067
263.67413858725723,5068
0.0,5069
0.0,5070
0.0,5071
0.0,5072
0.0,5073
0.0,5074
0.0,5075
0.0,5076
260.1373789682752,5077
0.0,5078
0.0,5079
0.0,5080
0.0,5081
0.0,5082
0.0,5083
0.0,5084
0.0,5085
0.0,5086
0.0,5087
0.0,5088
0.0,5089
1205.8208883871241,5090
0.0,5091
0.0,5092
0.0,5093
0.0,5094
0.0,5095
0.0,5096
0.0,5097
0.0,5098
725.2212904527012,5099
0.0,5100
0.0,5101
455.8634310904584,5102
726.8890797114831,5103
0.0,5104
0.0,5105
0.0,5106
0.0,5107
0.0,5108
0.0,5109
37.74168340817852,5110
192.9588299462112,5111
0.0,5112
131.82766295260913,5113
0.0,5114
790.2412874399431,5115
0.0,5116
0.0,5117
0.0,5118
0.0,5119
0.0,5120
0.0,5121
0.0,5122
0.0,5123
0.0,5124
540.7412522425038,5125
0.0,5126
0.0,5127
0.0,5128
0.0,5129
0.0,5130
0.0,5131
0.0,5132
0.0,5133
0.0,5134
0.0,5135
0.0,5136
0.0,5137
0.0,5138
0.0,5139
0.0,5140
0.0,5141
0.0,5142
0.0,5143
0.0,5144
0.0,5145
0.0,5146
0.0,5147
0.0,5148
0.0,5149
0.0,5150
0.0,5151
0.0,5152
0.0,5153
0.0,5154
0.0,5155
0.0,5156
0.0,5157
0.0,5158
0.0,5159
0.0,5160
0.0,5161
0.0,5162
0.0,5163
0.0,5164
0.0,5165
0.0,5166
0.0,5167
0.0,5168
0.0,5169
0.0,5170
3399.70023807154,5171
0.0,5172
0.0,5173
0.0,5174
0.0,5175
3190.5280664054994,5176
0.0,5177
0.0,5178
0.0,5179
0.0,5180
2447.7619449638046,5181
0.0,5182
0.0,5183
0.0,5184
2791.80893285682,5185
0.0,5186
0.0,5187
0.0,5188
0.0,5189
0.0,5190
1889.3632854193086,5191
0.0,5192
0.0,5193
0.0,5194
0.0,5195
0.0,5196
0.0,5197
0.0,5198
0.0,5199
0.0,5200
0.0,5201
0.0,5202
0.0,5203
0.0,5204
0.0,5205
0.0,5206
0.0,5207
0.0,5208
0.0,5209
0.0,5210
0.0,5211
0.0,5212
0.0,5213
0.0,5214
0.0,5215
0.0,5216
0.0,5217
0.0,5218
0.0,5219
0.0,5220
0.0,5221
0.0,5222
0.0,5223
0.0,5224
0.0,5225
0.0,5226
0.0,5227
0.0,5228
0.0,5229
0.0,5230
0.0,5231
1379.4693538321185,5232
0.0,5233
0.0,5234
0.0,5235
0.0,5236
0.0,5237
0.0,5238
0.0,5239
0.0,5240
0.0,5241
0.0,5242
0.0,5243
0.0,5244
0.0,5245
0.0,5246
0.0,5247
0.0,5248
0.0,5249
0.0,5250
0.0,5251
0.0,5252
0.0,5253
0.0,5254
0.0,5255
0.0,5256
0.0,5257
0.0,5258
0.0,5259
0.0,5260
0.0,5261
0.0,5262
0.0,5263
0.0,5264
0.0,5265
0.0,5266
0.0,5267
0.0,5268
0.0,5269
0.0,5270
0.0,5271
0.0,5272
2698.7870183518903,5273
0.0,5274
0.0,5275
0.0,5276
0.0,5277
0.0,5278
2299.4703625525285,5279
0.0,5280
0.0,5281
0.0,5282
3520.8547471074885,5283
0.0,5284
0.0,5285
0.0,5286
0.0,5287
0.0,5288
0.0,5289
2276.719678951556,5290
2275.6037394918417,5291
5.554750775832784,5292
445.5822815588428,5293
4156.45775382341,5294
0.0,5295
0.0,5296
0.0,5297
0.0,5298
0.0,5299
0.0,5300
0.0,5301
0.0,5302
0.0,5303
0.0,5304
217.92676961901847,5305
0.0,5306
0.0,5307
0.0,5308
0.0,5309
0.0,5310
0.0,5311
0.0,5312
0.0,5313
0.0,5314
0.0,5315
0.0,5316
0.0,5317
0.0,5318
0.0,5319
1748.0374219165517,5320
1746.21987107958,5321
0.0,5322
0.0,5323
0.0,5324
0.0,5325
0.0,5326
0.0,5327
0.0,5328
0.0,5329
0.0,5330
977.2733265694837,5331
973.5481523030742,5332
0.0,5333
0.0,5334
0.0,5335
0.0,5336
94.2319252835202,5337
0.0,5338
0.0,5339
0.0,5340
0.0,5341
0.0,5342
0.0,5343
0.0,5344
0.0,5345
0.0,5346
0.0,5347
0.0,5348
148.73615634212473,5349
0.0,5350
66.06380975860468,5351
141.98340473257582,5352
0.0,5353
0.0,5354
0.0,5355
652.3432691721815,5356
135.80702008762952,5357
0.0,5358
444.46235074713064,5359
0.0,5360
0.0,5361
0.0,5362
635.8597481070718,5363
129.3347944764373,5364
0.0,5365
0.0,5366
0.0,5367
254.4366767386706,5368
0.0,5369
0.0,5370
0.0,5371
0.0,5372
0.0,5373
0.0,5374
0.0,5375
0.0,5376
75.09215457533783,5377
695.7922194915122,5378
0.0,5379
482.41683001286833,5380
250.32244938413578,5381
315.49008799237964,5382
246.9565772949284,5383
0.0,5384
0.0,5385
0.0,5386
0.0,5387
0.0,5388
0.0,5389
0.0,5390
0.0,5391
0.0,5392
0.0,5393
0.0,5394
0.0,5395
0.0,5396
0.0,5397
0.0,5398
0.0,5399
0.0,5400
0.0,5401
0.0,5402
0.0,5403
166.66997137417252,5404
0.0,5405
0.0,5406
0.0,5407
2547.317292268614,5408
0.0,5409
951.994326857396,5410
0.0,5411
0.0,5412
0.0,5413
0.0,5414
0.0,5415
0.0,5416
0.0,5417
0.0,5418
853.3131682003838,5419
0.0,5420
0.0,5421
0.0,5422
0.0,5423
0.0,5424
0.0,5425
0.0,5426
0.0,5427
0.0,5428
0.0,5429
2546.365342549497,5430
0.0,5431
0.0,5432
0.0,5433
0.0,5434
0.0,5435
0.0,5436
0.0,5437
0.0,5438
0.0,5439
0.0,5440
0.0,5441
0.0,5442
0.0,5443
0.0,5444
0.0,5445
0.0,5446
0.0,5447
0.0,5448
0.0,5449
1047.0358680820138,5450
0.0,5451
4805.4169517800765,5452
1046.3731825963691,5453
667.5090030094343,5454
0.0,5455
0.0,5456
0.0,5457
0.0,5458
0.0,5459
0.0,5460
0.0,5461
0.0,5462
0.0,5463
863.1262996885598,5464
0.0,5465
0.0,5466
0.0,5467
0.0,5468
0.0,5469
0.0,5470
0.0,5471
0.0,5472
0.0,5473
0.0,5474
0.0,5475
3050.903790588828,5476
147.40004402821853,5477
145.67748256521386,5478
0.0,5479
1711.64834320611,5480
1108.0802782691069,5481
0.0,5482
316.86018995618457,5483
0.0,5484
0.0,5485
0.0,5486
0.0,5487
0.0,5488
0.0,5489
0.0,5490
0.0,5491
0.0,5492
0.0,5493
0.0,5494
0.0,5495
0.0,5496
0.0,5497
0.0,5498
0.0,5499
0.0,5500
0.0,5501
0.0,5502
1496.412209025255,5503
0.0,5504
2677.159183917926,5505
3199.316329111893,5506
0.0,5507
0.0,5508
0.0,5509
0.0,5510
0.0,5511
793.5574857367337,5512
0.0,5513
793.2529002052963,5514
0.0,5515
0.0,5516
0.0,5517
0.0,5518
0.0,5519
0.0,5520
430.04253339998115,5521
0.0,5522
1393.4789723542287,5523
0.0,5524
793.1041312550777,5525
0.0,5526
0.0,5527
0.0,5528
0.0,5529
0.0,5530
2182.8320687888054,5531
0.0,5532
0.0,5533
0.0,5534
0.0,5535
0.0,5536
0.0,5537
0.0,5538
0.0,5539
0.0,5540
0.0,5541
0.0,5542
0.0,5543
0.0,5544
3065.879245577335,5545
521.4781478895187,5546
0.0,5547
0.0,5548
0.0,5549
954.8033242307056,5550
3779.694044689852,5551
0.0,5552
0.0,5553
3066.830133485405,5554
0.0,5555
58.086377585988664,5556
59.45003055195047,5557
0.0,5558
0.0,5559
7003.018905342148,5560
2898.5637927822704,5561
0.0,5562
0.0,5563
1592.593049929127,5564
0.0,5565
0.0,5566
0.0,5567
0.0,5568
0.0,5569
0.0,5570
96.14398395676196,5571
0.0,5572
0.0,5573
0.0,5574
0.0,5575
87.31509762348672,5576
2399.7477782052597,5577
0.0,5578
0.0,5579
0.0,5580
0.0,5581
0.0,5582
0.0,5583
0.0,5584
0.0,5585
0.0,5586
0.0,5587
0.0,5588
0.0,5589
0.0,5590
0.0,5591
0.0,5592
0.0,5593
0.0,5594
0.0,5595
0.0,5596
4977.2022345748555,5597
0.0,5598
0.0,5599
0.0,5600
0.0,5601
0.0,5602
0.0,5603
0.0,5604
0.0,5605
0.0,5606
0.0,5607
0.0,5608
0.0,5609
0.0,5610
0.0,5611
24.13537066676584,5612
0.0,5613
0.0,5614
0.0,5615
0.0,5616
0.0,5617
0.0,5618
0.0,5619
0.0,5620
0.0,5621
1959.403820351756,5622
0.0,5623
0.0,5624
0.0,5625
0.0,5626
754.381221620639,5627
0.0,5628
0.0,5629
1607.877292696975,5630
0.0,5631
0.0,5632
0.0,5633
0.0,5634
510.3449153671816,5635
0.0,5636
0.0,5637
0.0,5638
0.0,5639
0.0,5640
0.0,5641
0.0,5642
0.0,5643
0.0,5644
0.0,5645
41.43056040361456,5646
0.0,5647
0.0,5648
0.0,5649
0.0,5650
160.68239288723765,5651
0.0,5652
281.3333649061602,5653
0.0,5654
0.0,5655
188.9172777686057,5656
0.0,5657
41.56492617524487,5658
41.71461469503274,5659
0.0,5660
41.840452277789815,5661
0.0,5662
41.94472878390225,5663
0.0,5664
42.025805280090154,5665
0.0,5666
0.0,5667
0.0,5668
0.0,5669
0.0,5670
0.0,5671
42.08036902911644,5672
0.0,5673
0.0,5674
0.0,5675
0.0,5676
0.0,5677
0.0,5678
0.0,5679
0.0,5680
0.0,5681
0.0,5682
0.0,5683
0.0,5684
0.0,5685
0.0,5686
0.0,5687
0.0,5688
0.0,5689
0.0,5690
0.0,5691
0.0,5692
0.0,5693
0.0,5694
0.0,5695
0.0,5696
0.0,5697
0.0,5698
0.0,5699
0.0,5700
0.0,5701
0.0,5702
0.0,5703
0.0,5704
0.0,5705
0.0,5706
0.0,5707
0.0,5708
0.0,5709
0.0,5710
0.0,5711
0.0,5712
0.0,5713
0.0,5714
0.0,5715
0.0,5716
0.0,5717
0.0,5718
0.0,5719
947.3355253838662,5720
2196.57768774803,5721
0.0,5722
0.0,5723
0.0,5724
0.0,5725
0.0,5726
0.0,5727
2193.5174110061675,5728
0.0,5729
938.322328747556,5730
0.0,5731
0.0,5732
0.0,5733
0.0,5734
0.0,5735
0.0,5736
0.0,5737
0.0,5738
0.0,5739
0.0,5740
0.0,5741
0.0,5742
0.0,5743
0.0,5744
0.0,5745
0.0,5746
2498.58715966741,5747
0.0,5748
0.0,5749
0.0,5750
0.0,5751
0.0,5752
0.0,5753
0.0,5754
1437.1950228912062,5755
0.0,5756
0.0,5757
0.0,5758
1438.6292889934584,5759
0.0,5760
367.9545691974777,5761
0.0,5762
0.0,5763
0.0,5764
0.0,5765
0.0,5766
0.0,5767
0.0,5768
0.0,5769
0.0,5770
0.0,5771
0.0,5772
0.0,5773
0.0,5774
0.0,5775
0.0,5776
0.0,5777
0.0,5778
0.0,5779
0.0,5780
0.0,5781
0.0,5782
1849.4238212904513,5783
0.0,5784
0.0,5785
0.0,5786
0.0,5787
0.0,5788
0.0,5789
0.0,5790
520.268089059895,5791
0.0,5792
0.0,5793
0.0,5794
0.0,5795
0.0,5796
0.0,5797
0.0,5798
0.0,5799
0.0,5800
0.0,5801
0.0,5802
0.0,5803
0.0,5804
82.40148322863847,5805
83.15933929505043,5806
0.0,5807
0.0,5808
0.0,5809
0.0,5810
0.0,5811
83.93949254520905,5812
0.0,5813
0.0,5814
0.0,5815
0.0,5816
0.0,5817
369.04011208040174,5818
85.40525198722992,5819
0.0,5820
369.5380348140073,5821
0.0,5822
0.0,5823
0.0,5824
0.0,5825
0.0,5826
0.0,5827
0.0,5828
86.043252248402,5829
0.0,5830
0.0,5831
0.0,5832
0.0,5833
0.0,5834
0.0,5835
0.0,5836
0.0,5837
0.0,5838
0.0,5839
0.0,5840
0.0,5841
0.0,5842
0.0,5843
0.0,5844
0.0,5845
0.0,5846
0.0,5847
0.0,5848
0.0,5849
0.0,5850
0.0,5851
0.0,5852
0.0,5853
0.0,5854
0.0,5855
0.0,5856
0.0,5857
0.0,5858
0.0,5859
0.0,5860
0.0,5861
0.0,5862
0.0,5863
0.0,5864
0.0,5865
0.0,5866
0.0,5867
0.0,5868
0.0,5869
0.0,5870
0.0,5871
0.0,5872
0.0,5873
0.0,5874
0.0,5875
0.0,5876
0.0,5877
0.0,5878
0.0,5879
0.0,5880
0.0,5881
0.0,5882
0.0,5883
0.0,5884
255.9850918679449,5885
3625.2783120977756,5886
3858.3497162373596,5887
0.0,5888
0.0,5889
1972.9671701210248,5890
0.0,5891
0.0,5892
2792.989280532641,5893
0.0,5894
0.0,5895
0.0,5896
0.0,5897
0.0,5898
0.0,5899
0.0,5900
0.0,5901
0.0,5902
337.5066692215211,5903
1184.192167958263,5904
399.86607907546096,5905
0.0,5906
1049.348192172869,5907
0.0,5908
0.0,5909
0.0,5910
1046.84800178682,5911
2049.7028856162415,5912
0.0,5913
1586.6961774266001,5914
0.0,5915
0.0,5916
454.7096271306628,5917
0.0,5918
0.0,5919
1470.3088880961711,5920
0.0,5921
4352.067714117756,5922
0.0,5923
0.0,5924
0.0,5925
1946.2240691395239,5926
1978.0381283970257,5927
1903.2051535153441,5928
1432.200677430561,5929
1839.1059454570957,5930
0.0,5931
0.0,5932
1839.885044156439,5933
1840.6518018326453,5934
0.0,5935
0.0,5936
1841.4071922253634,5937
0.0,5938
0.0,5939
0.0,5940
2107.8741469583438,5941
2430.686052860471,5942
187.44783665108153,5943
188.1152490898353,5944
0.0,5945
0.0,5946
0.0,5947
936.0113721150553,5948
936.3771594422947,5949
0.0,5950
0.0,5951
1133.9477008988342,5952
0.0,5953
0.0,5954
837.1748252142157,5955
0.0,5956
0.0,5957
1132.9011218440485,5958
816.7430479551617,5959
0.0,5960
815.5951647582951,5961
0.0,5962
0.0,5963
1072.877740766024,5964
644.767745691763,5965
346.99741617726795,5966
1072.9127006723836,5967
0.0,5968
1072.9932580569775,5969
1133.0295427262029,5970
1073.4547551337469,5971
0.0,5972
606.0513737740514,5973
0.0,5974
5653.971876633497,5975
0.0,5976
0.0,5977
0.0,5978
0.0,5979
643.9770288955111,5980
0.0,5981
0.0,5982
1776.8155166686445,5983
0.0,5984
0.0,5985
0.0,5986
0.0,5987
0.0,5988
3234.8372506851542,5989
1073.3687564347872,5990
0.0,5991
606.03642007932,5992
0.0,5993
0.0,5994
0.0,5995
606.743091999181,5996
0.0,5997
0.0,5998
1074.7372300817608,5999
0.0,6000
0.0,6001
550.6847783645128,6002
0.0,6003
730.5712006063885,6004
0.0,6005
0.0,6006
0.0,6007
0.0,6008
0.0,6009
0.0,6010
0.0,6011
0.0,6012
0.0,6013
0.0,6014
607.4905735368502,6015
0.0,6016
550.7722570844252,6017
608.1210083833839,6018
0.0,6019
0.0,6020
0.0,6021
0.0,6022
550.7306700174059,6023
0.0,6024
0.0,6025
0.0,6026
0.0,6027
0.0,6028
1075.99009572876,6029
0.0,6030
1075.8870191174794,6031
0.0,6032
1216.4462655563505,6033
0.0,6034
0.0,6035
1075.863005207264,6036
1075.7295358554575,6037
0.0,6038
0.0,6039
2587.954259153792,6040
2927.589801594314,6041
0.0,6042
2056.176832688551,6043
0.0,6044
0.0,6045
2271.0048530781874,6046
1076.5732460629185,6047
0.0,6048
0.0,6049
0.0,6050
0.0,6051
0.0,6052
0.0,6053
0.0,6054
0.0,6055
0.0,6056
1594.6029426701832,6057
0.0,6058
0.0,6059
0.0,6060
6147.001397151519,6061
0.0,6062
0.0,6063
0.0,6064
0.0,6065
0.0,6066
488.2678595649197,6067
757.9417812671754,6068
0.0,6069
0.0,6070
0.0,6071
0.0,6072
0.0,6073
0.0,6074
0.0,6075
0.0,6076
0.0,6077
0.0,6078
0.0,6079
0.0,6080
0.0,6081
0.0,6082
712.1159340687936,6083
0.0,6084
0.0,6085
0.0,6086
0.0,6087
199.46195153620542,6088
3076.041980821129,6089
0.0,6090
0.0,6091
0.0,6092
0.0,6093
0.0,6094
0.0,6095
0.0,6096
0.0,6097
0.0,6098
0.0,6099
0.0,6100
607.7247392714231,6101
0.0,6102
0.0,6103
0.0,6104
0.0,6105
0.0,6106
0.0,6107
0.0,6108
0.0,6109
0.0,6110
0.0,6111
0.0,6112
0.0,6113
0.0,6114
0.0,6115
0.0,6116
0.0,6117
0.0,6118
0.0,6119
0.0,6120
0.0,6121
0.0,6122
0.0,6123
0.0,6124
0.0,6125
0.0,6126
0.0,6127
0.0,6128
0.0,6129
0.0,6130
0.0,6131
0.0,6132
0.0,6133
0.0,6134
0.0,6135
0.0,6136
0.0,6137
0.0,6138
0.0,6139
0.0,6140
0.0,6141
0.0,6142
0.0,6143
0.0,6144
0.0,6145
0.0,6146
256.8353585124256,6147
0.0,6148
0.0,6149
0.0,6150
0.0,6151
0.0,6152
0.0,6153
0.0,6154
1901.8562976528174,6155
0.0,6156
0.0,6157
0.0,6158
0.0,6159
0.0,6160
0.0,6161
0.0,6162
0.0,6163
0.0,6164
0.0,6165
2870.6852663625314,6166
0.0,6167
0.0,6168
0.0,6169
0.0,6170
0.0,6171
0.0,6172
0.0,6173
0.0,6174
0.0,6175
0.0,6176
0.0,6177
0.0,6178
0.0,6179
0.0,6180
0.0,6181
0.0,6182
0.0,6183
0.0,6184
0.0,6185
0.0,6186
0.0,6187
0.0,6188
487.57690758532055,6189
0.0,6190
0.0,6191
0.0,6192
0.0,6193
0.0,6194
0.0,6195
0.0,6196
0.0,6197
0.0,6198
0.0,6199
0.0,6200
0.0,6201
0.0,6202
0.0,6203
0.0,6204
0.0,6205
0.0,6206
0.0,6207
0.0,6208
0.0,6209
0.0,6210
0.0,6211
0.0,6212
0.0,6213
0.0,6214
0.0,6215
0.0,6216
0.0,6217
0.0,6218
0.0,6219
0.0,6220
0.0,6221
0.0,6222
0.0,6223
0.0,6224
0.0,6225
0.0,6226
0.0,6227
0.0,6228
0.0,6229
0.0,6230
0.0,6231
0.0,6232
0.0,6233
0.0,6234
0.0,6235
0.0,6236
0.0,6237
0.0,6238
0.0,6239
0.0,6240
0.0,6241
0.0,6242
0.0,6243
0.0,6244
0.0,6245
0.0,6246
0.0,6247
0.0,6248
0.0,6249
0.0,6250
0.0,6251
0.0,6252
0.0,6253
0.0,6254
0.0,6255
0.0,6256
0.0,6257
0.0,6258
0.0,6259
0.0,6260
0.0,6261
0.0,6262
0.0,6263
0.0,6264
0.0,6265
0.0,6266
0.0,6267
0.0,6268
0.0,6269
10008.55339967779,6270
0.0,6271
0.0,6272
0.0,6273
0.0,6274
0.0,6275
0.0,6276
0.0,6277
0.0,6278
0.0,6279
0.0,6280
0.0,6281
0.0,6282
0.0,6283
0.0,6284
0.0,6285
0.0,6286
0.0,6287
0.0,6288
0.0,6289
0.0,6290
0.0,6291
0.0,6292
0.0,6293
0.0,6294
0.0,6295
0.0,6296
0.0,6297
0.0,6298
0.0,6299
0.0,6300
0.0,6301
0.0,6302
0.0,6303
0.0,6304
0.0,6305
0.0,6306
0.0,6307
0.0,6308
0.0,6309
0.0,6310
0.0,6311
0.0,6312
0.0,6313
0.0,6314
0.0,6315
0.0,6316
0.0,6317
0.0,6318
0.0,6319
0.0,6320
0.0,6321
0.0,6322
0.0,6323
0.0,6324
0.0,6325
0.0,6326
0.0,6327
0.0,6328
0.0,6329
0.0,6330
0.0,6331
0.0,6332
0.0,6333
0.0,6334
0.0,6335
0.0,6336
0.0,6337
0.0,6338
0.0,6339
0.0,6340
0.0,6341
0.0,6342
0.0,6343
0.0,6344
0.0,6345
0.0,6346
0.0,6347
0.0,6348
0.0,6349
0.0,6350
0.0,6351
0.0,6352
0.0,6353
0.0,6354
0.0,6355
0.0,6356
0.0,6357
0.0,6358
0.0,6359
0.0,6360
0.0,6361
0.0,6362
0.0,6363
0.0,6364
0.0,6365
0.0,6366
0.0,6367
0.0,6368
0.0,6369
0.0,6370
2796.741919229967,6371
282.9625728256227,6372
26.21784445283621,6373
0.0,6374
0.0,6375
0.0,6376
0.0,6377
0.0,6378
0.0,6379
0.0,6380
0.0,6381
1126.7924654369306,6382
0.0,6383
0.0,6384
0.0,6385
0.0,6386
0.0,6387
0.0,6388
0.0,6389
1159.968846382468,6390
1786.7603460742541,6391
0.0,6392
0.0,6393
0.0,6394
0.0,6395
0.0,6396
252.55558778822632,6397
0.0,6398
0.0,6399
0.0,6400
0.0,6401
0.0,6402
0.0,6403
0.0,6404
0.0,6405
0.0,6406
0.0,6407
0.0,6408
0.0,6409
0.0,6410
0.0,6411
0.0,6412
0.0,6413
0.0,6414
0.0,6415
1830.8599358253634,6416
0.0,6417
0.0,6418
0.0,6419
1832.6636419858994,6420
1288.1666628940063,6421
1833.9578056706964,6422
596.2759521961575,6423
0.0,6424
947.2212792858668,6425
1726.1191835927993,6426
0.0,6427
0.0,6428
0.0,6429
1019.9938686465094,6430
0.0,6431
0.0,6432
0.0,6433
0.0,6434
0.0,6435
1719.1725673510082,6436
0.0,6437
2882.7747902164765,6438
204.4285743602266,6439
0.0,6440
0.0,6441
0.0,6442
0.0,6443
0.0,6444
205.13665115938664,6445
205.7858407625316,6446
0.0,6447
0.0,6448
0.0,6449
0.0,6450
0.0,6451
1963.9330408644707,6452
0.0,6453
205.5263628665866,6454
0.0,6455
0.0,6456
0.0,6457
0.0,6458
0.0,6459
0.0,6460
0.0,6461
0.0,6462
0.0,6463
0.0,6464
0.0,6465
0.0,6466
0.0,6467
0.0,6468
0.0,6469
0.0,6470
0.0,6471
0.0,6472
0.0,6473
0.0,6474
0.0,6475
0.0,6476
0.0,6477
0.0,6478
0.0,6479
0.0,6480
0.0,6481
0.0,6482
0.0,6483
0.0,6484
0.0,6485
0.0,6486
0.0,6487
0.0,6488
1965.783542780021,6489
0.0,6490
0.0,6491
0.0,6492
0.0,6493
0.0,6494
0.0,6495
0.0,6496
0.0,6497
0.0,6498
0.0,6499
0.0,6500
0.0,6501
0.0,6502
0.0,6503
0.0,6504
0.0,6505
0.0,6506
0.0,6507
0.0,6508
1785.4747346592937,6509
0.0,6510
0.0,6511
0.0,6512
0.0,6513
689.7936326899293,6514
0.0,6515
690.4475237949592,6516
0.0,6517
2472.4389619216186,6518
12.953938783419474,6519
0.0,6520
0.0,6521
407.4551984798716,6522
0.0,6523
0.0,6524
0.0,6525
0.0,6526
1424.6272994860303,6527
1352.0389831059872,6528
8748.998924526539,6529
0.0,6530
0.0,6531
0.0,6532
0.0,6533
0.0,6534
2313.8710185239565,6535
2134.055046747511,6536
1860.7062001745023,6537
672.9983029447636,6538
931.6401174388842,6539
0.0,6540
0.0,6541
6713.040805307803,6542
0.0,6543
3288.8171140464924,6544
1511.1527562799033,6545
0.0,6546
0.0,6547
0.0,6548
0.0,6549
0.0,6550
836.7957361310624,6551
0.0,6552
0.0,6553
0.0,6554
0.0,6555
659.8355364315773,6556
0.0,6557
3280.7921389350167,6558
0.0,6559
0.0,6560
917.7827368809885,6561
0.0,6562
0.0,6563
3721.7568629679254,6564
1671.4428167887568,6565
2183.4376091803174,6566
295.940180778254,6567
278.880490764604,6568
0.0,6569
0.0,6570
0.0,6571
5104.566616723735,6572
0.0,6573
1101.4444705098622,6574
161.02574315186135,6575
0.0,6576
0.0,6577
0.0,6578
0.0,6579
647.6116875550395,6580
1376.4627116313059,6581
0.0,6582
786.36874169189,6583
230.54112881992884,6584
0.0,6585
0.0,6586
0.0,6587
603.0488600594474,6588
660.7066502006932,6589
2667.7127023770427,6590
3207.6587652311673,6591
0.0,6592
3391.4685187136183,6593
605.8223048438612,6594
3390.8507923036736,6595
890.6393726683307,6596
322.14328883720316,6597
6371.69982951369,6598
0.0,6599
0.0,6600
325.47719413922744,6601
0.0,6602
52.60948095616708,6603
0.0,6604
0.0,6605
0.0,6606
0.0,6607
1607.2029702960822,6608
0.0,6609
0.0,6610
0.0,6611
0.0,6612
0.0,6613
980.0464246396839,6614
0.0,6615
0.0,6616
0.0,6617
0.0,6618
0.0,6619
0.0,6620
0.0,6621
0.0,6622
0.0,6623
0.0,6624
0.0,6625
0.0,6626
0.0,6627
0.0,6628
0.0,6629
0.0,6630
0.0,6631
0.0,6632
0.0,6633
0.0,6634
841.1366077843758,6635
0.0,6636
6049.454275782231,6637
0.0,6638
0.0,6639
0.0,6640
0.0,6641
309.22018331480587,6642
0.0,6643
0.0,6644
0.0,6645
2641.5691780068964,6646
0.0,6647
1687.6103379456536,6648
0.0,6649
0.0,6650
0.0,6651
0.0,6652
332.6664516585875,6653
0.0,6654
0.0,6655
0.0,6656
0.0,6657
0.0,6658
0.0,6659
0.0,6660
0.0,6661
0.0,6662
202.56697542750868,6663
0.0,6664
0.0,6665
0.0,6666
0.0,6667
202.48811419318886,6668
0.0,6669
0.0,6670
0.0,6671
0.0,6672
0.0,6673
0.0,6674
0.0,6675
0.0,6676
0.0,6677
0.0,6678
0.0,6679
0.0,6680
0.0,6681
0.0,6682
0.0,6683
0.0,6684
0.0,6685
0.0,6686
802.2383919357413,6687
0.0,6688
0.0,6689
982.8581629622089,6690
1753.532284321045,6691
1753.6301497677605,6692
0.0,6693
0.0,6694
1934.6945961794186,6695
1491.3045742025877,6696
0.0,6697
0.0,6698
7706.3593113030665,6699
0.0,6700
0.0,6701
0.0,6702
0.0,6703
0.0,6704
0.0,6705
0.0,6706
0.0,6707
0.0,6708
0.0,6709
0.0,6710
0.0,6711
0.0,6712
0.0,6713
0.0,6714
0.0,6715
0.0,6716
0.0,6717
0.0,6718
0.0,6719
0.0,6720
0.0,6721
5260.149164437413,6722
5547.008499115152,6723
0.0,6724
0.0,6725
0.0,6726
0.0,6727
5715.560098145233,6728
0.0,6729
14.129446932847289,6730
22.40015946392213,6731
0.0,6732
0.0,6733
0.0,6734
0.0,6735
3120.767038104305,6736
0.0,6737
0.0,6738
0.0,6739
0.0,6740
0.0,6741
0.0,6742
0.0,6743
0.0,6744
0.0,6745
0.0,6746
0.0,6747
0.0,6748
3553.769590650933,6749
0.0,6750
0.0,6751
0.0,6752
0.0,6753
0.0,6754
0.0,6755
0.0,6756
0.0,6757
0.0,6758
0.0,6759
0.0,6760
0.0,6761
0.0,6762
1197.6332412180006,6763
0.0,6764
1612.5299131541458,6765
0.0,6766
0.0,6767
822.1022648868129,6768
0.0,6769
0.0,6770
0.0,6771
1076.0752774413331,6772
1581.3693544829612,6773
0.0,6774
1269.4782124870553,6775
1794.2163336412796,6776
1840.675313181731,6777
1853.9079760883901,6778
0.0,6779
0.0,6780
0.0,6781
0.0,6782
1522.0594301441952,6783
1843.2263111763687,6784
0.0,6785
0.0,6786
2762.911194521562,6787
2764.7105593037386,6788
0.0,6789
0.0,6790
3413.8263163220436,6791
0.0,6792
0.0,6793
0.0,6794
0.0,6795
0.0,6796
0.0,6797
0.0,6798
0.0,6799
0.0,6800
0.0,6801
0.0,6802
0.0,6803
0.0,6804
0.0,6805
0.0,6806
2625.298724880304,6807
0.0,6808
0.0,6809
2290.8062192593106,6810
2623.047084133863,6811
0.0,6812
1148.8112721660696,6813
0.0,6814
0.0,6815
0.0,6816
0.0,6817
0.0,6818
0.0,6819
2052.9929579025325,6820
1031.3487767353167,6821
0.0,6822
0.0,6823
0.0,6824
0.0,6825
0.0,6826
1474.1152945493727,6827
0.0,6828
0.0,6829
0.0,6830
1042.3155198718484,6831
0.0,6832
0.0,6833
0.0,6834
0.0,6835
0.0,6836
1042.5021089096851,6837
0.0,6838
988.2727158196708,6839
0.0,6840
0.0,6841
0.0,6842
0.0,6843
1306.154416383356,6844
0.0,6845
0.0,6846
0.0,6847
0.0,6848
0.0,6849
0.0,6850
1320.6811110872545,6851
0.0,6852
0.0,6853
0.0,6854
585.164342547844,6855
0.0,6856
0.0,6857
0.0,6858
0.0,6859
0.0,6860
0.0,6861
0.0,6862
0.0,6863
8213.865634969829,6864
0.0,6865
0.0,6866
0.0,6867
0.0,6868
0.0,6869
0.0,6870
0.0,6871
0.0,6872
0.0,6873
0.0,6874
0.0,6875
0.0,6876
0.0,6877
0.0,6878
0.0,6879
3088.777896540304,6880
0.0,6881
0.0,6882
0.0,6883
0.0,6884
0.0,6885
0.0,6886
0.0,6887
0.0,6888
0.0,6889
0.0,6890
0.0,6891
0.0,6892
0.0,6893
4398.920159892415,6894
0.0,6895
0.0,6896
0.0,6897
0.0,6898
0.0,6899
0.0,6900
0.0,6901
0.0,6902
0.0,6903
0.0,6904
0.0,6905
0.0,6906
0.0,6907
0.0,6908
0.0,6909
0.0,6910
0.0,6911
0.0,6912
0.0,6913
0.0,6914
0.0,6915
0.0,6916
0.0,6917
0.0,6918
0.0,6919
0.0,6920
0.0,6921
0.0,6922
0.0,6923
0.0,6924
0.0,6925
0.0,6926
0.0,6927
0.0,6928
0.0,6929
0.0,6930
0.0,6931
384.4300811649241,6932
0.0,6933
0.0,6934
0.0,6935
0.0,6936
0.0,6937
0.0,6938
0.0,6939
0.0,6940
0.0,6941
0.0,6942
0.0,6943
0.0,6944
0.0,6945
0.0,6946
0.0,6947
0.0,6948
0.0,6949
0.0,6950
0.0,6951
0.0,6952
81.95077338433646,6953
0.0,6954
0.0,6955
1598.8240893277052,6956
0.0,6957
0.0,6958
0.0,6959
0.0,6960
0.0,6961
6.510135076589934,6962
0.0,6963
0.0,6964
0.0,6965
0.0,6966
0.0,6967
0.0,6968
0.0,6969
0.0,6970
0.0,6971
0.0,6972
0.0,6973
0.0,6974
0.0,6975
0.0,6976
0.0,6977
0.0,6978
0.0,6979
0.0,6980
0.0,6981
0.0,6982
0.0,6983
0.0,6984
0.0,6985
0.0,6986
0.0,6987
0.0,6988
0.0,6989
0.0,6990
0.0,6991
0.0,6992
0.0,6993
0.0,6994
0.0,6995
0.0,6996
0.0,6997
0.0,6998
0.0,6999
0.0,7000
308.1617284782518,7001
982.0649703220935,7002
0.0,7003
978.928743446036,7004
975.6652260397868,7005
0.0,7006
0.0,7007
0.0,7008
129.4639984685916,7009
0.0,7010
0.0,7011
0.0,7012
0.0,7013
0.0,7014
0.0,7015
3947.099574457804,7016
0.0,7017
2801.5099467487144,7018
2798.108249392861,7019
177.93022061315418,7020
0.0,7021
0.0,7022
0.0,7023
0.0,7024
0.0,7025
0.0,7026
0.0,7027
0.0,7028
0.0,7029
0.0,7030
0.0,7031
0.0,7032
0.0,7033
0.0,7034
0.0,7035
1830.8798651640989,7036
0.0,7037
1807.8363739701053,7038
0.0,7039
0.0,7040
0.0,7041
0.0,7042
0.0,7043
0.0,7044
0.0,7045
646.4387537172609,7046
0.0,7047
0.0,7048
0.0,7049
3.179144752428209,7050
0.0,7051
0.0,7052
0.0,7053
0.0,7054
2923.9183711333917,7055
0.0,7056
0.0,7057
0.0,7058
0.0,7059
0.0,7060
0.0,7061
0.0,7062
0.0,7063
0.0,7064
0.0,7065
0.0,7066
0.0,7067
0.0,7068
0.0,7069
0.0,7070
0.0,7071
0.0,7072
0.0,7073
0.0,7074
0.0,7075
0.0,7076
0.0,7077
0.0,7078
0.0,7079
0.0,7080
0.0,7081
1285.2755271881995,7082
0.0,7083
0.0,7084
0.0,7085
0.0,7086
0.0,7087
0.0,7088
0.0,7089
0.0,7090
0.0,7091
0.0,7092
0.0,7093
0.0,7094
0.0,7095
0.0,7096
0.0,7097
0.0,7098
0.0,7099
0.0,7100
0.0,7101
0.0,7102
0.0,7103
0.0,7104
0.0,7105
0.0,7106
0.0,7107
0.0,7108
0.0,7109
0.0,7110
0.0,7111
0.0,7112
0.0,7113
0.0,7114
0.0,7115
0.0,7116
4003.9516122927184,7117
1061.324375717858,7118
0.0,7119
0.0,7120
0.0,7121
0.0,7122
0.0,7123
0.0,7124
0.0,7125
0.0,7126
0.0,7127
0.0,7128
0.0,7129
0.0,7130
0.0,7131
0.0,7132
613.4905091741518,7133
0.0,7134
0.0,7135
0.0,7136
0.0,7137
0.0,7138
615.9073351007303,7139
0.0,7140
1096.207813626939,7141
0.0,7142
0.0,7143
0.0,7144
0.0,7145
0.0,7146
0.0,7147
0.0,7148
0.0,7149
0.0,7150
0.0,7151
0.0,7152
0.0,7153
0.0,7154
0.0,7155
0.0,7156
0.0,7157
0.0,7158
0.0,7159
0.0,7160
3189.1345653990993,7161
0.0,7162
0.0,7163
0.0,7164
0.0,7165
0.0,7166
0.0,7167
0.0,7168
0.0,7169
0.0,7170
0.0,7171
0.0,7172
0.0,7173
0.0,7174
0.0,7175
0.0,7176
0.0,7177
0.0,7178
0.0,7179
0.0,7180
0.0,7181
0.0,7182
0.0,7183
789.4674945481136,7184
0.0,7185
0.0,7186
0.0,7187
0.0,7188
0.0,7189
0.0,7190
0.0,7191
0.0,7192
0.0,7193
0.0,7194
0.0,7195
418.931067419815,7196
420.384264150352,7197
0.0,7198
1393.3629070939166,7199
2228.0037615883916,7200
0.0,7201
0.0,7202
0.0,7203
40.69880400755787,7204
0.0,7205
0.0,7206
0.0,7207
0.0,7208
0.0,7209
0.0,7210
0.0,7211
0.0,7212
0.0,7213
0.0,7214
0.0,7215
0.0,7216
0.0,7217
0.0,7218
0.0,7219
0.0,7220
0.0,7221
0.0,7222
0.0,7223
0.0,7224
0.0,7225
0.0,7226
0.0,7227
2666.6476166719494,7228
0.0,7229
0.0,7230
0.0,7231
0.0,7232
0.0,7233
0.0,7234
0.0,7235
0.0,7236
0.0,7237
0.0,7238
0.0,7239
0.0,7240
0.0,7241
474.53140841322374,7242
472.23174058339305,7243
469.89728536588797,7244
276.14458977079846,7245
0.0,7246
0.0,7247
466.8442272552019,7248
464.44742169320733,7249
0.0,7250
0.0,7251
0.0,7252
1503.1992424136117,7253
581.180326946127,7254
404.583966873292,7255
0.0,7256
0.0,7257
0.0,7258
0.0,7259
0.0,7260
0.0,7261
0.0,7262
0.0,7263
0.0,7264
0.0,7265
0.0,7266
0.0,7267
0.0,7268
0.0,7269
0.0,7270
0.0,7271
0.0,7272
0.0,7273
0.0,7274
0.0,7275
0.0,7276
0.0,7277
0.0,7278
0.0,7279
0.0,7280
0.0,7281
0.0,7282
0.0,7283
0.0,7284
0.0,7285
0.0,7286
0.0,7287
0.0,7288
0.0,7289
0.0,7290
0.0,7291
0.0,7292
0.0,7293
0.0,7294
0.0,7295
0.0,7296
0.0,7297
0.0,7298
0.0,7299
0.0,7300
0.0,7301
0.0,7302
0.0,7303
0.0,7304
445.0966904633396,7305
0.0,7306
0.0,7307
0.0,7308
0.0,7309
0.0,7310
0.0,7311
0.0,7312
0.0,7313
0.0,7314
0.0,7315
0.0,7316
0.0,7317
0.0,7318
0.0,7319
0.0,7320
0.0,7321
0.0,7322
0.0,7323
0.0,7324
0.0,7325
0.0,7326
0.0,7327
0.0,7328
0.0,7329
152.96578767767886,7330
2428.4611589275355,7331
0.0,7332
0.0,7333
0.0,7334
306.5886009429738,7335
303.7344036904176,7336
1315.3189006505108,7337
0.0,7338
2396.3617934643826,7339
0.0,7340
0.0,7341
1833.0987433292928,7342
0.0,7343
0.0,7344
0.0,7345
0.0,7346
0.0,7347
0.0,7348
0.0,7349
0.0,7350
0.0,7351
0.0,7352
0.0,7353
0.0,7354
0.0,7355
0.0,7356
0.0,7357
0.0,7358
0.0,7359
0.0,7360
0.0,7361
0.0,7362
0.0,7363
0.0,7364
0.0,7365
0.0,7366
0.0,7367
0.0,7368
2865.0590438961935,7369
0.0,7370
0.0,7371
0.0,7372
0.0,7373
0.0,7374
0.0,7375
0.0,7376
0.0,7377
0.0,7378
0.0,7379
221.24072078345918,7380
0.0,7381
0.0,7382
0.0,7383
0.0,7384
0.0,7385
299.4493291132762,7386
0.0,7387
0.0,7388
14.850057521119163,7389
0.0,7390
0.0,7391
0.0,7392
0.0,7393
0.0,7394
0.0,7395
0.0,7396
0.0,7397
0.0,7398
0.0,7399
0.0,7400
0.0,7401
0.0,7402
0.0,7403
0.0,7404
0.0,7405
0.0,7406
0.0,7407
0.0,7408
0.0,7409
0.0,7410
0.0,7411
0.0,7412
0.0,7413
0.0,7414
0.0,7415
0.0,7416
0.0,7417
0.0,7418
0.0,7419
0.0,7420
0.0,7421
0.0,7422
0.0,7423
0.0,7424
0.0,7425
281.33370433034503,7426
0.0,7427
0.0,7428
0.0,7429
0.0,7430
0.0,7431
0.0,7432
0.0,7433
0.0,7434
0.0,7435
0.0,7436
0.0,7437
0.0,7438
0.0,7439
0.0,7440
0.0,7441
0.0,7442
0.0,7443
0.0,7444
0.0,7445
0.0,7446
389.4648231960409,7447
0.0,7448
0.0,7449
0.0,7450
0.0,7451
0.0,7452
0.0,7453
0.0,7454
0.0,7455
1288.6694678347978,7456
0.0,7457
0.0,7458
0.0,7459
0.0,7460
0.0,7461
0.0,7462
0.0,7463
0.0,7464
0.0,7465
0.0,7466
0.0,7467
0.0,7468
0.0,7469
0.0,7470
0.0,7471
0.0,7472
0.0,7473
0.0,7474
0.0,7475
0.0,7476
0.0,7477
0.0,7478
0.0,7479
0.0,7480
0.0,7481
0.0,7482
0.0,7483
0.0,7484
0.0,7485
0.0,7486
0.0,7487
0.0,7488
0.0,7489
9080.07718007998,7490
0.0,7491
0.0,7492
0.0,7493
0.0,7494
0.0,7495
0.0,7496
0.0,7497
0.0,7498
0.0,7499
0.0,7500
0.0,7501
178.70369103583113,7502
0.0,7503
0.0,7504
0.0,7505
0.0,7506
0.0,7507
0.0,7508
0.0,7509
0.0,7510
0.0,7511
0.0,7512
0.0,7513
0.0,7514
0.0,7515
0.0,7516
0.0,7517
0.0,7518
0.0,7519
415.95150547344423,7520
0.0,7521
0.0,7522
0.0,7523
0.0,7524
0.0,7525
0.0,7526
0.0,7527
0.0,7528
0.0,7529
0.0,7530
0.0,7531
0.0,7532
0.0,7533
0.0,7534
0.0,7535
0.0,7536
0.0,7537
0.0,7538
0.0,7539
0.0,7540
0.0,7541
46.7033021842342,7542
0.0,7543
0.0,7544
0.0,7545
0.0,7546
0.0,7547
0.0,7548
0.0,7549
0.0,7550
0.0,7551
0.0,7552
0.0,7553
0.0,7554
0.0,7555
0.0,7556
0.0,7557
0.0,7558
0.0,7559
0.0,7560
0.0,7561
0.0,7562
0.0,7563
60.76686139220502,7564
0.0,7565
0.0,7566
0.0,7567
0.0,7568
0.0,7569
0.0,7570
0.0,7571
0.0,7572
0.0,7573
0.0,7574
1595.4252842461722,7575
0.0,7576
0.0,7577
0.0,7578
19.29851695879602,7579
0.0,7580
0.0,7581
0.0,7582
0.0,7583
0.0,7584
1800.323849695621,7585
0.0,7586
348.71803472281533,7587
0.0,7588
812.0612491760439,7589
0.0,7590
1491.8931077836055,7591
813.3243422014713,7592
373.8291093154655,7593
0.0,7594
817.5852810353073,7595
0.0,7596
0.0,7597
818.9498465221521,7598
820.2865768579618,7599
1108.4256006123878,7600
2699.858624701251,7601
0.0,7602
2585.65328898584,7603
0.0,7604
60.80064049195651,7605
0.0,7606
0.0,7607
0.0,7608
0.0,7609
0.0,7610
0.0,7611
0.0,7612
0.0,7613
0.0,7614
0.0,7615
0.0,7616
0.0,7617
0.0,7618
0.0,7619
0.0,7620
0.0,7621
0.0,7622
0.0,7623
0.0,7624
0.0,7625
0.0,7626
0.0,7627
387.0441530208389,7628
0.0,7629
0.0,7630
0.0,7631
1525.881787253197,7632
0.0,7633
0.0,7634
0.0,7635
0.0,7636
20.807708716803777,7637
0.0,7638
0.0,7639
0.0,7640
1525.3924212872382,7641
0.0,7642
0.0,7643
0.0,7644
0.0,7645
0.0,7646
638.2230943262983,7647
0.0,7648
0.0,7649
0.0,7650
0.0,7651
0.0,7652
0.0,7653
0.0,7654
0.0,7655
0.0,7656
0.0,7657
0.0,7658
0.0,7659
0.0,7660
0.0,7661
0.0,7662
0.0,7663
919.5855473272013,7664
0.0,7665
0.0,7666
0.0,7667
0.0,7668
0.0,7669
0.0,7670
0.0,7671
0.0,7672
0.0,7673
0.0,7674
0.0,7675
656.2618292706378,7676
3700.758626696107,7677
0.0,7678
0.0,7679
0.0,7680
0.0,7681
0.0,7682
0.0,7683
0.0,7684
0.0,7685
0.0,7686
0.0,7687
0.0,7688
0.0,7689
0.0,7690
0.0,7691
0.0,7692
0.0,7693
0.0,7694
0.0,7695
0.0,7696
0.0,7697
0.0,7698
0.0,7699
0.0,7700
0.0,7701
0.0,7702
0.0,7703
0.0,7704
0.0,7705
0.0,7706
0.0,7707
0.0,7708
0.0,7709
0.0,7710
0.0,7711
0.0,7712
0.0,7713
0.0,7714
0.0,7715
0.0,7716
623.1814928082963,7717
0.0,7718
0.0,7719
0.0,7720
0.0,7721
0.0,7722
0.0,7723
0.0,7724
0.0,7725
0.0,7726
0.0,7727
0.0,7728
0.0,7729
0.0,7730
0.0,7731
0.0,7732
0.0,7733
0.0,7734
0.0,7735
0.0,7736
0.0,7737
0.0,7738
0.0,7739
0.0,7740
0.0,7741
0.0,7742
0.0,7743
0.0,7744
0.0,7745
0.0,7746
0.0,7747
0.0,7748
0.0,7749
0.0,7750
0.0,7751
0.0,7752
0.0,7753
0.0,7754
0.0,7755
0.0,7756
0.0,7757
0.0,7758
0.0,7759
0.0,7760
0.0,7761
0.0,7762
0.0,7763
0.0,7764
0.0,7765
0.0,7766
0.0,7767
0.0,7768
0.0,7769
0.0,7770
0.0,7771
0.0,7772
0.0,7773
0.0,7774
0.0,7775
0.0,7776
0.0,7777
0.0,7778
0.0,7779
0.0,7780
0.0,7781
0.0,7782
0.0,7783
0.0,7784
0.0,7785
0.0,7786
0.0,7787
0.0,7788
0.0,7789
0.0,7790
0.0,7791
0.0,7792
0.0,7793
0.0,7794
0.0,7795
0.0,7796
2106.447247228766,7797
0.0,7798
0.0,7799
0.0,7800
828.3710478958563,7801
0.0,7802
0.0,7803
0.0,7804
0.0,7805
0.0,7806
0.0,7807
0.0,7808
0.0,7809
0.0,7810
2785.8830855023725,7811
0.0,7812
0.0,7813
1006.3847810737425,7814
0.0,7815
0.0,7816
4685.901593529994,7817
0.0,7818
0.0,7819
0.0,7820
0.0,7821
0.0,7822
0.0,7823
0.0,7824
0.0,7825
0.0,7826
0.0,7827
0.0,7828
0.0,7829
0.0,7830
0.0,7831
0.0,7832
0.0,7833
0.0,7834
3835.5573792893933,7835
0.0,7836
0.0,7837
0.0,7838
0.0,7839
0.0,7840
0.0,7841
0.0,7842
0.0,7843
0.0,7844
0.0,7845
0.0,7846
0.0,7847
0.0,7848
0.0,7849
0.0,7850
2423.1942128425862,7851
0.0,7852
0.0,7853
0.0,7854
0.0,7855
0.0,7856
0.0,7857
0.0,7858
0.0,7859
0.0,7860
0.0,7861
0.0,7862
0.0,7863
0.0,7864
0.0,7865
0.0,7866
0.0,7867
0.0,7868
0.0,7869
0.0,7870
0.0,7871
0.0,7872
0.0,7873
0.0,7874
0.0,7875
0.0,7876
0.0,7877
0.0,7878
0.0,7879
0.0,7880
0.0,7881
0.0,7882
0.0,7883
0.0,7884
0.0,7885
0.0,7886
0.0,7887
0.0,7888
0.0,7889
0.0,7890
0.0,7891
0.0,7892
0.0,7893
0.0,7894
0.0,7895
590.1834373685816,7896
0.0,7897
0.0,7898
0.0,7899
0.0,7900
0.0,7901
0.0,7902
0.0,7903
0.0,7904
0.0,7905
0.0,7906
0.0,7907
0.0,7908
0.0,7909
0.0,7910
0.0,7911
0.0,7912
0.0,7913
0.0,7914
0.0,7915
0.0,7916
0.0,7917
0.0,7918
0.0,7919
0.0,7920
0.0,7921
0.0,7922
0.0,7923
0.0,7924
0.0,7925
0.0,7926
0.0,7927
0.0,7928
0.0,7929
0.0,7930
0.0,7931
0.0,7932
0.0,7933
0.0,7934
0.0,7935
0.0,7936
0.0,7937
0.0,7938
0.0,7939
0.0,7940
0.0,7941
0.0,7942
0.0,7943
0.0,7944
0.0,7945
0.0,7946
0.0,7947
0.0,7948
0.0,7949
0.0,7950
0.0,7951
0.0,7952
0.0,7953
1145.6266689010902,7954
0.0,7955
0.0,7956
0.0,7957
750.8898433981907,7958
0.0,7959
0.0,7960
0.0,7961
0.0,7962
0.0,7963
0.0,7964
0.0,7965
0.0,7966
0.0,7967
12516.46571411558,7968
0.0,7969
0.0,7970
0.0,7971
0.0,7972
0.0,7973
0.0,7974
0.0,7975
0.0,7976
0.0,7977
0.0,7978
0.0,7979
0.0,7980
0.0,7981
0.0,7982
0.0,7983
0.0,7984
0.0,7985
0.0,7986
0.0,7987
0.0,7988
0.0,7989
0.0,7990
0.0,7991
0.0,7992
0.0,7993
0.0,7994
0.0,7995
0.0,7996
0.0,7997
0.0,7998
0.0,7999
0.0,8000
0.0,8001
220.8849116658214,8002
222.1291138849446,8003
0.0,8004
0.0,8005
0.0,8006
0.0,8007
0.0,8008
0.0,8009
0.0,8010
0.0,8011
0.0,8012
0.0,8013
0.0,8014
0.0,8015
0.0,8016
0.0,8017
0.0,8018
3347.037769540226,8019
0.0,8020
0.0,8021
0.0,8022
0.0,8023
0.0,8024
0.0,8025
0.0,8026
0.0,8027
3265.745596531889,8028
0.0,8029
0.0,8030
0.0,8031
0.0,8032
0.0,8033
0.0,8034
0.0,8035
0.0,8036
0.0,8037
0.0,8038
0.0,8039
0.0,8040
0.0,8041
0.0,8042
0.0,8043
0.0,8044
0.0,8045
0.0,8046
0.0,8047
0.0,8048
5074.759910774464,8049
0.0,8050
0.0,8051
0.0,8052
0.0,8053
0.0,8054
0.0,8055
0.0,8056
0.0,8057
0.0,8058
0.0,8059
0.0,8060
0.0,8061
0.0,8062
0.0,8063
0.0,8064
0.0,8065
4426.946930364565,8066
0.0,8067
0.0,8068
0.0,8069
0.0,8070
0.0,8071
0.0,8072
0.0,8073
0.0,8074
0.0,8075
186.00283434219165,8076
0.0,8077
0.0,8078
0.0,8079
0.0,8080
0.0,8081
0.0,8082
0.0,8083
0.0,8084
0.0,8085
0.0,8086
0.0,8087
0.0,8088
0.0,8089
0.0,8090
1007.9286431324541,8091
0.0,8092
0.0,8093
0.0,8094
0.0,8095
0.0,8096
0.0,8097
0.0,8098
0.0,8099
0.0,8100
0.0,8101
0.0,8102
0.0,8103
0.0,8104
0.0,8105
0.0,8106
0.0,8107
0.0,8108
0.0,8109
0.0,8110
0.0,8111
0.0,8112
0.0,8113
0.0,8114
7531.064762657836,8115
0.0,8116
0.0,8117
0.0,8118
0.0,8119
0.0,8120
0.0,8121
0.0,8122
0.0,8123
0.0,8124
3535.00934859396,8125
0.0,8126
0.0,8127
0.0,8128
0.0,8129
0.0,8130
0.0,8131
0.0,8132
0.0,8133
0.0,8134
0.0,8135
0.0,8136
0.0,8137
0.0,8138
0.0,8139
0.0,8140
0.0,8141
0.0,8142
0.0,8143
0.0,8144
0.0,8145
0.0,8146
0.0,8147
0.0,8148
0.0,8149
0.0,8150
0.0,8151
0.0,8152
0.0,8153
0.0,8154
0.0,8155
0.0,8156
0.0,8157
0.0,8158
0.0,8159
0.0,8160
0.0,8161
0.0,8162
0.0,8163
0.0,8164
0.0,8165
0.0,8166
0.0,8167
0.0,8168
0.0,8169
0.0,8170
0.0,8171
0.0,8172
0.0,8173
0.0,8174
0.0,8175
0.0,8176
0.0,8177
0.0,8178
0.0,8179
0.0,8180
1791.7584453010807,8181
0.0,8182
0.0,8183
0.0,8184
0.0,8185
0.0,8186
0.0,8187
0.0,8188
0.0,8189
0.0,8190
0.0,8191
0.0,8192
0.0,8193
0.0,8194
0.0,8195
0.0,8196
0.0,8197
0.0,8198
0.0,8199
0.0,8200
0.0,8201
0.0,8202
0.0,8203
0.0,8204
0.0,8205
0.0,8206
0.0,8207
0.0,8208
0.0,8209
1586.8491656883252,8210
0.0,8211
1849.7731679780252,8212
1850.9756419856246,8213
5061.514981122107,8214
1306.8510374062894,8215
473.9582357203218,8216
770.7291971940502,8217
0.0,8218
0.0,8219
0.0,8220
0.0,8221
1300.4128074382872,8222
1128.9577087501355,8223
3247.1798042059754,8224
0.0,8225
1757.1981847084555,8226
0.0,8227
586.1140892855778,8228
1652.1781751725493,8229
0.0,8230
0.0,8231
0.0,8232
0.0,8233
1651.4015020709849,8234
2210.902326815551,8235
1540.6527353907325,8236
746.5328147114795,8237
1540.2232238325632,8238
0.0,8239
0.0,8240
0.0,8241
3360.6896507804295,8242
557.2374657524786,8243
3360.771468317094,8244
1782.6705144708367,8245
0.0,8246
0.0,8247
0.0,8248
0.0,8249
1359.5138120431889,8250
384.51447343630736,8251
4506.746379550408,8252
4505.593164524107,8253
383.33806686251387,8254
910.2474045143299,8255
0.0,8256
0.0,8257
0.0,8258
0.0,8259
0.0,8260
0.0,8261
0.0,8262
0.0,8263
0.0,8264
0.0,8265
0.0,8266
0.0,8267
0.0,8268
0.0,8269
0.0,8270
1458.7089633043659,8271
0.0,8272
0.0,8273
0.0,8274
0.0,8275
0.0,8276
0.0,8277
0.0,8278
0.0,8279
0.0,8280
0.0,8281
0.0,8282
0.0,8283
0.0,8284
1001.7047478206222,8285
838.029028057587,8286
376.1717005231122,8287
656.011532824982,8288
178.70160070296373,8289
884.4405484090147,8290
381.6025838875781,8291
928.9190891472964,8292
0.0,8293
661.9695301337257,8294
606.4822082882037,8295
0.0,8296
0.0,8297
1085.6542728877905,8298
0.0,8299
1561.9781375634125,8300
311.67692287048726,8301
0.0,8302
0.0,8303
0.0,8304
0.0,8305
0.0,8306
0.0,8307
0.0,8308
0.0,8309
0.0,8310
0.0,8311
0.0,8312
0.0,8313
0.0,8314
0.0,8315
0.0,8316
0.0,8317
0.0,8318
0.0,8319
0.0,8320
3127.316150511854,8321
0.0,8322
0.0,8323
0.0,8324
0.0,8325
0.0,8326
0.0,8327
0.0,8328
0.0,8329
0.0,8330
1388.1272860380568,8331
0.0,8332
0.0,8333
0.0,8334
0.0,8335
0.0,8336
0.0,8337
0.0,8338
0.0,8339
0.0,8340
0.0,8341
0.0,8342
0.0,8343
0.0,8344
0.0,8345
0.0,8346
0.0,8347
0.0,8348
0.0,8349
0.0,8350
0.0,8351
0.0,8352
0.0,8353
0.0,8354
0.0,8355
0.0,8356
0.0,8357
0.0,8358
0.0,8359
0.0,8360
0.0,8361
0.0,8362
0.0,8363
0.0,8364
0.0,8365
0.0,8366
0.0,8367
0.0,8368
2312.6350672175986,8369
0.0,8370
0.0,8371
0.0,8372
0.0,8373
0.0,8374
0.0,8375
0.0,8376
0.0,8377
0.0,8378
0.0,8379
0.0,8380
0.0,8381
0.0,8382
0.0,8383
0.0,8384
0.0,8385
0.0,8386
0.0,8387
0.0,8388
0.0,8389
0.0,8390
0.0,8391
0.0,8392
0.0,8393
0.0,8394
0.0,8395
0.0,8396
0.0,8397
0.0,8398
3923.9516885119942,8399
0.0,8400
0.0,8401
0.0,8402
0.0,8403
0.0,8404
0.0,8405
0.0,8406
0.0,8407
0.0,8408
2234.8711101980794,8409
0.0,8410
2236.856116984389,8411
0.0,8412
0.0,8413
0.0,8414
0.0,8415
0.0,8416
1530.0209043968741,8417
291.89432950791263,8418
0.0,8419
0.0,8420
0.0,8421
4023.8477582631403,8422
0.0,8423
0.0,8424
0.0,8425
3987.157569181758,8426
0.0,8427
0.0,8428
0.0,8429
3484.0428975482546,8430
0.0,8431
0.0,8432
0.0,8433
0.0,8434
0.0,8435
0.0,8436
0.0,8437
0.0,8438
0.0,8439
0.0,8440
0.0,8441
0.0,8442
0.0,8443
2232.3140949668846,8444
0.0,8445
0.0,8446
0.0,8447
0.0,8448
0.0,8449
0.0,8450
0.0,8451
0.0,8452
0.0,8453
0.0,8454
0.0,8455
0.0,8456
115.59044455265301,8457
0.0,8458
0.0,8459
0.0,8460
0.0,8461
0.0,8462
0.0,8463
0.0,8464
0.0,8465
0.0,8466
0.0,8467
0.0,8468
0.0,8469
229.41227997039493,8470
417.7733490853268,8471
0.0,8472
0.0,8473
57.87427556387206,8474
59.404738134488184,8475
0.0,8476
0.0,8477
60.91387153214017,8478
0.0,8479
0.0,8480
1187.885321763929,8481
0.0,8482
0.0,8483
0.0,8484
0.0,8485
0.0,8486
0.0,8487
0.0,8488
0.0,8489
0.0,8490
0.0,8491
0.0,8492
0.0,8493
0.0,8494
0.0,8495
0.0,8496
0.0,8497
0.0,8498
0.0,8499
0.0,8500
0.0,8501
1264.4763332398975,8502
0.0,8503
0.0,8504
0.0,8505
0.0,8506
0.0,8507
2744.2008458299492,8508
0.0,8509
0.0,8510
0.0,8511
570.9739121404398,8512
0.0,8513
0.0,8514
0.0,8515
0.0,8516
0.0,8517
0.0,8518
0.0,8519
0.0,8520
0.0,8521
0.0,8522
0.0,8523
0.0,8524
0.0,8525
0.0,8526
0.0,8527
1653.5721770034158,8528
0.0,8529
0.0,8530
2513.027752490995,8531
0.0,8532
0.0,8533
0.0,8534
0.0,8535
0.0,8536
0.0,8537
0.0,8538
0.0,8539
0.0,8540
3671.2472884196227,8541
0.0,8542
0.0,8543
0.0,8544
0.0,8545
0.0,8546
0.0,8547
0.0,8548
0.0,8549
0.0,8550
0.0,8551
0.0,8552
0.0,8553
0.0,8554
0.0,8555
0.0,8556
0.0,8557
0.0,8558
0.0,8559
0.0,8560
0.0,8561
0.0,8562
0.0,8563
0.0,8564
0.0,8565
0.0,8566
0.0,8567
0.0,8568
0.0,8569
0.0,8570
0.0,8571
0.0,8572
0.0,8573
0.0,8574
0.0,8575
0.0,8576
0.0,8577
0.0,8578
0.0,8579
0.0,8580
1620.0745065205895,8581
2629.4898910586217,8582
0.0,8583
0.0,8584
0.0,8585
0.0,8586
0.0,8587
0.0,8588
0.0,8589
147.90799026616682,8590
0.0,8591
0.0,8592
0.0,8593
0.0,8594
2418.942875765185,8595
6367.23014763042,8596
3278.6709668642484,8597
0.0,8598
586.8559707440012,8599
0.0,8600
0.0,8601
0.0,8602
0.0,8603
0.0,8604
0.0,8605
0.0,8606
0.0,8607
0.0,8608
0.0,8609
0.0,8610
0.0,8611
0.0,8612
5193.892781056767,8613
0.0,8614
0.0,8615
0.0,8616
0.0,8617
0.0,8618
5193.884221580015,8619
0.0,8620
0.0,8621
0.0,8622
0.0,8623
5193.810375848562,8624
0.0,8625
0.0,8626
0.0,8627
0.0,8628
622.104754407619,8629
0.0,8630
0.0,8631
1849.8251477389397,8632
0.0,8633
2366.897215149289,8634
2365.3454592137273,8635
0.0,8636
4166.644654524921,8637
463.2109489689677,8638
0.0,8639
0.0,8640
0.0,8641
0.0,8642
0.0,8643
0.0,8644
0.0,8645
2081.5773173880416,8646
1890.6875042176625,8647
0.0,8648
3191.0487498071766,8649
2957.193842242064,8650
0.0,8651
0.0,8652
0.0,8653
0.0,8654
0.0,8655
0.0,8656
0.0,8657
0.0,8658
407.99134117645207,8659
0.0,8660
407.47409668683207,8661
1591.6764435055927,8662
525.4785732501733,8663
0.0,8664
0.0,8665
0.0,8666
0.0,8667
148.11613784042385,8668
0.0,8669
0.0,8670
0.0,8671
0.0,8672
148.07363721897408,8673
0.0,8674
0.0,8675
3156.2411153968974,8676
3579.544031309257,8677
0.0,8678
0.0,8679
0.0,8680
0.0,8681
3152.5049125107603,8682
0.0,8683
515.740859573966,8684
0.0,8685
0.0,8686
0.0,8687
516.2456067980456,8688
1831.1321772684278,8689
0.0,8690
541.2584136424567,8691
0.0,8692
1294.2953307092114,8693
0.0,8694
0.0,8695
0.0,8696
0.0,8697
349.2722516057204,8698
0.0,8699
0.0,8700
0.0,8701
0.0,8702
0.0,8703
0.0,8704
0.0,8705
0.0,8706
0.0,8707
0.0,8708
0.0,8709
0.0,8710
27.929693494509927,8711
0.0,8712
0.0,8713
0.0,8714
0.0,8715
449.64269021483204,8716
450.3250895761646,8717
349.4147165590217,8718
0.0,8719
0.0,8720
0.0,8721
0.0,8722
592.241351854912,8723
0.0,8724
0.0,8725
0.0,8726
0.0,8727
0.0,8728
0.0,8729
0.0,8730
0.0,8731
0.0,8732
0.0,8733
0.0,8734
0.0,8735
0.0,8736
0.0,8737
0.0,8738
0.0,8739
0.0,8740
2915.2629158798786,8741
0.0,8742
1477.9839266629544,8743
0.0,8744
0.0,8745
0.0,8746
0.0,8747
0.0,8748
0.0,8749
0.0,8750
0.0,8751
0.0,8752
0.0,8753
1268.8362469565393,8754
0.0,8755
0.0,8756
0.0,8757
0.0,8758
0.0,8759
2147.855015658162,8760
0.0,8761
2609.9661106204567,8762
0.0,8763
0.0,8764
0.0,8765
0.0,8766
0.0,8767
0.0,8768
331.2367402948948,8769
0.0,8770
0.0,8771
569.8706962438341,8772
0.0,8773
0.0,8774
0.0,8775
0.0,8776
0.0,8777
0.0,8778
0.0,8779
0.0,8780
0.0,8781
0.0,8782
0.0,8783
0.0,8784
0.0,8785
0.0,8786
0.0,8787
3592.0023273754396,8788
0.0,8789
6567.3616791586155,8790
52.14688244442645,8791
0.0,8792
0.0,8793
1685.6709367850262,8794
3365.1996752297364,8795
141.06234220283994,8796
0.0,8797
4130.549898014778,8798
0.0,8799
5014.1512955442595,8800
169.12891600797784,8801
1645.9664691182004,8802
0.0,8803
669.6349653409444,8804
1938.2349053857747,8805
0.0,8806
0.0,8807
1957.4229095600317,8808
0.0,8809
0.0,8810
5015.663460578263,8811
0.0,8812
0.0,8813
0.0,8814
0.0,8815
0.0,8816
0.0,8817
0.0,8818
0.0,8819
0.0,8820
0.0,8821
0.0,8822
0.0,8823
0.0,8824
0.0,8825
0.0,8826
0.0,8827
0.0,8828
3271.931278227471,8829
683.2875434667359,8830
0.0,8831
0.0,8832
171.41598509729815,8833
0.0,8834
0.0,8835
0.0,8836
0.0,8837
2238.5665680749526,8838
0.0,8839
0.0,8840
0.0,8841
0.0,8842
1093.362554530982,8843
0.0,8844
0.0,8845
0.0,8846
1129.2234635977613,8847
0.0,8848
1440.2471860084206,8849
77.82704082470526,8850
345.34883844567776,8851
0.0,8852
0.0,8853
0.0,8854
0.0,8855
0.0,8856
0.0,8857
0.0,8858
0.0,8859
0.0,8860
174.6179532439291,8861
0.0,8862
0.0,8863
0.0,8864
4398.992737935608,8865
0.0,8866
0.0,8867
0.0,8868
0.0,8869
1931.1690493935214,8870
0.0,8871
0.0,8872
0.0,8873
0.0,8874
177.63499367332884,8875
0.0,8876
564.2986270381851,8877
859.1683445843822,8878
0.0,8879
0.0,8880
4023.7710770358235,8881
0.0,8882
748.1422292300451,8883
1841.2906185658442,8884
0.0,8885
0.0,8886
524.9523280338308,8887
0.0,8888
0.0,8889
0.0,8890
0.0,8891
0.0,8892
0.0,8893
4363.702538282076,8894
3805.8815258589543,8895
1348.8660555497202,8896
0.0,8897
0.0,8898
0.0,8899
0.0,8900
0.0,8901
0.0,8902
0.0,8903
0.0,8904
0.0,8905
0.0,8906
0.0,8907
0.0,8908
3980.8466456143924,8909
0.0,8910
0.0,8911
0.0,8912
0.0,8913
2231.5750967404865,8914
0.0,8915
0.0,8916
0.0,8917
0.0,8918
0.0,8919
549.5416281131288,8920
0.0,8921
0.0,8922
3982.2056464318084,8923
0.0,8924
0.0,8925
0.0,8926
0.0,8927
0.0,8928
0.0,8929
0.0,8930
0.0,8931
0.0,8932
0.0,8933
0.0,8934
6435.53738189561,8935
0.0,8936
0.0,8937
0.0,8938
0.0,8939
1124.903808880729,8940
1096.3086673031808,8941
0.0,8942
0.0,8943
0.0,8944
1662.874082440056,8945
0.0,8946
0.0,8947
2698.5429325492796,8948
0.0,8949
0.0,8950
0.0,8951
0.0,8952
2700.0437192771583,8953
0.0,8954
0.0,8955
0.0,8956
0.0,8957
1767.3656373589638,8958
4082.5343869793223,8959
0.0,8960
0.0,8961
0.0,8962
0.0,8963
0.0,8964
0.0,8965
2701.8634635192648,8966
3258.08129214673,8967
0.0,8968
0.0,8969
0.0,8970
2259.185160437973,8971
0.0,8972
0.0,8973
0.0,8974
1071.5679362366927,8975
0.0,8976
0.0,8977
0.0,8978
0.0,8979
0.0,8980
0.0,8981
0.0,8982
0.0,8983
0.0,8984
0.0,8985
0.0,8986
0.0,8987
0.0,8988
0.0,8989
0.0,8990
0.0,8991
0.0,8992
0.0,8993
0.0,8994
0.0,8995
0.0,8996
0.0,8997
0.0,8998
0.0,8999
0.0,9000
0.0,9001
0.0,9002
0.0,9003
0.0,9004
0.0,9005
0.0,9006
0.0,9007
0.0,9008
0.0,9009
0.0,9010
0.0,9011
0.0,9012
692.5550521670493,9013
690.6737586959689,9014
216.1113636067288,9015
0.0,9016
0.0,9017
0.0,9018
0.0,9019
816.8461227198507,9020
0.0,9021
0.0,9022
0.0,9023
0.0,9024
0.0,9025
0.0,9026
0.0,9027
0.0,9028
0.0,9029
0.0,9030
0.0,9031
0.0,9032
0.0,9033
0.0,9034
0.0,9035
0.0,9036
0.0,9037
92.39087352121116,9038
828.5156170169085,9039
0.0,9040
0.0,9041
0.0,9042
0.0,9043
180.83657393078684,9044
0.0,9045
178.67882927712603,9046
0.0,9047
0.0,9048
0.0,9049
0.0,9050
0.0,9051
0.0,9052
0.0,9053
0.0,9054
0.0,9055
0.0,9056
0.0,9057
0.0,9058
0.0,9059
0.0,9060
0.0,9061
0.0,9062
0.0,9063
0.0,9064
0.0,9065
0.0,9066
0.0,9067
0.0,9068
0.0,9069
92.74959923765894,9070
0.0,9071
0.0,9072
0.0,9073
0.0,9074
565.7623911468345,9075
88.52312467548292,9076
0.0,9077
0.0,9078
0.0,9079
0.0,9080
0.0,9081
0.0,9082
0.0,9083
1940.7496828718583,9084
0.0,9085
702.1996760963605,9086
0.0,9087
0.0,9088
0.0,9089
0.0,9090
0.0,9091
0.0,9092
0.0,9093
0.0,9094
0.0,9095
811.8371690759386,9096
0.0,9097
0.0,9098
0.0,9099
0.0,9100
0.0,9101
0.0,9102
0.0,9103
2691.287013897737,9104
0.0,9105
0.0,9106
0.0,9107
0.0,9108
0.0,9109
0.0,9110
2780.880237114194,9111
0.0,9112
0.0,9113
0.0,9114
2780.12563960926,9115
2779.3525480023936,9116
2029.1894338103168,9117
0.0,9118
0.0,9119
465.3237702690461,9120
0.0,9121
0.0,9122
0.0,9123
0.0,9124
0.0,9125
1802.6657016719698,9126
0.0,9127
0.0,9128
0.0,9129
0.0,9130
0.0,9131
0.0,9132
0.0,9133
0.0,9134
0.0,9135
0.0,9136
0.0,9137
0.0,9138
0.0,9139
0.0,9140
0.0,9141
0.0,9142
0.0,9143
0.0,9144
0.0,9145
0.0,9146
0.0,9147
0.0,9148
0.0,9149
0.0,9150
0.0,9151
0.0,9152
0.0,9153
0.0,9154
0.0,9155
0.0,9156
501.77340355183674,9157
0.0,9158
0.0,9159
958.0084559982736,9160
0.0,9161
446.34486057360647,9162
0.0,9163
0.0,9164
0.0,9165
0.0,9166
0.0,9167
3126.7674018081543,9168
0.0,9169
0.0,9170
0.0,9171
0.0,9172
0.0,9173
0.0,9174
0.0,9175
0.0,9176
0.0,9177
0.0,9178
0.0,9179
0.0,9180
0.0,9181
0.0,9182
0.0,9183
0.0,9184
0.0,9185
0.0,9186
0.0,9187
0.0,9188
0.0,9189
0.0,9190
3362.88666856053,9191
0.0,9192
0.0,9193
0.0,9194
0.0,9195
0.0,9196
0.0,9197
0.0,9198
0.0,9199
0.0,9200
1179.1685570661805,9201
0.0,9202
0.0,9203
0.0,9204
0.0,9205
4540.865071535943,9206
0.0,9207
0.0,9208
0.0,9209
0.0,9210
0.0,9211
0.0,9212
0.0,9213
0.0,9214
0.0,9215
0.0,9216
0.0,9217
0.0,9218
0.0,9219
0.0,9220
0.0,9221
0.0,9222
0.0,9223
0.0,9224
0.0,9225
0.0,9226
0.0,9227
0.0,9228
0.0,9229
4575.914145254904,9230
0.0,9231
0.0,9232
0.0,9233
0.0,9234
0.0,9235
0.0,9236
0.0,9237
1351.2374138792538,9238
0.0,9239
0.0,9240
7795.918402024704,9241
0.0,9242
0.0,9243
0.0,9244
0.0,9245
0.0,9246
0.0,9247
0.0,9248
7477.302677484557,9249
0.0,9250
0.0,9251
5768.2386836096985,9252
0.0,9253
0.0,9254
0.0,9255
0.0,9256
0.0,9257
0.0,9258
0.0,9259
0.0,9260
0.0,9261
0.0,9262
0.0,9263
0.0,9264
0.0,9265
0.0,9266
0.0,9267
0.0,9268
0.0,9269
0.0,9270
0.0,9271
0.0,9272
0.0,9273
0.0,9274
0.0,9275
0.0,9276
12105.9953352453,9277
0.0,9278
0.0,9279
0.0,9280
0.0,9281
0.0,9282
0.0,9283
0.0,9284
0.0,9285
0.0,9286
0.0,9287
0.0,9288
0.0,9289
0.0,9290
0.0,9291
13201.671417226145,9292
0.0,9293
0.0,9294
0.0,9295
0.0,9296
0.0,9297
0.0,9298
2237.216679813334,9299
0.0,9300
0.0,9301
0.0,9302
0.0,9303
0.0,9304
0.0,9305
0.0,9306
0.0,9307
0.0,9308
0.0,9309
0.0,9310
0.0,9311
0.0,9312
0.0,9313
0.0,9314
0.0,9315
0.0,9316
0.0,9317
0.0,9318
0.0,9319
0.0,9320
0.0,9321
0.0,9322
0.0,9323
0.0,9324
0.0,9325
0.0,9326
0.0,9327
0.0,9328
0.0,9329
0.0,9330
0.0,9331
0.0,9332
0.0,9333
0.0,9334
0.0,9335
2625.497740211841,9336
0.0,9337
0.0,9338
0.0,9339
0.0,9340
0.0,9341
4360.5060237475245,9342
0.0,9343
226.77736415198362,9344
9078.672292973586,9345
0.0,9346
0.0,9347
0.0,9348
0.0,9349
0.0,9350
0.0,9351
0.0,9352
1019.4986201708782,9353
0.0,9354
0.0,9355
0.0,9356
459.1620211513722,9357
0.0,9358
0.0,9359
0.0,9360
0.0,9361
0.0,9362
1650.2874617833463,9363
0.0,9364
0.0,9365
0.0,9366
0.0,9367
0.0,9368
0.0,9369
0.0,9370
0.0,9371
0.0,9372
3098.9877779600747,9373
3099.2003502813764,9374
0.0,9375
0.0,9376
0.0,9377
0.0,9378
0.0,9379
0.0,9380
0.0,9381
0.0,9382
0.0,9383
0.0,9384
0.0,9385
0.0,9386
0.0,9387
0.0,9388
0.0,9389
0.0,9390
0.0,9391
0.0,9392
0.0,9393
0.0,9394
3099.422516195858,9395
0.0,9396
0.0,9397
0.0,9398
0.0,9399
0.0,9400
0.0,9401
0.0,9402
0.0,9403
0.0,9404
0.0,9405
323.9738949129443,9406
0.0,9407
1880.899245676808,9408
0.0,9409
0.0,9410
0.0,9411
0.0,9412
0.0,9413
0.0,9414
0.0,9415
0.0,9416
818.6373989566512,9417
0.0,9418
0.0,9419
0.0,9420
0.0,9421
0.0,9422
0.0,9423
0.0,9424
0.0,9425
364.74943557660043,9426
0.0,9427
0.0,9428
2711.0986179480633,9429
0.0,9430
0.0,9431
0.0,9432
0.0,9433
0.0,9434
0.0,9435
0.0,9436
0.0,9437
0.0,9438
0.0,9439
0.0,9440
0.0,9441
4139.0536990874625,9442
0.0,9443
0.0,9444
0.0,9445
0.0,9446
0.0,9447
0.0,9448
0.0,9449
548.5952713092067,9450
0.0,9451
0.0,9452
0.0,9453
0.0,9454
0.0,9455
0.0,9456
0.0,9457
0.0,9458
0.0,9459
0.0,9460
0.0,9461
0.0,9462
0.0,9463
0.0,9464
0.0,9465
0.0,9466
0.0,9467
0.0,9468
0.0,9469
0.0,9470
0.0,9471
411.8120866535982,9472
3178.942777373219,9473
0.0,9474
0.0,9475
0.0,9476
0.0,9477
0.0,9478
0.0,9479
0.0,9480
0.0,9481
0.0,9482
6319.068785871241,9483
2860.471724889887,9484
4360.350443009965,9485
4360.283209656299,9486
1478.493474659888,9487
0.0,9488
0.0,9489
0.0,9490
0.0,9491
0.0,9492
0.0,9493
0.0,9494
930.7333391705641,9495
3359.7741069983645,9496
3359.5887542647706,9497
0.0,9498
3359.3333466010763,9499
930.2251112323275,9500
0.0,9501
3583.8414325216504,9502
1653.064039390753,9503
400.3055946827767,9504
0.0,9505
0.0,9506
0.0,9507
121.6725232934064,9508
3644.882533236415,9509
0.0,9510
0.0,9511
1491.2755567946297,9512
0.0,9513
1490.9399490985224,9514
0.0,9515
0.0,9516
4460.696599213341,9517
0.0,9518
0.0,9519
2199.1230114961663,9520
895.7310734238453,9521
215.838709524996,9522
0.0,9523
0.0,9524
0.0,9525
1076.993768718753,9526
0.0,9527
0.0,9528
0.0,9529
0.0,9530
0.0,9531
941.3226752876616,9532
940.2174475800254,9533
939.12904003996,9534
0.0,9535
0.0,9536
0.0,9537
0.0,9538
0.0,9539
0.0,9540
0.0,9541
0.0,9542
0.0,9543
0.0,9544
0.0,9545
0.0,9546
0.0,9547
0.0,9548
0.0,9549
0.0,9550
0.0,9551
0.0,9552
0.0,9553
0.0,9554
0.0,9555
0.0,9556
0.0,9557
0.0,9558
0.0,9559
0.0,9560
0.0,9561
0.0,9562
0.0,9563
0.0,9564
0.0,9565
0.0,9566
0.0,9567
0.0,9568
0.0,9569
0.0,9570
0.0,9571
0.0,9572
0.0,9573
0.0,9574
0.0,9575
0.0,9576
0.0,9577
0.0,9578
204.70174583035856,9579
203.85226103838625,9580
0.0,9581
0.0,9582
1995.405947600342,9583
0.0,9584
0.0,9585
3536.6290353953495,9586
0.0,9587
0.0,9588
0.0,9589
0.0,9590
0.0,9591
0.0,9592
0.0,9593
0.0,9594
0.0,9595
0.0,9596
0.0,9597
0.0,9598
0.0,9599
0.0,9600
0.0,9601
0.0,9602
0.0,9603
0.0,9604
0.0,9605
0.0,9606
0.0,9607
0.0,9608
0.0,9609
0.0,9610
0.0,9611
0.0,9612
0.0,9613
0.0,9614
0.0,9615
0.0,9616
0.0,9617
0.0,9618
0.0,9619
0.0,9620
0.0,9621
0.0,9622
0.0,9623
0.0,9624
0.0,9625
0.0,9626
0.0,9627
0.0,9628
0.0,9629
0.0,9630
0.0,9631
0.0,9632
0.0,9633
0.0,9634
4883.5077773623825,9635
0.0,9636
800.2063410803105,9637
0.0,9638
0.0,9639
0.0,9640
0.0,9641
0.0,9642
0.0,9643
0.0,9644
0.0,9645
1737.404331504171,9646
0.0,9647
0.0,9648
0.0,9649
0.0,9650
0.0,9651
1228.8483904568843,9652
0.0,9653
0.0,9654
59.89509638092495,9655
0.0,9656
0.0,9657
0.0,9658
0.0,9659
0.0,9660
682.1073113319766,9661
0.0,9662
0.0,9663
0.0,9664
0.0,9665
0.0,9666
0.0,9667
0.0,9668
0.0,9669
0.0,9670
0.0,9671
0.0,9672
3876.651939866603,9673
0.0,9674
0.0,9675
0.0,9676
0.0,9677
0.0,9678
0.0,9679
0.0,9680
0.0,9681
0.0,9682
3542.2746320687447,9683
0.0,9684
0.0,9685
0.0,9686
0.0,9687
0.0,9688
0.0,9689
0.0,9690
0.0,9691
0.0,9692
0.0,9693
0.0,9694
0.0,9695
0.0,9696
0.0,9697
0.0,9698
0.0,9699
0.0,9700
0.0,9701
0.0,9702
0.0,9703
0.0,9704
0.0,9705
0.0,9706
0.0,9707
0.0,9708
0.0,9709
0.0,9710
0.0,9711
0.0,9712
0.0,9713
0.0,9714
0.0,9715
0.0,9716
0.0,9717
0.0,9718
0.0,9719
0.0,9720
0.0,9721
0.0,9722
0.0,9723
0.0,9724
0.0,9725
0.0,9726
0.0,9727
0.0,9728
0.0,9729
0.0,9730
0.0,9731
0.0,9732
0.0,9733
0.0,9734
0.0,9735
0.0,9736
0.0,9737
0.0,9738
0.0,9739
0.0,9740
0.0,9741
0.0,9742
0.0,9743
0.0,9744
0.0,9745
0.0,9746
0.0,9747
0.0,9748
0.0,9749
0.0,9750
0.0,9751
0.0,9752
0.0,9753
0.0,9754
0.0,9755
0.0,9756
0.0,9757
0.0,9758
0.0,9759
0.0,9760
0.0,9761
0.0,9762
0.0,9763
0.0,9764
0.0,9765
0.0,9766
0.0,9767
0.0,9768
0.0,9769
0.0,9770
0.0,9771
0.0,9772
0.0,9773
0.0,9774
0.0,9775
0.0,9776
0.0,9777
0.0,9778
0.0,9779
0.0,9780
0.0,9781
0.0,9782
6699.575971410401,9783
0.0,9784
0.0,9785
0.0,9786
0.0,9787
0.0,9788
0.0,9789
0.0,9790
0.0,9791
0.0,9792
0.0,9793
0.0,9794
0.0,9795
0.0,9796
0.0,9797
0.0,9798
0.0,9799
0.0,9800
0.0,9801
0.0,9802
0.0,9803
0.0,9804
0.0,9805
0.0,9806
0.0,9807
0.0,9808
0.0,9809
0.0,9810
0.0,9811
0.0,9812
0.0,9813
0.0,9814
0.0,9815
0.0,9816
0.0,9817
0.0,9818
0.0,9819
0.0,9820
0.0,9821
0.0,9822
0.0,9823
0.0,9824
0.0,9825
0.0,9826
0.0,9827
0.0,9828
0.0,9829
0.0,9830
0.0,9831
0.0,9832
0.0,9833
0.0,9834
0.0,9835
0.0,9836
0.0,9837
0.0,9838
0.0,9839
0.0,9840
0.0,9841
0.0,9842
0.0,9843
0.0,9844
0.0,9845
0.0,9846
0.0,9847
0.0,9848
0.0,9849
0.0,9850
0.0,9851
0.0,9852
0.0,9853
0.0,9854
0.0,9855
0.0,9856
0.0,9857
0.0,9858
0.0,9859
0.0,9860
0.0,9861
0.0,9862
0.0,9863
0.0,9864
0.0,9865
0.0,9866
0.0,9867
0.0,9868
0.0,9869
0.0,9870
0.0,9871
0.0,9872
0.0,9873
0.0,9874
0.0,9875
0.0,9876
0.0,9877
0.0,9878
0.0,9879
0.0,9880
0.0,9881
0.0,9882
1033.0260329995183,9883
0.0,9884
0.0,9885
0.0,9886
3018.927001590377,9887
0.0,9888
0.0,9889
0.0,9890
0.0,9891
0.0,9892
0.0,9893
0.0,9894
0.0,9895
0.0,9896
0.0,9897
0.0,9898
0.0,9899
0.0,9900
0.0,9901
0.0,9902
0.0,9903
0.0,9904
0.0,9905
0.0,9906
0.0,9907
0.0,9908
0.0,9909
0.0,9910
0.0,9911
0.0,9912
0.0,9913
0.0,9914
0.0,9915
0.0,9916
545.5351024950088,9917
0.0,9918
0.0,9919
0.0,9920
0.0,9921
0.0,9922
0.0,9923
0.0,9924
0.0,9925
0.0,9926
0.0,9927
0.0,9928
2424.3144854974744,9929
0.0,9930
0.0,9931
0.0,9932
0.0,9933
391.593731670052,9934
0.0,9935
0.0,9936
0.0,9937
0.0,9938
0.0,9939
0.0,9940
60.38630472910844,9941
60.291079233078435,9942
0.0,9943
0.0,9944
0.0,9945
0.0,9946
0.0,9947
0.0,9948
0.0,9949
0.0,9950
0.0,9951
0.0,9952
0.0,9953
0.0,9954
0.0,9955
0.0,9956
0.0,9957
0.0,9958
0.0,9959
0.0,9960
0.0,9961
0.0,9962
0.0,9963
0.0,9964
0.0,9965
0.0,9966
0.0,9967
0.0,9968
379.1970040927003,9969
0.0,9970
0.0,9971
1818.9845003981109,9972
236.30943473969657,9973
391.32128971107414,9974
0.0,9975
0.0,9976
0.0,9977
0.0,9978
0.0,9979
1777.2099901998185,9980
1139.6023199643753,9981
0.0,9982
0.0,9983
0.0,9984
0.0,9985
0.0,9986
0.0,9987
0.0,9988
0.0,9989
0.0,9990
0.0,9991
2613.7304530361216,9992
0.0,9993
0.0,9994
0.0,9995
0.0,9996
250.47755121736643,9997
0.0,9998
0.0,9999
0.0,10000
0.0,10001
0.0,10002
0.0,10003
0.0,10004
739.2397206686973,10005
0.0,10006
0.0,10007
0.0,10008
0.0,10009
0.0,10010
0.0,10011
0.0,10012
0.0,10013
0.0,10014
0.0,10015
0.0,10016
0.0,10017
0.0,10018
0.0,10019
0.0,10020
0.0,10021
0.0,10022
0.0,10023
1588.46257189785,10024
0.0,10025
2092.8133191487645,10026
0.0,10027
453.6561160857913,10028
0.0,10029
0.0,10030
0.0,10031
2145.528554104887,10032
1169.7785893427886,10033
0.0,10034
0.0,10035
0.0,10036
0.0,10037
0.0,10038
0.0,10039
0.0,10040
0.0,10041
0.0,10042
0.0,10043
0.0,10044
689.1352317292746,10045
0.0,10046
2058.3452867650153,10047
0.0,10048
0.0,10049
0.0,10050
0.0,10051
0.0,10052
0.0,10053
0.0,10054
0.0,10055
0.0,10056
0.0,10057
0.0,10058
0.0,10059
0.0,10060
0.0,10061
0.0,10062
0.0,10063
0.0,10064
0.0,10065
0.0,10066
1294.905676237338,10067
660.9979657792378,10068
0.0,10069
0.0,10070
0.0,10071
0.0,10072
0.0,10073
0.0,10074
0.0,10075
0.0,10076
0.0,10077
0.0,10078
0.0,10079
0.0,10080
0.0,10081
0.0,10082
0.0,10083
0.0,10084
0.0,10085
0.0,10086
0.0,10087
0.0,10088
0.0,10089
0.0,10090
0.0,10091
0.0,10092
0.0,10093
0.0,10094
1609.51696861596,10095
0.0,10096
0.0,10097
0.0,10098
2349.74640440138,10099
425.23055187428395,10100
0.0,10101
2350.12862099233,10102
1706.4255310475808,10103
1499.9963475883317,10104
1500.0958674286076,10105
1500.1850345656833,10106
235.36661480128944,10107
0.0,10108
0.0,10109
0.0,10110
0.0,10111
0.0,10112
0.0,10113
158.94157054528526,10114
246.61783304250463,10115
0.0,10116
4253.547681580719,10117
0.0,10118
1601.8571993304092,10119
0.0,10120
0.0,10121
0.0,10122
0.0,10123
0.0,10124
0.0,10125
1227.8375073709813,10126
0.0,10127
0.0,10128
0.0,10129
0.0,10130
0.0,10131
0.0,10132
0.0,10133
0.0,10134
0.0,10135
0.0,10136
0.0,10137
0.0,10138
0.0,10139
0.0,10140
0.0,10141
0.0,10142
0.0,10143
9121.423613115378,10144
0.0,10145
0.0,10146
2597.3374292679514,10147
0.0,10148
0.0,10149
0.0,10150
0.0,10151
0.0,10152
0.0,10153
0.0,10154
0.0,10155
0.0,10156
0.0,10157
0.0,10158
0.0,10159
2640.691922807719,10160
0.0,10161
0.0,10162
0.0,10163
0.0,10164
0.0,10165
1152.0617499716334,10166
0.0,10167
0.0,10168
0.0,10169
0.0,10170
0.0,10171
0.0,10172
0.0,10173
0.0,10174
2110.182933539572,10175
0.0,10176
0.0,10177
0.0,10178
0.0,10179
0.0,10180
0.0,10181
0.0,10182
0.0,10183
0.0,10184
0.0,10185
0.0,10186
0.0,10187
0.0,10188
0.0,10189
0.0,10190
0.0,10191
0.0,10192
0.0,10193
0.0,10194
2551.739147197912,10195
1761.4639125404722,10196
0.0,10197
0.0,10198
1678.695472080413,10199
0.0,10200
0.0,10201
0.0,10202
0.0,10203
0.0,10204
0.0,10205
0.0,10206
0.0,10207
0.0,10208
0.0,10209
0.0,10210
0.0,10211
0.0,10212
0.0,10213
5773.478483470815,10214
0.0,10215
0.0,10216
0.0,10217
0.0,10218
0.0,10219
0.0,10220
0.0,10221
0.0,10222
0.0,10223
0.0,10224
0.0,10225
3341.278234100995,10226
0.0,10227
3342.2355705682844,10228
0.0,10229
0.0,10230
0.0,10231
0.0,10232
0.0,10233
0.0,10234
2194.8544322413895,10235
0.0,10236
0.0,10237
0.0,10238
0.0,10239
0.0,10240
0.0,10241
0.0,10242
0.0,10243
0.0,10244
0.0,10245
0.0,10246
0.0,10247
0.0,10248
0.0,10249
0.0,10250
0.0,10251
0.0,10252
0.0,10253
0.0,10254
0.0,10255
0.0,10256
0.0,10257
0.0,10258
0.0,10259
0.0,10260
8065.237960422433,10261
0.0,10262
0.0,10263
0.0,10264
0.0,10265
0.0,10266
0.0,10267
0.0,10268
0.0,10269
0.0,10270
0.0,10271
0.0,10272
1836.4499236437034,10273
1826.1671306582214,10274
0.0,10275
2430.2383286730696,10276
0.0,10277
0.0,10278
0.0,10279
0.0,10280
0.0,10281
0.0,10282
0.0,10283
0.0,10284
0.0,10285
0.0,10286
0.0,10287
0.0,10288
0.0,10289
0.0,10290
2469.0464706530443,10291
0.0,10292
0.0,10293
0.0,10294
0.0,10295
0.0,10296
0.0,10297
0.0,10298
0.0,10299
0.0,10300
699.0921685436239,10301
0.0,10302
705.9579571753305,10303
0.0,10304
220.88420768735247,10305
0.0,10306
0.0,10307
0.0,10308
0.0,10309
0.0,10310
0.0,10311
0.0,10312
0.0,10313
1291.3084598183473,10314
0.0,10315
0.0,10316
0.0,10317
0.0,10318
0.0,10319
0.0,10320
0.0,10321
0.0,10322
0.0,10323
0.0,10324
0.0,10325
0.0,10326
1729.951071429412,10327
0.0,10328
0.0,10329
0.0,10330
0.0,10331
0.0,10332
0.0,10333
0.0,10334
0.0,10335
0.0,10336
0.0,10337
0.0,10338
0.0,10339
18235.951540267088,10340
1559.4632083893553,10341
0.0,10342
0.0,10343
0.0,10344
0.0,10345
0.0,10346
0.0,10347
0.0,10348
0.0,10349
0.0,10350
0.0,10351
0.0,10352
0.0,10353
0.0,10354
0.0,10355
0.0,10356
0.0,10357
0.0,10358
0.0,10359
0.0,10360
0.0,10361
0.0,10362
0.0,10363
0.0,10364
0.0,10365
0.0,10366
0.0,10367
0.0,10368
0.0,10369
0.0,10370
0.0,10371
0.0,10372
0.0,10373
0.0,10374
0.0,10375
0.0,10376
0.0,10377
0.0,10378
0.0,10379
0.0,10380
0.0,10381
0.0,10382
0.0,10383
1037.5029427747422,10384
0.0,10385
0.0,10386
0.0,10387
0.0,10388
5440.236970059987,10389
0.0,10390
0.0,10391
0.0,10392
0.0,10393
0.0,10394
0.0,10395
0.0,10396
0.0,10397
0.0,10398
0.0,10399
0.0,10400
151.1655693332619,10401
0.0,10402
0.0,10403
0.0,10404
0.0,10405
0.0,10406
0.0,10407
0.0,10408
0.0,10409
0.0,10410
0.0,10411
0.0,10412
0.0,10413
0.0,10414
3220.406817734516,10415
0.0,10416
310.99808181175655,10417
0.0,10418
0.0,10419
1810.6390881798432,10420
0.0,10421
3217.7939337723906,10422
3215.0532781710517,10423
3212.31470304943,10424
171.6120520841045,10425
405.53124242889504,10426
4220.653998998435,10427
406.1549673733053,10428
4632.931790979593,10429
0.0,10430
1949.9834653565429,10431
1023.6185252398902,10432
0.0,10433
697.5661638467318,10434
0.0,10435
0.0,10436
130.03394193210917,10437
0.0,10438
0.0,10439
0.0,10440
0.0,10441
0.0,10442
0.0,10443
0.0,10444
0.0,10445
1835.0449133549066,10446
0.0,10447
0.0,10448
0.0,10449
0.0,10450
0.0,10451
498.16389065367207,10452
0.0,10453
2228.431484576814,10454
0.0,10455
0.0,10456
2226.490289718982,10457
0.0,10458
2478.253110936573,10459
0.0,10460
0.0,10461
0.0,10462
0.0,10463
0.0,10464
1184.2727701105912,10465
0.0,10466
0.0,10467
0.0,10468
0.0,10469
422.9606297446247,10470
0.0,10471
0.0,10472
1184.9639719994557,10473
0.0,10474
0.0,10475
0.0,10476
0.0,10477
0.0,10478
0.0,10479
0.0,10480
0.0,10481
0.0,10482
0.0,10483
0.0,10484
0.0,10485
380.0097310753513,10486
0.0,10487
0.0,10488
0.0,10489
228.12720717384482,10490
0.0,10491
4747.0726380048045,10492
0.0,10493
0.0,10494
0.0,10495
0.0,10496
0.0,10497
0.0,10498
0.0,10499
0.0,10500
0.0,10501
0.0,10502
0.0,10503
0.0,10504
0.0,10505
0.0,10506
0.0,10507
0.0,10508
0.0,10509
0.0,10510
0.0,10511
0.0,10512
0.0,10513
0.0,10514
0.0,10515
0.0,10516
0.0,10517
0.0,10518
0.0,10519
0.0,10520
0.0,10521
0.0,10522
0.0,10523
858.8247547205242,10524
0.0,10525
858.1054310717298,10526
0.0,10527
857.3956824764426,10528
1782.5377766716601,10529
1202.7604502191025,10530
0.0,10531
0.0,10532
0.0,10533
0.0,10534
0.0,10535
0.0,10536
0.0,10537
0.0,10538
264.1839227570428,10539
0.0,10540
0.0,10541
0.0,10542
0.0,10543
0.0,10544
0.0,10545
0.0,10546
0.0,10547
613.4686419017535,10548
0.0,10549
0.0,10550
0.0,10551
0.0,10552
0.0,10553
0.0,10554
816.3212765785078,10555
0.0,10556
0.0,10557
0.0,10558
0.0,10559
0.0,10560
0.0,10561
0.0,10562
0.0,10563
0.0,10564
0.0,10565
0.0,10566
0.0,10567
0.0,10568
0.0,10569
0.0,10570
0.0,10571
0.0,10572
0.0,10573
0.0,10574
0.0,10575
0.0,10576
0.0,10577
0.0,10578
0.0,10579
0.0,10580
0.0,10581
0.0,10582
0.0,10583
0.0,10584
0.0,10585
0.0,10586
0.0,10587
0.0,10588
0.0,10589
0.0,10590
0.0,10591
0.0,10592
0.0,10593
0.0,10594
0.0,10595
0.0,10596
0.0,10597
0.0,10598
660.1567834256571,10599
0.0,10600
89.42878003196282,10601
0.0,10602
0.0,10603
909.6087485049645,10604
0.0,10605
79.4042681406404,10606
331.33822178108363,10607
104.83218964790719,10608
0.0,10609
332.59184895613646,10610
581.8068923823504,10611
1352.5096322055833,10612
0.0,10613
0.0,10614
0.0,10615
567.3678042238718,10616
1474.2803306439491,10617
0.0,10618
0.0,10619
1711.4865966990283,10620
1391.9203786226885,10621
236.01746212008953,10622
0.0,10623
246.9846355343039,10624
0.0,10625
0.0,10626
0.0,10627
247.07507635917776,10628
0.0,10629
0.0,10630
0.0,10631
247.1647248100384,10632
143.00193092096364,10633
0.0,10634
0.0,10635
0.0,10636
0.0,10637
247.37481456063696,10638
247.47760900898834,10639
247.58737840262566,10640
0.0,10641
0.0,10642
424.8462105379917,10643
0.0,10644
0.0,10645
248.01637909966604,10646
0.0,10647
0.0,10648
0.0,10649
184.53206518350987,10650
0.0,10651
248.2158178075397,10652
248.38908149967924,10653
185.0520079100186,10654
0.0,10655
0.0,10656
0.0,10657
0.0,10658
0.0,10659
0.0,10660
0.0,10661
0.0,10662
0.0,10663
2037.2856858428463,10664
0.0,10665
249.1641994012933,10666
0.0,10667
0.0,10668
0.0,10669
249.529152558924,10670
198.1327846807326,10671
0.0,10672
0.0,10673
0.0,10674
0.0,10675
784.3069399540242,10676
0.0,10677
0.0,10678
0.0,10679
0.0,10680
0.0,10681
0.0,10682
0.0,10683
0.0,10684
0.0,10685
840.7192108579966,10686
841.3040367344685,10687
0.0,10688
0.0,10689
0.0,10690
842.001974957907,10691
0.0,10692
0.0,10693
1257.538514386998,10694
0.0,10695
843.1747542440082,10696
0.0,10697
0.0,10698
0.0,10699
0.0,10700
0.0,10701
0.0,10702
0.0,10703
0.0,10704
686.372411549315,10705
1062.7005486414616,10706
0.0,10707
0.0,10708
0.0,10709
0.0,10710
0.0,10711
0.0,10712
0.0,10713
0.0,10714
0.0,10715
0.0,10716
0.0,10717
0.0,10718
0.0,10719
0.0,10720
0.0,10721
0.0,10722
0.0,10723
0.0,10724
0.0,10725
0.0,10726
0.0,10727
0.0,10728
0.0,10729
0.0,10730
0.0,10731
0.0,10732
0.0,10733
0.0,10734
0.0,10735
0.0,10736
0.0,10737
0.0,10738
0.0,10739
0.0,10740
0.0,10741
0.0,10742
0.0,10743
0.0,10744
0.0,10745
0.0,10746
0.0,10747
0.0,10748
0.0,10749
2607.2778160031235,10750
0.0,10751
0.0,10752
0.0,10753
0.0,10754
0.0,10755
0.0,10756
0.0,10757
0.0,10758
0.0,10759
0.0,10760
0.0,10761
1347.0970165105366,10762
0.0,10763
0.0,10764
0.0,10765
2014.882649185127,10766
0.0,10767
0.0,10768
0.0,10769
0.0,10770
0.0,10771
0.0,10772
0.0,10773
0.0,10774
0.0,10775
0.0,10776
0.0,10777
0.0,10778
420.97532240313205,10779
421.4086929580504,10780
0.0,10781
0.0,10782
0.0,10783
0.0,10784
0.0,10785
0.0,10786
0.0,10787
0.0,10788
0.0,10789
0.0,10790
0.0,10791
0.0,10792
0.0,10793
0.0,10794
0.0,10795
0.0,10796
0.0,10797
0.0,10798
0.0,10799
1443.0136688477492,10800
1136.315567450452,10801
0.0,10802
1136.1307112973452,10803
0.0,10804
0.0,10805
1135.963100596609,10806
0.0,10807
0.0,10808
0.0,10809
0.0,10810
0.0,10811
549.3197270592264,10812
549.7744510999187,10813
1234.018172939705,10814
0.0,10815
0.0,10816
0.0,10817
0.0,10818
0.0,10819
0.0,10820
0.0,10821
0.0,10822
0.0,10823
0.0,10824
0.0,10825
0.0,10826
0.0,10827
0.0,10828
0.0,10829
0.0,10830
0.0,10831
0.0,10832
0.0,10833
0.0,10834
0.0,10835
0.0,10836
0.0,10837
0.0,10838
0.0,10839
0.0,10840
0.0,10841
0.0,10842
0.0,10843
0.0,10844
0.0,10845
0.0,10846
0.0,10847
0.0,10848
0.0,10849
0.0,10850
0.0,10851
0.0,10852
0.0,10853
0.0,10854
0.0,10855
0.0,10856
0.0,10857
0.0,10858
0.0,10859
0.0,10860
0.0,10861
0.0,10862
0.0,10863
635.9242259095587,10864
0.0,10865
0.0,10866
0.0,10867
0.0,10868
0.0,10869
0.0,10870
0.0,10871
0.0,10872
0.0,10873
0.0,10874
0.0,10875
0.0,10876
0.0,10877
0.0,10878
2240.09556121038,10879
0.0,10880
0.0,10881
0.0,10882
0.0,10883
0.0,10884
0.0,10885
0.0,10886
0.0,10887
0.0,10888
0.0,10889
0.0,10890
0.0,10891
0.0,10892
11583.741536484486,10893
0.0,10894
0.0,10895
0.0,10896
0.0,10897
0.0,10898
4720.816032925442,10899
25.88830429454097,10900
26.122886606390097,10901
0.0,10902
0.0,10903
0.0,10904
0.0,10905
0.0,10906
0.0,10907
0.0,10908
0.0,10909
0.0,10910
0.0,10911
0.0,10912
0.0,10913
0.0,10914
0.0,10915
0.0,10916
0.0,10917
0.0,10918
0.0,10919
1172.2711617402479,10920
0.0,10921
0.0,10922
0.0,10923
0.0,10924
0.0,10925
0.0,10926
0.0,10927
0.0,10928
0.0,10929
0.0,10930
0.0,10931
0.0,10932
491.76749710403146,10933
0.0,10934
0.0,10935
2099.269704761149,10936
0.0,10937
0.0,10938
0.0,10939
0.0,10940
3755.1325199231655,10941
0.0,10942
0.0,10943
0.0,10944
0.0,10945
0.0,10946
0.0,10947
0.0,10948
0.0,10949
0.0,10950
594.174071445889,10951
0.0,10952
0.0,10953
0.0,10954
0.0,10955
0.0,10956
0.0,10957
0.0,10958
0.0,10959
0.0,10960
0.0,10961
518.104674393029,10962
0.0,10963
0.0,10964
0.0,10965
0.0,10966
0.0,10967
0.0,10968
0.0,10969
475.9941195721574,10970
0.0,10971
0.0,10972
0.0,10973
0.0,10974
0.0,10975
0.0,10976
0.0,10977
0.0,10978
0.0,10979
1740.3158471352592,10980
0.0,10981
0.0,10982
0.0,10983
0.0,10984
0.0,10985
0.0,10986
0.0,10987
0.0,10988
0.0,10989
0.0,10990
0.0,10991
0.0,10992
0.0,10993
0.0,10994
939.7351710888123,10995
0.0,10996
0.0,10997
0.0,10998
0.0,10999
204.70487970087964,11000
0.0,11001
0.0,11002
0.0,11003
0.0,11004
171.07898699036673,11005
1566.2002645575503,11006
2360.8394590873254,11007
0.0,11008
0.0,11009
0.0,11010
0.0,11011
2113.3143639329282,11012
0.0,11013
0.0,11014
206.95914911060635,11015
0.0,11016
0.0,11017
0.0,11018
0.0,11019
0.0,11020
0.0,11021
382.6340313416492,11022
0.0,11023
1088.745257214926,11024
29.49423438445053,11025
29.706175593045504,11026
1218.3808568420618,11027
241.57219708597486,11028
0.0,11029
29.403033831822867,11030
0.0,11031
0.0,11032
532.1885647300669,11033
0.0,11034
550.6470524611545,11035
0.0,11036
1743.0779817912617,11037
1654.8999226407273,11038
1464.9139396931066,11039
1656.5710443880082,11040
789.1525990695812,11041
0.0,11042
1657.5423344824392,11043
0.0,11044
1658.5256572199487,11045
1659.586645017988,11046
983.5739432057659,11047
1660.7352207581762,11048
0.0,11049
1661.9305671973516,11050
0.0,11051
0.0,11052
0.0,11053
26.49626401130546,11054
95.77066767510514,11055
1144.5046046453788,11056
0.0,11057
0.0,11058
0.0,11059
1780.6232669911435,11060
2332.081362242913,11061
0.0,11062
0.0,11063
0.0,11064
765.3886802261711,11065
1767.6243760334382,11066
1533.9766921477296,11067
0.0,11068
1809.837348270876,11069
1811.655509073708,11070
1208.4390978034112,11071
1210.198124272698,11072
0.0,11073
1816.3184152684962,11074
3495.8610949733566,11075
0.0,11076
1679.8907564256358,11077
1682.0469948635698,11078
4081.979524003789,11079
1062.4612322804298,11080
1687.6019716286116,11081
1940.0683715424357,11082
0.0,11083
1692.0285543420355,11084
2650.351742084498,11085
0.0,11086
1697.0514650548787,11087
1318.7079187904203,11088
1701.6018454044615,11089
1704.4270061500217,11090
0.0,11091
279.08832971316144,11092
1327.0569019322513,11093
0.0,11094
0.0,11095
1772.6967528631576,11096
0.0,11097
0.0,11098
0.0,11099
1788.0273901100513,11100
960.047729770972,11101
3336.515118063327,11102
0.0,11103
1754.9616126890162,11104
0.0,11105
645.0241014988733,11106
1759.5274866331408,11107
1762.865918450375,11108
0.0,11109
0.0,11110
362.74165439218353,11111
969.7757930516207,11112
0.0,11113
0.0,11114
920.743863946029,11115
0.0,11116
772.0750390335709,11117
773.9640928924218,11118
0.0,11119
0.0,11120
0.0,11121
0.0,11122
0.0,11123
0.0,11124
0.0,11125
0.0,11126
0.0,11127
0.0,11128
0.0,11129
0.0,11130
0.0,11131
0.0,11132
0.0,11133
0.0,11134
0.0,11135
0.0,11136
0.0,11137
0.0,11138
0.0,11139
0.0,11140
0.0,11141
0.0,11142
0.0,11143
0.0,11144
0.0,11145
0.0,11146
0.0,11147
0.0,11148
0.0,11149
0.0,11150
0.0,11151
0.0,11152
0.0,11153
0.0,11154
0.0,11155
0.0,11156
0.0,11157
0.0,11158
0.0,11159
0.0,11160
0.0,11161
0.0,11162
0.0,11163
0.0,11164
0.0,11165
0.0,11166
0.0,11167
0.0,11168
0.0,11169
0.0,11170
0.0,11171
0.0,11172
0.0,11173
0.0,11174
0.0,11175
0.0,11176
0.0,11177
0.0,11178
0.0,11179
0.0,11180
0.0,11181
0.0,11182
0.0,11183
0.0,11184
0.0,11185
0.0,11186
0.0,11187
0.0,11188
0.0,11189
0.0,11190
0.0,11191
0.0,11192
0.0,11193
0.0,11194
0.0,11195
0.0,11196
0.0,11197
0.0,11198
1048.773738543224,11199
0.0,11200
0.0,11201
3204.459257878967,11202
0.0,11203
0.0,11204
0.0,11205
0.0,11206
0.0,11207
0.0,11208
0.0,11209
0.0,11210
0.0,11211
0.0,11212
0.0,11213
0.0,11214
0.0,11215
0.0,11216
0.0,11217
0.0,11218
0.0,11219
0.0,11220
0.0,11221
0.0,11222
92.2998136246167,11223
0.0,11224
904.5609606147344,11225
0.0,11226
0.0,11227
0.0,11228
0.0,11229
0.0,11230
904.6073036010982,11231
0.0,11232
0.0,11233
0.0,11234
0.0,11235
0.0,11236
0.0,11237
0.0,11238
0.0,11239
0.0,11240
0.0,11241
0.0,11242
0.0,11243
0.0,11244
982.8796064683953,11245
981.9515314729052,11246
0.0,11247
0.0,11248
0.0,11249
0.0,11250
0.0,11251
0.0,11252
0.0,11253
0.0,11254
0.0,11255
0.0,11256
0.0,11257
0.0,11258
0.0,11259
0.0,11260
0.0,11261
1997.290086623137,11262
0.0,11263
0.0,11264
0.0,11265
0.0,11266
127.56806694427068,11267
0.0,11268
1851.487916399451,11269
0.0,11270
0.0,11271
0.0,11272
0.0,11273
0.0,11274
0.0,11275
0.0,11276
0.0,11277
0.0,11278
0.0,11279
0.0,11280
0.0,11281
0.0,11282
0.0,11283
0.0,11284
365.6448702813523,11285
0.0,11286
4815.553947814132,11287
0.0,11288
0.0,11289
0.0,11290
0.0,11291
0.0,11292
0.0,11293
0.0,11294
0.0,11295
505.82799383176865,11296
0.0,11297
0.0,11298
0.0,11299
0.0,11300
0.0,11301
0.0,11302
0.0,11303
0.0,11304
0.0,11305
0.0,11306
0.0,11307
0.0,11308
0.0,11309
0.0,11310
0.0,11311
0.0,11312
0.0,11313
0.0,11314
0.0,11315
0.0,11316
0.0,11317
0.0,11318
0.0,11319
2479.459603896262,11320
0.0,11321
0.0,11322
0.0,11323
0.0,11324
0.0,11325
0.0,11326
0.0,11327
0.0,11328
0.0,11329
0.0,11330
0.0,11331
0.0,11332
3365.2843870680385,11333
0.0,11334
0.0,11335
0.0,11336
0.0,11337
0.0,11338
0.0,11339
0.0,11340
0.0,11341
0.0,11342
0.0,11343
0.0,11344
0.0,11345
0.0,11346
0.0,11347
0.0,11348
0.0,11349
0.0,11350
0.0,11351
0.0,11352
0.0,11353
0.0,11354
0.0,11355
0.0,11356
0.0,11357
0.0,11358
0.0,11359
0.0,11360
0.0,11361
0.0,11362
0.0,11363
2772.346666490749,11364
0.0,11365
0.0,11366
0.0,11367
0.0,11368
0.0,11369
0.0,11370
0.0,11371
2774.3434447949107,11372
0.0,11373
0.0,11374
0.0,11375
0.0,11376
3566.782371447052,11377
0.0,11378
0.0,11379
2568.198284729518,11380
780.9731422478245,11381
0.0,11382
0.0,11383
0.0,11384
0.0,11385
0.0,11386
592.2500928046264,11387
0.0,11388
0.0,11389
0.0,11390
0.0,11391
0.0,11392
0.0,11393
0.0,11394
0.0,11395
0.0,11396
1147.731831162435,11397
0.0,11398
0.0,11399
0.0,11400
0.0,11401
1149.6716243274982,11402
0.0,11403
0.0,11404
0.0,11405
0.0,11406
0.0,11407
0.0,11408
0.0,11409
0.0,11410
0.0,11411
0.0,11412
0.0,11413
0.0,11414
2433.6700386690823,11415
3281.6900868212824,11416
0.0,11417
0.0,11418
0.0,11419
0.0,11420
0.0,11421
0.0,11422
0.0,11423
343.87558040464484,11424
0.0,11425
367.36722305206325,11426
0.0,11427
0.0,11428
0.0,11429
0.0,11430
0.0,11431
0.0,11432
0.0,11433
0.0,11434
0.0,11435
0.0,11436
0.0,11437
0.0,11438
0.0,11439
470.8921918409672,11440
0.0,11441
0.0,11442
154.01325762090963,11443
0.0,11444
0.0,11445
0.0,11446
0.0,11447
0.0,11448
0.0,11449
0.0,11450
0.0,11451
0.0,11452
0.0,11453
0.0,11454
0.0,11455
0.0,11456
0.0,11457
0.0,11458
0.0,11459
0.0,11460
0.0,11461
998.8502369454751,11462
0.0,11463
0.0,11464
0.0,11465
0.0,11466
0.0,11467
0.0,11468
0.0,11469
0.0,11470
0.0,11471
0.0,11472
0.0,11473
0.0,11474
5454.475316452539,11475
0.0,11476
0.0,11477
0.0,11478
0.0,11479
0.0,11480
0.0,11481
0.0,11482
0.0,11483
0.0,11484
0.0,11485
0.0,11486
0.0,11487
0.0,11488
0.0,11489
0.0,11490
0.0,11491
0.0,11492
0.0,11493
0.0,11494
0.0,11495
0.0,11496
0.0,11497
0.0,11498
0.0,11499
0.0,11500
0.0,11501
0.0,11502
0.0,11503
0.0,11504
0.0,11505
0.0,11506
0.0,11507
0.0,11508
0.0,11509
0.0,11510
0.0,11511
0.0,11512
0.0,11513
0.0,11514
0.0,11515
0.0,11516
0.0,11517
0.0,11518
0.0,11519
0.0,11520
1481.4303556484283,11521
0.0,11522
0.0,11523
0.0,11524
0.0,11525
0.0,11526
0.0,11527
0.0,11528
0.0,11529
0.0,11530
0.0,11531
0.0,11532
0.0,11533
0.0,11534
0.0,11535
0.0,11536
0.0,11537
0.0,11538
0.0,11539
0.0,11540
0.0,11541
0.0,11542
0.0,11543
0.0,11544
0.0,11545
0.0,11546
0.0,11547
0.0,11548
0.0,11549
0.0,11550
0.0,11551
0.0,11552
797.3103626466701,11553
0.0,11554
0.0,11555
0.0,11556
0.0,11557
0.0,11558
0.0,11559
0.0,11560
0.0,11561
0.0,11562
0.0,11563
0.0,11564
0.0,11565
0.0,11566
0.0,11567
0.0,11568
0.0,11569
622.5439849358197,11570
0.0,11571
0.0,11572
0.0,11573
0.0,11574
0.0,11575
0.0,11576
0.0,11577
0.0,11578
0.0,11579
0.0,11580
0.0,11581
0.0,11582
0.0,11583
0.0,11584
0.0,11585
0.0,11586
0.0,11587
0.0,11588
0.0,11589
0.0,11590
0.0,11591
0.0,11592
0.0,11593
0.0,11594
0.0,11595
0.0,11596
0.0,11597
655.7050991906523,11598
0.0,11599
0.0,11600
0.0,11601
0.0,11602
0.0,11603
0.0,11604
0.0,11605
0.0,11606
0.0,11607
0.0,11608
0.0,11609
0.0,11610
0.0,11611
0.0,11612
0.0,11613
0.0,11614
0.0,11615
0.0,11616
0.0,11617
0.0,11618
0.0,11619
0.0,11620
0.0,11621
0.0,11622
0.0,11623
0.0,11624
0.0,11625
0.0,11626
0.0,11627
0.0,11628
0.0,11629
0.0,11630
0.0,11631
0.0,11632
0.0,11633
0.0,11634
0.0,11635
0.0,11636
0.0,11637
0.0,11638
0.0,11639
0.0,11640
0.0,11641
0.0,11642
0.0,11643
0.0,11644
0.0,11645
0.0,11646
0.0,11647
0.0,11648
0.0,11649
0.0,11650
0.0,11651
0.0,11652
0.0,11653
0.0,11654
0.0,11655
0.0,11656
0.0,11657
0.0,11658
0.0,11659
0.0,11660
0.0,11661
0.0,11662
0.0,11663
0.0,11664
0.0,11665
0.0,11666
0.0,11667
0.0,11668
0.0,11669
0.0,11670
0.0,11671
0.0,11672
0.0,11673
0.0,11674
0.0,11675
0.0,11676
0.0,11677
0.0,11678
0.0,11679
0.0,11680
0.0,11681
0.0,11682
0.0,11683
0.0,11684
0.0,11685
0.0,11686
0.0,11687
0.0,11688
0.0,11689
0.0,11690
0.0,11691
0.0,11692
0.0,11693
0.0,11694
0.0,11695
0.0,11696
0.0,11697
0.0,11698
0.0,11699
0.0,11700
0.0,11701
0.0,11702
0.0,11703
0.0,11704
0.0,11705
0.0,11706
0.0,11707
0.0,11708
0.0,11709
0.0,11710
0.0,11711
0.0,11712
0.0,11713
0.0,11714
0.0,11715
0.0,11716
0.0,11717
0.0,11718
0.0,11719
0.0,11720
0.0,11721
0.0,11722
0.0,11723
0.0,11724
0.0,11725
0.0,11726
0.0,11727
0.0,11728
0.0,11729
0.0,11730
0.0,11731
0.0,11732
0.0,11733
0.0,11734
0.0,11735
0.0,11736
0.0,11737
0.0,11738
0.0,11739
0.0,11740
0.0,11741
0.0,11742
0.0,11743
0.0,11744
0.0,11745
0.0,11746
0.0,11747
0.0,11748
0.0,11749
0.0,11750
414.4651818135835,11751
0.0,11752
0.0,11753
0.0,11754
0.0,11755
0.0,11756
0.0,11757
0.0,11758
0.0,11759
0.0,11760
693.7007230448614,11761
0.0,11762
0.0,11763
0.0,11764
0.0,11765
3114.1628791049384,11766
0.0,11767
0.0,11768
0.0,11769
0.0,11770
0.0,11771
0.0,11772
1663.9837884984054,11773
0.0,11774
0.0,11775
0.0,11776
0.0,11777
0.0,11778
0.0,11779
0.0,11780
0.0,11781
0.0,11782
0.0,11783
0.0,11784
0.0,11785
0.0,11786
0.0,11787
0.0,11788
0.0,11789
0.0,11790
0.0,11791
0.0,11792
0.0,11793
0.0,11794
0.0,11795
0.0,11796
0.0,11797
0.0,11798
0.0,11799
0.0,11800
0.0,11801
0.0,11802
0.0,11803
0.0,11804
0.0,11805
0.0,11806
6485.22295261756,11807
0.0,11808
0.0,11809
0.0,11810
0.0,11811
0.0,11812
0.0,11813
0.0,11814
0.0,11815
0.0,11816
0.0,11817
1485.2126412531613,11818
0.0,11819
1787.3826139000257,11820
0.0,11821
0.0,11822
0.0,11823
0.0,11824
0.0,11825
0.0,11826
0.0,11827
0.0,11828
0.0,11829
0.0,11830
0.0,11831
0.0,11832
0.0,11833
0.0,11834
0.0,11835
0.0,11836
0.0,11837
0.0,11838
0.0,11839
0.0,11840
0.0,11841
0.0,11842
0.0,11843
0.0,11844
0.0,11845
0.0,11846
14.82838982702411,11847
0.0,11848
0.0,11849
0.0,11850
0.0,11851
0.0,11852
0.0,11853
0.0,11854
0.0,11855
0.0,11856
0.0,11857
0.0,11858
0.0,11859
0.0,11860
0.0,11861
0.0,11862
123.65803283488543,11863
0.0,11864
0.0,11865
0.0,11866
0.0,11867
1349.1773975241258,11868
0.0,11869
0.0,11870
0.0,11871
0.0,11872
0.0,11873
0.0,11874
0.0,11875
314.6749631722191,11876
0.0,11877
0.0,11878
0.0,11879
39.234667062264776,11880
0.0,11881
0.0,11882
942.7589639461319,11883
0.0,11884
0.0,11885
0.0,11886
0.0,11887
0.0,11888
0.0,11889
0.0,11890
0.0,11891
0.0,11892
0.0,11893
0.0,11894
0.0,11895
0.0,11896
0.0,11897
0.0,11898
0.0,11899
0.0,11900
0.0,11901
0.0,11902
0.0,11903
0.0,11904
0.0,11905
0.0,11906
0.0,11907
0.0,11908
0.0,11909
0.0,11910
0.0,11911
0.0,11912
0.0,11913
0.0,11914
0.0,11915
0.0,11916
0.0,11917
0.0,11918
0.0,11919
0.0,11920
0.0,11921
0.0,11922
0.0,11923
0.0,11924
0.0,11925
0.0,11926
0.0,11927
0.0,11928
0.0,11929
0.0,11930
0.0,11931
0.0,11932
0.0,11933
0.0,11934
0.0,11935
0.0,11936
0.0,11937
0.0,11938
0.0,11939
0.0,11940
0.0,11941
0.0,11942
635.4249023557311,11943
0.0,11944
0.0,11945
0.0,11946
0.0,11947
0.0,11948
0.0,11949
0.0,11950
0.0,11951
0.0,11952
0.0,11953
0.0,11954
0.0,11955
0.0,11956
0.0,11957
0.0,11958
0.0,11959
0.0,11960
0.0,11961
0.0,11962
0.0,11963
0.0,11964
0.0,11965
0.0,11966
0.0,11967
0.0,11968
0.0,11969
0.0,11970
0.0,11971
0.0,11972
0.0,11973
0.0,11974
0.0,11975
5127.862155115395,11976
0.0,11977
0.0,11978
0.0,11979
62.470102251646026,11980
0.0,11981
0.0,11982
8227.721957545058,11983
8228.87469151818,11984
0.0,11985
0.0,11986
687.5707935292777,11987
1609.410015154249,11988
5818.924808510812,11989
1608.685135621369,11990
0.0,11991
0.0,11992
0.0,11993
0.0,11994
0.0,11995
0.0,11996
0.0,11997
789.1630957182806,11998
0.0,11999
6.1252297811217495,12000
0.0,12001
0.0,12002
1540.693337975876,12003
0.0,12004
350.1661230100589,12005
0.0,12006
0.0,12007
0.0,12008
0.0,12009
0.0,12010
0.0,12011
0.0,12012
0.0,12013
0.0,12014
0.0,12015
0.0,12016
755.9195602438685,12017
0.0,12018
0.0,12019
0.0,12020
1957.2488350538872,12021
1957.7633083069047,12022
0.0,12023
0.0,12024
0.0,12025
0.0,12026
0.0,12027
0.0,12028
0.0,12029
0.0,12030
0.0,12031
0.0,12032
0.0,12033
0.0,12034
0.0,12035
0.0,12036
0.0,12037
0.0,12038
0.0,12039
0.0,12040
0.0,12041
0.0,12042
0.0,12043
0.0,12044
420.5805364097449,12045
0.0,12046
0.0,12047
0.0,12048
0.0,12049
0.0,12050
0.0,12051
0.0,12052
0.0,12053
0.0,12054
0.0,12055
0.0,12056
0.0,12057
0.0,12058
0.0,12059
0.0,12060
17899.553126758918,12061
0.0,12062
1754.1991053713218,12063
0.0,12064
1754.75245178812,12065
0.0,12066
1538.0170766526287,12067
0.0,12068
6531.650904413355,12069
0.0,12070
178.20134362916235,12071
0.0,12072
1173.8891852280478,12073
1755.000718019784,12074
0.0,12075
0.0,12076
0.0,12077
0.0,12078
176.47898062111477,12079
0.0,12080
0.0,12081
0.0,12082
0.0,12083
0.0,12084
0.0,12085
0.0,12086
0.0,12087
2130.3486844188246,12088
0.0,12089
0.0,12090
0.0,12091
0.0,12092
0.0,12093
0.0,12094
2249.205509295503,12095
0.0,12096
0.0,12097
0.0,12098
0.0,12099
0.0,12100
60.57527187480767,12101
0.0,12102
0.0,12103
2685.8604700923574,12104
0.0,12105
729.9392766879618,12106
0.0,12107
0.0,12108
0.0,12109
0.0,12110
0.0,12111
0.0,12112
0.0,12113
914.4107504157363,12114
993.917095532535,12115
0.0,12116
0.0,12117
0.0,12118
0.0,12119
0.0,12120
0.0,12121
0.0,12122
0.0,12123
0.0,12124
0.0,12125
301.5904552741425,12126
0.0,12127
300.7247835503964,12128
0.0,12129
0.0,12130
0.0,12131
0.0,12132
1747.754489509955,12133
0.0,12134
0.0,12135
0.0,12136
0.0,12137
0.0,12138
0.0,12139
3729.6621934717755,12140
0.0,12141
0.0,12142
0.0,12143
0.0,12144
0.0,12145
0.0,12146
0.0,12147
0.0,12148
0.0,12149
0.0,12150
0.0,12151
0.0,12152
0.0,12153
0.0,12154
0.0,12155
0.0,12156
0.0,12157
0.0,12158
0.0,12159
0.0,12160
0.0,12161
0.0,12162
0.0,12163
0.0,12164
13240.101857308544,12165
0.0,12166
0.0,12167
0.0,12168
0.0,12169
0.0,12170
0.0,12171
0.0,12172
0.0,12173
0.0,12174
0.0,12175
0.0,12176
0.0,12177
0.0,12178
0.0,12179
0.0,12180
0.0,12181
0.0,12182
0.0,12183
0.0,12184
0.0,12185
1001.1939909619038,12186
0.0,12187
0.0,12188
0.0,12189
0.0,12190
0.0,12191
0.0,12192
0.0,12193
3055.6081700770374,12194
0.0,12195
0.0,12196
0.0,12197
0.0,12198
822.954341212661,12199
0.0,12200
0.0,12201
0.0,12202
0.0,12203
0.0,12204
0.0,12205
3750.9438051032816,12206
0.0,12207
0.0,12208
0.0,12209
0.0,12210
1066.6107387086358,12211
3685.7013516591874,12212
3141.0649872085287,12213
1528.0367636946619,12214
3141.7222962359388,12215
2146.7171398460946,12216
0.0,12217
3744.257771413138,12218
4109.147883483732,12219
391.55535177444784,12220
5636.485265136505,12221
0.0,12222
1910.2791695865442,12223
0.0,12224
0.0,12225
2648.504285709556,12226
0.0,12227
0.0,12228
0.0,12229
0.0,12230
395.0124548174027,12231
2645.7784187973402,12232
6482.375652748785,12233
1163.8324869421826,12234
0.0,12235
388.679819279412,12236
0.0,12237
4752.749259349589,12238
0.0,12239
386.27389950679,12240
5513.067366588149,12241
7310.604640927228,12242
3615.158290715724,12243
0.0,12244
3065.4150515591755,12245
2590.302977293097,12246
0.0,12247
2068.4684906241723,12248
339.850919471454,12249
678.2025198924204,12250
229.4175513122555,12251
1470.7761356951212,12252
2070.1329761577745,12253
0.0,12254
339.86208928821895,12255
228.49249012781075,12256
1656.4518489704585,12257
0.0,12258
0.0,12259
2916.3503364412304,12260
2605.3234730258405,12261
0.0,12262
0.0,12263
0.0,12264
0.0,12265
0.0,12266
359.52076568553787,12267
18.952680026783426,12268
0.0,12269
0.0,12270
530.576122440657,12271
0.0,12272
0.0,12273
0.0,12274
0.0,12275
0.0,12276
257.72055908859573,12277
0.0,12278
895.5328494629551,12279
0.0,12280
0.0,12281
0.0,12282
673.4391182368887,12283
1522.936678311594,12284
0.0,12285
0.0,12286
0.0,12287
0.0,12288
0.0,12289
0.0,12290
0.0,12291
0.0,12292
0.0,12293
0.0,12294
0.0,12295
0.0,12296
0.0,12297
0.0,12298
0.0,12299
827.9753146939458,12300
0.0,12301
0.0,12302
0.0,12303
0.0,12304
0.0,12305
0.0,12306
0.0,12307
0.0,12308
0.0,12309
0.0,12310
0.0,12311
0.0,12312
0.0,12313
0.0,12314
0.0,12315
0.0,12316
0.0,12317
0.0,12318
0.0,12319
0.0,12320
0.0,12321
0.0,12322
0.0,12323
0.0,12324
0.0,12325
0.0,12326
0.0,12327
0.0,12328
0.0,12329
0.0,12330
0.0,12331
0.0,12332
0.0,12333
0.0,12334
0.0,12335
0.0,12336
0.0,12337
0.0,12338
0.0,12339
1046.6999045032096,12340
0.0,12341
0.0,12342
0.0,12343
0.0,12344
0.0,12345
0.0,12346
0.0,12347
0.0,12348
0.0,12349
0.0,12350
0.0,12351
0.0,12352
0.0,12353
0.0,12354
0.0,12355
0.0,12356
0.0,12357
0.0,12358
0.0,12359
0.0,12360
0.0,12361
0.0,12362
0.0,12363
0.0,12364
0.0,12365
0.0,12366
0.0,12367
0.0,12368
0.0,12369
0.0,12370
0.0,12371
300.343781067529,12372
0.0,12373
0.0,12374
0.0,12375
0.0,12376
0.0,12377
0.0,12378
0.0,12379
0.0,12380
0.0,12381
0.0,12382
0.0,12383
0.0,12384
0.0,12385
0.0,12386
0.0,12387
0.0,12388
0.0,12389
0.0,12390
807.4986362178091,12391
0.0,12392
0.0,12393
0.0,12394
0.0,12395
0.0,12396
0.0,12397
0.0,12398
0.0,12399
0.0,12400
14183.870828593375,12401
0.0,12402
0.0,12403
0.0,12404
0.0,12405
0.0,12406
0.0,12407
0.0,12408
0.0,12409
0.0,12410
0.0,12411
0.0,12412
0.0,12413
0.0,12414
0.0,12415
0.0,12416
0.0,12417
0.0,12418
0.0,12419
0.0,12420
0.0,12421
0.0,12422
0.0,12423
0.0,12424
0.0,12425
0.0,12426
0.0,12427
0.0,12428
0.0,12429
0.0,12430
0.0,12431
0.0,12432
0.0,12433
0.0,12434
0.0,12435
0.0,12436
0.0,12437
0.0,12438
0.0,12439
0.0,12440
0.0,12441
0.0,12442
0.0,12443
0.0,12444
0.0,12445
0.0,12446
0.0,12447
82.29092603973174,12448
0.0,12449
0.0,12450
0.0,12451
0.0,12452
0.0,12453
0.0,12454
0.0,12455
0.0,12456
0.0,12457
0.0,12458
0.0,12459
0.0,12460
0.0,12461
0.0,12462
0.0,12463
0.0,12464
0.0,12465
0.0,12466
0.0,12467
0.0,12468
0.0,12469
0.0,12470
0.0,12471
0.0,12472
0.0,12473
0.0,12474
0.0,12475
0.0,12476
0.0,12477
552.3824684438972,12478
0.0,12479
0.0,12480
0.0,12481
0.0,12482
0.0,12483
0.0,12484
0.0,12485
0.0,12486
0.0,12487
0.0,12488
0.0,12489
0.0,12490
0.0,12491
0.0,12492
0.0,12493
0.0,12494
0.0,12495
0.0,12496
0.0,12497
0.0,12498
0.0,12499
0.0,12500
0.0,12501
0.0,12502
0.0,12503
0.0,12504
0.0,12505
0.0,12506
0.0,12507
0.0,12508
0.0,12509
0.0,12510
0.0,12511
0.0,12512
0.0,12513
0.0,12514
0.0,12515
0.0,12516
0.0,12517
0.0,12518
0.0,12519
0.0,12520
0.0,12521
0.0,12522
1627.7728978402695,12523
0.0,12524
0.0,12525
0.0,12526
0.0,12527
0.0,12528
0.0,12529
0.0,12530
0.0,12531
0.0,12532
0.0,12533
0.0,12534
0.0,12535
0.0,12536
0.0,12537
0.0,12538
0.0,12539
0.0,12540
0.0,12541
0.0,12542
0.0,12543
0.0,12544
0.0,12545
0.0,12546
0.0,12547
0.0,12548
0.0,12549
0.0,12550
0.0,12551
0.0,12552
0.0,12553
0.0,12554
0.0,12555
0.0,12556
0.0,12557
0.0,12558
0.0,12559
0.0,12560
0.0,12561
0.0,12562
0.0,12563
0.0,12564
0.0,12565
0.0,12566
0.0,12567
0.0,12568
0.0,12569
0.0,12570
0.0,12571
0.0,12572
0.0,12573
0.0,12574
0.0,12575
0.0,12576
0.0,12577
0.0,12578
0.0,12579
0.0,12580
0.0,12581
0.0,12582
0.0,12583
0.0,12584
0.0,12585
0.0,12586
0.0,12587
0.0,12588
0.0,12589
2027.681866933486,12590
0.0,12591
0.0,12592
0.0,12593
0.0,12594
0.0,12595
0.0,12596
0.0,12597
0.0,12598
0.0,12599
0.0,12600
0.0,12601
0.0,12602
0.0,12603
0.0,12604
0.0,12605
0.0,12606
0.0,12607
0.0,12608
0.0,12609
0.0,12610
0.0,12611
0.0,12612
0.0,12613
0.0,12614
0.0,12615
816.9970479351259,12616
0.0,12617
0.0,12618
0.0,12619
0.0,12620
0.0,12621
0.0,12622
0.0,12623
0.0,12624
0.0,12625
0.0,12626
0.0,12627
0.0,12628
0.0,12629
0.0,12630
0.0,12631
0.0,12632
0.0,12633
0.0,12634
113.23619684888045,12635
0.0,12636
0.0,12637
0.0,12638
0.0,12639
0.0,12640
0.0,12641
0.0,12642
0.0,12643
0.0,12644
0.0,12645
0.0,12646
287.36967910993195,12647
0.0,12648
0.0,12649
0.0,12650
0.0,12651
0.0,12652
0.0,12653
0.0,12654
0.0,12655
0.0,12656
584.3811346156085,12657
0.0,12658
0.0,12659
0.0,12660
0.0,12661
0.0,12662
0.0,12663
0.0,12664
0.0,12665
0.0,12666
0.0,12667
0.0,12668
0.0,12669
0.0,12670
0.0,12671
0.0,12672
0.0,12673
0.0,12674
0.0,12675
2042.8264507749054,12676
0.0,12677
0.0,12678
0.0,12679
0.0,12680
0.0,12681
0.0,12682
0.0,12683
0.0,12684
0.0,12685
0.0,12686
0.0,12687
0.0,12688
0.0,12689
0.0,12690
0.0,12691
0.0,12692
0.0,12693
0.0,12694
0.0,12695
0.0,12696
0.0,12697
0.0,12698
0.0,12699
0.0,12700
0.0,12701
0.0,12702
0.0,12703
0.0,12704
0.0,12705
0.0,12706
0.0,12707
0.0,12708
0.0,12709
0.0,12710
0.0,12711
0.0,12712
0.0,12713
0.0,12714
0.0,12715
0.0,12716
0.0,12717
0.0,12718
0.0,12719
0.0,12720
0.0,12721
0.0,12722
0.0,12723
0.0,12724
0.0,12725
0.0,12726
0.0,12727
0.0,12728
0.0,12729
0.0,12730
0.0,12731
2182.61099451095,12732
0.0,12733
0.0,12734
0.0,12735
0.0,12736
0.0,12737
0.0,12738
0.0,12739
0.0,12740
0.0,12741
1007.8404089266279,12742
0.0,12743
0.0,12744
0.0,12745
0.0,12746
0.0,12747
0.0,12748
0.0,12749
0.0,12750
0.0,12751
0.0,12752
0.0,12753
0.0,12754
0.0,12755
0.0,12756
0.0,12757
0.0,12758
0.0,12759
0.0,12760
0.0,12761
0.0,12762
0.0,12763
0.0,12764
0.0,12765
0.0,12766
0.0,12767
0.0,12768
0.0,12769
0.0,12770
0.0,12771
0.0,12772
2186.7453610169996,12773
0.0,12774
0.0,12775
0.0,12776
0.0,12777
0.0,12778
0.0,12779
0.0,12780
0.0,12781
0.0,12782
0.0,12783
0.0,12784
0.0,12785
0.0,12786
0.0,12787
0.0,12788
0.0,12789
0.0,12790
0.0,12791
0.0,12792
0.0,12793
0.0,12794
0.0,12795
0.0,12796
0.0,12797
0.0,12798
0.0,12799
0.0,12800
0.0,12801
0.0,12802
0.0,12803
0.0,12804
0.0,12805
0.0,12806
0.0,12807
0.0,12808
0.0,12809
0.0,12810
0.0,12811
0.0,12812
0.0,12813
7934.88274997615,12814
0.0,12815
0.0,12816
0.0,12817
0.0,12818
0.0,12819
0.0,12820
0.0,12821
0.0,12822
0.0,12823
0.0,12824
0.0,12825
0.0,12826
0.0,12827
0.0,12828
0.0,12829
0.0,12830
0.0,12831
0.0,12832
0.0,12833
0.0,12834
0.0,12835
0.0,12836
0.0,12837
0.0,12838
0.0,12839
0.0,12840
0.0,12841
0.0,12842
0.0,12843
0.0,12844
1421.233455562086,12845
1009.5227496394065,12846
591.4784173113395,12847
0.0,12848
0.0,12849
966.4243165680779,12850
1291.326321421628,12851
1599.9276911224101,12852
861.0193020339196,12853
1649.444430053785,12854
0.0,12855
0.0,12856
0.0,12857
0.0,12858
0.0,12859
2622.3165116388104,12860
0.0,12861
0.0,12862
102.78168015697847,12863
0.0,12864
0.0,12865
3167.1501809280285,12866
0.0,12867
0.0,12868
0.0,12869
0.0,12870
0.0,12871
0.0,12872
0.0,12873
0.0,12874
0.0,12875
0.0,12876
0.0,12877
0.0,12878
0.0,12879
0.0,12880
0.0,12881
0.0,12882
0.0,12883
0.0,12884
0.0,12885
2439.1890268911984,12886
0.0,12887
2436.161758192618,12888
1945.0593637977317,12889
1906.7362465400604,12890
1907.6032710475017,12891
1942.6712972606397,12892
0.0,12893
3266.9762826911897,12894
1940.0527250807158,12895
1124.1709541404387,12896
0.0,12897
0.0,12898
0.0,12899
0.0,12900
0.0,12901
0.0,12902
0.0,12903
1046.6642447873216,12904
0.0,12905
0.0,12906
0.0,12907
0.0,12908
0.0,12909
0.0,12910
0.0,12911
32.29524157478372,12912
30.673085642624358,12913
0.0,12914
0.0,12915
0.0,12916
0.0,12917
0.0,12918
0.0,12919
0.0,12920
0.0,12921
0.0,12922
0.0,12923
0.0,12924
0.0,12925
0.0,12926
0.0,12927
0.0,12928
404.4718483835591,12929
0.0,12930
0.0,12931
381.7651518102605,12932
382.85750043222595,12933
0.0,12934
0.0,12935
0.0,12936
0.0,12937
0.0,12938
0.0,12939
0.0,12940
0.0,12941
795.9613506729631,12942
0.0,12943
0.0,12944
0.0,12945
1324.747179671459,12946
638.660589591846,12947
0.0,12948
0.0,12949
0.0,12950
254.58305398038496,12951
1892.7307081335716,12952
0.0,12953
3096.884818110229,12954
0.0,12955
0.0,12956
819.5247610663497,12957
1185.558249521576,12958
1184.2167386400138,12959
0.0,12960
852.5942695366067,12961
0.0,12962
188.03623872349914,12963
0.0,12964
0.0,12965
0.0,12966
0.0,12967
0.0,12968
0.0,12969
0.0,12970
0.0,12971
0.0,12972
0.0,12973
0.0,12974
0.0,12975
0.0,12976
0.0,12977
0.0,12978
0.0,12979
0.0,12980
0.0,12981
0.0,12982
0.0,12983
0.0,12984
0.0,12985
0.0,12986
0.0,12987
0.0,12988
1380.6197507149823,12989
0.0,12990
264.1956235636216,12991
0.0,12992
0.0,12993
0.0,12994
0.0,12995
0.0,12996
0.0,12997
115.10814426807244,12998
0.0,12999
0.0,13000
0.0,13001
0.0,13002
0.0,13003
0.0,13004
0.0,13005
0.0,13006
0.0,13007
0.0,13008
0.0,13009
0.0,13010
0.0,13011
0.0,13012
1258.930320488541,13013
0.0,13014
1272.502493700604,13015
45.78833270805908,13016
0.0,13017
0.0,13018
0.0,13019
41.82979052539327,13020
0.0,13021
0.0,13022
0.0,13023
0.0,13024
0.0,13025
0.0,13026
0.0,13027
0.0,13028
0.0,13029
0.0,13030
0.0,13031
0.0,13032
0.0,13033
1258.653209314626,13034
0.0,13035
0.0,13036
0.0,13037
0.0,13038
0.0,13039
0.0,13040
0.0,13041
0.0,13042
609.7130749559971,13043
1231.0495737959186,13044
0.0,13045
0.0,13046
0.0,13047
0.0,13048
2640.5837154161572,13049
0.0,13050
0.0,13051
0.0,13052
0.0,13053
0.0,13054
0.0,13055
0.0,13056
3103.571550017529,13057
0.0,13058
3517.5685707661805,13059
0.0,13060
0.0,13061
382.0644596373052,13062
0.0,13063
0.0,13064
0.0,13065
0.0,13066
0.0,13067
0.0,13068
4281.654101803228,13069
0.0,13070
0.0,13071
0.0,13072
0.0,13073
4280.862365951439,13074
0.0,13075
0.0,13076
0.0,13077
0.0,13078
0.0,13079
0.0,13080
0.0,13081
0.0,13082
0.0,13083
0.0,13084
0.0,13085
0.0,13086
0.0,13087
0.0,13088
0.0,13089
0.0,13090
0.0,13091
0.0,13092
0.0,13093
0.0,13094
0.0,13095
0.0,13096
0.0,13097
0.0,13098
0.0,13099
0.0,13100
0.0,13101
0.0,13102
0.0,13103
0.0,13104
0.0,13105
0.0,13106
0.0,13107
0.0,13108
0.0,13109
0.0,13110
0.0,13111
0.0,13112
0.0,13113
0.0,13114
0.0,13115
0.0,13116
0.0,13117
0.0,13118
0.0,13119
0.0,13120
0.0,13121
0.0,13122
0.0,13123
0.0,13124
0.0,13125
0.0,13126
0.0,13127
0.0,13128
0.0,13129
0.0,13130
0.0,13131
0.0,13132
0.0,13133
0.0,13134
0.0,13135
0.0,13136
0.0,13137
0.0,13138
0.0,13139
0.0,13140
0.0,13141
0.0,13142
0.0,13143
0.0,13144
0.0,13145
2916.217178451602,13146
0.0,13147
0.0,13148
0.0,13149
3173.9194497446892,13150
0.0,13151
0.0,13152
0.0,13153
0.0,13154
3179.43218050801,13155
0.0,13156
0.0,13157
0.0,13158
0.0,13159
0.0,13160
0.0,13161
0.0,13162
0.0,13163
0.0,13164
0.0,13165
0.0,13166
0.0,13167
0.0,13168
0.0,13169
0.0,13170
0.0,13171
0.0,13172
0.0,13173
0.0,13174
0.0,13175
0.0,13176
0.0,13177
0.0,13178
0.0,13179
0.0,13180
0.0,13181
0.0,13182
0.0,13183
0.0,13184
0.0,13185
0.0,13186
0.0,13187
0.0,13188
0.0,13189
0.0,13190
4113.059690649382,13191
0.0,13192
0.0,13193
0.0,13194
0.0,13195
0.0,13196
0.0,13197
0.0,13198
0.0,13199
0.0,13200
0.0,13201
0.0,13202
0.0,13203
0.0,13204
1891.5145144655235,13205
0.0,13206
0.0,13207
0.0,13208
0.0,13209
0.0,13210
1662.5107627088028,13211
0.0,13212
0.0,13213
0.0,13214
0.0,13215
0.0,13216
0.0,13217
0.0,13218
0.0,13219
0.0,13220
0.0,13221
0.0,13222
0.0,13223
0.0,13224
0.0,13225
0.0,13226
0.0,13227
0.0,13228
0.0,13229
311.6470015307068,13230
0.0,13231
0.0,13232
0.0,13233
0.0,13234
0.0,13235
0.0,13236
4382.594512688543,13237
0.0,13238
0.0,13239
0.0,13240
0.0,13241
0.0,13242
0.0,13243
0.0,13244
0.0,13245
0.0,13246
0.0,13247
0.0,13248
0.0,13249
0.0,13250
0.0,13251
0.0,13252
0.0,13253
0.0,13254
0.0,13255
0.0,13256
0.0,13257
0.0,13258
0.0,13259
0.0,13260
0.0,13261
0.0,13262
0.0,13263
0.0,13264
0.0,13265
0.0,13266
0.0,13267
0.0,13268
0.0,13269
0.0,13270
0.0,13271
0.0,13272
0.0,13273
0.0,13274
0.0,13275
0.0,13276
0.0,13277
0.0,13278
0.0,13279
0.0,13280
1163.1015408581811,13281
0.0,13282
0.0,13283
0.0,13284
0.0,13285
0.0,13286
1196.0214013169493,13287
0.0,13288
0.0,13289
0.0,13290
0.0,13291
1539.9858533983966,13292
0.0,13293
1540.2005576937595,13294
0.0,13295
0.0,13296
0.0,13297
0.0,13298
0.0,13299
0.0,13300
0.0,13301
0.0,13302
0.0,13303
75.11029564654612,13304
0.0,13305
0.0,13306
1540.3889049479324,13307
0.0,13308
0.0,13309
0.0,13310
0.0,13311
0.0,13312
1540.5753697997543,13313
0.0,13314
0.0,13315
0.0,13316
1540.7500958025155,13317
1540.9064836822722,13318
0.0,13319
0.0,13320
0.0,13321
1541.037210217161,13322
0.0,13323
0.0,13324
0.0,13325
0.0,13326
0.0,13327
0.0,13328
0.0,13329
1541.1356803339831,13330
1541.1969869283294,13331
0.0,13332
0.0,13333
0.0,13334
0.0,13335
0.0,13336
0.0,13337
362.0195752371975,13338
0.0,13339
0.0,13340
0.0,13341
1541.0800648832908,13342
1541.0148900937097,13343
0.0,13344
0.0,13345
0.0,13346
0.0,13347
2233.388575875415,13348
1295.522998935604,13349
1295.1455958803358,13350
0.0,13351
0.0,13352
656.5432718507222,13353
0.0,13354
0.0,13355
0.0,13356
0.0,13357
0.0,13358
2408.8403657362496,13359
0.0,13360
0.0,13361
0.0,13362
0.0,13363
0.0,13364
3418.8140944665574,13365
0.0,13366
293.67451902271256,13367
0.0,13368
0.0,13369
0.0,13370
0.0,13371
0.0,13372
0.0,13373
0.0,13374
0.0,13375
0.0,13376
0.0,13377
135.40829835303904,13378
0.0,13379
0.0,13380
0.0,13381
0.0,13382
133.915907905896,13383
0.0,13384
0.0,13385
0.0,13386
0.0,13387
0.0,13388
0.0,13389
0.0,13390
230.07692546367065,13391
0.0,13392
0.0,13393
0.0,13394
0.0,13395
0.0,13396
2741.9722082322082,13397
1120.655466160739,13398
0.0,13399
0.0,13400
1104.5791011331191,13401
0.0,13402
0.0,13403
0.0,13404
1103.3675044798674,13405
0.0,13406
0.0,13407
186.6637386809201,13408
0.0,13409
0.0,13410
0.0,13411
0.0,13412
0.0,13413
0.0,13414
0.0,13415
0.0,13416
0.0,13417
0.0,13418
1304.7386180788615,13419
0.0,13420
0.0,13421
0.0,13422
0.0,13423
0.0,13424
0.0,13425
0.0,13426
0.0,13427
0.0,13428
0.0,13429
0.0,13430
0.0,13431
0.0,13432
0.0,13433
0.0,13434
0.0,13435
0.0,13436
0.0,13437
0.0,13438
0.0,13439
0.0,13440
0.0,13441
0.0,13442
0.0,13443
0.0,13444
0.0,13445
0.0,13446
0.0,13447
0.0,13448
0.0,13449
0.0,13450
0.0,13451
0.0,13452
0.0,13453
0.0,13454
0.0,13455
0.0,13456
0.0,13457
0.0,13458
0.0,13459
0.0,13460
0.0,13461
0.0,13462
0.0,13463
0.0,13464
0.0,13465
0.0,13466
0.0,13467
0.0,13468
0.0,13469
0.0,13470
0.0,13471
0.0,13472
0.0,13473
0.0,13474
0.0,13475
0.0,13476
0.0,13477
0.0,13478
0.0,13479
0.0,13480
0.0,13481
958.8693858605316,13482
0.0,13483
0.0,13484
0.0,13485
0.0,13486
0.0,13487
0.0,13488
0.0,13489
0.0,13490
0.0,13491
0.0,13492
0.0,13493
0.0,13494
0.0,13495
0.0,13496
603.5234514545389,13497
0.0,13498
0.0,13499
0.0,13500
255.1882361237578,13501
0.0,13502
0.0,13503
254.14409191930596,13504
0.0,13505
0.0,13506
0.0,13507
1488.0512542911922,13508
0.0,13509
0.0,13510
1487.2818278551379,13511
1486.4651080781662,13512
0.0,13513
0.0,13514
0.0,13515
1075.9605543489267,13516
0.0,13517
0.0,13518
0.0,13519
0.0,13520
0.0,13521
0.0,13522
0.0,13523
0.0,13524
0.0,13525
0.0,13526
0.0,13527
0.0,13528
0.0,13529
0.0,13530
0.0,13531
0.0,13532
0.0,13533
0.0,13534
0.0,13535
0.0,13536
0.0,13537
0.0,13538
0.0,13539
0.0,13540
0.0,13541
0.0,13542
0.0,13543
1075.1943819096778,13544
0.0,13545
0.0,13546
0.0,13547
0.0,13548
0.0,13549
0.0,13550
0.0,13551
0.0,13552
0.0,13553
0.0,13554
0.0,13555
0.0,13556
0.0,13557
0.0,13558
0.0,13559
0.0,13560
0.0,13561
0.0,13562
0.0,13563
0.0,13564
0.0,13565
0.0,13566
0.0,13567
0.0,13568
1050.0958573259038,13569
0.0,13570
0.0,13571
0.0,13572
0.0,13573
0.0,13574
0.0,13575
0.0,13576
0.0,13577
0.0,13578
0.0,13579
0.0,13580
0.0,13581
0.0,13582
0.0,13583
0.0,13584
0.0,13585
0.0,13586
0.0,13587
0.0,13588
0.0,13589
0.0,13590
2584.1917236954755,13591
0.0,13592
0.0,13593
0.0,13594
0.0,13595
0.0,13596
0.0,13597
0.0,13598
0.0,13599
0.0,13600
0.0,13601
0.0,13602
0.0,13603
0.0,13604
0.0,13605
0.0,13606
0.0,13607
0.0,13608
0.0,13609
0.0,13610
0.0,13611
0.0,13612
0.0,13613
0.0,13614
0.0,13615
0.0,13616
0.0,13617
0.0,13618
0.0,13619
0.0,13620
0.0,13621
0.0,13622
0.0,13623
0.0,13624
0.0,13625
0.0,13626
0.0,13627
0.0,13628
1318.4865857671766,13629
0.0,13630
0.0,13631
247.63625273021168,13632
1480.5503469060995,13633
0.0,13634
1479.4793548782577,13635
0.0,13636
0.0,13637
0.0,13638
0.0,13639
0.0,13640
0.0,13641
0.0,13642
0.0,13643
0.0,13644
0.0,13645
0.0,13646
0.0,13647
0.0,13648
0.0,13649
0.0,13650
0.0,13651
1440.4626197046143,13652
0.0,13653
0.0,13654
0.0,13655
0.0,13656
0.0,13657
0.0,13658
0.0,13659
0.0,13660
0.0,13661
0.0,13662
0.0,13663
0.0,13664
0.0,13665
0.0,13666
0.0,13667
0.0,13668
0.0,13669
0.0,13670
0.0,13671
0.0,13672
0.0,13673
0.0,13674
0.0,13675
0.0,13676
0.0,13677
0.0,13678
0.0,13679
0.0,13680
0.0,13681
0.0,13682
0.0,13683
0.0,13684
0.0,13685
1546.7324503481275,13686
0.0,13687
0.0,13688
0.0,13689
0.0,13690
0.0,13691
0.0,13692
0.0,13693
0.0,13694
0.0,13695
0.0,13696
1042.7819057873905,13697
0.0,13698
241.7909506439993,13699
0.0,13700
0.0,13701
0.0,13702
0.0,13703
0.0,13704
0.0,13705
0.0,13706
0.0,13707
0.0,13708
0.0,13709
0.0,13710
0.0,13711
0.0,13712
0.0,13713
0.0,13714
0.0,13715
0.0,13716
0.0,13717
0.0,13718
0.0,13719
0.0,13720
0.0,13721
0.0,13722
0.0,13723
0.0,13724
0.0,13725
0.0,13726
0.0,13727
0.0,13728
1474.9691588077526,13729
0.0,13730
0.0,13731
0.0,13732
0.0,13733
0.0,13734
0.0,13735
0.0,13736
0.0,13737
0.0,13738
0.0,13739
0.0,13740
0.0,13741
4638.185804867057,13742
0.0,13743
3689.6598439408453,13744
0.0,13745
0.0,13746
0.0,13747
0.0,13748
0.0,13749
0.0,13750
0.0,13751
0.0,13752
0.0,13753
0.0,13754
0.0,13755
0.0,13756
0.0,13757
0.0,13758
0.0,13759
0.0,13760
0.0,13761
0.0,13762
0.0,13763
0.0,13764
0.0,13765
0.0,13766
0.0,13767
0.0,13768
0.0,13769
0.0,13770
0.0,13771
0.0,13772
1628.0229028429333,13773
0.0,13774
997.531284148374,13775
996.7419419749689,13776
0.0,13777
0.0,13778
3320.989477264036,13779
0.0,13780
1205.0911655924208,13781
0.0,13782
0.0,13783
0.0,13784
307.1114599608855,13785
0.0,13786
1046.4964892033634,13787
1045.650719657253,13788
304.39213752133736,13789
0.0,13790
0.0,13791
0.0,13792
0.0,13793
0.0,13794
0.0,13795
0.0,13796
0.0,13797
0.0,13798
13695.661872796689,13799
0.0,13800
0.0,13801
0.0,13802
0.0,13803
0.0,13804
0.0,13805
0.0,13806
0.0,13807
0.0,13808
0.0,13809
0.0,13810
0.0,13811
0.0,13812
0.0,13813
0.0,13814
0.0,13815
0.0,13816
0.0,13817
0.0,13818
0.0,13819
129.87396003356372,13820
130.27528045281608,13821
130.73978875575744,13822
0.0,13823
0.0,13824
0.0,13825
0.0,13826
0.0,13827
0.0,13828
0.0,13829
3656.3851522974164,13830
3656.9180343218054,13831
263.0438489061682,13832
263.91394661064516,13833
0.0,13834
365.14969543126574,13835
0.0,13836
300.43610666911724,13837
0.0,13838
0.0,13839
0.0,13840
0.0,13841
0.0,13842
0.0,13843
0.0,13844
0.0,13845
0.0,13846
0.0,13847
147.093545027926,13848
0.0,13849
0.0,13850
0.0,13851
0.0,13852
0.0,13853
0.0,13854
0.0,13855
0.0,13856
0.0,13857
2944.0005891108276,13858
0.0,13859
0.0,13860
0.0,13861
0.0,13862
0.0,13863
1950.2081799870734,13864
0.0,13865
0.0,13866
0.0,13867
0.0,13868
0.0,13869
0.0,13870
0.0,13871
0.0,13872
0.0,13873
0.0,13874
0.0,13875
0.0,13876
0.0,13877
0.0,13878
0.0,13879
0.0,13880
0.0,13881
0.0,13882
0.0,13883
0.0,13884
0.0,13885
0.0,13886
0.0,13887
0.0,13888
0.0,13889
0.0,13890
0.0,13891
0.0,13892
0.0,13893
0.0,13894
0.0,13895
0.0,13896
0.0,13897
0.0,13898
0.0,13899
0.0,13900
0.0,13901
0.0,13902
0.0,13903
0.0,13904
0.0,13905
0.0,13906
0.0,13907
0.0,13908
0.0,13909
0.0,13910
0.0,13911
0.0,13912
0.0,13913
0.0,13914
0.0,13915
0.0,13916
0.0,13917
0.0,13918
0.0,13919
269.48648944845553,13920
0.0,13921
0.0,13922
0.0,13923
0.0,13924
0.0,13925
0.0,13926
0.0,13927
0.0,13928
0.0,13929
0.0,13930
0.0,13931
0.0,13932
0.0,13933
0.0,13934
0.0,13935
0.0,13936
0.0,13937
0.0,13938
0.0,13939
0.0,13940
0.0,13941
0.0,13942
0.0,13943
0.0,13944
0.0,13945
0.0,13946
0.0,13947
0.0,13948
0.0,13949
0.0,13950
0.0,13951
0.0,13952
0.0,13953
0.0,13954
0.0,13955
0.0,13956
0.0,13957
0.0,13958
0.0,13959
0.0,13960
0.0,13961
0.0,13962
0.0,13963
0.0,13964
0.0,13965
0.0,13966
0.0,13967
0.0,13968
0.0,13969
0.0,13970
0.0,13971
0.0,13972
0.0,13973
0.0,13974
0.0,13975
522.8964658611187,13976
0.0,13977
0.0,13978
1169.2941130946936,13979
0.0,13980
0.0,13981
0.0,13982
0.0,13983
1338.984147706541,13984
0.0,13985
0.0,13986
0.0,13987
0.0,13988
0.0,13989
0.0,13990
0.0,13991
0.0,13992
0.0,13993
0.0,13994
0.0,13995
0.0,13996
0.0,13997
0.0,13998
0.0,13999
0.0,14000
0.0,14001
0.0,14002
0.0,14003
0.0,14004
3005.7189602254634,14005
0.0,14006
0.0,14007
0.0,14008
0.0,14009
0.0,14010
0.0,14011
0.0,14012
0.0,14013
0.0,14014
0.0,14015
0.0,14016
1342.848134139818,14017
0.0,14018
0.0,14019
0.0,14020
64.80589664246757,14021
0.0,14022
0.0,14023
0.0,14024
0.0,14025
0.0,14026
0.0,14027
0.0,14028
0.0,14029
0.0,14030
0.0,14031
0.0,14032
0.0,14033
0.0,14034
0.0,14035
0.0,14036
0.0,14037
0.0,14038
0.0,14039
0.0,14040
0.0,14041
0.0,14042
0.0,14043
0.0,14044
0.0,14045
0.0,14046
0.0,14047
0.0,14048
0.0,14049
0.0,14050
0.0,14051
0.0,14052
0.0,14053
0.0,14054
0.0,14055
0.0,14056
0.0,14057
0.0,14058
0.0,14059
0.0,14060
0.0,14061
0.0,14062
0.0,14063
0.0,14064
0.0,14065
0.0,14066
0.0,14067
0.0,14068
0.0,14069
0.0,14070
0.0,14071
0.0,14072
0.0,14073
0.0,14074
0.0,14075
0.0,14076
0.0,14077
0.0,14078
0.0,14079
0.0,14080
0.0,14081
0.0,14082
0.0,14083
0.0,14084
0.0,14085
0.0,14086
0.0,14087
0.0,14088
0.0,14089
0.0,14090
0.0,14091
0.0,14092
0.0,14093
0.0,14094
0.0,14095
0.0,14096
0.0,14097
0.0,14098
0.0,14099
0.0,14100
0.0,14101
0.0,14102
0.0,14103
710.019727480709,14104
0.0,14105
2003.3608736153653,14106
0.0,14107
0.0,14108
0.0,14109
263.69146636557343,14110
0.0,14111
0.0,14112
0.0,14113
0.0,14114
0.0,14115
0.0,14116
0.0,14117
0.0,14118
0.0,14119
0.0,14120
0.0,14121
0.0,14122
0.0,14123
0.0,14124
0.0,14125
0.0,14126
0.0,14127
0.0,14128
0.0,14129
0.0,14130
0.0,14131
0.0,14132
0.0,14133
0.0,14134
0.0,14135
0.0,14136
0.0,14137
0.0,14138
0.0,14139
0.0,14140
0.0,14141
0.0,14142
0.0,14143
0.0,14144
0.0,14145
0.0,14146
0.0,14147
0.0,14148
0.0,14149
0.0,14150
0.0,14151
0.0,14152
0.0,14153
0.0,14154
0.0,14155
0.0,14156
0.0,14157
0.0,14158
0.0,14159
0.0,14160
0.0,14161
0.0,14162
0.0,14163
0.0,14164
0.0,14165
0.0,14166
0.0,14167
0.0,14168
0.0,14169
0.0,14170
0.0,14171
0.0,14172
0.0,14173
0.0,14174
0.0,14175
0.0,14176
0.0,14177
0.0,14178
0.0,14179
0.0,14180
0.0,14181
0.0,14182
0.0,14183
0.0,14184
0.0,14185
0.0,14186
0.0,14187
0.0,14188
0.0,14189
0.0,14190
0.0,14191
4114.257413416357,14192
0.0,14193
0.0,14194
0.0,14195
0.0,14196
0.0,14197
0.0,14198
0.0,14199
0.0,14200
0.0,14201
0.0,14202
0.0,14203
0.0,14204
0.0,14205
0.0,14206
0.0,14207
0.0,14208
0.0,14209
0.0,14210
0.0,14211
0.0,14212
0.0,14213
0.0,14214
0.0,14215
278.83055540501056,14216
0.0,14217
1011.5080511048286,14218
0.0,14219
0.0,14220
0.0,14221
0.0,14222
616.780503251541,14223
0.0,14224
0.0,14225
0.0,14226
0.0,14227
0.0,14228
0.0,14229
1181.1515651149357,14230
0.0,14231
0.0,14232
0.0,14233
0.0,14234
0.0,14235
0.0,14236
0.0,14237
0.0,14238
0.0,14239
0.0,14240
0.0,14241
0.0,14242
0.0,14243
0.0,14244
0.0,14245
0.0,14246
0.0,14247
0.0,14248
0.0,14249
0.0,14250
0.0,14251
0.0,14252
0.0,14253
0.0,14254
0.0,14255
0.0,14256
0.0,14257
0.0,14258
657.1506891837199,14259
13362.92020271583,14260
0.0,14261
0.0,14262
0.0,14263
0.0,14264
0.0,14265
0.0,14266
0.0,14267
0.0,14268
0.0,14269
0.0,14270
0.0,14271
0.0,14272
0.0,14273
0.0,14274
0.0,14275
0.0,14276
0.0,14277
0.0,14278
0.0,14279
0.0,14280
0.0,14281
0.0,14282
0.0,14283
0.0,14284
0.0,14285
0.0,14286
0.0,14287
0.0,14288
0.0,14289
0.0,14290
0.0,14291
0.0,14292
0.0,14293
0.0,14294
0.0,14295
0.0,14296
0.0,14297
1014.3624576119648,14298
0.0,14299
0.0,14300
0.0,14301
0.0,14302
0.0,14303
0.0,14304
0.0,14305
0.0,14306
0.0,14307
0.0,14308
0.0,14309
0.0,14310
0.0,14311
1013.2597075014316,14312
0.0,14313
0.0,14314
0.0,14315
0.0,14316
0.0,14317
0.0,14318
0.0,14319
0.0,14320
0.0,14321
0.0,14322
0.0,14323
0.0,14324
0.0,14325
0.0,14326
0.0,14327
0.0,14328
0.0,14329
0.0,14330
0.0,14331
0.0,14332
0.0,14333
0.0,14334
0.0,14335
1951.793839167354,14336
0.0,14337
0.0,14338
0.0,14339
0.0,14340
0.0,14341
0.0,14342
0.0,14343
0.0,14344
0.0,14345
0.0,14346
0.0,14347
2523.995204817382,14348
0.0,14349
0.0,14350
0.0,14351
0.0,14352
0.0,14353
810.6553254133419,14354
0.0,14355
0.0,14356
0.0,14357
0.0,14358
1028.0821237550479,14359
0.0,14360
0.0,14361
0.0,14362
2010.2329122392584,14363
0.0,14364
0.0,14365
0.0,14366
0.0,14367
0.0,14368
0.0,14369
0.0,14370
0.0,14371
0.0,14372
0.0,14373
0.0,14374
304.4126842349805,14375
0.0,14376
0.0,14377
0.0,14378
0.0,14379
0.0,14380
0.0,14381
0.0,14382
0.0,14383
0.0,14384
0.0,14385
0.0,14386
0.0,14387
0.0,14388
0.0,14389
0.0,14390
0.0,14391
0.0,14392
0.0,14393
0.0,14394
0.0,14395
542.0088900735153,14396
75.37030634471817,14397
0.0,14398
0.0,14399
0.0,14400
0.0,14401
0.0,14402
0.0,14403
0.0,14404
0.0,14405
0.0,14406
0.0,14407
0.0,14408
0.0,14409
0.0,14410
0.0,14411
0.0,14412
0.0,14413
0.0,14414
0.0,14415
0.0,14416
0.0,14417
0.0,14418
0.0,14419
0.0,14420
0.0,14421
0.0,14422
0.0,14423
0.0,14424
0.0,14425
0.0,14426
0.0,14427
0.0,14428
0.0,14429
0.0,14430
481.23139563249237,14431
0.0,14432
0.0,14433
0.0,14434
0.0,14435
0.0,14436
1325.7275613189095,14437
0.0,14438
0.0,14439
0.0,14440
0.0,14441
0.0,14442
0.0,14443
478.61806817710857,14444
1366.8167074379269,14445
0.0,14446
0.0,14447
0.0,14448
0.0,14449
0.0,14450
0.0,14451
0.0,14452
0.0,14453
0.0,14454
0.0,14455
0.0,14456
0.0,14457
0.0,14458
0.0,14459
0.0,14460
0.0,14461
0.0,14462
0.0,14463
0.0,14464
0.0,14465
0.0,14466
0.0,14467
0.0,14468
0.0,14469
0.0,14470
0.0,14471
0.0,14472
362.63643405809387,14473
0.0,14474
0.0,14475
0.0,14476
92.23014592546966,14477
1763.6445273180311,14478
0.0,14479
1300.685347951605,14480
1819.655935971329,14481
0.0,14482
2052.5920054171693,14483
816.1347129127772,14484
2052.753178156214,14485
0.0,14486
0.0,14487
0.0,14488
0.0,14489
0.0,14490
0.0,14491
0.0,14492
0.0,14493
0.0,14494
0.0,14495
0.0,14496
0.0,14497
0.0,14498
0.0,14499
0.0,14500
0.0,14501
0.0,14502
0.0,14503
0.0,14504
0.0,14505
0.0,14506
0.0,14507
0.0,14508
0.0,14509
0.0,14510
0.0,14511
0.0,14512
0.0,14513
0.0,14514
0.0,14515
1107.5049898145894,14516
0.0,14517
0.0,14518
0.0,14519
0.0,14520
0.0,14521
0.0,14522
0.0,14523
0.0,14524
0.0,14525
0.0,14526
0.0,14527
0.0,14528
0.0,14529
0.0,14530
0.0,14531
0.0,14532
2213.5209380554966,14533
0.0,14534
0.0,14535
0.0,14536
0.0,14537
0.0,14538
0.0,14539
0.0,14540
0.0,14541
0.0,14542
0.0,14543
0.0,14544
0.0,14545
13340.809038632633,14546
0.0,14547
0.0,14548
0.0,14549
0.0,14550
0.0,14551
0.0,14552
0.0,14553
0.0,14554
0.0,14555
0.0,14556
0.0,14557
0.0,14558
0.0,14559
1819.9493357264328,14560
0.0,14561
0.0,14562
0.0,14563
0.0,14564
0.0,14565
0.0,14566
0.0,14567
0.0,14568
0.0,14569
158.6273106515459,14570
0.0,14571
0.0,14572
0.0,14573
0.0,14574
0.0,14575
6226.915955245844,14576
0.0,14577
6292.607139234385,14578
0.0,14579
0.0,14580
0.0,14581
0.0,14582
0.0,14583
1388.177790599122,14584
2649.942437019049,14585
0.0,14586
0.0,14587
0.0,14588
0.0,14589
0.0,14590
0.0,14591
0.0,14592
1261.0499131628992,14593
0.0,14594
0.0,14595
0.0,14596
2071.7790353238533,14597
0.0,14598
0.0,14599
0.0,14600
0.0,14601
1330.4699863318676,14602
0.0,14603
0.0,14604
0.0,14605
0.0,14606
0.0,14607
0.0,14608
0.0,14609
0.0,14610
0.0,14611
0.0,14612
121.12408440505499,14613
0.0,14614
1280.6383281475728,14615
0.0,14616
0.0,14617
0.0,14618
0.0,14619
1257.9008440055122,14620
0.0,14621
0.0,14622
0.0,14623
0.0,14624
0.0,14625
0.0,14626
0.0,14627
0.0,14628
0.0,14629
0.0,14630
0.0,14631
0.0,14632
0.0,14633
0.0,14634
0.0,14635
0.0,14636
0.0,14637
0.0,14638
0.0,14639
0.0,14640
0.0,14641
0.0,14642
0.0,14643
0.0,14644
0.0,14645
0.0,14646
0.0,14647
0.0,14648
0.0,14649
0.0,14650
0.0,14651
0.0,14652
0.0,14653
0.0,14654
0.0,14655
0.0,14656
0.0,14657
0.0,14658
0.0,14659
64.27739835721819,14660
0.0,14661
0.0,14662
0.0,14663
0.0,14664
0.0,14665
0.0,14666
0.0,14667
0.0,14668
0.0,14669
0.0,14670
0.0,14671
0.0,14672
0.0,14673
0.0,14674
0.0,14675
0.0,14676
0.0,14677
0.0,14678
0.0,14679
0.0,14680
0.0,14681
0.0,14682
0.0,14683
0.0,14684
0.0,14685
0.0,14686
0.0,14687
0.0,14688
0.0,14689
0.0,14690
0.0,14691
0.0,14692
0.0,14693
0.0,14694
0.0,14695
831.3230825837255,14696
0.0,14697
0.0,14698
0.0,14699
0.0,14700
979.0591180067576,14701
0.0,14702
0.0,14703
0.0,14704
0.0,14705
0.0,14706
0.0,14707
0.0,14708
0.0,14709
0.0,14710
0.0,14711
631.825619819411,14712
0.0,14713
0.0,14714
959.9577864465974,14715
3783.6253217764433,14716
0.0,14717
0.0,14718
0.0,14719
0.0,14720
0.0,14721
0.0,14722
0.0,14723
0.0,14724
1079.4587903030906,14725
0.0,14726
0.0,14727
0.0,14728
0.0,14729
0.0,14730
0.0,14731
0.0,14732
0.0,14733
0.0,14734
2028.258409203371,14735
0.0,14736
0.0,14737
0.0,14738
38.82078575895315,14739
0.0,14740
0.0,14741
0.0,14742
0.0,14743
0.0,14744
0.0,14745
0.0,14746
0.0,14747
0.0,14748
0.0,14749
0.0,14750
0.0,14751
0.0,14752
2253.7300554999697,14753
3660.397314171736,14754
0.0,14755
0.0,14756
0.0,14757
0.0,14758
0.0,14759
0.0,14760
0.0,14761
0.0,14762
0.0,14763
0.0,14764
0.0,14765
0.0,14766
1369.0905566740896,14767
0.0,14768
0.0,14769
4070.7607281835208,14770
0.0,14771
9443.558867797812,14772
1170.8931114631184,14773
2775.595804785475,14774
262.0429814158762,14775
0.0,14776
0.0,14777
0.0,14778
0.0,14779
0.0,14780
0.0,14781
0.0,14782
0.0,14783
0.0,14784
0.0,14785
1625.5094202918694,14786
0.0,14787
0.0,14788
0.0,14789
0.0,14790
0.0,14791
0.0,14792
0.0,14793
0.0,14794
0.0,14795
0.0,14796
0.0,14797
0.0,14798
0.0,14799
0.0,14800
1983.9606740793713,14801
452.74786896417834,14802
0.0,14803
0.0,14804
0.0,14805
0.0,14806
3958.6284846659355,14807
0.0,14808
0.0,14809
0.0,14810
0.0,14811
0.0,14812
1787.1670580296625,14813
0.0,14814
0.0,14815
0.0,14816
0.0,14817
0.0,14818
0.0,14819
0.0,14820
1246.0424587900607,14821
1847.7298393905999,14822
397.94537581189,14823
0.0,14824
1155.272215076763,14825
0.0,14826
0.0,14827
0.0,14828
1612.5436869874748,14829
0.0,14830
1611.3225508729618,14831
0.0,14832
0.0,14833
0.0,14834
0.0,14835
0.0,14836
0.0,14837
0.0,14838
0.0,14839
0.0,14840
1421.8635737497802,14841
106.04635590067586,14842
0.0,14843
0.0,14844
0.0,14845
0.0,14846
0.0,14847
0.0,14848
0.0,14849
1318.9890418760638,14850
0.0,14851
0.0,14852
0.0,14853
0.0,14854
602.2547869943608,14855
0.0,14856
0.0,14857
0.0,14858
0.0,14859
1584.7477763798197,14860
131.60641600150512,14861
116.24494144212625,14862
4164.714810946722,14863
0.0,14864
0.0,14865
0.0,14866
0.0,14867
0.0,14868
1068.1049110830436,14869
2285.945387802476,14870
922.1217322109876,14871
2286.774307377136,14872
0.0,14873
4733.230281001051,14874
0.0,14875
1548.4388858004272,14876
0.0,14877
0.0,14878
0.0,14879
0.0,14880
0.0,14881
0.0,14882
645.6294898363321,14883
1390.0636876084193,14884
0.0,14885
0.0,14886
0.0,14887
0.0,14888
0.0,14889
0.0,14890
0.0,14891
0.0,14892
0.0,14893
0.0,14894
0.0,14895
0.0,14896
0.0,14897
0.0,14898
0.0,14899
0.0,14900
0.0,14901
0.0,14902
0.0,14903
0.0,14904
0.0,14905
0.0,14906
0.0,14907
0.0,14908
0.0,14909
0.0,14910
0.0,14911
0.0,14912
0.0,14913
2509.510333684089,14914
220.80462803432215,14915
0.0,14916
0.0,14917
0.0,14918
0.0,14919
0.0,14920
958.6959731353581,14921
2319.8788765888667,14922
2318.3634601576214,14923
0.0,14924
0.0,14925
0.0,14926
2383.289387578847,14927
0.0,14928
2768.166652488812,14929
0.0,14930
0.0,14931
0.0,14932
0.0,14933
0.0,14934
0.0,14935
0.0,14936
0.0,14937
0.0,14938
4195.8161964715055,14939
0.0,14940
1647.8058243861913,14941
0.0,14942
0.0,14943
0.0,14944
0.0,14945
0.0,14946
0.0,14947
1073.3618105907212,14948
912.8592057794909,14949
0.0,14950
99.80149775651168,14951
0.0,14952
0.0,14953
0.0,14954
5.09448463273507,14955
667.5703514478989,14956
0.0,14957
40.91786482185427,14958
0.0,14959
0.0,14960
0.0,14961
0.0,14962
0.0,14963
0.0,14964
0.0,14965
0.0,14966
0.0,14967
743.9412602573868,14968
0.0,14969
0.0,14970
0.0,14971
0.0,14972
0.0,14973
0.0,14974
0.0,14975
0.0,14976
0.0,14977
0.0,14978
0.0,14979
0.0,14980
0.0,14981
0.0,14982
0.0,14983
2354.1830597050803,14984
0.0,14985
0.0,14986
0.0,14987
2088.2852578350016,14988
3461.557827974537,14989
0.0,14990
0.0,14991
0.0,14992
5980.584838023096,14993
4413.488456157667,14994
4059.161913248145,14995
0.0,14996
5491.866290029337,14997
0.0,14998
2653.626919834475,14999
0.0,15000
0.0,15001
0.0,15002
1374.001951981697,15003
0.0,15004
0.0,15005
0.0,15006
0.0,15007
0.0,15008
0.0,15009
0.0,15010
2761.9503254660017,15011
0.0,15012
0.0,15013
0.0,15014
0.0,15015
4665.177328861529,15016
0.0,15017
2086.423755185944,15018
0.0,15019
0.0,15020
0.0,15021
1316.771491380245,15022
0.0,15023
0.0,15024
548.0186960238392,15025
0.0,15026
0.0,15027
0.0,15028
0.0,15029
0.0,15030
0.0,15031
4133.439598510181,15032
8796.38284316991,15033
1299.5918199556781,15034
0.0,15035
0.0,15036
0.0,15037
0.0,15038
0.0,15039
1690.0070776193393,15040
1690.1877413604764,15041
0.0,15042
0.0,15043
0.0,15044
0.0,15045
0.0,15046
0.0,15047
0.0,15048
0.0,15049
672.1671320563644,15050
0.0,15051
0.0,15052
2557.591072075963,15053
2556.546703629903,15054
2555.4885076022706,15055
0.0,15056
2063.996480796211,15057
3116.0699498187123,15058
2553.822701999785,15059
0.0,15060
0.0,15061
2129.4230257598138,15062
0.0,15063
0.0,15064
0.0,15065
0.0,15066
0.0,15067
0.0,15068
0.0,15069
2034.1795564362192,15070
230.50068144366182,15071
0.0,15072
231.13745994801013,15073
1121.7539338984654,15074
176.97038348094657,15075
0.0,15076
0.0,15077
1687.1255831663914,15078
0.0,15079
52.732223303352946,15080
847.9380859939366,15081
0.0,15082
556.1447610759234,15083
0.0,15084
0.0,15085
0.0,15086
363.1916076457504,15087
0.0,15088
0.0,15089
293.4233487065476,15090
0.0,15091
0.0,15092
0.0,15093
0.0,15094
0.0,15095
1336.984525952669,15096
0.0,15097
2038.258830333901,15098
0.0,15099
0.0,15100
0.0,15101
980.0733285833944,15102
2264.456696818292,15103
0.0,15104
0.0,15105
0.0,15106
0.0,15107
0.0,15108
2609.2034340221408,15109
0.0,15110
0.0,15111
0.0,15112
0.0,15113
0.0,15114
0.0,15115
0.0,15116
0.0,15117
0.0,15118
0.0,15119
0.0,15120
0.0,15121
0.0,15122
0.0,15123
0.0,15124
0.0,15125
0.0,15126
0.0,15127
0.0,15128
0.0,15129
0.0,15130
0.0,15131
0.0,15132
0.0,15133
0.0,15134
0.0,15135
0.0,15136
4411.192705154648,15137
0.0,15138
0.0,15139
0.0,15140
0.0,15141
0.0,15142
0.0,15143
4920.083173826042,15144
0.0,15145
0.0,15146
0.0,15147
0.0,15148
0.0,15149
0.0,15150
0.0,15151
4298.024621877563,15152
0.0,15153
0.0,15154
0.0,15155
0.0,15156
0.0,15157
0.0,15158
0.0,15159
2715.0013807611576,15160
0.0,15161
1125.059371939783,15162
1125.862117984182,15163
0.0,15164
0.0,15165
0.0,15166
0.0,15167
0.0,15168
0.0,15169
0.0,15170
820.9640544566813,15171
819.2850811217887,15172
0.0,15173
0.0,15174
0.0,15175
0.0,15176
0.0,15177
217.14183396155207,15178
0.0,15179
0.0,15180
0.0,15181
0.0,15182
0.0,15183
0.0,15184
0.0,15185
0.0,15186
0.0,15187
0.0,15188
0.0,15189
0.0,15190
0.0,15191
0.0,15192
0.0,15193
0.0,15194
0.0,15195
0.0,15196
0.0,15197
0.0,15198
0.0,15199
0.0,15200
0.0,15201
0.0,15202
0.0,15203
0.0,15204
0.0,15205
0.0,15206
0.0,15207
0.0,15208
0.0,15209
0.0,15210
0.0,15211
0.0,15212
0.0,15213
0.0,15214
0.0,15215
0.0,15216
221.20945394036977,15217
0.0,15218
0.0,15219
0.0,15220
0.0,15221
0.0,15222
0.0,15223
0.0,15224
0.0,15225
0.0,15226
0.0,15227
0.0,15228
0.0,15229
0.0,15230
0.0,15231
0.0,15232
4829.345543268504,15233
0.0,15234
0.0,15235
0.0,15236
0.0,15237
0.0,15238
0.0,15239
0.0,15240
0.0,15241
2019.0859803687279,15242
0.0,15243
0.0,15244
0.0,15245
0.0,15246
0.0,15247
0.0,15248
0.0,15249
0.0,15250
311.40919780104343,15251
0.0,15252
0.0,15253
0.0,15254
0.0,15255
0.0,15256
0.0,15257
0.0,15258
0.0,15259
0.0,15260
0.0,15261
0.0,15262
0.0,15263
0.0,15264
1467.6725570683448,15265
0.0,15266
0.0,15267
0.0,15268
0.0,15269
0.0,15270
0.0,15271
1195.4658761857072,15272
0.0,15273
0.0,15274
0.0,15275
23.060556088004308,15276
0.0,15277
734.9595625020154,15278
0.0,15279
0.0,15280
0.0,15281
0.0,15282
0.0,15283
0.0,15284
0.0,15285
0.0,15286
0.0,15287
0.0,15288
0.0,15289
0.0,15290
0.0,15291
0.0,15292
0.0,15293
0.0,15294
0.0,15295
1019.2562206390917,15296
0.0,15297
0.0,15298
0.0,15299
0.0,15300
0.0,15301
0.0,15302
0.0,15303
0.0,15304
1149.4785008297313,15305
0.0,15306
0.0,15307
0.0,15308
0.0,15309
0.0,15310
0.0,15311
0.0,15312
0.0,15313
0.0,15314
0.0,15315
0.0,15316
0.0,15317
0.0,15318
0.0,15319
0.0,15320
0.0,15321
2508.416391377215,15322
2157.3742402018265,15323
0.0,15324
528.8214378742646,15325
1579.120151656885,15326
0.0,15327
0.0,15328
2006.482401620584,15329
0.0,15330
0.0,15331
0.0,15332
66.4029853573822,15333
0.0,15334
0.0,15335
0.0,15336
0.0,15337
0.0,15338
0.0,15339
0.0,15340
0.0,15341
0.0,15342
0.0,15343
0.0,15344
0.0,15345
0.0,15346
0.0,15347
784.6658395571421,15348
930.2403250923855,15349
0.0,15350
785.5293529009784,15351
0.0,15352
0.0,15353
0.0,15354
0.0,15355
5538.495421273755,15356
0.0,15357
0.0,15358
0.0,15359
0.0,15360
0.0,15361
0.0,15362
0.0,15363
0.0,15364
931.7511196007068,15365
0.0,15366
0.0,15367
0.0,15368
0.0,15369
0.0,15370
0.0,15371
0.0,15372
0.0,15373
0.0,15374
0.0,15375
0.0,15376
0.0,15377
0.0,15378
0.0,15379
0.0,15380
0.0,15381
0.0,15382
0.0,15383
0.0,15384
0.0,15385
0.0,15386
0.0,15387
0.0,15388
0.0,15389
0.0,15390
0.0,15391
967.3682528887289,15392
0.0,15393
0.0,15394
0.0,15395
0.0,15396
0.0,15397
0.0,15398
0.0,15399
0.0,15400
0.0,15401
0.0,15402
0.0,15403
0.0,15404
0.0,15405
0.0,15406
933.3025450877475,15407
0.0,15408
0.0,15409
0.0,15410
0.0,15411
5538.393660406106,15412
0.0,15413
0.0,15414
0.0,15415
0.0,15416
0.0,15417
0.0,15418
0.0,15419
0.0,15420
0.0,15421
0.0,15422
0.0,15423
0.0,15424
0.0,15425
0.0,15426
0.0,15427
0.0,15428
0.0,15429
0.0,15430
0.0,15431
0.0,15432
0.0,15433
0.0,15434
0.0,15435
0.0,15436
0.0,15437
0.0,15438
0.0,15439
0.0,15440
0.0,15441
0.0,15442
0.0,15443
0.0,15444
0.0,15445
0.0,15446
0.0,15447
0.0,15448
0.0,15449
0.0,15450
0.0,15451
0.0,15452
0.0,15453
0.0,15454
0.0,15455
0.0,15456
0.0,15457
0.0,15458
0.0,15459
0.0,15460
0.0,15461
0.0,15462
0.0,15463
0.0,15464
0.0,15465
0.0,15466
0.0,15467
0.0,15468
0.0,15469
0.0,15470
0.0,15471
0.0,15472
0.0,15473
0.0,15474
0.0,15475
0.0,15476
0.0,15477
0.0,15478
0.0,15479
0.0,15480
0.0,15481
0.0,15482
0.0,15483
0.0,15484
325.1255925278465,15485
0.0,15486
0.0,15487
0.0,15488
0.0,15489
0.0,15490
0.0,15491
0.0,15492
0.0,15493
0.0,15494
0.0,15495
0.0,15496
0.0,15497
0.0,15498
0.0,15499
0.0,15500
0.0,15501
0.0,15502
0.0,15503
0.0,15504
0.0,15505
0.0,15506
0.0,15507
0.0,15508
0.0,15509
0.0,15510
0.0,15511
0.0,15512
0.0,15513
0.0,15514
0.0,15515
0.0,15516
936.1106746736123,15517
0.0,15518
0.0,15519
0.0,15520
0.0,15521
0.0,15522
0.0,15523
0.0,15524
0.0,15525
0.0,15526
0.0,15527
0.0,15528
0.0,15529
0.0,15530
0.0,15531
0.0,15532
0.0,15533
0.0,15534
0.0,15535
0.0,15536
0.0,15537
0.0,15538
0.0,15539
0.0,15540
0.0,15541
0.0,15542
0.0,15543
0.0,15544
0.0,15545
0.0,15546
0.0,15547
0.0,15548
0.0,15549
0.0,15550
701.5543442381942,15551
0.0,15552
0.0,15553
0.0,15554
0.0,15555
0.0,15556
0.0,15557
0.0,15558
0.0,15559
0.0,15560
0.0,15561
0.0,15562
0.0,15563
0.0,15564
0.0,15565
0.0,15566
0.0,15567
0.0,15568
0.0,15569
0.0,15570
0.0,15571
0.0,15572
0.0,15573
0.0,15574
0.0,15575
0.0,15576
0.0,15577
702.9744655830244,15578
0.0,15579
0.0,15580
0.0,15581
1987.3298990885314,15582
1412.740282480076,15583
2379.148793547757,15584
2377.457395685308,15585
0.0,15586
2375.821945755114,15587
1908.8413997721466,15588
0.0,15589
0.0,15590
0.0,15591
0.0,15592
0.0,15593
0.0,15594
0.0,15595
911.8888354904725,15596
0.0,15597
0.0,15598
0.0,15599
0.0,15600
0.0,15601
914.6934948152656,15602
0.0,15603
0.0,15604
0.0,15605
0.0,15606
0.0,15607
0.0,15608
0.0,15609
0.0,15610
0.0,15611
0.0,15612
704.6778252062344,15613
3356.18413851405,15614
1414.4868504908716,15615
0.0,15616
0.0,15617
0.0,15618
0.0,15619
0.0,15620
0.0,15621
0.0,15622
0.0,15623
0.0,15624
0.0,15625
0.0,15626
0.0,15627
0.0,15628
0.0,15629
0.0,15630
11785.75650292303,15631
0.0,15632
0.0,15633
2951.352820928501,15634
4410.913115110839,15635
0.0,15636
0.0,15637
0.0,15638
5216.7927777569,15639
743.7632012285281,15640
2678.6087034953075,15641
0.0,15642
0.0,15643
0.0,15644
0.0,15645
0.0,15646
103.83029690368497,15647
0.0,15648
0.0,15649
2077.149179469102,15650
0.0,15651
2612.9876864738676,15652
2615.4167609736833,15653
2617.8017421634336,15654
0.0,15655
0.0,15656
0.0,15657
2674.5925162117496,15658
0.0,15659
0.0,15660
0.0,15661
0.0,15662
825.7400431366863,15663
276.42870689180086,15664
0.0,15665
0.0,15666
0.0,15667
497.62085282578283,15668
1070.5095281092772,15669
0.0,15670
1839.6876228227732,15671
1271.9808113661543,15672
1429.7654272695281,15673
1789.2434652000823,15674
0.0,15675
0.0,15676
0.0,15677
3626.613225688351,15678
0.0,15679
1428.811152455868,15680
769.343656940152,15681
1531.5330421593683,15682
0.0,15683
0.0,15684
1823.2267659610789,15685
1766.869766979027,15686
2109.8611385639015,15687
0.0,15688
345.2525301766566,15689
1369.141482681825,15690
0.0,15691
1369.325561203001,15692
1463.2632216882391,15693
0.0,15694
0.0,15695
0.0,15696
0.0,15697
0.0,15698
55.511556919839,15699
0.0,15700
0.0,15701
2195.4136177745477,15702
1272.738768974598,15703
1193.313227037292,15704
0.0,15705
0.0,15706
0.0,15707
0.0,15708
643.8764050958237,15709
590.1473981573744,15710
0.0,15711
0.0,15712
2026.301555470299,15713
0.0,15714
0.0,15715
0.0,15716
0.0,15717
0.0,15718
0.0,15719
0.0,15720
0.0,15721
0.0,15722
0.0,15723
0.0,15724
0.0,15725
0.0,15726
0.0,15727
634.1048156982613,15728
0.0,15729
0.0,15730
0.0,15731
995.6907619999124,15732
0.0,15733
1517.2658685956803,15734
0.0,15735
994.0618668329072,15736
0.0,15737
0.0,15738
0.0,15739
992.2940359787351,15740
990.5066628553744,15741
1887.1247696943592,15742
985.9999344887492,15743
0.0,15744
0.0,15745
0.0,15746
0.0,15747
0.0,15748
0.0,15749
0.0,15750
0.0,15751
0.0,15752
0.0,15753
818.0861753189201,15754
866.1292228814709,15755
0.0,15756
0.0,15757
0.0,15758
0.0,15759
0.0,15760
0.0,15761
0.0,15762
0.0,15763
113.350075236671,15764
0.0,15765
0.0,15766
0.0,15767
0.0,15768
0.0,15769
0.0,15770
0.0,15771
0.0,15772
0.0,15773
0.0,15774
0.0,15775
0.0,15776
6352.346201847311,15777
0.0,15778
0.0,15779
0.0,15780
270.4061919943608,15781
271.6496369380811,15782
2581.989068423343,15783
3838.786710186609,15784
208.25113714238142,15785
0.0,15786
0.0,15787
736.7510595359076,15788
298.284911431651,15789
3442.608318665506,15790
299.7123834532714,15791
0.0,15792
0.0,15793
0.0,15794
0.0,15795
0.0,15796
0.0,15797
0.0,15798
0.0,15799
0.0,15800
0.0,15801
0.0,15802
0.0,15803
0.0,15804
0.0,15805
0.0,15806
0.0,15807
0.0,15808
0.0,15809
0.0,15810
0.0,15811
0.0,15812
0.0,15813
0.0,15814
0.0,15815
0.0,15816
0.0,15817
0.0,15818
0.0,15819
0.0,15820
0.0,15821
0.0,15822
0.0,15823
0.0,15824
0.0,15825
0.0,15826
0.0,15827
0.0,15828
0.0,15829
3040.2361047902345,15830
1224.3272910965281,15831
0.0,15832
0.0,15833
0.0,15834
0.0,15835
0.0,15836
0.0,15837
0.0,15838
0.0,15839
0.0,15840
0.0,15841
0.0,15842
0.0,15843
1951.239229490204,15844
0.0,15845
0.0,15846
0.0,15847
0.0,15848
0.0,15849
0.0,15850
2277.5952241487403,15851
0.0,15852
5802.233482460595,15853
1461.6210854062099,15854
1459.3584708301275,15855
1457.0512874640815,15856
1016.1506091067109,15857
0.0,15858
1696.9062922844903,15859
343.15716637787415,15860
0.0,15861
0.0,15862
2696.0973710278295,15863
1795.6644486012358,15864
2847.070658662664,15865
0.0,15866
1973.0095823164902,15867
0.0,15868
1083.77678510575,15869
1083.4938713130955,15870
0.0,15871
0.0,15872
0.0,15873
6462.657814240768,15874
2612.6051567544523,15875
0.0,15876
4604.361476637524,15877
0.0,15878
2114.640289366046,15879
0.0,15880
0.0,15881
3184.1738722756168,15882
0.0,15883
1932.32568169071,15884
0.0,15885
0.0,15886
2024.2508640464803,15887
0.0,15888
2024.408577435976,15889
2424.4245858682602,15890
0.0,15891
401.18753996329156,15892
0.0,15893
0.0,15894
396.88231827267316,15895
677.3182322042408,15896
0.0,15897
1077.7106391875582,15898
138.23281864304676,15899
1483.4258339134133,15900
759.9812584848524,15901
0.0,15902
1410.3511053904715,15903
1684.076111171516,15904
0.0,15905
4241.814709848714,15906
4651.9334780452355,15907
4652.024649121183,15908
4315.703652058081,15909
0.0,15910
0.0,15911
0.0,15912
0.0,15913
0.0,15914
0.0,15915
0.0,15916
0.0,15917
582.2274258290021,15918
0.0,15919
0.0,15920
626.7069259306232,15921
626.5865967358009,15922
0.0,15923
0.0,15924
844.162804835196,15925
0.0,15926
0.0,15927
0.0,15928
4.355805117428542,15929
479.732811725188,15930
0.0,15931
0.0,15932
0.0,15933
0.0,15934
0.0,15935
0.0,15936
0.0,15937
0.0,15938
0.0,15939
0.0,15940
0.0,15941
0.0,15942
0.0,15943
1109.4636030248782,15944
3719.5659265923287,15945
7317.9687996321145,15946
0.0,15947
2016.0926291051717,15948
0.0,15949
0.0,15950
0.0,15951
0.0,15952
0.0,15953
0.0,15954
0.0,15955
0.0,15956
0.0,15957
0.0,15958
0.0,15959
1557.8496049594494,15960
0.0,15961
0.0,15962
0.0,15963
0.0,15964
0.0,15965
0.0,15966
0.0,15967
0.0,15968
0.0,15969
0.0,15970
0.0,15971
0.0,15972
0.0,15973
0.0,15974
0.0,15975
0.0,15976
0.0,15977
0.0,15978
0.0,15979
0.0,15980
0.0,15981
0.0,15982
0.0,15983
0.0,15984
0.0,15985
0.0,15986
0.0,15987
0.0,15988
0.0,15989
0.0,15990
0.0,15991
0.0,15992
0.0,15993
0.0,15994
0.0,15995
0.0,15996
0.0,15997
0.0,15998
0.0,15999
0.0,16000
0.0,16001
0.0,16002
0.0,16003
0.0,16004
0.0,16005
0.0,16006
0.0,16007
0.0,16008
0.0,16009
0.0,16010
0.0,16011
0.0,16012
0.0,16013
0.0,16014
0.0,16015
0.0,16016
0.0,16017
0.0,16018
0.0,16019
0.0,16020
0.0,16021
0.0,16022
0.0,16023
0.0,16024
0.0,16025
0.0,16026
0.0,16027
0.0,16028
0.0,16029
0.0,16030
0.0,16031
0.0,16032
0.0,16033
0.0,16034
0.0,16035
0.0,16036
0.0,16037
0.0,16038
0.0,16039
0.0,16040
1250.518333490997,16041
2099.306343241042,16042
0.0,16043
0.0,16044
0.0,16045
0.0,16046
0.0,16047
1456.5048584213766,16048
0.0,16049
0.0,16050
0.0,16051
0.0,16052
0.0,16053
0.0,16054
0.0,16055
0.0,16056
0.0,16057
0.0,16058
0.0,16059
0.0,16060
0.0,16061
0.0,16062
0.0,16063
0.0,16064
2648.8213247940585,16065
2347.0814370635885,16066
0.0,16067
2350.7476292890387,16068
0.0,16069
0.0,16070
0.0,16071
0.0,16072
1754.4093067988822,16073
1063.7195204926697,16074
0.0,16075
0.0,16076
0.0,16077
0.0,16078
0.0,16079
0.0,16080
0.0,16081
0.0,16082
0.0,16083
0.0,16084
0.0,16085
0.0,16086
0.0,16087
0.0,16088
0.0,16089
4362.281640518773,16090
0.0,16091
0.0,16092
464.1852208584453,16093
108.84429373716664,16094
107.21290850222134,16095
105.67218831864187,16096
0.0,16097
2756.0684751356093,16098
0.0,16099
1982.8518907861826,16100
598.7066972395338,16101
0.0,16102
0.0,16103
0.0,16104
0.0,16105
2796.7113353705154,16106
3793.5858291203754,16107
0.0,16108
0.0,16109
0.0,16110
0.0,16111
0.0,16112
3135.5027950945964,16113
0.0,16114
0.0,16115
0.0,16116
0.0,16117
0.0,16118
0.0,16119
0.0,16120
0.0,16121
0.0,16122
0.0,16123
0.0,16124
0.0,16125
0.0,16126
0.0,16127
0.0,16128
0.0,16129
0.0,16130
0.0,16131
0.0,16132
0.0,16133
0.0,16134
0.0,16135
0.0,16136
0.0,16137
3516.428911193277,16138
3377.6895068392796,16139
0.0,16140
0.0,16141
0.0,16142
0.0,16143
0.0,16144
0.0,16145
1408.2126005693249,16146
0.0,16147
0.0,16148
0.0,16149
0.0,16150
0.0,16151
0.0,16152
0.0,16153
0.0,16154
0.0,16155
0.0,16156
0.0,16157
0.0,16158
822.0060402618623,16159
0.0,16160
0.0,16161
0.0,16162
0.0,16163
0.0,16164
0.0,16165
0.0,16166
0.0,16167
0.0,16168
0.0,16169
0.0,16170
0.0,16171
0.0,16172
0.0,16173
0.0,16174
0.0,16175
0.0,16176
2530.2068907742005,16177
0.0,16178
0.0,16179
0.0,16180
0.0,16181
0.0,16182
0.0,16183
0.0,16184
0.0,16185
0.0,16186
0.0,16187
0.0,16188
0.0,16189
0.0,16190
0.0,16191
0.0,16192
0.0,16193
0.0,16194
0.0,16195
0.0,16196
0.0,16197
0.0,16198
0.0,16199
0.0,16200
0.0,16201
979.3918976378302,16202
982.0882805915586,16203
0.0,16204
0.0,16205
0.0,16206
3426.832911341482,16207
0.0,16208
0.0,16209
0.0,16210
0.0,16211
0.0,16212
0.0,16213
0.0,16214
0.0,16215
0.0,16216
0.0,16217
0.0,16218
0.0,16219
0.0,16220
0.0,16221
876.1903158254473,16222
0.0,16223
0.0,16224
0.0,16225
0.0,16226
0.0,16227
0.0,16228
0.0,16229
0.0,16230
0.0,16231
0.0,16232
0.0,16233
647.7468523476371,16234
0.0,16235
0.0,16236
0.0,16237
1384.6381620464851,16238
1384.4593838845512,16239
1384.2676610422566,16240
0.0,16241
2489.5939327736937,16242
0.0,16243
0.0,16244
0.0,16245
0.0,16246
0.0,16247
0.0,16248
0.0,16249
0.0,16250
0.0,16251
0.0,16252
0.0,16253
0.0,16254
0.0,16255
0.0,16256
0.0,16257
0.0,16258
0.0,16259
0.0,16260
0.0,16261
0.0,16262
0.0,16263
0.0,16264
0.0,16265
0.0,16266
0.0,16267
0.0,16268
0.0,16269
3664.4032696651825,16270
269.8434611900113,16271
0.0,16272
0.0,16273
0.0,16274
0.0,16275
0.0,16276
0.0,16277
0.0,16278
0.0,16279
2221.621924453291,16280
3125.9815025470093,16281
1648.3056645179404,16282
2655.9745774787025,16283
0.0,16284
152.56967185046312,16285
1216.7122120882125,16286
0.0,16287
1385.7873685477769,16288
0.0,16289
0.0,16290
2734.0014153341704,16291
0.0,16292
0.0,16293
0.0,16294
0.0,16295
0.0,16296
0.0,16297
0.0,16298
0.0,16299
0.0,16300
0.0,16301
0.0,16302
0.0,16303
0.0,16304
0.0,16305
0.0,16306
0.0,16307
0.0,16308
0.0,16309
484.06528513906983,16310
0.0,16311
0.0,16312
0.0,16313
0.0,16314
0.0,16315
0.0,16316
0.0,16317
0.0,16318
859.0062799366173,16319
0.0,16320
0.0,16321
0.0,16322
0.0,16323
0.0,16324
0.0,16325
0.0,16326
0.0,16327
0.0,16328
0.0,16329
0.0,16330
0.0,16331
0.0,16332
0.0,16333
0.0,16334
0.0,16335
0.0,16336
0.0,16337
0.0,16338
674.4056959323175,16339
136.22099751708657,16340
1047.5128277532715,16341
1579.4870880888527,16342
0.0,16343
2089.9979121981532,16344
4179.481574559842,16345
1461.5254352550328,16346
550.8492297207962,16347
0.0,16348
2325.8976313397397,16349
5020.7713523668135,16350
1726.0614042915843,16351
0.0,16352
0.0,16353
0.0,16354
0.0,16355
0.0,16356
3369.0961665147847,16357
0.0,16358
0.0,16359
0.0,16360
0.0,16361
0.0,16362
0.0,16363
0.0,16364
0.0,16365
528.7417225446694,16366
0.0,16367
0.0,16368
0.0,16369
0.0,16370
0.0,16371
0.0,16372
0.0,16373
0.0,16374
1424.2957111551775,16375
0.0,16376
0.0,16377
1196.320858943427,16378
0.0,16379
0.0,16380
0.0,16381
0.0,16382
0.0,16383
0.0,16384
0.0,16385
0.0,16386
0.0,16387
0.0,16388
0.0,16389
0.0,16390
0.0,16391
0.0,16392
0.0,16393
0.0,16394
0.0,16395
0.0,16396
0.0,16397
0.0,16398
0.0,16399
0.0,16400
0.0,16401
0.0,16402
2128.9268109503682,16403
0.0,16404
1372.751953939935,16405
0.0,16406
0.0,16407
3192.6780709178015,16408
0.0,16409
0.0,16410
0.0,16411
0.0,16412
0.0,16413
3264.290206947947,16414
0.0,16415
0.0,16416
0.0,16417
0.0,16418
0.0,16419
3043.1103300020736,16420
0.0,16421
0.0,16422
0.0,16423
3362.0920501348687,16424
2340.819092801737,16425
0.0,16426
0.0,16427
0.0,16428
0.0,16429
0.0,16430
0.0,16431
0.0,16432
0.0,16433
585.4470018028916,16434
0.0,16435
0.0,16436
772.8679089623303,16437
534.8259013912161,16438
0.0,16439
0.0,16440
1222.7751783062786,16441
28.453231696322053,16442
0.0,16443
1738.96215504672,16444
0.0,16445
456.0675912731801,16446
3313.2024090842465,16447
0.0,16448
1440.9569494087507,16449
0.0,16450
1748.5706444846603,16451
2607.759628422327,16452
3690.265386007568,16453
0.0,16454
0.0,16455
0.0,16456
0.0,16457
0.0,16458
2951.1528166014773,16459
0.0,16460
0.0,16461
0.0,16462
0.0,16463
0.0,16464
0.0,16465
2606.8274819771336,16466
2453.0728667522885,16467
1270.2147572311626,16468
349.8036180924339,16469
2457.828163359005,16470
0.0,16471
0.0,16472
0.0,16473
0.0,16474
0.0,16475
1916.937627370825,16476
3575.366808463764,16477
1918.104745763131,16478
0.0,16479
0.0,16480
0.0,16481
0.0,16482
0.0,16483
0.0,16484
0.0,16485
0.0,16486
0.0,16487
0.0,16488
0.0,16489
0.0,16490
0.0,16491
0.0,16492
0.0,16493
0.0,16494
0.0,16495
0.0,16496
0.0,16497
0.0,16498
0.0,16499
0.0,16500
0.0,16501
1862.963104626223,16502
0.0,16503
2481.142212673934,16504
0.0,16505
0.0,16506
0.0,16507
0.0,16508
0.0,16509
0.0,16510
0.0,16511
0.0,16512
0.0,16513
0.0,16514
0.0,16515
0.0,16516
0.0,16517
0.0,16518
0.0,16519
0.0,16520
2757.872234711928,16521
0.0,16522
0.0,16523
2026.3129938490276,16524
945.0776325525651,16525
944.0827074425823,16526
943.0933965837347,16527
0.0,16528
0.0,16529
0.0,16530
0.0,16531
1749.6473706122024,16532
5437.072707330925,16533
0.0,16534
1498.6436402285256,16535
0.0,16536
0.0,16537
0.0,16538
2075.806044345957,16539
0.0,16540
0.0,16541
880.159580078026,16542
0.0,16543
0.0,16544
0.0,16545
881.1834922205953,16546
0.0,16547
2770.338717663263,16548
0.0,16549
1007.2154717235119,16550
0.0,16551
0.0,16552
0.0,16553
0.0,16554
1060.6629529392608,16555
0.0,16556
0.0,16557
0.0,16558
0.0,16559
360.79107597759474,16560
0.0,16561
179.8374105801949,16562
2446.6912320450956,16563
0.0,16564
738.5456338287561,16565
0.0,16566
0.0,16567
0.0,16568
0.0,16569
0.0,16570
214.85191908904224,16571
740.4836861816377,16572
0.0,16573
0.0,16574
741.4483846321907,16575
0.0,16576
0.0,16577
0.0,16578
0.0,16579
0.0,16580
0.0,16581
0.0,16582
796.0249879818417,16583
0.0,16584
0.0,16585
0.0,16586
0.0,16587
0.0,16588
456.15163034345073,16589
457.6315639001343,16590
2301.067960693817,16591
0.0,16592
123.77313807641589,16593
0.0,16594
0.0,16595
0.0,16596
0.0,16597
0.0,16598
0.0,16599
0.0,16600
0.0,16601
0.0,16602
0.0,16603
0.0,16604
0.0,16605
0.0,16606
0.0,16607
0.0,16608
0.0,16609
0.0,16610
0.0,16611
0.0,16612
0.0,16613
0.0,16614
0.0,16615
0.0,16616
0.0,16617
0.0,16618
0.0,16619
0.0,16620
0.0,16621
0.0,16622
0.0,16623
0.0,16624
0.0,16625
0.0,16626
0.0,16627
0.0,16628
0.0,16629
0.0,16630
0.0,16631
0.0,16632
0.0,16633
0.0,16634
0.0,16635
0.0,16636
0.0,16637
0.0,16638
0.0,16639
0.0,16640
0.0,16641
0.0,16642
0.0,16643
0.0,16644
0.0,16645
0.0,16646
0.0,16647
0.0,16648
0.0,16649
2929.3164881102102,16650
0.0,16651
1166.3011047821863,16652
0.0,16653
1353.0497944893702,16654
1179.6161088385568,16655
0.0,16656
458.9138380798608,16657
0.0,16658
0.0,16659
0.0,16660
0.0,16661
0.0,16662
0.0,16663
0.0,16664
0.0,16665
0.0,16666
0.0,16667
0.0,16668
0.0,16669
0.0,16670
0.0,16671
0.0,16672
0.0,16673
0.0,16674
0.0,16675
0.0,16676
0.0,16677
0.0,16678
0.0,16679
0.0,16680
0.0,16681
4345.213421481044,16682
0.0,16683
0.0,16684
762.1948144858204,16685
0.0,16686
0.0,16687
0.0,16688
0.0,16689
0.0,16690
0.0,16691
0.0,16692
0.0,16693
0.0,16694
0.0,16695
0.0,16696
0.0,16697
0.0,16698
0.0,16699
0.0,16700
0.0,16701
0.0,16702
0.0,16703
0.0,16704
0.0,16705
0.0,16706
0.0,16707
0.0,16708
0.0,16709
0.0,16710
0.0,16711
0.0,16712
0.0,16713
0.0,16714
0.0,16715
0.0,16716
0.0,16717
0.0,16718
0.0,16719
0.0,16720
0.0,16721
0.0,16722
0.0,16723
0.0,16724
0.0,16725
0.0,16726
0.0,16727
4428.664019996922,16728
0.0,16729
0.0,16730
0.0,16731
0.0,16732
0.0,16733
0.0,16734
0.0,16735
0.0,16736
0.0,16737
0.0,16738
0.0,16739
0.0,16740
0.0,16741
0.0,16742
0.0,16743
0.0,16744
0.0,16745
0.0,16746
0.0,16747
1386.0297593997113,16748
0.0,16749
1386.3643343772321,16750
0.0,16751
0.0,16752
223.33255093445317,16753
0.0,16754
0.0,16755
0.0,16756
0.0,16757
794.4341833608844,16758
0.0,16759
0.0,16760
796.2041654139306,16761
563.7597022663355,16762
0.0,16763
0.0,16764
0.0,16765
0.0,16766
0.0,16767
0.0,16768
0.0,16769
490.0425612389879,16770
0.0,16771
0.0,16772
0.0,16773
0.0,16774
0.0,16775
0.0,16776
0.0,16777
0.0,16778
0.0,16779
0.0,16780
0.0,16781
2675.438913296993,16782
0.0,16783
0.0,16784
0.0,16785
0.0,16786
0.0,16787
0.0,16788
0.0,16789
0.0,16790
0.0,16791
0.0,16792
0.0,16793
0.0,16794
0.0,16795
0.0,16796
0.0,16797
0.0,16798
0.0,16799
0.0,16800
0.0,16801
0.0,16802
0.0,16803
0.0,16804
0.0,16805
0.0,16806
0.0,16807
0.0,16808
0.0,16809
0.0,16810
0.0,16811
0.0,16812
0.0,16813
0.0,16814
0.0,16815
0.0,16816
0.0,16817
0.0,16818
0.0,16819
0.0,16820
0.0,16821
0.0,16822
0.0,16823
0.0,16824
0.0,16825
0.0,16826
0.0,16827
0.0,16828
0.0,16829
0.0,16830
0.0,16831
0.0,16832
0.0,16833
0.0,16834
0.0,16835
0.0,16836
0.0,16837
0.0,16838
0.0,16839
0.0,16840
0.0,16841
0.0,16842
0.0,16843
0.0,16844
0.0,16845
0.0,16846
0.0,16847
0.0,16848
0.0,16849
0.0,16850
0.0,16851
0.0,16852
0.0,16853
0.0,16854
0.0,16855
0.0,16856
0.0,16857
0.0,16858
162.31644345748694,16859
0.0,16860
0.0,16861
0.0,16862
0.0,16863
0.0,16864
0.0,16865
340.50922900269774,16866
0.0,16867
0.0,16868
0.0,16869
339.4525390978246,16870
0.0,16871
0.0,16872
0.0,16873
0.0,16874
0.0,16875
0.0,16876
0.0,16877
0.0,16878
0.0,16879
0.0,16880
0.0,16881
0.0,16882
0.0,16883
0.0,16884
0.0,16885
0.0,16886
0.0,16887
0.0,16888
0.0,16889
0.0,16890
0.0,16891
0.0,16892
0.0,16893
0.0,16894
0.0,16895
0.0,16896
1435.2516725124808,16897
0.0,16898
0.0,16899
0.0,16900
0.0,16901
0.0,16902
1798.2247722925417,16903
0.0,16904
0.0,16905
0.0,16906
0.0,16907
0.0,16908
0.0,16909
0.0,16910
0.0,16911
0.0,16912
0.0,16913
0.0,16914
0.0,16915
0.0,16916
0.0,16917
0.0,16918
0.0,16919
0.0,16920
0.0,16921
0.0,16922
0.0,16923
0.0,16924
0.0,16925
0.0,16926
0.0,16927
0.0,16928
0.0,16929
0.0,16930
0.0,16931
0.0,16932
0.0,16933
0.0,16934
1098.5618112301997,16935
0.0,16936
0.0,16937
0.0,16938
0.0,16939
0.0,16940
0.0,16941
0.0,16942
0.0,16943
0.0,16944
0.0,16945
0.0,16946
0.0,16947
0.0,16948
0.0,16949
0.0,16950
0.0,16951
0.0,16952
0.0,16953
0.0,16954
0.0,16955
0.0,16956
0.0,16957
0.0,16958
0.0,16959
0.0,16960
0.0,16961
0.0,16962
0.0,16963
0.0,16964
0.0,16965
0.0,16966
0.0,16967
0.0,16968
0.0,16969
0.0,16970
0.0,16971
0.0,16972
0.0,16973
0.0,16974
0.0,16975
0.0,16976
0.0,16977
0.0,16978
0.0,16979
0.0,16980
0.0,16981
0.0,16982
0.0,16983
0.0,16984
0.0,16985
0.0,16986
0.0,16987
0.0,16988
0.0,16989
0.0,16990
0.0,16991
0.0,16992
0.0,16993
0.0,16994
0.0,16995
0.0,16996
0.0,16997
0.0,16998
1016.624425863311,16999
5186.243721201079,17000
5184.268652546718,17001
5112.120957666315,17002
0.0,17003
0.0,17004
5899.3632118446885,17005
0.0,17006
0.0,17007
0.0,17008
0.0,17009
0.0,17010
0.0,17011
0.0,17012
0.0,17013
0.0,17014
0.0,17015
0.0,17016
0.0,17017
0.0,17018
0.0,17019
0.0,17020
1426.2415608937774,17021
0.0,17022
0.0,17023
1422.112370650328,17024
0.0,17025
7223.4188325699315,17026
0.0,17027
0.0,17028
2805.339921820321,17029
436.73275671418605,17030
2848.6386487145705,17031
0.0,17032
0.0,17033
0.0,17034
1309.8493764890231,17035
0.0,17036
0.0,17037
0.0,17038
0.0,17039
0.0,17040
0.0,17041
3315.2209383640106,17042
0.0,17043
0.0,17044
0.0,17045
4064.7814327653105,17046
4744.725123514893,17047
3742.6039718639895,17048
0.0,17049
0.0,17050
0.0,17051
0.0,17052
2424.458126462252,17053
0.0,17054
3739.8367774344483,17055
0.0,17056
0.0,17057
0.0,17058
1940.783337105644,17059
0.0,17060
2980.8209845552315,17061
0.0,17062
447.5308983928121,17063
0.0,17064
470.48145015516235,17065
0.0,17066
0.0,17067
1343.9432687263861,17068
2829.4332471002085,17069
6082.529803428388,17070
5514.8344683576515,17071
629.3138844498467,17072
628.0956471378204,17073
0.0,17074
2092.3594444232176,17075
2373.045341353815,17076
2090.3833909566374,17077
1755.3760639175434,17078
0.0,17079
46.75340000744784,17080
0.0,17081
0.0,17082
0.0,17083
0.0,17084
2841.1690922618986,17085
0.0,17086
0.0,17087
0.0,17088
71.9085473858524,17089
0.0,17090
0.0,17091
73.09517716507575,17092
0.0,17093
0.0,17094
3194.512593853966,17095
2362.257654757634,17096
0.0,17097
2821.1349776488205,17098
0.0,17099
0.0,17100
0.0,17101
482.08292376197033,17102
3072.2771593203593,17103
255.6404990484129,17104
0.0,17105
481.41624047309637,17106
0.0,17107
0.0,17108
2251.636776690834,17109
0.0,17110
766.2227218351818,17111
768.9707968033704,17112
5979.9673973455165,17113
5531.131027625265,17114
2055.127220381414,17115
0.0,17116
1510.3275612947834,17117
0.0,17118
0.0,17119
0.0,17120
0.0,17121
111.10267146048311,17122
0.0,17123
0.0,17124
0.0,17125
174.84985359488135,17126
0.0,17127
1154.026796895678,17128
0.0,17129
0.0,17130
3765.0964051272094,17131
0.0,17132
0.0,17133
0.0,17134
0.0,17135
0.0,17136
0.0,17137
0.0,17138
214.0256822600587,17139
0.0,17140
0.0,17141
0.0,17142
0.0,17143
0.0,17144
3310.338081100428,17145
0.0,17146
2506.35755970534,17147
0.0,17148
0.0,17149
0.0,17150
0.0,17151
0.0,17152
0.0,17153
0.0,17154
879.3460231274689,17155
0.0,17156
0.0,17157
0.0,17158
0.0,17159
0.0,17160
0.0,17161
0.0,17162
0.0,17163
0.0,17164
0.0,17165
1542.8197775546978,17166
0.0,17167
0.0,17168
0.0,17169
839.0258303685998,17170
0.0,17171
751.3024202062451,17172
0.0,17173
4823.491580164812,17174
0.0,17175
1742.182450364261,17176
4148.461193315133,17177
0.0,17178
3205.7967346888827,17179
3845.0687942343366,17180
0.0,17181
0.0,17182
0.0,17183
0.0,17184
0.0,17185
0.0,17186
0.0,17187
2419.8010806786488,17188
0.0,17189
1109.4733779493158,17190
2100.2240731933434,17191
0.0,17192
2416.18251334856,17193
0.0,17194
2170.8071646471644,17195
0.0,17196
0.0,17197
1122.8927127984657,17198
84.07695849833406,17199
0.0,17200
0.0,17201
0.0,17202
0.0,17203
0.0,17204
0.0,17205
0.0,17206
0.0,17207
0.0,17208
0.0,17209
0.0,17210
0.0,17211
581.4777674433597,17212
0.0,17213
0.0,17214
0.0,17215
0.0,17216
0.0,17217
261.6578194777584,17218
0.0,17219
0.0,17220
0.0,17221
0.0,17222
0.0,17223
0.0,17224
59.09024220019405,17225
1231.5442335812934,17226
2093.5413655825164,17227
0.0,17228
0.0,17229
945.4693028900872,17230
0.0,17231
0.0,17232
0.0,17233
0.0,17234
0.0,17235
307.0938248251998,17236
2497.941042958885,17237
0.0,17238
0.0,17239
0.0,17240
2607.0105662444407,17241
0.0,17242
272.8467555855987,17243
1224.730678239326,17244
1223.1692340608722,17245
1221.616181576479,17246
0.0,17247
0.0,17248
0.0,17249
0.0,17250
815.1849460031441,17251
0.0,17252
0.0,17253
0.0,17254
0.0,17255
0.0,17256
0.0,17257
0.0,17258
0.0,17259
0.0,17260
0.0,17261
0.0,17262
22.133031698306908,17263
2832.6371600278026,17264
0.0,17265
1463.422541892578,17266
0.0,17267
0.0,17268
0.0,17269
0.0,17270
0.0,17271
0.0,17272
3567.344057270644,17273
0.0,17274
4134.6816486825555,17275
0.0,17276
0.0,17277
98.7211708040383,17278
0.0,17279
2330.7831567582048,17280
5974.4571160537835,17281
756.7379038737295,17282
3672.518980041934,17283
3673.242538336488,17284
3267.5018163103105,17285
1700.0304106891724,17286
1767.9291888967932,17287
0.0,17288
409.41123006858106,17289
3524.9134427475574,17290
228.90626376517744,17291
681.823687528041,17292
411.9322960038581,17293
681.006991090413,17294
3519.0586652629668,17295
0.0,17296
3519.6841835674195,17297
0.0,17298
0.0,17299
0.0,17300
0.0,17301
0.0,17302
0.0,17303
0.0,17304
0.0,17305
1071.7982881752894,17306
0.0,17307
0.0,17308
0.0,17309
0.0,17310
0.0,17311
0.0,17312
0.0,17313
0.0,17314
0.0,17315
0.0,17316
0.0,17317
0.0,17318
0.0,17319
0.0,17320
0.0,17321
0.0,17322
0.0,17323
0.0,17324
0.0,17325
0.0,17326
0.0,17327
0.0,17328
0.0,17329
0.0,17330
0.0,17331
0.0,17332
0.0,17333
0.0,17334
0.0,17335
0.0,17336
0.0,17337
0.0,17338
0.0,17339
0.0,17340
0.0,17341
47.75995235731751,17342
47.6677504057496,17343
0.0,17344
0.0,17345
0.0,17346
0.0,17347
0.0,17348
556.813113588904,17349
0.0,17350
555.3209264900972,17351
0.0,17352
0.0,17353
2571.893865445097,17354
2274.3849805015143,17355
3846.636748197706,17356
4570.58933991674,17357
1628.121948912884,17358
1338.4660692205455,17359
0.0,17360
0.0,17361
0.0,17362
0.0,17363
0.0,17364
0.0,17365
0.0,17366
0.0,17367
0.0,17368
0.0,17369
0.0,17370
0.0,17371
4651.981892098151,17372
0.0,17373
0.0,17374
0.0,17375
7258.255725750074,17376
0.0,17377
0.0,17378
2801.88989903203,17379
0.0,17380
2343.976906135732,17381
0.0,17382
2805.6697123295803,17383
3104.7235429602247,17384
5599.899311210616,17385
0.0,17386
0.0,17387
0.0,17388
0.0,17389
0.0,17390
0.0,17391
3853.4011817716173,17392
161.63526861213884,17393
0.0,17394
0.0,17395
0.0,17396
0.0,17397
0.0,17398
0.0,17399
0.0,17400
0.0,17401
0.0,17402
0.0,17403
0.0,17404
0.0,17405
0.0,17406
0.0,17407
0.0,17408
0.0,17409
0.0,17410
0.0,17411
0.0,17412
0.0,17413
0.0,17414
0.0,17415
0.0,17416
0.0,17417
0.0,17418
0.0,17419
0.0,17420
0.0,17421
0.0,17422
672.7310384836447,17423
0.0,17424
0.0,17425
0.0,17426
2118.3071391230933,17427
0.0,17428
0.0,17429
0.0,17430
0.0,17431
0.0,17432
0.0,17433
0.0,17434
0.0,17435
0.0,17436
0.0,17437
0.0,17438
0.0,17439
0.0,17440
0.0,17441
0.0,17442
0.0,17443
0.0,17444
0.0,17445
0.0,17446
0.0,17447
0.0,17448
0.0,17449
0.0,17450
0.0,17451
0.0,17452
0.0,17453
0.0,17454
0.0,17455
0.0,17456
0.0,17457
0.0,17458
0.0,17459
0.0,17460
0.0,17461
0.0,17462
0.0,17463
0.0,17464
0.0,17465
0.0,17466
0.0,17467
0.0,17468
0.0,17469
0.0,17470
0.0,17471
0.0,17472
0.0,17473
0.0,17474
0.0,17475
0.0,17476
0.0,17477
0.0,17478
0.0,17479
0.0,17480
0.0,17481
0.0,17482
0.0,17483
2581.691422306039,17484
0.0,17485
0.0,17486
0.0,17487
0.0,17488
0.0,17489
0.0,17490
0.0,17491
0.0,17492
0.0,17493
0.0,17494
0.0,17495
0.0,17496
0.0,17497
0.0,17498
0.0,17499
0.0,17500
0.0,17501
0.0,17502
0.0,17503
0.0,17504
0.0,17505
0.0,17506
0.0,17507
0.0,17508
0.0,17509
0.0,17510
0.0,17511
0.0,17512
0.0,17513
0.0,17514
0.0,17515
0.0,17516
0.0,17517
0.0,17518
0.0,17519
0.0,17520
0.0,17521
0.0,17522
0.0,17523
0.0,17524
0.0,17525
0.0,17526
0.0,17527
0.0,17528
0.0,17529
0.0,17530
0.0,17531
0.0,17532
0.0,17533
0.0,17534
0.0,17535
0.0,17536
0.0,17537
5478.949167277909,17538
0.0,17539
0.0,17540
0.0,17541
0.0,17542
0.0,17543
0.0,17544
0.0,17545
0.0,17546
0.0,17547
0.0,17548
0.0,17549
0.0,17550
0.0,17551
0.0,17552
0.0,17553
0.0,17554
0.0,17555
0.0,17556
0.0,17557
0.0,17558
0.0,17559
0.0,17560
0.0,17561
0.0,17562
0.0,17563
0.0,17564
0.0,17565
0.0,17566
0.0,17567
0.0,17568
0.0,17569
0.0,17570
0.0,17571
0.0,17572
0.0,17573
0.0,17574
0.0,17575
0.0,17576
0.0,17577
0.0,17578
0.0,17579
0.0,17580
0.0,17581
0.0,17582
0.0,17583
0.0,17584
0.0,17585
0.0,17586
0.0,17587
0.0,17588
0.0,17589
0.0,17590
0.0,17591
0.0,17592
0.0,17593
0.0,17594
0.0,17595
0.0,17596
0.0,17597
0.0,17598
0.0,17599
0.0,17600
0.0,17601
0.0,17602
0.0,17603
0.0,17604
0.0,17605
0.0,17606
1982.763612614728,17607
0.0,17608
0.0,17609
0.0,17610
0.0,17611
0.0,17612
0.0,17613
0.0,17614
0.0,17615
0.0,17616
0.0,17617
0.0,17618
0.0,17619
0.0,17620
0.0,17621
0.0,17622
0.0,17623
0.0,17624
0.0,17625
0.0,17626
0.0,17627
0.0,17628
0.0,17629
0.0,17630
0.0,17631
0.0,17632
0.0,17633
0.0,17634
0.0,17635
0.0,17636
749.3439513255107,17637
0.0,17638
0.0,17639
0.0,17640
0.0,17641
0.0,17642
0.0,17643
0.0,17644
0.0,17645
0.0,17646
0.0,17647
0.0,17648
0.0,17649
0.0,17650
0.0,17651
0.0,17652
0.0,17653
0.0,17654
0.0,17655
0.0,17656
0.0,17657
0.0,17658
0.0,17659
0.0,17660
0.0,17661
0.0,17662
0.0,17663
0.0,17664
2304.0038411047576,17665
0.0,17666
2016.7492129070683,17667
0.0,17668
0.0,17669
0.0,17670
0.0,17671
2785.153423193272,17672
0.0,17673
2319.0612897744445,17674
0.0,17675
255.62649589023178,17676
0.0,17677
1751.3693145793159,17678
0.0,17679
0.0,17680
259.22693806155684,17681
0.0,17682
0.0,17683
0.0,17684
0.0,17685
725.0889677459568,17686
0.0,17687
0.0,17688
0.0,17689
0.0,17690
0.0,17691
125.43702969106891,17692
0.0,17693
0.0,17694
0.0,17695
0.0,17696
0.0,17697
0.0,17698
348.3694229409795,17699
0.0,17700
0.0,17701
0.0,17702
351.37376913710153,17703
0.0,17704
354.3516925673386,17705
0.0,17706
0.0,17707
0.0,17708
0.0,17709
0.0,17710
870.207939832596,17711
0.0,17712
0.0,17713
0.0,17714
0.0,17715
0.0,17716
0.0,17717
0.0,17718
0.0,17719
0.0,17720
0.0,17721
0.0,17722
0.0,17723
0.0,17724
0.0,17725
0.0,17726
0.0,17727
0.0,17728
0.0,17729
0.0,17730
0.0,17731
0.0,17732
0.0,17733
0.0,17734
2588.7947214529827,17735
0.0,17736
0.0,17737
0.0,17738
0.0,17739
0.0,17740
0.0,17741
0.0,17742
0.0,17743
0.0,17744
643.9629078382881,17745
0.0,17746
0.0,17747
0.0,17748
2457.334711073264,17749
444.70170531679327,17750
1888.5414591162605,17751
0.0,17752
0.0,17753
0.0,17754
0.0,17755
0.0,17756
0.0,17757
0.0,17758
193.9498144682446,17759
0.0,17760
0.0,17761
0.0,17762
0.0,17763
0.0,17764
0.0,17765
0.0,17766
0.0,17767
0.0,17768
0.0,17769
0.0,17770
0.0,17771
0.0,17772
0.0,17773
0.0,17774
0.0,17775
0.0,17776
0.0,17777
0.0,17778
0.0,17779
0.0,17780
1.472332660630629,17781
0.0,17782
0.0,17783
0.0,17784
0.0,17785
0.0,17786
0.0,17787
0.0,17788
0.0,17789
0.0,17790
0.0,17791
0.0,17792
295.8799987061551,17793
0.0,17794
0.0,17795
0.0,17796
0.0,17797
0.0,17798
0.0,17799
0.0,17800
0.0,17801
899.1185711352365,17802
0.0,17803
0.0,17804
0.0,17805
0.0,17806
0.0,17807
0.0,17808
0.0,17809
0.0,17810
0.0,17811
0.0,17812
0.0,17813
0.0,17814
0.0,17815
0.0,17816
0.0,17817
0.0,17818
0.0,17819
0.0,17820
0.0,17821
1948.3312612475952,17822
1949.409330081972,17823
1950.4597577221648,17824
0.0,17825
0.0,17826
0.0,17827
0.0,17828
0.0,17829
0.0,17830
506.6309571394712,17831
0.0,17832
0.0,17833
0.0,17834
1088.944914101092,17835
1644.63982992923,17836
0.0,17837
508.4917362920759,17838
0.0,17839
0.0,17840
0.0,17841
0.0,17842
0.0,17843
0.0,17844
1142.906635661437,17845
0.0,17846
0.0,17847
0.0,17848
0.0,17849
0.0,17850
0.0,17851
0.0,17852
165.50631632630743,17853
0.0,17854
167.21676189230834,17855
245.8796181911912,17856
0.0,17857
0.0,17858
0.0,17859
843.1569589435967,17860
1957.9024491213665,17861
0.0,17862
0.0,17863
0.0,17864
0.0,17865
0.0,17866
0.0,17867
0.0,17868
0.0,17869
747.9461903918337,17870
0.0,17871
0.0,17872
0.0,17873
1681.3495442566107,17874
1399.1840351141657,17875
0.0,17876
0.0,17877
0.0,17878
97.28843819362123,17879
0.0,17880
0.0,17881
0.0,17882
484.2969230822377,17883
0.0,17884
0.0,17885
1133.8751582952282,17886
2966.0653188912625,17887
0.0,17888
0.0,17889
0.0,17890
0.0,17891
544.4617319622612,17892
0.0,17893
0.0,17894
0.0,17895
0.0,17896
0.0,17897
0.0,17898
0.0,17899
0.0,17900
0.0,17901
0.0,17902
962.1494658980296,17903
0.0,17904
0.0,17905
0.0,17906
0.0,17907
0.0,17908
0.0,17909
0.0,17910
0.0,17911
0.0,17912
0.0,17913
0.0,17914
0.0,17915
0.0,17916
2037.922346728965,17917
0.0,17918
1165.120042254794,17919
0.0,17920
1250.5461695652693,17921
0.0,17922
0.0,17923
887.0612310577155,17924
0.0,17925
0.0,17926
0.0,17927
0.0,17928
0.0,17929
0.0,17930
886.3423838983309,17931
0.0,17932
0.0,17933
1721.291383018877,17934
0.0,17935
124.7598338743082,17936
125.34087540759545,17937
125.92046155800239,17938
1869.0929631363954,17939
0.0,17940
1868.3387062565055,17941
0.0,17942
0.0,17943
0.0,17944
0.0,17945
0.0,17946
0.0,17947
0.0,17948
0.0,17949
0.0,17950
0.0,17951
0.0,17952
0.0,17953
0.0,17954
0.0,17955
0.0,17956
0.0,17957
0.0,17958
0.0,17959
0.0,17960
0.0,17961
2437.125030635126,17962
0.0,17963
0.0,17964
0.0,17965
0.0,17966
0.0,17967
0.0,17968
0.0,17969
0.0,17970
0.0,17971
0.0,17972
0.0,17973
0.0,17974
0.0,17975
0.0,17976
0.0,17977
0.0,17978
0.0,17979
0.0,17980
0.0,17981
0.0,17982
0.0,17983
0.0,17984
0.0,17985
0.0,17986
0.0,17987
0.0,17988
0.0,17989
0.0,17990
0.0,17991
0.0,17992
0.0,17993
0.0,17994
0.0,17995
0.0,17996
0.0,17997
0.0,17998
0.0,17999
0.0,18000
0.0,18001
0.0,18002
0.0,18003
930.6221916128802,18004
1711.3484784716827,18005
0.0,18006
0.0,18007
0.0,18008
0.0,18009
1560.4855174337808,18010
0.0,18011
0.0,18012
0.0,18013
0.0,18014
0.0,18015
0.0,18016
3651.025513482558,18017
0.0,18018
0.0,18019
0.0,18020
0.0,18021
0.0,18022
0.0,18023
0.0,18024
0.0,18025
0.0,18026
0.0,18027
0.0,18028
0.0,18029
0.0,18030
0.0,18031
0.0,18032
0.0,18033
0.0,18034
0.0,18035
1255.6230643022311,18036
0.0,18037
0.0,18038
0.0,18039
0.0,18040
0.0,18041
0.0,18042
0.0,18043
0.0,18044
0.0,18045
0.0,18046
0.0,18047
0.0,18048
0.0,18049
0.0,18050
0.0,18051
0.0,18052
0.0,18053
363.14960025917736,18054
0.0,18055
0.0,18056
0.0,18057
0.0,18058
0.0,18059
0.0,18060
0.0,18061
0.0,18062
0.0,18063
0.0,18064
0.0,18065
0.0,18066
0.0,18067
0.0,18068
0.0,18069
0.0,18070
0.0,18071
0.0,18072
0.0,18073
0.0,18074
0.0,18075
0.0,18076
0.0,18077
0.0,18078
0.0,18079
0.0,18080
0.0,18081
0.0,18082
0.0,18083
0.0,18084
609.3166410263515,18085
1760.7777214630923,18086
0.0,18087
0.0,18088
5912.934490036077,18089
0.0,18090
0.0,18091
0.0,18092
0.0,18093
0.0,18094
0.0,18095
1014.5057997799081,18096
3242.380343862561,18097
0.0,18098
0.0,18099
0.0,18100
0.0,18101
0.0,18102
0.0,18103
2593.6648126903915,18104
2999.398122560164,18105
0.0,18106
1644.0913203366626,18107
0.0,18108
2100.9004202830924,18109
2890.4959479384756,18110
0.0,18111
2595.133899812351,18112
0.0,18113
2596.6795307048938,18114
2598.1771592060713,18115
0.0,18116
0.0,18117
0.0,18118
911.022392721585,18119
0.0,18120
3666.6980157806292,18121
0.0,18122
0.0,18123
0.0,18124
1983.3923123501797,18125
0.0,18126
0.0,18127
0.0,18128
0.0,18129
0.0,18130
0.0,18131
0.0,18132
0.0,18133
0.0,18134
0.0,18135
0.0,18136
0.0,18137
0.0,18138
0.0,18139
0.0,18140
0.0,18141
0.0,18142
0.0,18143
0.0,18144
0.0,18145
0.0,18146
0.0,18147
0.0,18148
0.0,18149
0.0,18150
0.0,18151
0.0,18152
0.0,18153
0.0,18154
0.0,18155
0.0,18156
0.0,18157
0.0,18158
0.0,18159
0.0,18160
0.0,18161
0.0,18162
0.0,18163
0.0,18164
0.0,18165
918.2210696173071,18166
0.0,18167
0.0,18168
0.0,18169
0.0,18170
0.0,18171
0.0,18172
391.6110367828311,18173
0.0,18174
0.0,18175
0.0,18176
0.0,18177
0.0,18178
0.0,18179
0.0,18180
0.0,18181
0.0,18182
0.0,18183
0.0,18184
0.0,18185
0.0,18186
0.0,18187
0.0,18188
0.0,18189
0.0,18190
0.0,18191
0.0,18192
0.0,18193
0.0,18194
372.85790854932617,18195
0.0,18196
0.0,18197
0.0,18198
0.0,18199
0.0,18200
0.0,18201
0.0,18202
0.0,18203
0.0,18204
0.0,18205
0.0,18206
2980.262198723171,18207
0.0,18208
0.0,18209
0.0,18210
0.0,18211
0.0,18212
0.0,18213
0.0,18214
0.0,18215
0.0,18216
0.0,18217
0.0,18218
0.0,18219
0.0,18220
0.0,18221
593.1353071610531,18222
0.0,18223
0.0,18224
0.0,18225
0.0,18226
687.7184207780864,18227
175.27569132559404,18228
691.4716687208696,18229
694.4833249538915,18230
0.0,18231
0.0,18232
0.0,18233
0.0,18234
0.0,18235
0.0,18236
0.0,18237
0.0,18238
0.0,18239
0.0,18240
0.0,18241
0.0,18242
0.0,18243
0.0,18244
0.0,18245
0.0,18246
0.0,18247
0.0,18248
0.0,18249
0.0,18250
0.0,18251
0.0,18252
0.0,18253
562.5376322904793,18254
0.0,18255
0.0,18256
228.7870798521294,18257
0.0,18258
2035.9056328839538,18259
1852.9123910708877,18260
781.9699792859889,18261
863.4549982707595,18262
2212.5460903352723,18263
2215.1963593234073,18264
0.0,18265
2217.818984063133,18266
2220.416520422755,18267
0.0,18268
0.0,18269
597.0594554957128,18270
2265.9722199303483,18271
2224.524008221269,18272
0.0,18273
839.9054529597322,18274
0.0,18275
183.39741872571366,18276
0.0,18277
0.0,18278
1428.3968758536114,18279
0.0,18280
0.0,18281
0.0,18282
0.0,18283
0.0,18284
0.0,18285
0.0,18286
795.0091075129953,18287
0.0,18288
0.0,18289
0.0,18290
1734.6590677716408,18291
0.0,18292
0.0,18293
448.6416042847748,18294
0.0,18295
0.0,18296
0.0,18297
2411.60872590252,18298
2772.6464868986814,18299
0.0,18300
186.76953853575745,18301
0.0,18302
0.0,18303
0.0,18304
901.9338913773765,18305
0.0,18306
0.0,18307
0.0,18308
308.20182840349,18309
0.0,18310
0.0,18311
0.0,18312
0.0,18313
0.0,18314
0.0,18315
0.0,18316
0.0,18317
0.0,18318
0.0,18319
0.0,18320
0.0,18321
1875.7116233298032,18322
0.0,18323
0.0,18324
6783.063788408057,18325
0.0,18326
2838.324581561664,18327
0.0,18328
0.0,18329
0.0,18330
0.0,18331
0.0,18332
0.0,18333
0.0,18334
0.0,18335
0.0,18336
0.0,18337
0.0,18338
0.0,18339
0.0,18340
0.0,18341
0.0,18342
0.0,18343
0.0,18344
0.0,18345
0.0,18346
0.0,18347
0.0,18348
0.0,18349
0.0,18350
0.0,18351
0.0,18352
0.0,18353
0.0,18354
0.0,18355
0.0,18356
0.0,18357
0.0,18358
1614.4466182941342,18359
1837.3909770297923,18360
1837.5329563535709,18361
1958.8207512936142,18362
0.0,18363
2275.308058305118,18364
0.0,18365
0.0,18366
0.0,18367
1961.942653951533,18368
0.0,18369
0.0,18370
2133.4219929146966,18371
0.0,18372
1663.4223479546442,18373
0.0,18374
0.0,18375
1662.7730871187641,18376
0.0,18377
0.0,18378
3205.7755367793134,18379
0.0,18380
3339.3175162428256,18381
0.0,18382
0.0,18383
0.0,18384
0.0,18385
0.0,18386
0.0,18387
0.0,18388
0.0,18389
0.0,18390
98.24694414961253,18391
0.0,18392
0.0,18393
0.0,18394
0.0,18395
0.0,18396
0.0,18397
0.0,18398
0.0,18399
467.8932901272734,18400
0.0,18401
0.0,18402
0.0,18403
0.0,18404
1822.150876111188,18405
0.0,18406
0.0,18407
0.0,18408
0.0,18409
0.0,18410
0.0,18411
0.0,18412
0.0,18413
0.0,18414
0.0,18415
0.0,18416
0.0,18417
0.0,18418
0.0,18419
0.0,18420
0.0,18421
0.0,18422
0.0,18423
0.0,18424
0.0,18425
0.0,18426
0.0,18427
0.0,18428
0.0,18429
0.0,18430
1824.7029688074176,18431
0.0,18432
0.0,18433
0.0,18434
1816.489520918903,18435
0.0,18436
0.0,18437
0.0,18438
3267.414715722492,18439
0.0,18440
0.0,18441
0.0,18442
1180.0600111458225,18443
0.0,18444
0.0,18445
0.0,18446
0.0,18447
0.0,18448
4016.0524961591327,18449
0.0,18450
0.0,18451
0.0,18452
0.0,18453
0.0,18454
2316.4921889764028,18455
0.0,18456
0.0,18457
0.0,18458
0.0,18459
0.0,18460
0.0,18461
0.0,18462
0.0,18463
0.0,18464
0.0,18465
0.0,18466
0.0,18467
0.0,18468
0.0,18469
0.0,18470
4604.7831049956285,18471
0.0,18472
0.0,18473
0.0,18474
0.0,18475
0.0,18476
0.0,18477
0.0,18478
0.0,18479
0.0,18480
0.0,18481
0.0,18482
0.0,18483
0.0,18484
0.0,18485
0.0,18486
0.0,18487
0.0,18488
0.0,18489
0.0,18490
0.0,18491
0.0,18492
0.0,18493
0.0,18494
0.0,18495
0.0,18496
0.0,18497
0.0,18498
0.0,18499
0.0,18500
0.0,18501
0.0,18502
0.0,18503
0.0,18504
0.0,18505
0.0,18506
0.0,18507
0.0,18508
0.0,18509
0.0,18510
0.0,18511
0.0,18512
0.0,18513
0.0,18514
0.0,18515
0.0,18516
0.0,18517
0.0,18518
0.0,18519
0.0,18520
0.0,18521
0.0,18522
0.0,18523
0.0,18524
0.0,18525
0.0,18526
0.0,18527
0.0,18528
0.0,18529
0.0,18530
0.0,18531
0.0,18532
0.0,18533
0.0,18534
0.0,18535
0.0,18536
0.0,18537
0.0,18538
0.0,18539
0.0,18540
0.0,18541
0.0,18542
0.0,18543
0.0,18544
0.0,18545
0.0,18546
0.0,18547
0.0,18548
0.0,18549
0.0,18550
0.0,18551
0.0,18552
0.0,18553
0.0,18554
0.0,18555
0.0,18556
0.0,18557
0.0,18558
0.0,18559
0.0,18560
0.0,18561
0.0,18562
0.0,18563
0.0,18564
0.0,18565
0.0,18566
0.0,18567
0.0,18568
0.0,18569
0.0,18570
0.0,18571
0.0,18572
0.0,18573
0.0,18574
0.0,18575
0.0,18576
0.0,18577
0.0,18578
0.0,18579
0.0,18580
0.0,18581
0.0,18582
0.0,18583
0.0,18584
0.0,18585
0.0,18586
0.0,18587
0.0,18588
0.0,18589
0.0,18590
0.0,18591
0.0,18592
0.0,18593
0.0,18594
0.0,18595
0.0,18596
0.0,18597
0.0,18598
0.0,18599
0.0,18600
0.0,18601
0.0,18602
0.0,18603
0.0,18604
0.0,18605
0.0,18606
0.0,18607
0.0,18608
0.0,18609
0.0,18610
0.0,18611
0.0,18612
0.0,18613
0.0,18614
0.0,18615
0.0,18616
0.0,18617
0.0,18618
0.0,18619
0.0,18620
0.0,18621
0.0,18622
400.7396493747991,18623
0.0,18624
0.0,18625
0.0,18626
1449.3922733431862,18627
0.0,18628
0.0,18629
0.0,18630
0.0,18631
0.0,18632
0.0,18633
0.0,18634
0.0,18635
0.0,18636
0.0,18637
0.0,18638
0.0,18639
0.0,18640
0.0,18641
0.0,18642
0.0,18643
0.0,18644
0.0,18645
0.0,18646
0.0,18647
0.0,18648
0.0,18649
0.0,18650
0.0,18651
0.0,18652
0.0,18653
0.0,18654
0.0,18655
0.0,18656
0.0,18657
0.0,18658
0.0,18659
0.0,18660
0.0,18661
0.0,18662
0.0,18663
0.0,18664
0.0,18665
0.0,18666
0.0,18667
0.0,18668
0.0,18669
0.0,18670
0.0,18671
0.0,18672
0.0,18673
0.0,18674
0.0,18675
0.0,18676
0.0,18677
0.0,18678
0.0,18679
0.0,18680
0.0,18681
0.0,18682
0.0,18683
0.0,18684
0.0,18685
0.0,18686
0.0,18687
0.0,18688
7253.988079231364,18689
0.0,18690
0.0,18691
0.0,18692
0.0,18693
0.0,18694
0.0,18695
0.0,18696
0.0,18697
0.0,18698
0.0,18699
0.0,18700
0.0,18701
0.0,18702
0.0,18703
0.0,18704
0.0,18705
0.0,18706
0.0,18707
0.0,18708
0.0,18709
0.0,18710
4.304504507065971,18711
0.0,18712
0.0,18713
0.0,18714
0.0,18715
0.0,18716
0.0,18717
0.0,18718
0.0,18719
0.0,18720
0.0,18721
0.0,18722
4353.572008054215,18723
0.0,18724
0.0,18725
0.0,18726
0.0,18727
0.0,18728
0.0,18729
0.0,18730
0.0,18731
0.0,18732
0.0,18733
0.0,18734
0.0,18735
0.0,18736
0.0,18737
0.0,18738
0.0,18739
0.0,18740
0.0,18741
0.0,18742
0.0,18743
0.0,18744
0.0,18745
0.0,18746
0.0,18747
0.0,18748
0.0,18749
0.0,18750
0.0,18751
0.0,18752
0.0,18753
0.0,18754
0.0,18755
0.0,18756
0.0,18757
0.0,18758
0.0,18759
0.0,18760
0.0,18761
0.0,18762
0.0,18763
0.0,18764
0.0,18765
0.0,18766
0.0,18767
0.0,18768
0.0,18769
0.0,18770
0.0,18771
0.0,18772
0.0,18773
0.0,18774
0.0,18775
0.0,18776
0.0,18777
0.0,18778
0.0,18779
0.0,18780
0.0,18781
0.0,18782
0.0,18783
0.0,18784
0.0,18785
0.0,18786
0.0,18787
0.0,18788
0.0,18789
0.0,18790
151.90361539201638,18791
0.0,18792
0.0,18793
0.0,18794
0.0,18795
0.0,18796
0.0,18797
0.0,18798
0.0,18799
0.0,18800
0.0,18801
0.0,18802
0.0,18803
0.0,18804
0.0,18805
0.0,18806
0.0,18807
0.0,18808
0.0,18809
0.0,18810
0.0,18811
0.0,18812
0.0,18813
0.0,18814
0.0,18815
0.0,18816
0.0,18817
0.0,18818
0.0,18819
0.0,18820
0.0,18821
0.0,18822
0.0,18823
0.0,18824
0.0,18825
0.0,18826
0.0,18827
0.0,18828
0.0,18829
0.0,18830
0.0,18831
0.0,18832
0.0,18833
3959.0620805485673,18834
0.0,18835
0.0,18836
0.0,18837
0.0,18838
0.0,18839
0.0,18840
0.0,18841
0.0,18842
0.0,18843
0.0,18844
0.0,18845
0.0,18846
0.0,18847
0.0,18848
0.0,18849
0.0,18850
0.0,18851
0.0,18852
0.0,18853
0.0,18854
0.0,18855
0.0,18856
0.0,18857
0.0,18858
0.0,18859
0.0,18860
0.0,18861
0.0,18862
0.0,18863
0.0,18864
0.0,18865
0.0,18866
0.0,18867
0.0,18868
0.0,18869
0.0,18870
0.0,18871
0.0,18872
0.0,18873
0.0,18874
0.0,18875
0.0,18876
0.0,18877
0.0,18878
0.0,18879
0.0,18880
0.0,18881
0.0,18882
0.0,18883
0.0,18884
0.0,18885
0.0,18886
0.0,18887
0.0,18888
453.7391163414208,18889
0.0,18890
0.0,18891
0.0,18892
0.0,18893
0.0,18894
0.0,18895
0.0,18896
0.0,18897
0.0,18898
0.0,18899
0.0,18900
0.0,18901
0.0,18902
0.0,18903
0.0,18904
0.0,18905
0.0,18906
0.0,18907
0.0,18908
0.0,18909
0.0,18910
0.0,18911
0.0,18912
0.0,18913
0.0,18914
0.0,18915
0.0,18916
160.8895900614948,18917
0.0,18918
0.0,18919
0.0,18920
1806.811211508861,18921
0.0,18922
0.0,18923
0.0,18924
0.0,18925
0.0,18926
581.3884309539474,18927
46.479358821097726,18928
3070.2234807728323,18929
0.0,18930
0.0,18931
0.0,18932
0.0,18933
0.0,18934
0.0,18935
0.0,18936
0.0,18937
0.0,18938
0.0,18939
0.0,18940
0.0,18941
0.0,18942
0.0,18943
0.0,18944
0.0,18945
0.0,18946
0.0,18947
0.0,18948
0.0,18949
0.0,18950
0.0,18951
0.0,18952
0.0,18953
0.0,18954
0.0,18955
0.0,18956
0.0,18957
0.0,18958
0.0,18959
0.0,18960
1630.6407228102466,18961
0.0,18962
788.5210790259995,18963
0.0,18964
0.0,18965
1720.498174727308,18966
0.0,18967
0.0,18968
0.0,18969
0.0,18970
0.0,18971
0.0,18972
0.0,18973
0.0,18974
0.0,18975
0.0,18976
0.0,18977
0.0,18978
0.0,18979
943.1118837653707,18980
0.0,18981
0.0,18982
0.0,18983
0.0,18984
0.0,18985
0.0,18986
0.0,18987
0.0,18988
0.0,18989
0.0,18990
0.0,18991
0.0,18992
0.0,18993
0.0,18994
0.0,18995
0.0,18996
0.0,18997
0.0,18998
0.0,18999
0.0,19000
7821.506560441901,19001
0.0,19002
0.0,19003
0.0,19004
0.0,19005
1050.3742853174883,19006
0.0,19007
0.0,19008
0.0,19009
0.0,19010
0.0,19011
0.0,19012
0.0,19013
0.0,19014
0.0,19015
0.0,19016
0.0,19017
0.0,19018
0.0,19019
0.0,19020
0.0,19021
0.0,19022
0.0,19023
0.0,19024
5971.38665888005,19025
0.0,19026
0.0,19027
992.7412151706785,19028
0.0,19029
0.0,19030
726.4310473637104,19031
729.0365102023102,19032
0.0,19033
0.0,19034
0.0,19035
0.0,19036
0.0,19037
0.0,19038
0.0,19039
0.0,19040
0.0,19041
0.0,19042
0.0,19043
10315.980939436886,19044
0.0,19045
0.0,19046
0.0,19047
0.0,19048
0.0,19049
0.0,19050
0.0,19051
0.0,19052
0.0,19053
0.0,19054
0.0,19055
0.0,19056
0.0,19057
0.0,19058
0.0,19059
0.0,19060
1294.7221418744612,19061
0.0,19062
0.0,19063
0.0,19064
0.0,19065
1296.9409582644178,19066
0.0,19067
0.0,19068
0.0,19069
0.0,19070
0.0,19071
0.0,19072
0.0,19073
0.0,19074
0.0,19075
0.0,19076
0.0,19077
0.0,19078
0.0,19079
0.0,19080
0.0,19081
0.0,19082
0.0,19083
0.0,19084
0.0,19085
0.0,19086
0.0,19087
0.0,19088
0.0,19089
0.0,19090
0.0,19091
0.0,19092
115.95491017880197,19093
0.0,19094
0.0,19095
0.0,19096
0.0,19097
0.0,19098
0.0,19099
0.0,19100
0.0,19101
0.0,19102
0.0,19103
1125.9938802684621,19104
0.0,19105
0.0,19106
0.0,19107
0.0,19108
0.0,19109
0.0,19110
0.0,19111
0.0,19112
0.0,19113
0.0,19114
0.0,19115
0.0,19116
0.0,19117
0.0,19118
0.0,19119
0.0,19120
0.0,19121
0.0,19122
0.0,19123
1460.3388550423385,19124
0.0,19125
0.0,19126
0.0,19127
0.0,19128
0.0,19129
0.0,19130
0.0,19131
0.0,19132
0.0,19133
0.0,19134
0.0,19135
0.0,19136
0.0,19137
0.0,19138
0.0,19139
0.0,19140
0.0,19141
0.0,19142
0.0,19143
0.0,19144
0.0,19145
0.0,19146
0.0,19147
0.0,19148
0.0,19149
0.0,19150
0.0,19151
0.0,19152
0.0,19153
0.0,19154
0.0,19155
588.2156131057765,19156
1872.3673196405396,19157
934.6309888536155,19158
712.7914438543705,19159
712.1169130887073,19160
298.5688713430375,19161
2948.1768592474623,19162
285.85612613456584,19163
608.6520335415664,19164
608.2261056279132,19165
0.0,19166
752.2128527874827,19167
366.29401051901726,19168
0.0,19169
0.0,19170
1131.2405284327901,19171
0.0,19172
0.0,19173
0.0,19174
0.0,19175
0.0,19176
0.0,19177
785.6187098654126,19178
461.6133923086277,19179
0.0,19180
0.0,19181
1905.54267434947,19182
1945.465937304392,19183
1944.1330444732969,19184
0.0,19185
4902.989747013374,19186
0.0,19187
2300.41646663196,19188
4975.899712027641,19189
4192.753540167908,19190
0.0,19191
3035.414237456297,19192
3034.033892273754,19193
2718.232682915735,19194
5104.898195107957,19195
1375.12514243528,19196
4671.396074382201,19197
5712.059175170484,19198
4668.865115327474,19199
0.0,19200
0.0,19201
0.0,19202
0.0,19203
0.0,19204
0.0,19205
294.64942119091506,19206
2256.5957819626165,19207
0.0,19208
0.0,19209
0.0,19210
7058.383240729189,19211
0.0,19212
0.0,19213
0.0,19214
0.0,19215
0.0,19216
0.0,19217
0.0,19218
0.0,19219
0.0,19220
0.0,19221
0.0,19222
0.0,19223
0.0,19224
0.0,19225
0.0,19226
0.0,19227
0.0,19228
0.0,19229
0.0,19230
0.0,19231
114.40501871300839,19232
0.0,19233
0.0,19234
0.0,19235
0.0,19236
0.0,19237
0.0,19238
0.0,19239
0.0,19240
0.0,19241
0.0,19242
0.0,19243
0.0,19244
0.0,19245
0.0,19246
0.0,19247
0.0,19248
0.0,19249
0.0,19250
0.0,19251
0.0,19252
0.0,19253
0.0,19254
1312.2434351625805,19255
0.0,19256
0.0,19257
0.0,19258
0.0,19259
0.0,19260
0.0,19261
0.0,19262
0.0,19263
0.0,19264
0.0,19265
0.0,19266
0.0,19267
0.0,19268
0.0,19269
0.0,19270
0.0,19271
0.0,19272
0.0,19273
0.0,19274
0.0,19275
0.0,19276
0.0,19277
0.0,19278
0.0,19279
0.0,19280
0.0,19281
0.0,19282
0.0,19283
0.0,19284
0.0,19285
870.5655066001004,19286
0.0,19287
0.0,19288
0.0,19289
0.0,19290
0.0,19291
0.0,19292
0.0,19293
0.0,19294
0.0,19295
0.0,19296
0.0,19297
0.0,19298
0.0,19299
0.0,19300
0.0,19301
0.0,19302
0.0,19303
0.0,19304
0.0,19305
0.0,19306
0.0,19307
0.0,19308
0.0,19309
0.0,19310
0.0,19311
0.0,19312
0.0,19313
0.0,19314
0.0,19315
0.0,19316
0.0,19317
6366.0517368646215,19318
0.0,19319
0.0,19320
0.0,19321
0.0,19322
0.0,19323
0.0,19324
0.0,19325
0.0,19326
0.0,19327
0.0,19328
0.0,19329
0.0,19330
0.0,19331
0.0,19332
0.0,19333
0.0,19334
0.0,19335
0.0,19336
0.0,19337
0.0,19338
0.0,19339
0.0,19340
0.0,19341
0.0,19342
0.0,19343
0.0,19344
0.0,19345
0.0,19346
0.0,19347
0.0,19348
0.0,19349
0.0,19350
0.0,19351
0.0,19352
0.0,19353
0.0,19354
0.0,19355
0.0,19356
0.0,19357
0.0,19358
0.0,19359
0.0,19360
0.0,19361
0.0,19362
0.0,19363
0.0,19364
0.0,19365
0.0,19366
0.0,19367
103.6133192292223,19368
0.0,19369
0.0,19370
0.0,19371
0.0,19372
0.0,19373
0.0,19374
0.0,19375
0.0,19376
0.0,19377
0.0,19378
0.0,19379
0.0,19380
0.0,19381
0.0,19382
0.0,19383
0.0,19384
0.0,19385
0.0,19386
0.0,19387
0.0,19388
0.0,19389
0.0,19390
0.0,19391
0.0,19392
0.0,19393
0.0,19394
0.0,19395
0.0,19396
0.0,19397
0.0,19398
0.0,19399
0.0,19400
0.0,19401
0.0,19402
179.9517165213232,19403
0.0,19404
178.98890203355455,19405
0.0,19406
0.0,19407
0.0,19408
0.0,19409
0.0,19410
0.0,19411
0.0,19412
0.0,19413
0.0,19414
0.0,19415
178.03345873578323,19416
0.0,19417
0.0,19418
0.0,19419
0.0,19420
0.0,19421
0.0,19422
0.0,19423
0.0,19424
0.0,19425
0.0,19426
241.55223861443957,19427
0.0,19428
0.0,19429
0.0,19430
0.0,19431
0.0,19432
0.0,19433
0.0,19434
0.0,19435
0.0,19436
0.0,19437
0.0,19438
0.0,19439
0.0,19440
0.0,19441
0.0,19442
0.0,19443
0.0,19444
0.0,19445
4089.6082263840112,19446
0.0,19447
0.0,19448
0.0,19449
0.0,19450
0.0,19451
0.0,19452
0.0,19453
0.0,19454
0.0,19455
0.0,19456
0.0,19457
0.0,19458
0.0,19459
0.0,19460
0.0,19461
0.0,19462
0.0,19463
0.0,19464
0.0,19465
0.0,19466
0.0,19467
0.0,19468
0.0,19469
0.0,19470
0.0,19471
0.0,19472
0.0,19473
0.0,19474
0.0,19475
0.0,19476
0.0,19477
0.0,19478
0.0,19479
0.0,19480
0.0,19481
0.0,19482
0.0,19483
0.0,19484
0.0,19485
0.0,19486
0.0,19487
0.0,19488
0.0,19489
0.0,19490
3735.583044406345,19491
0.0,19492
0.0,19493
0.0,19494
0.0,19495
0.0,19496
0.0,19497
0.0,19498
0.0,19499
0.0,19500
0.0,19501
0.0,19502
0.0,19503
0.0,19504
0.0,19505
0.0,19506
0.0,19507
0.0,19508
0.0,19509
0.0,19510
0.0,19511
0.0,19512
0.0,19513
0.0,19514
1814.0412883035358,19515
0.0,19516
0.0,19517
0.0,19518
0.0,19519
0.0,19520
0.0,19521
0.0,19522
0.0,19523
18.847199979943348,19524
0.0,19525
0.0,19526
0.0,19527
0.0,19528
0.0,19529
0.0,19530
0.0,19531
20.849599143008238,19532
0.0,19533
0.0,19534
0.0,19535
0.0,19536
0.0,19537
0.0,19538
9.129657835565126,19539
0.0,19540
0.0,19541
0.0,19542
0.0,19543
0.0,19544
0.0,19545
0.0,19546
0.0,19547
0.0,19548
0.0,19549
10.910629161548124,19550
0.0,19551
0.0,19552
0.0,19553
0.0,19554
0.0,19555
0.0,19556
0.0,19557
0.0,19558
0.0,19559
12.688951968519715,19560
14.476487898370852,19561
0.0,19562
0.0,19563
0.0,19564
1021.7531359518125,19565
0.0,19566
1020.3918460849136,19567
0.0,19568
0.0,19569
0.0,19570
0.0,19571
0.0,19572
0.0,19573
0.0,19574
0.0,19575
0.0,19576
0.0,19577
0.0,19578
0.0,19579
998.6262312634184,19580
0.0,19581
0.0,19582
0.0,19583
0.0,19584
0.0,19585
394.83927821575645,19586
0.0,19587
0.0,19588
0.0,19589
0.0,19590
393.4575109981085,19591
0.0,19592
0.0,19593
0.0,19594
0.0,19595
0.0,19596
0.0,19597
0.0,19598
0.0,19599
0.0,19600
0.0,19601
0.0,19602
1913.0699650757344,19603
0.0,19604
0.0,19605
0.0,19606
0.0,19607
0.0,19608
1561.7070209191563,19609
0.0,19610
0.0,19611
0.0,19612
0.0,19613
0.0,19614
0.0,19615
0.0,19616
0.0,19617
0.0,19618
0.0,19619
0.0,19620
0.0,19621
0.0,19622
0.0,19623
0.0,19624
0.0,19625
0.0,19626
0.0,19627
0.0,19628
0.0,19629
0.0,19630
0.0,19631
0.0,19632
0.0,19633
0.0,19634
0.0,19635
0.0,19636
0.0,19637
0.0,19638
0.0,19639
0.0,19640
0.0,19641
0.0,19642
0.0,19643
0.0,19644
0.0,19645
0.0,19646
0.0,19647
0.0,19648
0.0,19649
0.0,19650
0.0,19651
0.0,19652
0.0,19653
0.0,19654
0.0,19655
0.0,19656
0.0,19657
0.0,19658
0.0,19659
0.0,19660
0.0,19661
0.0,19662
0.0,19663
0.0,19664
0.0,19665
0.0,19666
0.0,19667
0.0,19668
0.0,19669
0.0,19670
0.0,19671
0.0,19672
0.0,19673
0.0,19674
0.0,19675
0.0,19676
0.0,19677
0.0,19678
0.0,19679
944.2792662886231,19680
0.0,19681
848.0802050913993,19682
0.0,19683
0.0,19684
0.0,19685
0.0,19686
748.7798373685695,19687
0.0,19688
0.0,19689
0.0,19690
0.0,19691
0.0,19692
0.0,19693
0.0,19694
0.0,19695
0.0,19696
0.0,19697
0.0,19698
0.0,19699
0.0,19700
0.0,19701
0.0,19702
1170.1765492240781,19703
0.0,19704
0.0,19705
0.0,19706
0.0,19707
4615.2061815976285,19708
0.0,19709
0.0,19710
0.0,19711
0.0,19712
0.0,19713
0.0,19714
0.0,19715
0.0,19716
0.0,19717
0.0,19718
0.0,19719
0.0,19720
0.0,19721
0.0,19722
0.0,19723
0.0,19724
0.0,19725
0.0,19726
0.0,19727
1150.7922251921043,19728
0.0,19729
1054.3282510429717,19730
0.0,19731
0.0,19732
0.0,19733
0.0,19734
0.0,19735
0.0,19736
0.0,19737
0.0,19738
0.0,19739
0.0,19740
0.0,19741
0.0,19742
0.0,19743
0.0,19744
0.0,19745
0.0,19746
0.0,19747
0.0,19748
0.0,19749
0.0,19750
0.0,19751
0.0,19752
0.0,19753
0.0,19754
0.0,19755
0.0,19756
0.0,19757
0.0,19758
0.0,19759
0.0,19760
0.0,19761
0.0,19762
0.0,19763
0.0,19764
0.0,19765
0.0,19766
0.0,19767
0.0,19768
0.0,19769
0.0,19770
0.0,19771
0.0,19772
0.0,19773
0.0,19774
0.0,19775
0.0,19776
0.0,19777
0.0,19778
0.0,19779
0.0,19780
0.0,19781
0.0,19782
0.0,19783
0.0,19784
0.0,19785
0.0,19786
0.0,19787
0.0,19788
0.0,19789
0.0,19790
0.0,19791
0.0,19792
0.0,19793
0.0,19794
0.0,19795
0.0,19796
0.0,19797
0.0,19798
0.0,19799
0.0,19800
0.0,19801
0.0,19802
0.0,19803
1444.5402152298986,19804
0.0,19805
0.0,19806
0.0,19807
0.0,19808
0.0,19809
0.0,19810
0.0,19811
0.0,19812
0.0,19813
0.0,19814
0.0,19815
0.0,19816
0.0,19817
0.0,19818
0.0,19819
0.0,19820
0.0,19821
0.0,19822
0.0,19823
2560.005207686027,19824
494.4551171934856,19825
0.0,19826
0.0,19827
0.0,19828
0.0,19829
0.0,19830
0.0,19831
0.0,19832
0.0,19833
0.0,19834
0.0,19835
0.0,19836
0.0,19837
0.0,19838
0.0,19839
0.0,19840
0.0,19841
0.0,19842
0.0,19843
0.0,19844
0.0,19845
0.0,19846
0.0,19847
0.0,19848
0.0,19849
0.0,19850
0.0,19851
0.0,19852
0.0,19853
0.0,19854
0.0,19855
0.0,19856
0.0,19857
0.0,19858
0.0,19859
0.0,19860
0.0,19861
0.0,19862
0.0,19863
0.0,19864
0.0,19865
0.0,19866
0.0,19867
0.0,19868
0.0,19869
0.0,19870
1129.615264693314,19871
0.0,19872
0.0,19873
0.0,19874
0.0,19875
0.0,19876
0.0,19877
0.0,19878
0.0,19879
0.0,19880
0.0,19881
0.0,19882
0.0,19883
0.0,19884
0.0,19885
0.0,19886
0.0,19887
0.0,19888
0.0,19889
0.0,19890
0.0,19891
1855.0777470822102,19892
0.0,19893
0.0,19894
0.0,19895
0.0,19896
0.0,19897
0.0,19898
0.0,19899
0.0,19900
0.0,19901
0.0,19902
0.0,19903
0.0,19904
0.0,19905
0.0,19906
0.0,19907
0.0,19908
0.0,19909
0.0,19910
0.0,19911
0.0,19912
0.0,19913
0.0,19914
0.0,19915
0.0,19916
0.0,19917
0.0,19918
0.0,19919
0.0,19920
0.0,19921
0.0,19922
0.0,19923
0.0,19924
0.0,19925
1040.8331480470117,19926
0.0,19927
0.0,19928
0.0,19929
0.0,19930
0.0,19931
0.0,19932
0.0,19933
0.0,19934
0.0,19935
0.0,19936
0.0,19937
0.0,19938
0.0,19939
0.0,19940
0.0,19941
0.0,19942
0.0,19943
0.0,19944
0.0,19945
0.0,19946
0.0,19947
0.0,19948
0.0,19949
0.0,19950
0.0,19951
0.0,19952
0.0,19953
0.0,19954
116.89882577719068,19955
0.0,19956
0.0,19957
0.0,19958
0.0,19959
0.0,19960
0.0,19961
0.0,19962
0.0,19963
0.0,19964
0.0,19965
0.0,19966
0.0,19967
0.0,19968
0.0,19969
0.0,19970
0.0,19971
0.0,19972
0.0,19973
0.0,19974
0.0,19975
0.0,19976
0.0,19977
0.0,19978
0.0,19979
0.0,19980
0.0,19981
0.0,19982
0.0,19983
0.0,19984
0.0,19985
0.0,19986
0.0,19987
0.0,19988
0.0,19989
0.0,19990
0.0,19991
0.0,19992
0.0,19993
0.0,19994
0.0,19995
0.0,19996
0.0,19997
0.0,19998
0.0,19999
0.0,20000
0.0,20001
0.0,20002
0.0,20003
0.0,20004
0.0,20005
0.0,20006
0.0,20007
0.0,20008
0.0,20009
0.0,20010
0.0,20011
0.0,20012
0.0,20013
0.0,20014
0.0,20015
0.0,20016
0.0,20017
0.0,20018
0.0,20019
3125.7216330894307,20020
0.0,20021
0.0,20022
0.0,20023
0.0,20024
0.0,20025
0.0,20026
0.0,20027
0.0,20028
0.0,20029
0.0,20030
0.0,20031
0.0,20032
0.0,20033
0.0,20034
0.0,20035
0.0,20036
3390.4029096861386,20037
0.0,20038
0.0,20039
0.0,20040
0.0,20041
0.0,20042
4432.251805141732,20043
0.0,20044
0.0,20045
4784.383123609054,20046
0.0,20047
0.0,20048
0.0,20049
2725.0891211548596,20050
0.0,20051
1275.7884458686308,20052
0.0,20053
0.0,20054
0.0,20055
4785.049859176928,20056
0.0,20057
0.0,20058
0.0,20059
0.0,20060
0.0,20061
5018.074954748831,20062
0.0,20063
0.0,20064
0.0,20065
0.0,20066
4898.264107295063,20067
681.5384183878688,20068
0.0,20069
0.0,20070
0.0,20071
817.4905103521902,20072
972.8703512338642,20073
1539.5849160270807,20074
0.0,20075
0.0,20076
0.0,20077
0.0,20078
2331.7078486363403,20079
77.8698654418989,20080
3124.834245080317,20081
0.0,20082
0.0,20083
3321.1433422690593,20084
0.0,20085
6026.327989954268,20086
0.0,20087
0.0,20088
0.0,20089
1778.5764238137317,20090
1380.395952923028,20091
664.8904534605301,20092
0.0,20093
0.0,20094
4318.218483235146,20095
3535.7188243808932,20096
1509.5359102517473,20097
0.0,20098
1791.3167791255307,20099
0.0,20100
3946.189878233723,20101
0.0,20102
0.0,20103
0.0,20104
0.0,20105
0.0,20106
0.0,20107
0.0,20108
0.0,20109
0.0,20110
0.0,20111
0.0,20112
0.0,20113
0.0,20114
0.0,20115
0.0,20116
0.0,20117
0.0,20118
0.0,20119
0.0,20120
0.0,20121
0.0,20122
0.0,20123
0.0,20124
0.0,20125
0.0,20126
0.0,20127
0.0,20128
461.0493043373151,20129
0.0,20130
0.0,20131
0.0,20132
0.0,20133
5979.638723191776,20134
0.0,20135
0.0,20136
0.0,20137
663.6723907578934,20138
0.0,20139
0.0,20140
103.92816206360875,20141
0.0,20142
0.0,20143
0.0,20144
0.0,20145
0.0,20146
0.0,20147
216.41650213642606,20148
219.35093228972937,20149
1463.2586188869386,20150
0.0,20151
0.0,20152
323.5933280039458,20153
490.24430108273265,20154
0.0,20155
0.0,20156
0.0,20157
1028.1419210944769,20158
0.0,20159
0.0,20160
0.0,20161
0.0,20162
0.0,20163
0.0,20164
0.0,20165
0.0,20166
0.0,20167
0.0,20168
0.0,20169
0.0,20170
0.0,20171
0.0,20172
0.0,20173
0.0,20174
0.0,20175
0.0,20176
0.0,20177
0.0,20178
0.0,20179
247.80567468446745,20180
0.0,20181
0.0,20182
0.0,20183
0.0,20184
0.0,20185
0.0,20186
0.0,20187
0.0,20188
0.0,20189
1026.6353804094435,20190
0.0,20191
105.1023367110554,20192
0.0,20193
0.0,20194
0.0,20195
0.0,20196
0.0,20197
0.0,20198
0.0,20199
226.09580886997628,20200
2238.4472712959755,20201
0.0,20202
0.0,20203
0.0,20204
0.0,20205
0.0,20206
0.0,20207
0.0,20208
0.0,20209
0.0,20210
939.7824492201785,20211
0.0,20212
0.0,20213
0.0,20214
0.0,20215
0.0,20216
0.0,20217
0.0,20218
0.0,20219
0.0,20220
0.0,20221
0.0,20222
0.0,20223
0.0,20224
0.0,20225
0.0,20226
0.0,20227
0.0,20228
0.0,20229
0.0,20230
0.0,20231
0.0,20232
0.0,20233
0.0,20234
0.0,20235
0.0,20236
0.0,20237
0.0,20238
0.0,20239
0.0,20240
0.0,20241
0.0,20242
0.0,20243
0.0,20244
0.0,20245
0.0,20246
0.0,20247
0.0,20248
0.0,20249
2425.043913321706,20250
0.0,20251
0.0,20252
0.0,20253
489.4906712038141,20254
0.0,20255
116.39181422781375,20256
0.0,20257
155.20536818740132,20258
156.26031400256338,20259
0.0,20260
0.0,20261
0.0,20262
0.0,20263
0.0,20264
0.0,20265
0.0,20266
0.0,20267
0.0,20268
0.0,20269
0.0,20270
0.0,20271
3151.105763717321,20272
0.0,20273
0.0,20274
0.0,20275
0.0,20276
0.0,20277
0.0,20278
0.0,20279
0.0,20280
0.0,20281
0.0,20282
0.0,20283
0.0,20284
127.35474736647713,20285
0.0,20286
0.0,20287
0.0,20288
0.0,20289
0.0,20290
0.0,20291
0.0,20292
0.0,20293
0.0,20294
0.0,20295
0.0,20296
0.0,20297
0.0,20298
0.0,20299
0.0,20300
0.0,20301
0.0,20302
0.0,20303
0.0,20304
3571.7974333228062,20305
0.0,20306
0.0,20307
0.0,20308
349.5191516479425,20309
0.0,20310
0.0,20311
0.0,20312
0.0,20313
0.0,20314
0.0,20315
0.0,20316
0.0,20317
0.0,20318
0.0,20319
0.0,20320
0.0,20321
0.0,20322
0.0,20323
0.0,20324
0.0,20325
0.0,20326
0.0,20327
0.0,20328
0.0,20329
0.0,20330
0.0,20331
0.0,20332
0.0,20333
0.0,20334
0.0,20335
0.0,20336
0.0,20337
0.0,20338
0.0,20339
0.0,20340
0.0,20341
0.0,20342
0.0,20343
0.0,20344
0.0,20345
0.0,20346
0.0,20347
0.0,20348
0.0,20349
0.0,20350
0.0,20351
0.0,20352
0.0,20353
0.0,20354
150.48094251419042,20355
0.0,20356
0.0,20357
0.0,20358
0.0,20359
561.4892204551701,20360
0.0,20361
0.0,20362
0.0,20363
0.0,20364
0.0,20365
0.0,20366
0.0,20367
0.0,20368
0.0,20369
0.0,20370
0.0,20371
0.0,20372
0.0,20373
3444.910511312283,20374
0.0,20375
0.0,20376
0.0,20377
0.0,20378
0.0,20379
0.0,20380
0.0,20381
0.0,20382
0.0,20383
0.0,20384
0.0,20385
0.0,20386
0.0,20387
0.0,20388
0.0,20389
0.0,20390
0.0,20391
0.0,20392
0.0,20393
0.0,20394
0.0,20395
0.0,20396
0.0,20397
0.0,20398
874.6068177343876,20399
0.0,20400
2808.936083645978,20401
661.9086270860049,20402
4557.885171559864,20403
0.0,20404
0.0,20405
0.0,20406
1502.9477578971866,20407
0.0,20408
0.0,20409
0.0,20410
0.0,20411
0.0,20412
0.0,20413
0.0,20414
0.0,20415
0.0,20416
0.0,20417
0.0,20418
0.0,20419
0.0,20420
0.0,20421
0.0,20422
0.0,20423
0.0,20424
0.0,20425
0.0,20426
0.0,20427
0.0,20428
0.0,20429
0.0,20430
0.0,20431
0.0,20432
0.0,20433
0.0,20434
0.0,20435
0.0,20436
0.0,20437
0.0,20438
0.0,20439
0.0,20440
49.79795749830479,20441
0.0,20442
0.0,20443
0.0,20444
0.0,20445
0.0,20446
0.0,20447
0.0,20448
0.0,20449
0.0,20450
0.0,20451
3853.6076405908707,20452
0.0,20453
0.0,20454
0.0,20455
3852.3727438717638,20456
0.0,20457
0.0,20458
2508.607322768532,20459
0.0,20460
0.0,20461
0.0,20462
183.9096445183952,20463
227.22886987021104,20464
0.0,20465
0.0,20466
9908.67030233158,20467
0.0,20468
0.0,20469
4944.173680077583,20470
3291.9542356120282,20471
0.0,20472
0.0,20473
0.0,20474
992.131776920114,20475
0.0,20476
1231.7415243349485,20477
0.0,20478
582.3529873168446,20479
0.0,20480
0.0,20481
0.0,20482
0.0,20483
0.0,20484
0.0,20485
0.0,20486
0.0,20487
0.0,20488
0.0,20489
0.0,20490
0.0,20491
0.0,20492
0.0,20493
0.0,20494
0.0,20495
0.0,20496
0.0,20497
0.0,20498
0.0,20499
0.0,20500
0.0,20501
0.0,20502
0.0,20503
0.0,20504
0.0,20505
0.0,20506
0.0,20507
0.0,20508
0.0,20509
0.0,20510
0.0,20511
0.0,20512
0.0,20513
0.0,20514
0.0,20515
946.6949596320732,20516
946.6595643357448,20517
0.0,20518
0.0,20519
0.0,20520
591.8085020679985,20521
0.0,20522
0.0,20523
0.0,20524
0.0,20525
0.0,20526
3641.508272109239,20527
2403.137331299241,20528
0.0,20529
0.0,20530
0.0,20531
0.0,20532
0.0,20533
0.0,20534
0.0,20535
191.69576171513938,20536
2687.2575421544384,20537
443.52266911472145,20538
0.0,20539
0.0,20540
0.0,20541
0.0,20542
0.0,20543
2592.8453227614627,20544
2549.8536569673947,20545
0.0,20546
0.0,20547
0.0,20548
0.0,20549
1378.9227982637856,20550
0.0,20551
0.0,20552
0.0,20553
0.0,20554
620.0268050487639,20555
6916.244728314612,20556
0.0,20557
1718.86366425611,20558
0.0,20559
0.0,20560
0.0,20561
995.8550235590754,20562
0.0,20563
4855.197191770509,20564
957.3179750491172,20565
2241.5261399349656,20566
2239.305658785657,20567
0.0,20568
0.0,20569
258.17904220716434,20570
0.0,20571
0.0,20572
0.0,20573
0.0,20574
0.0,20575
0.0,20576
1885.6943865798587,20577
0.0,20578
0.0,20579
0.0,20580
0.0,20581
0.0,20582
1296.4335023929768,20583
0.0,20584
0.0,20585
0.0,20586
0.0,20587
0.0,20588
0.0,20589
0.0,20590
0.0,20591
98.85771069991195,20592
0.0,20593
0.0,20594
852.6896382311216,20595
0.0,20596
0.0,20597
1242.966503033331,20598
0.0,20599
0.0,20600
0.0,20601
0.0,20602
0.0,20603
0.0,20604
2240.9373803078893,20605
0.0,20606
0.0,20607
0.0,20608
0.0,20609
0.0,20610
0.0,20611
0.0,20612
3383.5728853866744,20613
0.0,20614
0.0,20615
1376.4233793601159,20616
0.0,20617
0.0,20618
0.0,20619
0.0,20620
0.0,20621
0.0,20622
0.0,20623
1502.2770243976777,20624
0.0,20625
0.0,20626
1502.4365082962383,20627
0.0,20628
0.0,20629
0.0,20630
0.0,20631
0.0,20632
0.0,20633
164.4328368709927,20634
0.0,20635
0.0,20636
1633.2381242057875,20637
0.0,20638
458.6069602178422,20639
0.0,20640
1381.8250880604635,20641
0.0,20642
597.3468806408806,20643
67.96214342211738,20644
0.0,20645
0.0,20646
0.0,20647
0.0,20648
0.0,20649
0.0,20650
0.0,20651
0.0,20652
0.0,20653
684.4123995668223,20654
0.0,20655
0.0,20656
683.3259565581892,20657
1086.0141074190192,20658
0.0,20659
0.0,20660
0.0,20661
0.0,20662
0.0,20663
0.0,20664
0.0,20665
0.0,20666
0.0,20667
0.0,20668
0.0,20669
424.2633691488414,20670
0.0,20671
0.0,20672
0.0,20673
0.0,20674
0.0,20675
0.0,20676
0.0,20677
0.0,20678
0.0,20679
0.0,20680
0.0,20681
2547.4808478514974,20682
0.0,20683
0.0,20684
0.0,20685
0.0,20686
0.0,20687
0.0,20688
0.0,20689
0.0,20690
0.0,20691
0.0,20692
0.0,20693
0.0,20694
0.0,20695
0.0,20696
0.0,20697
0.0,20698
0.0,20699
0.0,20700
0.0,20701
0.0,20702
0.0,20703
0.0,20704
0.0,20705
0.0,20706
0.0,20707
0.0,20708
0.0,20709
0.0,20710
0.0,20711
0.0,20712
0.0,20713
0.0,20714
0.0,20715
0.0,20716
484.24086055146756,20717
0.0,20718
0.0,20719
0.0,20720
1598.6468346521297,20721
0.0,20722
0.0,20723
0.0,20724
0.0,20725
0.0,20726
0.0,20727
0.0,20728
0.0,20729
0.0,20730
0.0,20731
0.0,20732
0.0,20733
0.0,20734
0.0,20735
0.0,20736
0.0,20737
0.0,20738
0.0,20739
0.0,20740
0.0,20741
0.0,20742
0.0,20743
0.0,20744
0.0,20745
0.0,20746
0.0,20747
43.383588366657655,20748
43.62380833238607,20749
0.0,20750
0.0,20751
1019.2165348061196,20752
0.0,20753
0.0,20754
0.0,20755
0.0,20756
0.0,20757
0.0,20758
0.0,20759
857.6933404720279,20760
1395.9883676498102,20761
2264.140581332619,20762
0.0,20763
0.0,20764
0.0,20765
0.0,20766
0.0,20767
0.0,20768
1554.0662796896393,20769
1395.19313755927,20770
0.0,20771
860.0442411121712,20772
1554.2463168509166,20773
862.3958186465618,20774
0.0,20775
0.0,20776
0.0,20777
0.0,20778
0.0,20779
0.0,20780
0.0,20781
0.0,20782
0.0,20783
0.0,20784
0.0,20785
0.0,20786
0.0,20787
1842.7984658881899,20788
0.0,20789
0.0,20790
0.0,20791
0.0,20792
0.0,20793
1716.1683455082111,20794
0.0,20795
0.0,20796
0.0,20797
0.0,20798
1418.7929087589334,20799
0.0,20800
0.0,20801
295.3087131940405,20802
0.0,20803
0.0,20804
0.0,20805
0.0,20806
0.0,20807
0.0,20808
0.0,20809
0.0,20810
0.0,20811
0.0,20812
0.0,20813
0.0,20814
0.0,20815
0.0,20816
0.0,20817
0.0,20818
0.0,20819
524.6026212852645,20820
0.0,20821
0.0,20822
0.0,20823
0.0,20824
0.0,20825
0.0,20826
990.0873381589637,20827
0.0,20828
0.0,20829
0.0,20830
0.0,20831
0.0,20832
0.0,20833
497.9461200802706,20834
1212.4362881082884,20835
0.0,20836
497.4354368209511,20837
496.5226949072497,20838
0.0,20839
0.0,20840
0.0,20841
0.0,20842
0.0,20843
0.0,20844
0.0,20845
0.0,20846
0.0,20847
0.0,20848
0.0,20849
0.0,20850
1055.1854389680552,20851
0.0,20852
753.6712511544713,20853
2434.6801180205794,20854
752.2566017528924,20855
1176.075825519152,20856
0.0,20857
1684.457485698408,20858
5367.200082266986,20859
0.0,20860
0.0,20861
88.87719137768079,20862
0.0,20863
1095.664376580027,20864
0.0,20865
1244.5812441948576,20866
0.0,20867
748.277783494649,20868
0.0,20869
0.0,20870
0.0,20871
0.0,20872
1114.256768688751,20873
0.0,20874
0.0,20875
1242.8862471067475,20876
0.0,20877
0.0,20878
0.0,20879
0.0,20880
0.0,20881
1580.1816829401778,20882
0.0,20883
0.0,20884
0.0,20885
0.0,20886
0.0,20887
3411.5265841394016,20888
1241.70351502486,20889
0.0,20890
0.0,20891
0.0,20892
0.0,20893
0.0,20894
0.0,20895
0.0,20896
0.0,20897
0.0,20898
0.0,20899
1913.7203669396608,20900
1241.0409254227009,20901
0.0,20902
0.0,20903
0.0,20904
0.0,20905
0.0,20906
0.0,20907
0.0,20908
0.0,20909
0.0,20910
1269.066243678008,20911
0.0,20912
0.0,20913
0.0,20914
0.0,20915
0.0,20916
0.0,20917
0.0,20918
0.0,20919
1519.5814238964347,20920
0.0,20921
0.0,20922
1518.6255688968631,20923
0.0,20924
0.0,20925
0.0,20926
0.0,20927
0.0,20928
0.0,20929
1517.6906304927898,20930
0.0,20931
0.0,20932
0.0,20933
0.0,20934
0.0,20935
0.0,20936
179.99924405143196,20937
0.0,20938
0.0,20939
0.0,20940
0.0,20941
0.0,20942
0.0,20943
0.0,20944
0.0,20945
0.0,20946
0.0,20947
0.0,20948
3273.5079457482357,20949
4193.412546557389,20950
0.0,20951
4195.574931562558,20952
0.0,20953
0.0,20954
0.0,20955
0.0,20956
0.0,20957
0.0,20958
0.0,20959
0.0,20960
2079.8855880258197,20961
4396.511408789571,20962
0.0,20963
0.0,20964
1303.8924884150842,20965
656.5517075629623,20966
0.0,20967
708.1596993438485,20968
0.0,20969
0.0,20970
0.0,20971
0.0,20972
0.0,20973
0.0,20974
0.0,20975
0.0,20976
0.0,20977
0.0,20978
0.0,20979
0.0,20980
0.0,20981
1574.6599542822667,20982
0.0,20983
0.0,20984
0.0,20985
0.0,20986
0.0,20987
845.3282743004054,20988
0.0,20989
1983.3092278045542,20990
877.8082188604325,20991
0.0,20992
0.0,20993
1723.955810287684,20994
0.0,20995
0.0,20996
0.0,20997
0.0,20998
0.0,20999
0.0,21000
0.0,21001
857.700278143781,21002
0.0,21003
0.0,21004
1206.5062093092263,21005
0.0,21006
0.0,21007
0.0,21008
0.0,21009
0.0,21010
0.0,21011
0.0,21012
0.0,21013
0.0,21014
0.0,21015
0.0,21016
0.0,21017
0.0,21018
82.20612916318987,21019
0.0,21020
128.574362138842,21021
0.0,21022
0.0,21023
1084.2822662108506,21024
0.0,21025
0.0,21026
0.0,21027
0.0,21028
0.0,21029
0.0,21030
0.0,21031
0.0,21032
0.0,21033
0.0,21034
0.0,21035
0.0,21036
0.0,21037
0.0,21038
0.0,21039
0.0,21040
0.0,21041
0.0,21042
0.0,21043
0.0,21044
0.0,21045
0.0,21046
0.0,21047
0.0,21048
0.0,21049
3292.688028853926,21050
4107.726583804292,21051
0.0,21052
0.0,21053
0.0,21054
3688.2337352486334,21055
0.0,21056
0.0,21057
0.0,21058
0.0,21059
4151.8825072933405,21060
0.0,21061
0.0,21062
0.0,21063
1214.2722176405275,21064
0.0,21065
0.0,21066
0.0,21067
0.0,21068
0.0,21069
4432.217134986198,21070
0.0,21071
0.0,21072
0.0,21073
0.0,21074
0.0,21075
2440.004676781763,21076
0.0,21077
3621.082678510132,21078
0.0,21079
0.0,21080
0.0,21081
491.547733361945,21082
26.111464145760475,21083
33.46078740224988,21084
34.95909143695431,21085
0.0,21086
0.0,21087
1554.5930732068198,21088
0.0,21089
0.0,21090
0.0,21091
0.0,21092
0.0,21093
25.923777829288976,21094
0.0,21095
0.0,21096
1009.2007365925116,21097
1460.149768425093,21098
0.0,21099
0.0,21100
0.0,21101
0.0,21102
1329.0257729078833,21103
0.0,21104
3610.1821745382535,21105
3237.2578119297523,21106
0.0,21107
1009.4192082769529,21108
1009.3008400235833,21109
0.0,21110
0.0,21111
0.0,21112
0.0,21113
0.0,21114
0.0,21115
0.0,21116
0.0,21117
0.0,21118
0.0,21119
0.0,21120
0.0,21121
0.0,21122
0.0,21123
0.0,21124
0.0,21125
0.0,21126
0.0,21127
0.0,21128
0.0,21129
0.0,21130
0.0,21131
0.0,21132
0.0,21133
0.0,21134
0.0,21135
0.0,21136
0.0,21137
0.0,21138
0.0,21139
0.0,21140
0.0,21141
0.0,21142
0.0,21143
0.0,21144
0.0,21145
0.0,21146
0.0,21147
0.0,21148
610.0497883029261,21149
0.0,21150
0.0,21151
1667.0088697631056,21152
0.0,21153
320.1564785430008,21154
0.0,21155
0.0,21156
927.9485555297332,21157
900.5196801283662,21158
0.0,21159
901.9159333505476,21160
0.0,21161
0.0,21162
853.8790648799173,21163
0.0,21164
0.0,21165
0.0,21166
1185.652880041767,21167
0.0,21168
729.0658154467839,21169
253.90429387713442,21170
0.0,21171
254.70892513251073,21172
47.90901459064898,21173
732.7542936232792,21174
749.2259393864234,21175
0.0,21176
0.0,21177
0.0,21178
0.0,21179
0.0,21180
0.0,21181
0.0,21182
0.0,21183
0.0,21184
0.0,21185
0.0,21186
672.8595906472093,21187
0.0,21188
1641.4551750218286,21189
0.0,21190
360.48139756101375,21191
0.0,21192
0.0,21193
1078.1833641443204,21194
0.0,21195
0.0,21196
0.0,21197
0.0,21198
0.0,21199
0.0,21200
0.0,21201
0.0,21202
0.0,21203
0.0,21204
0.0,21205
0.0,21206
0.0,21207
0.0,21208
0.0,21209
15005.616512275301,21210
0.0,21211
0.0,21212
0.0,21213
0.0,21214
0.0,21215
0.0,21216
0.0,21217
0.0,21218
0.0,21219
0.0,21220
0.0,21221
0.0,21222
0.0,21223
0.0,21224
0.0,21225
0.0,21226
0.0,21227
0.0,21228
0.0,21229
0.0,21230
0.0,21231
0.0,21232
0.0,21233
0.0,21234
0.0,21235
0.0,21236
0.0,21237
0.0,21238
0.0,21239
0.0,21240
0.0,21241
0.0,21242
0.0,21243
0.0,21244
0.0,21245
0.0,21246
0.0,21247
885.2276413941905,21248
0.0,21249
0.0,21250
0.0,21251
0.0,21252
0.0,21253
0.0,21254
0.0,21255
0.0,21256
0.0,21257
0.0,21258
0.0,21259
0.0,21260
0.0,21261
1423.5092293524563,21262
0.0,21263
9274.308222872529,21264
0.0,21265
0.0,21266
0.0,21267
0.0,21268
0.0,21269
0.0,21270
0.0,21271
0.0,21272
0.0,21273
0.0,21274
0.0,21275
0.0,21276
0.0,21277
0.0,21278
1592.0852344879181,21279
0.0,21280
0.0,21281
0.0,21282
0.0,21283
0.0,21284
0.0,21285
0.0,21286
0.0,21287
0.0,21288
0.0,21289
0.0,21290
0.0,21291
0.0,21292
0.0,21293
0.0,21294
6134.188850616446,21295
312.84822310238064,21296
3814.3580994757194,21297
0.0,21298
0.0,21299
4252.765866571924,21300
0.0,21301
0.0,21302
0.0,21303
0.0,21304
0.0,21305
0.0,21306
0.0,21307
0.0,21308
0.0,21309
0.0,21310
0.0,21311
1334.5047981673856,21312
0.0,21313
2511.651484350638,21314
0.0,21315
0.0,21316
0.0,21317
0.0,21318
0.0,21319
0.0,21320
2501.7362677890033,21321
0.0,21322
1595.6560026817992,21323
1938.0842091075324,21324
0.0,21325
330.8651123040597,21326
0.0,21327
1532.1070913350472,21328
0.0,21329
291.26337776646574,21330
0.0,21331
0.0,21332
0.0,21333
0.0,21334
331.0853811296541,21335
1252.8614284154771,21336
0.0,21337
0.0,21338
2282.080011172156,21339
1200.036061668526,21340
0.0,21341
0.0,21342
0.0,21343
0.0,21344
0.0,21345
726.92543025693,21346
0.0,21347
929.9780593050822,21348
930.2308981664956,21349
725.8468519358522,21350
724.836813733436,21351
0.0,21352
930.6109318011519,21353
549.79755236984,21354
1229.2061804654466,21355
546.6592376563482,21356
0.0,21357
0.0,21358
0.0,21359
0.0,21360
0.0,21361
0.0,21362
6838.782446850019,21363
0.0,21364
2981.684006958578,21365
2020.1493299489402,21366
0.0,21367
0.0,21368
0.0,21369
0.0,21370
950.7731417147631,21371
0.0,21372
0.0,21373
0.0,21374
0.0,21375
0.0,21376
0.0,21377
0.0,21378
2874.5029933197793,21379
1457.3305280801478,21380
0.0,21381
0.0,21382
0.0,21383
0.0,21384
0.0,21385
0.0,21386
0.0,21387
0.0,21388
0.0,21389
0.0,21390
0.0,21391
0.0,21392
0.0,21393
0.0,21394
0.0,21395
0.0,21396
0.0,21397
0.0,21398
0.0,21399
0.0,21400
0.0,21401
0.0,21402
0.0,21403
0.0,21404
0.0,21405
0.0,21406
0.0,21407
0.0,21408
0.0,21409
1665.2776327528109,21410
1759.5552147723672,21411
0.0,21412
440.4021480962025,21413
2504.0843466084234,21414
0.0,21415
0.0,21416
79.64440389889354,21417
0.0,21418
0.0,21419
0.0,21420
0.0,21421
473.92718055769177,21422
0.0,21423
0.0,21424
0.0,21425
0.0,21426
0.0,21427
0.0,21428
0.0,21429
0.0,21430
474.5254589878408,21431
0.0,21432
0.0,21433
0.0,21434
2638.175609490273,21435
0.0,21436
2637.8203389549562,21437
0.0,21438
228.80360433426003,21439
0.0,21440
230.91977151493708,21441
0.0,21442
337.9377220991105,21443
233.25080141999504,21444
0.0,21445
941.7382199302969,21446
0.0,21447
2673.542236526259,21448
940.8727896830719,21449
0.0,21450
940.0478817351317,21451
0.0,21452
0.0,21453
0.0,21454
0.0,21455
0.0,21456
0.0,21457
0.0,21458
0.0,21459
0.0,21460
0.0,21461
0.0,21462
2672.6791129970343,21463
235.641662939298,21464
0.0,21465
392.02547290344995,21466
0.0,21467
237.85641291176742,21468
0.0,21469
0.0,21470
0.0,21471
2672.6350369851657,21472
0.0,21473
0.0,21474
338.661309016895,21475
0.0,21476
240.11509048744793,21477
0.0,21478
333.0882013855691,21479
242.42491378887337,21480
0.0,21481
0.0,21482
1827.6684365721844,21483
0.0,21484
2004.5814966091336,21485
0.0,21486
2601.709523654303,21487
0.0,21488
0.0,21489
0.0,21490
0.0,21491
0.0,21492
0.0,21493
0.0,21494
0.0,21495
0.0,21496
0.0,21497
958.2380726819423,21498
14610.229188669744,21499
0.0,21500
0.0,21501
2995.3246358251367,21502
0.0,21503
2993.098709802612,21504
0.0,21505
0.0,21506
0.0,21507
222.24983640554353,21508
0.0,21509
0.0,21510
0.0,21511
0.0,21512
0.0,21513
0.0,21514
0.0,21515
0.0,21516
0.0,21517
0.0,21518
0.0,21519
0.0,21520
0.0,21521
0.0,21522
0.0,21523
0.0,21524
0.0,21525
0.0,21526
0.0,21527
0.0,21528
0.0,21529
0.0,21530
0.0,21531
0.0,21532
0.0,21533
0.0,21534
0.0,21535
12035.55427872271,21536
0.0,21537
0.0,21538
0.0,21539
0.0,21540
0.0,21541
0.0,21542
0.0,21543
0.0,21544
0.0,21545
0.0,21546
1636.955281522795,21547
1637.9434439858273,21548
1638.9246869862025,21549
0.0,21550
1639.895170791384,21551
1640.8569478229554,21552
1641.8143860293592,21553
3686.784712840929,21554
3685.055655978441,21555
0.0,21556
0.0,21557
0.0,21558
0.0,21559
542.5733390255123,21560
0.0,21561
0.0,21562
97.88410020320491,21563
2864.1100400496252,21564
544.8081207055064,21565
1010.4074986666233,21566
547.6253734032372,21567
924.0646453303902,21568
0.0,21569
548.4790920999264,21570
549.867756623065,21571
104.99912038975793,21572
1859.4485303338388,21573
552.0582239341579,21574
632.9908069209422,21575
631.0205436026193,21576
0.0,21577
3605.661682089229,21578
4210.309436127943,21579
0.0,21580
0.0,21581
0.0,21582
0.0,21583
4392.9555536515645,21584
0.0,21585
4340.98518939844,21586
0.0,21587
0.0,21588
0.0,21589
0.0,21590
0.0,21591
2920.789681580393,21592
0.0,21593
0.0,21594
0.0,21595
0.0,21596
1704.7797307177418,21597
0.0,21598
664.9415402191404,21599
0.0,21600
1702.9300623896193,21601
0.0,21602
0.0,21603
0.0,21604
0.0,21605
0.0,21606
0.0,21607
0.0,21608
0.0,21609
1827.9837388131614,21610
554.1804117430509,21611
476.2187068668253,21612
0.0,21613
0.0,21614
0.0,21615
0.0,21616
0.0,21617
0.0,21618
0.0,21619
1830.1120048408175,21620
0.0,21621
1701.8766000394646,21622
217.87298541876396,21623
0.0,21624
0.0,21625
3543.9563267214503,21626
0.0,21627
0.0,21628
0.0,21629
7659.074083579589,21630
0.0,21631
0.0,21632
0.0,21633
176.0663720535298,21634
8840.273986402914,21635
0.0,21636
0.0,21637
3737.5397201982287,21638
5961.209197822425,21639
0.0,21640
0.0,21641
0.0,21642
0.0,21643
175.5578373939296,21644
4400.838934822104,21645
190.7886137395283,21646
6161.073224437505,21647
209.67051876802637,21648
0.0,21649
739.9309045018891,21650
0.0,21651
0.0,21652
4360.778668199003,21653
0.0,21654
337.55896938068105,21655
0.0,21656
4693.546365192095,21657
8034.14288204599,21658
884.4640302387505,21659
637.0373267995519,21660
1366.783336097845,21661
0.0,21662
551.2321774461585,21663
0.0,21664
1262.5518814038344,21665
1718.1378174209997,21666
7939.786041317405,21667
1454.2156903113153,21668
5231.029054031028,21669
0.0,21670
0.0,21671
3116.943461013496,21672
0.0,21673
7780.830983356233,21674
2818.2538945239194,21675
1046.2505923119033,21676
656.8901553081506,21677
1770.1961153814846,21678
2898.6540430105924,21679
3031.160329418095,21680
0.0,21681
0.0,21682
0.0,21683
4569.626086408878,21684
0.0,21685
0.0,21686
176.01851273838744,21687
863.2097908927155,21688
0.0,21689
641.9201302777298,21690
0.0,21691
3252.096259454897,21692
1294.0405232448957,21693
529.4603694412173,21694
0.0,21695
175.5519367457853,21696
1494.564521927227,21697
0.0,21698
0.0,21699
3898.6808611932715,21700
0.0,21701
6417.642757041111,21702
0.0,21703
0.0,21704
1581.5727494938728,21705
0.0,21706
1060.6413245785216,21707
0.0,21708
1602.0365793707256,21709
5210.034937003036,21710
1971.9545443601053,21711
1326.4468105275323,21712
505.03475787117446,21713
0.0,21714
2086.2187596033245,21715
0.0,21716
0.0,21717
640.6965684233907,21718
0.0,21719
0.0,21720
3276.327078152882,21721
0.0,21722
0.0,21723
2088.0691479206816,21724
5130.4365126574185,21725
0.0,21726
1411.1256147881586,21727
0.0,21728
0.0,21729
0.0,21730
0.0,21731
0.0,21732
3092.8386777602377,21733
0.0,21734
0.0,21735
0.0,21736
1275.1719445626843,21737
0.0,21738
0.0,21739
432.6804428009563,21740
0.0,21741
0.0,21742
0.0,21743
306.74048019389835,21744
0.0,21745
0.0,21746
0.0,21747
0.0,21748
0.0,21749
52.23829084488625,21750
0.0,21751
0.0,21752
0.0,21753
0.0,21754
2345.566797504783,21755
0.0,21756
0.0,21757
0.0,21758
0.0,21759
0.0,21760
0.0,21761
0.0,21762
0.0,21763
0.0,21764
883.9077668274092,21765
1027.5305791152625,21766
0.0,21767
0.0,21768
1662.2550069932302,21769
0.0,21770
0.0,21771
0.0,21772
0.0,21773
0.0,21774
0.0,21775
0.0,21776
0.0,21777
0.0,21778
0.0,21779
6361.76082617019,21780
10517.463575862455,21781
2704.318529301734,21782
0.0,21783
0.0,21784
2460.312679752597,21785
5214.060786685204,21786
0.0,21787
0.0,21788
942.0727137733837,21789
3511.270287862713,21790
0.0,21791
0.0,21792
0.0,21793
350.0373452011297,21794
0.0,21795
0.0,21796
518.1889247119458,21797
0.0,21798
0.0,21799
0.0,21800
0.0,21801
310.35722197355227,21802
0.0,21803
0.0,21804
0.0,21805
0.0,21806
0.0,21807
0.0,21808
0.0,21809
0.0,21810
1233.9678410089923,21811
0.0,21812
0.0,21813
0.0,21814
96.35140419702809,21815
0.0,21816
109.15826886466482,21817
280.4824267766178,21818
0.0,21819
0.0,21820
0.0,21821
0.0,21822
370.51501375561895,21823
0.0,21824
0.0,21825
1109.0906053507883,21826
0.0,21827
0.0,21828
0.0,21829
0.0,21830
0.0,21831
0.0,21832
0.0,21833
0.0,21834
91.94612194319261,21835
0.0,21836
0.0,21837
0.0,21838
0.0,21839
0.0,21840
0.0,21841
0.0,21842
1241.7809101201117,21843
0.0,21844
0.0,21845
0.0,21846
0.0,21847
0.0,21848
0.0,21849
0.0,21850
0.0,21851
0.0,21852
0.0,21853
0.0,21854
0.0,21855
0.0,21856
0.0,21857
0.0,21858
0.0,21859
0.0,21860
2075.2894779269477,21861
0.0,21862
1763.409547682051,21863
0.0,21864
0.0,21865
0.0,21866
0.0,21867
0.0,21868
0.0,21869
0.0,21870
0.0,21871
0.0,21872
0.0,21873
0.0,21874
0.0,21875
0.0,21876
0.0,21877
0.0,21878
1819.0881062148944,21879
0.0,21880
0.0,21881
0.0,21882
0.0,21883
0.0,21884
0.0,21885
0.0,21886
0.0,21887
0.0,21888
919.5847026153892,21889
0.0,21890
0.0,21891
0.0,21892
0.0,21893
0.0,21894
0.0,21895
0.0,21896
0.0,21897
0.0,21898
0.0,21899
0.0,21900
0.0,21901
0.0,21902
0.0,21903
0.0,21904
0.0,21905
0.0,21906
0.0,21907
0.0,21908
0.0,21909
0.0,21910
0.0,21911
0.0,21912
0.0,21913
0.0,21914
0.0,21915
0.0,21916
0.0,21917
0.0,21918
0.0,21919
0.0,21920
0.0,21921
0.0,21922
0.0,21923
0.0,21924
1111.1846427255969,21925
0.0,21926
0.0,21927
0.0,21928
0.0,21929
0.0,21930
0.0,21931
0.0,21932
0.0,21933
0.0,21934
0.0,21935
0.0,21936
0.0,21937
0.0,21938
0.0,21939
0.0,21940
0.0,21941
0.0,21942
0.0,21943
0.0,21944
0.0,21945
0.0,21946
0.0,21947
0.0,21948
0.0,21949
0.0,21950
0.0,21951
0.0,21952
0.0,21953
0.0,21954
0.0,21955
0.0,21956
0.0,21957
0.0,21958
0.0,21959
0.0,21960
672.4928608143839,21961
0.0,21962
671.0159189437445,21963
0.0,21964
0.0,21965
0.0,21966
953.3759944494112,21967
0.0,21968
0.0,21969
0.0,21970
0.0,21971
3847.7517578211477,21972
669.5862332471063,21973
0.0,21974
0.0,21975
0.0,21976
0.0,21977
0.0,21978
0.0,21979
142.30199983909174,21980
0.0,21981
0.0,21982
0.0,21983
0.0,21984
0.0,21985
0.0,21986
0.0,21987
666.9925050066593,21988
0.0,21989
0.0,21990
0.0,21991
0.0,21992
0.0,21993
0.0,21994
0.0,21995
0.0,21996
0.0,21997
0.0,21998
0.0,21999
0.0,22000
0.0,22001
0.0,22002
0.0,22003
0.0,22004
0.0,22005
0.0,22006
0.0,22007
0.0,22008
0.0,22009
1072.4042617240866,22010
665.8440093002865,22011
0.0,22012
0.0,22013
0.0,22014
0.0,22015
0.0,22016
1079.2998061213484,22017
0.0,22018
0.0,22019
664.6452871113304,22020
1077.021057597019,22021
0.0,22022
0.0,22023
0.0,22024
0.0,22025
0.0,22026
0.0,22027
0.0,22028
0.0,22029
0.0,22030
0.0,22031
0.0,22032
0.0,22033
0.0,22034
0.0,22035
0.0,22036
0.0,22037
663.4272505557079,22038
0.0,22039
0.0,22040
0.0,22041
0.0,22042
0.0,22043
1079.4068444359839,22044
0.0,22045
662.1714793826916,22046
0.0,22047
0.0,22048
0.0,22049
0.0,22050
0.0,22051
0.0,22052
0.0,22053
0.0,22054
0.0,22055
0.0,22056
0.0,22057
0.0,22058
0.0,22059
0.0,22060
660.5115030606344,22061
0.0,22062
0.0,22063
0.0,22064
0.0,22065
0.0,22066
0.0,22067
0.0,22068
0.0,22069
826.3188263233224,22070
0.0,22071
0.0,22072
0.0,22073
0.0,22074
1085.5169624907485,22075
0.0,22076
0.0,22077
0.0,22078
0.0,22079
0.0,22080
0.0,22081
0.0,22082
0.0,22083
0.0,22084
1083.5034172195876,22085
656.2723900031358,22086
0.0,22087
0.0,22088
0.0,22089
0.0,22090
0.0,22091
1085.8749710713178,22092
0.0,22093
0.0,22094
0.0,22095
0.0,22096
0.0,22097
0.0,22098
0.0,22099
0.0,22100
0.0,22101
1092.9096226671975,22102
0.0,22103
67.16976885306114,22104
0.0,22105
0.0,22106
0.0,22107
0.0,22108
0.0,22109
0.0,22110
0.0,22111
0.0,22112
1096.4925796410118,22113
0.0,22114
1627.0484105863945,22115
2341.6714620705075,22116
0.0,22117
1099.881619108435,22118
0.0,22119
0.0,22120
656.383697683117,22121
0.0,22122
0.0,22123
0.0,22124
0.0,22125
0.0,22126
1227.131559612055,22127
0.0,22128
654.9275832000844,22129
0.0,22130
0.0,22131
0.0,22132
0.0,22133
0.0,22134
0.0,22135
0.0,22136
0.0,22137
0.0,22138
0.0,22139
0.0,22140
1113.5612435140636,22141
0.0,22142
0.0,22143
0.0,22144
1105.4293891308698,22145
78.02474254391346,22146
0.0,22147
0.0,22148
0.0,22149
0.0,22150
0.0,22151
725.7123115433826,22152
0.0,22153
0.0,22154
0.0,22155
0.0,22156
1105.5439202992068,22157
0.0,22158
0.0,22159
0.0,22160
0.0,22161
82.94811529152014,22162
0.0,22163
1114.2162631366227,22164
0.0,22165
0.0,22166
0.0,22167
0.0,22168
0.0,22169
0.0,22170
4151.09511930703,22171
2895.0839084357744,22172
655.0311890514483,22173
0.0,22174
653.327563632448,22175
360.1435319776965,22176
0.0,22177
650.5132870513119,22178
1113.218358955247,22179
649.2473656248975,22180
0.0,22181
0.0,22182
647.5735739628923,22183
0.0,22184
0.0,22185
0.0,22186
0.0,22187
1115.72404254929,22188
0.0,22189
0.0,22190
646.3283619458418,22191
644.6740488045822,22192
643.028677322403,22193
0.0,22194
4156.057424952063,22195
0.0,22196
0.0,22197
0.0,22198
0.0,22199
2897.873256435435,22200
0.0,22201
641.8280774698273,22202
0.0,22203
2898.421119766673,22204
640.4032171726391,22205
0.0,22206
0.0,22207
0.0,22208
0.0,22209
0.0,22210
0.0,22211
0.0,22212
0.0,22213
4165.657853924922,22214
0.0,22215
0.0,22216
0.0,22217
1121.6962034776031,22218
0.0,22219
0.0,22220
985.9514089728839,22221
0.0,22222
0.0,22223
0.0,22224
0.0,22225
0.0,22226
0.0,22227
0.0,22228
984.5804125568864,22229
0.0,22230
0.0,22231
0.0,22232
0.0,22233
0.0,22234
0.0,22235
0.0,22236
0.0,22237
791.0147245018281,22238
0.0,22239
0.0,22240
0.0,22241
0.0,22242
0.0,22243
0.0,22244
0.0,22245
0.0,22246
0.0,22247
0.0,22248
0.0,22249
0.0,22250
0.0,22251
0.0,22252
0.0,22253
0.0,22254
0.0,22255
0.0,22256
0.0,22257
0.0,22258
0.0,22259
113.27264731807591,22260
0.0,22261
0.0,22262
0.0,22263
0.0,22264
0.0,22265
0.0,22266
0.0,22267
0.0,22268
0.0,22269
0.0,22270
0.0,22271
0.0,22272
0.0,22273
0.0,22274
0.0,22275
0.0,22276
0.0,22277
0.0,22278
0.0,22279
0.0,22280
0.0,22281
0.0,22282
0.0,22283
0.0,22284
0.0,22285
0.0,22286
0.0,22287
0.0,22288
0.0,22289
0.0,22290
0.0,22291
0.0,22292
0.0,22293
0.0,22294
0.0,22295
0.0,22296
0.0,22297
0.0,22298
0.0,22299
0.0,22300
0.0,22301
0.0,22302
0.0,22303
0.0,22304
0.0,22305
0.0,22306
0.0,22307
0.0,22308
0.0,22309
0.0,22310
0.0,22311
0.0,22312
0.0,22313
0.0,22314
0.0,22315
0.0,22316
0.0,22317
0.0,22318
0.0,22319
0.0,22320
0.0,22321
0.0,22322
0.0,22323
0.0,22324
0.0,22325
0.0,22326
0.0,22327
0.0,22328
0.0,22329
0.0,22330
0.0,22331
0.0,22332
0.0,22333
0.0,22334
0.0,22335
0.0,22336
4952.786119145371,22337
0.0,22338
0.0,22339
3492.374365611382,22340
0.0,22341
0.0,22342
0.0,22343
0.0,22344
0.0,22345
0.0,22346
0.0,22347
0.0,22348
0.0,22349
0.0,22350
0.0,22351
0.0,22352
0.0,22353
1139.853317600469,22354
0.0,22355
0.0,22356
0.0,22357
0.0,22358
0.0,22359
9419.36674531503,22360
0.0,22361
0.0,22362
0.0,22363
0.0,22364
0.0,22365
323.6068070292703,22366
0.0,22367
0.0,22368
0.0,22369
0.0,22370
0.0,22371
0.0,22372
0.0,22373
0.0,22374
0.0,22375
0.0,22376
0.0,22377
0.0,22378
568.4121488279999,22379
0.0,22380
0.0,22381
568.8360253117156,22382
0.0,22383
274.3429489665311,22384
0.0,22385
0.0,22386
0.0,22387
0.0,22388
0.0,22389
0.0,22390
0.0,22391
0.0,22392
0.0,22393
528.0187398318387,22394
0.0,22395
0.0,22396
528.6696942994583,22397
0.0,22398
0.0,22399
0.0,22400
0.0,22401
0.0,22402
0.0,22403
0.0,22404
0.0,22405
0.0,22406
0.0,22407
0.0,22408
0.0,22409
598.2766301701628,22410
0.0,22411
0.0,22412
0.0,22413
0.0,22414
0.0,22415
0.0,22416
0.0,22417
946.6281080906948,22418
31.56041990039839,22419
708.7452106112413,22420
1379.7852945825966,22421
30.470957827918944,22422
0.0,22423
1183.2991358842394,22424
0.0,22425
0.0,22426
0.0,22427
0.0,22428
0.0,22429
0.0,22430
0.0,22431
0.0,22432
0.0,22433
0.0,22434
0.0,22435
0.0,22436
1480.9359728729778,22437
0.0,22438
0.0,22439
0.0,22440
0.0,22441
0.0,22442
0.0,22443
0.0,22444
1001.8092923847555,22445
2099.5581422249825,22446
1636.7815140393602,22447
47.2649523664671,22448
2467.3553717155714,22449
0.0,22450
0.0,22451
528.7278558545836,22452
0.0,22453
0.0,22454
0.0,22455
0.0,22456
0.0,22457
0.0,22458
0.0,22459
0.0,22460
0.0,22461
0.0,22462
0.0,22463
0.0,22464
371.63822158743324,22465
1226.7015549273292,22466
0.0,22467
0.0,22468
411.52049244475,22469
0.0,22470
0.0,22471
0.0,22472
0.0,22473
0.0,22474
0.0,22475
0.0,22476
0.0,22477
0.0,22478
161.83325451579387,22479
0.0,22480
0.0,22481
0.0,22482
0.0,22483
165.34914510192425,22484
0.0,22485
1959.561006096103,22486
0.0,22487
0.0,22488
0.0,22489
1235.3141316660667,22490
0.0,22491
0.0,22492
559.3803912482413,22493
0.0,22494
0.0,22495
0.0,22496
0.0,22497
0.0,22498
0.0,22499
0.0,22500
0.0,22501
0.0,22502
13.000567282634679,22503
0.0,22504
0.0,22505
0.0,22506
0.0,22507
0.0,22508
0.0,22509
0.0,22510
1492.3179567606937,22511
0.0,22512
0.0,22513
0.0,22514
0.0,22515
0.0,22516
0.0,22517
0.0,22518
0.0,22519
0.0,22520
0.0,22521
0.0,22522
0.0,22523
0.0,22524
0.0,22525
0.0,22526
0.0,22527
0.0,22528
0.0,22529
0.0,22530
0.0,22531
1701.5582882549545,22532
0.0,22533
0.0,22534
0.0,22535
0.0,22536
0.0,22537
0.0,22538
0.0,22539
0.0,22540
0.0,22541
0.0,22542
0.0,22543
0.0,22544
0.0,22545
324.58763854691836,22546
0.0,22547
0.0,22548
1478.9774048432505,22549
0.0,22550
0.0,22551
0.0,22552
0.0,22553
0.0,22554
0.0,22555
0.0,22556
0.0,22557
0.0,22558
0.0,22559
0.0,22560
4768.626534799014,22561
0.0,22562
5735.136490595069,22563
0.0,22564
0.0,22565
0.0,22566
0.0,22567
0.0,22568
0.0,22569
0.0,22570
0.0,22571
0.0,22572
0.0,22573
0.0,22574
0.0,22575
1435.5818832870102,22576
0.0,22577
0.0,22578
662.9474588057776,22579
0.0,22580
0.0,22581
0.0,22582
0.0,22583
664.6818631367634,22584
0.0,22585
477.0326449947535,22586
0.0,22587
0.0,22588
0.0,22589
498.6599163906693,22590
2318.6189935295356,22591
0.0,22592
0.0,22593
500.4786627495169,22594
0.0,22595
1232.9855637450758,22596
0.0,22597
0.0,22598
0.0,22599
0.0,22600
0.0,22601
0.0,22602
0.0,22603
0.0,22604
0.0,22605
0.0,22606
0.0,22607
0.0,22608
1489.9380644012701,22609
0.0,22610
717.0225032984356,22611
2861.2628895816156,22612
2863.2935407679092,22613
2865.3429004636173,22614
725.3550673653135,22615
0.0,22616
0.0,22617
0.0,22618
400.7765990224124,22619
0.0,22620
1778.657914423621,22621
0.0,22622
0.0,22623
0.0,22624
827.5340044555784,22625
1095.3427038260597,22626
0.0,22627
0.0,22628
0.0,22629
345.58489523598683,22630
0.0,22631
0.0,22632
0.0,22633
0.0,22634
1359.4323046675927,22635
0.0,22636
0.0,22637
0.0,22638
2777.5361721120767,22639
1924.1123872299409,22640
0.0,22641
0.0,22642
0.0,22643
1934.7249529895148,22644
0.0,22645
0.0,22646
0.0,22647
0.0,22648
0.0,22649
0.0,22650
1816.0169228756977,22651
0.0,22652
0.0,22653
175.6729576539865,22654
2806.096881617484,22655
3431.559326620665,22656
0.0,22657
0.0,22658
0.0,22659
0.0,22660
0.0,22661
0.0,22662
2268.036470044089,22663
0.0,22664
0.0,22665
0.0,22666
0.0,22667
0.0,22668
0.0,22669
7616.979069526353,22670
0.0,22671
0.0,22672
0.0,22673
3033.557900080616,22674
0.0,22675
3618.1924924820983,22676
4793.216171725352,22677
180.04206314463505,22678
2216.813813345624,22679
0.0,22680
0.0,22681
0.0,22682
4793.454460052522,22683
0.0,22684
0.0,22685
0.0,22686
0.0,22687
2577.6059666182755,22688
0.0,22689
3450.868965927448,22690
304.2164760338181,22691
2503.649414946557,22692
0.0,22693
0.0,22694
650.1523009852283,22695
0.0,22696
1580.0261076083798,22697
0.0,22698
0.0,22699
0.0,22700
0.0,22701
0.0,22702
0.0,22703
602.7759693022609,22704
0.0,22705
0.0,22706
0.0,22707
939.4302751621651,22708
0.0,22709
0.0,22710
0.0,22711
0.0,22712
0.0,22713
0.0,22714
0.0,22715
0.0,22716
0.0,22717
0.0,22718
0.0,22719
0.0,22720
0.0,22721
0.0,22722
0.0,22723
2131.46348051887,22724
0.0,22725
0.0,22726
0.0,22727
0.0,22728
0.0,22729
0.0,22730
0.0,22731
0.0,22732
0.0,22733
0.0,22734
0.0,22735
0.0,22736
0.0,22737
0.0,22738
0.0,22739
0.0,22740
0.0,22741
0.0,22742
6856.144786046656,22743
0.0,22744
0.0,22745
6414.904185738202,22746
0.0,22747
0.0,22748
0.0,22749
2958.68916848183,22750
5159.234881322615,22751
1348.5021933326427,22752
3895.689551944984,22753
0.0,22754
0.0,22755
0.0,22756
0.0,22757
0.0,22758
0.0,22759
0.0,22760
0.0,22761
0.0,22762
0.0,22763
0.0,22764
0.0,22765
0.0,22766
0.0,22767
0.0,22768
197.92421069538767,22769
0.0,22770
0.0,22771
0.0,22772
0.0,22773
295.68303386760624,22774
0.0,22775
0.0,22776
0.0,22777
0.0,22778
0.0,22779
0.0,22780
0.0,22781
0.0,22782
0.0,22783
0.0,22784
0.0,22785
0.0,22786
0.0,22787
0.0,22788
0.0,22789
0.0,22790
0.0,22791
0.0,22792
0.0,22793
0.0,22794
0.0,22795
0.0,22796
0.0,22797
0.0,22798
0.0,22799
0.0,22800
0.0,22801
0.0,22802
1981.5268101011172,22803
0.0,22804
0.0,22805
0.0,22806
0.0,22807
0.0,22808
0.0,22809
0.0,22810
0.0,22811
0.0,22812
0.0,22813
0.0,22814
0.0,22815
1112.973611452763,22816
0.0,22817
0.0,22818
0.0,22819
0.0,22820
0.0,22821
0.0,22822
0.0,22823
897.8534325429425,22824
0.0,22825
0.0,22826
0.0,22827
315.85973305789116,22828
0.0,22829
513.7939011227544,22830
0.0,22831
0.0,22832
0.0,22833
262.71602624365903,22834
2325.001882509957,22835
1115.955123822403,22836
0.0,22837
0.0,22838
0.0,22839
0.0,22840
0.0,22841
0.0,22842
0.0,22843
0.0,22844
0.0,22845
0.0,22846
0.0,22847
0.0,22848
0.0,22849
0.0,22850
0.0,22851
0.0,22852
0.0,22853
0.0,22854
0.0,22855
0.0,22856
1463.064178304995,22857
0.0,22858
0.0,22859
1241.328914018593,22860
0.0,22861
0.0,22862
0.0,22863
0.0,22864
438.75619881558464,22865
0.0,22866
317.25519458192696,22867
0.0,22868
0.0,22869
316.76564258825573,22870
1467.2208936140614,22871
0.0,22872
316.5150397906294,22873
0.0,22874
0.0,22875
0.0,22876
0.0,22877
0.0,22878
0.0,22879
0.0,22880
0.0,22881
0.0,22882
0.0,22883
0.0,22884
0.0,22885
196.4848233828009,22886
0.0,22887
549.7583487730996,22888
0.0,22889
324.498441530674,22890
368.80996943712705,22891
0.0,22892
0.0,22893
0.0,22894
0.0,22895
0.0,22896
1312.7458897642566,22897
0.0,22898
0.0,22899
0.0,22900
1802.0293559596323,22901
0.0,22902
0.0,22903
0.0,22904
0.0,22905
0.0,22906
0.0,22907
0.0,22908
1369.3111083028193,22909
0.0,22910
0.0,22911
0.0,22912
0.0,22913
0.0,22914
0.0,22915
0.0,22916
0.0,22917
0.0,22918
0.0,22919
0.0,22920
0.0,22921
0.0,22922
0.0,22923
0.0,22924
0.0,22925
0.0,22926
0.0,22927
0.0,22928
0.0,22929
0.0,22930
0.0,22931
0.0,22932
0.0,22933
1204.706860180487,22934
0.0,22935
0.0,22936
0.0,22937
0.0,22938
0.0,22939
0.0,22940
0.0,22941
0.0,22942
0.0,22943
0.0,22944
0.0,22945
0.0,22946
0.0,22947
0.0,22948
0.0,22949
0.0,22950
0.0,22951
0.0,22952
0.0,22953
0.0,22954
0.0,22955
0.0,22956
0.0,22957
0.0,22958
0.0,22959
0.0,22960
0.0,22961
0.0,22962
0.0,22963
0.0,22964
0.0,22965
0.0,22966
0.0,22967
1698.562421589441,22968
0.0,22969
0.0,22970
0.0,22971
0.0,22972
0.0,22973
0.0,22974
0.0,22975
0.0,22976
792.6766913120504,22977
0.0,22978
0.0,22979
0.0,22980
0.0,22981
0.0,22982
0.0,22983
0.0,22984
0.0,22985
0.0,22986
0.0,22987
0.0,22988
0.0,22989
0.0,22990
0.0,22991
0.0,22992
0.0,22993
0.0,22994
75.86775649751007,22995
0.0,22996
0.0,22997
0.0,22998
0.0,22999
0.0,23000
0.0,23001
0.0,23002
2148.2735076944514,23003
0.0,23004
0.0,23005
0.0,23006
0.0,23007
0.0,23008
0.0,23009
3616.568230083782,23010
435.99758852093174,23011
0.0,23012
0.0,23013
0.0,23014
0.0,23015
0.0,23016
887.08487971383,23017
465.3455884318667,23018
0.0,23019
0.0,23020
0.0,23021
466.36007116026474,23022
0.0,23023
0.0,23024
0.0,23025
0.0,23026
0.0,23027
0.0,23028
0.0,23029
0.0,23030
0.0,23031
0.0,23032
0.0,23033
0.0,23034
0.0,23035
0.0,23036
0.0,23037
0.0,23038
0.0,23039
0.0,23040
0.0,23041
0.0,23042
0.0,23043
0.0,23044
0.0,23045
0.0,23046
0.0,23047
344.4599818110304,23048
0.0,23049
0.0,23050
0.0,23051
0.0,23052
0.0,23053
0.0,23054
0.0,23055
0.0,23056
0.0,23057
0.0,23058
0.0,23059
0.0,23060
1293.4922712208252,23061
1571.1510116412817,23062
1570.1862441789935,23063
0.0,23064
0.0,23065
0.0,23066
1921.2581947422,23067
0.0,23068
0.0,23069
0.0,23070
527.7541041963724,23071
0.0,23072
0.0,23073
0.0,23074
0.0,23075
0.0,23076
0.0,23077
0.0,23078
0.0,23079
0.0,23080
0.0,23081
0.0,23082
0.0,23083
0.0,23084
0.0,23085
0.0,23086
0.0,23087
0.0,23088
0.0,23089
258.88921578585416,23090
0.0,23091
0.0,23092
0.0,23093
0.0,23094
0.0,23095
0.0,23096
0.0,23097
0.0,23098
0.0,23099
0.0,23100
0.0,23101
0.0,23102
0.0,23103
0.0,23104
0.0,23105
0.0,23106
0.0,23107
0.0,23108
0.0,23109
0.0,23110
0.0,23111
0.0,23112
0.0,23113
0.0,23114
0.0,23115
2340.128441506136,23116
0.0,23117
0.0,23118
0.0,23119
0.0,23120
279.8781332645225,23121
0.0,23122
0.0,23123
0.0,23124
0.0,23125
0.0,23126
0.0,23127
0.0,23128
0.0,23129
0.0,23130
0.0,23131
0.0,23132
890.0171104473571,23133
890.2020677277991,23134
0.0,23135
0.0,23136
0.0,23137
0.0,23138
0.0,23139
0.0,23140
0.0,23141
890.3295080034328,23142
0.0,23143
0.0,23144
1686.021588495677,23145
0.0,23146
867.7379143939385,23147
0.0,23148
0.0,23149
0.0,23150
0.0,23151
0.0,23152
0.0,23153
0.0,23154
0.0,23155
311.78336956858453,23156
315.1917098568507,23157
0.0,23158
1306.09852813265,23159
0.0,23160
0.0,23161
0.0,23162
0.0,23163
0.0,23164
0.0,23165
0.0,23166
0.0,23167
0.0,23168
0.0,23169
0.0,23170
3067.9267353594923,23171
0.0,23172
0.0,23173
2735.0422196969494,23174
0.0,23175
1509.3625242333742,23176
0.0,23177
0.0,23178
0.0,23179
0.0,23180
0.0,23181
1681.5488161374722,23182
0.0,23183
0.0,23184
0.0,23185
0.0,23186
0.0,23187
0.0,23188
0.0,23189
0.0,23190
98.95188242111777,23191
0.0,23192
0.0,23193
0.0,23194
0.0,23195
0.0,23196
0.0,23197
0.0,23198
0.0,23199
0.0,23200
0.0,23201
0.0,23202
0.0,23203
0.0,23204
0.0,23205
0.0,23206
0.0,23207
0.0,23208
0.0,23209
0.0,23210
1137.460899295128,23211
0.0,23212
0.0,23213
0.0,23214
0.0,23215
0.0,23216
0.0,23217
0.0,23218
0.0,23219
0.0,23220
0.0,23221
0.0,23222
0.0,23223
0.0,23224
0.0,23225
0.0,23226
0.0,23227
0.0,23228
0.0,23229
0.0,23230
2971.885114053791,23231
0.0,23232
0.0,23233
0.0,23234
2608.812485230106,23235
0.0,23236
2517.0941195594733,23237
1418.3468709545195,23238
0.0,23239
1829.305545383283,23240
1827.090071553843,23241
0.0,23242
1824.8790044267394,23243
1822.6667688944049,23244
2506.4944460766465,23245
0.0,23246
963.9094431289252,23247
0.0,23248
2504.1770017840204,23249
0.0,23250
0.0,23251
0.0,23252
0.0,23253
4661.4612572177775,23254
0.0,23255
0.0,23256
0.0,23257
0.0,23258
4434.420777300822,23259
0.0,23260
0.0,23261
0.0,23262
0.0,23263
0.0,23264
0.0,23265
0.0,23266
0.0,23267
0.0,23268
0.0,23269
0.0,23270
0.0,23271
0.0,23272
0.0,23273
0.0,23274
0.0,23275
0.0,23276
0.0,23277
3088.2833312344646,23278
0.0,23279
2106.13829150362,23280
0.0,23281
0.0,23282
0.0,23283
0.0,23284
0.0,23285
0.0,23286
0.0,23287
12295.956504365204,23288
256.6750263184268,23289
0.0,23290
0.0,23291
0.0,23292
0.0,23293
0.0,23294
1551.4772291567751,23295
0.0,23296
0.0,23297
0.0,23298
0.0,23299
0.0,23300
0.0,23301
0.0,23302
0.0,23303
0.0,23304
0.0,23305
0.0,23306
0.0,23307
0.0,23308
0.0,23309
0.0,23310
0.0,23311
0.0,23312
0.0,23313
0.0,23314
0.0,23315
0.0,23316
0.0,23317
0.0,23318
0.0,23319
0.0,23320
0.0,23321
0.0,23322
0.0,23323
0.0,23324
0.0,23325
0.0,23326
0.0,23327
0.0,23328
0.0,23329
0.0,23330
0.0,23331
0.0,23332
0.0,23333
0.0,23334
0.0,23335
0.0,23336
0.0,23337
0.0,23338
0.0,23339
0.0,23340
0.0,23341
0.0,23342
0.0,23343
0.0,23344
0.0,23345
0.0,23346
0.0,23347
0.0,23348
0.0,23349
0.0,23350
0.0,23351
0.0,23352
0.0,23353
0.0,23354
0.0,23355
0.0,23356
0.0,23357
0.0,23358
0.0,23359
0.0,23360
0.0,23361
0.0,23362
0.0,23363
0.0,23364
0.0,23365
0.0,23366
0.0,23367
0.0,23368
0.0,23369
0.0,23370
0.0,23371
0.0,23372
0.0,23373
0.0,23374
0.0,23375
0.0,23376
0.0,23377
0.0,23378
0.0,23379
0.0,23380
0.0,23381
0.0,23382
0.0,23383
0.0,23384
0.0,23385
0.0,23386
0.0,23387
0.0,23388
0.0,23389
10481.802410639335,23390
0.0,23391
0.0,23392
0.0,23393
0.0,23394
0.0,23395
0.0,23396
0.0,23397
0.0,23398
0.0,23399
0.0,23400
0.0,23401
0.0,23402
0.0,23403
0.0,23404
0.0,23405
0.0,23406
0.0,23407
0.0,23408
0.0,23409
0.0,23410
0.0,23411
0.0,23412
0.0,23413
0.0,23414
0.0,23415
0.0,23416
0.0,23417
0.0,23418
0.0,23419
278.6560439551748,23420
0.0,23421
0.0,23422
0.0,23423
0.0,23424
0.0,23425
0.0,23426
0.0,23427
0.0,23428
0.0,23429
0.0,23430
0.0,23431
0.0,23432
4759.5374788180925,23433
0.0,23434
0.0,23435
0.0,23436
0.0,23437
0.0,23438
0.0,23439
0.0,23440
0.0,23441
0.0,23442
0.0,23443
0.0,23444
0.0,23445
0.0,23446
3771.8238665989948,23447
0.0,23448
0.0,23449
107.7179313213381,23450
0.0,23451
0.0,23452
0.0,23453
0.0,23454
0.0,23455
0.0,23456
0.0,23457
0.0,23458
0.0,23459
0.0,23460
0.0,23461
0.0,23462
0.0,23463
0.0,23464
0.0,23465
0.0,23466
0.0,23467
0.0,23468
0.0,23469
0.0,23470
0.0,23471
0.0,23472
0.0,23473
0.0,23474
0.0,23475
0.0,23476
0.0,23477
0.0,23478
0.0,23479
0.0,23480
0.0,23481
0.0,23482
0.0,23483
0.0,23484
0.0,23485
0.0,23486
0.0,23487
0.0,23488
0.0,23489
0.0,23490
0.0,23491
0.0,23492
0.0,23493
0.0,23494
0.0,23495
0.0,23496
0.0,23497
0.0,23498
0.0,23499
0.0,23500
0.0,23501
232.59381114475588,23502
0.0,23503
0.0,23504
0.0,23505
0.0,23506
997.5378023235169,23507
994.097380863727,23508
0.0,23509
0.0,23510
0.0,23511
0.0,23512
0.0,23513
0.0,23514
0.0,23515
0.0,23516
0.0,23517
2182.9922856436838,23518
0.0,23519
0.0,23520
0.0,23521
0.0,23522
0.0,23523
0.0,23524
252.7597880805764,23525
0.0,23526
262.91666310302566,23527
0.0,23528
396.371644312539,23529
3386.435697675014,23530
1069.8795954253571,23531
1844.0974759680284,23532
0.0,23533
348.8639642711777,23534
3255.6347284530225,23535
745.3353623674612,23536
208.31422211784232,23537
3086.643238063931,23538
3578.228872654116,23539
0.0,23540
2458.024414733924,23541
0.0,23542
648.2643971420906,23543
967.020294931949,23544
109.33877301672368,23545
0.0,23546
0.0,23547
0.0,23548
0.0,23549
0.0,23550
0.0,23551
0.0,23552
0.0,23553
0.0,23554
0.0,23555
0.0,23556
0.0,23557
0.0,23558
0.0,23559
0.0,23560
0.0,23561
0.0,23562
0.0,23563
0.0,23564
0.0,23565
0.0,23566
0.0,23567
0.0,23568
0.0,23569
0.0,23570
0.0,23571
0.0,23572
0.0,23573
0.0,23574
0.0,23575
0.0,23576
0.0,23577
0.0,23578
0.0,23579
0.0,23580
0.0,23581
0.0,23582
0.0,23583
0.0,23584
0.0,23585
0.0,23586
0.0,23587
0.0,23588
0.0,23589
0.0,23590
0.0,23591
0.0,23592
0.0,23593
0.0,23594
0.0,23595
0.0,23596
0.0,23597
0.0,23598
0.0,23599
0.0,23600
0.0,23601
0.0,23602
0.0,23603
0.0,23604
0.0,23605
0.0,23606
0.0,23607
0.0,23608
0.0,23609
0.0,23610
0.0,23611
0.0,23612
0.0,23613
0.0,23614
0.0,23615
1042.463421417853,23616
0.0,23617
0.0,23618
0.0,23619
0.0,23620
0.0,23621
0.0,23622
0.0,23623
0.0,23624
0.0,23625
0.0,23626
0.0,23627
0.0,23628
0.0,23629
0.0,23630
0.0,23631
0.0,23632
0.0,23633
0.0,23634
0.0,23635
0.0,23636
0.0,23637
0.0,23638
0.0,23639
46.53971319688801,23640
0.0,23641
0.0,23642
0.0,23643
0.0,23644
190.84854789594786,23645
0.0,23646
0.0,23647
0.0,23648
0.0,23649
0.0,23650
0.0,23651
0.0,23652
0.0,23653
0.0,23654
0.0,23655
0.0,23656
0.0,23657
0.0,23658
0.0,23659
0.0,23660
225.4371607716359,23661
0.0,23662
3081.100085585662,23663
0.0,23664
0.0,23665
0.0,23666
0.0,23667
0.0,23668
0.0,23669
0.0,23670
0.0,23671
0.0,23672
0.0,23673
0.0,23674
0.0,23675
0.0,23676
0.0,23677
0.0,23678
0.0,23679
0.0,23680
0.0,23681
0.0,23682
0.0,23683
0.0,23684
0.0,23685
0.0,23686
0.0,23687
0.0,23688
0.0,23689
0.0,23690
0.0,23691
0.0,23692
0.0,23693
0.0,23694
0.0,23695
0.0,23696
0.0,23697
0.0,23698
0.0,23699
0.0,23700
0.0,23701
0.0,23702
0.0,23703
0.0,23704
0.0,23705
0.0,23706
0.0,23707
0.0,23708
0.0,23709
0.0,23710
0.0,23711
0.0,23712
0.0,23713
0.0,23714
0.0,23715
0.0,23716
0.0,23717
0.0,23718
0.0,23719
0.0,23720
0.0,23721
0.0,23722
0.0,23723
506.4102502930414,23724
0.0,23725
0.0,23726
0.0,23727
0.0,23728
0.0,23729
0.0,23730
0.0,23731
0.0,23732
0.0,23733
0.0,23734
0.0,23735
0.0,23736
0.0,23737
0.0,23738
0.0,23739
0.0,23740
0.0,23741
0.0,23742
0.0,23743
0.0,23744
0.0,23745
0.0,23746
0.0,23747
0.0,23748
0.0,23749
0.0,23750
0.0,23751
0.0,23752
0.0,23753
0.0,23754
0.0,23755
0.0,23756
0.0,23757
0.0,23758
0.0,23759
0.0,23760
0.0,23761
0.0,23762
0.0,23763
0.0,23764
0.0,23765
0.0,23766
0.0,23767
0.0,23768
0.0,23769
0.0,23770
0.0,23771
0.0,23772
0.0,23773
0.0,23774
1661.0216501898396,23775
0.0,23776
0.0,23777
0.0,23778
0.0,23779
0.0,23780
0.0,23781
0.0,23782
0.0,23783
0.0,23784
0.0,23785
0.0,23786
0.0,23787
0.0,23788
0.0,23789
2220.9663396049305,23790
0.0,23791
0.0,23792
0.0,23793
0.0,23794
0.0,23795
1435.6383731777362,23796
0.0,23797
0.0,23798
0.0,23799
0.0,23800
0.0,23801
0.0,23802
0.0,23803
0.0,23804
0.0,23805
0.0,23806
0.0,23807
0.0,23808
0.0,23809
0.0,23810
0.0,23811
502.80403444328516,23812
0.0,23813
0.0,23814
0.0,23815
0.0,23816
0.0,23817
0.0,23818
0.0,23819
0.0,23820
0.0,23821
0.0,23822
261.1541482735344,23823
0.0,23824
0.0,23825
0.0,23826
0.0,23827
0.0,23828
0.0,23829
0.0,23830
1191.9352615425464,23831
0.0,23832
0.0,23833
0.0,23834
1194.3027149633874,23835
0.0,23836
0.0,23837
0.0,23838
1196.645554615769,23839
0.0,23840
0.0,23841
0.0,23842
0.0,23843
0.0,23844
0.0,23845
0.0,23846
1879.0594118808226,23847
0.0,23848
1881.495138610913,23849
1883.9466210246546,23850
0.0,23851
1034.565648974331,23852
0.0,23853
0.0,23854
0.0,23855
0.0,23856
0.0,23857
0.0,23858
0.0,23859
0.0,23860
0.0,23861
0.0,23862
0.0,23863
0.0,23864
0.0,23865
0.0,23866
0.0,23867
0.0,23868
0.0,23869
0.0,23870
0.0,23871
0.0,23872
0.0,23873
0.0,23874
0.0,23875
2320.652440214152,23876
0.0,23877
0.0,23878
54.881110547594126,23879
0.0,23880
0.0,23881
0.0,23882
0.0,23883
0.0,23884
0.0,23885
0.0,23886
0.0,23887
0.0,23888
0.0,23889
0.0,23890
0.0,23891
0.0,23892
0.0,23893
0.0,23894
0.0,23895
0.0,23896
0.0,23897
0.0,23898
490.0185439895114,23899
0.0,23900
0.0,23901
0.0,23902
0.0,23903
0.0,23904
0.0,23905
0.0,23906
0.0,23907
0.0,23908
0.0,23909
0.0,23910
0.0,23911
0.0,23912
0.0,23913
0.0,23914
0.0,23915
0.0,23916
0.0,23917
896.0623963658143,23918
0.0,23919
0.0,23920
0.0,23921
0.0,23922
0.0,23923
0.0,23924
0.0,23925
0.0,23926
258.0484116059217,23927
0.0,23928
0.0,23929
0.0,23930
0.0,23931
0.0,23932
0.0,23933
0.0,23934
0.0,23935
0.0,23936
0.0,23937
0.0,23938
0.0,23939
0.0,23940
0.0,23941
0.0,23942
0.0,23943
0.0,23944
0.0,23945
0.0,23946
0.0,23947
0.0,23948
0.0,23949
0.0,23950
0.0,23951
0.0,23952
403.65106692070907,23953
0.0,23954
0.0,23955
0.0,23956
0.0,23957
0.0,23958
0.0,23959
0.0,23960
798.2043487739959,23961
0.0,23962
0.0,23963
0.0,23964
0.0,23965
0.0,23966
0.0,23967
0.0,23968
0.0,23969
0.0,23970
0.0,23971
0.0,23972
0.0,23973
0.0,23974
0.0,23975
0.0,23976
0.0,23977
0.0,23978
0.0,23979
0.0,23980
0.0,23981
3722.601270805625,23982
1768.8963605933814,23983
0.0,23984
0.0,23985
0.0,23986
0.0,23987
0.0,23988
0.0,23989
0.0,23990
0.0,23991
0.0,23992
0.0,23993
0.0,23994
0.0,23995
0.0,23996
993.4137492890113,23997
0.0,23998
0.0,23999
0.0,24000
2431.1018311201165,24001
0.0,24002
0.0,24003
0.0,24004
0.0,24005
0.0,24006
0.0,24007
0.0,24008
0.0,24009
0.0,24010
0.0,24011
5835.463646383403,24012
0.0,24013
0.0,24014
0.0,24015
0.0,24016
0.0,24017
0.0,24018
0.0,24019
0.0,24020
0.0,24021
0.0,24022
0.0,24023
0.0,24024
0.0,24025
0.0,24026
0.0,24027
0.0,24028
2070.502332734162,24029
0.0,24030
0.0,24031
0.0,24032
0.0,24033
0.0,24034
0.0,24035
0.0,24036
0.0,24037
0.0,24038
0.0,24039
0.0,24040
0.0,24041
0.0,24042
0.0,24043
0.0,24044
0.0,24045
0.0,24046
0.0,24047
0.0,24048
0.0,24049
0.0,24050
0.0,24051
0.0,24052
0.0,24053
667.3874677078611,24054
669.3629207482517,24055
671.3536665669648,24056
0.0,24057
673.6220612826833,24058
903.9478586736836,24059
677.9799056144309,24060
0.0,24061
0.0,24062
0.0,24063
0.0,24064
0.0,24065
0.0,24066
0.0,24067
0.0,24068
0.0,24069
0.0,24070
0.0,24071
0.0,24072
0.0,24073
0.0,24074
0.0,24075
0.0,24076
0.0,24077
0.0,24078
0.0,24079
0.0,24080
0.0,24081
0.0,24082
0.0,24083
0.0,24084
0.0,24085
0.0,24086
522.581821916972,24087
0.0,24088
0.0,24089
0.0,24090
0.0,24091
0.0,24092
0.0,24093
0.0,24094
0.0,24095
0.0,24096
0.0,24097
0.0,24098
0.0,24099
0.0,24100
0.0,24101
0.0,24102
0.0,24103
0.0,24104
0.0,24105
0.0,24106
1119.560995110208,24107
0.0,24108
0.0,24109
178.9750874857211,24110
0.0,24111
0.0,24112
0.0,24113
0.0,24114
0.0,24115
0.0,24116
0.0,24117
0.0,24118
1320.902069744415,24119
0.0,24120
0.0,24121
0.0,24122
0.0,24123
0.0,24124
0.0,24125
0.0,24126
0.0,24127
0.0,24128
0.0,24129
0.0,24130
0.0,24131
0.0,24132
0.0,24133
0.0,24134
0.0,24135
0.0,24136
0.0,24137
0.0,24138
0.0,24139
1962.569493559922,24140
1963.0706894089378,24141
0.0,24142
0.0,24143
0.0,24144
0.0,24145
0.0,24146
0.0,24147
6197.454979424987,24148
0.0,24149
7484.995159419378,24150
1964.4231333189357,24151
0.0,24152
725.715699962368,24153
0.0,24154
0.0,24155
0.0,24156
0.0,24157
0.0,24158
0.0,24159
0.0,24160
0.0,24161
0.0,24162
0.0,24163
0.0,24164
1966.3668288607369,24165
0.0,24166
0.0,24167
0.0,24168
0.0,24169
0.0,24170
0.0,24171
0.0,24172
0.0,24173
0.0,24174
0.0,24175
0.0,24176
0.0,24177
0.0,24178
0.0,24179
0.0,24180
0.0,24181
0.0,24182
1966.7938464221843,24183
2740.9750417260275,24184
0.0,24185
0.0,24186
0.0,24187
0.0,24188
0.0,24189
0.0,24190
0.0,24191
0.0,24192
0.0,24193
0.0,24194
0.0,24195
864.387344585053,24196
0.0,24197
0.0,24198
0.0,24199
0.0,24200
864.0048957567657,24201
0.0,24202
0.0,24203
0.0,24204
0.0,24205
0.0,24206
0.0,24207
0.0,24208
0.0,24209
0.0,24210
0.0,24211
0.0,24212
0.0,24213
0.0,24214
0.0,24215
0.0,24216
0.0,24217
0.0,24218
0.0,24219
1567.5798176827257,24220
0.0,24221
1567.7205657460631,24222
0.0,24223
0.0,24224
0.0,24225
0.0,24226
0.0,24227
2936.0946155407587,24228
0.0,24229
0.0,24230
644.804022172317,24231
0.0,24232
0.0,24233
0.0,24234
0.0,24235
0.0,24236
0.0,24237
0.0,24238
2911.2729154654876,24239
0.0,24240
0.0,24241
0.0,24242
0.0,24243
0.0,24244
369.6425959167834,24245
4897.142934513609,24246
0.0,24247
0.0,24248
0.0,24249
0.0,24250
0.0,24251
0.0,24252
5012.82307050425,24253
317.1413958923342,24254
237.18360098352392,24255
1687.3854905639878,24256
0.0,24257
0.0,24258
0.0,24259
0.0,24260
0.0,24261
0.0,24262
0.0,24263
0.0,24264
0.0,24265
0.0,24266
0.0,24267
0.0,24268
0.0,24269
0.0,24270
0.0,24271
0.0,24272
0.0,24273
0.0,24274
0.0,24275
0.0,24276
0.0,24277
0.0,24278
0.0,24279
1365.2013949254515,24280
1855.2248271658907,24281
709.5987044763137,24282
0.0,24283
0.0,24284
0.0,24285
0.0,24286
0.0,24287
0.0,24288
0.0,24289
0.0,24290
6405.751435479224,24291
0.0,24292
1957.9205598403373,24293
1123.8525406215658,24294
0.0,24295
0.0,24296
0.0,24297
0.0,24298
0.0,24299
0.0,24300
0.0,24301
0.0,24302
1259.829498198522,24303
378.44810203505807,24304
1268.616755171098,24305
110.71818511579465,24306
2105.86223344822,24307
8.142141656568356,24308
0.0,24309
0.0,24310
0.0,24311
0.0,24312
0.0,24313
0.0,24314
0.0,24315
0.0,24316
0.0,24317
0.0,24318
0.0,24319
0.0,24320
2643.413467893667,24321
0.0,24322
0.0,24323
0.0,24324
0.0,24325
0.0,24326
0.0,24327
0.0,24328
0.0,24329
0.0,24330
0.0,24331
0.0,24332
0.0,24333
0.0,24334
0.0,24335
1349.5290157606187,24336
0.0,24337
0.0,24338
0.0,24339
0.0,24340
0.0,24341
0.0,24342
0.0,24343
0.0,24344
2642.08480119369,24345
0.0,24346
0.0,24347
0.0,24348
0.0,24349
0.0,24350
0.0,24351
0.0,24352
0.0,24353
0.0,24354
0.0,24355
0.0,24356
0.0,24357
0.0,24358
0.0,24359
0.0,24360
0.0,24361
0.0,24362
0.0,24363
0.0,24364
0.0,24365
0.0,24366
0.0,24367
833.0606020683819,24368
0.0,24369
0.0,24370
0.0,24371
0.0,24372
0.0,24373
0.0,24374
0.0,24375
0.0,24376
0.0,24377
0.0,24378
0.0,24379
0.0,24380
0.0,24381
0.0,24382
0.0,24383
0.0,24384
0.0,24385
0.0,24386
0.0,24387
0.0,24388
0.0,24389
0.0,24390
0.0,24391
0.0,24392
0.0,24393
0.0,24394
0.0,24395
0.0,24396
0.0,24397
0.0,24398
0.0,24399
0.0,24400
0.0,24401
0.0,24402
0.0,24403
0.0,24404
0.0,24405
0.0,24406
0.0,24407
0.0,24408
0.0,24409
0.0,24410
0.0,24411
0.0,24412
0.0,24413
0.0,24414
0.0,24415
2641.419722897138,24416
0.0,24417
0.0,24418
0.0,24419
0.0,24420
0.0,24421
0.0,24422
0.0,24423
0.0,24424
0.0,24425
0.0,24426
0.0,24427
0.0,24428
0.0,24429
0.0,24430
0.0,24431
0.0,24432
0.0,24433
0.0,24434
0.0,24435
0.0,24436
0.0,24437
0.0,24438
0.0,24439
0.0,24440
0.0,24441
0.0,24442
0.0,24443
0.0,24444
0.0,24445
0.0,24446
0.0,24447
3614.1881685007834,24448
0.0,24449
0.0,24450
0.0,24451
0.0,24452
0.0,24453
0.0,24454
0.0,24455
0.0,24456
0.0,24457
0.0,24458
0.0,24459
0.0,24460
0.0,24461
0.0,24462
0.0,24463
0.0,24464
0.0,24465
0.0,24466
0.0,24467
0.0,24468
0.0,24469
0.0,24470
0.0,24471
1513.2569809338752,24472
0.0,24473
0.0,24474
0.0,24475
0.0,24476
0.0,24477
0.0,24478
0.0,24479
0.0,24480
0.0,24481
0.0,24482
2471.34844130438,24483
0.0,24484
0.0,24485
3280.590736487517,24486
1038.548676527735,24487
0.0,24488
1389.1336277190835,24489
0.0,24490
751.1522786431483,24491
0.0,24492
0.0,24493
0.0,24494
0.0,24495
115.94572195832482,24496
0.0,24497
0.0,24498
0.0,24499
0.0,24500
0.0,24501
0.0,24502
0.0,24503
0.0,24504
0.0,24505
0.0,24506
3.996646050742299,24507
6.084602066899709,24508
2705.6294267369526,24509
0.0,24510
0.0,24511
0.0,24512
0.0,24513
2455.2958866533913,24514
0.0,24515
316.5782609024527,24516
0.0,24517
0.0,24518
0.0,24519
0.0,24520
0.0,24521
3879.3232553709504,24522
0.0,24523
0.0,24524
0.0,24525
0.0,24526
0.0,24527
0.0,24528
0.0,24529
0.0,24530
4183.867579207952,24531
0.0,24532
0.0,24533
372.2210011147615,24534
0.0,24535
0.0,24536
0.0,24537
0.0,24538
0.0,24539
0.0,24540
0.0,24541
0.0,24542
0.0,24543
0.0,24544
0.0,24545
0.0,24546
0.0,24547
0.0,24548
0.0,24549
0.0,24550
0.0,24551
3808.6980723457395,24552
0.0,24553
0.0,24554
0.0,24555
0.0,24556
0.0,24557
0.0,24558
0.0,24559
0.0,24560
0.0,24561
0.0,24562
0.0,24563
0.0,24564
0.0,24565
0.0,24566
0.0,24567
0.0,24568
0.0,24569
0.0,24570
0.0,24571
0.0,24572
0.0,24573
0.0,24574
1027.1354122150933,24575
0.0,24576
0.0,24577
0.0,24578
1072.8277121732826,24579
0.0,24580
0.0,24581
0.0,24582
0.0,24583
0.0,24584
0.0,24585
0.0,24586
0.0,24587
0.0,24588
0.0,24589
0.0,24590
0.0,24591
0.0,24592
0.0,24593
0.0,24594
0.0,24595
0.0,24596
0.0,24597
1044.6539698379133,24598
0.0,24599
0.0,24600
0.0,24601
0.0,24602
0.0,24603
0.0,24604
0.0,24605
0.0,24606
0.0,24607
0.0,24608
0.0,24609
0.0,24610
0.0,24611
0.0,24612
0.0,24613
0.0,24614
0.0,24615
0.0,24616
0.0,24617
0.0,24618
0.0,24619
0.0,24620
0.0,24621
0.0,24622
0.0,24623
0.0,24624
0.0,24625
0.0,24626
0.0,24627
0.0,24628
0.0,24629
0.0,24630
0.0,24631
0.0,24632
61.49009494056345,24633
0.0,24634
387.9772483441777,24635
0.0,24636
0.0,24637
61.44283863282437,24638
0.0,24639
58.33608626546539,24640
440.47135059193783,24641
0.0,24642
437.6664680902867,24643
434.94669016635635,24644
1368.4927272168447,24645
0.0,24646
0.0,24647
1184.0111343978442,24648
0.0,24649
0.0,24650
0.0,24651
0.0,24652
0.0,24653
0.0,24654
0.0,24655
0.0,24656
0.0,24657
0.0,24658
0.0,24659
0.0,24660
1036.9738813208403,24661
0.0,24662
0.0,24663
1395.0496387919288,24664
1416.7286575719975,24665
1135.6518244756696,24666
1299.0522907676514,24667
0.0,24668
0.0,24669
2058.3719633446403,24670
3327.830942001675,24671
0.0,24672
0.0,24673
5013.785719025974,24674
0.0,24675
1295.936511601608,24676
0.0,24677
0.0,24678
597.5450015148069,24679
0.0,24680
3173.526451169217,24681
700.0603691971234,24682
0.0,24683
0.0,24684
1982.628191366556,24685
1617.3032267771289,24686
0.0,24687
0.0,24688
0.0,24689
0.0,24690
1118.1437686759493,24691
1229.7259611280176,24692
1120.5921881944466,24693
0.0,24694
0.0,24695
1124.1730597802493,24696
1802.5856565756271,24697
1610.9546821448619,24698
236.31128361472415,24699
2937.6275624706986,24700
1291.0872028681902,24701
1294.675390078488,24702
0.0,24703
3110.5655597892005,24704
0.0,24705
5490.997729479947,24706
0.0,24707
0.0,24708
15.311847174926408,24709
0.0,24710
0.0,24711
0.0,24712
13.745368014120213,24713
0.0,24714
0.0,24715
0.0,24716
0.0,24717
0.0,24718
0.0,24719
0.0,24720
0.0,24721
0.0,24722
0.0,24723
0.0,24724
0.0,24725
0.0,24726
0.0,24727
0.0,24728
0.0,24729
0.0,24730
0.0,24731
0.0,24732
0.0,24733
0.0,24734
0.0,24735
0.0,24736
0.0,24737
0.0,24738
0.0,24739
0.0,24740
0.0,24741
0.0,24742
0.0,24743
0.0,24744
0.0,24745
0.0,24746
1728.537442320956,24747
0.0,24748
0.0,24749
0.0,24750
0.0,24751
0.0,24752
0.0,24753
0.0,24754
1579.1403531630488,24755
792.5526970094082,24756
0.0,24757
0.0,24758
0.0,24759
0.0,24760
0.0,24761
0.0,24762
0.0,24763
0.0,24764
0.0,24765
0.0,24766
0.0,24767
0.0,24768
0.0,24769
0.0,24770
0.0,24771
0.0,24772
0.0,24773
0.0,24774
0.0,24775
0.0,24776
0.0,24777
0.0,24778
0.0,24779
0.0,24780
0.0,24781
0.0,24782
1079.5369410037388,24783
0.0,24784
0.0,24785
0.0,24786
0.0,24787
0.0,24788
0.0,24789
0.0,24790
0.0,24791
0.0,24792
0.0,24793
0.0,24794
0.0,24795
0.0,24796
0.0,24797
0.0,24798
0.0,24799
0.0,24800
0.0,24801
0.0,24802
0.0,24803
0.0,24804
0.0,24805
1350.737469209508,24806
0.0,24807
0.0,24808
0.0,24809
0.0,24810
0.0,24811
0.0,24812
0.0,24813
0.0,24814
0.0,24815
0.0,24816
0.0,24817
0.0,24818
228.39258478530923,24819
228.19178404125188,24820
0.0,24821
0.0,24822
0.0,24823
0.0,24824
2250.316087503506,24825
0.0,24826
3451.7945185581443,24827
0.0,24828
3448.89812474383,24829
0.0,24830
0.0,24831
0.0,24832
74.81780284966462,24833
0.0,24834
0.0,24835
0.0,24836
938.7754923229899,24837
198.01167581875237,24838
0.0,24839
0.0,24840
0.0,24841
0.0,24842
0.0,24843
0.0,24844
0.0,24845
1362.5679706532007,24846
1303.1047699250198,24847
0.0,24848
1311.1575555956322,24849
0.0,24850
0.0,24851
537.1577587996522,24852
0.0,24853
207.89463307515857,24854
0.0,24855
0.0,24856
0.0,24857
0.0,24858
0.0,24859
0.0,24860
0.0,24861
360.67054823994073,24862
0.0,24863
355.46851160072794,24864
0.0,24865
0.0,24866
0.0,24867
0.0,24868
0.0,24869
0.0,24870
678.0116116690533,24871
0.0,24872
2828.732326577309,24873
2463.299478713852,24874
0.0,24875
0.0,24876
0.0,24877
0.0,24878
0.0,24879
0.0,24880
0.0,24881
0.0,24882
0.0,24883
0.0,24884
0.0,24885
0.0,24886
0.0,24887
0.0,24888
0.0,24889
0.0,24890
0.0,24891
0.0,24892
0.0,24893
0.0,24894
0.0,24895
0.0,24896
0.0,24897
0.0,24898
0.0,24899
0.0,24900
0.0,24901
2201.2779506439056,24902
0.0,24903
0.0,24904
0.0,24905
0.0,24906
0.0,24907
0.0,24908
0.0,24909
2158.5610127372665,24910
0.0,24911
0.0,24912
1371.0833487310927,24913
3843.5270530843713,24914
4405.118382796368,24915
0.0,24916
0.0,24917
1982.952043693205,24918
0.0,24919
0.0,24920
0.0,24921
0.0,24922
1226.4147516314767,24923
1225.4890534957851,24924
0.0,24925
0.0,24926
0.0,24927
0.0,24928
0.0,24929
0.0,24930
0.0,24931
0.0,24932
0.0,24933
2594.941899640123,24934
0.0,24935
1602.318726815436,24936
0.0,24937
0.0,24938
0.0,24939
0.0,24940
0.0,24941
0.0,24942
0.0,24943
0.0,24944
0.0,24945
0.0,24946
0.0,24947
0.0,24948
0.0,24949
0.0,24950
0.0,24951
0.0,24952
0.0,24953
0.0,24954
0.0,24955
0.0,24956
0.0,24957
0.0,24958
0.0,24959
0.0,24960
0.0,24961
3120.9486788883246,24962
1594.0923152157425,24963
1591.030621145628,24964
2640.818596038705,24965
0.0,24966
1439.5722626520353,24967
1215.9953166235389,24968
0.0,24969
98.05728586091652,24970
0.0,24971
1249.6229723819504,24972
476.27699207518697,24973
1576.521795191376,24974
2441.4016051104113,24975
70.16580060607164,24976
1202.1572851201336,24977
0.0,24978
0.0,24979
1134.5642260742588,24980
1130.5693515668308,24981
0.0,24982
0.0,24983
0.0,24984
0.0,24985
767.6425876818039,24986
771.6426807829083,24987
0.0,24988
0.0,24989
4942.715831419577,24990
0.0,24991
0.0,24992
0.0,24993
0.0,24994
0.0,24995
0.0,24996
0.0,24997
0.0,24998
0.0,24999
0.0,25000
0.0,25001
0.0,25002
0.0,25003
0.0,25004
0.0,25005
0.0,25006
0.0,25007
0.0,25008
0.0,25009
0.0,25010
0.0,25011
0.0,25012
0.0,25013
0.0,25014
0.0,25015
0.0,25016
646.3920118747549,25017
642.7544083677251,25018
0.0,25019
0.0,25020
0.0,25021
0.0,25022
0.0,25023
0.0,25024
0.0,25025
0.0,25026
0.0,25027
0.0,25028
0.0,25029
0.0,25030
0.0,25031
0.0,25032
0.0,25033
0.0,25034
0.0,25035
0.0,25036
0.0,25037
0.0,25038
0.0,25039
0.0,25040
0.0,25041
0.0,25042
0.0,25043
0.0,25044
0.0,25045
0.0,25046
0.0,25047
0.0,25048
0.0,25049
0.0,25050
0.0,25051
0.0,25052
0.0,25053
0.0,25054
3578.030329929264,25055
0.0,25056
0.0,25057
0.0,25058
0.0,25059
0.0,25060
0.0,25061
0.0,25062
0.0,25063
0.0,25064
2083.6382157011776,25065
0.0,25066
1429.7691122554693,25067
0.0,25068
0.0,25069
0.0,25070
0.0,25071
0.0,25072
0.0,25073
4015.0580957809416,25074
4358.679478433665,25075
4359.888628485154,25076
3427.608380063773,25077
0.0,25078
0.0,25079
0.0,25080
0.0,25081
0.0,25082
4861.653851298564,25083
0.0,25084
0.0,25085
0.0,25086
0.0,25087
0.0,25088
0.0,25089
0.0,25090
0.0,25091
113.38370192223954,25092
111.24010011116407,25093
2398.481138677018,25094
541.757575400434,25095
0.0,25096
0.0,25097
2620.1222544936986,25098
2743.3775793270697,25099
1286.7090659377582,25100
3736.2276093108576,25101
0.0,25102
2641.607656901713,25103
2741.0125867030924,25104
1446.54226647315,25105
0.0,25106
0.0,25107
0.0,25108
0.0,25109
0.0,25110
0.0,25111
1290.9774903269417,25112
0.0,25113
123.66777378088737,25114
0.0,25115
0.0,25116
0.0,25117
0.0,25118
0.0,25119
763.8905420026318,25120
0.0,25121
0.0,25122
0.0,25123
0.0,25124
2174.6759739417116,25125
0.0,25126
0.0,25127
0.0,25128
0.0,25129
0.0,25130
0.0,25131
0.0,25132
0.0,25133
0.0,25134
0.0,25135
0.0,25136
0.0,25137
0.0,25138
0.0,25139
0.0,25140
0.0,25141
0.0,25142
0.0,25143
0.0,25144
0.0,25145
0.0,25146
0.0,25147
0.0,25148
0.0,25149
0.0,25150
0.0,25151
0.0,25152
0.0,25153
0.0,25154
0.0,25155
0.0,25156
0.0,25157
0.0,25158
0.0,25159
0.0,25160
0.0,25161
0.0,25162
7727.069632219358,25163
0.0,25164
0.0,25165
0.0,25166
0.0,25167
0.0,25168
0.0,25169
0.0,25170
0.0,25171
0.0,25172
0.0,25173
0.0,25174
0.0,25175
0.0,25176
0.0,25177
0.0,25178
0.0,25179
0.0,25180
0.0,25181
0.0,25182
0.0,25183
0.0,25184
0.0,25185
0.0,25186
0.0,25187
0.0,25188
0.0,25189
0.0,25190
0.0,25191
0.0,25192
0.0,25193
0.0,25194
0.0,25195
253.43734290771536,25196
0.0,25197
0.0,25198
0.0,25199
0.0,25200
480.64169846782426,25201
0.0,25202
0.0,25203
0.0,25204
0.0,25205
0.0,25206
0.0,25207
0.0,25208
0.0,25209
0.0,25210
0.0,25211
0.0,25212
0.0,25213
0.0,25214
0.0,25215
0.0,25216
0.0,25217
0.0,25218
0.0,25219
0.0,25220
0.0,25221
0.0,25222
0.0,25223
0.0,25224
0.0,25225
0.0,25226
0.0,25227
0.0,25228
0.0,25229
0.0,25230
0.0,25231
0.0,25232
0.0,25233
393.93074785698326,25234
0.0,25235
0.0,25236
0.0,25237
310.76420023398174,25238
0.0,25239
0.0,25240
0.0,25241
0.0,25242
0.0,25243
0.0,25244
0.0,25245
0.0,25246
493.4528103046631,25247
496.57392198216917,25248
0.0,25249
499.5209382999497,25250
0.0,25251
0.0,25252
0.0,25253
0.0,25254
0.0,25255
0.0,25256
0.0,25257
0.0,25258
0.0,25259
0.0,25260
0.0,25261
0.0,25262
0.0,25263
0.0,25264
0.0,25265
0.0,25266
0.0,25267
0.0,25268
0.0,25269
0.0,25270
0.0,25271
0.0,25272
0.0,25273
0.0,25274
0.0,25275
0.0,25276
0.0,25277
0.0,25278
0.0,25279
0.0,25280
943.2770175005941,25281
0.0,25282
0.0,25283
0.0,25284
0.0,25285
2114.285572792944,25286
0.0,25287
0.0,25288
0.0,25289
0.0,25290
0.0,25291
0.0,25292
0.0,25293
0.0,25294
0.0,25295
0.0,25296
0.0,25297
0.0,25298
0.0,25299
0.0,25300
0.0,25301
0.0,25302
0.0,25303
0.0,25304
0.0,25305
0.0,25306
0.0,25307
1022.714566248121,25308
0.0,25309
0.0,25310
0.0,25311
15530.89333245084,25312
0.0,25313
0.0,25314
0.0,25315
0.0,25316
0.0,25317
747.3193897532326,25318
0.0,25319
0.0,25320
0.0,25321
0.0,25322
0.0,25323
0.0,25324
0.0,25325
0.0,25326
0.0,25327
0.0,25328
0.0,25329
94.2691694807562,25330
0.0,25331
0.0,25332
0.0,25333
0.0,25334
0.0,25335
0.0,25336
0.0,25337
0.0,25338
0.0,25339
0.0,25340
0.0,25341
0.0,25342
0.0,25343
0.0,25344
0.0,25345
0.0,25346
0.0,25347
2096.0058333362886,25348
0.0,25349
0.0,25350
0.0,25351
0.0,25352
0.0,25353
0.0,25354
0.0,25355
0.0,25356
0.0,25357
0.0,25358
0.0,25359
0.0,25360
0.0,25361
0.0,25362
0.0,25363
0.0,25364
0.0,25365
0.0,25366
0.0,25367
0.0,25368
0.0,25369
0.0,25370
0.0,25371
0.0,25372
0.0,25373
0.0,25374
0.0,25375
0.0,25376
0.0,25377
0.0,25378
0.0,25379
0.0,25380
0.0,25381
0.0,25382
0.0,25383
2705.204635135841,25384
0.0,25385
0.0,25386
0.0,25387
0.0,25388
0.0,25389
0.0,25390
0.0,25391
0.0,25392
0.0,25393
0.0,25394
0.0,25395
0.0,25396
0.0,25397
0.0,25398
0.0,25399
0.0,25400
0.0,25401
0.0,25402
0.0,25403
0.0,25404
0.0,25405
0.0,25406
0.0,25407
0.0,25408
0.0,25409
0.0,25410
0.0,25411
0.0,25412
0.0,25413
183.12307140855984,25414
0.0,25415
0.0,25416
0.0,25417
0.0,25418
0.0,25419
0.0,25420
0.0,25421
0.0,25422
1765.700008682203,25423
1539.027765602654,25424
0.0,25425
1637.945377742391,25426
0.0,25427
0.0,25428
1640.8824599335182,25429
0.0,25430
0.0,25431
1962.9109630887333,25432
482.05768654204894,25433
0.0,25434
0.0,25435
0.0,25436
0.0,25437
0.0,25438
0.0,25439
0.0,25440
0.0,25441
0.0,25442
0.0,25443
0.0,25444
0.0,25445
0.0,25446
1237.979339868749,25447
0.0,25448
0.0,25449
0.0,25450
2809.5583687286735,25451
1579.0761586487956,25452
0.0,25453
0.0,25454
0.0,25455
0.0,25456
0.0,25457
0.0,25458
0.0,25459
0.0,25460
0.0,25461
0.0,25462
2721.68186396947,25463
0.0,25464
0.0,25465
0.0,25466
0.0,25467
0.0,25468
0.0,25469
0.0,25470
0.0,25471
208.4852214356238,25472
0.0,25473
0.0,25474
908.4345811289502,25475
1168.1861536647227,25476
0.0,25477
0.0,25478
5185.733462409323,25479
0.0,25480
5763.673061905145,25481
0.0,25482
0.0,25483
2792.6396561866795,25484
0.0,25485
0.0,25486
0.0,25487
0.0,25488
0.0,25489
0.0,25490
0.0,25491
0.0,25492
0.0,25493
0.0,25494
0.0,25495
0.0,25496
0.0,25497
0.0,25498
0.0,25499
0.0,25500
0.0,25501
0.0,25502
0.0,25503
0.0,25504
0.0,25505
0.0,25506
0.0,25507
0.0,25508
0.0,25509
0.0,25510
0.0,25511
0.0,25512
0.0,25513
0.0,25514
0.0,25515
0.0,25516
0.0,25517
0.0,25518
3289.804349041695,25519
0.0,25520
0.0,25521
0.0,25522
0.0,25523
0.0,25524
0.0,25525
61.90478025299667,25526
63.983298736546516,25527
0.0,25528
0.0,25529
0.0,25530
0.0,25531
0.0,25532
0.0,25533
0.0,25534
0.0,25535
2028.705751203546,25536
2695.148924408944,25537
0.0,25538
3014.7105160899864,25539
922.4340892409186,25540
0.0,25541
3871.6590869493325,25542
548.2056953713758,25543
1141.0783724620444,25544
2780.5081491884007,25545
2781.917823660287,25546
0.0,25547
944.1850211437135,25548
0.0,25549
0.0,25550
0.0,25551
0.0,25552
0.0,25553
0.0,25554
0.0,25555
196.1436351045657,25556
0.0,25557
0.0,25558
0.0,25559
0.0,25560
0.0,25561
0.0,25562
0.0,25563
0.0,25564
0.0,25565
0.0,25566
0.0,25567
0.0,25568
0.0,25569
0.0,25570
0.0,25571
0.0,25572
0.0,25573
0.0,25574
0.0,25575
2772.1015376632354,25576
0.0,25577
611.8499607015268,25578
609.3493376498529,25579
0.0,25580
0.0,25581
0.0,25582
3146.70013686455,25583
0.0,25584
1304.531766333753,25585
0.0,25586
0.0,25587
901.4240892469319,25588
1829.8580678507724,25589
0.0,25590
1055.166372461148,25591
1027.195127719435,25592
438.91523004835045,25593
0.0,25594
0.0,25595
1316.7558402135508,25596
0.0,25597
0.0,25598
0.0,25599
0.0,25600
0.0,25601
0.0,25602
0.0,25603
0.0,25604
0.0,25605
0.0,25606
0.0,25607
0.0,25608
0.0,25609
0.0,25610
0.0,25611
0.0,25612
6293.791273641394,25613
0.0,25614
0.0,25615
0.0,25616
0.0,25617
0.0,25618
0.0,25619
0.0,25620
0.0,25621
0.0,25622
0.0,25623
8340.742533920515,25624
1926.6790755378654,25625
0.0,25626
0.0,25627
0.0,25628
0.0,25629
0.0,25630
0.0,25631
0.0,25632
0.0,25633
0.0,25634
0.0,25635
0.0,25636
0.0,25637
0.0,25638
0.0,25639
0.0,25640
0.0,25641
0.0,25642
0.0,25643
0.0,25644
0.0,25645
0.0,25646
0.0,25647
0.0,25648
0.0,25649
0.0,25650
0.0,25651
0.0,25652
0.0,25653
0.0,25654
0.0,25655
0.0,25656
0.0,25657
0.0,25658
0.0,25659
0.0,25660
0.0,25661
0.0,25662
0.0,25663
0.0,25664
0.0,25665
0.0,25666
193.82055086481924,25667
1196.2274822780714,25668
0.0,25669
0.0,25670
0.0,25671
0.0,25672
0.0,25673
0.0,25674
304.29894134798894,25675
0.0,25676
1171.43731035113,25677
0.0,25678
2767.117590211004,25679
0.0,25680
0.0,25681
0.0,25682
0.0,25683
0.0,25684
0.0,25685
0.0,25686
1105.3900149316382,25687
0.0,25688
0.0,25689
0.0,25690
481.99140902436267,25691
896.5625750934985,25692
0.0,25693
0.0,25694
779.2173371691716,25695
781.5596319873781,25696
917.1049304837852,25697
0.0,25698
486.62374414688446,25699
1492.8337242426726,25700
1495.3047870120063,25701
1497.8491513091901,25702
0.0,25703
1446.4631694119455,25704
0.0,25705
0.0,25706
0.0,25707
0.0,25708
0.0,25709
0.0,25710
0.0,25711
0.0,25712
0.0,25713
0.0,25714
0.0,25715
0.0,25716
0.0,25717
0.0,25718
0.0,25719
0.0,25720
1553.2433433086833,25721
0.0,25722
0.0,25723
0.0,25724
0.0,25725
0.0,25726
0.0,25727
0.0,25728
0.0,25729
0.0,25730
0.0,25731
0.0,25732
0.0,25733
0.0,25734
0.0,25735
0.0,25736
0.0,25737
0.0,25738
0.0,25739
0.0,25740
0.0,25741
0.0,25742
0.0,25743
0.0,25744
409.8362272754573,25745
0.0,25746
0.0,25747
0.0,25748
0.0,25749
0.0,25750
0.0,25751
4703.2090038468195,25752
0.0,25753
0.0,25754
0.0,25755
0.0,25756
0.0,25757
0.0,25758
0.0,25759
0.0,25760
0.0,25761
0.0,25762
0.0,25763
414.58989246026226,25764
0.0,25765
0.0,25766
0.0,25767
583.5023564044842,25768
0.0,25769
0.0,25770
0.0,25771
0.0,25772
0.0,25773
0.0,25774
0.0,25775
0.0,25776
0.0,25777
0.0,25778
0.0,25779
0.0,25780
0.0,25781
0.0,25782
0.0,25783
0.0,25784
0.0,25785
0.0,25786
0.0,25787
0.0,25788
0.0,25789
0.0,25790
0.0,25791
0.0,25792
0.0,25793
0.0,25794
0.0,25795
1999.5630888373882,25796
156.9322795895738,25797
0.0,25798
0.0,25799
0.0,25800
0.0,25801
0.0,25802
1115.5623446820464,25803
2232.9337289611803,25804
0.0,25805
1158.5434797024168,25806
0.0,25807
0.0,25808
0.0,25809
0.0,25810
0.0,25811
1098.4200856544799,25812
0.0,25813
0.0,25814
0.0,25815
0.0,25816
0.0,25817
0.0,25818
0.0,25819
0.0,25820
0.0,25821
0.0,25822
0.0,25823
0.0,25824
0.0,25825
0.0,25826
0.0,25827
0.0,25828
0.0,25829
3086.3292625189597,25830
0.0,25831
0.0,25832
0.0,25833
0.0,25834
0.0,25835
0.0,25836
0.0,25837
0.0,25838
0.0,25839
0.0,25840
0.0,25841
0.0,25842
1367.4543911078845,25843
0.0,25844
0.0,25845
0.0,25846
0.0,25847
0.0,25848
1694.5549989735034,25849
1670.9960754371539,25850
0.0,25851
0.0,25852
0.0,25853
0.0,25854
0.0,25855
0.0,25856
0.0,25857
891.6130063193528,25858
2840.484045613382,25859
828.8477946143128,25860
544.58486282173,25861
10040.604915279673,25862
0.0,25863
0.0,25864
0.0,25865
0.0,25866
0.0,25867
0.0,25868
0.0,25869
0.0,25870
0.0,25871
707.1519755693113,25872
1343.849426368803,25873
0.0,25874
0.0,25875
0.0,25876
68.89788820028754,25877
0.0,25878
0.0,25879
0.0,25880
965.9942809407526,25881
0.0,25882
0.0,25883
0.0,25884
0.0,25885
0.0,25886
0.0,25887
0.0,25888
0.0,25889
0.0,25890
0.0,25891
0.0,25892
0.0,25893
0.0,25894
0.0,25895
0.0,25896
0.0,25897
0.0,25898
0.0,25899
1404.4023142909334,25900
0.0,25901
0.0,25902
1840.2176500179376,25903
0.0,25904
0.0,25905
0.0,25906
0.0,25907
0.0,25908
0.0,25909
0.0,25910
0.0,25911
0.0,25912
0.0,25913
0.0,25914
0.0,25915
0.0,25916
0.0,25917
0.0,25918
0.0,25919
0.0,25920
0.0,25921
0.0,25922
0.0,25923
0.0,25924
0.0,25925
0.0,25926
1300.9191127669187,25927
0.0,25928
0.0,25929
0.0,25930
0.0,25931
0.0,25932
0.0,25933
0.0,25934
0.0,25935
0.0,25936
0.0,25937
0.0,25938
0.0,25939
0.0,25940
0.0,25941
0.0,25942
0.0,25943
0.0,25944
0.0,25945
0.0,25946
0.0,25947
0.0,25948
0.0,25949
0.0,25950
0.0,25951
0.0,25952
0.0,25953
0.0,25954
0.0,25955
0.0,25956
0.0,25957
0.0,25958
0.0,25959
1079.1648968358427,25960
0.0,25961
0.0,25962
0.0,25963
0.0,25964
0.0,25965
0.0,25966
0.0,25967
0.0,25968
0.0,25969
0.0,25970
0.0,25971
0.0,25972
0.0,25973
1617.081846612062,25974
0.0,25975
0.0,25976
0.0,25977
0.0,25978
0.0,25979
0.0,25980
0.0,25981
0.0,25982
0.0,25983
0.0,25984
0.0,25985
0.0,25986
0.0,25987
0.0,25988
0.0,25989
0.0,25990
1406.2170605044876,25991
0.0,25992
0.0,25993
0.0,25994
0.0,25995
0.0,25996
0.0,25997
0.0,25998
0.0,25999
0.0,26000
0.0,26001
0.0,26002
0.0,26003
0.0,26004
0.0,26005
0.0,26006
0.0,26007
0.0,26008
0.0,26009
1957.6846880851078,26010
0.0,26011
0.0,26012
0.0,26013
0.0,26014
0.0,26015
0.0,26016
0.0,26017
0.0,26018
0.0,26019
0.0,26020
0.0,26021
0.0,26022
0.0,26023
0.0,26024
0.0,26025
0.0,26026
0.0,26027
0.0,26028
0.0,26029
0.0,26030
0.0,26031
0.0,26032
0.0,26033
1956.5127799043505,26034
1914.86829285562,26035
577.4835405506992,26036
0.0,26037
0.0,26038
0.0,26039
1170.7404704276942,26040
0.0,26041
0.0,26042
0.0,26043
0.0,26044
1179.5411856996002,26045
4202.393678804514,26046
0.0,26047
0.0,26048
2001.689553728438,26049
0.0,26050
0.0,26051
2180.4227878271236,26052
0.0,26053
0.0,26054
0.0,26055
0.0,26056
3902.5297990814574,26057
0.0,26058
3097.4886081113013,26059
0.0,26060
2351.4806102563593,26061
0.0,26062
4249.014647212071,26063
0.0,26064
0.0,26065
2207.515689104978,26066
0.0,26067
0.0,26068
0.0,26069
0.0,26070
115.70879685981895,26071
0.0,26072
0.0,26073
0.0,26074
0.0,26075
0.0,26076
0.0,26077
0.0,26078
0.0,26079
0.0,26080
0.0,26081
0.0,26082
0.0,26083
1936.5307823850899,26084
144.32159545495972,26085
0.0,26086
145.9583670766214,26087
0.0,26088
5622.383778494399,26089
0.0,26090
0.0,26091
0.0,26092
0.0,26093
0.0,26094
0.0,26095
0.0,26096
0.0,26097
0.0,26098
0.0,26099
0.0,26100
3194.7791527450386,26101
0.0,26102
3005.550699693376,26103
0.0,26104
0.0,26105
0.0,26106
0.0,26107
1434.320505344021,26108
0.0,26109
0.0,26110
0.0,26111
0.0,26112
0.0,26113
0.0,26114
0.0,26115
0.0,26116
0.0,26117
0.0,26118
0.0,26119
0.0,26120
0.0,26121
0.0,26122
0.0,26123
0.0,26124
0.0,26125
0.0,26126
0.0,26127
0.0,26128
0.0,26129
0.0,26130
0.0,26131
0.0,26132
0.0,26133
0.0,26134
0.0,26135
0.0,26136
0.0,26137
0.0,26138
0.0,26139
0.0,26140
0.0,26141
0.0,26142
322.10586512159256,26143
0.0,26144
247.6652212235384,26145
0.0,26146
0.0,26147
0.0,26148
0.0,26149
0.0,26150
0.0,26151
0.0,26152
0.0,26153
0.0,26154
0.0,26155
0.0,26156
0.0,26157
0.0,26158
0.0,26159
0.0,26160
0.0,26161
0.0,26162
0.0,26163
0.0,26164
0.0,26165
0.0,26166
0.0,26167
0.0,26168
0.0,26169
0.0,26170
0.0,26171
0.0,26172
0.0,26173
0.0,26174
0.0,26175
0.0,26176
0.0,26177
0.0,26178
0.0,26179
0.0,26180
0.0,26181
0.0,26182
0.0,26183
0.0,26184
0.0,26185
0.0,26186
0.0,26187
0.0,26188
130.40466645842068,26189
0.0,26190
0.0,26191
0.0,26192
0.0,26193
0.0,26194
0.0,26195
0.0,26196
0.0,26197
0.0,26198
0.0,26199
0.0,26200
0.0,26201
0.0,26202
0.0,26203
0.0,26204
0.0,26205
0.0,26206
130.49806932010227,26207
0.0,26208
0.0,26209
0.0,26210
0.0,26211
978.7635729797122,26212
0.0,26213
0.0,26214
1833.4063722848296,26215
0.0,26216
0.0,26217
1834.450125213072,26218
0.0,26219
0.0,26220
0.0,26221
3415.7434103952805,26222
130.18514336122053,26223
0.0,26224
0.0,26225
4389.172546858142,26226
0.0,26227
1908.1532889512875,26228
0.0,26229
0.0,26230
0.0,26231
0.0,26232
0.0,26233
0.0,26234
0.0,26235
722.7307853441695,26236
49.56403217464362,26237
3531.9071490650667,26238
0.0,26239
0.0,26240
0.0,26241
0.0,26242
0.0,26243
0.0,26244
0.0,26245
2501.3278170544054,26246
1020.0092296323892,26247
0.0,26248
0.0,26249
0.0,26250
67.86525499632268,26251
0.0,26252
0.0,26253
0.0,26254
0.0,26255
1585.6906570071767,26256
0.0,26257
0.0,26258
696.7029456001669,26259
1589.5202386405856,26260
213.82202502705996,26261
1593.6792092002995,26262
0.0,26263
1909.9694650337096,26264
1598.4384864238073,26265
0.0,26266
140.78777842703903,26267
0.0,26268
469.91026886699547,26269
591.7063705698545,26270
0.0,26271
0.0,26272
0.0,26273
0.0,26274
0.0,26275
0.0,26276
0.0,26277
0.0,26278
0.0,26279
0.0,26280
0.0,26281
0.0,26282
0.0,26283
0.0,26284
0.0,26285
0.0,26286
0.0,26287
0.0,26288
168.04724878413816,26289
3301.9420021513897,26290
0.0,26291
0.0,26292
0.0,26293
0.0,26294
0.0,26295
0.0,26296
0.0,26297
0.0,26298
0.0,26299
0.0,26300
359.3982347595689,26301
0.0,26302
0.0,26303
933.5721433799803,26304
526.8216435717738,26305
1166.0776271314999,26306
0.0,26307
0.0,26308
0.0,26309
0.0,26310
0.0,26311
0.0,26312
0.0,26313
0.0,26314
0.0,26315
0.0,26316
0.0,26317
0.0,26318
0.0,26319
0.0,26320
0.0,26321
0.0,26322
0.0,26323
0.0,26324
0.0,26325
0.0,26326
0.0,26327
0.0,26328
971.1107342980382,26329
0.0,26330
0.0,26331
0.0,26332
0.0,26333
0.0,26334
0.0,26335
0.0,26336
0.0,26337
0.0,26338
0.0,26339
0.0,26340
0.0,26341
0.0,26342
0.0,26343
0.0,26344
0.0,26345
0.0,26346
0.0,26347
0.0,26348
0.0,26349
4193.150188292205,26350
0.0,26351
0.0,26352
424.51825742127005,26353
0.0,26354
2266.8899485095103,26355
0.0,26356
0.0,26357
0.0,26358
0.0,26359
0.0,26360
0.0,26361
0.0,26362
0.0,26363
0.0,26364
0.0,26365
0.0,26366
329.7342162279132,26367
0.0,26368
0.0,26369
0.0,26370
0.0,26371
0.0,26372
0.0,26373
0.0,26374
0.0,26375
0.0,26376
0.0,26377
0.0,26378
0.0,26379
0.0,26380
0.0,26381
0.0,26382
0.0,26383
0.0,26384
0.0,26385
0.0,26386
0.0,26387
0.0,26388
0.0,26389
0.0,26390
0.0,26391
0.0,26392
2748.604710547094,26393
0.0,26394
0.0,26395
0.0,26396
0.0,26397
0.0,26398
0.0,26399
0.0,26400
0.0,26401
0.0,26402
0.0,26403
0.0,26404
0.0,26405
0.0,26406
0.0,26407
0.0,26408
0.0,26409
0.0,26410
0.0,26411
0.0,26412
0.0,26413
0.0,26414
0.0,26415
0.0,26416
0.0,26417
0.0,26418
0.0,26419
1293.573246109654,26420
4240.011588249864,26421
294.9755519538244,26422
0.0,26423
1178.2517794488997,26424
0.0,26425
2513.498820663071,26426
0.0,26427
0.0,26428
0.0,26429
4272.413120684241,26430
862.0541078155213,26431
0.0,26432
0.0,26433
0.0,26434
0.0,26435
0.0,26436
4023.1487902550884,26437
0.0,26438
96.36003854331241,26439
852.6499916224722,26440
0.0,26441
0.0,26442
0.0,26443
0.0,26444
0.0,26445
0.0,26446
0.0,26447
0.0,26448
0.0,26449
168.44708368584304,26450
0.0,26451
0.0,26452
616.66265793631,26453
0.0,26454
0.0,26455
0.0,26456
0.0,26457
0.0,26458
0.0,26459
0.0,26460
0.0,26461
0.0,26462
0.0,26463
0.0,26464
1301.0789101591054,26465
0.0,26466
0.0,26467
0.0,26468
1302.245433074678,26469
0.0,26470
0.0,26471
0.0,26472
0.0,26473
0.0,26474
0.0,26475
1167.0882657401537,26476
730.0940575719271,26477
0.0,26478
0.0,26479
0.0,26480
0.0,26481
0.0,26482
0.0,26483
0.0,26484
551.5305166732152,26485
0.0,26486
0.0,26487
0.0,26488
0.0,26489
0.0,26490
0.0,26491
0.0,26492
0.0,26493
0.0,26494
0.0,26495
0.0,26496
0.0,26497
0.0,26498
0.0,26499
0.0,26500
0.0,26501
0.0,26502
0.0,26503
0.0,26504
0.0,26505
0.0,26506
0.0,26507
0.0,26508
0.0,26509
0.0,26510
612.9378448871155,26511
0.0,26512
719.5218445470682,26513
0.0,26514
527.4496334352028,26515
0.0,26516
0.0,26517
1025.5002078065654,26518
1528.0282842518377,26519
1024.388046139666,26520
1526.967512085214,26521
0.0,26522
32.74689398971269,26523
2481.032066306114,26524
0.0,26525
0.0,26526
1195.4287912746588,26527
9845.66796984802,26528
0.0,26529
3252.375470289969,26530
0.0,26531
0.0,26532
2735.035842965224,26533
0.0,26534
2385.5889383662266,26535
2386.5499665448588,26536
2387.589108067935,26537
0.0,26538
0.0,26539
0.0,26540
146.5204476636559,26541
0.0,26542
0.0,26543
0.0,26544
0.0,26545
0.0,26546
385.525635068902,26547
0.0,26548
1425.5988282351923,26549
1426.2687966730307,26550
0.0,26551
0.0,26552
0.0,26553
0.0,26554
2488.4628620350377,26555
0.0,26556
0.0,26557
0.0,26558
249.8411728238978,26559
0.0,26560
1746.4332296080029,26561
0.0,26562
0.0,26563
0.0,26564
0.0,26565
0.0,26566
0.0,26567
0.0,26568
0.0,26569
0.0,26570
490.9054371498991,26571
0.0,26572
0.0,26573
0.0,26574
200.31050473778987,26575
0.0,26576
0.0,26577
0.0,26578
0.0,26579
970.4079702848568,26580
0.0,26581
0.0,26582
0.0,26583
0.0,26584
0.0,26585
0.0,26586
0.0,26587
0.0,26588
0.0,26589
0.0,26590
0.0,26591
0.0,26592
0.0,26593
0.0,26594
0.0,26595
0.0,26596
0.0,26597
0.0,26598
0.0,26599
4454.9149095462135,26600
0.0,26601
0.0,26602
0.0,26603
1037.5926474301925,26604
0.0,26605
0.0,26606
0.0,26607
0.0,26608
0.0,26609
294.62731945320076,26610
0.0,26611
0.0,26612
1357.3800526695052,26613
0.0,26614
0.0,26615
0.0,26616
0.0,26617
1186.798562555173,26618
0.0,26619
0.0,26620
0.0,26621
0.0,26622
0.0,26623
0.0,26624
0.0,26625
0.0,26626
0.0,26627
0.0,26628
0.0,26629
0.0,26630
0.0,26631
0.0,26632
0.0,26633
0.0,26634
0.0,26635
0.0,26636
0.0,26637
0.0,26638
0.0,26639
0.0,26640
0.0,26641
1775.3011710012308,26642
2519.4730065487483,26643
0.0,26644
1665.501507416131,26645
0.0,26646
0.0,26647
0.0,26648
0.0,26649
0.0,26650
0.0,26651
1117.0086846085164,26652
0.0,26653
371.7050801097654,26654
0.0,26655
718.1465866108782,26656
0.0,26657
0.0,26658
0.0,26659
0.0,26660
0.0,26661
454.1565420862817,26662
0.0,26663
0.0,26664
0.0,26665
0.0,26666
0.0,26667
0.0,26668
0.0,26669
0.0,26670
0.0,26671
0.0,26672
0.0,26673
0.0,26674
0.0,26675
0.0,26676
0.0,26677
0.0,26678
0.0,26679
312.49224293601833,26680
0.0,26681
1056.210077091565,26682
0.0,26683
0.0,26684
0.0,26685
0.0,26686
0.0,26687
0.0,26688
0.0,26689
0.0,26690
0.0,26691
0.0,26692
0.0,26693
0.0,26694
0.0,26695
0.0,26696
0.0,26697
0.0,26698
0.0,26699
479.67127728439783,26700
0.0,26701
0.0,26702
0.0,26703
0.0,26704
0.0,26705
0.0,26706
0.0,26707
0.0,26708
0.0,26709
0.0,26710
0.0,26711
0.0,26712
0.0,26713
0.0,26714
0.0,26715
0.0,26716
0.0,26717
0.0,26718
0.0,26719
0.0,26720
0.0,26721
0.0,26722
0.0,26723
0.0,26724
0.0,26725
0.0,26726
0.0,26727
0.0,26728
0.0,26729
0.0,26730
0.0,26731
0.0,26732
126.05546147030142,26733
0.0,26734
0.0,26735
0.0,26736
0.0,26737
0.0,26738
0.0,26739
0.0,26740
0.0,26741
0.0,26742
0.0,26743
0.0,26744
0.0,26745
0.0,26746
0.0,26747
0.0,26748
0.0,26749
0.0,26750
0.0,26751
0.0,26752
0.0,26753
0.0,26754
0.0,26755
0.0,26756
0.0,26757
0.0,26758
0.0,26759
0.0,26760
0.0,26761
0.0,26762
0.0,26763
0.0,26764
6439.448352248202,26765
0.0,26766
0.0,26767
0.0,26768
0.0,26769
0.0,26770
0.0,26771
0.0,26772
0.0,26773
0.0,26774
0.0,26775
0.0,26776
0.0,26777
0.0,26778
0.0,26779
0.0,26780
0.0,26781
0.0,26782
0.0,26783
0.0,26784
0.0,26785
0.0,26786
0.0,26787
0.0,26788
0.0,26789
0.0,26790
0.0,26791
0.0,26792
0.0,26793
0.0,26794
0.0,26795
0.0,26796
0.0,26797
0.0,26798
0.0,26799
0.0,26800
0.0,26801
0.0,26802
0.0,26803
0.0,26804
0.0,26805
6550.5916005699355,26806
0.0,26807
0.0,26808
0.0,26809
0.0,26810
0.0,26811
0.0,26812
0.0,26813
0.0,26814
0.0,26815
0.0,26816
0.0,26817
0.0,26818
0.0,26819
0.0,26820
0.0,26821
0.0,26822
0.0,26823
0.0,26824
0.0,26825
0.0,26826
0.0,26827
0.0,26828
0.0,26829
0.0,26830
0.0,26831
0.0,26832
0.0,26833
0.0,26834
0.0,26835
0.0,26836
0.0,26837
0.0,26838
0.0,26839
0.0,26840
0.0,26841
0.0,26842
0.0,26843
0.0,26844
0.0,26845
3207.2211341987763,26846
0.0,26847
0.0,26848
0.0,26849
0.0,26850
0.0,26851
0.0,26852
0.0,26853
0.0,26854
0.0,26855
0.0,26856
0.0,26857
0.0,26858
0.0,26859
0.0,26860
1861.158221471128,26861
0.0,26862
0.0,26863
0.0,26864
0.0,26865
0.0,26866
0.0,26867
0.0,26868
0.0,26869
0.0,26870
1677.548011746987,26871
0.0,26872
0.0,26873
0.0,26874
0.0,26875
0.0,26876
0.0,26877
2854.319964317419,26878
0.0,26879
0.0,26880
0.0,26881
0.0,26882
0.0,26883
0.0,26884
0.0,26885
0.0,26886
0.0,26887
0.0,26888
0.0,26889
71.23944790253103,26890
0.0,26891
0.0,26892
0.0,26893
0.0,26894
0.0,26895
0.0,26896
0.0,26897
0.0,26898
0.0,26899
0.0,26900
999.8348926496512,26901
0.0,26902
0.0,26903
0.0,26904
0.0,26905
0.0,26906
0.0,26907
0.0,26908
0.0,26909
0.0,26910
0.0,26911
0.0,26912
0.0,26913
0.0,26914
0.0,26915
0.0,26916
0.0,26917
0.0,26918
3375.0066395301665,26919
0.0,26920
0.0,26921
0.0,26922
0.0,26923
0.0,26924
848.918626309331,26925
0.0,26926
0.0,26927
0.0,26928
0.0,26929
0.0,26930
751.8305183842482,26931
1396.2345444518687,26932
0.0,26933
0.0,26934
0.0,26935
0.0,26936
122.67567779998727,26937
0.0,26938
122.51971541980166,26939
0.0,26940
0.0,26941
0.0,26942
0.0,26943
0.0,26944
0.0,26945
0.0,26946
0.0,26947
0.0,26948
0.0,26949
0.0,26950
0.0,26951
0.0,26952
0.0,26953
0.0,26954
0.0,26955
0.0,26956
0.0,26957
0.0,26958
0.0,26959
0.0,26960
0.0,26961
0.0,26962
0.0,26963
0.0,26964
0.0,26965
292.3334135139435,26966
0.0,26967
0.0,26968
0.0,26969
0.0,26970
0.0,26971
0.0,26972
576.7978413235046,26973
0.0,26974
0.0,26975
0.0,26976
0.0,26977
0.0,26978
0.0,26979
0.0,26980
0.0,26981
0.0,26982
0.0,26983
82.79959062160046,26984
0.0,26985
0.0,26986
0.0,26987
0.0,26988
0.0,26989
0.0,26990
86.05668679257944,26991
135.9560931814044,26992
0.0,26993
0.0,26994
0.0,26995
0.0,26996
108.27205948206425,26997
0.0,26998
0.0,26999
0.0,27000
1331.8408743353646,27001
2091.307615683636,27002
1333.7212109817506,27003
319.6229526552878,27004
319.92382155051456,27005
0.0,27006
0.0,27007
0.0,27008
0.0,27009
0.0,27010
0.0,27011
0.0,27012
0.0,27013
0.0,27014
0.0,27015
0.0,27016
0.0,27017
0.0,27018
0.0,27019
0.0,27020
0.0,27021
0.0,27022
0.0,27023
0.0,27024
0.0,27025
0.0,27026
0.0,27027
0.0,27028
0.0,27029
2103.1965151336494,27030
0.0,27031
0.0,27032
0.0,27033
0.0,27034
0.0,27035
0.0,27036
0.0,27037
0.0,27038
0.0,27039
0.0,27040
0.0,27041
0.0,27042
0.0,27043
0.0,27044
0.0,27045
0.0,27046
0.0,27047
0.0,27048
0.0,27049
1931.0565165593293,27050
0.0,27051
0.0,27052
0.0,27053
0.0,27054
331.2096867631218,27055
0.0,27056
0.0,27057
0.0,27058
0.0,27059
0.0,27060
0.0,27061
0.0,27062
0.0,27063
0.0,27064
0.0,27065
0.0,27066
0.0,27067
0.0,27068
0.0,27069
0.0,27070
0.0,27071
0.0,27072
0.0,27073
0.0,27074
0.0,27075
0.0,27076
0.0,27077
0.0,27078
0.0,27079
0.0,27080
0.0,27081
0.0,27082
0.0,27083
0.0,27084
0.0,27085
0.0,27086
0.0,27087
0.0,27088
0.0,27089
253.38127727542744,27090
1065.279551662461,27091
0.0,27092
0.0,27093
0.0,27094
0.0,27095
0.0,27096
0.0,27097
0.0,27098
0.0,27099
0.0,27100
0.0,27101
1907.1242417752394,27102
0.0,27103
0.0,27104
0.0,27105
0.0,27106
0.0,27107
0.0,27108
0.0,27109
0.0,27110
0.0,27111
0.0,27112
615.1537699971258,27113
0.0,27114
0.0,27115
0.0,27116
0.0,27117
0.0,27118
0.0,27119
0.0,27120
0.0,27121
0.0,27122
0.0,27123
0.0,27124
0.0,27125
0.0,27126
0.0,27127
0.0,27128
0.0,27129
0.0,27130
0.0,27131
120.705334842182,27132
0.0,27133
0.0,27134
0.0,27135
122.47417050364302,27136
0.0,27137
1240.1135186738204,27138
339.10629478049805,27139
170.2451557627471,27140
0.0,27141
0.0,27142
0.0,27143
0.0,27144
0.0,27145
0.0,27146
0.0,27147
0.0,27148
0.0,27149
0.0,27150
1265.9482335436883,27151
0.0,27152
0.0,27153
0.0,27154
456.417751300504,27155
456.05357128827205,27156
0.0,27157
455.70321634538516,27158
0.0,27159
0.0,27160
0.0,27161
0.0,27162
0.0,27163
0.0,27164
0.0,27165
0.0,27166
1080.944071842188,27167
0.0,27168
0.0,27169
0.0,27170
1533.71858629448,27171
0.0,27172
571.3257135093672,27173
0.0,27174
0.0,27175
0.0,27176
0.0,27177
42.712200346006846,27178
1414.6205053024037,27179
0.0,27180
0.0,27181
0.0,27182
0.0,27183
0.0,27184
1672.245531276109,27185
0.0,27186
0.0,27187
1054.5268208188195,27188
0.0,27189
0.0,27190
0.0,27191
0.0,27192
0.0,27193
0.0,27194
0.0,27195
0.0,27196
0.0,27197
0.0,27198
0.0,27199
0.0,27200
0.0,27201
0.0,27202
0.0,27203
296.87803277997966,27204
0.0,27205
0.0,27206
0.0,27207
0.0,27208
0.0,27209
0.0,27210
0.0,27211
0.0,27212
0.0,27213
0.0,27214
0.0,27215
0.0,27216
8350.91348939349,27217
0.0,27218
0.0,27219
0.0,27220
0.0,27221
0.0,27222
0.0,27223
0.0,27224
0.0,27225
825.2026319382667,27226
0.0,27227
0.0,27228
1047.9969702931987,27229
2400.0599859606773,27230
0.0,27231
0.0,27232
0.0,27233
0.0,27234
0.0,27235
0.0,27236
0.0,27237
0.0,27238
0.0,27239
0.0,27240
0.0,27241
0.0,27242
0.0,27243
0.0,27244
0.0,27245
0.0,27246
221.8587279067681,27247
0.0,27248
0.0,27249
0.0,27250
0.0,27251
0.0,27252
0.0,27253
0.0,27254
0.0,27255
0.0,27256
1908.511519357572,27257
6881.958462057344,27258
0.0,27259
0.0,27260
0.0,27261
0.0,27262
2370.64883164821,27263
0.0,27264
0.0,27265
0.0,27266
0.0,27267
0.0,27268
0.0,27269
0.0,27270
0.0,27271
0.0,27272
0.0,27273
0.0,27274
0.0,27275
0.0,27276
0.0,27277
0.0,27278
0.0,27279
0.0,27280
0.0,27281
0.0,27282
0.0,27283
0.0,27284
0.0,27285
0.0,27286
0.0,27287
2745.7949097301607,27288
0.0,27289
0.0,27290
0.0,27291
0.0,27292
0.0,27293
0.0,27294
0.0,27295
0.0,27296
0.0,27297
0.0,27298
0.0,27299
0.0,27300
0.0,27301
0.0,27302
0.0,27303
0.0,27304
0.0,27305
0.0,27306
0.0,27307
0.0,27308
0.0,27309
0.0,27310
1281.7353835185968,27311
1053.4105867750309,27312
0.0,27313
624.3304083016378,27314
0.0,27315
0.0,27316
0.0,27317
0.0,27318
0.0,27319
0.0,27320
0.0,27321
0.0,27322
0.0,27323
0.0,27324
0.0,27325
788.6567624668235,27326
0.0,27327
0.0,27328
0.0,27329
452.7601538710963,27330
0.0,27331
0.0,27332
0.0,27333
0.0,27334
625.1981417655167,27335
1636.2803095269132,27336
2365.9473855872766,27337
76.08415005476397,27338
0.0,27339
0.0,27340
926.9513687931154,27341
1770.0031545721804,27342
225.3187373646209,27343
0.0,27344
0.0,27345
0.0,27346
0.0,27347
1319.832003307819,27348
652.9584322950618,27349
653.9727267934474,27350
635.4457006717678,27351
0.0,27352
0.0,27353
637.0461353634641,27354
1213.3472274317205,27355
0.0,27356
638.3318224825939,27357
0.0,27358
1022.6898300664626,27359
0.0,27360
1177.127971693638,27361
0.0,27362
0.0,27363
0.0,27364
0.0,27365
0.0,27366
1697.4065178289652,27367
0.0,27368
0.0,27369
0.0,27370
0.0,27371
0.0,27372
0.0,27373
590.5119254093896,27374
0.0,27375
0.0,27376
0.0,27377
0.0,27378
0.0,27379
0.0,27380
0.0,27381
0.0,27382
425.35110938073143,27383
746.7441779530926,27384
0.0,27385
749.7953778848791,27386
0.0,27387
0.0,27388
0.0,27389
130.38227601421818,27390
0.0,27391
0.0,27392
0.0,27393
0.0,27394
0.0,27395
0.0,27396
0.0,27397
0.0,27398
0.0,27399
0.0,27400
0.0,27401
0.0,27402
0.0,27403
0.0,27404
0.0,27405
0.0,27406
0.0,27407
0.0,27408
0.0,27409
0.0,27410
0.0,27411
0.0,27412
0.0,27413
0.0,27414
0.0,27415
0.0,27416
89.73846698744957,27417
0.0,27418
0.0,27419
0.0,27420
0.0,27421
0.0,27422
0.0,27423
0.0,27424
0.0,27425
0.0,27426
0.0,27427
0.0,27428
1065.4031601416584,27429
0.0,27430
1523.7013175127377,27431
20.870751873742137,27432
0.0,27433
107.49393274936733,27434
109.00904025369036,27435
110.50462255129808,27436
112.00433959591574,27437
113.53650196857696,27438
0.0,27439
0.0,27440
0.0,27441
0.0,27442
972.629173406392,27443
0.0,27444
0.0,27445
0.0,27446
0.0,27447
0.0,27448
0.0,27449
0.0,27450
0.0,27451
0.0,27452
0.0,27453
0.0,27454
0.0,27455
0.0,27456
0.0,27457
0.0,27458
0.0,27459
0.0,27460
0.0,27461
0.0,27462
0.0,27463
0.0,27464
0.0,27465
0.0,27466
0.0,27467
0.0,27468
0.0,27469
0.0,27470
0.0,27471
0.0,27472
0.0,27473
0.0,27474
0.0,27475
0.0,27476
0.0,27477
0.0,27478
0.0,27479
0.0,27480
0.0,27481
0.0,27482
0.0,27483
0.0,27484
0.0,27485
0.0,27486
0.0,27487
0.0,27488
0.0,27489
0.0,27490
0.0,27491
0.0,27492
0.0,27493
0.0,27494
0.0,27495
0.0,27496
0.0,27497
0.0,27498
0.0,27499
0.0,27500
0.0,27501
0.0,27502
0.0,27503
0.0,27504
0.0,27505
0.0,27506
0.0,27507
0.0,27508
0.0,27509
0.0,27510
0.0,27511
0.0,27512
0.0,27513
0.0,27514
0.0,27515
0.0,27516
0.0,27517
0.0,27518
1316.8256116732884,27519
0.0,27520
0.0,27521
0.0,27522
0.0,27523
0.0,27524
0.0,27525
0.0,27526
0.0,27527
0.0,27528
0.0,27529
3118.380837716513,27530
0.0,27531
0.0,27532
0.0,27533
0.0,27534
0.0,27535
0.0,27536
0.0,27537
0.0,27538
0.0,27539
0.0,27540
0.0,27541
0.0,27542
0.0,27543
0.0,27544
0.0,27545
0.0,27546
0.0,27547
0.0,27548
0.0,27549
0.0,27550
0.0,27551
0.0,27552
0.0,27553
0.0,27554
0.0,27555
0.0,27556
0.0,27557
0.0,27558
0.0,27559
0.0,27560
0.0,27561
0.0,27562
366.28703785568547,27563
0.0,27564
0.0,27565
0.0,27566
0.0,27567
0.0,27568
0.0,27569
0.0,27570
0.0,27571
0.0,27572
0.0,27573
0.0,27574
0.0,27575
0.0,27576
0.0,27577
0.0,27578
0.0,27579
0.0,27580
0.0,27581
0.0,27582
0.0,27583
0.0,27584
0.0,27585
0.0,27586
0.0,27587
0.0,27588
0.0,27589
0.0,27590
0.0,27591
0.0,27592
0.0,27593
0.0,27594
0.0,27595
0.0,27596
0.0,27597
0.0,27598
0.0,27599
0.0,27600
0.0,27601
0.0,27602
0.0,27603
0.0,27604
0.0,27605
0.0,27606
0.0,27607
0.0,27608
0.0,27609
0.0,27610
0.0,27611
0.0,27612
0.0,27613
0.0,27614
0.0,27615
0.0,27616
0.0,27617
0.0,27618
3213.99931297116,27619
0.0,27620
0.0,27621
72.60348229306891,27622
72.46599934540181,27623
72.3331256363836,27624
72.19649189160818,27625
72.0489818584643,27626
0.0,27627
0.0,27628
0.0,27629
1664.9976041059103,27630
1499.4708592457368,27631
0.0,27632
0.0,27633
0.0,27634
83.68495189944943,27635
0.0,27636
0.0,27637
786.9292019570456,27638
0.0,27639
802.6960326788768,27640
0.0,27641
0.0,27642
1004.9640006745243,27643
0.0,27644
1648.6999604772857,27645
1648.5512221641252,27646
1648.328807208467,27647
0.0,27648
1797.8429305699624,27649
1453.096126876467,27650
4016.235116296234,27651
0.0,27652
0.0,27653
0.0,27654
0.0,27655
2654.8941453519355,27656
1007.2490188788214,27657
0.0,27658
0.0,27659
0.0,27660
1196.067402675598,27661
1249.1772063938754,27662
1076.386205474069,27663
1673.5393929101417,27664
0.0,27665
1417.065781084145,27666
391.3291544315681,27667
755.2660093647263,27668
6321.078572325266,27669
0.0,27670
0.0,27671
0.0,27672
0.0,27673
0.0,27674
0.0,27675
0.0,27676
0.0,27677
364.72867728142904,27678
152.2272282926982,27679
0.0,27680
0.0,27681
209.68213285233696,27682
0.0,27683
0.0,27684
489.8025634058798,27685
489.78653119245934,27686
4497.702710688752,27687
4648.033529052763,27688
0.0,27689
0.0,27690
0.0,27691
0.0,27692
0.0,27693
0.0,27694
0.0,27695
0.0,27696
0.0,27697
0.0,27698
0.0,27699
0.0,27700
0.0,27701
0.0,27702
0.0,27703
0.0,27704
0.0,27705
0.0,27706
0.0,27707
0.0,27708
0.0,27709
0.0,27710
0.0,27711
0.0,27712
0.0,27713
0.0,27714
0.0,27715
0.0,27716
0.0,27717
0.0,27718
0.0,27719
0.0,27720
0.0,27721
0.0,27722
0.0,27723
0.0,27724
3433.8216710210777,27725
0.0,27726
0.0,27727
0.0,27728
0.0,27729
0.0,27730
0.0,27731
0.0,27732
0.0,27733
0.0,27734
0.0,27735
0.0,27736
0.0,27737
0.0,27738
0.0,27739
0.0,27740
0.0,27741
0.0,27742
0.0,27743
0.0,27744
0.0,27745
0.0,27746
0.0,27747
0.0,27748
0.0,27749
0.0,27750
0.0,27751
0.0,27752
0.0,27753
0.0,27754
0.0,27755
0.0,27756
0.0,27757
0.0,27758
460.5097898054748,27759
0.0,27760
0.0,27761
0.0,27762
0.0,27763
0.0,27764
0.0,27765
0.0,27766
0.0,27767
0.0,27768
0.0,27769
0.0,27770
0.0,27771
0.0,27772
0.0,27773
0.0,27774
0.0,27775
0.0,27776
0.0,27777
0.0,27778
0.0,27779
0.0,27780
0.0,27781
0.0,27782
0.0,27783
0.0,27784
0.0,27785
0.0,27786
0.0,27787
0.0,27788
0.0,27789
0.0,27790
0.0,27791
0.0,27792
407.61140569898106,27793
0.0,27794
0.0,27795
0.0,27796
1652.2614349262346,27797
0.0,27798
0.0,27799
0.0,27800
0.0,27801
0.0,27802
0.0,27803
74.35995238163562,27804
0.0,27805
0.0,27806
0.0,27807
0.0,27808
0.0,27809
0.0,27810
1864.0368926336325,27811
0.0,27812
0.0,27813
368.70406080664276,27814
0.0,27815
1118.9055852615134,27816
710.7380620163857,27817
0.0,27818
130.85110294654336,27819
0.0,27820
0.0,27821
0.0,27822
0.0,27823
0.0,27824
0.0,27825
0.0,27826
0.0,27827
0.0,27828
0.0,27829
879.0965148071124,27830
0.0,27831
0.0,27832
0.0,27833
0.0,27834
0.0,27835
1739.8757012127958,27836
0.0,27837
0.0,27838
0.0,27839
0.0,27840
0.0,27841
0.0,27842
0.0,27843
0.0,27844
0.0,27845
0.0,27846
0.0,27847
0.0,27848
0.0,27849
0.0,27850
0.0,27851
0.0,27852
0.0,27853
0.0,27854
0.0,27855
0.0,27856
0.0,27857
0.0,27858
0.0,27859
0.0,27860
0.0,27861
0.0,27862
0.0,27863
0.0,27864
0.0,27865
0.0,27866
0.0,27867
0.0,27868
0.0,27869
0.0,27870
0.0,27871
0.0,27872
0.0,27873
0.0,27874
0.0,27875
0.0,27876
1254.0928853837531,27877
0.0,27878
0.0,27879
82.25634044745415,27880
0.0,27881
0.0,27882
0.0,27883
14.29482407601715,27884
0.0,27885
0.0,27886
0.0,27887
0.0,27888
166.5536204648308,27889
0.0,27890
0.0,27891
0.0,27892
0.0,27893
0.0,27894
0.0,27895
0.0,27896
0.0,27897
0.0,27898
0.0,27899
0.0,27900
0.0,27901
0.0,27902
0.0,27903
0.0,27904
0.0,27905
0.0,27906
0.0,27907
0.0,27908
3638.5767543040693,27909
986.7389649003736,27910
0.0,27911
1652.7828165603426,27912
20.74796365697237,27913
0.0,27914
0.0,27915
0.0,27916
0.0,27917
627.0441288679629,27918
0.0,27919
0.0,27920
0.0,27921
0.0,27922
0.0,27923
0.0,27924
0.0,27925
0.0,27926
0.0,27927
0.0,27928
0.0,27929
1481.04799049587,27930
0.0,27931
0.0,27932
0.0,27933
0.0,27934
0.0,27935
0.0,27936
0.0,27937
0.0,27938
0.0,27939
0.0,27940
0.0,27941
0.0,27942
0.0,27943
0.0,27944
0.0,27945
0.0,27946
0.0,27947
0.0,27948
0.0,27949
0.0,27950
0.0,27951
0.0,27952
0.0,27953
0.0,27954
0.0,27955
0.0,27956
0.0,27957
0.0,27958
0.0,27959
0.0,27960
0.0,27961
0.0,27962
0.0,27963
0.0,27964
0.0,27965
0.0,27966
0.0,27967
0.0,27968
0.0,27969
0.0,27970
0.0,27971
0.0,27972
0.0,27973
187.09714505518622,27974
0.0,27975
0.0,27976
0.0,27977
0.0,27978
0.0,27979
0.0,27980
0.0,27981
0.0,27982
0.0,27983
0.0,27984
0.0,27985
0.0,27986
0.0,27987
0.0,27988
0.0,27989
0.0,27990
0.0,27991
0.0,27992
0.0,27993
0.0,27994
0.0,27995
0.0,27996
0.0,27997
0.0,27998
0.0,27999
0.0,28000
0.0,28001
0.0,28002
0.0,28003
0.0,28004
0.0,28005
0.0,28006
0.0,28007
0.0,28008
0.0,28009
0.0,28010
0.0,28011
0.0,28012
0.0,28013
0.0,28014
0.0,28015
0.0,28016
0.0,28017
0.0,28018
0.0,28019
0.0,28020
0.0,28021
0.0,28022
0.0,28023
0.0,28024
0.0,28025
0.0,28026
0.0,28027
0.0,28028
0.0,28029
0.0,28030
4914.544428484483,28031
0.0,28032
0.0,28033
0.0,28034
0.0,28035
0.0,28036
0.0,28037
0.0,28038
0.0,28039
0.0,28040
0.0,28041
0.0,28042
0.0,28043
0.0,28044
0.0,28045
0.0,28046
0.0,28047
0.0,28048
0.0,28049
0.0,28050
0.0,28051
0.0,28052
0.0,28053
0.0,28054
1033.2730923755807,28055
0.0,28056
1422.3604270783405,28057
5329.214743667997,28058
0.0,28059
0.0,28060
0.0,28061
0.0,28062
0.0,28063
0.0,28064
0.0,28065
0.0,28066
0.0,28067
0.0,28068
0.0,28069
0.0,28070
0.0,28071
102.90129331480789,28072
2148.9750471127827,28073
0.0,28074
0.0,28075
0.0,28076
0.0,28077
0.0,28078
0.0,28079
0.0,28080
0.0,28081
2904.1957261890425,28082
0.0,28083
2146.250838556098,28084
0.0,28085
0.0,28086
0.0,28087
0.0,28088
0.0,28089
1569.7245963467094,28090
1569.839902216883,28091
0.0,28092
0.0,28093
0.0,28094
0.0,28095
0.0,28096
322.6002756339946,28097
0.0,28098
0.0,28099
0.0,28100
0.0,28101
0.0,28102
0.0,28103
0.0,28104
0.0,28105
0.0,28106
0.0,28107
1303.5521131221287,28108
0.0,28109
1303.9340904865005,28110
0.0,28111
444.1878899622343,28112
0.0,28113
0.0,28114
1571.6008957923677,28115
0.0,28116
1305.059199488221,28117
0.0,28118
0.0,28119
0.0,28120
0.0,28121
0.0,28122
0.0,28123
0.0,28124
0.0,28125
0.0,28126
1440.6342265485314,28127
1305.7059800438612,28128
0.0,28129
0.0,28130
500.41419613499073,28131
0.0,28132
0.0,28133
0.0,28134
0.0,28135
0.0,28136
1574.053973689125,28137
1307.4062004092325,28138
0.0,28139
0.0,28140
0.0,28141
0.0,28142
0.0,28143
0.0,28144
0.0,28145
67.13329431284498,28146
0.0,28147
0.0,28148
0.0,28149
0.0,28150
0.0,28151
0.0,28152
0.0,28153
0.0,28154
0.0,28155
1078.8312277319687,28156
0.0,28157
0.0,28158
324.7955825849767,28159
0.0,28160
0.0,28161
324.90416413282674,28162
0.0,28163
1115.2452877711683,28164
0.0,28165
0.0,28166
0.0,28167
325.13979893360084,28168
325.2435246170518,28169
0.0,28170
0.0,28171
0.0,28172
0.0,28173
0.0,28174
0.0,28175
0.0,28176
0.0,28177
0.0,28178
325.35403683710234,28179
0.0,28180
0.0,28181
0.0,28182
0.0,28183
0.0,28184
325.47622519406735,28185
0.0,28186
0.0,28187
0.0,28188
0.0,28189
0.0,28190
0.0,28191
0.0,28192
0.0,28193
0.0,28194
0.0,28195
0.0,28196
0.0,28197
0.0,28198
0.0,28199
0.0,28200
325.6136303896623,28201
0.0,28202
0.0,28203
0.0,28204
0.0,28205
0.0,28206
0.0,28207
0.0,28208
325.76864721013817,28209
0.0,28210
0.0,28211
0.0,28212
0.0,28213
0.0,28214
0.0,28215
0.0,28216
0.0,28217
0.0,28218
0.0,28219
0.0,28220
0.0,28221
0.0,28222
0.0,28223
325.9429372636154,28224
0.0,28225
0.0,28226
0.0,28227
326.13769832883804,28228
0.0,28229
0.0,28230
0.0,28231
0.0,28232
3765.44469922581,28233
0.0,28234
0.0,28235
0.0,28236
0.0,28237
0.0,28238
0.0,28239
0.0,28240
0.0,28241
0.0,28242
0.0,28243
0.0,28244
325.9173775997528,28245
0.0,28246
0.0,28247
0.0,28248
0.0,28249
0.0,28250
3763.7710035037558,28251
0.0,28252
0.0,28253
325.72570216919746,28254
2033.1418845375822,28255
2176.821050295813,28256
0.0,28257
0.0,28258
0.0,28259
325.88489508259397,28260
0.0,28261
0.0,28262
0.0,28263
0.0,28264
326.1714209904503,28265
0.0,28266
0.0,28267
0.0,28268
0.0,28269
0.0,28270
326.4847585416114,28271
0.0,28272
0.0,28273
0.0,28274
0.0,28275
0.0,28276
0.0,28277
0.0,28278
0.0,28279
0.0,28280
0.0,28281
0.0,28282
0.0,28283
0.0,28284
0.0,28285
0.0,28286
0.0,28287
0.0,28288
787.7909706743891,28289
0.0,28290
0.0,28291
0.0,28292
0.0,28293
0.0,28294
0.0,28295
0.0,28296
0.0,28297
0.0,28298
0.0,28299
0.0,28300
0.0,28301
1413.0969068348647,28302
0.0,28303
0.0,28304
0.0,28305
0.0,28306
0.0,28307
3368.701201019421,28308
0.0,28309
0.0,28310
0.0,28311
0.0,28312
1111.7227087655124,28313
0.0,28314
0.0,28315
0.0,28316
0.0,28317
0.0,28318
0.0,28319
0.0,28320
0.0,28321
0.0,28322
0.0,28323
0.0,28324
0.0,28325
0.0,28326
0.0,28327
0.0,28328
0.0,28329
0.0,28330
0.0,28331
0.0,28332
0.0,28333
2978.813957819223,28334
0.0,28335
0.0,28336
0.0,28337
0.0,28338
0.0,28339
331.0882748068917,28340
795.7363060711986,28341
587.7261460479186,28342
0.0,28343
794.9255764559498,28344
0.0,28345
0.0,28346
3342.799497139603,28347
0.0,28348
0.0,28349
0.0,28350
1365.6244027439507,28351
0.0,28352
3531.0612295370615,28353
0.0,28354
640.3072501990799,28355
0.0,28356
0.0,28357
0.0,28358
0.0,28359
0.0,28360
639.9422724524953,28361
0.0,28362
0.0,28363
0.0,28364
2253.170643367561,28365
2252.413195523827,28366
0.0,28367
2251.605528501861,28368
639.0157153289437,28369
893.9734243721571,28370
0.0,28371
938.0957672952628,28372
0.0,28373
0.0,28374
0.0,28375
0.0,28376
0.0,28377
0.0,28378
0.0,28379
0.0,28380
0.0,28381
0.0,28382
0.0,28383
0.0,28384
0.0,28385
5900.753689810055,28386
0.0,28387
0.0,28388
0.0,28389
1598.9841366960861,28390
0.0,28391
0.0,28392
0.0,28393
0.0,28394
0.0,28395
0.0,28396
0.0,28397
150.7615398391802,28398
98.1786808842592,28399
0.0,28400
0.0,28401
0.0,28402
0.0,28403
0.0,28404
801.81176803135,28405
0.0,28406
0.0,28407
0.0,28408
0.0,28409
0.0,28410
0.0,28411
0.0,28412
0.0,28413
1511.470580434296,28414
0.0,28415
0.0,28416
0.0,28417
0.0,28418
1205.8015899096026,28419
0.0,28420
0.0,28421
0.0,28422
0.0,28423
1046.556912310162,28424
0.0,28425
0.0,28426
2576.246042804836,28427
0.0,28428
889.5723193551811,28429
891.6072283215815,28430
0.0,28431
0.0,28432
0.0,28433
0.0,28434
3597.763664216952,28435
2062.328260567948,28436
1165.6887791541471,28437
0.0,28438
7534.567271096867,28439
0.0,28440
0.0,28441
1794.5466325537823,28442
1794.0873223067263,28443
0.0,28444
0.0,28445
0.0,28446
894.7624507144764,28447
2301.3433080406444,28448
0.0,28449
0.0,28450
513.7476470914318,28451
0.0,28452
1075.195271858981,28453
534.8832335053572,28454
329.414417818962,28455
0.0,28456
0.0,28457
0.0,28458
0.0,28459
1938.888729293667,28460
0.0,28461
0.0,28462
2716.029799164726,28463
0.0,28464
0.0,28465
1938.3608726031794,28466
0.0,28467
1800.3917818641976,28468
0.0,28469
2112.1142404944835,28470
1762.3861046529257,28471
0.0,28472
0.0,28473
0.0,28474
4237.16235442146,28475
0.0,28476
0.0,28477
728.6204901967876,28478
0.0,28479
0.0,28480
0.0,28481
0.0,28482
1377.6726867137609,28483
3867.9174313579438,28484
0.0,28485
1629.7762154723846,28486
0.0,28487
0.0,28488
0.0,28489
0.0,28490
1377.3552304376622,28491
0.0,28492
0.0,28493
0.0,28494
0.0,28495
0.0,28496
0.0,28497
0.0,28498
0.0,28499
0.0,28500
0.0,28501
0.0,28502
0.0,28503
0.0,28504
0.0,28505
0.0,28506
0.0,28507
0.0,28508
2942.3249109351445,28509
0.0,28510
0.0,28511
50.281415166315654,28512
0.0,28513
175.7791909683425,28514
1612.762586678222,28515
0.0,28516
0.0,28517
0.0,28518
0.0,28519
0.0,28520
107.79627945877655,28521
0.0,28522
0.0,28523
0.0,28524
0.0,28525
0.0,28526
0.0,28527
0.0,28528
0.0,28529
0.0,28530
0.0,28531
0.0,28532
0.0,28533
0.0,28534
1966.8390027724417,28535
0.0,28536
1031.3558964105837,28537
0.0,28538
0.0,28539
0.0,28540
0.0,28541
0.0,28542
0.0,28543
0.0,28544
0.0,28545
0.0,28546
922.916287219781,28547
0.0,28548
0.0,28549
0.0,28550
0.0,28551
0.0,28552
0.0,28553
0.0,28554
0.0,28555
0.0,28556
0.0,28557
0.0,28558
0.0,28559
0.0,28560
0.0,28561
0.0,28562
346.6812531016078,28563
763.277773686394,28564
0.0,28565
0.0,28566
238.73666539070794,28567
0.0,28568
0.0,28569
0.0,28570
0.0,28571
61.921919195547886,28572
206.01609999868774,28573
878.0049382282804,28574
0.0,28575
0.0,28576
293.8177062564963,28577
0.0,28578
294.06031989081407,28579
0.0,28580
0.0,28581
0.0,28582
0.0,28583
0.0,28584
0.0,28585
0.0,28586
0.0,28587
0.0,28588
729.2981172032564,28589
0.0,28590
0.0,28591
0.0,28592
0.0,28593
0.0,28594
0.0,28595
0.0,28596
0.0,28597
0.0,28598
0.0,28599
0.0,28600
0.0,28601
0.0,28602
0.0,28603
0.0,28604
0.0,28605
0.0,28606
0.0,28607
0.0,28608
0.0,28609
0.0,28610
0.0,28611
0.0,28612
0.0,28613
0.0,28614
0.0,28615
0.0,28616
0.0,28617
0.0,28618
0.0,28619
0.0,28620
0.0,28621
0.0,28622
0.0,28623
0.0,28624
1828.5032828650399,28625
0.0,28626
0.0,28627
0.0,28628
0.0,28629
3387.4606715113173,28630
0.0,28631
773.5884858623003,28632
0.0,28633
3358.095608961929,28634
31.35069314258372,28635
0.0,28636
0.0,28637
3165.7758421224653,28638
0.0,28639
3165.2062458837904,28640
0.0,28641
0.0,28642
0.0,28643
0.0,28644
0.0,28645
0.0,28646
0.0,28647
0.0,28648
0.0,28649
0.0,28650
0.0,28651
0.0,28652
1089.6831967140154,28653
0.0,28654
0.0,28655
0.0,28656
0.0,28657
709.7393513265769,28658
3388.877452151646,28659
0.0,28660
1088.4136127223014,28661
0.0,28662
0.0,28663
560.3877676091442,28664
0.0,28665
0.0,28666
0.0,28667
0.0,28668
0.0,28669
0.0,28670
375.46555172132764,28671
0.0,28672
0.0,28673
376.8721075640827,28674
0.0,28675
1154.929447021838,28676
0.0,28677
0.0,28678
1427.5542087180825,28679
0.0,28680
0.0,28681
2146.421549105503,28682
0.0,28683
2757.3048178791146,28684
0.0,28685
111.61768801425374,28686
0.0,28687
0.0,28688
0.0,28689
1507.9825347392177,28690
0.0,28691
927.2260204395268,28692
0.0,28693
0.0,28694
0.0,28695
0.0,28696
0.0,28697
0.0,28698
1227.660805181709,28699
4687.320748674533,28700
0.0,28701
0.0,28702
0.0,28703
0.0,28704
0.0,28705
0.0,28706
0.0,28707
0.0,28708
0.0,28709
2535.069279622636,28710
0.0,28711
0.0,28712
0.0,28713
0.0,28714
0.0,28715
0.0,28716
0.0,28717
0.0,28718
94.10032910938743,28719
0.0,28720
1967.6612550000925,28721
343.89100161695893,28722
491.37337972252925,28723
685.8618484710822,28724
0.0,28725
0.0,28726
0.0,28727
0.0,28728
0.0,28729
0.0,28730
0.0,28731
0.0,28732
2539.6449477093915,28733
720.0038331048215,28734
0.0,28735
0.0,28736
1135.2086004780567,28737
0.0,28738
3926.4056797982453,28739
109.8766711930646,28740
955.0397662573102,28741
3717.4717805565133,28742
2078.545164147722,28743
0.0,28744
0.0,28745
0.0,28746
0.0,28747
490.6690413384695,28748
0.0,28749
0.0,28750
0.0,28751
0.0,28752
1888.046544571785,28753
0.0,28754
0.0,28755
0.0,28756
0.0,28757
0.0,28758
0.0,28759
0.0,28760
0.0,28761
0.0,28762
0.0,28763
0.0,28764
0.0,28765
0.0,28766
0.0,28767
0.0,28768
0.0,28769
0.0,28770
0.0,28771
0.0,28772
0.0,28773
3900.539788750915,28774
164.07826073405823,28775
0.0,28776
2514.094745187132,28777
0.0,28778
0.0,28779
2965.9927329523516,28780
2965.486294839528,28781
0.0,28782
0.0,28783
0.0,28784
0.0,28785
0.0,28786
0.0,28787
0.0,28788
0.0,28789
0.0,28790
0.0,28791
4482.4008088684495,28792
0.0,28793
1867.6520201714795,28794
4474.82710267182,28795
0.0,28796
0.0,28797
44.38926202522806,28798
0.0,28799
3521.553106651324,28800
0.0,28801
4149.65440131865,28802
0.0,28803
0.0,28804
0.0,28805
11108.98284395008,28806
0.0,28807
970.7362167525896,28808
0.0,28809
0.0,28810
0.0,28811
1254.5915791100902,28812
0.0,28813
0.0,28814
0.0,28815
6600.877269843185,28816
1463.9436878819458,28817
0.0,28818
2581.422168918374,28819
3993.741535729011,28820
0.0,28821
0.0,28822
0.0,28823
0.0,28824
763.3418996728171,28825
7300.810616896781,28826
0.0,28827
188.36399718893117,28828
0.0,28829
0.0,28830
0.0,28831
0.0,28832
0.0,28833
5107.968466141755,28834
1452.8626089689915,28835
0.0,28836
0.0,28837
0.0,28838
0.0,28839
2924.024578013614,28840
3672.8061069906776,28841
830.305312543589,28842
75.70089197020965,28843
0.0,28844
2883.836206976415,28845
0.0,28846
2539.541840718634,28847
0.0,28848
0.0,28849
0.0,28850
0.0,28851
0.0,28852
0.0,28853
0.0,28854
2730.6689804347134,28855
1446.3563734693707,28856
1483.3157127312484,28857
0.0,28858
0.0,28859
0.0,28860
0.0,28861
2114.5949234199147,28862
2113.978039152725,28863
0.0,28864
0.0,28865
0.0,28866
0.0,28867
0.0,28868
0.0,28869
0.0,28870
0.0,28871
164.7409805856585,28872
0.0,28873
0.0,28874
0.0,28875
0.0,28876
0.0,28877
0.0,28878
0.0,28879
0.0,28880
0.0,28881
0.0,28882
1214.2455895605506,28883
6.044669771768873,28884
0.0,28885
0.0,28886
0.0,28887
0.0,28888
6291.4223607594595,28889
2135.330695226849,28890
656.8394306501395,28891
4318.680648779307,28892
0.0,28893
0.0,28894
0.0,28895
0.0,28896
0.0,28897
0.0,28898
0.0,28899
0.0,28900
0.0,28901
0.0,28902
0.0,28903
0.0,28904
436.5385902409228,28905
0.0,28906
0.0,28907
815.868663058537,28908
1615.3230385073493,28909
1615.219520637273,28910
405.2421205188465,28911
0.0,28912
0.0,28913
915.1923588394278,28914
0.0,28915
0.0,28916
0.0,28917
0.0,28918
36.55873662794237,28919
0.0,28920
0.0,28921
0.0,28922
0.0,28923
159.23599040116144,28924
2406.594924649301,28925
1308.9478125069693,28926
1309.8334992798334,28927
1310.775506381218,28928
0.0,28929
0.0,28930
0.0,28931
0.0,28932
0.0,28933
1300.0417552257563,28934
0.0,28935
0.0,28936
0.0,28937
0.0,28938
0.0,28939
0.0,28940
0.0,28941
0.0,28942
0.0,28943
0.0,28944
0.0,28945
0.0,28946
0.0,28947
0.0,28948
0.0,28949
0.0,28950
0.0,28951
0.0,28952
0.0,28953
0.0,28954
0.0,28955
0.0,28956
0.0,28957
0.0,28958
0.0,28959
0.0,28960
0.0,28961
0.0,28962
0.0,28963
0.0,28964
0.0,28965
0.0,28966
8825.716116866719,28967
0.0,28968
0.0,28969
0.0,28970
0.0,28971
0.0,28972
0.0,28973
0.0,28974
1859.6267016846155,28975
0.0,28976
0.0,28977
0.0,28978
0.0,28979
0.0,28980
0.0,28981
0.0,28982
0.0,28983
0.0,28984
0.0,28985
0.0,28986
0.0,28987
0.0,28988
0.0,28989
0.0,28990
2138.1015600769515,28991
0.0,28992
0.0,28993
112.25418888694193,28994
0.0,28995
532.6691365657418,28996
0.0,28997
0.0,28998
396.4754230966783,28999
1721.5136961726164,29000
3429.4186789114087,29001
0.0,29002
0.0,29003
0.0,29004
0.0,29005
0.0,29006
0.0,29007
0.0,29008
0.0,29009
0.0,29010
3167.746276849373,29011
0.0,29012
0.0,29013
0.0,29014
0.0,29015
163.8050091486087,29016
0.0,29017
1058.5477685878761,29018
0.0,29019
0.0,29020
0.0,29021
0.0,29022
0.0,29023
0.0,29024
0.0,29025
0.0,29026
0.0,29027
0.0,29028
0.0,29029
0.0,29030
0.0,29031
0.0,29032
0.0,29033
0.0,29034
0.0,29035
0.0,29036
0.0,29037
0.0,29038
0.0,29039
0.0,29040
0.0,29041
0.0,29042
0.0,29043
0.0,29044
0.0,29045
0.0,29046
0.0,29047
0.0,29048
2793.8515579161076,29049
0.0,29050
2794.8106911257237,29051
0.0,29052
0.0,29053
0.0,29054
0.0,29055
0.0,29056
3143.7565287923394,29057
0.0,29058
0.0,29059
0.0,29060
3211.0356364304203,29061
3211.0640589907543,29062
0.0,29063
382.50795644488875,29064
0.0,29065
0.0,29066
0.0,29067
0.0,29068
0.0,29069
0.0,29070
0.0,29071
0.0,29072
0.0,29073
0.0,29074
0.0,29075
0.0,29076
0.0,29077
0.0,29078
0.0,29079
14523.955115719442,29080
0.0,29081
0.0,29082
0.0,29083
11023.76428238705,29084
0.0,29085
0.0,29086
0.0,29087
0.0,29088
0.0,29089
0.0,29090
0.0,29091
0.0,29092
0.0,29093
0.0,29094
0.0,29095
0.0,29096
0.0,29097
0.0,29098
0.0,29099
0.0,29100
0.0,29101
0.0,29102
0.0,29103
0.0,29104
0.0,29105
0.0,29106
0.0,29107
0.0,29108
0.0,29109
0.0,29110
0.0,29111
0.0,29112
0.0,29113
0.0,29114
0.0,29115
0.0,29116
0.0,29117
0.0,29118
0.0,29119
0.0,29120
0.0,29121
0.0,29122
0.0,29123
0.0,29124
0.0,29125
0.0,29126
0.0,29127
0.0,29128
0.0,29129
0.0,29130
0.0,29131
0.0,29132
0.0,29133
0.0,29134
0.0,29135
0.0,29136
0.0,29137
0.0,29138
0.0,29139
0.0,29140
0.0,29141
0.0,29142
0.0,29143
0.0,29144
0.0,29145
0.0,29146
0.0,29147
0.0,29148
0.0,29149
0.0,29150
0.0,29151
0.0,29152
0.0,29153
0.0,29154
0.0,29155
0.0,29156
0.0,29157
0.0,29158
0.0,29159
0.0,29160
0.0,29161
0.0,29162
0.0,29163
0.0,29164
0.0,29165
0.0,29166
0.0,29167
0.0,29168
0.0,29169
0.0,29170
0.0,29171
0.0,29172
0.0,29173
0.0,29174
0.0,29175
0.0,29176
0.0,29177
0.0,29178
0.0,29179
0.0,29180
0.0,29181
0.0,29182
0.0,29183
0.0,29184
0.0,29185
0.0,29186
0.0,29187
0.0,29188
0.0,29189
0.0,29190
0.0,29191
0.0,29192
0.0,29193
2114.9549843961404,29194
0.0,29195
0.0,29196
0.0,29197
0.0,29198
0.0,29199
1465.6997191898708,29200
0.0,29201
0.0,29202
0.0,29203
0.0,29204
0.0,29205
0.0,29206
0.0,29207
2989.7509704633144,29208
3328.7148836403035,29209
0.0,29210
0.0,29211
0.0,29212
0.0,29213
0.0,29214
0.0,29215
0.0,29216
0.0,29217
0.0,29218
0.0,29219
0.0,29220
0.0,29221
497.4145133917497,29222
90.30601866708614,29223
9187.140871332671,29224
840.9682271893207,29225
0.0,29226
0.0,29227
0.0,29228
0.0,29229
0.0,29230
0.0,29231
0.0,29232
0.0,29233
0.0,29234
0.0,29235
0.0,29236
0.0,29237
0.0,29238
0.0,29239
0.0,29240
0.0,29241
0.0,29242
0.0,29243
0.0,29244
0.0,29245
0.0,29246
0.0,29247
0.0,29248
0.0,29249
0.0,29250
0.0,29251
0.0,29252
167.72043844834326,29253
0.0,29254
0.0,29255
1297.121892109662,29256
0.0,29257
0.0,29258
0.0,29259
0.0,29260
0.0,29261
0.0,29262
0.0,29263
0.0,29264
0.0,29265
0.0,29266
2697.61655341018,29267
0.0,29268
0.0,29269
0.0,29270
0.0,29271
689.2267875340073,29272
0.0,29273
688.9000300246599,29274
0.0,29275
688.5454897356366,29276
0.0,29277
4272.8740336999945,29278
883.0330608305251,29279
0.0,29280
4092.1416998714903,29281
0.0,29282
0.0,29283
0.0,29284
0.0,29285
0.0,29286
0.0,29287
1192.2565365672926,29288
0.0,29289
0.0,29290
2121.577601205252,29291
0.0,29292
0.0,29293
912.0135541774912,29294
424.3277768893669,29295
0.0,29296
0.0,29297
0.0,29298
0.0,29299
0.0,29300
0.0,29301
0.0,29302
0.0,29303
0.0,29304
0.0,29305
0.0,29306
0.0,29307
0.0,29308
0.0,29309
0.0,29310
0.0,29311
0.0,29312
0.0,29313
0.0,29314
0.0,29315
511.9019714675994,29316
0.0,29317
0.0,29318
0.0,29319
0.0,29320
0.0,29321
0.0,29322
0.0,29323
0.0,29324
0.0,29325
0.0,29326
0.0,29327
0.0,29328
2421.433145549833,29329
0.0,29330
0.0,29331
0.0,29332
0.0,29333
0.0,29334
0.0,29335
0.0,29336
0.0,29337
0.0,29338
0.0,29339
0.0,29340
0.0,29341
0.0,29342
0.0,29343
0.0,29344
0.0,29345
0.0,29346
0.0,29347
0.0,29348
0.0,29349
0.0,29350
0.0,29351
0.0,29352
0.0,29353
3798.164370036962,29354
0.0,29355
0.0,29356
0.0,29357
0.0,29358
0.0,29359
0.0,29360
0.0,29361
0.0,29362
0.0,29363
0.0,29364
2628.36243921181,29365
0.0,29366
0.0,29367
0.0,29368
2978.9167116407903,29369
0.0,29370
2374.9543051703326,29371
0.0,29372
0.0,29373
0.0,29374
0.0,29375
0.0,29376
0.0,29377
1030.0520464069302,29378
1031.679301676778,29379
0.0,29380
0.0,29381
0.0,29382
1974.8228141321288,29383
0.0,29384
0.0,29385
0.0,29386
0.0,29387
0.0,29388
0.0,29389
1348.415799711025,29390
1346.6727987833533,29391
0.0,29392
0.0,29393
0.0,29394
0.0,29395
0.0,29396
0.0,29397
0.0,29398
0.0,29399
0.0,29400
0.0,29401
0.0,29402
0.0,29403
0.0,29404
0.0,29405
0.0,29406
0.0,29407
0.0,29408
0.0,29409
0.0,29410
0.0,29411
0.0,29412
0.0,29413
0.0,29414
0.0,29415
0.0,29416
0.0,29417
0.0,29418
0.0,29419
0.0,29420
0.0,29421
0.0,29422
0.0,29423
0.0,29424
270.89280497387665,29425
0.0,29426
0.0,29427
0.0,29428
0.0,29429
1137.069656381889,29430
291.02953149587404,29431
0.0,29432
0.0,29433
0.0,29434
0.0,29435
269.0792144243372,29436
0.0,29437
0.0,29438
0.0,29439
0.0,29440
0.0,29441
0.0,29442
0.0,29443
290.1476811087409,29444
268.2872458238376,29445
0.0,29446
0.0,29447
0.0,29448
0.0,29449
0.0,29450
0.0,29451
0.0,29452
267.84952299994546,29453
0.0,29454
0.0,29455
0.0,29456
0.0,29457
0.0,29458
0.0,29459
0.0,29460
0.0,29461
0.0,29462
0.0,29463
0.0,29464
0.0,29465
0.0,29466
0.0,29467
0.0,29468
0.0,29469
0.0,29470
0.0,29471
0.0,29472
0.0,29473
0.0,29474
0.0,29475
0.0,29476
0.0,29477
0.0,29478
0.0,29479
0.0,29480
0.0,29481
267.3877081630583,29482
0.0,29483
0.0,29484
0.0,29485
0.0,29486
0.0,29487
11837.074906560394,29488
0.0,29489
0.0,29490
0.0,29491
0.0,29492
0.0,29493
0.0,29494
0.0,29495
0.0,29496
0.0,29497
0.0,29498
0.0,29499
266.6468202678693,29500
0.0,29501
0.0,29502
0.0,29503
1069.2813069954475,29504
0.0,29505
265.86553674987687,29506
0.0,29507
0.0,29508
0.0,29509
0.0,29510
0.0,29511
0.0,29512
0.0,29513
0.0,29514
0.0,29515
0.0,29516
0.0,29517
0.0,29518
0.0,29519
0.0,29520
0.0,29521
0.0,29522
0.0,29523
0.0,29524
0.0,29525
0.0,29526
0.0,29527
0.0,29528
1745.4319060646897,29529
4403.925936515498,29530
0.0,29531
0.0,29532
0.0,29533
954.2323931959224,29534
0.0,29535
0.0,29536
954.1860065037321,29537
0.0,29538
0.0,29539
1550.8520441269602,29540
262.99648449117905,29541
0.0,29542
0.0,29543
1556.522398767988,29544
0.0,29545
0.0,29546
0.0,29547
0.0,29548
0.0,29549
0.0,29550
0.0,29551
0.0,29552
0.0,29553
0.0,29554
0.0,29555
0.0,29556
0.0,29557
0.0,29558
0.0,29559
0.0,29560
0.0,29561
0.0,29562
0.0,29563
261.2611411729887,29564
0.0,29565
0.0,29566
0.0,29567
0.0,29568
0.0,29569
0.0,29570
0.0,29571
0.0,29572
0.0,29573
3488.6615415699175,29574
0.0,29575
0.0,29576
0.0,29577
0.0,29578
0.0,29579
0.0,29580
2077.947354850819,29581
0.0,29582
0.0,29583
0.0,29584
0.0,29585
0.0,29586
0.0,29587
0.0,29588
0.0,29589
0.0,29590
0.0,29591
0.0,29592
0.0,29593
0.0,29594
0.0,29595
0.0,29596
0.0,29597
0.0,29598
0.0,29599
0.0,29600
0.0,29601
0.0,29602
142.06289358369355,29603
0.0,29604
0.0,29605
0.0,29606
117.16508262829055,29607
430.78935969343365,29608
0.0,29609
0.0,29610
0.0,29611
0.0,29612
0.0,29613
1098.3799729117884,29614
0.0,29615
154.49865988235672,29616
2025.8037378850236,29617
0.0,29618
845.2623334683277,29619
834.9838966924373,29620
0.0,29621
0.0,29622
0.0,29623
0.0,29624
0.0,29625
0.0,29626
1133.0298744624806,29627
0.0,29628
0.0,29629
0.0,29630
0.0,29631
0.0,29632
0.0,29633
0.0,29634
0.0,29635
0.0,29636
0.0,29637
0.0,29638
0.0,29639
0.0,29640
0.0,29641
0.0,29642
0.0,29643
0.0,29644
0.0,29645
0.0,29646
0.0,29647
0.0,29648
0.0,29649
0.0,29650
0.0,29651
0.0,29652
703.617435965197,29653
0.0,29654
0.0,29655
0.0,29656
0.0,29657
0.0,29658
0.0,29659
0.0,29660
0.0,29661
0.0,29662
0.0,29663
0.0,29664
0.0,29665
0.0,29666
0.0,29667
0.0,29668
0.0,29669
0.0,29670
0.0,29671
0.0,29672
0.0,29673
0.0,29674
0.0,29675
0.0,29676
0.0,29677
0.0,29678
0.0,29679
0.0,29680
0.0,29681
0.0,29682
0.0,29683
0.0,29684
0.0,29685
0.0,29686
0.0,29687
0.0,29688
0.0,29689
0.0,29690
0.0,29691
0.0,29692
0.0,29693
0.0,29694
0.0,29695
0.0,29696
0.0,29697
0.0,29698
427.78366546321456,29699
0.0,29700
0.0,29701
0.0,29702
0.0,29703
0.0,29704
0.0,29705
0.0,29706
395.89630336862217,29707
0.0,29708
0.0,29709
0.0,29710
0.0,29711
0.0,29712
0.0,29713
0.0,29714
0.0,29715
0.0,29716
0.0,29717
0.0,29718
0.0,29719
737.6204699880595,29720
0.0,29721
969.1480122141,29722
982.9974825453212,29723
0.0,29724
0.0,29725
0.0,29726
0.0,29727
0.0,29728
0.0,29729
0.0,29730
0.0,29731
0.0,29732
0.0,29733
0.0,29734
0.0,29735
0.0,29736
0.0,29737
0.0,29738
0.0,29739
0.0,29740
0.0,29741
0.0,29742
0.0,29743
0.0,29744
0.0,29745
0.0,29746
0.0,29747
0.0,29748
0.0,29749
1180.852384716565,29750
0.0,29751
0.0,29752
0.0,29753
0.0,29754
212.68847413296652,29755
0.0,29756
0.0,29757
0.0,29758
0.0,29759
11.544721077895188,29760
0.0,29761
0.0,29762
0.0,29763
0.0,29764
0.0,29765
0.0,29766
0.0,29767
0.0,29768
0.0,29769
0.0,29770
0.0,29771
0.0,29772
0.0,29773
0.0,29774
0.0,29775
0.0,29776
0.0,29777
0.0,29778
0.0,29779
0.0,29780
0.0,29781
0.0,29782
0.0,29783
0.0,29784
0.0,29785
0.0,29786
0.0,29787
0.0,29788
0.0,29789
0.0,29790
0.0,29791
0.0,29792
0.0,29793
0.0,29794
0.0,29795
0.0,29796
0.0,29797
0.0,29798
0.0,29799
0.0,29800
0.0,29801
0.0,29802
0.0,29803
0.0,29804
0.0,29805
0.0,29806
0.0,29807
0.0,29808
0.0,29809
0.0,29810
0.0,29811
0.0,29812
0.0,29813
0.0,29814
0.0,29815
0.0,29816
0.0,29817
0.0,29818
0.0,29819
0.0,29820
0.0,29821
0.0,29822
0.0,29823
0.0,29824
15503.569831593655,29825
0.0,29826
0.0,29827
0.0,29828
0.0,29829
0.0,29830
0.0,29831
0.0,29832
7829.036911009523,29833
0.0,29834
0.0,29835
0.0,29836
0.0,29837
0.0,29838
0.0,29839
0.0,29840
213.48016468522317,29841
310.3574327347401,29842
0.0,29843
0.0,29844
3001.778410147594,29845
2287.791137177836,29846
0.0,29847
0.0,29848
0.0,29849
0.0,29850
3270.361014277043,29851
0.0,29852
0.0,29853
0.0,29854
0.0,29855
0.0,29856
0.0,29857
0.0,29858
0.0,29859
0.0,29860
0.0,29861
0.0,29862
0.0,29863
2012.1620844972995,29864
764.1903228399098,29865
1193.3995182727651,29866
1193.4916573249288,29867
1193.540087030756,29868
0.0,29869
2168.621302557729,29870
0.0,29871
2842.021385404564,29872
1256.0722548203476,29873
0.0,29874
0.0,29875
0.0,29876
0.0,29877
0.0,29878
0.0,29879
0.0,29880
0.0,29881
0.0,29882
0.0,29883
0.0,29884
0.0,29885
0.0,29886
0.0,29887
0.0,29888
0.0,29889
0.0,29890
0.0,29891
0.0,29892
0.0,29893
0.0,29894
0.0,29895
0.0,29896
0.0,29897
0.0,29898
0.0,29899
0.0,29900
0.0,29901
0.0,29902
0.0,29903
0.0,29904
0.0,29905
0.0,29906
0.0,29907
0.0,29908
0.0,29909
0.0,29910
0.0,29911
440.83367512428055,29912
0.0,29913
0.0,29914
0.0,29915
0.0,29916
0.0,29917
0.0,29918
0.0,29919
0.0,29920
0.0,29921
0.0,29922
0.0,29923
0.0,29924
0.0,29925
0.0,29926
0.0,29927
0.0,29928
0.0,29929
3858.1317925211206,29930
0.0,29931
0.0,29932
0.0,29933
0.0,29934
0.0,29935
0.0,29936
0.0,29937
0.0,29938
0.0,29939
0.0,29940
0.0,29941
1719.8888000353056,29942
0.0,29943
0.0,29944
2140.3434723444448,29945
0.0,29946
0.0,29947
0.0,29948
0.0,29949
0.0,29950
0.0,29951
0.0,29952
0.0,29953
0.0,29954
0.0,29955
0.0,29956
0.0,29957
0.0,29958
692.7827919397918,29959
0.0,29960
0.0,29961
0.0,29962
0.0,29963
0.0,29964
0.0,29965
0.0,29966
0.0,29967
3404.1362015417044,29968
0.0,29969
4138.616872474982,29970
0.0,29971
0.0,29972
0.0,29973
0.0,29974
0.0,29975
0.0,29976
0.0,29977
0.0,29978
0.0,29979
0.0,29980
0.0,29981
7369.475794024545,29982
0.0,29983
0.0,29984
0.0,29985
0.0,29986
0.0,29987
0.0,29988
0.0,29989
0.0,29990
0.0,29991
0.0,29992
0.0,29993
0.0,29994
0.0,29995
0.0,29996
0.0,29997
0.0,29998
0.0,29999
3679.1799951077064,30000
0.0,30001
0.0,30002
0.0,30003
0.0,30004
0.0,30005
0.0,30006
0.0,30007
0.0,30008
0.0,30009
0.0,30010
0.0,30011
0.0,30012
7277.800223703584,30013
0.0,30014
0.0,30015
0.0,30016
0.0,30017
0.0,30018
0.0,30019
0.0,30020
0.0,30021
0.0,30022
0.0,30023
328.6702629217567,30024
0.0,30025
0.0,30026
0.0,30027
0.0,30028
0.0,30029
0.0,30030
3795.820401138111,30031
0.0,30032
436.46445836330116,30033
0.0,30034
1351.4337069896062,30035
0.0,30036
1700.5024632968843,30037
508.0936143680584,30038
0.0,30039
0.0,30040
0.0,30041
0.0,30042
0.0,30043
0.0,30044
0.0,30045
0.0,30046
3484.006636692012,30047
0.0,30048
0.0,30049
0.0,30050
0.0,30051
0.0,30052
0.0,30053
822.6183393765485,30054
0.0,30055
5033.734056032807,30056
4990.690038494453,30057
1464.6879299687992,30058
0.0,30059
3151.505851661451,30060
0.0,30061
0.0,30062
0.0,30063
244.5832249289041,30064
0.0,30065
0.0,30066
0.0,30067
0.0,30068
0.0,30069
0.0,30070
0.0,30071
0.0,30072
0.0,30073
2959.7557487648614,30074
786.7619465636134,30075
0.0,30076
0.0,30077
0.0,30078
0.0,30079
0.0,30080
983.0436643175449,30081
0.0,30082
0.0,30083
0.0,30084
716.592049180561,30085
558.3457581540622,30086
0.0,30087
0.0,30088
0.0,30089
0.0,30090
2039.6443609103765,30091
0.0,30092
0.0,30093
0.0,30094
0.0,30095
0.0,30096
0.0,30097
0.0,30098
0.0,30099
0.0,30100
0.0,30101
0.0,30102
0.0,30103
0.0,30104
0.0,30105
0.0,30106
0.0,30107
0.0,30108
0.0,30109
2887.1012196291185,30110
0.0,30111
0.0,30112
0.0,30113
0.0,30114
2344.2685447437757,30115
699.5695077299632,30116
0.0,30117
0.0,30118
0.0,30119
1363.0382756746426,30120
0.0,30121
0.0,30122
0.0,30123
0.0,30124
0.0,30125
0.0,30126
0.0,30127
0.0,30128
0.0,30129
0.0,30130
0.0,30131
3341.8388573553834,30132
0.0,30133
2073.4599956336397,30134
0.0,30135
0.0,30136
3372.017277282605,30137
0.0,30138
0.0,30139
0.0,30140
0.0,30141
0.0,30142
0.0,30143
0.0,30144
0.0,30145
0.0,30146
0.0,30147
0.0,30148
0.0,30149
0.0,30150
0.0,30151
0.0,30152
0.0,30153
0.0,30154
0.0,30155
0.0,30156
0.0,30157
0.0,30158
0.0,30159
0.0,30160
2163.623113092489,30161
2161.56293205149,30162
3159.4078290506272,30163
0.0,30164
499.27500361808956,30165
0.0,30166
0.0,30167
3157.79354893786,30168
0.0,30169
0.0,30170
0.0,30171
0.0,30172
516.9820666428946,30173
0.0,30174
516.8012398735505,30175
0.0,30176
0.0,30177
0.0,30178
0.0,30179
2478.1888049310396,30180
0.0,30181
0.0,30182
882.5348831436078,30183
2113.6504630528575,30184
0.0,30185
0.0,30186
0.0,30187
0.0,30188
0.0,30189
10.824366133902565,30190
516.5841407235745,30191
0.0,30192
0.0,30193
1682.3077971519215,30194
0.0,30195
27.14901045277984,30196
0.0,30197
0.0,30198
0.0,30199
0.0,30200
0.0,30201
0.0,30202
0.0,30203
1684.999301320355,30204
0.0,30205
0.0,30206
1511.0377397161944,30207
0.0,30208
0.0,30209
0.0,30210
0.0,30211
7013.064419014736,30212
0.0,30213
7704.035432154555,30214
0.0,30215
0.0,30216
0.0,30217
0.0,30218
0.0,30219
0.0,30220
0.0,30221
0.0,30222
0.0,30223
0.0,30224
0.0,30225
0.0,30226
0.0,30227
0.0,30228
0.0,30229
0.0,30230
0.0,30231
0.0,30232
0.0,30233
0.0,30234
0.0,30235
0.0,30236
0.0,30237
0.0,30238
0.0,30239
0.0,30240
0.0,30241
0.0,30242
0.0,30243
200.52790861064133,30244
0.0,30245
204.19721375902463,30246
0.0,30247
0.0,30248
0.0,30249
0.0,30250
0.0,30251
0.0,30252
0.0,30253
0.0,30254
703.9607527867979,30255
0.0,30256
953.4797956648322,30257
1265.268503831894,30258
296.58228077178677,30259
1271.0957809971364,30260
1274.9315318386984,30261
0.0,30262
0.0,30263
0.0,30264
0.0,30265
0.0,30266
0.0,30267
0.0,30268
0.0,30269
3482.0086976710527,30270
0.0,30271
1558.3821885387167,30272
935.6729049604127,30273
0.0,30274
0.0,30275
0.0,30276
2371.108791678768,30277
0.0,30278
1227.9308050821924,30279
810.8987103462656,30280
0.0,30281
2849.7332001242867,30282
810.3917910141781,30283
522.8498533615775,30284
0.0,30285
0.0,30286
0.0,30287
0.0,30288
0.0,30289
822.0536719241873,30290
3058.38508699602,30291
2191.583897378985,30292
0.0,30293
0.0,30294
0.0,30295
0.0,30296
1608.3813681495824,30297
0.0,30298
0.0,30299
2455.114651653493,30300
0.0,30301
1607.5466528976501,30302
0.0,30303
0.0,30304
1606.9211725885218,30305
0.0,30306
0.0,30307
1220.5005455693374,30308
0.0,30309
2175.564326583652,30310
2175.5506287577728,30311
0.0,30312
498.06554086586016,30313
0.0,30314
0.0,30315
0.0,30316
0.0,30317
0.0,30318
0.0,30319
0.0,30320
3151.931605573774,30321
0.0,30322
227.46780402162284,30323
0.0,30324
2372.9838181291148,30325
3159.347437448552,30326
0.0,30327
0.0,30328
0.0,30329
1603.1017615500664,30330
0.0,30331
0.0,30332
0.0,30333
0.0,30334
3352.8970923863703,30335
0.0,30336
0.0,30337
0.0,30338
0.0,30339
905.5239714542195,30340
0.0,30341
0.0,30342
0.0,30343
0.0,30344
0.0,30345
0.0,30346
1958.7958329410267,30347
861.7836656390836,30348
0.0,30349
0.0,30350
2159.362737823717,30351
2311.65743159617,30352
2161.0882892957575,30353
1169.744614785398,30354
1169.711641870592,30355
0.0,30356
0.0,30357
0.0,30358
0.0,30359
0.0,30360
0.0,30361
0.0,30362
0.0,30363
0.0,30364
0.0,30365
0.0,30366
0.0,30367
0.0,30368
0.0,30369
0.0,30370
0.0,30371
0.0,30372
0.0,30373
0.0,30374
0.0,30375
0.0,30376
0.0,30377
0.0,30378
0.0,30379
0.0,30380
0.0,30381
0.0,30382
0.0,30383
0.0,30384
0.0,30385
0.0,30386
0.0,30387
0.0,30388
0.0,30389
0.0,30390
0.0,30391
0.0,30392
0.0,30393
0.0,30394
0.0,30395
0.0,30396
0.0,30397
0.0,30398
0.0,30399
0.0,30400
0.0,30401
0.0,30402
0.0,30403
0.0,30404
0.0,30405
760.4152200397768,30406
0.0,30407
0.0,30408
0.0,30409
0.0,30410
0.0,30411
0.0,30412
0.0,30413
0.0,30414
0.0,30415
0.0,30416
0.0,30417
0.0,30418
0.0,30419
0.0,30420
0.0,30421
0.0,30422
0.0,30423
0.0,30424
0.0,30425
0.0,30426
0.0,30427
0.0,30428
0.0,30429
0.0,30430
0.0,30431
0.0,30432
0.0,30433
0.0,30434
0.0,30435
0.0,30436
0.0,30437
0.0,30438
0.0,30439
0.0,30440
0.0,30441
0.0,30442
0.0,30443
0.0,30444
0.0,30445
0.0,30446
380.0738729579672,30447
151.12482680591336,30448
0.0,30449
0.0,30450
0.0,30451
377.87040361758255,30452
149.54525288505445,30453
96.9637106803168,30454
0.0,30455
0.0,30456
0.0,30457
0.0,30458
0.0,30459
0.0,30460
0.0,30461
0.0,30462
0.0,30463
0.0,30464
0.0,30465
169.79449571576288,30466
0.0,30467
0.0,30468
0.0,30469
0.0,30470
0.0,30471
4.759719270480591,30472
0.0,30473
0.0,30474
0.0,30475
0.0,30476
0.0,30477
0.0,30478
0.0,30479
0.0,30480
0.0,30481
1340.9643747738962,30482
0.0,30483
0.0,30484
0.0,30485
0.0,30486
0.0,30487
0.0,30488
0.0,30489
0.0,30490
0.0,30491
0.0,30492
0.0,30493
0.0,30494
0.0,30495
0.0,30496
0.0,30497
0.0,30498
0.0,30499
0.0,30500
0.0,30501
0.0,30502
0.0,30503
0.0,30504
0.0,30505
0.0,30506
0.0,30507
0.0,30508
0.0,30509
0.0,30510
0.0,30511
0.0,30512
0.0,30513
0.0,30514
0.0,30515
0.0,30516
371.10531001050293,30517
0.0,30518
372.1076820387911,30519
0.0,30520
0.0,30521
0.0,30522
0.0,30523
0.0,30524
0.0,30525
0.0,30526
0.0,30527
0.0,30528
0.0,30529
0.0,30530
0.0,30531
0.0,30532
0.0,30533
0.0,30534
0.0,30535
0.0,30536
0.0,30537
0.0,30538
3199.9804852512266,30539
0.0,30540
0.0,30541
0.0,30542
0.0,30543
0.0,30544
0.0,30545
0.0,30546
0.0,30547
0.0,30548
0.0,30549
0.0,30550
0.0,30551
0.0,30552
376.92817952905096,30553
0.0,30554
0.0,30555
0.0,30556
0.0,30557
0.0,30558
0.0,30559
904.2153130983094,30560
0.0,30561
0.0,30562
0.0,30563
0.0,30564
0.0,30565
1030.963841610144,30566
0.0,30567
0.0,30568
2041.1999123688581,30569
0.0,30570
0.0,30571
0.0,30572
0.0,30573
0.0,30574
375.3220668808617,30575
0.0,30576
0.0,30577
0.0,30578
0.0,30579
0.0,30580
0.0,30581
0.0,30582
0.0,30583
0.0,30584
0.0,30585
0.0,30586
0.0,30587
0.0,30588
0.0,30589
1079.8764242965117,30590
0.0,30591
0.0,30592
0.0,30593
0.0,30594
0.0,30595
0.0,30596
0.0,30597
0.0,30598
0.0,30599
0.0,30600
0.0,30601
0.0,30602
0.0,30603
0.0,30604
0.0,30605
0.0,30606
0.0,30607
725.2822454382731,30608
0.0,30609
238.26046353667138,30610
0.0,30611
0.0,30612
0.0,30613
0.0,30614
0.0,30615
0.0,30616
84.82260449084566,30617
0.0,30618
0.0,30619
0.0,30620
2105.938886147226,30621
0.0,30622
0.0,30623
0.0,30624
0.0,30625
0.0,30626
0.0,30627
0.0,30628
0.0,30629
0.0,30630
0.0,30631
0.0,30632
0.0,30633
0.0,30634
0.0,30635
0.0,30636
0.0,30637
0.0,30638
0.0,30639
0.0,30640
0.0,30641
0.0,30642
0.0,30643
0.0,30644
0.0,30645
9055.508270010934,30646
0.0,30647
0.0,30648
5768.705893849494,30649
0.0,30650
0.0,30651
0.0,30652
0.0,30653
0.0,30654
0.0,30655
0.0,30656
0.0,30657
766.010017365826,30658
328.8527061353274,30659
212.25032864578912,30660
214.27691922042746,30661
0.0,30662
0.0,30663
0.0,30664
0.0,30665
0.0,30666
0.0,30667
0.0,30668
0.0,30669
0.0,30670
0.0,30671
2658.440687980128,30672
0.0,30673
0.0,30674
2659.070444800876,30675
0.0,30676
2659.707698757955,30677
152.00945813855708,30678
2154.8353196105486,30679
0.0,30680
0.0,30681
0.0,30682
208.0082178369859,30683
0.0,30684
0.0,30685
0.0,30686
0.0,30687
713.633259351392,30688
714.6107256674993,30689
0.0,30690
0.0,30691
0.0,30692
0.0,30693
0.0,30694
0.0,30695
0.0,30696
0.0,30697
0.0,30698
0.0,30699
0.0,30700
3946.8635859305978,30701
0.0,30702
2290.6504450214566,30703
5033.058551965129,30704
0.0,30705
426.63043461843256,30706
4832.435850904863,30707
379.2928381959122,30708
2.3139050202927396,30709
2882.252598257884,30710
1437.656829620686,30711
3208.4989962748305,30712
0.0,30713
0.0,30714
0.0,30715
0.0,30716
0.0,30717
0.0,30718
0.0,30719
0.0,30720
0.0,30721
0.0,30722
0.0,30723
0.0,30724
0.0,30725
0.0,30726
0.0,30727
0.0,30728
1564.2215330203971,30729
0.0,30730
0.0,30731
0.0,30732
0.0,30733
0.0,30734
1531.3244619800707,30735
0.0,30736
0.0,30737
0.0,30738
0.0,30739
0.0,30740
0.0,30741
170.14467147450074,30742
0.0,30743
0.0,30744
1611.4584132564148,30745
0.0,30746
0.0,30747
0.0,30748
813.6221143653128,30749
0.0,30750
0.0,30751
0.0,30752
1770.6716933790685,30753
0.0,30754
0.0,30755
0.0,30756
0.0,30757
0.0,30758
0.0,30759
6334.111237632594,30760
0.0,30761
0.0,30762
0.0,30763
0.0,30764
0.0,30765
0.0,30766
0.0,30767
0.0,30768
0.0,30769
0.0,30770
618.3096784506055,30771
0.0,30772
0.0,30773
0.0,30774
0.0,30775
0.0,30776
0.0,30777
0.0,30778
0.0,30779
0.0,30780
0.0,30781
0.0,30782
0.0,30783
903.3510114830849,30784
0.0,30785
0.0,30786
0.0,30787
6336.93427649906,30788
0.0,30789
0.0,30790
28.51664295735531,30791
0.0,30792
0.0,30793
0.0,30794
0.0,30795
0.0,30796
0.0,30797
0.0,30798
0.0,30799
0.0,30800
0.0,30801
0.0,30802
0.0,30803
1358.748358894989,30804
3758.085135165751,30805
570.1627664798725,30806
0.0,30807
780.4732989372667,30808
777.9157578937312,30809
755.3935410217543,30810
0.0,30811
0.0,30812
0.0,30813
2738.1085586361646,30814
1856.4067307991445,30815
0.0,30816
0.0,30817
0.0,30818
0.0,30819
0.0,30820
0.0,30821
2247.3550397228337,30822
0.0,30823
655.4074952383775,30824
0.0,30825
0.0,30826
0.0,30827
0.0,30828
0.0,30829
0.0,30830
0.0,30831
0.0,30832
0.0,30833
0.0,30834
0.0,30835
0.0,30836
0.0,30837
0.0,30838
0.0,30839
816.0552183378389,30840
0.0,30841
0.0,30842
0.0,30843
0.0,30844
275.77764135162033,30845
0.0,30846
0.0,30847
0.0,30848
0.0,30849
0.0,30850
0.0,30851
0.0,30852
0.0,30853
0.0,30854
0.0,30855
0.0,30856
0.0,30857
0.0,30858
0.0,30859
0.0,30860
0.0,30861
0.0,30862
0.0,30863
0.0,30864
0.0,30865
1887.3951978337932,30866
0.0,30867
0.0,30868
0.0,30869
0.0,30870
0.0,30871
0.0,30872
0.0,30873
0.0,30874
0.0,30875
0.0,30876
0.0,30877
0.0,30878
0.0,30879
0.0,30880
0.0,30881
0.0,30882
0.0,30883
0.0,30884
44.12460157159523,30885
0.0,30886
0.0,30887
0.0,30888
0.0,30889
0.0,30890
0.0,30891
0.0,30892
1895.7853808441005,30893
0.0,30894
0.0,30895
0.0,30896
0.0,30897
0.0,30898
0.0,30899
0.0,30900
0.0,30901
0.0,30902
0.0,30903
0.0,30904
0.0,30905
0.0,30906
0.0,30907
0.0,30908
0.0,30909
0.0,30910
0.0,30911
0.0,30912
0.0,30913
0.0,30914
0.0,30915
3449.2553430043854,30916
3449.203562446036,30917
0.0,30918
0.0,30919
3279.2735858314763,30920
0.0,30921
0.0,30922
1448.4772471421536,30923
0.0,30924
0.0,30925
0.0,30926
0.0,30927
0.0,30928
0.0,30929
0.0,30930
0.0,30931
0.0,30932
0.0,30933
0.0,30934
0.0,30935
0.0,30936
0.0,30937
0.0,30938
0.0,30939
0.0,30940
0.0,30941
0.0,30942
0.0,30943
0.0,30944
0.0,30945
50.47664033499325,30946
0.0,30947
0.0,30948
0.0,30949
0.0,30950
11517.9844557341,30951
0.0,30952
0.0,30953
0.0,30954
0.0,30955
0.0,30956
0.0,30957
326.0816181744035,30958
0.0,30959
0.0,30960
0.0,30961
0.0,30962
0.0,30963
0.0,30964
0.0,30965
0.0,30966
0.0,30967
0.0,30968
0.0,30969
0.0,30970
0.0,30971
0.0,30972
0.0,30973
0.0,30974
0.0,30975
0.0,30976
0.0,30977
0.0,30978
0.0,30979
0.0,30980
0.0,30981
0.0,30982
0.0,30983
0.0,30984
0.0,30985
0.0,30986
0.0,30987
0.0,30988
0.0,30989
0.0,30990
0.0,30991
0.0,30992
615.8390617342277,30993
616.9554775593186,30994
0.0,30995
618.0636289079041,30996
3014.00099561346,30997
0.0,30998
0.0,30999
0.0,31000
0.0,31001
0.0,31002
0.0,31003
2944.5004209267095,31004
0.0,31005
109.16356283028323,31006
0.0,31007
0.0,31008
0.0,31009
0.0,31010
0.0,31011
0.0,31012
1733.3380031235326,31013
0.0,31014
0.0,31015
0.0,31016
0.0,31017
0.0,31018
0.0,31019
0.0,31020
0.0,31021
1492.8285669936283,31022
0.0,31023
0.0,31024
0.0,31025
0.0,31026
0.0,31027
0.0,31028
1147.9249966386935,31029
0.0,31030
0.0,31031
0.0,31032
0.0,31033
0.0,31034
1496.5627682730344,31035
0.0,31036
1652.4350119586225,31037
0.0,31038
1167.3979302726102,31039
0.0,31040
0.0,31041
0.0,31042
0.0,31043
0.0,31044
0.0,31045
0.0,31046
0.0,31047
0.0,31048
0.0,31049
0.0,31050
217.08626400060567,31051
0.0,31052
147.9881867852519,31053
0.0,31054
0.0,31055
0.0,31056
0.0,31057
0.0,31058
0.0,31059
0.0,31060
0.0,31061
0.0,31062
0.0,31063
0.0,31064
0.0,31065
0.0,31066
0.0,31067
1431.266381293682,31068
0.0,31069
0.0,31070
0.0,31071
0.0,31072
0.0,31073
0.0,31074
0.0,31075
0.0,31076
0.0,31077
0.0,31078
0.0,31079
0.0,31080
0.0,31081
0.0,31082
0.0,31083
0.0,31084
0.0,31085
0.0,31086
0.0,31087
0.0,31088
0.0,31089
0.0,31090
0.0,31091
0.0,31092
0.0,31093
0.0,31094
0.0,31095
0.0,31096
0.0,31097
0.0,31098
0.0,31099
0.0,31100
767.4432053420906,31101
768.0680582811134,31102
768.6742026693672,31103
0.0,31104
585.1893368701565,31105
0.0,31106
0.0,31107
0.0,31108
0.0,31109
0.0,31110
0.0,31111
0.0,31112
0.0,31113
0.0,31114
0.0,31115
0.0,31116
0.0,31117
0.0,31118
0.0,31119
0.0,31120
0.0,31121
0.0,31122
0.0,31123
0.0,31124
0.0,31125
0.0,31126
0.0,31127
0.0,31128
0.0,31129
0.0,31130
0.0,31131
0.0,31132
0.0,31133
0.0,31134
0.0,31135
0.0,31136
0.0,31137
0.0,31138
0.0,31139
0.0,31140
0.0,31141
0.0,31142
0.0,31143
0.0,31144
0.0,31145
0.0,31146
0.0,31147
0.0,31148
0.0,31149
0.0,31150
0.0,31151
2026.9262486955834,31152
0.0,31153
0.0,31154
0.0,31155
0.0,31156
0.0,31157
0.0,31158
0.0,31159
0.0,31160
0.0,31161
0.0,31162
0.0,31163
0.0,31164
0.0,31165
0.0,31166
0.0,31167
0.0,31168
0.0,31169
0.0,31170
0.0,31171
0.0,31172
0.0,31173
0.0,31174
0.0,31175
0.0,31176
1143.4579823643019,31177
0.0,31178
0.0,31179
0.0,31180
0.0,31181
0.0,31182
0.0,31183
0.0,31184
0.0,31185
0.0,31186
0.0,31187
0.0,31188
0.0,31189
0.0,31190
1550.6174549079878,31191
0.0,31192
0.0,31193
0.0,31194
0.0,31195
0.0,31196
0.0,31197
0.0,31198
0.0,31199
0.0,31200
0.0,31201
0.0,31202
0.0,31203
0.0,31204
0.0,31205
0.0,31206
0.0,31207
0.0,31208
0.0,31209
0.0,31210
0.0,31211
0.0,31212
0.0,31213
0.0,31214
0.0,31215
0.0,31216
0.0,31217
0.0,31218
0.0,31219
0.0,31220
0.0,31221
0.0,31222
0.0,31223
0.0,31224
0.0,31225
0.0,31226
0.0,31227
0.0,31228
0.0,31229
0.0,31230
0.0,31231
0.0,31232
0.0,31233
0.0,31234
0.0,31235
1135.2159490205593,31236
0.0,31237
300.7797898510575,31238
1081.0690596720688,31239
0.0,31240
0.0,31241
1078.8477557988226,31242
715.9514826014589,31243
0.0,31244
0.0,31245
0.0,31246
0.0,31247
0.0,31248
0.0,31249
678.7525741728565,31250
0.0,31251
0.0,31252
2935.2267698785904,31253
836.5423359015041,31254
0.0,31255
2876.5182899141328,31256
94.28442649030438,31257
0.0,31258
0.0,31259
870.5576273897567,31260
0.0,31261
0.0,31262
0.0,31263
0.0,31264
0.0,31265
0.0,31266
0.0,31267
0.0,31268
0.0,31269
0.0,31270
0.0,31271
0.0,31272
0.0,31273
0.0,31274
0.0,31275
0.0,31276
0.0,31277
0.0,31278
0.0,31279
0.0,31280
0.0,31281
39.797395000895705,31282
402.0964797926752,31283
521.1256939823618,31284
401.2183087311243,31285
331.51721252476693,31286
394.80669508578404,31287
101.20916008570157,31288
402.9218053440125,31289
0.0,31290
0.0,31291
0.0,31292
0.0,31293
0.0,31294
0.0,31295
13.264862403233948,31296
0.0,31297
0.0,31298
0.0,31299
0.0,31300
274.2512328145216,31301
0.0,31302
0.0,31303
0.0,31304
0.0,31305
0.0,31306
0.0,31307
0.0,31308
0.0,31309
0.0,31310
0.0,31311
0.0,31312
0.0,31313
2838.5298865650034,31314
0.0,31315
0.0,31316
0.0,31317
0.0,31318
0.0,31319
0.0,31320
0.0,31321
0.0,31322
0.0,31323
0.0,31324
0.0,31325
0.0,31326
0.0,31327
0.0,31328
0.0,31329
0.0,31330
0.0,31331
0.0,31332
0.0,31333
0.0,31334
0.0,31335
0.0,31336
0.0,31337
0.0,31338
648.6509423907493,31339
1593.6908778803152,31340
787.9015466787006,31341
0.0,31342
0.0,31343
414.8759440916349,31344
0.0,31345
360.7143830691938,31346
0.0,31347
0.0,31348
0.0,31349
0.0,31350
585.174532839193,31351
456.31797313887944,31352
0.0,31353
0.0,31354
0.0,31355
883.4690605720202,31356
0.0,31357
0.0,31358
2415.5205921172737,31359
1232.0352712797412,31360
744.817264814904,31361
0.0,31362
0.0,31363
431.90715551295085,31364
0.0,31365
0.0,31366
24.39947342637818,31367
910.3347289018004,31368
60.49162193663564,31369
59.16449366873687,31370
0.0,31371
0.0,31372
0.0,31373
0.0,31374
139.11782051131397,31375
0.0,31376
137.58272707185577,31377
216.4827056615901,31378
0.0,31379
0.0,31380
0.0,31381
0.0,31382
0.0,31383
215.03066994984962,31384
0.0,31385
363.84266246608513,31386
522.2933246296598,31387
0.0,31388
0.0,31389
0.0,31390
360.6195780902031,31391
359.0351969419,31392
0.0,31393
0.0,31394
0.0,31395
0.0,31396
0.0,31397
0.0,31398
0.0,31399
0.0,31400
0.0,31401
0.0,31402
0.0,31403
0.0,31404
0.0,31405
0.0,31406
204.04067722058693,31407
0.0,31408
0.0,31409
0.0,31410
0.0,31411
0.0,31412
32.15717242339458,31413
30.217360847793795,31414
0.0,31415
92.7199460449208,31416
0.0,31417
0.0,31418
0.0,31419
0.0,31420
734.6041508623761,31421
0.0,31422
0.0,31423
734.8250626235083,31424
0.0,31425
0.0,31426
0.0,31427
0.0,31428
0.0,31429
0.0,31430
0.0,31431
0.0,31432
0.0,31433
0.0,31434
0.0,31435
0.0,31436
0.0,31437
0.0,31438
0.0,31439
0.0,31440
0.0,31441
0.0,31442
0.0,31443
0.0,31444
0.0,31445
0.0,31446
0.0,31447
0.0,31448
0.0,31449
0.0,31450
0.0,31451
0.0,31452
0.0,31453
0.0,31454
0.0,31455
0.0,31456
0.0,31457
0.0,31458
0.0,31459
0.0,31460
800.8555596876143,31461
2241.346715873116,31462
0.0,31463
0.0,31464
0.0,31465
0.0,31466
0.0,31467
0.0,31468
0.0,31469
0.0,31470
0.0,31471
0.0,31472
0.0,31473
0.0,31474
0.0,31475
0.0,31476
0.0,31477
600.2678425449335,31478
0.0,31479
0.0,31480
0.0,31481
0.0,31482
0.0,31483
0.0,31484
2610.51742618283,31485
0.0,31486
0.0,31487
0.0,31488
0.0,31489
0.0,31490
0.0,31491
0.0,31492
0.0,31493
0.0,31494
0.0,31495
1155.392896718351,31496
0.0,31497
0.0,31498
0.0,31499
0.0,31500
0.0,31501
0.0,31502
0.0,31503
0.0,31504
0.0,31505
0.0,31506
0.0,31507
0.0,31508
0.0,31509
142.50929190018655,31510
0.0,31511
0.0,31512
0.0,31513
0.0,31514
0.0,31515
0.0,31516
0.0,31517
57.52297671693306,31518
0.0,31519
0.0,31520
0.0,31521
0.0,31522
925.125907693926,31523
924.3084657185846,31524
0.0,31525
0.0,31526
0.0,31527
0.0,31528
0.0,31529
0.0,31530
0.0,31531
0.0,31532
0.0,31533
0.0,31534
0.0,31535
0.0,31536
0.0,31537
0.0,31538
0.0,31539
0.0,31540
0.0,31541
88.58321931093542,31542
0.0,31543
0.0,31544
0.0,31545
0.0,31546
0.0,31547
0.0,31548
0.0,31549
0.0,31550
0.0,31551
0.0,31552
0.0,31553
0.0,31554
0.0,31555
0.0,31556
0.0,31557
0.0,31558
0.0,31559
0.0,31560
0.0,31561
0.0,31562
0.0,31563
0.0,31564
0.0,31565
0.0,31566
0.0,31567
0.0,31568
0.0,31569
0.0,31570
0.0,31571
0.0,31572
0.0,31573
0.0,31574
0.0,31575
2010.4005680372882,31576
0.0,31577
2549.6224584490406,31578
0.0,31579
0.0,31580
1113.5251389721307,31581
0.0,31582
0.0,31583
0.0,31584
0.0,31585
0.0,31586
0.0,31587
0.0,31588
0.0,31589
0.0,31590
0.0,31591
0.0,31592
0.0,31593
1423.1424511399732,31594
0.0,31595
0.0,31596
0.0,31597
0.0,31598
0.0,31599
0.0,31600
0.0,31601
0.0,31602
0.0,31603
0.0,31604
0.0,31605
0.0,31606
0.0,31607
0.0,31608
0.0,31609
0.0,31610
0.0,31611
0.0,31612
0.0,31613
0.0,31614
0.0,31615
0.0,31616
0.0,31617
0.0,31618
0.0,31619
0.0,31620
0.0,31621
0.0,31622
0.0,31623
0.0,31624
0.0,31625
0.0,31626
0.0,31627
0.0,31628
0.0,31629
0.0,31630
0.0,31631
0.0,31632
0.0,31633
0.0,31634
0.0,31635
0.0,31636
0.0,31637
0.0,31638
0.0,31639
0.0,31640
0.0,31641
0.0,31642
0.0,31643
1490.3266464462058,31644
0.0,31645
1491.2004915144466,31646
0.0,31647
0.0,31648
0.0,31649
0.0,31650
0.0,31651
0.0,31652
0.0,31653
0.0,31654
0.0,31655
0.0,31656
0.0,31657
0.0,31658
0.0,31659
0.0,31660
0.0,31661
0.0,31662
0.0,31663
0.0,31664
0.0,31665
0.0,31666
0.0,31667
0.0,31668
0.0,31669
0.0,31670
0.0,31671
0.0,31672
0.0,31673
0.0,31674
0.0,31675
187.88401443344637,31676
0.0,31677
0.0,31678
0.0,31679
0.0,31680
0.0,31681
38.450707476608635,31682
0.0,31683
0.0,31684
189.1914859070941,31685
0.0,31686
0.0,31687
0.0,31688
318.2218357972201,31689
0.0,31690
0.0,31691
0.0,31692
0.0,31693
0.0,31694
0.0,31695
0.0,31696
0.0,31697
0.0,31698
0.0,31699
0.0,31700
0.0,31701
0.0,31702
0.0,31703
0.0,31704
0.0,31705
0.0,31706
0.0,31707
0.0,31708
194.1091249396958,31709
2152.004014347739,31710
464.6905876888985,31711
0.0,31712
9.897442849776047,31713
1291.6964638928296,31714
0.0,31715
0.0,31716
1064.3501419518282,31717
183.18710614409764,31718
0.0,31719
0.0,31720
0.0,31721
1813.8202244345105,31722
0.0,31723
0.0,31724
0.0,31725
0.0,31726
931.4098986913808,31727
0.0,31728
0.0,31729
0.0,31730
0.0,31731
0.0,31732
0.0,31733
0.0,31734
0.0,31735
0.0,31736
0.0,31737
0.0,31738
0.0,31739
0.0,31740
0.0,31741
0.0,31742
0.0,31743
0.0,31744
0.0,31745
0.0,31746
0.0,31747
0.0,31748
0.0,31749
0.0,31750
0.0,31751
0.0,31752
0.0,31753
0.0,31754
0.0,31755
0.0,31756
0.0,31757
0.0,31758
0.0,31759
0.0,31760
0.0,31761
0.0,31762
0.0,31763
0.0,31764
0.0,31765
0.0,31766
0.0,31767
0.0,31768
0.0,31769
0.0,31770
0.0,31771
492.21477210722486,31772
0.0,31773
0.0,31774
0.0,31775
0.0,31776
0.0,31777
0.0,31778
0.0,31779
0.0,31780
0.0,31781
0.0,31782
0.0,31783
0.0,31784
0.0,31785
0.0,31786
0.0,31787
0.0,31788
0.0,31789
0.0,31790
0.0,31791
0.0,31792
0.0,31793
0.0,31794
2450.6045965548756,31795
0.0,31796
0.0,31797
0.0,31798
0.0,31799
0.0,31800
0.0,31801
0.0,31802
0.0,31803
0.0,31804
0.0,31805
0.0,31806
0.0,31807
0.0,31808
0.0,31809
0.0,31810
0.0,31811
0.0,31812
0.0,31813
0.0,31814
0.0,31815
0.0,31816
0.0,31817
0.0,31818
0.0,31819
0.0,31820
0.0,31821
0.0,31822
0.0,31823
0.0,31824
0.0,31825
0.0,31826
0.0,31827
0.0,31828
0.0,31829
5010.79690651031,31830
918.019835417741,31831
5518.340112633185,31832
918.9555011062149,31833
0.0,31834
0.0,31835
0.0,31836
2409.353766391995,31837
0.0,31838
0.0,31839
0.0,31840
0.0,31841
0.0,31842
0.0,31843
0.0,31844
0.0,31845
345.76257498179825,31846
0.0,31847
328.3365759704543,31848
0.0,31849
0.0,31850
0.0,31851
0.0,31852
0.0,31853
0.0,31854
0.0,31855
0.0,31856
0.0,31857
0.0,31858
0.0,31859
0.0,31860
0.0,31861
0.0,31862
0.0,31863
0.0,31864
2056.7051527850326,31865
0.0,31866
0.0,31867
0.0,31868
0.0,31869
1289.1930080060895,31870
0.0,31871
0.0,31872
0.0,31873
0.0,31874
0.0,31875
0.0,31876
0.0,31877
0.0,31878
0.0,31879
0.0,31880
0.0,31881
0.0,31882
0.0,31883
0.0,31884
0.0,31885
0.0,31886
0.0,31887
0.0,31888
416.86960751846163,31889
0.0,31890
0.0,31891
0.0,31892
0.0,31893
0.0,31894
0.0,31895
0.0,31896
0.0,31897
0.0,31898
0.0,31899
0.0,31900
0.0,31901
0.0,31902
0.0,31903
0.0,31904
0.0,31905
0.0,31906
0.0,31907
0.0,31908
1526.9250107568278,31909
0.0,31910
0.0,31911
0.0,31912
0.0,31913
0.0,31914
0.0,31915
0.0,31916
0.0,31917
0.0,31918
0.0,31919
0.0,31920
0.0,31921
0.0,31922
0.0,31923
0.0,31924
2413.139576572266,31925
0.0,31926
0.0,31927
0.0,31928
0.0,31929
0.0,31930
0.0,31931
0.0,31932
0.8817472478231191,31933
0.0,31934
0.0,31935
3805.5078318959454,31936
5331.0114801864065,31937
0.0,31938
0.0,31939
0.0,31940
0.0,31941
0.0,31942
0.0,31943
1416.8229157198548,31944
0.0,31945
0.0,31946
0.0,31947
0.0,31948
0.0,31949
0.0,31950
0.0,31951
0.0,31952
0.0,31953
0.0,31954
0.0,31955
0.0,31956
0.0,31957
0.0,31958
0.0,31959
0.0,31960
0.0,31961
0.0,31962
0.0,31963
0.0,31964
0.0,31965
0.0,31966
0.0,31967
0.0,31968
0.0,31969
0.0,31970
0.0,31971
0.0,31972
0.0,31973
0.0,31974
0.0,31975
0.0,31976
0.0,31977
0.0,31978
0.0,31979
0.0,31980
0.0,31981
0.0,31982
0.0,31983
0.0,31984
0.0,31985
0.0,31986
0.0,31987
0.0,31988
1883.3715113503513,31989
0.0,31990
0.0,31991
0.0,31992
0.0,31993
0.0,31994
0.0,31995
0.0,31996
0.0,31997
0.0,31998
0.0,31999
0.0,32000
0.0,32001
0.0,32002
0.0,32003
0.0,32004
0.0,32005
0.0,32006
0.0,32007
0.0,32008
0.0,32009
0.0,32010
0.0,32011
0.0,32012
0.0,32013
0.0,32014
0.0,32015
0.0,32016
0.0,32017
0.0,32018
0.0,32019
0.0,32020
0.0,32021
0.0,32022
0.0,32023
0.0,32024
0.0,32025
0.0,32026
0.0,32027
0.0,32028
0.0,32029
0.0,32030
996.2428640749154,32031
0.0,32032
786.6976471240333,32033
0.0,32034
0.0,32035
0.0,32036
1465.7455218449936,32037
789.4479888642873,32038
6306.06700506101,32039
0.0,32040
712.8557863992581,32041
0.0,32042
0.0,32043
0.0,32044
0.0,32045
0.0,32046
0.0,32047
0.0,32048
0.0,32049
0.0,32050
0.0,32051
0.0,32052
0.0,32053
0.0,32054
0.0,32055
0.0,32056
0.0,32057
0.0,32058
0.0,32059
0.0,32060
0.0,32061
0.0,32062
0.0,32063
499.1611785414488,32064
0.0,32065
0.0,32066
0.0,32067
0.0,32068
0.0,32069
0.0,32070
0.0,32071
0.0,32072
0.0,32073
0.0,32074
0.0,32075
0.0,32076
0.0,32077
0.0,32078
0.0,32079
0.0,32080
0.0,32081
0.0,32082
14003.447586274624,32083
0.0,32084
0.0,32085
863.7403776278921,32086
0.0,32087
0.0,32088
0.0,32089
0.0,32090
0.0,32091
3633.092999396281,32092
0.0,32093
0.0,32094
0.0,32095
3000.7347848607756,32096
3000.173269643753,32097
2999.6236063534266,32098
2591.068322887202,32099
3050.995845980949,32100
24.615137878190794,32101
0.0,32102
1903.2405638576151,32103
0.0,32104
1685.0067454675952,32105
2671.538495780214,32106
0.0,32107
0.0,32108
0.0,32109
0.0,32110
1431.7449504398592,32111
7.415254329438596,32112
6.979582110175327,32113
0.0,32114
0.0,32115
1679.7247892976789,32116
0.0,32117
0.0,32118
0.0,32119
1019.2837100327769,32120
1301.2384443159608,32121
0.0,32122
805.3875204976939,32123
0.0,32124
1301.5659885782877,32125
0.0,32126
0.0,32127
0.0,32128
0.0,32129
0.0,32130
301.61220917179827,32131
109.499700879154,32132
0.0,32133
0.0,32134
1843.2266743743817,32135
0.0,32136
0.0,32137
0.0,32138
0.0,32139
2536.051332839037,32140
1423.3590834221973,32141
418.8190335030052,32142
721.9150765826364,32143
0.0,32144
0.0,32145
722.6514019490317,32146
0.0,32147
0.0,32148
0.0,32149
0.0,32150
0.0,32151
0.0,32152
0.0,32153
0.0,32154
0.0,32155
0.0,32156
0.0,32157
0.0,32158
0.0,32159
0.0,32160
0.0,32161
0.0,32162
0.0,32163
0.0,32164
0.0,32165
0.0,32166
0.0,32167
0.0,32168
504.2480561815462,32169
0.0,32170
0.0,32171
0.0,32172
0.0,32173
0.0,32174
0.0,32175
0.0,32176
0.0,32177
0.0,32178
0.0,32179
0.0,32180
0.0,32181
0.0,32182
0.0,32183
0.0,32184
0.0,32185
0.0,32186
0.0,32187
0.0,32188
0.0,32189
0.0,32190
0.0,32191
0.0,32192
0.0,32193
0.0,32194
0.0,32195
0.0,32196
0.0,32197
0.0,32198
0.0,32199
0.0,32200
0.0,32201
0.0,32202
0.0,32203
1979.5961251110589,32204
0.0,32205
0.0,32206
989.1989898318627,32207
54.55161363102109,32208
0.0,32209
0.0,32210
0.0,32211
0.0,32212
0.0,32213
0.0,32214
0.0,32215
0.0,32216
0.0,32217
0.0,32218
0.0,32219
0.0,32220
0.0,32221
0.0,32222
0.0,32223
0.0,32224
0.0,32225
0.0,32226
2128.04262744695,32227
0.0,32228
310.03273712518796,32229
0.0,32230
0.0,32231
0.0,32232
0.0,32233
0.0,32234
0.0,32235
0.0,32236
0.0,32237
0.0,32238
0.0,32239
0.0,32240
0.0,32241
0.0,32242
0.0,32243
0.0,32244
0.0,32245
0.0,32246
0.0,32247
0.0,32248
0.0,32249
0.0,32250
0.0,32251
0.0,32252
0.0,32253
0.0,32254
0.0,32255
0.0,32256
0.0,32257
0.0,32258
0.0,32259
0.0,32260
0.0,32261
2029.5525876890774,32262
0.0,32263
0.0,32264
0.0,32265
0.0,32266
0.0,32267
4822.272413435839,32268
0.0,32269
0.0,32270
0.0,32271
0.0,32272
0.0,32273
0.0,32274
0.0,32275
0.0,32276
0.0,32277
0.0,32278
0.0,32279
0.0,32280
0.0,32281
0.0,32282
0.0,32283
0.0,32284
0.0,32285
0.0,32286
0.0,32287
344.89988145923724,32288
0.0,32289
0.0,32290
0.0,32291
427.1508268941756,32292
445.63012863533095,32293
0.0,32294
0.0,32295
0.0,32296
0.0,32297
0.0,32298
0.0,32299
3657.108066466943,32300
3342.528453943168,32301
0.0,32302
0.0,32303
0.0,32304
0.0,32305
407.58577690702293,32306
4432.30102238673,32307
1542.0002380867074,32308
0.0,32309
0.0,32310
0.0,32311
0.0,32312
0.0,32313
0.0,32314
0.0,32315
0.0,32316
0.0,32317
0.0,32318
0.0,32319
377.977892800606,32320
0.0,32321
0.0,32322
0.0,32323
0.0,32324
0.0,32325
0.0,32326
0.0,32327
0.0,32328
0.0,32329
0.0,32330
0.0,32331
0.0,32332
0.0,32333
0.0,32334
0.0,32335
0.0,32336
0.0,32337
0.0,32338
0.0,32339
0.0,32340
0.0,32341
0.0,32342
0.0,32343
0.0,32344
0.0,32345
0.0,32346
0.0,32347
0.0,32348
0.0,32349
0.0,32350
0.0,32351
0.0,32352
1231.5562483919005,32353
1232.2495458894953,32354
0.0,32355
0.0,32356
640.3966458625848,32357
0.0,32358
0.0,32359
0.0,32360
0.0,32361
0.0,32362
0.0,32363
0.0,32364
0.0,32365
0.0,32366
0.0,32367
0.0,32368
0.0,32369
0.0,32370
0.0,32371
0.0,32372
0.0,32373
0.0,32374
0.0,32375
0.0,32376
0.0,32377
0.0,32378
0.0,32379
0.0,32380
1517.9491906027754,32381
0.0,32382
0.0,32383
0.0,32384
0.0,32385
0.0,32386
0.0,32387
0.0,32388
0.0,32389
0.0,32390
0.0,32391
0.0,32392
0.0,32393
0.0,32394
0.0,32395
0.0,32396
0.0,32397
0.0,32398
0.0,32399
0.0,32400
0.0,32401
0.0,32402
0.0,32403
0.0,32404
0.0,32405
0.0,32406
0.0,32407
0.0,32408
0.0,32409
0.0,32410
0.0,32411
0.0,32412
0.0,32413
0.0,32414
0.0,32415
0.0,32416
0.0,32417
0.0,32418
0.0,32419
0.0,32420
0.0,32421
0.0,32422
0.0,32423
0.0,32424
0.0,32425
0.0,32426
0.0,32427
0.0,32428
0.0,32429
0.0,32430
0.0,32431
0.0,32432
0.0,32433
0.0,32434
0.0,32435
1374.9951295368573,32436
14.528192975845016,32437
0.0,32438
1095.1965961242938,32439
0.0,32440
0.0,32441
0.0,32442
0.0,32443
0.0,32444
0.0,32445
0.0,32446
0.0,32447
0.0,32448
0.0,32449
0.0,32450
0.0,32451
0.0,32452
0.0,32453
0.0,32454
0.0,32455
0.0,32456
0.0,32457
0.0,32458
0.0,32459
1562.2276226919453,32460
0.0,32461
0.0,32462
0.0,32463
0.0,32464
0.0,32465
0.0,32466
0.0,32467
0.0,32468
0.0,32469
0.0,32470
0.0,32471
0.0,32472
0.0,32473
0.0,32474
0.0,32475
0.0,32476
0.0,32477
0.0,32478
0.0,32479
0.0,32480
0.0,32481
0.0,32482
0.0,32483
0.0,32484
970.6793974795262,32485
548.1272526086578,32486
0.0,32487
0.0,32488
1455.0227160158718,32489
0.0,32490
0.0,32491
0.0,32492
0.0,32493
0.0,32494
0.0,32495
0.0,32496
0.0,32497
0.0,32498
0.0,32499
47.47936360725893,32500
0.0,32501
1202.9767148362855,32502
0.0,32503
0.0,32504
0.0,32505
1160.7022451354958,32506
1241.2090047369575,32507
0.0,32508
0.0,32509
2737.0307613450877,32510
9606.683031917944,32511
0.0,32512
0.0,32513
0.0,32514
0.0,32515
0.0,32516
0.0,32517
0.0,32518
0.0,32519
747.2735636686132,32520
0.0,32521
0.0,32522
0.0,32523
0.0,32524
0.0,32525
0.0,32526
0.0,32527
0.0,32528
1263.9506438177502,32529
792.4735422235503,32530
0.0,32531
0.0,32532
0.0,32533
0.0,32534
0.0,32535
0.0,32536
0.0,32537
0.0,32538
0.0,32539
0.0,32540
0.0,32541
0.0,32542
0.0,32543
0.0,32544
0.0,32545
0.0,32546
0.0,32547
0.0,32548
0.0,32549
0.0,32550
0.0,32551
0.0,32552
0.0,32553
0.0,32554
0.0,32555
0.0,32556
0.0,32557
0.0,32558
0.0,32559
0.0,32560
0.0,32561
0.0,32562
0.0,32563
0.0,32564
0.0,32565
0.0,32566
676.5297929759209,32567
0.0,32568
0.0,32569
0.0,32570
0.0,32571
0.0,32572
0.0,32573
0.0,32574
0.0,32575
0.0,32576
0.0,32577
0.0,32578
799.7148925935645,32579
1759.027427915757,32580
0.0,32581
0.0,32582
0.0,32583
0.0,32584
0.0,32585
0.0,32586
0.0,32587
0.0,32588
0.0,32589
0.0,32590
0.0,32591
0.0,32592
0.0,32593
0.0,32594
0.0,32595
0.0,32596
0.0,32597
0.0,32598
0.0,32599
0.0,32600
0.0,32601
0.0,32602
0.0,32603
0.0,32604
0.0,32605
0.0,32606
0.0,32607
0.0,32608
0.0,32609
0.0,32610
0.0,32611
0.0,32612
0.0,32613
0.0,32614
0.0,32615
0.0,32616
0.0,32617
0.0,32618
0.0,32619
0.0,32620
0.0,32621
0.0,32622
0.0,32623
0.0,32624
0.0,32625
0.0,32626
0.0,32627
0.0,32628
0.0,32629
0.0,32630
0.0,32631
6473.96737255034,32632
670.2728877489561,32633
0.0,32634
0.0,32635
0.0,32636
0.0,32637
0.0,32638
0.0,32639
0.0,32640
0.0,32641
0.0,32642
0.0,32643
0.0,32644
0.0,32645
0.0,32646
0.0,32647
0.0,32648
797.5551984898162,32649
0.0,32650
0.0,32651
0.0,32652
0.0,32653
0.0,32654
0.0,32655
0.0,32656
0.0,32657
0.0,32658
0.0,32659
0.0,32660
0.0,32661
0.0,32662
0.0,32663
0.0,32664
0.0,32665
0.0,32666
0.0,32667
0.0,32668
0.0,32669
0.0,32670
0.0,32671
0.0,32672
0.0,32673
0.0,32674
0.0,32675
0.0,32676
0.0,32677
0.0,32678
0.0,32679
0.0,32680
0.0,32681
0.0,32682
0.0,32683
0.0,32684
0.0,32685
0.0,32686
0.0,32687
0.0,32688
0.0,32689
420.15880253054917,32690
0.0,32691
0.0,32692
0.0,32693
0.0,32694
0.0,32695
0.0,32696
0.0,32697
0.0,32698
0.0,32699
0.0,32700
0.0,32701
0.0,32702
0.0,32703
0.0,32704
0.0,32705
0.0,32706
0.0,32707
0.0,32708
0.0,32709
0.0,32710
0.0,32711
2927.7340952101003,32712
0.0,32713
0.0,32714
0.0,32715
0.0,32716
0.0,32717
0.0,32718
0.0,32719
720.5667286867507,32720
0.0,32721
0.0,32722
0.0,32723
0.0,32724
0.0,32725
0.0,32726
0.0,32727
0.0,32728
0.0,32729
0.0,32730
0.0,32731
0.0,32732
0.0,32733
0.0,32734
0.0,32735
0.0,32736
0.0,32737
1193.7834268068311,32738
0.0,32739
0.0,32740
0.0,32741
0.0,32742
0.0,32743
0.0,32744
0.0,32745
0.0,32746
0.0,32747
0.0,32748
0.0,32749
0.0,32750
0.0,32751
0.0,32752
0.0,32753
0.0,32754
0.0,32755
0.0,32756
0.0,32757
0.0,32758
0.0,32759
0.0,32760
0.0,32761
0.0,32762
0.0,32763
0.0,32764
0.0,32765
0.0,32766
0.0,32767
0.0,32768
0.0,32769
0.0,32770
0.0,32771
0.0,32772
0.0,32773
0.0,32774
0.0,32775
0.0,32776
0.0,32777
0.0,32778
0.0,32779
0.0,32780
2086.3548351948234,32781
0.0,32782
0.0,32783
0.0,32784
0.0,32785
1340.2304433786774,32786
0.0,32787
0.0,32788
0.0,32789
0.0,32790
0.0,32791
0.0,32792
0.0,32793
0.0,32794
0.0,32795
0.0,32796
0.0,32797
0.0,32798
0.0,32799
0.0,32800
0.0,32801
0.0,32802
0.0,32803
0.0,32804
0.0,32805
0.0,32806
0.0,32807
0.0,32808
0.0,32809
0.0,32810
0.0,32811
0.0,32812
0.0,32813
0.0,32814
0.0,32815
0.0,32816
0.0,32817
0.0,32818
0.0,32819
0.0,32820
0.0,32821
0.0,32822
0.0,32823
0.0,32824
0.0,32825
0.0,32826
0.0,32827
0.0,32828
0.0,32829
0.0,32830
0.0,32831
0.0,32832
0.0,32833
0.0,32834
0.0,32835
530.7107545097707,32836
436.3898611980083,32837
1555.3647552101645,32838
0.0,32839
0.0,32840
3543.9395113793544,32841
1130.8463677946045,32842
2732.0031259677758,32843
0.0,32844
0.0,32845
0.0,32846
0.0,32847
0.0,32848
0.0,32849
0.0,32850
1000.0567074933075,32851
0.0,32852
0.0,32853
0.0,32854
0.0,32855
0.0,32856
0.0,32857
0.0,32858
0.0,32859
0.0,32860
0.0,32861
0.0,32862
0.0,32863
0.0,32864
0.0,32865
0.0,32866
0.0,32867
0.0,32868
0.0,32869
724.2943527861232,32870
0.0,32871
723.3669053290395,32872
0.0,32873
0.0,32874
0.0,32875
0.0,32876
0.0,32877
0.0,32878
0.0,32879
0.0,32880
722.3993430268739,32881
0.0,32882
347.3682880601333,32883
0.0,32884
0.0,32885
0.0,32886
48.55687850572916,32887
0.0,32888
0.0,32889
0.0,32890
0.0,32891
0.0,32892
0.0,32893
0.0,32894
0.0,32895
3754.344761197775,32896
0.0,32897
331.473724365554,32898
0.0,32899
0.0,32900
0.0,32901
0.0,32902
427.2641984069193,32903
0.0,32904
0.0,32905
292.01819822271796,32906
3714.8310738621853,32907
3255.2246065978193,32908
452.96309684714794,32909
1731.9393789509813,32910
2035.4967700307816,32911
0.0,32912
2457.602920256215,32913
0.0,32914
978.0801679273561,32915
0.0,32916
0.0,32917
0.0,32918
1703.2920807270552,32919
0.0,32920
0.0,32921
0.0,32922
1942.0548884974846,32923
2587.1285263850878,32924
0.0,32925
0.0,32926
0.0,32927
1923.1011280377613,32928
0.0,32929
333.53458892554585,32930
0.0,32931
0.0,32932
973.8548421629778,32933
0.0,32934
0.0,32935
0.0,32936
332.1907364541034,32937
0.0,32938
0.0,32939
330.5797186113227,32940
0.0,32941
0.0,32942
0.0,32943
328.9606687000282,32944
1421.6876104073394,32945
2184.8316323485096,32946
0.0,32947
473.82839074420485,32948
0.0,32949
0.0,32950
1743.0367023781355,32951
1416.841728796368,32952
0.0,32953
325.85065050915813,32954
0.0,32955
0.0,32956
3557.6612398145107,32957
389.69456555209956,32958
0.0,32959
1763.59460839749,32960
0.0,32961
3994.3409478246076,32962
841.1421156019604,32963
0.0,32964
5768.507177290852,32965
1462.5483688214053,32966
2375.263282500502,32967
0.0,32968
1237.076289970566,32969
1181.483253664898,32970
3487.738608660771,32971
0.0,32972
0.0,32973
0.0,32974
0.0,32975
0.0,32976
0.0,32977
0.0,32978
0.0,32979
0.0,32980
0.0,32981
0.0,32982
1674.4826125551263,32983
0.0,32984
0.0,32985
0.0,32986
1362.0833516213918,32987
0.0,32988
0.0,32989
0.0,32990
2007.028122315616,32991
0.0,32992
1876.2462844483885,32993
654.3998382453736,32994
1699.205778611927,32995
652.5652518813741,32996
417.5369646719884,32997
0.0,32998
2530.0899795352952,32999
1159.2176492888204,33000
0.0,33001
0.0,33002
0.0,33003
0.0,33004
1235.1076690694115,33005
0.0,33006
0.0,33007
0.0,33008
0.0,33009
0.0,33010
0.0,33011
629.0139928995422,33012
6436.655930428432,33013
1476.5999860935738,33014
628.935439678144,33015
370.2384019982617,33016
0.0,33017
0.0,33018
650.8367026355113,33019
1937.0005496550846,33020
0.0,33021
0.0,33022
721.9723322479261,33023
0.0,33024
0.0,33025
0.0,33026
0.0,33027
0.0,33028
0.0,33029
0.0,33030
0.0,33031
0.0,33032
4310.694841932483,33033
0.0,33034
0.0,33035
0.0,33036
0.0,33037
0.0,33038
0.0,33039
0.0,33040
0.0,33041
0.0,33042
0.0,33043
0.0,33044
1220.982424416617,33045
0.0,33046
0.0,33047
0.0,33048
0.0,33049
0.0,33050
0.0,33051
1671.1255334034672,33052
0.0,33053
0.0,33054
0.0,33055
599.1894458516688,33056
0.0,33057
0.0,33058
0.0,33059
0.0,33060
850.8987278779888,33061
0.0,33062
0.0,33063
0.0,33064
0.0,33065
0.0,33066
0.0,33067
0.0,33068
0.0,33069
0.0,33070
3914.05467158374,33071
5747.086321381622,33072
128.02994422679285,33073
3914.9740935511877,33074
1465.486563365449,33075
1376.0663164349285,33076
1376.0592788961042,33077
5391.092640604045,33078
0.0,33079
3544.8325260923853,33080
1250.7093509448641,33081
1834.3920814090623,33082
3212.2347043216696,33083
5891.656060014992,33084
2429.0825161513926,33085
0.0,33086
3112.3159736805505,33087
3113.083823861217,33088
2916.790683917565,33089
1214.9028036027964,33090
1796.246932993617,33091
1217.207713265725,33092
0.0,33093
0.0,33094
0.0,33095
0.0,33096
1823.922632532868,33097
0.0,33098
0.0,33099
0.0,33100
0.0,33101
0.0,33102
1226.376899599473,33103
795.3844021380116,33104
0.0,33105
0.0,33106
0.0,33107
0.0,33108
0.0,33109
0.0,33110
0.0,33111
831.5141486234032,33112
0.0,33113
0.0,33114
0.0,33115
0.0,33116
5525.684172091861,33117
86.6962070080451,33118
0.0,33119
0.0,33120
1642.952218631372,33121
0.0,33122
0.0,33123
3874.778542526942,33124
3228.336044841163,33125
805.1286040882358,33126
1512.5546068012661,33127
0.0,33128
0.0,33129
0.0,33130
0.0,33131
0.0,33132
1897.6809014079506,33133
0.0,33134
3715.2864195099655,33135
0.0,33136
0.0,33137
307.3761620894985,33138
0.0,33139
0.0,33140
155.5347247760708,33141
0.0,33142
0.0,33143
0.0,33144
666.4309966961148,33145
0.0,33146
0.0,33147
127.45093484671814,33148
0.0,33149
0.0,33150
2612.6821783543337,33151
0.0,33152
0.0,33153
5387.8774799329085,33154
128.23813138216667,33155
0.0,33156
0.0,33157
2612.92751619861,33158
0.0,33159
0.0,33160
0.0,33161
0.0,33162
0.0,33163
0.0,33164
0.0,33165
0.0,33166
605.0064886399747,33167
0.0,33168
0.0,33169
1985.2409742498176,33170
0.0,33171
800.4942427038113,33172
803.0668295595793,33173
0.0,33174
0.0,33175
0.0,33176
2387.02692066456,33177
0.0,33178
1099.7863022683043,33179
0.0,33180
0.0,33181
0.0,33182
0.0,33183
0.0,33184
0.0,33185
0.0,33186
0.0,33187
0.0,33188
0.0,33189
2075.578937086655,33190
377.805915773508,33191
0.0,33192
0.0,33193
0.0,33194
0.0,33195
0.0,33196
0.0,33197
0.0,33198
0.0,33199
0.0,33200
0.0,33201
0.0,33202
0.0,33203
0.0,33204
0.0,33205
3314.9587010460505,33206
0.0,33207
0.0,33208
0.0,33209
0.0,33210
0.0,33211
0.0,33212
0.0,33213
0.0,33214
0.0,33215
892.311064414817,33216
0.0,33217
0.0,33218
0.0,33219
0.0,33220
341.79541981732956,33221
0.0,33222
0.0,33223
315.9603725700295,33224
0.0,33225
0.0,33226
0.0,33227
0.0,33228
0.0,33229
0.0,33230
0.0,33231
0.0,33232
466.5464377645308,33233
360.8842417083978,33234
0.0,33235
0.0,33236
0.0,33237
0.0,33238
2718.286635023933,33239
2074.4867991997853,33240
1905.2502540473859,33241
0.0,33242
1767.2594329027118,33243
0.0,33244
0.0,33245
0.0,33246
0.0,33247
0.0,33248
246.82763627473946,33249
0.0,33250
0.0,33251
0.0,33252
2502.4050622099357,33253
0.0,33254
0.0,33255
0.0,33256
0.0,33257
231.06489864918987,33258
0.0,33259
2747.3962095071765,33260
0.0,33261
0.0,33262
0.0,33263
0.0,33264
0.0,33265
0.0,33266
0.0,33267
0.0,33268
0.0,33269
2746.588567917853,33270
0.0,33271
0.0,33272
0.0,33273
2579.7106242953732,33274
0.0,33275
2951.5040719440403,33276
0.0,33277
0.0,33278
478.7404904521015,33279
0.0,33280
0.0,33281
442.91836428162765,33282
0.0,33283
0.0,33284
0.0,33285
0.0,33286
0.0,33287
0.0,33288
264.478048880948,33289
0.0,33290
217.50371592054796,33291
0.0,33292
0.0,33293
0.0,33294
0.0,33295
0.0,33296
0.0,33297
0.0,33298
0.0,33299
0.0,33300
0.0,33301
0.0,33302
0.0,33303
0.0,33304
0.0,33305
0.0,33306
0.0,33307
0.0,33308
0.0,33309
98.8925975557715,33310
63.81577772999152,33311
2261.312681661348,33312
0.0,33313
0.0,33314
0.0,33315
925.0477728445213,33316
1200.7198808358132,33317
0.0,33318
0.0,33319
0.0,33320
0.0,33321
0.0,33322
0.0,33323
0.0,33324
0.0,33325
0.0,33326
0.0,33327
0.0,33328
0.0,33329
0.0,33330
0.0,33331
0.0,33332
0.0,33333
0.0,33334
0.0,33335
0.0,33336
0.0,33337
0.0,33338
0.0,33339
0.0,33340
0.0,33341
0.0,33342
0.0,33343
0.0,33344
0.0,33345
0.0,33346
0.0,33347
0.0,33348
0.0,33349
0.0,33350
0.0,33351
0.0,33352
0.0,33353
0.0,33354
0.0,33355
0.0,33356
0.0,33357
0.0,33358
0.0,33359
0.0,33360
0.0,33361
0.0,33362
0.0,33363
0.0,33364
0.0,33365
0.0,33366
1137.2586364059673,33367
0.0,33368
0.0,33369
0.0,33370
0.0,33371
0.0,33372
0.0,33373
0.0,33374
0.0,33375
0.0,33376
0.0,33377
0.0,33378
0.0,33379
0.0,33380
0.0,33381
0.0,33382
0.0,33383
0.0,33384
0.0,33385
4689.045916730895,33386
0.0,33387
1031.905613634954,33388
0.0,33389
0.0,33390
0.0,33391
0.0,33392
914.8620396005418,33393
249.61697420480945,33394
0.0,33395
0.0,33396
0.0,33397
1693.7521606772468,33398
0.0,33399
0.0,33400
0.0,33401
0.0,33402
0.0,33403
0.0,33404
0.0,33405
0.0,33406
460.53340405709696,33407
0.0,33408
0.0,33409
0.0,33410
0.0,33411
0.0,33412
0.0,33413
0.0,33414
0.0,33415
0.0,33416
0.0,33417
0.0,33418
0.0,33419
0.0,33420
0.0,33421
0.0,33422
0.0,33423
0.0,33424
0.0,33425
750.5541701407083,33426
0.0,33427
0.0,33428
0.0,33429
0.0,33430
0.0,33431
0.0,33432
0.0,33433
0.0,33434
0.0,33435
0.0,33436
0.0,33437
1433.9418866309372,33438
344.85418505711493,33439
0.0,33440
0.0,33441
0.0,33442
0.0,33443
0.0,33444
2937.4177446043827,33445
0.0,33446
0.0,33447
0.0,33448
0.0,33449
0.0,33450
0.0,33451
2846.207291441923,33452
0.0,33453
0.0,33454
0.0,33455
976.1941176533804,33456
0.0,33457
0.0,33458
0.0,33459
0.0,33460
0.0,33461
240.39777913418297,33462
0.0,33463
386.5734661612505,33464
0.0,33465
0.0,33466
1706.1092730011699,33467
0.0,33468
3928.3506412939178,33469
3556.89620166406,33470
0.0,33471
0.0,33472
0.0,33473
0.0,33474
0.0,33475
0.0,33476
0.0,33477
3034.132046382321,33478
0.0,33479
0.0,33480
0.0,33481
0.0,33482
0.0,33483
3536.427855811708,33484
0.0,33485
0.0,33486
0.0,33487
0.0,33488
0.0,33489
0.0,33490
0.0,33491
0.0,33492
3102.470255754516,33493
0.0,33494
0.0,33495
0.0,33496
2602.0377992482922,33497
0.0,33498
0.0,33499
0.0,33500
497.19785746962776,33501
0.0,33502
3013.716640429273,33503
0.0,33504
0.0,33505
450.9885965330588,33506
0.0,33507
1153.1682214247694,33508
425.96452019835857,33509
1161.3271315439338,33510
0.0,33511
1214.6871700171755,33512
0.0,33513
0.0,33514
431.5365628072466,33515
1727.4739274003794,33516
0.0,33517
0.0,33518
0.0,33519
0.0,33520
0.0,33521
0.0,33522
0.0,33523
0.0,33524
0.0,33525
1420.7056677954454,33526
0.0,33527
0.0,33528
0.0,33529
0.0,33530
0.0,33531
240.2994866739905,33532
0.0,33533
0.0,33534
0.0,33535
0.0,33536
0.0,33537
0.0,33538
0.0,33539
0.0,33540
0.0,33541
0.0,33542
0.0,33543
0.0,33544
0.0,33545
0.0,33546
0.0,33547
0.0,33548
0.0,33549
0.0,33550
0.0,33551
0.0,33552
0.0,33553
0.0,33554
0.0,33555
0.0,33556
0.0,33557
52.00097942614259,33558
0.0,33559
0.0,33560
53.306812197616,33561
885.8040095477891,33562
0.0,33563
0.0,33564
0.0,33565
0.0,33566
0.0,33567
0.0,33568
54.46256915891039,33569
0.0,33570
0.0,33571
0.0,33572
0.0,33573
0.0,33574
0.0,33575
0.0,33576
0.0,33577
0.0,33578
0.0,33579
0.0,33580
0.0,33581
0.0,33582
0.0,33583
0.0,33584
0.0,33585
0.0,33586
0.0,33587
0.0,33588
0.0,33589
0.0,33590
0.0,33591
0.0,33592
0.0,33593
0.0,33594
0.0,33595
0.0,33596
0.0,33597
0.0,33598
0.0,33599
0.0,33600
0.0,33601
0.0,33602
0.0,33603
0.0,33604
0.0,33605
0.0,33606
0.0,33607
0.0,33608
0.0,33609
496.826048217261,33610
462.2896238132105,33611
0.0,33612
0.0,33613
0.0,33614
0.0,33615
0.0,33616
0.0,33617
0.0,33618
0.0,33619
0.0,33620
0.0,33621
0.0,33622
0.0,33623
0.0,33624
0.0,33625
0.0,33626
0.0,33627
0.0,33628
0.0,33629
0.0,33630
0.0,33631
0.0,33632
0.0,33633
0.0,33634
0.0,33635
0.0,33636
0.0,33637
0.0,33638
0.0,33639
0.0,33640
0.0,33641
6008.919972752658,33642
0.0,33643
0.0,33644
0.0,33645
0.0,33646
0.0,33647
488.69240486176335,33648
0.0,33649
0.0,33650
1492.4583003247176,33651
0.0,33652
113.44494336593839,33653
1987.6201967817135,33654
112.86814843555607,33655
0.0,33656
3006.369067354502,33657
0.0,33658
0.0,33659
0.0,33660
0.0,33661
0.0,33662
0.0,33663
0.0,33664
0.0,33665
0.0,33666
0.0,33667
515.0245951940304,33668
2269.8118884454993,33669
3003.4740813675694,33670
524.9021603400912,33671
0.0,33672
485.01693579629443,33673
0.0,33674
0.0,33675
0.0,33676
2931.673788496548,33677
0.0,33678
5153.298213093811,33679
0.0,33680
0.0,33681
985.055175013451,33682
1283.768346675267,33683
0.0,33684
0.0,33685
0.0,33686
0.0,33687
0.0,33688
97.13094079837744,33689
0.0,33690
0.0,33691
0.0,33692
0.0,33693
0.0,33694
982.5609039564647,33695
0.0,33696
0.0,33697
586.4886748364221,33698
0.0,33699
981.6130446318173,33700
0.0,33701
0.0,33702
0.0,33703
0.0,33704
0.0,33705
911.476249880737,33706
0.0,33707
1566.4929402788398,33708
778.9228778459518,33709
0.0,33710
0.0,33711
1207.698048018988,33712
0.0,33713
0.0,33714
0.0,33715
0.0,33716
1076.9016946632576,33717
0.0,33718
0.0,33719
0.0,33720
0.0,33721
0.0,33722
0.0,33723
0.0,33724
0.0,33725
0.0,33726
0.0,33727
0.0,33728
0.0,33729
3941.882070407829,33730
2784.9970261340227,33731
0.0,33732
0.0,33733
0.0,33734
0.0,33735
0.0,33736
1306.1175819427147,33737
0.0,33738
0.0,33739
742.1755521884046,33740
0.0,33741
0.0,33742
0.0,33743
0.0,33744
0.0,33745
0.0,33746
0.0,33747
366.19719972350845,33748
0.0,33749
297.63685697139306,33750
0.0,33751
0.0,33752
0.0,33753
0.0,33754
0.0,33755
0.0,33756
0.0,33757
0.0,33758
0.0,33759
0.0,33760
0.0,33761
0.0,33762
0.0,33763
0.0,33764
0.0,33765
0.0,33766
0.0,33767
0.0,33768
0.0,33769
0.0,33770
0.0,33771
0.0,33772
0.0,33773
0.0,33774
0.0,33775
0.0,33776
1293.5906030706674,33777
0.0,33778
0.0,33779
0.0,33780
0.0,33781
1137.775447438727,33782
0.0,33783
378.2246624089489,33784
518.0369025612193,33785
0.0,33786
0.0,33787
378.6669261083855,33788
0.0,33789
0.0,33790
0.0,33791
0.0,33792
0.0,33793
0.0,33794
0.0,33795
0.0,33796
0.0,33797
322.66939748633087,33798
0.0,33799
0.0,33800
0.0,33801
1206.7514492772596,33802
402.7154138602365,33803
0.0,33804
0.0,33805
0.0,33806
0.0,33807
1205.5042109628953,33808
0.0,33809
0.0,33810
1545.0746163608856,33811
1731.4338835600984,33812
0.0,33813
0.0,33814
0.0,33815
0.0,33816
0.0,33817
0.0,33818
0.0,33819
0.0,33820
0.0,33821
0.0,33822
0.0,33823
0.0,33824
0.0,33825
2118.4124908494628,33826
2116.7351620211157,33827
478.4154176345349,33828
0.0,33829
0.0,33830
2115.1393253299675,33831
0.0,33832
0.0,33833
2291.4935701773993,33834
0.0,33835
1732.143238535145,33836
0.0,33837
0.0,33838
0.0,33839
0.0,33840
0.0,33841
0.0,33842
0.0,33843
0.0,33844
0.0,33845
0.0,33846
0.0,33847
0.0,33848
0.0,33849
0.0,33850
0.0,33851
0.0,33852
0.0,33853
0.0,33854
0.0,33855
0.0,33856
0.0,33857
0.0,33858
0.0,33859
0.0,33860
0.0,33861
0.0,33862
0.0,33863
6775.804078222461,33864
0.0,33865
0.0,33866
0.0,33867
0.0,33868
0.0,33869
0.0,33870
0.0,33871
0.0,33872
0.0,33873
0.0,33874
0.0,33875
0.0,33876
0.0,33877
0.0,33878
0.0,33879
0.0,33880
1422.124153903808,33881
0.0,33882
0.0,33883
0.0,33884
0.0,33885
0.0,33886
0.0,33887
0.0,33888
0.0,33889
0.0,33890
0.0,33891
0.0,33892
0.0,33893
0.0,33894
0.0,33895
0.0,33896
0.0,33897
0.0,33898
0.0,33899
0.0,33900
0.0,33901
0.0,33902
373.6232430385536,33903
0.0,33904
0.0,33905
0.0,33906
0.0,33907
0.0,33908
0.0,33909
0.0,33910
0.0,33911
0.0,33912
0.0,33913
0.0,33914
0.0,33915
0.0,33916
0.0,33917
0.0,33918
0.0,33919
0.0,33920
0.0,33921
0.0,33922
0.0,33923
0.0,33924
0.0,33925
0.0,33926
0.0,33927
0.0,33928
0.0,33929
0.0,33930
0.0,33931
0.0,33932
290.1546398142784,33933
0.0,33934
0.0,33935
0.0,33936
68.61825884139456,33937
95.9217632306706,33938
0.0,33939
0.0,33940
0.0,33941
624.6044694245552,33942
0.0,33943
0.0,33944
0.0,33945
625.3315981613737,33946
4121.923252410164,33947
0.0,33948
625.8672328358839,33949
0.0,33950
0.0,33951
0.0,33952
0.0,33953
0.0,33954
0.0,33955
0.0,33956
0.0,33957
0.0,33958
0.0,33959
0.0,33960
1892.0101937176908,33961
40.87470945606069,33962
0.0,33963
0.0,33964
4955.105586851046,33965
0.0,33966
0.0,33967
0.0,33968
0.0,33969
0.0,33970
0.0,33971
0.0,33972
0.0,33973
9781.056765115933,33974
0.0,33975
0.0,33976
0.0,33977
0.0,33978
0.0,33979
0.0,33980
0.0,33981
0.0,33982
0.0,33983
0.0,33984
0.0,33985
0.0,33986
0.0,33987
0.0,33988
0.0,33989
0.0,33990
0.0,33991
0.0,33992
963.8351483707704,33993
1557.892563531947,33994
0.0,33995
0.0,33996
0.0,33997
0.0,33998
0.0,33999
0.0,34000
0.0,34001
0.0,34002
0.0,34003
0.0,34004
0.0,34005
0.0,34006
0.0,34007
0.0,34008
0.0,34009
0.0,34010
0.0,34011
0.0,34012
0.0,34013
0.0,34014
0.0,34015
0.0,34016
0.0,34017
0.0,34018
0.0,34019
0.0,34020
0.0,34021
0.0,34022
0.0,34023
0.0,34024
0.0,34025
0.0,34026
0.0,34027
0.0,34028
0.0,34029
1289.078290854137,34030
0.0,34031
0.0,34032
0.0,34033
0.0,34034
0.0,34035
0.0,34036
0.0,34037
0.0,34038
0.0,34039
0.0,34040
0.0,34041
0.0,34042
0.0,34043
0.0,34044
0.0,34045
0.0,34046
0.0,34047
0.0,34048
0.0,34049
0.0,34050
0.0,34051
0.0,34052
0.0,34053
0.0,34054
0.0,34055
0.0,34056
0.0,34057
0.0,34058
0.0,34059
0.0,34060
0.0,34061
0.0,34062
0.0,34063
1503.1386787499137,34064
0.0,34065
562.6572374406165,34066
564.1226046270586,34067
1060.115858019438,34068
565.779477278459,34069
0.0,34070
0.0,34071
0.0,34072
583.6150227196777,34073
104.5793797172849,34074
0.0,34075
0.0,34076
0.0,34077
0.0,34078
0.0,34079
0.0,34080
0.0,34081
0.0,34082
0.0,34083
0.0,34084
0.0,34085
0.0,34086
0.0,34087
0.0,34088
0.0,34089
0.0,34090
0.0,34091
0.0,34092
0.0,34093
0.0,34094
0.0,34095
1067.121849624058,34096
0.0,34097
0.0,34098
0.0,34099
0.0,34100
0.0,34101
0.0,34102
0.0,34103
0.0,34104
0.0,34105
0.0,34106
0.0,34107
0.0,34108
0.0,34109
0.0,34110
0.0,34111
0.0,34112
0.0,34113
0.0,34114
0.0,34115
0.0,34116
0.0,34117
2352.7649074173296,34118
0.0,34119
0.0,34120
0.0,34121
0.0,34122
0.0,34123
0.0,34124
0.0,34125
0.0,34126
0.0,34127
0.0,34128
0.0,34129
2159.746098982578,34130
999.744825357872,34131
4184.266140005946,34132
0.0,34133
0.0,34134
0.0,34135
0.0,34136
0.0,34137
0.0,34138
0.0,34139
0.0,34140
0.0,34141
0.0,34142
0.0,34143
1048.5936694358409,34144
0.0,34145
0.0,34146
0.0,34147
0.0,34148
0.0,34149
946.0497522111972,34150
0.0,34151
0.0,34152
0.0,34153
0.0,34154
0.0,34155
1109.8766911319988,34156
2473.463395673781,34157
0.0,34158
801.4932838791625,34159
0.0,34160
0.0,34161
0.0,34162
0.0,34163
0.0,34164
0.0,34165
0.0,34166
3943.2052090630586,34167
1156.4126590507497,34168
0.0,34169
3546.7451828579997,34170
2065.560777031258,34171
2419.1468377383494,34172
583.5396192899606,34173
1157.4167716694178,34174
1221.1685070800986,34175
0.0,34176
2074.7591410815467,34177
1897.154825957034,34178
0.0,34179
1024.6373912511112,34180
1108.8400423204298,34181
0.0,34182
2501.3576216822266,34183
2530.454335288118,34184
0.0,34185
0.0,34186
0.0,34187
0.0,34188
1979.060027366151,34189
526.9197116706013,34190
0.0,34191
2179.396112642353,34192
1213.669956138498,34193
1139.7304895185223,34194
0.0,34195
50.12028048826836,34196
149.88546878816067,34197
0.0,34198
116.0626401491305,34199
0.0,34200
0.0,34201
0.0,34202
617.9288411959257,34203
0.0,34204
0.0,34205
10962.359965471454,34206
0.0,34207
3810.4208556239023,34208
0.0,34209
0.0,34210
0.0,34211
0.0,34212
0.0,34213
0.0,34214
0.0,34215
793.1924302061658,34216
0.0,34217
0.0,34218
0.0,34219
0.0,34220
0.0,34221
0.0,34222
1720.5674363277396,34223
4663.241611018292,34224
0.0,34225
0.0,34226
2860.662197905898,34227
712.002601650503,34228
1179.9369058761808,34229
0.0,34230
0.0,34231
811.9253388306781,34232
208.41106646856346,34233
894.2789734580538,34234
0.0,34235
0.0,34236
0.0,34237
0.0,34238
0.0,34239
0.0,34240
0.0,34241
1526.140529094347,34242
0.0,34243
0.0,34244
0.0,34245
5696.210573354552,34246
0.0,34247
0.0,34248
0.0,34249
0.0,34250
5797.206565112673,34251
0.0,34252
0.0,34253
1723.0408069071127,34254
0.0,34255
3507.6022371340764,34256
0.0,34257
0.0,34258
0.0,34259
0.0,34260
0.0,34261
0.0,34262
0.0,34263
0.0,34264
0.0,34265
0.0,34266
0.0,34267
0.0,34268
0.0,34269
0.0,34270
0.0,34271
0.0,34272
0.0,34273
404.2992250291377,34274
0.0,34275
0.0,34276
0.0,34277
0.0,34278
0.0,34279
0.0,34280
4997.185704151962,34281
4997.73042482059,34282
0.0,34283
2002.2062475807445,34284
0.0,34285
867.9324116443074,34286
239.61017000436937,34287
0.0,34288
0.0,34289
0.0,34290
4998.755047952814,34291
1913.0990511991163,34292
237.7918428797962,34293
4999.85364176757,34294
0.0,34295
0.0,34296
0.0,34297
0.0,34298
0.0,34299
0.0,34300
0.0,34301
276.1056940517805,34302
0.0,34303
0.0,34304
0.0,34305
0.0,34306
0.0,34307
0.0,34308
0.0,34309
0.0,34310
1517.3568020472999,34311
1977.7487490283506,34312
0.0,34313
0.0,34314
303.6806501593135,34315
1722.7478506078753,34316
0.0,34317
0.0,34318
0.0,34319
0.0,34320
0.0,34321
0.0,34322
0.0,34323
0.0,34324
0.0,34325
0.0,34326
1857.3142878566316,34327
0.0,34328
0.0,34329
267.32404724802643,34330
0.0,34331
1380.4827673207596,34332
0.0,34333
0.0,34334
0.0,34335
0.0,34336
0.0,34337
0.0,34338
0.0,34339
0.0,34340
0.0,34341
0.0,34342
0.0,34343
0.0,34344
0.0,34345
381.7784154963689,34346
0.0,34347
0.0,34348
4762.091268560918,34349
0.0,34350
5495.856694208564,34351
0.0,34352
0.0,34353
0.0,34354
0.0,34355
0.0,34356
0.0,34357
0.0,34358
0.0,34359
2822.0561336713354,34360
0.0,34361
2822.735731719366,34362
0.0,34363
0.0,34364
0.0,34365
0.0,34366
0.0,34367
0.0,34368
0.0,34369
0.0,34370
0.0,34371
0.0,34372
0.0,34373
0.0,34374
0.0,34375
0.0,34376
140.78052788068723,34377
0.0,34378
0.0,34379
0.0,34380
0.0,34381
2365.888329326341,34382
0.0,34383
0.0,34384
424.644816338636,34385
0.0,34386
0.0,34387
0.0,34388
0.0,34389
1534.183993662772,34390
0.0,34391
0.0,34392
6292.469243722752,34393
0.0,34394
0.0,34395
0.0,34396
0.0,34397
0.0,34398
0.0,34399
0.0,34400
0.0,34401
0.0,34402
0.0,34403
0.0,34404
0.0,34405
0.0,34406
0.0,34407
0.0,34408
0.0,34409
0.0,34410
0.0,34411
0.0,34412
1573.5232112976337,34413
0.0,34414
0.0,34415
0.0,34416
0.0,34417
3310.71807025222,34418
0.0,34419
0.0,34420
0.0,34421
0.0,34422
0.0,34423
1816.0812944763436,34424
0.0,34425
0.0,34426
416.5819130175257,34427
0.0,34428
0.0,34429
0.0,34430
0.0,34431
0.0,34432
1491.158604175537,34433
2411.986459322589,34434
2909.9531974550882,34435
0.0,34436
0.0,34437
2766.6268733557395,34438
0.0,34439
1147.1387153875403,34440
0.0,34441
0.0,34442
0.0,34443
133.20861324922194,34444
134.43680845585868,34445
0.0,34446
0.0,34447
0.0,34448
0.0,34449
0.0,34450
0.0,34451
0.0,34452
0.0,34453
0.0,34454
6700.221680131632,34455
0.0,34456
0.0,34457
236.4138133722574,34458
462.3162653325822,34459
149.0078009114069,34460
2826.0708597169196,34461
0.0,34462
1898.2284781841188,34463
0.0,34464
561.871585797786,34465
0.0,34466
1557.206389364952,34467
1892.98290911764,34468
0.0,34469
0.0,34470
0.0,34471
1567.6586653504949,34472
0.0,34473
2846.1000761503183,34474
0.0,34475
584.139134506418,34476
0.0,34477
0.0,34478
2864.213616326352,34479
0.0,34480
0.0,34481
0.0,34482
3914.3737421892733,34483
0.0,34484
2335.129220672686,34485
1750.7636866609685,34486
0.0,34487
796.8574465473259,34488
0.0,34489
1176.335097794129,34490
0.0,34491
0.0,34492
9516.43176188934,34493
0.0,34494
0.0,34495
750.1961863129758,34496
0.0,34497
1006.1164331830693,34498
0.0,34499
0.0,34500
6741.072601067783,34501
1998.356379403265,34502
0.0,34503
4793.460817682595,34504
0.0,34505
0.0,34506
0.0,34507
0.0,34508
3407.001499905886,34509
0.0,34510
3356.4203779934237,34511
0.0,34512
0.0,34513
0.0,34514
1348.7615790460356,34515
862.4578241385422,34516
0.0,34517
0.0,34518
0.0,34519
0.0,34520
2700.744214530209,34521
0.0,34522
0.0,34523
0.0,34524
0.0,34525
0.0,34526
0.0,34527
0.0,34528
942.5723787050782,34529
0.0,34530
0.0,34531
0.0,34532
0.0,34533
0.0,34534
0.0,34535
0.0,34536
0.0,34537
25.610274963180714,34538
0.0,34539
0.0,34540
0.0,34541
0.0,34542
0.0,34543
0.0,34544
0.0,34545
0.0,34546
0.0,34547
0.0,34548
0.0,34549
0.0,34550
0.0,34551
0.0,34552
0.0,34553
0.0,34554
0.0,34555
307.83376314869724,34556
288.91821122192226,34557
0.0,34558
0.0,34559
0.0,34560
0.0,34561
0.0,34562
444.4308118061845,34563
0.0,34564
0.0,34565
0.0,34566
1101.08203113805,34567
0.0,34568
0.0,34569
0.0,34570
0.0,34571
811.6088691772065,34572
1726.6841033352246,34573
0.0,34574
2192.5596792261426,34575
0.0,34576
0.0,34577
2229.192617068393,34578
2240.1186923678442,34579
0.0,34580
1650.9603946998793,34581
146.70636492860223,34582
0.0,34583
0.0,34584
0.0,34585
2729.087746015595,34586
0.0,34587
0.0,34588
1512.2078774776494,34589
0.0,34590
0.0,34591
0.0,34592
0.0,34593
0.0,34594
0.0,34595
0.0,34596
0.0,34597
0.0,34598
0.0,34599
0.0,34600
0.0,34601
0.0,34602
378.8462785445859,34603
1676.7425364305013,34604
0.0,34605
0.0,34606
4248.043579595798,34607
0.0,34608
0.0,34609
0.0,34610
0.0,34611
0.0,34612
0.0,34613
0.0,34614
0.0,34615
1344.756695772336,34616
0.0,34617
0.0,34618
0.0,34619
0.0,34620
0.0,34621
0.0,34622
5332.6032184455535,34623
4606.468430763558,34624
0.0,34625
0.0,34626
622.4303399437956,34627
0.0,34628
0.0,34629
0.0,34630
2836.4572308696456,34631
0.0,34632
996.7615206581272,34633
0.0,34634
0.0,34635
0.0,34636
0.0,34637
574.7863528040215,34638
0.0,34639
0.0,34640
0.0,34641
2877.0250210853787,34642
0.0,34643
0.0,34644
0.0,34645
0.0,34646
0.0,34647
0.0,34648
0.0,34649
0.0,34650
0.0,34651
0.0,34652
0.0,34653
0.0,34654
0.0,34655
0.0,34656
0.0,34657
0.0,34658
0.0,34659
0.0,34660
0.0,34661
829.9444038236039,34662
0.0,34663
1188.6551559999243,34664
592.4910164936937,34665
0.0,34666
0.0,34667
0.0,34668
0.0,34669
1729.3517810977035,34670
251.21176675555932,34671
0.0,34672
0.0,34673
4871.285674184972,34674
1882.1716824892078,34675
644.1883542221971,34676
2838.6496404287786,34677
22.80600725673662,34678
0.0,34679
0.0,34680
2174.9048041722162,34681
638.3097594424316,34682
0.0,34683
0.0,34684
0.0,34685
4107.71563099674,34686
0.0,34687
308.8902975562839,34688
0.0,34689
317.2104375212986,34690
0.0,34691
0.0,34692
0.0,34693
0.0,34694
0.0,34695
6429.092808234131,34696
0.0,34697
5413.627052703227,34698
5412.1172907809605,34699
0.0,34700
0.0,34701
0.0,34702
0.0,34703
0.0,34704
0.0,34705
0.0,34706
0.0,34707
0.0,34708
0.0,34709
0.0,34710
0.0,34711
0.0,34712
0.0,34713
0.0,34714
0.0,34715
0.0,34716
0.0,34717
0.0,34718
0.0,34719
0.0,34720
0.0,34721
103.21976110503911,34722
0.0,34723
0.0,34724
0.0,34725
0.0,34726
0.0,34727
0.0,34728
0.0,34729
0.0,34730
0.0,34731
0.0,34732
0.0,34733
0.0,34734
0.0,34735
0.0,34736
0.0,34737
0.0,34738
0.0,34739
0.0,34740
0.0,34741
0.0,34742
0.0,34743
0.0,34744
0.0,34745
0.0,34746
0.0,34747
0.0,34748
3269.908690997756,34749
0.0,34750
0.0,34751
0.0,34752
0.0,34753
0.0,34754
0.0,34755
0.0,34756
0.0,34757
0.0,34758
0.0,34759
0.0,34760
0.0,34761
4493.439288596272,34762
0.0,34763
0.0,34764
0.0,34765
0.0,34766
0.0,34767
0.0,34768
0.0,34769
0.0,34770
0.0,34771
0.0,34772
0.0,34773
0.0,34774
0.0,34775
0.0,34776
0.0,34777
0.0,34778
108.75630236118592,34779
127.39928178711385,34780
0.0,34781
0.0,34782
0.0,34783
0.0,34784
133.5722926106509,34785
0.0,34786
224.88489098887567,34787
0.0,34788
2240.1037343318294,34789
0.0,34790
0.0,34791
0.0,34792
0.0,34793
0.0,34794
0.0,34795
0.0,34796
0.0,34797
0.0,34798
0.0,34799
0.0,34800
0.0,34801
0.0,34802
0.0,34803
0.0,34804
0.0,34805
0.0,34806
0.0,34807
0.0,34808
0.0,34809
0.0,34810
0.0,34811
0.0,34812
0.0,34813
0.0,34814
0.0,34815
0.0,34816
0.0,34817
0.0,34818
0.0,34819
0.0,34820
0.0,34821
0.0,34822
0.0,34823
0.0,34824
0.0,34825
0.0,34826
0.0,34827
0.0,34828
0.0,34829
0.0,34830
0.0,34831
0.0,34832
0.0,34833
0.0,34834
0.0,34835
0.0,34836
0.0,34837
0.0,34838
0.0,34839
0.0,34840
0.0,34841
0.0,34842
0.0,34843
0.0,34844
0.0,34845
0.0,34846
0.0,34847
0.0,34848
0.0,34849
0.0,34850
0.0,34851
0.0,34852
0.0,34853
0.0,34854
0.0,34855
0.0,34856
0.0,34857
0.0,34858
0.0,34859
0.0,34860
0.0,34861
0.0,34862
0.0,34863
0.0,34864
0.0,34865
0.0,34866
0.0,34867
0.0,34868
0.0,34869
0.0,34870
0.0,34871
0.0,34872
0.0,34873
0.0,34874
0.0,34875
0.0,34876
0.0,34877
0.0,34878
0.0,34879
0.0,34880
0.0,34881
0.0,34882
0.0,34883
0.0,34884
0.0,34885
0.0,34886
0.0,34887
0.0,34888
0.0,34889
0.0,34890
0.0,34891
0.0,34892
0.0,34893
0.0,34894
0.0,34895
0.0,34896
111.02237429228329,34897
0.0,34898
0.0,34899
0.0,34900
0.0,34901
0.0,34902
0.0,34903
0.0,34904
0.0,34905
0.0,34906
0.0,34907
0.0,34908
0.0,34909
797.2849643769184,34910
6091.393559831036,34911
0.0,34912
0.0,34913
0.0,34914
0.0,34915
0.0,34916
0.0,34917
0.0,34918
0.0,34919
0.0,34920
0.0,34921
0.0,34922
0.0,34923
0.0,34924
0.0,34925
0.0,34926
0.0,34927
0.0,34928
1185.003421068485,34929
0.0,34930
0.0,34931
0.0,34932
0.0,34933
0.0,34934
0.0,34935
0.0,34936
0.0,34937
0.0,34938
2605.3650077013663,34939
0.0,34940
0.0,34941
0.0,34942
0.0,34943
0.0,34944
0.0,34945
2285.5947202091165,34946
0.0,34947
0.0,34948
0.0,34949
0.0,34950
0.0,34951
0.0,34952
0.0,34953
0.0,34954
0.0,34955
0.0,34956
0.0,34957
0.0,34958
0.0,34959
0.0,34960
0.0,34961
0.0,34962
0.0,34963
0.0,34964
0.0,34965
0.0,34966
0.0,34967
0.0,34968
0.0,34969
0.0,34970
0.0,34971
483.07045727902107,34972
0.0,34973
0.0,34974
0.0,34975
0.0,34976
0.0,34977
0.0,34978
0.0,34979
0.0,34980
0.0,34981
0.0,34982
0.0,34983
0.0,34984
0.0,34985
0.0,34986
0.0,34987
0.0,34988
0.0,34989
0.0,34990
0.0,34991
0.0,34992
0.0,34993
0.0,34994
0.0,34995
0.0,34996
0.0,34997
0.0,34998
0.0,34999
0.0,35000
0.0,35001
0.0,35002
0.0,35003
0.0,35004
0.0,35005
0.0,35006
0.0,35007
0.0,35008
0.0,35009
0.0,35010
0.0,35011
0.0,35012
0.0,35013
0.0,35014
0.0,35015
0.0,35016
0.0,35017
0.0,35018
0.0,35019
0.0,35020
0.0,35021
0.0,35022
0.0,35023
0.0,35024
5049.882821856824,35025
0.0,35026
0.0,35027
2421.28374563003,35028
0.0,35029
0.0,35030
0.0,35031
0.0,35032
0.0,35033
0.0,35034
0.0,35035
0.0,35036
0.0,35037
0.0,35038
0.0,35039
0.0,35040
0.0,35041
0.0,35042
0.0,35043
0.0,35044
0.0,35045
0.0,35046
0.0,35047
0.0,35048
0.0,35049
0.0,35050
0.0,35051
0.0,35052
3471.215496538254,35053
0.0,35054
4776.067476162241,35055
0.0,35056
9.429997870654423,35057
9.443694351156122,35058
0.0,35059
0.0,35060
0.0,35061
0.0,35062
0.0,35063
0.0,35064
0.0,35065
0.0,35066
0.0,35067
0.0,35068
0.0,35069
0.0,35070
0.0,35071
0.0,35072
0.0,35073
0.0,35074
0.0,35075
0.0,35076
962.3006627476693,35077
0.0,35078
1645.260943478227,35079
1644.8117948439417,35080
1644.4501898620051,35081
0.0,35082
1921.3166754304123,35083
2998.6964070930994,35084
0.0,35085
0.0,35086
0.0,35087
4219.920366900928,35088
3276.55981190888,35089
690.0255052381233,35090
0.0,35091
0.0,35092
688.2145516777615,35093
0.0,35094
686.423978612356,35095
684.6527381683171,35096
0.0,35097
0.0,35098
0.0,35099
0.0,35100
0.0,35101
0.0,35102
0.0,35103
0.0,35104
0.0,35105
0.0,35106
0.0,35107
0.0,35108
0.0,35109
1056.1280979702788,35110
0.0,35111
0.0,35112
0.0,35113
0.0,35114
0.0,35115
768.8831460502165,35116
0.0,35117
0.0,35118
0.0,35119
0.0,35120
0.0,35121
0.0,35122
0.0,35123
0.0,35124
0.0,35125
0.0,35126
0.0,35127
0.0,35128
0.0,35129
0.0,35130
0.0,35131
0.0,35132
0.0,35133
0.0,35134
0.0,35135
0.0,35136
0.0,35137
0.0,35138
0.0,35139
0.0,35140
0.0,35141
0.0,35142
107.09012339511264,35143
0.0,35144
0.0,35145
0.0,35146
0.0,35147
0.0,35148
0.0,35149
0.0,35150
0.0,35151
0.0,35152
0.0,35153
0.0,35154
0.0,35155
0.0,35156
0.0,35157
0.0,35158
0.0,35159
523.1876218571431,35160
0.0,35161
2724.180469858259,35162
63.53030334064567,35163
0.0,35164
0.0,35165
0.0,35166
0.0,35167
0.0,35168
0.0,35169
0.0,35170
0.0,35171
2773.6348690946925,35172
0.0,35173
0.0,35174
0.0,35175
1459.9920313862951,35176
0.0,35177
0.0,35178
0.0,35179
2651.631815277576,35180
0.0,35181
8737.69507563789,35182
0.0,35183
0.0,35184
0.0,35185
0.0,35186
0.0,35187
0.0,35188
0.0,35189
0.0,35190
0.0,35191
0.0,35192
167.98807134672458,35193
0.0,35194
0.0,35195
0.0,35196
0.0,35197
0.0,35198
0.0,35199
0.0,35200
0.0,35201
0.0,35202
0.0,35203
1108.9683399752557,35204
0.0,35205
0.0,35206
0.0,35207
0.0,35208
3987.645669356902,35209
0.0,35210
0.0,35211
0.0,35212
0.0,35213
0.0,35214
0.0,35215
0.0,35216
0.0,35217
0.0,35218
0.0,35219
0.0,35220
0.0,35221
0.0,35222
0.0,35223
0.0,35224
0.0,35225
0.0,35226
0.0,35227
0.0,35228
0.0,35229
0.0,35230
0.0,35231
0.0,35232
0.0,35233
0.0,35234
39.494785518438256,35235
0.0,35236
40.61135442267617,35237
0.0,35238
0.0,35239
1746.7415935621968,35240
0.0,35241
879.7166948787129,35242
0.0,35243
0.0,35244
0.0,35245
0.0,35246
0.0,35247
0.0,35248
320.6688108729651,35249
131.51078792811796,35250
0.0,35251
0.0,35252
0.0,35253
0.0,35254
0.0,35255
0.0,35256
0.0,35257
0.0,35258
0.0,35259
0.0,35260
0.0,35261
0.0,35262
0.0,35263
0.0,35264
0.0,35265
0.0,35266
0.0,35267
0.0,35268
0.0,35269
0.0,35270
0.0,35271
0.0,35272
0.0,35273
0.0,35274
0.0,35275
0.0,35276
0.0,35277
0.0,35278
0.0,35279
0.0,35280
0.0,35281
238.23844446491606,35282
0.0,35283
0.0,35284
0.0,35285
0.0,35286
4300.378465063491,35287
1323.421525993374,35288
0.0,35289
0.0,35290
0.0,35291
0.0,35292
0.0,35293
1324.4578730810022,35294
0.0,35295
0.0,35296
211.59092266041105,35297
0.0,35298
0.0,35299
0.0,35300
0.0,35301
933.1689395592041,35302
3139.2725116938504,35303
0.0,35304
1498.0410441837719,35305
0.0,35306
0.0,35307
0.0,35308
0.0,35309
0.0,35310
0.0,35311
0.0,35312
0.0,35313
0.0,35314
0.0,35315
0.0,35316
0.0,35317
484.50369806364336,35318
0.0,35319
0.0,35320
0.0,35321
0.0,35322
0.0,35323
0.0,35324
0.0,35325
0.0,35326
0.0,35327
0.0,35328
0.0,35329
0.0,35330
0.0,35331
0.0,35332
0.0,35333
0.0,35334
0.0,35335
0.0,35336
0.0,35337
498.40651360884357,35338
0.0,35339
0.0,35340
0.0,35341
0.0,35342
0.0,35343
0.0,35344
0.0,35345
0.0,35346
0.0,35347
0.0,35348
0.0,35349
0.0,35350
0.0,35351
0.0,35352
0.0,35353
0.0,35354
0.0,35355
0.0,35356
0.0,35357
0.0,35358
0.0,35359
0.0,35360
0.0,35361
0.0,35362
0.0,35363
707.1997283330842,35364
0.0,35365
0.0,35366
0.0,35367
242.25850841809873,35368
0.0,35369
1491.1791996607096,35370
0.0,35371
1488.9330637746361,35372
0.0,35373
0.0,35374
1456.766480888068,35375
0.0,35376
0.0,35377
920.3267269013234,35378
0.0,35379
1109.2881568741393,35380
0.0,35381
0.0,35382
0.0,35383
0.0,35384
0.0,35385
0.0,35386
900.8912288496259,35387
0.0,35388
0.0,35389
0.0,35390
0.0,35391
0.0,35392
0.0,35393
0.0,35394
0.0,35395
0.0,35396
0.0,35397
0.0,35398
0.0,35399
0.0,35400
0.0,35401
0.0,35402
0.0,35403
0.0,35404
0.0,35405
0.0,35406
0.0,35407
0.0,35408
0.0,35409
0.0,35410
0.0,35411
0.0,35412
0.0,35413
4005.120005827297,35414
0.0,35415
0.0,35416
0.0,35417
0.0,35418
0.0,35419
0.0,35420
0.0,35421
0.0,35422
1522.3586256073345,35423
0.0,35424
0.0,35425
0.0,35426
0.0,35427
0.0,35428
0.0,35429
0.0,35430
0.0,35431
0.0,35432
0.0,35433
0.0,35434
8441.45129969843,35435
0.0,35436
0.0,35437
0.0,35438
0.0,35439
0.0,35440
0.0,35441
0.0,35442
0.0,35443
0.0,35444
0.0,35445
0.0,35446
0.0,35447
0.0,35448
0.0,35449
0.0,35450
0.0,35451
0.0,35452
0.0,35453
0.0,35454
0.0,35455
0.0,35456
0.0,35457
0.0,35458
0.0,35459
0.0,35460
0.0,35461
0.0,35462
0.0,35463
0.0,35464
0.0,35465
0.0,35466
0.0,35467
0.0,35468
0.0,35469
0.0,35470
0.0,35471
0.0,35472
0.0,35473
0.0,35474
0.0,35475
0.0,35476
0.0,35477
0.0,35478
0.0,35479
0.0,35480
0.0,35481
0.0,35482
0.0,35483
0.0,35484
0.0,35485
0.0,35486
0.0,35487
0.0,35488
0.0,35489
0.0,35490
0.0,35491
0.0,35492
0.0,35493
0.0,35494
0.0,35495
0.0,35496
0.0,35497
0.0,35498
0.0,35499
0.0,35500
0.0,35501
0.0,35502
0.0,35503
0.0,35504
0.0,35505
0.0,35506
0.0,35507
0.0,35508
0.0,35509
0.0,35510
0.0,35511
0.0,35512
0.0,35513
0.0,35514
0.0,35515
0.0,35516
0.0,35517
0.0,35518
0.0,35519
0.0,35520
0.0,35521
0.0,35522
0.0,35523
0.0,35524
0.0,35525
0.0,35526
0.0,35527
0.0,35528
0.0,35529
0.0,35530
0.0,35531
0.0,35532
0.0,35533
0.0,35534
0.0,35535
0.0,35536
0.0,35537
0.0,35538
0.0,35539
0.0,35540
0.0,35541
0.0,35542
0.0,35543
202.6542571635588,35544
0.0,35545
0.0,35546
0.0,35547
0.0,35548
0.0,35549
0.0,35550
1345.4067477506937,35551
0.0,35552
0.0,35553
154.77410908461252,35554
0.0,35555
0.0,35556
0.0,35557
0.0,35558
0.0,35559
0.0,35560
0.0,35561
0.0,35562
0.0,35563
0.0,35564
0.0,35565
0.0,35566
0.0,35567
0.0,35568
0.0,35569
0.0,35570
0.0,35571
0.0,35572
0.0,35573
0.0,35574
0.0,35575
0.0,35576
0.0,35577
0.0,35578
0.0,35579
0.0,35580
0.0,35581
0.0,35582
0.0,35583
0.0,35584
0.0,35585
0.0,35586
0.0,35587
0.0,35588
0.0,35589
0.0,35590
0.0,35591
0.0,35592
0.0,35593
0.0,35594
0.0,35595
0.0,35596
0.0,35597
0.0,35598
0.0,35599
1122.9114561898498,35600
0.0,35601
0.0,35602
6699.620179882528,35603
0.0,35604
0.0,35605
0.0,35606
2156.4598349644575,35607
0.0,35608
0.0,35609
577.0812878097083,35610
0.0,35611
0.0,35612
0.0,35613
0.0,35614
0.0,35615
0.0,35616
0.0,35617
0.0,35618
0.0,35619
0.0,35620
0.0,35621
0.0,35622
0.0,35623
0.0,35624
0.0,35625
0.0,35626
0.0,35627
0.0,35628
0.0,35629
0.0,35630
0.0,35631
0.0,35632
0.0,35633
0.0,35634
0.0,35635
0.0,35636
0.0,35637
0.0,35638
0.0,35639
0.0,35640
0.0,35641
0.0,35642
916.5959651914699,35643
0.0,35644
0.0,35645
0.0,35646
0.0,35647
650.5556823132172,35648
0.0,35649
0.0,35650
0.0,35651
0.0,35652
0.0,35653
0.0,35654
0.0,35655
0.0,35656
0.0,35657
0.0,35658
0.0,35659
0.0,35660
0.0,35661
0.0,35662
0.0,35663
0.0,35664
0.0,35665
0.0,35666
0.0,35667
0.0,35668
0.0,35669
0.0,35670
0.0,35671
0.0,35672
0.0,35673
0.0,35674
0.0,35675
0.0,35676
0.0,35677
0.0,35678
0.0,35679
0.0,35680
0.0,35681
825.8338127162956,35682
0.0,35683
0.0,35684
1718.7269714153192,35685
0.0,35686
0.0,35687
0.0,35688
261.63125275242317,35689
0.0,35690
0.0,35691
0.0,35692
0.0,35693
0.0,35694
0.0,35695
0.0,35696
0.0,35697
0.0,35698
0.0,35699
0.0,35700
0.0,35701
0.0,35702
0.0,35703
0.0,35704
0.0,35705
0.0,35706
0.0,35707
0.0,35708
0.0,35709
0.0,35710
0.0,35711
0.0,35712
0.0,35713
0.0,35714
0.0,35715
0.0,35716
0.0,35717
0.0,35718
0.0,35719
0.0,35720
0.0,35721
0.0,35722
0.0,35723
0.0,35724
0.0,35725
0.0,35726
0.0,35727
0.0,35728
0.0,35729
0.0,35730
0.0,35731
0.0,35732
0.0,35733
0.0,35734
0.0,35735
0.0,35736
0.0,35737
0.0,35738
67.62142868387889,35739
0.0,35740
0.0,35741
0.0,35742
3.281010809942101,35743
0.0,35744
3.5682786061543066,35745
0.0,35746
6135.241576838785,35747
3.8768917880076983,35748
4.0095347554158,35749
0.0,35750
0.0,35751
0.0,35752
0.0,35753
0.0,35754
0.0,35755
36.264184655257914,35756
0.0,35757
0.0,35758
0.0,35759
0.0,35760
0.0,35761
0.0,35762
0.0,35763
0.0,35764
0.0,35765
0.0,35766
0.0,35767
0.0,35768
0.0,35769
0.0,35770
0.0,35771
3080.981751561865,35772
0.0,35773
0.0,35774
0.0,35775
0.0,35776
0.0,35777
0.0,35778
0.0,35779
0.0,35780
0.0,35781
0.0,35782
0.0,35783
0.0,35784
2868.7504078355482,35785
0.0,35786
0.0,35787
0.0,35788
0.0,35789
0.0,35790
0.0,35791
593.6727428928591,35792
0.0,35793
0.0,35794
0.0,35795
0.0,35796
0.0,35797
0.0,35798
0.0,35799
0.0,35800
0.0,35801
0.0,35802
0.0,35803
0.0,35804
0.0,35805
0.0,35806
0.0,35807
0.0,35808
0.0,35809
176.85618443818356,35810
0.0,35811
0.0,35812
0.0,35813
0.0,35814
0.0,35815
0.0,35816
0.0,35817
0.0,35818
0.0,35819
0.0,35820
0.0,35821
0.0,35822
0.0,35823
0.0,35824
0.0,35825
0.0,35826
842.8158098813736,35827
0.0,35828
0.0,35829
419.20464023737026,35830
0.0,35831
0.0,35832
0.0,35833
0.0,35834
0.0,35835
0.0,35836
0.0,35837
0.0,35838
0.0,35839
0.0,35840
0.0,35841
0.0,35842
1597.0716404040904,35843
0.0,35844
0.0,35845
0.0,35846
1836.8507623683283,35847
0.0,35848
1078.0450489414702,35849
0.0,35850
0.0,35851
0.0,35852
0.0,35853
806.5448409014413,35854
503.7134068874414,35855
0.0,35856
502.9447739501252,35857
0.0,35858
0.0,35859
0.0,35860
0.0,35861
0.0,35862
0.0,35863
0.0,35864
0.0,35865
0.0,35866
0.0,35867
0.0,35868
0.0,35869
0.0,35870
0.0,35871
0.0,35872
0.0,35873
0.0,35874
0.0,35875
574.8081839002407,35876
0.0,35877
0.0,35878
0.0,35879
0.0,35880
0.0,35881
0.0,35882
0.0,35883
0.0,35884
0.0,35885
2387.379217055552,35886
0.0,35887
1180.9001956328177,35888
8189.94629457687,35889
0.0,35890
0.0,35891
0.0,35892
0.0,35893
0.0,35894
0.0,35895
0.0,35896
0.0,35897
0.0,35898
0.0,35899
0.0,35900
1146.908822079796,35901
0.0,35902
0.0,35903
0.0,35904
2.121861398843121,35905
0.0,35906
0.0,35907
779.7196585894674,35908
0.0,35909
0.0,35910
25.851693284607748,35911
0.0,35912
0.0,35913
1943.1910376430749,35914
0.0,35915
0.0,35916
0.0,35917
0.0,35918
0.0,35919
0.0,35920
4820.571111578786,35921
0.0,35922
0.0,35923
0.0,35924
0.0,35925
0.0,35926
2165.5393081881766,35927
465.3893471514378,35928
0.0,35929
0.0,35930
0.0,35931
866.9887126815938,35932
0.0,35933
0.0,35934
0.0,35935
666.5477559788586,35936
0.0,35937
569.3664578440796,35938
0.0,35939
1076.8962439270545,35940
2252.2778031808516,35941
0.0,35942
0.0,35943
0.0,35944
0.0,35945
0.0,35946
0.0,35947
0.0,35948
0.0,35949
0.0,35950
0.0,35951
0.0,35952
0.0,35953
0.0,35954
5379.482281236101,35955
0.0,35956
3428.006018712488,35957
519.2548719389466,35958
0.0,35959
0.0,35960
0.0,35961
0.0,35962
5378.8785596149355,35963
0.0,35964
0.0,35965
0.0,35966
0.0,35967
0.0,35968
0.0,35969
0.0,35970
0.0,35971
0.0,35972
0.0,35973
746.5904676567761,35974
0.0,35975
0.0,35976
0.0,35977
2083.7887303289035,35978
0.0,35979
0.0,35980
2083.1660967350426,35981
0.0,35982
64.36651090446301,35983
0.0,35984
1293.9135702531216,35985
0.0,35986
0.0,35987
0.0,35988
2082.945888218653,35989
0.0,35990
0.0,35991
0.0,35992
0.0,35993
2196.529225076992,35994
0.0,35995
0.0,35996
0.0,35997
440.2736323457448,35998
0.0,35999
0.0,36000
2386.1168429856552,36001
307.92874150695235,36002
1978.9116869626794,36003
0.0,36004
0.0,36005
0.0,36006
0.0,36007
0.0,36008
0.0,36009
658.6068850666647,36010
0.0,36011
0.0,36012
0.0,36013
0.0,36014
0.0,36015
0.0,36016
0.0,36017
0.0,36018
757.9861363189746,36019
0.0,36020
0.0,36021
0.0,36022
0.0,36023
0.0,36024
0.0,36025
0.0,36026
0.0,36027
416.9686921209546,36028
0.0,36029
542.5815059489247,36030
0.0,36031
0.0,36032
0.0,36033
211.7562348264923,36034
0.0,36035
0.0,36036
0.0,36037
0.0,36038
0.0,36039
0.0,36040
0.0,36041
0.0,36042
406.02903397442645,36043
0.0,36044
0.0,36045
0.0,36046
0.0,36047
0.0,36048
0.0,36049
0.0,36050
76.52089841270042,36051
0.0,36052
0.0,36053
0.0,36054
0.0,36055
0.0,36056
0.0,36057
0.0,36058
0.0,36059
0.0,36060
0.0,36061
0.0,36062
0.0,36063
312.4156941270785,36064
1228.1444787590497,36065
134.7396941956431,36066
312.5974112900728,36067
134.4786817928938,36068
640.6896187930224,36069
0.0,36070
0.0,36071
0.0,36072
2301.879403013104,36073
0.0,36074
0.0,36075
0.0,36076
0.0,36077
0.0,36078
0.0,36079
0.0,36080
0.0,36081
0.0,36082
0.0,36083
2022.977000070827,36084
1209.2382455439424,36085
0.0,36086
1208.8206537158226,36087
0.0,36088
0.0,36089
871.2574409802241,36090
0.0,36091
0.0,36092
0.0,36093
0.0,36094
0.0,36095
724.7787102439614,36096
0.0,36097
0.0,36098
278.3945502326552,36099
277.7058407381769,36100
3365.9448222998376,36101
3365.943061537503,36102
0.0,36103
0.0,36104
0.0,36105
0.0,36106
1096.303810953658,36107
0.0,36108
0.0,36109
1304.3733355104157,36110
0.0,36111
0.0,36112
0.0,36113
0.0,36114
0.0,36115
0.0,36116
0.0,36117
0.0,36118
0.0,36119
0.0,36120
0.0,36121
0.0,36122
0.0,36123
2996.6155302787947,36124
0.0,36125
0.0,36126
0.0,36127
0.0,36128
0.0,36129
528.9496757152177,36130
0.0,36131
0.0,36132
694.4653553680242,36133
0.0,36134
0.0,36135
0.0,36136
0.0,36137
0.0,36138
2372.9646283601237,36139
0.0,36140
0.0,36141
0.0,36142
2373.4962179860495,36143
0.0,36144
0.0,36145
0.0,36146
0.0,36147
0.0,36148
0.0,36149
0.0,36150
0.0,36151
106.96540815261456,36152
0.0,36153
0.0,36154
0.0,36155
0.0,36156
0.0,36157
0.0,36158
0.0,36159
0.0,36160
0.0,36161
0.0,36162
0.0,36163
0.0,36164
0.0,36165
0.0,36166
0.0,36167
0.0,36168
0.0,36169
0.0,36170
0.0,36171
0.0,36172
0.0,36173
0.0,36174
0.0,36175
0.0,36176
0.0,36177
0.0,36178
0.0,36179
213.87353994207183,36180
0.0,36181
0.0,36182
0.0,36183
0.0,36184
0.0,36185
0.0,36186
0.0,36187
0.0,36188
1498.165245998592,36189
0.0,36190
1660.9247191042082,36191
0.0,36192
0.0,36193
0.0,36194
526.011297776631,36195
0.0,36196
0.0,36197
0.0,36198
0.0,36199
0.0,36200
0.0,36201
0.0,36202
0.0,36203
506.1649603342991,36204
448.7882257705326,36205
2046.6390287004303,36206
0.0,36207
0.0,36208
0.0,36209
0.0,36210
0.0,36211
0.0,36212
0.0,36213
0.0,36214
0.0,36215
0.0,36216
0.0,36217
0.0,36218
0.0,36219
691.6822227570949,36220
2558.410395759491,36221
0.0,36222
0.0,36223
223.90092601361596,36224
0.0,36225
0.0,36226
0.0,36227
0.0,36228
984.7912557560683,36229
0.0,36230
0.0,36231
3940.9647979201814,36232
0.0,36233
0.0,36234
0.0,36235
0.0,36236
0.0,36237
0.0,36238
0.0,36239
0.0,36240
0.0,36241
0.0,36242
3772.173548320516,36243
0.0,36244
0.0,36245
0.0,36246
0.0,36247
1601.6121492009388,36248
0.0,36249
2102.91055660915,36250
0.0,36251
0.0,36252
0.0,36253
0.0,36254
0.0,36255
894.617201113869,36256
0.0,36257
0.0,36258
0.0,36259
2101.525616206826,36260
0.0,36261
0.0,36262
0.0,36263
0.0,36264
296.32792707419236,36265
0.0,36266
0.0,36267
0.0,36268
0.0,36269
0.0,36270
349.7606869786049,36271
0.0,36272
0.0,36273
0.0,36274
5028.0125186723435,36275
0.0,36276
0.0,36277
0.0,36278
0.0,36279
4224.265247354865,36280
0.0,36281
0.0,36282
0.0,36283
0.0,36284
0.0,36285
0.0,36286
0.0,36287
0.0,36288
0.0,36289
0.0,36290
2966.046749377112,36291
0.0,36292
0.0,36293
0.0,36294
3086.1430640792855,36295
3088.7107335013425,36296
1918.4049541011495,36297
0.0,36298
0.0,36299
9871.0172610169,36300
3204.5341809241295,36301
0.0,36302
633.1306059606629,36303
2291.744033918794,36304
633.2928013178998,36305
0.0,36306
8582.84015034625,36307
1556.8001532999294,36308
4646.039066640465,36309
0.0,36310
0.0,36311
1346.0652185658487,36312
935.5635830785683,36313
0.0,36314
0.0,36315
1189.8710221650401,36316
1189.4393902241356,36317
0.0,36318
2676.020223669939,36319
2675.206598457334,36320
0.0,36321
0.0,36322
1248.035463153277,36323
1247.3965329593768,36324
0.0,36325
0.0,36326
2338.209617178226,36327
2331.934747034498,36328
2613.8818251080897,36329
0.0,36330
0.0,36331
0.0,36332
0.0,36333
0.0,36334
0.0,36335
0.0,36336
0.0,36337
0.0,36338
3677.597535936922,36339
0.0,36340
0.0,36341
1153.8302242133614,36342
0.0,36343
0.0,36344
0.0,36345
0.0,36346
0.0,36347
0.0,36348
0.0,36349
0.0,36350
0.0,36351
0.0,36352
0.0,36353
0.0,36354
0.0,36355
0.0,36356
0.0,36357
0.0,36358
0.0,36359
0.0,36360
2057.514172290967,36361
1680.575789850667,36362
0.0,36363
2057.73919773205,36364
0.0,36365
869.4223446073644,36366
0.0,36367
1736.684493956718,36368
0.0,36369
0.0,36370
0.0,36371
0.0,36372
0.0,36373
0.0,36374
0.0,36375
0.0,36376
2758.9383951686696,36377
0.0,36378
0.0,36379
632.5326464662033,36380
0.0,36381
0.0,36382
0.0,36383
0.0,36384
0.0,36385
0.0,36386
0.0,36387
0.0,36388
2654.214903464036,36389
2656.978786794805,36390
0.0,36391
3491.3084280929984,36392
0.0,36393
0.0,36394
0.0,36395
0.0,36396
0.0,36397
0.0,36398
0.0,36399
0.0,36400
0.0,36401
0.0,36402
0.0,36403
0.0,36404
0.0,36405
0.0,36406
0.0,36407
0.0,36408
0.0,36409
0.0,36410
0.0,36411
75.13592164853752,36412
0.0,36413
0.0,36414
0.0,36415
0.0,36416
0.0,36417
0.0,36418
0.0,36419
84.429305979676,36420
0.0,36421
0.0,36422
0.0,36423
1451.5316403250104,36424
0.0,36425
1180.9580828722342,36426
440.6072644300402,36427
243.91381460282958,36428
0.0,36429
0.0,36430
0.0,36431
0.0,36432
0.0,36433
0.0,36434
0.0,36435
0.0,36436
474.57417296291766,36437
0.0,36438
2069.0320421614874,36439
0.0,36440
0.0,36441
0.0,36442
0.0,36443
0.0,36444
1824.8791741868602,36445
587.9932832680762,36446
402.19437084575674,36447
402.9803360664658,36448
1827.6243712893497,36449
0.0,36450
1393.6833661028008,36451
0.0,36452
0.0,36453
0.0,36454
35.61346716165055,36455
0.0,36456
0.0,36457
0.0,36458
0.0,36459
0.0,36460
0.0,36461
0.0,36462
0.0,36463
0.0,36464
0.0,36465
0.0,36466
0.0,36467
0.0,36468
0.0,36469
0.0,36470
0.0,36471
0.0,36472
0.0,36473
0.0,36474
0.0,36475
0.0,36476
0.0,36477
0.0,36478
0.0,36479
0.0,36480
0.0,36481
1294.9634938337879,36482
0.0,36483
0.0,36484
0.0,36485
0.0,36486
0.0,36487
0.0,36488
0.0,36489
0.0,36490
98.15371108150285,36491
0.0,36492
0.0,36493
0.0,36494
195.20157350454812,36495
0.0,36496
0.0,36497
0.0,36498
0.0,36499
124.62521455558159,36500
0.0,36501
0.0,36502
0.0,36503
0.0,36504
0.0,36505
0.0,36506
0.0,36507
0.0,36508
0.0,36509
0.0,36510
0.0,36511
0.0,36512
0.0,36513
0.0,36514
0.0,36515
0.0,36516
0.0,36517
0.0,36518
0.0,36519
0.0,36520
0.0,36521
0.0,36522
0.0,36523
0.0,36524
0.0,36525
0.0,36526
0.0,36527
0.0,36528
0.0,36529
0.0,36530
0.0,36531
0.0,36532
0.0,36533
0.0,36534
997.6632789998768,36535
0.0,36536
0.0,36537
0.0,36538
0.0,36539
0.0,36540
0.0,36541
0.0,36542
0.0,36543
0.0,36544
0.0,36545
0.0,36546
0.0,36547
0.0,36548
653.5841117607033,36549
653.9214333163154,36550
554.694264176572,36551
0.0,36552
0.0,36553
0.0,36554
0.0,36555
1993.294611725055,36556
1993.384239584933,36557
0.0,36558
0.0,36559
0.0,36560
0.0,36561
0.0,36562
0.0,36563
0.0,36564
0.0,36565
0.0,36566
0.0,36567
0.0,36568
71.02444954344224,36569
0.0,36570
0.0,36571
0.0,36572
0.0,36573
0.0,36574
0.0,36575
0.0,36576
0.0,36577
0.0,36578
0.0,36579
870.9856154839819,36580
0.0,36581
0.0,36582
0.0,36583
0.0,36584
0.0,36585
0.0,36586
0.0,36587
0.0,36588
0.0,36589
0.0,36590
0.0,36591
0.0,36592
0.0,36593
0.0,36594
3100.073509659721,36595
292.155494481907,36596
602.0379721868433,36597
0.0,36598
0.0,36599
0.0,36600
0.0,36601
0.0,36602
0.0,36603
0.0,36604
0.0,36605
4994.319404462594,36606
0.0,36607
0.0,36608
0.0,36609
0.0,36610
0.0,36611
0.0,36612
0.0,36613
0.0,36614
0.0,36615
0.0,36616
0.0,36617
0.0,36618
0.0,36619
0.0,36620
0.0,36621
0.0,36622
0.0,36623
0.0,36624
0.0,36625
0.0,36626
0.0,36627
0.0,36628
0.0,36629
0.0,36630
0.0,36631
0.0,36632
0.0,36633
0.0,36634
0.0,36635
0.0,36636
0.0,36637
0.0,36638
0.0,36639
0.0,36640
0.0,36641
0.0,36642
0.0,36643
0.0,36644
0.0,36645
0.0,36646
0.0,36647
0.0,36648
0.0,36649
0.0,36650
0.0,36651
0.0,36652
0.0,36653
0.0,36654
0.0,36655
0.0,36656
0.0,36657
0.0,36658
0.0,36659
0.0,36660
0.0,36661
0.0,36662
0.0,36663
0.0,36664
0.0,36665
0.0,36666
0.0,36667
1036.9590188462241,36668
0.0,36669
0.0,36670
0.0,36671
0.0,36672
0.0,36673
0.0,36674
0.0,36675
0.0,36676
0.0,36677
0.0,36678
0.0,36679
0.0,36680
0.0,36681
0.0,36682
0.0,36683
0.0,36684
0.0,36685
0.0,36686
0.0,36687
0.0,36688
0.0,36689
0.0,36690
0.0,36691
0.0,36692
621.0867767919159,36693
0.0,36694
0.0,36695
0.0,36696
0.0,36697
0.0,36698
0.0,36699
0.0,36700
0.0,36701
0.0,36702
0.0,36703
894.3491731546919,36704
0.0,36705
0.0,36706
101.50084748968592,36707
0.0,36708
0.0,36709
0.0,36710
0.0,36711
0.0,36712
0.0,36713
0.0,36714
0.0,36715
0.0,36716
0.0,36717
597.8903509076232,36718
0.0,36719
0.0,36720
0.0,36721
0.0,36722
0.0,36723
0.0,36724
0.0,36725
0.0,36726
0.0,36727
0.0,36728
2857.273836631746,36729
0.0,36730
1705.339340959158,36731
0.0,36732
0.0,36733
0.0,36734
0.0,36735
0.0,36736
0.0,36737
0.0,36738
0.0,36739
0.0,36740
0.0,36741
0.0,36742
0.0,36743
0.0,36744
0.0,36745
0.0,36746
0.0,36747
0.0,36748
0.0,36749
0.0,36750
0.0,36751
0.0,36752
0.0,36753
0.0,36754
1245.9701108549498,36755
0.0,36756
0.0,36757
0.0,36758
0.0,36759
0.0,36760
0.0,36761
0.0,36762
0.0,36763
0.0,36764
0.0,36765
2414.715575408806,36766
0.0,36767
0.0,36768
0.0,36769
0.0,36770
0.0,36771
0.0,36772
0.0,36773
0.0,36774
0.0,36775
0.0,36776
0.0,36777
0.0,36778
0.0,36779
0.0,36780
0.0,36781
0.0,36782
0.0,36783
0.0,36784
0.0,36785
2267.154139382942,36786
837.9306961089948,36787
3214.3129643275365,36788
0.0,36789
0.0,36790
0.0,36791
0.0,36792
0.0,36793
0.0,36794
0.0,36795
0.0,36796
0.0,36797
0.0,36798
0.0,36799
7237.263555857327,36800
0.0,36801
0.0,36802
0.0,36803
1068.0142541764326,36804
0.0,36805
0.0,36806
0.0,36807
0.0,36808
0.0,36809
0.0,36810
0.0,36811
0.0,36812
0.0,36813
0.0,36814
0.0,36815
0.0,36816
0.0,36817
0.0,36818
0.0,36819
0.0,36820
0.0,36821
0.0,36822
0.0,36823
0.0,36824
0.0,36825
0.0,36826
0.0,36827
0.0,36828
0.0,36829
0.0,36830
0.0,36831
0.0,36832
0.0,36833
0.0,36834
0.0,36835
0.0,36836
0.0,36837
0.0,36838
0.0,36839
0.0,36840
0.0,36841
0.0,36842
0.0,36843
0.0,36844
0.0,36845
0.0,36846
0.0,36847
0.0,36848
0.0,36849
0.0,36850
0.0,36851
0.0,36852
160.39993931202446,36853
0.0,36854
0.0,36855
0.0,36856
2497.0051378327175,36857
0.0,36858
0.0,36859
0.0,36860
0.0,36861
0.0,36862
0.0,36863
0.0,36864
2041.8901372573507,36865
0.0,36866
0.0,36867
0.0,36868
0.0,36869
0.0,36870
0.0,36871
0.0,36872
2674.480370063569,36873
0.0,36874
366.3949237295666,36875
0.0,36876
0.0,36877
0.0,36878
1118.7437545023856,36879
0.0,36880
0.0,36881
0.0,36882
1900.5510638808453,36883
2111.54369060695,36884
0.0,36885
0.0,36886
0.0,36887
0.0,36888
0.0,36889
0.0,36890
0.0,36891
0.0,36892
0.0,36893
0.0,36894
0.0,36895
0.0,36896
0.0,36897
0.0,36898
0.0,36899
0.0,36900
