cs,index
0.0,0
0.0,1
0.0,2
0.0,3
0.0,4
0.0,5
0.0,6
0.0,7
0.0,8
0.0,9
0.0,10
0.0,11
144.45517483219595,12
0.0,13
0.0,14
0.0,15
0.0,16
0.0,17
0.0,18
0.0,19
0.0,20
0.0,21
0.0,22
0.0,23
0.0,24
0.0,25
0.0,26
0.0,27
0.0,28
716.1524355448058,29
0.0,30
0.0,31
0.0,32
0.0,33
0.0,34
0.0,35
0.0,36
0.0,37
0.0,38
0.0,39
0.0,40
497.8704165328092,41
709.1913760314296,42
401.79589590589217,43
0.0,44
0.0,45
0.0,46
0.0,47
0.0,48
0.0,49
0.0,50
0.0,51
0.0,52
0.0,53
0.0,54
0.0,55
0.0,56
0.0,57
0.0,58
0.0,59
0.0,60
3207.102191700041,61
0.0,62
0.0,63
0.0,64
0.0,65
0.0,66
0.0,67
0.0,68
0.0,69
0.0,70
0.0,71
57.36995063486681,72
0.0,73
0.0,74
1404.3347763524275,75
0.0,76
0.0,77
0.0,78
0.0,79
0.0,80
1005.7067781518107,81
0.0,82
0.0,83
0.0,84
0.0,85
0.0,86
0.0,87
0.0,88
655.9578640026637,89
431.36770625650206,90
0.0,91
0.0,92
0.0,93
60.469398132353014,94
0.0,95
0.0,96
1560.1848178136215,97
0.0,98
0.0,99
0.0,100
0.0,101
0.0,102
0.0,103
0.0,104
0.0,105
0.0,106
0.0,107
0.0,108
0.0,109
0.0,110
0.0,111
0.0,112
0.0,113
0.0,114
0.0,115
0.0,116
0.0,117
0.0,118
0.0,119
0.0,120
0.0,121
0.0,122
0.0,123
0.0,124
0.0,125
204.29721506584852,126
448.1625126931754,127
710.9940603672549,128
406.6746369325689,129
174.75045797717738,130
0.0,131
1653.0539957137742,132
830.2989733377618,133
0.0,134
810.5187926206236,135
0.0,136
0.0,137
0.0,138
0.0,139
0.0,140
0.0,141
0.0,142
0.0,143
0.0,144
0.0,145
0.0,146
0.0,147
1606.69852261009,148
760.9491061599288,149
765.1702651408949,150
769.9192559876342,151
1710.4137195318308,152
0.0,153
0.0,154
957.9982544349183,155
0.0,156
0.0,157
0.0,158
0.0,159
0.0,160
868.4842400928246,161
0.0,162
0.0,163
0.0,164
0.0,165
0.0,166
0.0,167
0.0,168
0.0,169
0.0,170
0.0,171
0.0,172
0.0,173
0.0,174
0.0,175
0.0,176
0.0,177
0.0,178
0.0,179
0.0,180
0.0,181
0.0,182
0.0,183
0.0,184
0.0,185
8966.210731357023,186
0.0,187
0.0,188
0.0,189
0.0,190
0.0,191
0.0,192
0.0,193
0.0,194
3501.8718806685683,195
0.0,196
0.0,197
0.0,198
0.0,199
0.0,200
0.0,201
1369.3106561385296,202
0.0,203
0.0,204
0.0,205
0.0,206
0.0,207
0.0,208
0.0,209
0.0,210
0.0,211
0.0,212
0.0,213
0.0,214
0.0,215
0.0,216
0.0,217
0.0,218
0.0,219
0.0,220
0.0,221
0.0,222
0.0,223
0.0,224
0.0,225
0.0,226
0.0,227
0.0,228
0.0,229
0.0,230
0.0,231
0.0,232
0.0,233
0.0,234
0.0,235
0.0,236
0.0,237
0.0,238
0.0,239
0.0,240
0.0,241
0.0,242
0.0,243
0.0,244
0.0,245
0.0,246
0.0,247
0.0,248
0.0,249
0.0,250
0.0,251
229.58177139910623,252
2070.6447956207044,253
1528.2458969501236,254
2616.701867671483,255
1205.2887036824895,256
2615.6435748892077,257
0.0,258
0.0,259
0.0,260
0.0,261
1096.6671035529462,262
0.0,263
1190.502702582747,264
1163.8289523674625,265
1320.3215979174354,266
0.0,267
0.0,268
0.0,269
0.0,270
0.0,271
1563.773953767735,272
527.3427831078574,273
660.5973702887978,274
671.9360880290674,275
0.0,276
0.0,277
0.0,278
0.0,279
0.0,280
0.0,281
1145.0491395831402,282
0.0,283
0.0,284
0.0,285
0.0,286
0.0,287
129.30283278293638,288
0.0,289
278.49138752318,290
263.2966222460264,291
0.0,292
0.0,293
969.6915029484212,294
0.0,295
0.0,296
0.0,297
0.0,298
0.0,299
0.0,300
0.0,301
0.0,302
1294.8850769575592,303
1424.7047390338794,304
0.0,305
0.0,306
0.0,307
1666.079846488058,308
0.0,309
0.0,310
0.0,311
0.0,312
0.0,313
0.0,314
0.0,315
0.0,316
0.0,317
0.0,318
0.0,319
0.0,320
0.0,321
0.0,322
0.0,323
0.0,324
0.0,325
508.5339337276832,326
504.441433809463,327
0.0,328
0.0,329
0.0,330
0.0,331
0.0,332
0.0,333
0.0,334
0.0,335
0.0,336
0.0,337
0.0,338
0.0,339
0.0,340
0.0,341
0.0,342
0.0,343
0.0,344
0.0,345
0.0,346
0.0,347
0.0,348
0.0,349
0.0,350
0.0,351
994.2587676061844,352
0.0,353
0.0,354
1203.05361154476,355
0.0,356
1189.2842526202414,357
0.0,358
0.0,359
2024.0224032193394,360
0.0,361
0.0,362
0.0,363
0.0,364
0.0,365
0.0,366
0.0,367
0.0,368
0.0,369
0.0,370
0.0,371
0.0,372
1538.1508663131765,373
0.0,374
0.0,375
0.0,376
0.0,377
0.0,378
0.0,379
0.0,380
289.9984960395132,381
0.0,382
0.0,383
0.0,384
0.0,385
0.0,386
0.0,387
0.0,388
0.0,389
0.0,390
0.0,391
130.5709101690442,392
0.0,393
0.0,394
0.0,395
0.0,396
0.0,397
0.0,398
0.0,399
0.0,400
217.07241984817358,401
0.0,402
0.0,403
0.0,404
0.0,405
0.0,406
0.0,407
0.0,408
0.0,409
0.0,410
0.0,411
0.0,412
0.0,413
0.0,414
0.0,415
0.0,416
0.0,417
0.0,418
0.0,419
0.0,420
0.0,421
2747.0899832739938,422
0.0,423
2747.1277787692984,424
0.0,425
0.0,426
0.0,427
0.0,428
0.0,429
0.0,430
0.0,431
0.0,432
2748.7363802912273,433
0.0,434
0.0,435
0.0,436
0.0,437
0.0,438
0.0,439
0.0,440
0.0,441
0.0,442
0.0,443
0.0,444
0.0,445
0.0,446
0.0,447
0.0,448
0.0,449
0.0,450
0.0,451
0.0,452
0.0,453
0.0,454
0.0,455
0.0,456
0.0,457
0.0,458
0.0,459
0.0,460
0.0,461
0.0,462
0.0,463
0.0,464
0.0,465
0.0,466
0.0,467
0.0,468
1718.590307486855,469
1333.6240085760048,470
0.0,471
1849.9040973135607,472
0.0,473
0.0,474
0.0,475
2283.098357938289,476
0.0,477
310.1263380986123,478
798.5071284596754,479
0.0,480
371.7109647726649,481
0.0,482
0.0,483
803.8065224371785,484
0.0,485
0.0,486
0.0,487
0.0,488
0.0,489
0.0,490
0.0,491
0.0,492
413.9179289527006,493
0.0,494
0.0,495
824.4886416571985,496
0.0,497
806.3164685211904,498
0.0,499
2441.5522627774494,500
0.0,501
0.0,502
0.0,503
1024.8180982797096,504
976.9082714594201,505
0.0,506
265.4617747781108,507
0.0,508
779.7451963344296,509
0.0,510
492.2641481990096,511
0.0,512
0.0,513
402.65481536891116,514
0.0,515
0.0,516
458.34690894330816,517
0.0,518
0.0,519
1179.239147150524,520
0.0,521
0.0,522
1153.3515704586973,523
0.0,524
0.0,525
0.0,526
3467.4123400862604,527
1187.4775927022915,528
1707.2671700107728,529
0.0,530
0.0,531
1487.843281719957,532
1723.1196321134757,533
0.0,534
0.0,535
0.0,536
0.0,537
0.0,538
0.0,539
0.0,540
0.0,541
0.0,542
0.0,543
0.0,544
0.0,545
0.0,546
0.0,547
0.0,548
0.0,549
0.0,550
0.0,551
0.0,552
0.0,553
0.0,554
576.1204338295762,555
835.9559389089579,556
95.56411856305364,557
2238.9940315312324,558
2077.1533665649304,559
1449.6899979829266,560
0.0,561
0.0,562
0.0,563
1307.565687055544,564
0.0,565
0.0,566
0.0,567
164.30715088464092,568
910.4784233640787,569
0.0,570
0.0,571
0.0,572
0.0,573
0.0,574
0.0,575
0.0,576
0.0,577
0.0,578
3313.7193933311387,579
0.0,580
0.0,581
0.0,582
0.0,583
0.0,584
0.0,585
0.0,586
0.0,587
0.0,588
0.0,589
0.0,590
0.0,591
0.0,592
0.0,593
0.0,594
0.0,595
0.0,596
0.0,597
0.0,598
0.0,599
1871.292637545748,600
225.3666606871512,601
4245.213963701447,602
0.0,603
48.49186131422969,604
1212.653333303197,605
2230.3829134882367,606
0.0,607
155.40240955882317,608
1805.3593661758719,609
0.0,610
1743.7110615459994,611
0.0,612
2002.8437457567409,613
1863.240330170184,614
446.0618902275969,615
1602.2824569083095,616
0.0,617
0.0,618
0.0,619
0.0,620
0.0,621
0.0,622
0.0,623
0.0,624
0.0,625
0.0,626
0.0,627
0.0,628
163.66621307754454,629
0.0,630
0.0,631
0.0,632
0.0,633
0.0,634
0.0,635
0.0,636
0.0,637
0.0,638
0.0,639
399.7045524282843,640
0.0,641
238.56942516076737,642
0.0,643
0.0,644
0.0,645
0.0,646
148.20914022130222,647
0.0,648
626.07732127922,649
0.0,650
0.0,651
1779.7658078224865,652
0.0,653
3451.570353166627,654
546.3984703400941,655
0.0,656
0.0,657
0.0,658
0.0,659
0.0,660
0.0,661
0.0,662
0.0,663
0.0,664
371.2853627119705,665
0.0,666
0.0,667
130.48253228484066,668
836.7013222985279,669
1880.4136758312536,670
0.0,671
0.0,672
0.0,673
0.0,674
0.0,675
773.1011036293057,676
0.0,677
0.0,678
0.0,679
0.0,680
306.7577721028144,681
0.0,682
0.0,683
0.0,684
929.4640785313543,685
0.0,686
0.0,687
1809.8771619065346,688
0.0,689
0.0,690
173.14075700072434,691
0.0,692
0.0,693
1007.8043693884067,694
0.0,695
2010.410296581409,696
225.50577278475978,697
0.0,698
1745.700659562826,699
0.0,700
372.0996697436774,701
26.95471924669067,702
0.0,703
0.0,704
0.0,705
0.0,706
0.0,707
411.1130028203343,708
0.0,709
0.0,710
0.0,711
0.0,712
0.0,713
0.0,714
0.0,715
0.0,716
0.0,717
0.0,718
0.0,719
0.0,720
0.0,721
0.0,722
0.0,723
0.0,724
0.0,725
0.0,726
0.0,727
0.0,728
2981.620285411827,729
0.0,730
0.0,731
0.0,732
0.0,733
0.0,734
4137.079990292839,735
0.0,736
0.0,737
0.0,738
244.8636051089285,739
354.4502420829254,740
0.0,741
0.0,742
0.0,743
0.0,744
0.0,745
0.0,746
0.0,747
0.0,748
0.0,749
0.0,750
0.0,751
0.0,752
2462.913421752051,753
0.0,754
0.0,755
0.0,756
2069.9075984794886,757
321.4596869033194,758
0.0,759
0.0,760
0.0,761
0.0,762
0.0,763
0.0,764
0.0,765
0.0,766
0.0,767
1121.8487285393458,768
0.0,769
0.0,770
0.0,771
0.0,772
0.0,773
544.7637606081516,774
0.0,775
0.0,776
0.0,777
0.0,778
0.0,779
0.0,780
0.0,781
0.0,782
0.0,783
0.0,784
3391.198432665285,785
0.0,786
1440.8133361277007,787
0.0,788
0.0,789
0.0,790
0.0,791
0.0,792
0.0,793
0.0,794
0.0,795
0.0,796
0.0,797
0.0,798
0.0,799
0.0,800
0.0,801
980.1871267390643,802
0.0,803
0.0,804
0.0,805
0.0,806
0.0,807
0.0,808
0.0,809
0.0,810
0.0,811
0.0,812
0.0,813
1378.941986860408,814
2677.4285996950434,815
0.0,816
0.0,817
0.0,818
0.0,819
464.3368072871267,820
0.0,821
0.0,822
0.0,823
256.0619370224286,824
0.0,825
0.0,826
0.0,827
0.0,828
0.0,829
0.0,830
0.0,831
0.0,832
0.0,833
0.0,834
0.0,835
792.9958978799112,836
0.0,837
0.0,838
0.0,839
0.0,840
0.0,841
0.0,842
0.0,843
0.0,844
0.0,845
0.0,846
0.0,847
0.0,848
0.0,849
0.0,850
0.0,851
0.0,852
0.0,853
0.0,854
0.0,855
0.0,856
0.0,857
796.5582573976639,858
1001.5685826752988,859
0.0,860
0.0,861
1117.5035173217786,862
768.1513719141471,863
1100.7232477221914,864
0.0,865
1088.9523875838372,866
1131.1417832266056,867
1274.460398737685,868
1262.609787397761,869
0.0,870
0.0,871
1202.897511324933,872
0.0,873
0.0,874
0.0,875
971.021368011224,876
3861.814047285332,877
0.0,878
3343.8859802667107,879
0.0,880
739.6908425571946,881
3915.5996595737297,882
0.0,883
0.0,884
0.0,885
3487.534085741738,886
0.0,887
1522.871435351518,888
0.0,889
0.0,890
0.0,891
0.0,892
0.0,893
0.0,894
0.0,895
0.0,896
0.0,897
0.0,898
0.0,899
0.0,900
0.0,901
0.0,902
0.0,903
0.0,904
0.0,905
0.0,906
0.0,907
0.0,908
0.0,909
0.0,910
521.3366614580083,911
0.0,912
0.0,913
751.7394987000202,914
2006.8978857798306,915
1519.1991407321018,916
0.0,917
0.0,918
0.0,919
0.0,920
0.0,921
0.0,922
0.0,923
0.0,924
0.0,925
0.0,926
0.0,927
0.0,928
0.0,929
0.0,930
0.0,931
0.0,932
949.5994768096604,933
0.0,934
828.2606601910269,935
0.0,936
0.0,937
0.0,938
0.0,939
0.0,940
0.0,941
524.0265786598335,942
0.0,943
530.7017246197714,944
539.0828982329205,945
0.0,946
0.0,947
0.0,948
0.0,949
0.0,950
353.97539684441193,951
51.71255004400237,952
0.0,953
0.0,954
0.0,955
126.30095336207842,956
0.0,957
0.0,958
0.0,959
0.0,960
0.0,961
0.0,962
0.0,963
0.0,964
0.0,965
0.0,966
0.0,967
0.0,968
0.0,969
0.0,970
0.0,971
0.0,972
0.0,973
0.0,974
0.0,975
0.0,976
0.0,977
0.0,978
0.0,979
0.0,980
0.0,981
0.0,982
0.0,983
0.0,984
0.0,985
0.0,986
0.0,987
996.8731598132658,988
0.0,989
0.0,990
0.0,991
0.0,992
0.0,993
0.0,994
0.0,995
0.0,996
0.0,997
0.0,998
0.0,999
0.0,1000
0.0,1001
1016.9288474786218,1002
0.0,1003
0.0,1004
0.0,1005
1036.8737853028083,1006
0.0,1007
0.0,1008
0.0,1009
0.0,1010
0.0,1011
0.0,1012
0.0,1013
0.0,1014
0.0,1015
0.0,1016
0.0,1017
0.0,1018
0.0,1019
0.0,1020
0.0,1021
0.0,1022
0.0,1023
0.0,1024
0.0,1025
0.0,1026
0.0,1027
0.0,1028
0.0,1029
0.0,1030
0.0,1031
0.0,1032
0.0,1033
0.0,1034
0.0,1035
0.0,1036
0.0,1037
0.0,1038
0.0,1039
0.0,1040
0.0,1041
0.0,1042
0.0,1043
0.0,1044
0.0,1045
0.0,1046
0.0,1047
0.0,1048
0.0,1049
0.0,1050
0.0,1051
0.0,1052
0.0,1053
0.0,1054
18182.440343018294,1055
0.0,1056
1013.3431473636603,1057
411.5807598650697,1058
0.0,1059
0.0,1060
0.0,1061
0.0,1062
0.0,1063
0.0,1064
0.0,1065
4458.36690656537,1066
0.0,1067
0.0,1068
0.0,1069
0.0,1070
0.0,1071
0.0,1072
0.0,1073
0.0,1074
0.0,1075
0.0,1076
0.0,1077
0.0,1078
0.0,1079
425.30230038921775,1080
0.0,1081
0.0,1082
0.0,1083
0.0,1084
0.0,1085
0.0,1086
0.0,1087
0.0,1088
0.0,1089
374.0160546229732,1090
0.0,1091
0.0,1092
0.0,1093
0.0,1094
0.0,1095
0.0,1096
17.89253380177454,1097
0.0,1098
0.0,1099
10946.186466726456,1100
46.4594178316493,1101
326.3010604620585,1102
0.0,1103
123.87906897951073,1104
0.0,1105
0.0,1106
0.0,1107
0.0,1108
0.0,1109
126.33270928185831,1110
158.59125388631904,1111
0.0,1112
0.0,1113
512.5083407276192,1114
0.0,1115
0.0,1116
0.0,1117
0.0,1118
0.0,1119
0.0,1120
0.0,1121
218.42853851696495,1122
0.0,1123
0.0,1124
0.0,1125
0.0,1126
0.0,1127
0.0,1128
0.0,1129
0.0,1130
0.0,1131
0.0,1132
0.0,1133
0.0,1134
0.0,1135
0.0,1136
0.0,1137
223.5561668411546,1138
0.0,1139
0.0,1140
2627.156794871969,1141
0.0,1142
0.0,1143
0.0,1144
0.0,1145
0.0,1146
0.0,1147
0.0,1148
569.2687498733632,1149
0.0,1150
0.0,1151
0.0,1152
0.0,1153
283.4111635435667,1154
0.0,1155
0.0,1156
0.0,1157
0.0,1158
0.0,1159
0.0,1160
108.86393579174492,1161
308.28125812358695,1162
0.0,1163
0.0,1164
617.3271846044727,1165
0.0,1166
230.87530642430056,1167
242.68776325484353,1168
351.6672971531292,1169
265.244249343448,1170
0.0,1171
0.0,1172
0.0,1173
0.0,1174
0.0,1175
0.0,1176
0.0,1177
0.0,1178
0.0,1179
0.0,1180
0.0,1181
0.0,1182
14926.292947044845,1183
0.0,1184
0.0,1185
0.0,1186
0.0,1187
0.0,1188
0.0,1189
0.0,1190
0.0,1191
0.0,1192
0.0,1193
0.0,1194
0.0,1195
0.0,1196
0.0,1197
0.0,1198
0.0,1199
0.0,1200
0.0,1201
0.0,1202
0.0,1203
0.0,1204
0.0,1205
0.0,1206
0.0,1207
0.0,1208
0.0,1209
0.0,1210
0.0,1211
0.0,1212
0.0,1213
0.0,1214
0.0,1215
0.0,1216
0.0,1217
0.0,1218
0.0,1219
0.0,1220
112.35808480985828,1221
0.0,1222
0.0,1223
1357.8867088428333,1224
0.0,1225
0.0,1226
0.0,1227
0.0,1228
0.0,1229
0.0,1230
0.0,1231
0.0,1232
0.0,1233
0.0,1234
0.0,1235
0.0,1236
0.0,1237
0.0,1238
0.0,1239
0.0,1240
0.0,1241
0.0,1242
217.39204748655044,1243
0.0,1244
469.64076219528846,1245
0.0,1246
0.0,1247
0.0,1248
0.0,1249
0.0,1250
0.0,1251
0.0,1252
0.0,1253
0.0,1254
0.0,1255
0.0,1256
0.0,1257
3458.3848853123245,1258
0.0,1259
0.0,1260
0.0,1261
0.0,1262
0.0,1263
0.0,1264
0.0,1265
0.0,1266
0.0,1267
0.0,1268
0.0,1269
0.0,1270
0.0,1271
0.0,1272
0.0,1273
0.0,1274
0.0,1275
0.0,1276
96.72071197367231,1277
0.0,1278
0.0,1279
0.0,1280
0.0,1281
0.0,1282
0.0,1283
0.0,1284
0.0,1285
0.0,1286
0.0,1287
0.0,1288
0.0,1289
0.0,1290
0.0,1291
0.0,1292
0.0,1293
0.0,1294
0.0,1295
0.0,1296
0.0,1297
0.0,1298
0.0,1299
0.0,1300
0.0,1301
0.0,1302
0.0,1303
0.0,1304
0.0,1305
0.0,1306
0.0,1307
0.0,1308
0.0,1309
0.0,1310
0.0,1311
0.0,1312
0.0,1313
0.0,1314
0.0,1315
0.0,1316
0.0,1317
0.0,1318
0.0,1319
0.0,1320
0.0,1321
0.0,1322
0.0,1323
0.0,1324
0.0,1325
0.0,1326
0.0,1327
1056.5644638187298,1328
0.0,1329
0.0,1330
0.0,1331
0.0,1332
0.0,1333
0.0,1334
0.0,1335
0.0,1336
0.0,1337
0.0,1338
0.0,1339
0.0,1340
0.0,1341
0.0,1342
0.0,1343
0.0,1344
0.0,1345
0.0,1346
0.0,1347
0.0,1348
0.0,1349
0.0,1350
0.0,1351
0.0,1352
0.0,1353
0.0,1354
0.0,1355
0.0,1356
0.0,1357
0.0,1358
0.0,1359
0.0,1360
0.0,1361
0.0,1362
0.0,1363
0.0,1364
0.0,1365
0.0,1366
0.0,1367
0.0,1368
0.0,1369
0.0,1370
0.0,1371
0.0,1372
0.0,1373
0.0,1374
0.0,1375
0.0,1376
0.0,1377
0.0,1378
0.0,1379
0.0,1380
0.0,1381
0.0,1382
0.0,1383
0.0,1384
0.0,1385
0.0,1386
0.0,1387
0.0,1388
0.0,1389
0.0,1390
0.0,1391
0.0,1392
0.0,1393
0.0,1394
4145.702548574582,1395
0.0,1396
0.0,1397
0.0,1398
0.0,1399
0.0,1400
0.0,1401
0.0,1402
0.0,1403
0.0,1404
0.0,1405
0.0,1406
0.0,1407
0.0,1408
0.0,1409
0.0,1410
0.0,1411
0.0,1412
0.0,1413
0.0,1414
0.0,1415
0.0,1416
0.0,1417
4543.735350374128,1418
0.0,1419
0.0,1420
0.0,1421
0.0,1422
0.0,1423
0.0,1424
0.0,1425
0.0,1426
0.0,1427
0.0,1428
0.0,1429
0.0,1430
1467.593015328412,1431
0.0,1432
0.0,1433
0.0,1434
0.0,1435
0.0,1436
0.0,1437
0.0,1438
0.0,1439
0.0,1440
0.0,1441
0.0,1442
0.0,1443
0.0,1444
0.0,1445
0.0,1446
0.0,1447
0.0,1448
0.0,1449
0.0,1450
0.0,1451
0.0,1452
0.0,1453
0.0,1454
0.0,1455
0.0,1456
0.0,1457
1873.1581980744738,1458
0.0,1459
0.0,1460
0.0,1461
0.0,1462
0.0,1463
0.0,1464
0.0,1465
0.0,1466
0.0,1467
0.0,1468
0.0,1469
0.0,1470
0.0,1471
0.0,1472
0.0,1473
0.0,1474
0.0,1475
0.0,1476
0.0,1477
0.0,1478
0.0,1479
0.0,1480
0.0,1481
0.0,1482
0.0,1483
0.0,1484
0.0,1485
0.0,1486
0.0,1487
0.0,1488
0.0,1489
0.0,1490
0.0,1491
0.0,1492
0.0,1493
0.0,1494
0.0,1495
0.0,1496
0.0,1497
0.0,1498
0.0,1499
0.0,1500
0.0,1501
0.0,1502
0.0,1503
0.0,1504
0.0,1505
0.0,1506
0.0,1507
0.0,1508
0.0,1509
0.0,1510
0.0,1511
0.0,1512
0.0,1513
0.0,1514
0.0,1515
0.0,1516
0.0,1517
970.5812374506833,1518
0.0,1519
0.0,1520
0.0,1521
0.0,1522
0.0,1523
1267.8002292414455,1524
1768.5133700240979,1525
0.0,1526
98.1970381144138,1527
104.48968818408386,1528
0.0,1529
0.0,1530
0.0,1531
0.0,1532
0.0,1533
1613.175775775951,1534
0.0,1535
0.0,1536
0.0,1537
0.0,1538
0.0,1539
0.0,1540
0.0,1541
0.0,1542
0.0,1543
0.0,1544
0.0,1545
0.0,1546
0.0,1547
0.0,1548
0.0,1549
0.0,1550
0.0,1551
0.0,1552
0.0,1553
0.0,1554
0.0,1555
0.0,1556
0.0,1557
0.0,1558
0.0,1559
0.0,1560
0.0,1561
0.0,1562
0.0,1563
1736.674254350806,1564
0.0,1565
0.0,1566
0.0,1567
0.0,1568
0.0,1569
0.0,1570
0.0,1571
0.0,1572
0.0,1573
0.0,1574
0.0,1575
0.0,1576
0.0,1577
0.0,1578
12111.54233903743,1579
0.0,1580
2203.5384979100213,1581
0.0,1582
0.0,1583
0.0,1584
0.0,1585
0.0,1586
0.0,1587
1020.8595211244136,1588
0.0,1589
0.0,1590
0.0,1591
0.0,1592
0.0,1593
0.0,1594
0.0,1595
0.0,1596
0.0,1597
0.0,1598
0.0,1599
0.0,1600
0.0,1601
0.0,1602
0.0,1603
0.0,1604
0.0,1605
0.0,1606
0.0,1607
0.0,1608
0.0,1609
0.0,1610
0.0,1611
0.0,1612
0.0,1613
0.0,1614
0.0,1615
0.0,1616
0.0,1617
0.0,1618
0.0,1619
0.0,1620
0.0,1621
0.0,1622
0.0,1623
0.0,1624
0.0,1625
0.0,1626
0.0,1627
0.0,1628
0.0,1629
0.0,1630
0.0,1631
0.0,1632
0.0,1633
0.0,1634
0.0,1635
0.0,1636
0.0,1637
0.0,1638
0.0,1639
0.0,1640
0.0,1641
0.0,1642
0.0,1643
0.0,1644
0.0,1645
0.0,1646
0.0,1647
0.0,1648
951.6672887206142,1649
0.0,1650
0.0,1651
0.0,1652
0.0,1653
406.254849978479,1654
0.0,1655
0.0,1656
0.0,1657
0.0,1658
0.0,1659
0.0,1660
0.0,1661
0.0,1662
0.0,1663
0.0,1664
0.0,1665
0.0,1666
0.0,1667
0.0,1668
271.8145835410499,1669
0.0,1670
637.8181695139886,1671
0.0,1672
0.0,1673
0.0,1674
0.0,1675
0.0,1676
0.0,1677
0.0,1678
657.0604883398779,1679
0.0,1680
0.0,1681
0.0,1682
0.0,1683
0.0,1684
0.0,1685
0.0,1686
0.0,1687
0.0,1688
0.0,1689
0.0,1690
0.0,1691
0.0,1692
0.0,1693
0.0,1694
0.0,1695
0.0,1696
0.0,1697
0.0,1698
0.0,1699
0.0,1700
0.0,1701
0.0,1702
0.0,1703
0.0,1704
0.0,1705
0.0,1706
0.0,1707
0.0,1708
0.0,1709
931.6713850109697,1710
0.0,1711
0.0,1712
0.0,1713
0.0,1714
0.0,1715
0.0,1716
0.0,1717
0.0,1718
0.0,1719
0.0,1720
0.0,1721
0.0,1722
0.0,1723
0.0,1724
0.0,1725
0.0,1726
0.0,1727
0.0,1728
0.0,1729
0.0,1730
0.0,1731
0.0,1732
0.0,1733
0.0,1734
0.0,1735
571.6185014056844,1736
0.0,1737
0.0,1738
3170.929361384947,1739
527.525389182979,1740
0.0,1741
0.0,1742
0.0,1743
0.0,1744
0.0,1745
0.0,1746
0.0,1747
0.0,1748
0.0,1749
0.0,1750
0.0,1751
0.0,1752
0.0,1753
0.0,1754
0.0,1755
0.0,1756
0.0,1757
0.0,1758
0.0,1759
0.0,1760
0.0,1761
0.0,1762
0.0,1763
0.0,1764
0.0,1765
0.0,1766
0.0,1767
0.0,1768
0.0,1769
0.0,1770
0.0,1771
0.0,1772
0.0,1773
0.0,1774
0.0,1775
0.0,1776
0.0,1777
0.0,1778
0.0,1779
0.0,1780
0.0,1781
0.0,1782
0.0,1783
0.0,1784
0.0,1785
0.0,1786
0.0,1787
0.0,1788
0.0,1789
0.0,1790
0.0,1791
0.0,1792
0.0,1793
0.0,1794
0.0,1795
0.0,1796
0.0,1797
0.0,1798
0.0,1799
0.0,1800
0.0,1801
0.0,1802
0.0,1803
0.0,1804
0.0,1805
0.0,1806
0.0,1807
1858.576160041661,1808
0.0,1809
0.0,1810
0.0,1811
0.0,1812
434.52228827854765,1813
0.0,1814
254.08060623062613,1815
2575.5088409907125,1816
0.0,1817
61.62002669288264,1818
0.0,1819
0.0,1820
0.0,1821
0.0,1822
0.0,1823
0.0,1824
256.8705932291957,1825
0.0,1826
0.0,1827
0.0,1828
0.0,1829
0.0,1830
857.681406238362,1831
0.0,1832
0.0,1833
0.0,1834
0.0,1835
0.0,1836
0.0,1837
0.0,1838
0.0,1839
0.0,1840
0.0,1841
0.0,1842
0.0,1843
0.0,1844
0.0,1845
0.0,1846
0.0,1847
0.0,1848
0.0,1849
0.0,1850
0.0,1851
0.0,1852
0.0,1853
0.0,1854
0.0,1855
0.0,1856
0.0,1857
602.4404281479464,1858
0.0,1859
0.0,1860
613.3627340526251,1861
0.0,1862
0.0,1863
0.0,1864
0.0,1865
0.0,1866
0.0,1867
0.0,1868
0.0,1869
0.0,1870
0.0,1871
0.0,1872
1364.2960372898854,1873
0.0,1874
0.0,1875
0.0,1876
0.0,1877
0.0,1878
0.0,1879
0.0,1880
0.0,1881
0.0,1882
0.0,1883
0.0,1884
0.0,1885
0.0,1886
534.4174090787571,1887
0.0,1888
0.0,1889
0.0,1890
4689.951951773393,1891
0.0,1892
0.0,1893
0.0,1894
0.0,1895
0.0,1896
0.0,1897
0.0,1898
0.0,1899
0.0,1900
329.2245544509442,1901
0.0,1902
0.0,1903
0.0,1904
0.0,1905
0.0,1906
0.0,1907
0.0,1908
0.0,1909
0.0,1910
0.0,1911
0.0,1912
0.0,1913
0.0,1914
0.0,1915
0.0,1916
0.0,1917
0.0,1918
0.0,1919
0.0,1920
0.0,1921
0.0,1922
0.0,1923
0.0,1924
0.0,1925
0.0,1926
0.0,1927
0.0,1928
0.0,1929
0.0,1930
0.0,1931
0.0,1932
0.0,1933
1938.8490494206687,1934
0.0,1935
0.0,1936
0.0,1937
39.49272513821841,1938
0.0,1939
0.0,1940
0.0,1941
0.0,1942
0.0,1943
3558.1422947333667,1944
0.0,1945
0.0,1946
0.0,1947
0.0,1948
0.0,1949
0.0,1950
0.0,1951
1466.28211156878,1952
0.0,1953
2090.071161440277,1954
0.0,1955
0.0,1956
0.0,1957
0.0,1958
0.0,1959
0.0,1960
0.0,1961
0.0,1962
220.47517821972923,1963
0.0,1964
0.0,1965
0.0,1966
0.0,1967
0.0,1968
0.0,1969
0.0,1970
0.0,1971
0.0,1972
249.62362502061168,1973
0.0,1974
0.0,1975
0.0,1976
1789.767015430066,1977
0.0,1978
0.0,1979
2047.3888875895486,1980
0.0,1981
3070.9179106893157,1982
0.0,1983
637.8164370276153,1984
0.0,1985
0.0,1986
0.0,1987
1414.6882616930066,1988
439.9286425142387,1989
0.0,1990
151.13645150429147,1991
0.0,1992
802.621640306154,1993
0.0,1994
609.092513286402,1995
0.0,1996
0.0,1997
0.0,1998
0.0,1999
0.0,2000
0.0,2001
0.0,2002
0.0,2003
0.0,2004
0.0,2005
0.0,2006
0.0,2007
0.0,2008
0.0,2009
0.0,2010
0.0,2011
0.0,2012
0.0,2013
0.0,2014
808.7848073185987,2015
0.0,2016
0.0,2017
0.0,2018
0.0,2019
0.0,2020
0.0,2021
0.0,2022
0.0,2023
0.0,2024
121.04559878316701,2025
0.0,2026
0.0,2027
0.0,2028
0.0,2029
0.0,2030
652.846182215229,2031
0.0,2032
0.0,2033
151.90998436224763,2034
0.0,2035
0.0,2036
0.0,2037
0.0,2038
0.0,2039
0.0,2040
0.0,2041
6.312538211695038,2042
0.0,2043
0.0,2044
0.0,2045
0.0,2046
3865.23888923347,2047
0.0,2048
0.0,2049
0.0,2050
0.0,2051
0.0,2052
0.0,2053
0.0,2054
0.0,2055
0.0,2056
0.0,2057
0.0,2058
0.0,2059
0.0,2060
0.0,2061
0.0,2062
0.0,2063
0.0,2064
0.0,2065
0.0,2066
0.0,2067
0.0,2068
0.0,2069
0.0,2070
0.0,2071
0.0,2072
0.0,2073
0.0,2074
0.0,2075
0.0,2076
0.0,2077
0.0,2078
0.0,2079
0.0,2080
0.0,2081
0.0,2082
0.0,2083
0.0,2084
0.0,2085
0.0,2086
0.0,2087
0.0,2088
0.0,2089
0.0,2090
0.0,2091
0.0,2092
0.0,2093
0.0,2094
0.0,2095
0.0,2096
0.0,2097
0.0,2098
369.13935549783366,2099
0.0,2100
0.0,2101
0.0,2102
0.0,2103
0.0,2104
0.0,2105
0.0,2106
0.0,2107
0.0,2108
0.0,2109
0.0,2110
0.0,2111
0.0,2112
0.0,2113
0.0,2114
0.0,2115
0.0,2116
0.0,2117
0.0,2118
0.0,2119
0.0,2120
0.0,2121
0.0,2122
0.0,2123
0.0,2124
0.0,2125
0.0,2126
0.0,2127
1961.6444645024294,2128
0.0,2129
0.0,2130
0.0,2131
0.0,2132
0.0,2133
0.0,2134
0.0,2135
1903.9957967457335,2136
0.0,2137
89.56396156571017,2138
0.0,2139
0.0,2140
0.0,2141
0.0,2142
0.0,2143
0.0,2144
0.0,2145
0.0,2146
0.0,2147
0.0,2148
0.0,2149
0.0,2150
0.0,2151
0.0,2152
0.0,2153
0.0,2154
0.0,2155
0.0,2156
0.0,2157
524.7660676115718,2158
0.0,2159
1750.0213876637463,2160
0.0,2161
0.0,2162
0.0,2163
0.0,2164
0.0,2165
0.0,2166
0.0,2167
0.0,2168
0.0,2169
0.0,2170
0.0,2171
0.0,2172
0.0,2173
0.0,2174
0.0,2175
0.0,2176
0.0,2177
0.0,2178
0.0,2179
1153.8268785841117,2180
0.0,2181
0.0,2182
0.0,2183
0.0,2184
655.1669566734744,2185
153.50721282915308,2186
640.8642912693319,2187
653.9775238648651,2188
0.0,2189
0.0,2190
0.0,2191
0.0,2192
0.0,2193
0.0,2194
0.0,2195
0.0,2196
0.0,2197
0.0,2198
0.0,2199
0.0,2200
12997.740556514753,2201
0.0,2202
0.0,2203
0.0,2204
0.0,2205
0.0,2206
0.0,2207
0.0,2208
0.0,2209
0.0,2210
0.0,2211
0.0,2212
0.0,2213
0.0,2214
0.0,2215
0.0,2216
0.0,2217
0.0,2218
0.0,2219
0.0,2220
0.0,2221
0.0,2222
0.0,2223
0.0,2224
1250.0723580526799,2225
0.0,2226
0.0,2227
0.0,2228
0.0,2229
0.0,2230
0.0,2231
0.0,2232
1249.1553974136327,2233
0.0,2234
0.0,2235
0.0,2236
0.0,2237
0.0,2238
0.0,2239
0.0,2240
0.0,2241
0.0,2242
0.0,2243
0.0,2244
0.0,2245
0.0,2246
0.0,2247
0.0,2248
0.0,2249
0.0,2250
0.0,2251
0.0,2252
0.0,2253
0.0,2254
0.0,2255
0.0,2256
0.0,2257
0.0,2258
0.0,2259
0.0,2260
0.0,2261
0.0,2262
0.0,2263
0.0,2264
0.0,2265
0.0,2266
0.0,2267
0.0,2268
0.0,2269
0.0,2270
0.0,2271
0.0,2272
0.0,2273
0.0,2274
0.0,2275
0.0,2276
0.0,2277
0.0,2278
0.0,2279
0.0,2280
0.0,2281
102.25010257932534,2282
0.0,2283
0.0,2284
0.0,2285
0.0,2286
0.0,2287
0.0,2288
0.0,2289
0.0,2290
0.0,2291
0.0,2292
0.0,2293
0.0,2294
0.0,2295
0.0,2296
0.0,2297
0.0,2298
0.0,2299
0.0,2300
0.0,2301
0.0,2302
0.0,2303
0.0,2304
0.0,2305
0.0,2306
0.0,2307
0.0,2308
0.0,2309
1900.4352377634143,2310
0.0,2311
0.0,2312
0.0,2313
0.0,2314
0.0,2315
0.0,2316
0.0,2317
0.0,2318
0.0,2319
0.0,2320
0.0,2321
0.0,2322
0.0,2323
0.0,2324
0.0,2325
0.0,2326
0.0,2327
0.0,2328
0.0,2329
0.0,2330
0.0,2331
0.0,2332
329.3553654331805,2333
0.0,2334
0.0,2335
0.0,2336
0.0,2337
0.0,2338
0.0,2339
0.0,2340
0.0,2341
0.0,2342
0.0,2343
0.0,2344
1271.5872753592826,2345
0.0,2346
0.0,2347
0.0,2348
0.0,2349
0.0,2350
0.0,2351
0.0,2352
0.0,2353
0.0,2354
0.0,2355
0.0,2356
0.0,2357
0.0,2358
0.0,2359
0.0,2360
0.0,2361
0.0,2362
0.0,2363
0.0,2364
0.0,2365
0.0,2366
0.0,2367
0.0,2368
0.0,2369
0.0,2370
0.0,2371
0.0,2372
0.0,2373
0.0,2374
0.0,2375
0.0,2376
0.0,2377
0.0,2378
0.0,2379
0.0,2380
240.95171624914468,2381
0.0,2382
0.0,2383
0.0,2384
0.0,2385
0.0,2386
0.0,2387
0.0,2388
0.0,2389
0.0,2390
0.0,2391
0.0,2392
0.0,2393
0.0,2394
0.0,2395
0.0,2396
0.0,2397
0.0,2398
0.0,2399
0.0,2400
0.0,2401
0.0,2402
0.0,2403
0.0,2404
0.0,2405
0.0,2406
503.9395284071142,2407
0.0,2408
0.0,2409
0.0,2410
0.0,2411
0.0,2412
0.0,2413
0.0,2414
0.0,2415
0.0,2416
0.0,2417
0.0,2418
0.0,2419
1285.879772373168,2420
0.0,2421
0.0,2422
0.0,2423
0.0,2424
0.0,2425
0.0,2426
1158.865255190131,2427
0.0,2428
1438.1611219432025,2429
0.0,2430
0.0,2431
0.0,2432
0.0,2433
0.0,2434
1478.827212108397,2435
0.0,2436
0.0,2437
0.0,2438
0.0,2439
3771.8846730613254,2440
0.0,2441
3779.740748761916,2442
0.0,2443
0.0,2444
3281.928434915651,2445
0.0,2446
0.0,2447
0.0,2448
0.0,2449
0.0,2450
0.0,2451
0.0,2452
0.0,2453
4903.202194220262,2454
0.0,2455
0.0,2456
0.0,2457
0.0,2458
0.0,2459
0.0,2460
0.0,2461
0.0,2462
0.0,2463
0.0,2464
0.0,2465
0.0,2466
0.0,2467
0.0,2468
0.0,2469
347.90401272751285,2470
0.0,2471
0.0,2472
412.4454696933286,2473
0.0,2474
0.0,2475
0.0,2476
0.0,2477
0.0,2478
0.0,2479
0.0,2480
0.0,2481
0.0,2482
0.0,2483
0.0,2484
0.0,2485
1216.048868720836,2486
0.0,2487
0.0,2488
0.0,2489
102.02685452172128,2490
0.0,2491
0.0,2492
0.0,2493
0.0,2494
0.0,2495
0.0,2496
0.0,2497
133.35687828315451,2498
0.0,2499
0.0,2500
355.5648498500536,2501
10004.292495334766,2502
347.6331102404862,2503
0.0,2504
0.0,2505
601.5466122584111,2506
0.0,2507
3262.820253168486,2508
0.0,2509
0.0,2510
1715.7713018471102,2511
0.0,2512
2771.4920532802344,2513
656.6483893164767,2514
0.0,2515
867.0239608488738,2516
4529.0337650057345,2517
1559.5344300124057,2518
0.0,2519
4560.234206473747,2520
650.0455426035975,2521
104.11188807918542,2522
2844.103279970899,2523
2846.632366678033,2524
2846.405075528428,2525
4255.037586677011,2526
2849.372661630045,2527
0.0,2528
157.5870209046121,2529
3068.32145155559,2530
0.0,2531
3060.1302361451226,2532
2841.8615202399856,2533
1379.239031437078,2534
341.6507215450659,2535
3045.1226479505867,2536
0.0,2537
5178.084806053914,2538
0.0,2539
2511.1522622916737,2540
0.0,2541
0.0,2542
0.0,2543
0.0,2544
0.0,2545
0.0,2546
4027.3520940216818,2547
0.0,2548
0.0,2549
0.0,2550
1435.4272923366764,2551
976.0750493812554,2552
0.0,2553
417.0367670673763,2554
0.0,2555
831.6678116154004,2556
856.2694886432411,2557
1776.8942887903886,2558
0.0,2559
2055.525692342738,2560
978.1347395028878,2561
0.0,2562
0.0,2563
2058.0333761674992,2564
0.0,2565
0.0,2566
0.0,2567
0.0,2568
1047.1983168079707,2569
0.0,2570
0.0,2571
525.8937494641178,2572
0.0,2573
1914.9472854609078,2574
0.0,2575
0.0,2576
178.742028098608,2577
0.0,2578
0.0,2579
39.15771669845846,2580
0.0,2581
0.0,2582
0.0,2583
0.0,2584
0.0,2585
0.0,2586
0.0,2587
0.0,2588
0.0,2589
0.0,2590
0.0,2591
0.0,2592
0.0,2593
0.0,2594
0.0,2595
0.0,2596
0.0,2597
0.0,2598
0.0,2599
0.0,2600
0.0,2601
0.0,2602
0.0,2603
0.0,2604
0.0,2605
0.0,2606
0.0,2607
0.0,2608
0.0,2609
0.0,2610
0.0,2611
0.0,2612
0.0,2613
0.0,2614
0.0,2615
0.0,2616
0.0,2617
402.273330852528,2618
0.0,2619
0.0,2620
0.0,2621
0.0,2622
1.0877395693754481,2623
0.0,2624
0.0,2625
12079.353770393824,2626
413.63335215356534,2627
0.0,2628
0.0,2629
0.0,2630
704.924602896714,2631
0.0,2632
0.0,2633
0.0,2634
0.0,2635
0.0,2636
0.0,2637
0.0,2638
0.0,2639
0.0,2640
0.0,2641
0.0,2642
0.0,2643
0.0,2644
0.0,2645
0.0,2646
0.0,2647
0.0,2648
0.0,2649
0.0,2650
0.0,2651
0.0,2652
0.0,2653
0.0,2654
0.0,2655
0.0,2656
0.0,2657
0.0,2658
0.0,2659
0.0,2660
0.0,2661
0.0,2662
0.0,2663
0.0,2664
0.0,2665
0.0,2666
1116.9358458753604,2667
0.0,2668
0.0,2669
0.0,2670
0.0,2671
0.0,2672
0.0,2673
0.0,2674
0.0,2675
0.0,2676
0.0,2677
859.7395233875484,2678
0.0,2679
0.0,2680
0.0,2681
0.0,2682
0.0,2683
0.0,2684
1714.6494347813355,2685
0.0,2686
0.0,2687
0.0,2688
0.0,2689
0.0,2690
0.0,2691
0.0,2692
0.0,2693
0.0,2694
0.0,2695
0.0,2696
1611.5721718939299,2697
0.0,2698
0.0,2699
0.0,2700
0.0,2701
0.0,2702
0.0,2703
0.0,2704
0.0,2705
0.0,2706
0.0,2707
0.0,2708
0.0,2709
0.0,2710
0.0,2711
0.0,2712
0.0,2713
0.0,2714
0.0,2715
0.0,2716
0.0,2717
0.0,2718
0.0,2719
0.0,2720
0.0,2721
0.0,2722
0.0,2723
0.0,2724
0.0,2725
0.0,2726
0.0,2727
0.0,2728
0.0,2729
0.0,2730
0.0,2731
0.0,2732
0.0,2733
0.0,2734
0.0,2735
0.0,2736
0.0,2737
0.0,2738
0.0,2739
0.0,2740
0.0,2741
0.0,2742
0.0,2743
0.0,2744
0.0,2745
0.0,2746
0.0,2747
0.0,2748
0.0,2749
0.0,2750
0.0,2751
0.0,2752
0.0,2753
0.0,2754
0.0,2755
0.0,2756
0.0,2757
0.0,2758
0.0,2759
0.0,2760
0.0,2761
0.0,2762
0.0,2763
0.0,2764
0.0,2765
0.0,2766
0.0,2767
0.0,2768
1662.5987431919496,2769
0.0,2770
0.0,2771
0.0,2772
0.0,2773
0.0,2774
0.0,2775
0.0,2776
0.0,2777
0.0,2778
0.0,2779
0.0,2780
0.0,2781
0.0,2782
0.0,2783
0.0,2784
0.0,2785
0.0,2786
0.0,2787
0.0,2788
0.0,2789
0.0,2790
0.0,2791
0.0,2792
0.0,2793
0.0,2794
0.0,2795
0.0,2796
0.0,2797
0.0,2798
0.0,2799
0.0,2800
0.0,2801
4956.167911825224,2802
593.9752914767743,2803
0.0,2804
0.0,2805
0.0,2806
0.0,2807
0.0,2808
0.0,2809
0.0,2810
0.0,2811
0.0,2812
0.0,2813
0.0,2814
0.0,2815
0.0,2816
0.0,2817
0.0,2818
0.0,2819
0.0,2820
0.0,2821
0.0,2822
0.0,2823
0.0,2824
0.0,2825
0.0,2826
0.0,2827
0.0,2828
0.0,2829
0.0,2830
0.0,2831
0.0,2832
0.0,2833
0.0,2834
0.0,2835
0.0,2836
0.0,2837
0.0,2838
0.0,2839
0.0,2840
0.0,2841
624.133886106721,2842
613.7476509740344,2843
0.0,2844
608.0290149636057,2845
593.1754516802272,2846
0.0,2847
0.0,2848
0.0,2849
0.0,2850
0.0,2851
0.0,2852
0.0,2853
0.0,2854
108.503101434061,2855
0.0,2856
0.0,2857
0.0,2858
0.0,2859
0.0,2860
0.0,2861
0.0,2862
0.0,2863
0.0,2864
358.3398603606511,2865
0.0,2866
0.0,2867
0.0,2868
0.0,2869
0.0,2870
0.0,2871
0.0,2872
0.0,2873
0.0,2874
0.0,2875
0.0,2876
0.0,2877
0.0,2878
0.0,2879
0.0,2880
0.0,2881
0.0,2882
0.0,2883
1260.6282152230306,2884
0.0,2885
0.0,2886
0.0,2887
0.0,2888
0.0,2889
0.0,2890
0.0,2891
0.0,2892
1147.7109912864298,2893
1226.0266807258097,2894
0.0,2895
0.0,2896
0.0,2897
0.0,2898
838.0429959749933,2899
0.0,2900
0.0,2901
0.0,2902
0.0,2903
0.0,2904
0.0,2905
1097.642082456412,2906
1106.961365695653,2907
1961.1777144539453,2908
0.0,2909
0.0,2910
0.0,2911
0.0,2912
0.0,2913
1301.9037332291052,2914
2999.907935439005,2915
0.0,2916
1149.0683152817996,2917
0.0,2918
0.0,2919
0.0,2920
369.4601959555409,2921
0.0,2922
0.0,2923
0.0,2924
0.0,2925
184.30372833475772,2926
0.0,2927
0.0,2928
1413.5152745515827,2929
0.0,2930
0.0,2931
84.87461973207884,2932
0.0,2933
0.0,2934
0.0,2935
0.0,2936
1088.126488330993,2937
0.0,2938
0.0,2939
2914.449405557585,2940
0.0,2941
0.0,2942
0.0,2943
0.0,2944
0.0,2945
1212.3116913230967,2946
101.99198893060694,2947
1382.3714118742873,2948
0.0,2949
0.0,2950
1480.5545026656782,2951
0.0,2952
0.0,2953
0.0,2954
0.0,2955
0.0,2956
0.0,2957
0.0,2958
0.0,2959
1337.5889362098005,2960
0.0,2961
839.6807691276252,2962
670.5810311738157,2963
32.312700950496826,2964
1750.5181060133057,2965
427.03652152605537,2966
0.0,2967
0.0,2968
0.0,2969
0.0,2970
0.0,2971
140.39346650005834,2972
452.28714388700206,2973
1557.9546845062653,2974
0.0,2975
674.0370700483713,2976
333.79045128910985,2977
0.0,2978
322.5569924964818,2979
317.43517139830453,2980
0.0,2981
0.0,2982
0.0,2983
1526.361876447282,2984
1344.087641290502,2985
0.0,2986
0.0,2987
0.0,2988
0.0,2989
0.0,2990
0.0,2991
0.0,2992
0.0,2993
0.0,2994
0.0,2995
0.0,2996
2099.781262498661,2997
0.0,2998
0.0,2999
0.0,3000
0.0,3001
952.2195887751277,3002
0.0,3003
0.0,3004
0.0,3005
0.0,3006
1601.1464690773983,3007
0.0,3008
0.0,3009
0.0,3010
1600.6288327555105,3011
0.0,3012
0.0,3013
0.0,3014
0.0,3015
0.0,3016
0.0,3017
0.0,3018
0.0,3019
0.0,3020
0.0,3021
0.0,3022
0.0,3023
0.0,3024
0.0,3025
1377.0978880485536,3026
571.0406870578066,3027
0.0,3028
0.0,3029
0.0,3030
311.63181368694273,3031
0.0,3032
0.0,3033
1572.1312190223546,3034
12.102988569130826,3035
0.0,3036
0.0,3037
0.0,3038
6081.9700340471045,3039
0.0,3040
364.47433083546326,3041
0.0,3042
390.1803100074181,3043
0.0,3044
0.0,3045
0.0,3046
0.0,3047
0.0,3048
0.0,3049
0.0,3050
0.0,3051
0.0,3052
0.0,3053
0.0,3054
0.0,3055
0.0,3056
0.0,3057
0.0,3058
0.0,3059
0.0,3060
923.2811601446994,3061
660.4126833916922,3062
884.407560795667,3063
0.0,3064
0.0,3065
0.0,3066
0.0,3067
0.0,3068
368.80415489411473,3069
0.0,3070
0.0,3071
0.0,3072
658.8837755274719,3073
2152.4167772777605,3074
157.03292269813244,3075
0.0,3076
0.0,3077
0.0,3078
0.0,3079
0.0,3080
0.0,3081
0.0,3082
0.0,3083
0.0,3084
0.0,3085
0.0,3086
0.0,3087
0.0,3088
1505.7865566736796,3089
0.0,3090
1603.2862634080152,3091
0.0,3092
0.0,3093
0.0,3094
0.0,3095
0.0,3096
0.0,3097
0.0,3098
0.0,3099
0.0,3100
0.0,3101
0.0,3102
0.0,3103
0.0,3104
0.0,3105
0.0,3106
0.0,3107
0.0,3108
0.0,3109
1577.8546872164907,3110
0.0,3111
0.0,3112
428.9664652184198,3113
0.0,3114
0.0,3115
0.0,3116
0.0,3117
0.0,3118
0.0,3119
0.0,3120
0.0,3121
991.2700816718329,3122
253.83275750815375,3123
241.52729407121865,3124
0.0,3125
0.0,3126
0.0,3127
0.0,3128
0.0,3129
0.0,3130
0.0,3131
0.0,3132
0.0,3133
0.0,3134
0.0,3135
0.0,3136
0.0,3137
0.0,3138
0.0,3139
0.0,3140
3221.2756432946435,3141
0.0,3142
0.0,3143
0.0,3144
0.0,3145
0.0,3146
0.0,3147
1224.642380572997,3148
0.0,3149
988.3455130133668,3150
210.19684053407335,3151
0.0,3152
0.0,3153
0.0,3154
0.0,3155
0.0,3156
242.7009163354424,3157
0.0,3158
0.0,3159
0.0,3160
0.0,3161
0.0,3162
0.0,3163
0.0,3164
0.0,3165
0.0,3166
0.0,3167
251.06445706019846,3168
3035.8540660605277,3169
0.0,3170
0.0,3171
0.0,3172
971.0503394522916,3173
0.0,3174
0.0,3175
30.486312519601203,3176
0.0,3177
0.0,3178
0.0,3179
1029.9642421532517,3180
116.7675784263096,3181
0.0,3182
441.5614260308889,3183
0.0,3184
0.0,3185
2795.1302523589593,3186
2859.653105715835,3187
0.0,3188
0.0,3189
297.4983318818112,3190
0.0,3191
0.0,3192
247.5228418325824,3193
0.0,3194
0.0,3195
0.0,3196
295.330968298466,3197
0.0,3198
0.0,3199
0.0,3200
223.42774046687035,3201
0.0,3202
262.18054555354234,3203
0.0,3204
0.0,3205
0.0,3206
295.416900887764,3207
0.0,3208
0.0,3209
0.0,3210
2744.228400568243,3211
0.0,3212
570.6887727713881,3213
0.0,3214
548.0031618985494,3215
203.73072961888582,3216
0.0,3217
0.0,3218
371.83265403645424,3219
0.0,3220
876.7729138025162,3221
0.0,3222
360.69073859261425,3223
0.0,3224
352.51830756527727,3225
0.0,3226
0.0,3227
0.0,3228
329.31045194299935,3229
0.0,3230
0.0,3231
0.0,3232
344.9982250624768,3233
190.87674039607973,3234
0.0,3235
0.0,3236
346.0420649105734,3237
0.0,3238
0.0,3239
0.0,3240
168.12291632763606,3241
0.0,3242
0.0,3243
0.0,3244
134.51390514313863,3245
0.0,3246
424.11111096677405,3247
0.0,3248
0.0,3249
0.0,3250
0.0,3251
0.0,3252
0.0,3253
0.0,3254
310.69301120382164,3255
0.0,3256
0.0,3257
1961.2192116724414,3258
0.0,3259
0.0,3260
0.0,3261
0.0,3262
0.0,3263
0.0,3264
1969.8219974095462,3265
0.0,3266
672.8402260230538,3267
0.0,3268
0.0,3269
0.0,3270
178.44904346573364,3271
0.0,3272
4079.393776605412,3273
4495.749888233162,3274
0.0,3275
309.8214723563445,3276
0.0,3277
2213.662341355977,3278
4236.3770446816525,3279
5208.973589120099,3280
4745.534990204128,3281
0.0,3282
0.0,3283
0.0,3284
0.0,3285
387.49907078075455,3286
0.0,3287
0.0,3288
0.0,3289
0.0,3290
0.0,3291
0.0,3292
0.0,3293
0.0,3294
0.0,3295
0.0,3296
0.0,3297
0.0,3298
0.0,3299
1144.8973799668265,3300
7803.611581526941,3301
0.0,3302
0.0,3303
2563.4390984374745,3304
0.0,3305
0.0,3306
0.0,3307
0.0,3308
0.0,3309
505.08797357618937,3310
0.0,3311
0.0,3312
0.0,3313
0.0,3314
208.5476628903776,3315
678.2240971821777,3316
0.0,3317
0.0,3318
0.0,3319
0.0,3320
0.0,3321
0.0,3322
0.0,3323
0.0,3324
0.0,3325
0.0,3326
1329.4471852877184,3327
0.0,3328
0.0,3329
0.0,3330
0.0,3331
0.0,3332
0.0,3333
0.0,3334
0.0,3335
0.0,3336
0.0,3337
661.1666721764049,3338
0.0,3339
0.0,3340
0.0,3341
0.0,3342
0.0,3343
0.0,3344
0.0,3345
0.0,3346
0.0,3347
0.0,3348
0.0,3349
0.0,3350
0.0,3351
0.0,3352
0.0,3353
1606.4448426167314,3354
0.0,3355
204.96355077292807,3356
0.0,3357
0.0,3358
0.0,3359
0.0,3360
0.0,3361
0.0,3362
0.0,3363
1442.0127951333654,3364
0.0,3365
0.0,3366
0.0,3367
1644.5921752878326,3368
4009.9305205766314,3369
0.0,3370
0.0,3371
0.0,3372
1188.0053884922559,3373
1648.0374564236467,3374
0.0,3375
3237.08113493245,3376
0.0,3377
0.0,3378
0.0,3379
0.0,3380
0.0,3381
1387.6107940800555,3382
255.090670169311,3383
0.0,3384
56.392425673676684,3385
0.0,3386
1393.3843986579877,3387
0.0,3388
0.0,3389
0.0,3390
0.0,3391
272.28204727429767,3392
0.0,3393
0.0,3394
0.0,3395
0.0,3396
0.0,3397
0.0,3398
0.0,3399
0.0,3400
0.0,3401
0.0,3402
0.0,3403
0.0,3404
0.0,3405
0.0,3406
0.0,3407
0.0,3408
0.0,3409
0.0,3410
0.0,3411
0.0,3412
0.0,3413
0.0,3414
0.0,3415
0.0,3416
2095.3024812982762,3417
0.0,3418
0.0,3419
0.0,3420
0.0,3421
0.0,3422
0.0,3423
0.0,3424
0.0,3425
0.0,3426
0.0,3427
1422.3742227200983,3428
0.0,3429
0.0,3430
0.0,3431
0.0,3432
0.0,3433
0.0,3434
0.0,3435
0.0,3436
0.0,3437
0.0,3438
0.0,3439
0.0,3440
0.0,3441
0.0,3442
0.0,3443
0.0,3444
0.0,3445
0.0,3446
0.0,3447
0.0,3448
0.0,3449
0.0,3450
0.0,3451
0.0,3452
0.0,3453
0.0,3454
0.0,3455
0.0,3456
0.0,3457
0.0,3458
0.0,3459
0.0,3460
0.0,3461
0.0,3462
0.0,3463
264.0562837613493,3464
0.0,3465
0.0,3466
0.0,3467
0.0,3468
919.1045435979817,3469
0.0,3470
0.0,3471
0.0,3472
0.0,3473
0.0,3474
0.0,3475
0.0,3476
0.0,3477
0.0,3478
0.0,3479
0.0,3480
0.0,3481
0.0,3482
0.0,3483
0.0,3484
0.0,3485
0.0,3486
0.0,3487
0.0,3488
949.0636685251285,3489
0.0,3490
938.656506772053,3491
0.0,3492
335.64009702263314,3493
0.0,3494
0.0,3495
330.1727233413829,3496
1110.7438265991136,3497
154.50628040035215,3498
0.0,3499
0.0,3500
417.43631571944746,3501
0.0,3502
0.0,3503
0.0,3504
0.0,3505
0.0,3506
1704.8819793395137,3507
0.0,3508
0.0,3509
0.0,3510
0.0,3511
1455.747913590756,3512
1446.6166932525764,3513
0.0,3514
0.0,3515
1060.907188282565,3516
0.0,3517
0.0,3518
1057.401839068058,3519
0.0,3520
0.0,3521
1219.1734005802048,3522
0.0,3523
0.0,3524
1057.971817177252,3525
0.0,3526
1059.399235838534,3527
0.0,3528
0.0,3529
0.0,3530
0.0,3531
0.0,3532
0.0,3533
0.0,3534
0.0,3535
1062.467788899077,3536
0.0,3537
0.0,3538
0.0,3539
1090.365787407171,3540
0.0,3541
1095.7113740095328,3542
0.0,3543
0.0,3544
0.0,3545
491.75460996514965,3546
0.0,3547
0.0,3548
0.0,3549
1973.8422306164305,3550
0.0,3551
0.0,3552
0.0,3553
0.0,3554
0.0,3555
0.0,3556
0.0,3557
0.0,3558
742.0403813419296,3559
0.0,3560
0.0,3561
0.0,3562
0.0,3563
870.5589155112694,3564
0.0,3565
0.0,3566
0.0,3567
788.5178876022653,3568
0.0,3569
0.0,3570
0.0,3571
0.0,3572
0.0,3573
168.02528249818076,3574
0.0,3575
0.0,3576
0.0,3577
0.0,3578
0.0,3579
0.0,3580
0.0,3581
2032.5854090731625,3582
0.0,3583
0.0,3584
0.0,3585
0.0,3586
0.0,3587
229.64555478310334,3588
985.4914647043598,3589
0.0,3590
1005.7704579952791,3591
0.0,3592
2.540538596965377,3593
1148.0490236245832,3594
2669.5501121580064,3595
0.0,3596
4064.951750236562,3597
0.0,3598
442.03682256006846,3599
0.0,3600
456.69582919744505,3601
0.0,3602
0.0,3603
0.0,3604
0.0,3605
1951.659695797491,3606
0.0,3607
63.57610313583007,3608
0.0,3609
0.0,3610
0.0,3611
0.0,3612
891.4036148564945,3613
212.50922640898312,3614
112.41744693728913,3615
2622.0032500789484,3616
0.0,3617
1187.5867784758068,3618
0.0,3619
0.0,3620
426.9950931043714,3621
0.0,3622
0.0,3623
0.0,3624
1212.4327826440026,3625
0.0,3626
0.0,3627
8364.603680050423,3628
0.0,3629
0.0,3630
0.0,3631
0.0,3632
0.0,3633
0.0,3634
0.0,3635
0.0,3636
1924.199869884025,3637
0.0,3638
0.0,3639
0.0,3640
0.0,3641
0.0,3642
0.0,3643
0.0,3644
0.0,3645
0.0,3646
0.0,3647
0.0,3648
424.4226550942493,3649
0.0,3650
0.0,3651
0.0,3652
0.0,3653
0.0,3654
0.0,3655
0.0,3656
0.0,3657
0.0,3658
0.0,3659
0.0,3660
0.0,3661
0.0,3662
968.8554174215824,3663
0.0,3664
0.0,3665
0.0,3666
0.0,3667
0.0,3668
0.0,3669
0.0,3670
0.0,3671
0.0,3672
0.0,3673
0.0,3674
0.0,3675
0.0,3676
0.0,3677
0.0,3678
0.0,3679
1406.1480587693247,3680
0.0,3681
0.0,3682
0.0,3683
0.0,3684
0.0,3685
0.0,3686
0.0,3687
0.0,3688
0.0,3689
0.0,3690
0.0,3691
0.0,3692
109.9350320366258,3693
1563.256637371719,3694
0.0,3695
0.0,3696
0.0,3697
0.0,3698
0.0,3699
0.0,3700
0.0,3701
759.8179086681802,3702
0.0,3703
0.0,3704
0.0,3705
0.0,3706
0.0,3707
0.0,3708
0.0,3709
0.0,3710
0.0,3711
0.0,3712
2879.828174949447,3713
2882.0563827926408,3714
0.0,3715
983.1536432798321,3716
0.0,3717
0.0,3718
0.0,3719
0.0,3720
992.6507516326343,3721
0.0,3722
0.0,3723
2971.71246258389,3724
0.0,3725
0.0,3726
0.0,3727
0.0,3728
0.0,3729
129.62270616369295,3730
0.0,3731
379.5622405655278,3732
0.0,3733
0.49801260249822904,3734
0.0,3735
0.0,3736
0.0,3737
659.8248321973696,3738
0.0,3739
1064.5588900738917,3740
0.0,3741
0.0,3742
0.0,3743
0.0,3744
666.2298164485227,3745
0.0,3746
672.9760305254283,3747
66.56010855968961,3748
0.0,3749
0.0,3750
0.0,3751
0.0,3752
0.0,3753
0.0,3754
0.0,3755
0.0,3756
0.0,3757
0.0,3758
0.0,3759
0.0,3760
0.0,3761
337.3930831066108,3762
0.0,3763
0.0,3764
0.0,3765
0.0,3766
0.0,3767
175.93834278387178,3768
0.0,3769
163.14313273850658,3770
0.0,3771
0.0,3772
0.0,3773
169.1641439894731,3774
161.46627518088994,3775
956.1332419415397,3776
562.9965035746304,3777
0.0,3778
769.8157518952497,3779
560.9348626832547,3780
254.13278290678699,3781
1233.2199998738708,3782
0.0,3783
0.0,3784
0.0,3785
683.7265715696875,3786
0.0,3787
0.0,3788
256.79359696016553,3789
0.0,3790
0.0,3791
1050.7897620442532,3792
0.0,3793
0.0,3794
256.1009696546596,3795
0.0,3796
0.0,3797
0.0,3798
0.0,3799
901.9107485368936,3800
820.7176893996249,3801
0.0,3802
0.0,3803
0.0,3804
0.0,3805
0.0,3806
0.0,3807
0.0,3808
0.0,3809
0.0,3810
0.0,3811
0.0,3812
0.0,3813
0.0,3814
0.0,3815
0.0,3816
0.0,3817
0.0,3818
10.382139933248581,3819
0.0,3820
363.4642191856903,3821
384.1431233570401,3822
94.19778506543534,3823
0.0,3824
200.718048253867,3825
199.43491905217223,3826
0.0,3827
553.7336199693348,3828
0.0,3829
0.0,3830
18.469258595099763,3831
555.6866770591855,3832
0.0,3833
38.25613453763093,3834
0.0,3835
0.0,3836
0.0,3837
0.0,3838
0.0,3839
0.0,3840
0.0,3841
0.0,3842
0.0,3843
0.0,3844
0.0,3845
0.0,3846
0.0,3847
0.0,3848
0.0,3849
0.0,3850
0.0,3851
0.0,3852
0.0,3853
0.0,3854
583.1840238014163,3855
0.0,3856
0.0,3857
0.0,3858
0.0,3859
0.0,3860
0.0,3861
0.0,3862
0.0,3863
114.48668363364297,3864
0.0,3865
91.46762371959689,3866
0.0,3867
0.0,3868
0.0,3869
0.0,3870
0.0,3871
0.0,3872
0.0,3873
0.0,3874
0.0,3875
0.0,3876
0.0,3877
0.0,3878
0.0,3879
0.0,3880
0.0,3881
0.0,3882
0.0,3883
0.0,3884
0.0,3885
0.0,3886
0.0,3887
0.0,3888
0.0,3889
0.0,3890
0.0,3891
0.0,3892
0.0,3893
0.0,3894
0.0,3895
0.0,3896
0.0,3897
0.0,3898
0.0,3899
0.0,3900
0.0,3901
0.0,3902
0.0,3903
156.70337551523622,3904
160.403319655569,3905
0.0,3906
0.0,3907
0.0,3908
0.0,3909
0.0,3910
0.0,3911
0.0,3912
0.0,3913
0.0,3914
0.0,3915
0.0,3916
0.0,3917
0.0,3918
0.0,3919
0.0,3920
0.0,3921
0.0,3922
0.0,3923
0.0,3924
0.0,3925
0.0,3926
0.0,3927
0.0,3928
0.0,3929
0.0,3930
0.0,3931
0.0,3932
2402.6098815942587,3933
0.0,3934
0.0,3935
0.0,3936
2770.2335605147823,3937
1431.5845129464365,3938
0.0,3939
1253.10142487386,3940
310.58188897751256,3941
371.7612258464429,3942
348.1837195249268,3943
341.3297592571227,3944
314.2380257961126,3945
411.4530695187767,3946
385.32257801166224,3947
0.0,3948
173.28659039957103,3949
0.0,3950
145.23762379725116,3951
100.87271166646194,3952
0.0,3953
0.0,3954
0.0,3955
0.0,3956
0.0,3957
0.0,3958
826.7180053388057,3959
0.0,3960
0.0,3961
0.0,3962
76.11796570089311,3963
55.68317071038183,3964
0.0,3965
39.18820795714208,3966
44.72923878988393,3967
0.0,3968
0.0,3969
0.0,3970
0.0,3971
0.0,3972
0.0,3973
0.0,3974
0.0,3975
0.0,3976
0.0,3977
0.0,3978
0.0,3979
0.0,3980
0.0,3981
0.0,3982
0.0,3983
0.0,3984
0.0,3985
0.0,3986
0.0,3987
0.0,3988
0.0,3989
0.0,3990
0.0,3991
0.0,3992
0.0,3993
0.0,3994
0.0,3995
0.0,3996
416.92605783851525,3997
0.0,3998
0.0,3999
0.0,4000
0.0,4001
0.0,4002
0.0,4003
0.0,4004
0.0,4005
0.0,4006
0.0,4007
0.0,4008
0.0,4009
440.18180363048896,4010
0.0,4011
0.0,4012
0.0,4013
0.0,4014
461.81597029313747,4015
0.0,4016
0.0,4017
0.0,4018
0.0,4019
0.0,4020
0.0,4021
0.0,4022
0.0,4023
0.0,4024
0.0,4025
0.0,4026
0.0,4027
0.0,4028
0.0,4029
0.0,4030
0.0,4031
0.0,4032
0.0,4033
0.0,4034
0.0,4035
0.0,4036
0.0,4037
0.0,4038
0.0,4039
0.0,4040
0.0,4041
0.0,4042
0.0,4043
0.0,4044
0.0,4045
0.0,4046
0.0,4047
0.0,4048
1241.5086318244726,4049
379.8515928679634,4050
326.9389584919043,4051
0.0,4052
0.0,4053
90.71255788877949,4054
113.12322086283952,4055
0.0,4056
3575.129163344229,4057
3586.4326772491763,4058
1256.4209843855135,4059
480.2066141582464,4060
0.0,4061
492.64290365121934,4062
223.87655317184644,4063
529.0723191338221,4064
707.1933668934946,4065
1245.259724455397,4066
0.0,4067
1342.4968592365901,4068
0.0,4069
0.0,4070
2396.680918783773,4071
0.0,4072
3362.9668052778816,4073
0.0,4074
0.0,4075
18.706905246094088,4076
0.0,4077
0.0,4078
0.0,4079
0.0,4080
0.0,4081
358.06282371129646,4082
0.0,4083
0.0,4084
0.0,4085
0.0,4086
808.1351731331631,4087
0.0,4088
0.0,4089
0.0,4090
0.0,4091
0.0,4092
0.0,4093
12.144696624238193,4094
6.012943606367831,4095
0.0,4096
0.0,4097
0.0,4098
0.0,4099
0.0,4100
0.0,4101
0.0,4102
0.0,4103
0.0,4104
0.0,4105
0.0,4106
0.0,4107
0.0,4108
1333.9970116331006,4109
0.0,4110
0.0,4111
0.0,4112
0.0,4113
0.0,4114
0.0,4115
0.0,4116
0.0,4117
280.5468763438749,4118
0.0,4119
0.0,4120
0.0,4121
532.325964368907,4122
0.0,4123
529.6999678686942,4124
0.0,4125
0.0,4126
0.0,4127
0.0,4128
0.0,4129
0.0,4130
0.0,4131
0.0,4132
0.0,4133
0.0,4134
0.0,4135
0.0,4136
0.0,4137
0.0,4138
0.0,4139
0.0,4140
0.0,4141
0.0,4142
0.0,4143
0.0,4144
0.0,4145
0.0,4146
0.0,4147
0.0,4148
0.0,4149
0.0,4150
0.0,4151
0.0,4152
0.0,4153
0.0,4154
0.0,4155
0.0,4156
0.0,4157
0.0,4158
0.0,4159
0.0,4160
0.0,4161
0.0,4162
0.0,4163
0.0,4164
0.0,4165
0.0,4166
0.0,4167
0.0,4168
0.0,4169
0.0,4170
0.0,4171
0.0,4172
0.0,4173
0.0,4174
0.0,4175
0.0,4176
0.0,4177
0.0,4178
0.0,4179
0.0,4180
0.0,4181
0.0,4182
0.0,4183
0.0,4184
0.0,4185
0.0,4186
0.0,4187
0.0,4188
0.0,4189
0.0,4190
0.0,4191
0.0,4192
0.0,4193
0.0,4194
0.0,4195
0.0,4196
0.0,4197
0.0,4198
0.0,4199
0.0,4200
0.0,4201
0.0,4202
0.0,4203
0.0,4204
0.0,4205
0.0,4206
0.0,4207
0.0,4208
0.0,4209
0.0,4210
0.0,4211
0.0,4212
0.0,4213
0.0,4214
0.0,4215
0.0,4216
0.0,4217
0.0,4218
0.0,4219
0.0,4220
0.0,4221
0.0,4222
905.9257280328844,4223
0.0,4224
0.0,4225
0.0,4226
0.0,4227
0.0,4228
0.0,4229
645.8511279305435,4230
63.49770131975929,4231
0.0,4232
0.0,4233
0.0,4234
0.0,4235
0.0,4236
0.0,4237
0.0,4238
2081.260597666351,4239
2022.7110161876046,4240
1498.8862614321636,4241
0.0,4242
0.0,4243
0.0,4244
0.0,4245
0.0,4246
0.0,4247
0.0,4248
680.9851691755089,4249
0.0,4250
0.0,4251
0.0,4252
0.0,4253
297.65208223399713,4254
0.0,4255
0.0,4256
0.0,4257
0.0,4258
0.0,4259
67.31186708147185,4260
0.0,4261
0.0,4262
0.0,4263
0.0,4264
0.0,4265
0.0,4266
0.0,4267
0.0,4268
0.0,4269
608.0624835882901,4270
0.0,4271
0.0,4272
0.0,4273
0.0,4274
0.0,4275
0.0,4276
0.0,4277
0.0,4278
0.0,4279
0.0,4280
0.0,4281
0.0,4282
0.0,4283
0.0,4284
2904.419851427137,4285
0.0,4286
0.0,4287
0.0,4288
0.0,4289
465.4162034044345,4290
0.0,4291
0.0,4292
259.73262688654705,4293
446.8568033973216,4294
0.0,4295
135.74611419861162,4296
0.0,4297
0.0,4298
406.2214777323857,4299
0.0,4300
0.0,4301
0.0,4302
485.01889935885157,4303
0.0,4304
0.0,4305
0.0,4306
0.0,4307
0.0,4308
0.0,4309
0.0,4310
0.0,4311
0.0,4312
0.0,4313
0.0,4314
0.0,4315
0.0,4316
470.58589530301464,4317
0.0,4318
0.0,4319
0.0,4320
0.0,4321
0.0,4322
0.0,4323
0.0,4324
0.0,4325
0.0,4326
0.0,4327
0.0,4328
456.06038101841403,4329
0.0,4330
0.0,4331
0.0,4332
0.0,4333
0.0,4334
0.0,4335
0.0,4336
0.0,4337
0.0,4338
0.0,4339
441.65794085714526,4340
0.0,4341
0.0,4342
0.0,4343
0.0,4344
0.0,4345
0.0,4346
0.0,4347
0.0,4348
0.0,4349
0.0,4350
0.0,4351
0.0,4352
0.0,4353
0.0,4354
0.0,4355
0.0,4356
0.0,4357
0.0,4358
0.0,4359
0.0,4360
0.0,4361
0.0,4362
284.7713418187017,4363
0.0,4364
0.0,4365
0.0,4366
0.0,4367
0.0,4368
0.0,4369
0.0,4370
0.0,4371
0.0,4372
0.0,4373
0.0,4374
0.0,4375
0.0,4376
0.0,4377
0.0,4378
0.0,4379
0.0,4380
0.0,4381
0.0,4382
0.0,4383
0.0,4384
0.0,4385
0.0,4386
602.8767946877892,4387
0.0,4388
0.0,4389
0.0,4390
885.3359481512234,4391
0.0,4392
0.0,4393
0.0,4394
0.0,4395
0.0,4396
0.0,4397
0.0,4398
4073.7497728264725,4399
0.0,4400
0.0,4401
72.7512179280758,4402
632.5757288539597,4403
0.0,4404
36.10665460762026,4405
323.9654725092797,4406
0.0,4407
0.0,4408
0.0,4409
326.57664346469375,4410
0.0,4411
0.0,4412
0.0,4413
0.0,4414
0.0,4415
0.0,4416
0.0,4417
0.0,4418
0.0,4419
0.0,4420
0.0,4421
273.222768697095,4422
0.0,4423
0.0,4424
0.0,4425
9.817094951476095,4426
0.0,4427
0.0,4428
0.0,4429
0.0,4430
0.0,4431
32.077169795397495,4432
0.0,4433
0.0,4434
0.0,4435
0.0,4436
0.0,4437
0.0,4438
0.0,4439
0.0,4440
0.0,4441
0.0,4442
0.0,4443
0.0,4444
0.0,4445
0.0,4446
0.0,4447
0.0,4448
0.0,4449
0.0,4450
0.0,4451
0.0,4452
0.0,4453
0.0,4454
0.0,4455
0.0,4456
0.0,4457
0.0,4458
0.0,4459
0.0,4460
0.0,4461
0.0,4462
0.0,4463
0.0,4464
852.9113505340923,4465
0.0,4466
0.0,4467
0.0,4468
0.0,4469
0.0,4470
0.0,4471
0.0,4472
0.0,4473
0.0,4474
0.0,4475
0.0,4476
0.0,4477
0.0,4478
0.0,4479
0.0,4480
0.0,4481
0.0,4482
78.19517031229947,4483
76.2914765182952,4484
53.77808349798448,4485
0.0,4486
0.0,4487
0.0,4488
0.0,4489
1248.3059300730547,4490
0.0,4491
0.0,4492
0.0,4493
0.0,4494
0.0,4495
0.0,4496
1923.6844606492318,4497
0.0,4498
0.0,4499
0.7072448377824481,4500
1268.1480540527884,4501
0.0,4502
0.0,4503
1264.5321468021375,4504
0.0,4505
0.0,4506
0.0,4507
0.0,4508
203.64684294810897,4509
175.89644813431167,4510
0.0,4511
0.0,4512
0.0,4513
0.0,4514
0.0,4515
0.0,4516
0.0,4517
0.0,4518
0.0,4519
0.0,4520
0.0,4521
0.0,4522
451.95998911475704,4523
0.0,4524
0.0,4525
0.0,4526
0.0,4527
0.0,4528
19.991358450750905,4529
0.0,4530
0.0,4531
698.6329613472205,4532
0.0,4533
0.0,4534
0.0,4535
0.0,4536
0.0,4537
0.0,4538
0.0,4539
0.0,4540
136.7647089414348,4541
0.0,4542
0.0,4543
0.0,4544
0.0,4545
0.0,4546
0.0,4547
0.0,4548
0.0,4549
348.6987540095231,4550
0.0,4551
796.4222015849462,4552
0.0,4553
273.305053101817,4554
0.0,4555
50.84355925242045,4556
0.0,4557
0.0,4558
2551.033652886569,4559
0.0,4560
0.0,4561
0.0,4562
0.0,4563
0.0,4564
0.0,4565
493.05774172468705,4566
0.0,4567
0.0,4568
182.55478576337393,4569
0.0,4570
0.0,4571
0.0,4572
0.0,4573
0.0,4574
0.0,4575
0.0,4576
0.0,4577
0.0,4578
0.0,4579
0.0,4580
926.9638751593575,4581
0.0,4582
0.0,4583
0.0,4584
0.0,4585
0.0,4586
0.0,4587
0.0,4588
0.0,4589
0.0,4590
0.0,4591
0.0,4592
0.0,4593
0.0,4594
881.9519764001659,4595
0.0,4596
0.0,4597
550.1851842624877,4598
0.0,4599
0.0,4600
0.0,4601
0.0,4602
0.0,4603
0.0,4604
0.0,4605
0.0,4606
0.0,4607
0.0,4608
661.4299124147627,4609
0.0,4610
0.0,4611
0.0,4612
0.0,4613
689.6769952776349,4614
674.0071136251144,4615
0.0,4616
0.0,4617
0.0,4618
0.0,4619
0.0,4620
0.0,4621
0.0,4622
0.0,4623
0.0,4624
0.0,4625
0.0,4626
0.0,4627
0.0,4628
0.0,4629
0.0,4630
0.0,4631
0.0,4632
0.0,4633
0.0,4634
0.0,4635
0.0,4636
0.0,4637
0.0,4638
0.0,4639
0.0,4640
0.0,4641
0.0,4642
0.0,4643
0.0,4644
0.0,4645
0.0,4646
0.0,4647
0.0,4648
0.0,4649
0.0,4650
0.0,4651
0.0,4652
0.0,4653
0.0,4654
0.0,4655
0.0,4656
0.0,4657
0.0,4658
0.0,4659
0.0,4660
0.0,4661
0.0,4662
0.0,4663
0.0,4664
0.0,4665
0.0,4666
0.0,4667
0.0,4668
0.0,4669
0.0,4670
0.0,4671
0.0,4672
0.0,4673
0.0,4674
0.0,4675
0.0,4676
0.0,4677
0.0,4678
0.0,4679
0.0,4680
0.0,4681
0.0,4682
0.0,4683
0.0,4684
0.0,4685
0.0,4686
0.0,4687
0.0,4688
0.0,4689
0.0,4690
0.0,4691
0.0,4692
0.0,4693
0.0,4694
0.0,4695
0.0,4696
0.0,4697
0.0,4698
0.0,4699
0.0,4700
0.0,4701
0.0,4702
198.66661472897337,4703
0.0,4704
0.0,4705
0.0,4706
0.0,4707
0.0,4708
0.0,4709
0.0,4710
0.0,4711
0.0,4712
0.0,4713
0.0,4714
0.0,4715
0.0,4716
0.0,4717
0.0,4718
0.0,4719
0.0,4720
0.0,4721
0.0,4722
0.0,4723
0.0,4724
0.0,4725
0.0,4726
0.0,4727
0.0,4728
0.0,4729
0.0,4730
0.0,4731
0.0,4732
0.0,4733
0.0,4734
0.0,4735
0.0,4736
0.0,4737
0.0,4738
0.0,4739
0.0,4740
0.0,4741
0.0,4742
0.0,4743
0.0,4744
0.0,4745
0.0,4746
0.0,4747
0.0,4748
0.0,4749
0.0,4750
0.0,4751
0.0,4752
0.0,4753
0.0,4754
0.0,4755
0.0,4756
0.0,4757
0.0,4758
0.0,4759
0.0,4760
0.0,4761
0.0,4762
0.0,4763
0.0,4764
0.0,4765
0.0,4766
0.0,4767
0.0,4768
0.0,4769
0.0,4770
0.0,4771
0.0,4772
0.0,4773
0.0,4774
6475.259828404965,4775
0.0,4776
195.2229931537546,4777
0.0,4778
0.0,4779
0.0,4780
0.0,4781
0.0,4782
0.0,4783
0.0,4784
0.0,4785
0.0,4786
0.0,4787
0.0,4788
0.0,4789
0.0,4790
0.0,4791
0.0,4792
0.0,4793
0.0,4794
0.0,4795
0.0,4796
0.0,4797
0.0,4798
0.0,4799
0.0,4800
0.0,4801
3020.5827006393315,4802
0.0,4803
0.0,4804
0.0,4805
0.0,4806
0.0,4807
0.0,4808
0.0,4809
0.0,4810
0.0,4811
0.0,4812
0.0,4813
0.0,4814
0.0,4815
0.0,4816
0.0,4817
0.0,4818
0.0,4819
0.0,4820
0.0,4821
0.0,4822
0.0,4823
0.0,4824
0.0,4825
0.0,4826
0.0,4827
0.0,4828
0.0,4829
0.0,4830
0.0,4831
0.0,4832
0.0,4833
0.0,4834
0.0,4835
0.0,4836
0.0,4837
0.0,4838
0.0,4839
0.0,4840
0.0,4841
0.0,4842
0.0,4843
0.0,4844
0.0,4845
0.0,4846
0.0,4847
0.0,4848
0.0,4849
0.0,4850
0.0,4851
0.0,4852
0.0,4853
0.0,4854
0.0,4855
1451.3569810410875,4856
0.0,4857
0.0,4858
0.0,4859
0.0,4860
0.0,4861
4345.19151812683,4862
0.0,4863
0.0,4864
0.0,4865
0.0,4866
0.0,4867
0.0,4868
0.0,4869
0.0,4870
0.0,4871
0.0,4872
0.0,4873
0.0,4874
0.0,4875
0.0,4876
0.0,4877
0.0,4878
0.0,4879
0.0,4880
0.0,4881
0.0,4882
0.0,4883
0.0,4884
0.0,4885
0.0,4886
0.0,4887
0.0,4888
0.0,4889
0.0,4890
0.0,4891
491.5695416522576,4892
0.0,4893
0.0,4894
0.0,4895
0.0,4896
0.0,4897
0.0,4898
0.0,4899
0.0,4900
0.0,4901
0.0,4902
0.0,4903
0.0,4904
0.0,4905
0.0,4906
0.0,4907
0.0,4908
0.0,4909
0.0,4910
0.0,4911
0.0,4912
0.0,4913
0.0,4914
0.0,4915
0.0,4916
0.0,4917
0.0,4918
0.0,4919
0.0,4920
0.0,4921
0.0,4922
0.0,4923
0.0,4924
0.0,4925
0.0,4926
0.0,4927
0.0,4928
0.0,4929
0.0,4930
0.0,4931
0.0,4932
0.0,4933
0.0,4934
0.0,4935
0.0,4936
0.0,4937
0.0,4938
0.0,4939
0.0,4940
0.0,4941
0.0,4942
43.91429861223402,4943
0.0,4944
0.0,4945
0.0,4946
0.0,4947
0.0,4948
0.0,4949
0.0,4950
1158.8394281794187,4951
0.0,4952
0.0,4953
0.0,4954
0.0,4955
0.0,4956
0.0,4957
0.0,4958
0.0,4959
0.0,4960
0.0,4961
0.0,4962
0.0,4963
0.0,4964
0.0,4965
0.0,4966
0.0,4967
0.0,4968
0.0,4969
0.0,4970
0.0,4971
0.0,4972
0.0,4973
0.0,4974
0.0,4975
0.0,4976
217.46007156441758,4977
0.0,4978
0.0,4979
0.0,4980
0.0,4981
0.0,4982
0.0,4983
0.0,4984
0.0,4985
0.0,4986
0.0,4987
0.0,4988
0.0,4989
0.0,4990
0.0,4991
0.0,4992
0.0,4993
0.0,4994
0.0,4995
0.0,4996
0.0,4997
0.0,4998
0.0,4999
0.0,5000
0.0,5001
0.0,5002
0.0,5003
0.0,5004
0.0,5005
0.0,5006
0.0,5007
0.0,5008
0.0,5009
0.0,5010
398.7100919337488,5011
0.0,5012
0.0,5013
0.0,5014
0.0,5015
0.0,5016
0.0,5017
0.0,5018
0.0,5019
0.0,5020
0.0,5021
0.0,5022
0.0,5023
0.0,5024
0.0,5025
0.0,5026
0.0,5027
0.0,5028
0.0,5029
0.0,5030
0.0,5031
564.8695497646399,5032
0.0,5033
0.0,5034
0.0,5035
0.0,5036
367.94864806640066,5037
0.0,5038
0.0,5039
0.0,5040
0.0,5041
0.0,5042
0.0,5043
0.0,5044
0.0,5045
0.0,5046
0.0,5047
0.0,5048
0.0,5049
0.0,5050
0.0,5051
0.0,5052
573.6607282454638,5053
0.0,5054
0.0,5055
17.121272452159058,5056
0.0,5057
491.4794059334128,5058
899.743919853863,5059
1964.1416771888323,5060
552.5625694479643,5061
0.0,5062
725.9021544047802,5063
0.0,5064
0.0,5065
1218.7946230505115,5066
0.0,5067
0.0,5068
1387.6927385509987,5069
455.5686882789723,5070
0.0,5071
2346.1838421168823,5072
1638.6846756646792,5073
3590.6724927535233,5074
449.31336800919655,5075
2312.068768574325,5076
0.0,5077
3080.063517337459,5078
2231.8824941350067,5079
777.3084038843334,5080
746.3517129045364,5081
421.02164837308084,5082
0.0,5083
0.0,5084
540.9591083456299,5085
0.0,5086
740.6692695262379,5087
0.0,5088
215.3181989880577,5089
1972.3788216132457,5090
179.67814984786264,5091
0.0,5092
0.0,5093
2439.1306985861825,5094
2424.310271447423,5095
0.0,5096
0.0,5097
0.0,5098
366.97738850975674,5099
0.0,5100
0.0,5101
0.0,5102
370.96119911498005,5103
0.0,5104
0.0,5105
220.40620990217369,5106
0.0,5107
0.0,5108
0.0,5109
463.66282095395786,5110
0.0,5111
0.0,5112
397.70063435406473,5113
0.0,5114
0.0,5115
0.0,5116
0.0,5117
464.9978032116778,5118
0.0,5119
0.0,5120
3648.5689434113256,5121
0.0,5122
1105.6687834305333,5123
0.0,5124
0.0,5125
0.0,5126
0.0,5127
0.0,5128
0.0,5129
0.0,5130
0.0,5131
0.0,5132
0.0,5133
0.0,5134
0.0,5135
0.0,5136
0.0,5137
0.0,5138
0.0,5139
0.0,5140
0.0,5141
0.0,5142
0.0,5143
0.0,5144
0.0,5145
0.0,5146
62.31835835885947,5147
0.0,5148
0.0,5149
0.0,5150
0.0,5151
0.0,5152
0.0,5153
0.0,5154
0.0,5155
0.0,5156
0.0,5157
0.0,5158
0.0,5159
0.0,5160
0.0,5161
0.0,5162
0.0,5163
0.0,5164
60.35678945105883,5165
0.0,5166
0.0,5167
0.0,5168
589.7784565570769,5169
0.0,5170
1151.434736805443,5171
0.0,5172
0.0,5173
0.0,5174
0.0,5175
1296.6185487041482,5176
0.0,5177
659.0763499537431,5178
678.0980958831543,5179
0.0,5180
1425.0768786852009,5181
0.0,5182
0.0,5183
0.0,5184
0.0,5185
0.0,5186
0.0,5187
0.0,5188
0.0,5189
0.0,5190
0.0,5191
0.0,5192
0.0,5193
0.0,5194
0.0,5195
0.0,5196
0.0,5197
0.0,5198
0.0,5199
0.0,5200
0.0,5201
0.0,5202
0.0,5203
0.0,5204
0.0,5205
0.0,5206
0.0,5207
0.0,5208
0.0,5209
0.0,5210
510.2452502995583,5211
0.0,5212
0.0,5213
0.0,5214
0.0,5215
0.0,5216
0.0,5217
0.0,5218
0.0,5219
0.0,5220
0.0,5221
0.0,5222
0.0,5223
0.0,5224
0.0,5225
0.0,5226
0.0,5227
0.0,5228
0.0,5229
0.0,5230
0.0,5231
758.2457428484491,5232
0.0,5233
0.0,5234
0.0,5235
0.0,5236
0.0,5237
0.0,5238
0.0,5239
0.0,5240
0.0,5241
0.0,5242
0.0,5243
0.0,5244
0.0,5245
0.0,5246
0.0,5247
0.0,5248
0.0,5249
0.0,5250
3945.8395243135947,5251
0.0,5252
0.0,5253
0.0,5254
0.0,5255
0.0,5256
0.0,5257
0.0,5258
0.0,5259
0.0,5260
0.0,5261
0.0,5262
0.0,5263
0.0,5264
0.0,5265
0.0,5266
0.0,5267
0.0,5268
0.0,5269
0.0,5270
0.0,5271
0.0,5272
1286.8228663680943,5273
0.0,5274
0.0,5275
0.0,5276
0.0,5277
0.0,5278
683.0993259067194,5279
0.0,5280
0.0,5281
0.0,5282
95.8989422821869,5283
0.0,5284
0.0,5285
4700.656765481108,5286
0.0,5287
0.0,5288
0.0,5289
178.0391088651804,5290
162.56289364725743,5291
1491.9246893661862,5292
139.49569205489968,5293
3310.648863310378,5294
0.0,5295
0.0,5296
0.0,5297
0.0,5298
0.0,5299
0.0,5300
0.0,5301
0.0,5302
0.0,5303
0.0,5304
0.0,5305
0.0,5306
0.0,5307
0.0,5308
0.0,5309
0.0,5310
0.0,5311
0.0,5312
0.0,5313
973.4319481880373,5314
0.0,5315
0.0,5316
0.0,5317
0.0,5318
900.7582744132275,5319
29.737817167206135,5320
41.10948759314603,5321
0.0,5322
0.0,5323
0.0,5324
0.0,5325
0.0,5326
0.0,5327
0.0,5328
0.0,5329
453.6385171345826,5330
55.0316637071246,5331
80.21008648941024,5332
0.0,5333
0.0,5334
0.0,5335
0.0,5336
0.0,5337
0.0,5338
0.0,5339
0.0,5340
0.0,5341
0.0,5342
0.0,5343
0.0,5344
0.0,5345
0.0,5346
0.0,5347
0.0,5348
0.0,5349
0.0,5350
0.0,5351
0.0,5352
0.0,5353
0.0,5354
0.0,5355
0.0,5356
0.0,5357
2.9926228402394646,5358
0.0,5359
0.0,5360
0.0,5361
0.0,5362
0.0,5363
0.0,5364
0.0,5365
0.0,5366
0.0,5367
2323.220071872117,5368
0.0,5369
0.0,5370
0.0,5371
0.0,5372
0.0,5373
0.0,5374
0.0,5375
0.0,5376
0.0,5377
116.44957692216114,5378
0.0,5379
0.0,5380
0.0,5381
0.0,5382
0.0,5383
0.0,5384
0.0,5385
0.0,5386
0.0,5387
0.0,5388
0.0,5389
0.0,5390
0.0,5391
0.0,5392
0.0,5393
0.0,5394
0.0,5395
0.0,5396
0.0,5397
0.0,5398
0.0,5399
0.0,5400
0.0,5401
0.0,5402
0.0,5403
0.0,5404
0.0,5405
0.0,5406
0.0,5407
0.0,5408
0.0,5409
0.0,5410
0.0,5411
0.0,5412
0.0,5413
756.2590796197088,5414
0.0,5415
0.0,5416
0.0,5417
0.0,5418
0.0,5419
0.0,5420
0.0,5421
0.0,5422
0.0,5423
0.0,5424
0.0,5425
0.0,5426
0.0,5427
0.0,5428
0.0,5429
0.0,5430
0.0,5431
0.0,5432
0.0,5433
0.0,5434
1304.623911513891,5435
0.0,5436
0.0,5437
3063.7631666533575,5438
0.0,5439
0.0,5440
0.0,5441
0.0,5442
0.0,5443
5022.712388409424,5444
0.0,5445
0.0,5446
0.0,5447
0.0,5448
0.0,5449
0.0,5450
0.0,5451
0.0,5452
0.0,5453
0.0,5454
0.0,5455
0.0,5456
0.0,5457
0.0,5458
0.0,5459
0.0,5460
3105.9703346606825,5461
0.0,5462
0.0,5463
0.0,5464
0.0,5465
0.0,5466
0.0,5467
0.0,5468
0.0,5469
0.0,5470
0.0,5471
0.0,5472
0.0,5473
0.0,5474
186.52567434984954,5475
1103.753728473452,5476
0.0,5477
0.0,5478
0.0,5479
0.0,5480
0.0,5481
0.0,5482
175.5483225715844,5483
0.0,5484
0.0,5485
0.0,5486
0.0,5487
0.0,5488
0.0,5489
0.0,5490
1125.4577924216824,5491
0.0,5492
0.0,5493
0.0,5494
0.0,5495
0.0,5496
0.0,5497
0.0,5498
0.0,5499
0.0,5500
0.0,5501
0.0,5502
0.0,5503
0.0,5504
0.0,5505
0.0,5506
0.0,5507
0.0,5508
0.0,5509
0.0,5510
0.0,5511
0.0,5512
0.0,5513
0.0,5514
428.812650966665,5515
0.0,5516
0.0,5517
0.0,5518
0.0,5519
0.0,5520
0.0,5521
0.0,5522
2760.4934994339096,5523
0.0,5524
0.0,5525
0.0,5526
0.0,5527
0.0,5528
0.0,5529
392.6140666691145,5530
0.0,5531
0.0,5532
0.0,5533
0.0,5534
0.0,5535
0.0,5536
0.0,5537
0.0,5538
0.0,5539
0.0,5540
0.0,5541
0.0,5542
0.0,5543
0.0,5544
0.0,5545
0.0,5546
0.0,5547
0.0,5548
0.0,5549
354.04610518434805,5550
0.0,5551
0.0,5552
0.0,5553
0.0,5554
0.0,5555
839.2314888551126,5556
833.7138932853012,5557
0.0,5558
0.0,5559
1141.9614503988626,5560
2622.4576687586073,5561
1605.3798392381136,5562
0.0,5563
75.60140789086226,5564
0.0,5565
0.0,5566
0.0,5567
0.0,5568
0.0,5569
0.0,5570
0.0,5571
0.0,5572
0.0,5573
1319.5871812863234,5574
0.0,5575
0.0,5576
0.0,5577
387.00157936632985,5578
0.0,5579
0.0,5580
0.0,5581
285.9161324850561,5582
0.0,5583
0.0,5584
0.0,5585
0.0,5586
0.0,5587
0.0,5588
0.0,5589
0.0,5590
0.0,5591
0.0,5592
0.0,5593
0.0,5594
0.0,5595
0.0,5596
1206.5065824197836,5597
0.0,5598
0.0,5599
0.0,5600
0.0,5601
0.0,5602
0.0,5603
0.0,5604
0.0,5605
0.0,5606
0.0,5607
0.0,5608
0.0,5609
0.0,5610
0.0,5611
0.0,5612
0.0,5613
0.0,5614
0.0,5615
0.0,5616
0.0,5617
0.0,5618
0.0,5619
0.0,5620
0.0,5621
0.0,5622
0.0,5623
0.0,5624
0.0,5625
0.0,5626
0.0,5627
0.0,5628
0.0,5629
0.0,5630
0.0,5631
0.0,5632
0.0,5633
0.0,5634
0.0,5635
0.0,5636
0.0,5637
0.0,5638
0.0,5639
0.0,5640
0.0,5641
0.0,5642
0.0,5643
0.0,5644
0.0,5645
0.0,5646
0.0,5647
0.0,5648
0.0,5649
0.0,5650
0.0,5651
0.0,5652
0.0,5653
0.0,5654
0.0,5655
0.0,5656
0.0,5657
0.0,5658
0.0,5659
0.0,5660
0.0,5661
0.0,5662
0.0,5663
0.0,5664
0.0,5665
0.0,5666
0.0,5667
0.0,5668
4724.125945065065,5669
0.0,5670
0.0,5671
0.0,5672
0.0,5673
0.0,5674
0.0,5675
0.0,5676
0.0,5677
0.0,5678
0.0,5679
0.0,5680
0.0,5681
0.0,5682
0.0,5683
0.0,5684
0.0,5685
0.0,5686
0.0,5687
0.0,5688
0.0,5689
0.0,5690
140.77597385909323,5691
0.0,5692
0.0,5693
0.0,5694
0.0,5695
0.0,5696
0.0,5697
0.0,5698
0.0,5699
0.0,5700
0.0,5701
0.0,5702
0.0,5703
0.0,5704
0.0,5705
0.0,5706
0.0,5707
0.0,5708
0.0,5709
0.0,5710
0.0,5711
0.0,5712
0.0,5713
0.0,5714
0.0,5715
0.0,5716
0.0,5717
0.0,5718
0.0,5719
0.0,5720
0.0,5721
0.0,5722
0.0,5723
0.0,5724
0.0,5725
0.0,5726
0.0,5727
0.0,5728
0.0,5729
0.0,5730
0.0,5731
0.0,5732
0.0,5733
1401.4285247113166,5734
0.0,5735
0.0,5736
0.0,5737
0.0,5738
0.0,5739
0.0,5740
0.0,5741
0.0,5742
0.0,5743
0.0,5744
0.0,5745
0.0,5746
0.0,5747
0.0,5748
0.0,5749
0.0,5750
1851.9633974723563,5751
0.0,5752
0.0,5753
0.0,5754
0.0,5755
0.0,5756
149.2537595718621,5757
1194.8077065897,5758
0.0,5759
0.0,5760
0.0,5761
1856.4744257407804,5762
0.0,5763
0.0,5764
0.0,5765
0.0,5766
0.0,5767
0.0,5768
0.0,5769
0.0,5770
0.0,5771
0.0,5772
0.0,5773
0.0,5774
0.0,5775
0.0,5776
0.0,5777
0.0,5778
0.0,5779
0.0,5780
0.0,5781
0.0,5782
6099.6760445631135,5783
0.0,5784
0.0,5785
0.0,5786
1862.850237400678,5787
0.0,5788
0.0,5789
0.0,5790
0.0,5791
0.0,5792
0.0,5793
0.0,5794
0.0,5795
0.0,5796
0.0,5797
0.0,5798
0.0,5799
0.0,5800
0.0,5801
0.0,5802
0.0,5803
0.0,5804
745.2455458927438,5805
724.4007844351959,5806
0.0,5807
0.0,5808
0.0,5809
0.0,5810
0.0,5811
704.3345310673535,5812
0.0,5813
0.0,5814
0.0,5815
0.0,5816
0.0,5817
290.1872972559533,5818
677.7287909103939,5819
0.0,5820
0.0,5821
0.0,5822
0.0,5823
0.0,5824
0.0,5825
0.0,5826
0.0,5827
0.0,5828
660.100014234347,5829
0.0,5830
1856.6641055509403,5831
0.0,5832
0.0,5833
0.0,5834
0.0,5835
0.0,5836
0.0,5837
0.0,5838
0.0,5839
0.0,5840
0.0,5841
0.0,5842
0.0,5843
0.0,5844
0.0,5845
0.0,5846
0.0,5847
0.0,5848
0.0,5849
0.0,5850
0.0,5851
0.0,5852
0.0,5853
0.0,5854
0.0,5855
0.0,5856
0.0,5857
1422.9982163694356,5858
430.275012366689,5859
431.5646660724684,5860
433.38553474668726,5861
442.1897383873319,5862
437.04400000774103,5863
445.8233668058743,5864
0.0,5865
197.30852000322776,5866
779.3989870491971,5867
445.4131443152631,5868
445.5729041042246,5869
445.5234471533967,5870
438.74949520106475,5871
0.0,5872
1065.6006431183307,5873
0.0,5874
0.0,5875
432.5156180622855,5876
773.7856049197743,5877
437.531622451126,5878
436.3776246907601,5879
435.6631725973462,5880
3078.486068765901,5881
769.5575758637925,5882
432.976621194758,5883
432.0112355494105,5884
347.075826332686,5885
0.0,5886
0.0,5887
0.0,5888
0.0,5889
0.0,5890
0.0,5891
0.0,5892
0.0,5893
1260.885917659664,5894
1256.3919077431297,5895
1252.993592604378,5896
0.0,5897
1250.5022605378886,5898
622.767366753135,5899
0.0,5900
0.0,5901
1248.4571838964782,5902
0.0,5903
0.0,5904
1090.199173303041,5905
0.0,5906
2096.6450831288403,5907
1246.9269638110857,5908
1244.5679348181866,5909
1241.376102196158,5910
2092.866413294713,5911
0.0,5912
523.9141191716088,5913
0.0,5914
0.0,5915
0.0,5916
0.0,5917
1236.6804477251096,5918
0.0,5919
0.0,5920
0.0,5921
2231.258273579946,5922
1256.552272333185,5923
0.0,5924
2717.8121277287046,5925
2250.5643088871702,5926
0.0,5927
0.0,5928
0.0,5929
0.0,5930
0.0,5931
0.0,5932
0.0,5933
0.0,5934
0.0,5935
0.0,5936
0.0,5937
0.0,5938
0.0,5939
0.0,5940
0.0,5941
0.0,5942
0.0,5943
0.0,5944
1145.5555497185596,5945
0.0,5946
0.0,5947
0.0,5948
0.0,5949
0.0,5950
0.0,5951
0.0,5952
0.0,5953
0.0,5954
2429.7657573880256,5955
0.0,5956
0.0,5957
0.0,5958
0.0,5959
0.0,5960
0.0,5961
0.0,5962
0.0,5963
0.0,5964
1282.2816243010675,5965
1164.8409513710797,5966
0.0,5967
0.0,5968
0.0,5969
0.0,5970
0.0,5971
0.0,5972
0.0,5973
0.0,5974
661.0021039219841,5975
73.34815357365487,5976
0.0,5977
0.0,5978
0.0,5979
1297.0196119450943,5980
0.0,5981
0.0,5982
0.0,5983
0.0,5984
0.0,5985
0.0,5986
0.0,5987
0.0,5988
0.0,5989
0.0,5990
0.0,5991
0.0,5992
0.0,5993
0.0,5994
0.0,5995
0.0,5996
0.0,5997
0.0,5998
0.0,5999
0.0,6000
900.7795205539755,6001
0.0,6002
0.0,6003
0.0,6004
0.0,6005
0.0,6006
0.0,6007
0.0,6008
0.0,6009
0.0,6010
0.0,6011
0.0,6012
0.0,6013
0.0,6014
0.0,6015
0.0,6016
0.0,6017
0.0,6018
0.0,6019
0.0,6020
0.0,6021
0.0,6022
0.0,6023
0.0,6024
0.0,6025
0.0,6026
0.0,6027
0.0,6028
0.0,6029
0.0,6030
0.0,6031
0.0,6032
0.0,6033
0.0,6034
0.0,6035
0.0,6036
0.0,6037
0.0,6038
0.0,6039
0.0,6040
0.0,6041
0.0,6042
0.0,6043
0.0,6044
0.0,6045
0.0,6046
0.0,6047
0.0,6048
0.0,6049
0.0,6050
0.0,6051
0.0,6052
0.0,6053
0.0,6054
0.0,6055
0.0,6056
0.0,6057
0.0,6058
0.0,6059
9357.033804575078,6060
0.0,6061
0.0,6062
0.0,6063
0.0,6064
0.0,6065
0.0,6066
1344.3323408809651,6067
0.0,6068
0.0,6069
0.0,6070
0.0,6071
0.0,6072
0.0,6073
0.0,6074
0.0,6075
0.0,6076
0.0,6077
0.0,6078
0.0,6079
0.0,6080
0.0,6081
440.652014023252,6082
0.0,6083
0.0,6084
0.0,6085
0.0,6086
0.0,6087
0.0,6088
0.0,6089
0.0,6090
0.0,6091
0.0,6092
3026.674155630245,6093
0.0,6094
0.0,6095
0.0,6096
0.0,6097
0.0,6098
0.0,6099
0.0,6100
3.2681735272276176,6101
0.0,6102
0.0,6103
0.0,6104
0.0,6105
0.0,6106
0.0,6107
0.0,6108
0.0,6109
0.0,6110
0.0,6111
0.0,6112
0.0,6113
0.0,6114
0.0,6115
0.0,6116
3755.695047370319,6117
0.0,6118
0.0,6119
0.0,6120
0.0,6121
0.0,6122
0.0,6123
0.0,6124
2082.7986475289513,6125
0.0,6126
450.0319309395277,6127
0.0,6128
0.0,6129
0.0,6130
249.3613673917871,6131
0.0,6132
0.0,6133
0.0,6134
0.0,6135
0.0,6136
0.0,6137
0.0,6138
0.0,6139
0.0,6140
0.0,6141
458.7278775097176,6142
0.0,6143
0.0,6144
0.0,6145
0.0,6146
0.0,6147
0.0,6148
0.0,6149
0.0,6150
151.16888541248932,6151
0.0,6152
0.0,6153
0.0,6154
925.3395919428367,6155
0.0,6156
0.0,6157
0.0,6158
0.0,6159
178.9480317935283,6160
0.0,6161
0.0,6162
0.0,6163
0.0,6164
0.0,6165
0.0,6166
0.0,6167
203.92830085805406,6168
0.0,6169
0.0,6170
0.0,6171
0.0,6172
0.0,6173
0.0,6174
0.0,6175
1625.5960245977064,6176
241.8902047249236,6177
0.0,6178
0.0,6179
0.0,6180
0.0,6181
89.76530212512515,6182
0.0,6183
1588.2325157416121,6184
0.0,6185
0.0,6186
1368.2698219235533,6187
0.0,6188
1366.7787681075902,6189
0.0,6190
0.0,6191
0.0,6192
307.71655907965567,6193
493.2572999822803,6194
0.0,6195
0.0,6196
0.0,6197
0.0,6198
0.0,6199
0.0,6200
0.0,6201
506.69531613336227,6202
0.0,6203
0.0,6204
1746.3737124327638,6205
0.0,6206
0.0,6207
0.0,6208
600.5118836357802,6209
0.0,6210
0.0,6211
0.0,6212
0.0,6213
0.0,6214
0.0,6215
0.0,6216
0.0,6217
0.0,6218
0.0,6219
1636.7834665985292,6220
0.0,6221
802.8792853284139,6222
0.0,6223
0.0,6224
0.0,6225
0.0,6226
0.0,6227
0.0,6228
0.0,6229
0.0,6230
0.0,6231
0.0,6232
0.0,6233
0.0,6234
664.3788554973332,6235
0.0,6236
0.0,6237
0.0,6238
0.0,6239
0.0,6240
0.0,6241
0.0,6242
218.4030268577191,6243
841.5333497705877,6244
0.0,6245
0.0,6246
0.0,6247
0.0,6248
0.0,6249
0.0,6250
0.0,6251
0.0,6252
0.0,6253
0.0,6254
0.0,6255
0.0,6256
0.0,6257
0.0,6258
0.0,6259
0.0,6260
0.0,6261
0.0,6262
0.0,6263
0.0,6264
0.0,6265
0.0,6266
0.0,6267
0.0,6268
0.0,6269
1645.0062887294841,6270
0.0,6271
0.0,6272
0.0,6273
2623.2910213281402,6274
619.0556781320074,6275
910.5754054579395,6276
0.0,6277
0.0,6278
0.0,6279
0.0,6280
0.0,6281
0.0,6282
0.0,6283
0.0,6284
0.0,6285
0.0,6286
0.0,6287
0.0,6288
182.48450620639318,6289
0.0,6290
0.0,6291
0.0,6292
0.0,6293
0.0,6294
0.0,6295
0.0,6296
0.0,6297
0.0,6298
0.0,6299
0.0,6300
0.0,6301
0.0,6302
0.0,6303
0.0,6304
0.0,6305
0.0,6306
0.0,6307
0.0,6308
0.0,6309
0.0,6310
0.0,6311
0.0,6312
0.0,6313
0.0,6314
0.0,6315
0.0,6316
0.0,6317
0.0,6318
0.0,6319
0.0,6320
0.0,6321
0.0,6322
0.0,6323
94.90148316553172,6324
0.0,6325
0.0,6326
0.0,6327
0.0,6328
0.0,6329
0.0,6330
0.0,6331
0.0,6332
0.0,6333
0.0,6334
0.0,6335
0.0,6336
0.0,6337
0.0,6338
0.0,6339
0.0,6340
0.0,6341
0.0,6342
0.0,6343
0.0,6344
0.0,6345
0.0,6346
0.0,6347
0.0,6348
0.0,6349
0.0,6350
0.0,6351
0.0,6352
0.0,6353
0.0,6354
0.0,6355
0.0,6356
0.0,6357
0.0,6358
0.0,6359
0.0,6360
0.0,6361
0.0,6362
0.0,6363
0.0,6364
0.0,6365
0.0,6366
0.0,6367
0.0,6368
0.0,6369
0.0,6370
5441.586240177286,6371
0.0,6372
0.0,6373
0.0,6374
581.420239559496,6375
588.6369403418527,6376
596.0236044365124,6377
0.0,6378
1740.9165727693974,6379
0.0,6380
0.0,6381
0.0,6382
0.0,6383
0.0,6384
0.0,6385
0.0,6386
0.0,6387
0.0,6388
0.0,6389
990.2953163391554,6390
413.43731774306076,6391
0.0,6392
0.0,6393
874.2935359997779,6394
902.9525593894774,6395
0.0,6396
0.0,6397
0.0,6398
0.0,6399
0.0,6400
0.0,6401
0.0,6402
0.0,6403
5878.03990318905,6404
620.8810435588091,6405
0.0,6406
0.0,6407
1016.322997385462,6408
0.0,6409
0.0,6410
0.0,6411
0.0,6412
0.0,6413
0.0,6414
0.0,6415
4307.906036223226,6416
0.0,6417
0.0,6418
0.0,6419
314.39702266632753,6420
0.0,6421
4324.5462235737095,6422
0.0,6423
0.0,6424
0.0,6425
2122.3658332975606,6426
0.0,6427
1436.4129397152064,6428
1551.4945603190008,6429
121.06033053105502,6430
0.0,6431
0.0,6432
1093.159131974743,6433
340.712196376881,6434
1073.2809083719442,6435
0.0,6436
1180.083057340887,6437
0.0,6438
0.0,6439
1503.6459189808375,6440
1399.0951333630492,6441
1933.0192558225408,6442
0.0,6443
1385.8298554744051,6444
0.0,6445
0.0,6446
0.0,6447
1384.9854585284234,6448
0.0,6449
0.0,6450
0.0,6451
0.0,6452
1383.1455345074971,6453
0.0,6454
327.1765444228977,6455
0.0,6456
1379.9770244671295,6457
0.0,6458
0.0,6459
0.0,6460
469.2706546952061,6461
374.7647799949549,6462
109.6524449413316,6463
1010.7081992860681,6464
0.0,6465
0.0,6466
0.0,6467
0.0,6468
0.0,6469
0.0,6470
0.0,6471
0.0,6472
0.0,6473
0.0,6474
0.0,6475
0.0,6476
0.0,6477
0.0,6478
0.0,6479
0.0,6480
0.0,6481
0.0,6482
0.0,6483
0.0,6484
0.0,6485
0.0,6486
0.0,6487
0.0,6488
0.0,6489
0.0,6490
0.0,6491
0.0,6492
0.0,6493
0.0,6494
0.0,6495
0.0,6496
0.0,6497
0.0,6498
0.0,6499
0.0,6500
0.0,6501
57.304983449101954,6502
0.0,6503
627.3151383167569,6504
1028.1168010704905,6505
0.0,6506
0.0,6507
750.9752892941923,6508
234.81624063350583,6509
740.1933986982729,6510
0.0,6511
1154.6574462291435,6512
0.0,6513
0.0,6514
0.0,6515
0.0,6516
0.0,6517
0.0,6518
0.0,6519
0.0,6520
0.0,6521
0.0,6522
0.0,6523
0.0,6524
781.3382311831808,6525
0.0,6526
0.0,6527
0.0,6528
2615.427304834003,6529
278.56744282341214,6530
0.0,6531
0.0,6532
0.0,6533
0.0,6534
0.0,6535
447.0740682135523,6536
0.0,6537
0.0,6538
376.95276549800906,6539
0.0,6540
0.0,6541
0.0,6542
0.0,6543
0.0,6544
0.0,6545
0.0,6546
0.0,6547
0.0,6548
0.0,6549
0.0,6550
2536.737978634177,6551
0.0,6552
0.0,6553
0.0,6554
0.0,6555
0.0,6556
0.0,6557
1844.046194195077,6558
842.7935372754068,6559
1755.347766832319,6560
0.0,6561
0.0,6562
0.0,6563
0.0,6564
310.2147105099527,6565
0.0,6566
0.0,6567
0.0,6568
0.0,6569
0.0,6570
0.0,6571
3099.5958502755143,6572
0.0,6573
42.15258462624268,6574
0.0,6575
0.0,6576
0.0,6577
0.0,6578
0.0,6579
0.0,6580
0.0,6581
0.0,6582
0.0,6583
0.0,6584
148.01897545419075,6585
0.0,6586
0.0,6587
0.0,6588
0.0,6589
0.0,6590
0.0,6591
0.0,6592
639.5366744653608,6593
0.0,6594
631.2208790404297,6595
0.0,6596
0.0,6597
1258.7165698788172,6598
0.0,6599
0.0,6600
0.0,6601
0.0,6602
0.0,6603
0.0,6604
0.0,6605
0.0,6606
0.0,6607
0.0,6608
30.18109108663176,6609
0.0,6610
0.0,6611
260.10628876950204,6612
1178.9169228658518,6613
1575.6845275637015,6614
1139.2327074856823,6615
0.0,6616
1925.4662212232702,6617
0.0,6618
1519.009144516616,6619
0.0,6620
423.236332466814,6621
0.0,6622
0.0,6623
0.0,6624
0.0,6625
0.0,6626
933.167854983396,6627
116.68438292415148,6628
0.0,6629
5.368963303081944,6630
748.9909993524392,6631
0.0,6632
0.0,6633
0.0,6634
0.0,6635
0.0,6636
0.0,6637
0.0,6638
0.0,6639
0.0,6640
0.0,6641
0.0,6642
0.0,6643
0.0,6644
0.0,6645
0.0,6646
0.0,6647
2247.1486103381753,6648
0.0,6649
0.0,6650
0.0,6651
0.0,6652
178.67792775569933,6653
377.23265053042167,6654
0.0,6655
0.0,6656
0.0,6657
0.0,6658
41.577323491236626,6659
0.0,6660
1413.5724411184365,6661
0.0,6662
0.0,6663
0.0,6664
1469.1926240888404,6665
400.28952377950134,6666
0.0,6667
0.0,6668
1612.2672617845246,6669
1194.9453761412447,6670
0.0,6671
0.0,6672
0.0,6673
720.1102758358754,6674
0.0,6675
0.0,6676
0.0,6677
0.0,6678
0.0,6679
0.0,6680
0.0,6681
0.0,6682
0.0,6683
0.0,6684
204.75055470159876,6685
0.0,6686
0.0,6687
165.67392108170034,6688
471.9786314181206,6689
0.0,6690
0.0,6691
0.0,6692
477.9357460810431,6693
0.0,6694
0.0,6695
0.0,6696
0.0,6697
0.0,6698
2671.908885783976,6699
220.27795484773378,6700
0.0,6701
0.0,6702
0.0,6703
0.0,6704
0.0,6705
0.0,6706
0.0,6707
332.85048007410876,6708
641.4202414058562,6709
323.16921588287204,6710
0.0,6711
0.0,6712
0.0,6713
0.0,6714
0.0,6715
0.0,6716
402.2645064820944,6717
0.0,6718
0.0,6719
0.0,6720
0.0,6721
0.0,6722
0.0,6723
0.0,6724
0.0,6725
177.29009986039733,6726
2425.8361900541377,6727
0.0,6728
1012.4407687846519,6729
81.43164044115056,6730
0.0,6731
0.0,6732
0.0,6733
0.0,6734
0.0,6735
0.0,6736
0.0,6737
0.0,6738
0.0,6739
0.0,6740
0.0,6741
0.0,6742
0.0,6743
0.0,6744
0.0,6745
0.0,6746
0.0,6747
0.0,6748
0.0,6749
0.0,6750
0.0,6751
0.0,6752
0.0,6753
0.0,6754
0.0,6755
0.0,6756
0.0,6757
0.0,6758
0.0,6759
0.0,6760
0.0,6761
0.0,6762
0.0,6763
0.0,6764
0.0,6765
0.0,6766
7785.729532000085,6767
0.0,6768
0.0,6769
0.0,6770
0.0,6771
0.0,6772
0.0,6773
0.0,6774
0.0,6775
0.0,6776
0.0,6777
0.0,6778
0.0,6779
0.0,6780
0.0,6781
0.0,6782
0.0,6783
0.0,6784
0.0,6785
109.72300757624558,6786
0.0,6787
0.0,6788
0.0,6789
0.0,6790
0.0,6791
0.0,6792
164.94922250087703,6793
118.48409875538644,6794
110.18459629043413,6795
0.0,6796
0.0,6797
0.0,6798
0.0,6799
0.0,6800
515.5488405318142,6801
231.94137550791396,6802
515.8368395563825,6803
0.0,6804
428.81391967035734,6805
182.82170883713349,6806
0.0,6807
0.0,6808
799.6722147832552,6809
1426.6961560938093,6810
0.0,6811
692.5425979701552,6812
0.0,6813
2680.8771034486026,6814
0.0,6815
0.0,6816
0.0,6817
397.3505444947227,6818
0.0,6819
3829.2033114584096,6820
0.0,6821
2731.5011234298254,6822
0.0,6823
2724.3036280089214,6824
0.0,6825
0.0,6826
698.9458091479042,6827
0.0,6828
1263.3681699863373,6829
1780.9384383329489,6830
2150.162189815514,6831
1801.305140682261,6832
0.0,6833
0.0,6834
783.367615107597,6835
0.0,6836
2156.201138412204,6837
0.0,6838
1671.338219133235,6839
0.0,6840
0.0,6841
148.70277758981283,6842
0.0,6843
0.0,6844
0.0,6845
0.0,6846
0.0,6847
0.0,6848
0.0,6849
0.0,6850
0.0,6851
0.0,6852
0.0,6853
0.0,6854
0.0,6855
0.0,6856
0.0,6857
0.0,6858
0.0,6859
0.0,6860
0.0,6861
0.0,6862
0.0,6863
3257.354482522063,6864
0.0,6865
0.0,6866
0.0,6867
0.0,6868
0.0,6869
0.0,6870
5057.416479775001,6871
0.0,6872
0.0,6873
603.2325336656379,6874
0.0,6875
0.0,6876
0.0,6877
0.0,6878
0.0,6879
6075.900534264302,6880
0.0,6881
0.0,6882
0.0,6883
0.0,6884
0.0,6885
0.0,6886
0.0,6887
0.0,6888
0.0,6889
0.0,6890
0.0,6891
150.96453399222963,6892
1070.5983464831575,6893
0.0,6894
0.0,6895
137.08472126290036,6896
1755.856284304685,6897
9.716296901205174,6898
215.50276415259412,6899
0.0,6900
0.0,6901
410.6796355732775,6902
0.0,6903
0.0,6904
435.43188273621263,6905
0.0,6906
0.0,6907
0.0,6908
0.0,6909
0.0,6910
0.0,6911
0.0,6912
0.0,6913
901.7650323166562,6914
0.0,6915
0.0,6916
0.0,6917
0.0,6918
0.0,6919
0.0,6920
0.0,6921
0.0,6922
0.0,6923
0.0,6924
0.0,6925
0.0,6926
0.0,6927
0.0,6928
0.0,6929
0.0,6930
0.0,6931
1996.1320915848155,6932
0.0,6933
0.0,6934
0.0,6935
0.0,6936
0.0,6937
1593.4912193332252,6938
341.5999839243202,6939
0.0,6940
1175.653863794743,6941
0.0,6942
0.0,6943
0.0,6944
0.0,6945
0.0,6946
0.0,6947
0.0,6948
0.0,6949
0.0,6950
0.0,6951
3052.1790829537904,6952
1127.9902868483712,6953
2769.6623129970185,6954
152.46387507162956,6955
2586.4099835562192,6956
0.0,6957
817.501510100407,6958
0.0,6959
0.0,6960
0.0,6961
2118.5389085000097,6962
0.0,6963
1055.1013994849147,6964
1064.8807528925292,6965
0.0,6966
0.0,6967
1150.7956142447636,6968
0.0,6969
213.58290478390086,6970
558.4363709975856,6971
0.0,6972
0.0,6973
0.0,6974
0.0,6975
0.0,6976
0.0,6977
0.0,6978
0.0,6979
0.0,6980
0.0,6981
0.0,6982
377.49905577923954,6983
0.0,6984
0.0,6985
0.0,6986
0.0,6987
0.0,6988
0.0,6989
0.0,6990
0.0,6991
0.0,6992
0.0,6993
0.0,6994
0.0,6995
0.0,6996
0.0,6997
0.0,6998
0.0,6999
0.0,7000
0.0,7001
0.0,7002
0.0,7003
0.0,7004
0.0,7005
0.0,7006
0.0,7007
0.0,7008
0.0,7009
0.0,7010
0.0,7011
0.0,7012
0.0,7013
0.0,7014
0.0,7015
0.0,7016
0.0,7017
0.0,7018
0.0,7019
0.0,7020
0.0,7021
27.528510630342808,7022
231.92815962372637,7023
36.478347773043254,7024
0.0,7025
0.0,7026
0.0,7027
0.0,7028
0.0,7029
0.0,7030
0.0,7031
0.0,7032
0.0,7033
3371.9306830313717,7034
0.0,7035
0.0,7036
0.0,7037
0.0,7038
0.0,7039
0.0,7040
0.0,7041
0.0,7042
0.0,7043
0.0,7044
0.0,7045
0.0,7046
0.0,7047
0.0,7048
0.0,7049
0.0,7050
0.0,7051
0.0,7052
0.0,7053
0.0,7054
0.0,7055
0.0,7056
0.0,7057
0.0,7058
0.0,7059
0.0,7060
0.0,7061
0.0,7062
0.0,7063
0.0,7064
0.0,7065
0.0,7066
0.0,7067
1475.8090454766598,7068
0.0,7069
0.0,7070
0.0,7071
0.0,7072
0.0,7073
0.0,7074
0.0,7075
0.0,7076
0.0,7077
0.0,7078
0.0,7079
0.0,7080
0.0,7081
4613.881656587936,7082
0.0,7083
0.0,7084
0.0,7085
0.0,7086
0.0,7087
0.0,7088
0.0,7089
0.0,7090
0.0,7091
0.0,7092
0.0,7093
76.75831427813984,7094
73.04876366882367,7095
1615.525545265846,7096
1768.2876986290134,7097
0.0,7098
1649.9169195421398,7099
940.4839193204293,7100
0.0,7101
0.0,7102
0.0,7103
0.0,7104
0.0,7105
0.0,7106
0.0,7107
0.0,7108
0.0,7109
0.0,7110
0.0,7111
0.0,7112
0.0,7113
0.0,7114
0.0,7115
0.0,7116
0.0,7117
0.0,7118
302.5371887506814,7119
374.90463558305663,7120
0.0,7121
372.5864661080882,7122
0.0,7123
0.0,7124
0.0,7125
0.0,7126
0.0,7127
0.0,7128
0.0,7129
0.0,7130
0.0,7131
0.0,7132
0.0,7133
0.0,7134
0.0,7135
0.0,7136
0.0,7137
0.0,7138
0.0,7139
0.0,7140
0.0,7141
0.0,7142
0.0,7143
0.0,7144
0.0,7145
0.0,7146
0.0,7147
0.0,7148
0.0,7149
0.0,7150
0.0,7151
0.0,7152
0.0,7153
0.0,7154
0.0,7155
0.0,7156
0.0,7157
784.2497624483294,7158
0.0,7159
0.0,7160
257.2819248501443,7161
806.7883944889179,7162
0.0,7163
0.0,7164
0.0,7165
0.0,7166
0.0,7167
0.0,7168
81.51339104403918,7169
84.26136569100498,7170
87.47893551546315,7171
0.0,7172
0.0,7173
0.0,7174
567.5134501519899,7175
0.0,7176
0.0,7177
0.0,7178
0.0,7179
0.0,7180
0.0,7181
0.0,7182
0.0,7183
0.0,7184
156.28256569676742,7185
145.01252392122777,7186
235.11775859200364,7187
0.0,7188
117.6807545465413,7189
0.0,7190
0.0,7191
0.0,7192
0.0,7193
0.0,7194
0.0,7195
0.0,7196
0.0,7197
0.0,7198
0.0,7199
0.0,7200
0.0,7201
0.0,7202
0.0,7203
0.0,7204
0.0,7205
0.0,7206
0.0,7207
0.0,7208
0.0,7209
0.0,7210
0.0,7211
0.0,7212
0.0,7213
1612.169816449526,7214
0.0,7215
0.0,7216
0.0,7217
3052.6910013751667,7218
0.0,7219
0.0,7220
956.1411070567918,7221
0.0,7222
0.0,7223
0.0,7224
0.0,7225
0.0,7226
0.0,7227
0.0,7228
0.0,7229
647.9317466115327,7230
0.0,7231
0.0,7232
0.0,7233
0.0,7234
0.0,7235
0.0,7236
0.0,7237
0.0,7238
0.0,7239
0.0,7240
0.0,7241
0.0,7242
0.0,7243
0.0,7244
0.0,7245
0.0,7246
0.0,7247
0.0,7248
0.0,7249
0.0,7250
0.0,7251
0.0,7252
0.0,7253
0.0,7254
0.0,7255
0.0,7256
0.0,7257
0.0,7258
0.0,7259
0.0,7260
0.0,7261
0.0,7262
0.0,7263
1486.7727695035985,7264
0.0,7265
0.0,7266
1611.6489981598697,7267
1612.7792445511784,7268
0.0,7269
689.5601852799456,7270
0.0,7271
0.0,7272
0.0,7273
0.0,7274
0.0,7275
0.0,7276
1229.3873375039793,7277
0.0,7278
0.0,7279
0.0,7280
0.0,7281
0.0,7282
0.0,7283
0.0,7284
0.0,7285
0.0,7286
402.5216950806709,7287
376.1139492418333,7288
371.75651028506263,7289
0.0,7290
0.0,7291
0.0,7292
0.0,7293
0.0,7294
0.0,7295
0.0,7296
0.0,7297
0.0,7298
0.0,7299
0.0,7300
0.0,7301
0.0,7302
0.0,7303
0.0,7304
0.0,7305
0.0,7306
0.0,7307
0.0,7308
0.0,7309
0.0,7310
0.0,7311
0.0,7312
0.0,7313
0.0,7314
0.0,7315
5608.478005847859,7316
0.0,7317
625.4929372670407,7318
4176.474105031362,7319
1050.689107742512,7320
0.0,7321
2477.163808410415,7322
0.0,7323
0.0,7324
0.0,7325
0.0,7326
0.0,7327
0.0,7328
0.0,7329
223.75549576882125,7330
4093.632296056805,7331
0.0,7332
971.6112687556977,7333
0.0,7334
0.0,7335
0.0,7336
0.0,7337
0.0,7338
0.0,7339
0.0,7340
0.0,7341
0.0,7342
1284.4777706684697,7343
0.0,7344
0.0,7345
0.0,7346
0.0,7347
0.0,7348
0.0,7349
0.0,7350
0.0,7351
0.0,7352
0.0,7353
0.0,7354
0.0,7355
212.6076603280422,7356
213.6574480976282,7357
2816.353161429199,7358
0.0,7359
304.5358993510902,7360
266.7447612444604,7361
0.0,7362
0.0,7363
2709.7316427072346,7364
0.0,7365
0.0,7366
0.0,7367
186.7262456981617,7368
0.0,7369
0.0,7370
0.0,7371
0.0,7372
0.0,7373
0.0,7374
0.0,7375
0.0,7376
0.0,7377
0.0,7378
0.0,7379
0.0,7380
0.0,7381
0.0,7382
5.111228089899701,7383
0.0,7384
0.0,7385
0.0,7386
0.0,7387
689.2006802080074,7388
0.0,7389
680.2623056183404,7390
0.0,7391
0.0,7392
0.0,7393
0.0,7394
0.0,7395
0.0,7396
0.0,7397
0.0,7398
1107.1155628852625,7399
0.0,7400
1036.4217428181166,7401
0.0,7402
0.0,7403
0.0,7404
0.0,7405
3663.3820627992914,7406
0.0,7407
0.0,7408
0.0,7409
0.0,7410
0.0,7411
0.0,7412
3067.31183676748,7413
405.9436396104014,7414
6661.688037946638,7415
1631.3737680620818,7416
0.0,7417
0.0,7418
0.0,7419
0.0,7420
0.0,7421
0.0,7422
351.2632543568275,7423
0.0,7424
258.3008946226886,7425
0.0,7426
0.0,7427
0.0,7428
0.0,7429
0.0,7430
0.0,7431
30.473106410970914,7432
262.4127451867282,7433
3269.4570873224216,7434
363.48583732929296,7435
0.0,7436
0.0,7437
0.0,7438
0.0,7439
0.0,7440
0.0,7441
0.0,7442
0.0,7443
0.0,7444
0.0,7445
0.0,7446
0.0,7447
0.0,7448
0.0,7449
0.0,7450
0.0,7451
0.0,7452
0.0,7453
0.0,7454
0.0,7455
0.0,7456
0.0,7457
0.0,7458
0.0,7459
0.0,7460
1183.814469949393,7461
0.0,7462
0.0,7463
0.0,7464
0.0,7465
0.0,7466
0.0,7467
0.0,7468
0.0,7469
0.0,7470
0.0,7471
0.0,7472
0.0,7473
329.6375763986864,7474
0.0,7475
0.0,7476
0.0,7477
0.0,7478
0.0,7479
0.0,7480
0.0,7481
0.0,7482
179.94980411114386,7483
0.0,7484
0.0,7485
268.22689145715026,7486
258.4284454860541,7487
0.0,7488
0.0,7489
0.0,7490
0.0,7491
0.0,7492
0.0,7493
0.0,7494
0.0,7495
0.0,7496
0.0,7497
0.0,7498
0.0,7499
0.0,7500
572.1873555881385,7501
4056.068411708273,7502
0.0,7503
0.0,7504
0.0,7505
0.0,7506
0.0,7507
0.0,7508
0.0,7509
0.0,7510
0.0,7511
0.0,7512
0.0,7513
1045.0257572976336,7514
0.0,7515
0.0,7516
0.0,7517
0.0,7518
0.0,7519
0.0,7520
0.0,7521
0.0,7522
0.0,7523
0.0,7524
0.0,7525
0.0,7526
0.0,7527
0.0,7528
0.0,7529
0.5717926898690583,7530
0.0,7531
507.8117019867821,7532
0.0,7533
0.0,7534
0.0,7535
0.0,7536
0.0,7537
0.0,7538
0.0,7539
0.0,7540
0.0,7541
0.0,7542
0.0,7543
0.0,7544
0.0,7545
0.0,7546
0.0,7547
1164.0286330442348,7548
301.0412409041056,7549
1676.2632683937966,7550
1682.6911482510482,7551
0.0,7552
0.0,7553
1276.1987245919747,7554
1119.7601324522932,7555
0.0,7556
0.0,7557
350.94916990606004,7558
0.0,7559
0.0,7560
0.0,7561
498.1923345942328,7562
4804.866078124033,7563
0.0,7564
2940.4310608889778,7565
0.0,7566
2165.7949448104323,7567
0.0,7568
0.0,7569
3094.576232344153,7570
0.0,7571
0.0,7572
0.0,7573
3282.597212346913,7574
0.0,7575
0.0,7576
0.0,7577
0.0,7578
0.0,7579
0.0,7580
0.0,7581
0.0,7582
0.0,7583
0.0,7584
0.0,7585
116.99987003959144,7586
2701.9165550817984,7587
1298.3318041170917,7588
0.0,7589
0.0,7590
0.0,7591
0.0,7592
0.0,7593
0.0,7594
0.0,7595
0.0,7596
0.0,7597
0.0,7598
0.0,7599
0.0,7600
0.0,7601
0.0,7602
0.0,7603
0.0,7604
0.0,7605
0.0,7606
0.0,7607
0.0,7608
0.0,7609
0.0,7610
0.0,7611
0.0,7612
0.0,7613
0.0,7614
0.0,7615
0.0,7616
304.1441337501302,7617
298.30298691249976,7618
843.2650749500091,7619
0.0,7620
0.0,7621
0.0,7622
0.0,7623
0.0,7624
0.0,7625
0.0,7626
0.0,7627
0.0,7628
0.0,7629
0.0,7630
0.0,7631
1038.564467897639,7632
0.0,7633
0.0,7634
0.0,7635
0.0,7636
0.0,7637
0.0,7638
0.0,7639
0.0,7640
1034.1381330032737,7641
0.0,7642
0.0,7643
0.0,7644
0.0,7645
0.0,7646
0.0,7647
0.0,7648
0.0,7649
0.0,7650
0.0,7651
0.0,7652
0.0,7653
0.0,7654
0.0,7655
0.0,7656
0.0,7657
0.0,7658
0.0,7659
0.0,7660
0.0,7661
0.0,7662
0.0,7663
0.0,7664
0.0,7665
0.0,7666
0.0,7667
0.0,7668
0.0,7669
1170.882838842892,7670
0.0,7671
0.0,7672
0.0,7673
1633.848997198943,7674
1649.1739053238734,7675
1439.247985830139,7676
928.3154073250907,7677
0.0,7678
0.0,7679
1249.4992233111009,7680
0.0,7681
0.0,7682
0.0,7683
492.71213912203353,7684
0.0,7685
0.0,7686
2420.1936367095796,7687
0.0,7688
0.0,7689
0.0,7690
0.0,7691
0.0,7692
0.0,7693
0.0,7694
0.0,7695
0.0,7696
0.0,7697
0.0,7698
0.0,7699
0.0,7700
0.0,7701
0.0,7702
0.0,7703
0.0,7704
0.0,7705
0.0,7706
0.0,7707
0.0,7708
0.0,7709
0.0,7710
0.0,7711
0.0,7712
0.0,7713
0.0,7714
0.0,7715
0.0,7716
0.0,7717
0.0,7718
0.0,7719
0.0,7720
0.0,7721
0.0,7722
0.0,7723
0.0,7724
0.0,7725
0.0,7726
0.0,7727
0.0,7728
0.0,7729
0.0,7730
0.0,7731
0.0,7732
0.0,7733
0.0,7734
0.0,7735
0.0,7736
0.0,7737
0.0,7738
0.0,7739
0.0,7740
0.0,7741
0.0,7742
0.0,7743
0.0,7744
0.0,7745
0.0,7746
480.04598252382243,7747
0.0,7748
0.0,7749
0.0,7750
0.0,7751
0.0,7752
0.0,7753
0.0,7754
0.0,7755
0.0,7756
0.0,7757
0.0,7758
0.0,7759
0.0,7760
0.0,7761
0.0,7762
0.0,7763
0.0,7764
0.0,7765
0.0,7766
0.0,7767
0.0,7768
0.0,7769
0.0,7770
0.0,7771
0.0,7772
0.0,7773
0.0,7774
0.0,7775
0.0,7776
0.0,7777
0.0,7778
0.0,7779
0.0,7780
0.0,7781
0.0,7782
0.0,7783
0.0,7784
0.0,7785
0.0,7786
0.0,7787
0.0,7788
0.0,7789
0.0,7790
0.0,7791
0.0,7792
0.0,7793
0.0,7794
0.0,7795
0.0,7796
466.5981554532507,7797
0.0,7798
0.0,7799
0.0,7800
0.0,7801
0.0,7802
0.0,7803
0.0,7804
0.0,7805
0.0,7806
0.0,7807
0.0,7808
0.0,7809
0.0,7810
994.0694177775475,7811
0.0,7812
1570.7883289702042,7813
554.2041669630827,7814
0.0,7815
0.0,7816
0.0,7817
12749.290813423033,7818
0.0,7819
0.0,7820
0.0,7821
0.0,7822
0.0,7823
0.0,7824
0.0,7825
0.0,7826
0.0,7827
0.0,7828
0.0,7829
0.0,7830
0.0,7831
0.0,7832
0.0,7833
0.0,7834
1321.9104638729088,7835
0.0,7836
0.0,7837
0.0,7838
0.0,7839
0.0,7840
0.0,7841
0.0,7842
0.0,7843
0.0,7844
0.0,7845
0.0,7846
0.0,7847
0.0,7848
0.0,7849
0.0,7850
0.0,7851
0.0,7852
0.0,7853
0.0,7854
0.0,7855
0.0,7856
0.0,7857
0.0,7858
0.0,7859
0.0,7860
0.0,7861
0.0,7862
0.0,7863
0.0,7864
1494.8369119532827,7865
0.0,7866
0.0,7867
0.0,7868
0.0,7869
0.0,7870
0.0,7871
0.0,7872
0.0,7873
0.0,7874
0.0,7875
0.0,7876
0.0,7877
0.0,7878
0.0,7879
0.0,7880
0.0,7881
0.0,7882
0.0,7883
0.0,7884
0.0,7885
0.0,7886
0.0,7887
0.0,7888
0.0,7889
35.126570923906144,7890
2825.700107917065,7891
0.0,7892
0.0,7893
0.0,7894
0.0,7895
0.0,7896
0.0,7897
0.0,7898
0.0,7899
0.0,7900
0.0,7901
0.0,7902
0.0,7903
0.0,7904
0.0,7905
0.0,7906
0.0,7907
0.0,7908
0.0,7909
0.0,7910
0.0,7911
0.0,7912
0.0,7913
0.0,7914
0.0,7915
0.0,7916
0.0,7917
0.0,7918
0.0,7919
0.0,7920
814.4121859062825,7921
0.0,7922
0.0,7923
0.0,7924
0.0,7925
0.0,7926
0.0,7927
0.0,7928
0.0,7929
0.0,7930
0.0,7931
0.0,7932
0.0,7933
0.0,7934
0.0,7935
0.0,7936
0.0,7937
0.0,7938
0.0,7939
0.0,7940
0.0,7941
0.0,7942
0.0,7943
0.0,7944
0.0,7945
0.0,7946
0.0,7947
0.0,7948
0.0,7949
0.0,7950
0.0,7951
0.0,7952
0.0,7953
0.0,7954
0.0,7955
0.0,7956
0.0,7957
0.0,7958
0.0,7959
0.0,7960
0.0,7961
0.0,7962
0.0,7963
0.0,7964
0.0,7965
0.0,7966
0.0,7967
3994.641619363689,7968
0.0,7969
0.0,7970
0.0,7971
0.0,7972
0.0,7973
0.0,7974
0.0,7975
0.0,7976
0.0,7977
0.0,7978
0.0,7979
0.0,7980
0.0,7981
0.0,7982
0.0,7983
1894.9580074668304,7984
0.0,7985
0.0,7986
0.0,7987
0.0,7988
0.0,7989
0.0,7990
0.0,7991
0.0,7992
0.0,7993
0.0,7994
0.0,7995
0.0,7996
0.0,7997
0.0,7998
288.68667568532845,7999
295.6738721717122,8000
0.0,8001
0.0,8002
0.0,8003
0.0,8004
0.0,8005
0.0,8006
0.0,8007
0.0,8008
0.0,8009
0.0,8010
0.0,8011
0.0,8012
0.0,8013
0.0,8014
0.0,8015
0.0,8016
0.0,8017
0.0,8018
0.0,8019
0.0,8020
0.0,8021
0.0,8022
0.0,8023
0.0,8024
0.0,8025
0.0,8026
0.0,8027
0.0,8028
0.0,8029
0.0,8030
0.0,8031
0.0,8032
0.0,8033
0.0,8034
0.0,8035
0.0,8036
0.0,8037
0.0,8038
0.0,8039
0.0,8040
0.0,8041
0.0,8042
0.0,8043
0.0,8044
0.0,8045
0.0,8046
0.0,8047
0.0,8048
2437.1996884088903,8049
0.0,8050
0.0,8051
0.0,8052
0.0,8053
0.0,8054
0.0,8055
0.0,8056
0.0,8057
0.0,8058
0.0,8059
0.0,8060
0.0,8061
414.55424979577776,8062
0.0,8063
1277.2435442138653,8064
0.0,8065
2046.2899689660712,8066
0.0,8067
0.0,8068
0.0,8069
0.0,8070
0.0,8071
0.0,8072
0.0,8073
64.48427456087568,8074
0.0,8075
0.0,8076
0.0,8077
0.0,8078
0.0,8079
0.0,8080
0.0,8081
0.0,8082
0.0,8083
0.0,8084
0.0,8085
0.0,8086
0.0,8087
664.3493963997329,8088
0.0,8089
0.0,8090
0.0,8091
0.0,8092
0.0,8093
0.0,8094
0.0,8095
0.0,8096
760.1119573518899,8097
0.0,8098
0.0,8099
0.0,8100
678.617659103112,8101
0.0,8102
0.0,8103
0.0,8104
0.0,8105
0.0,8106
0.0,8107
0.0,8108
0.0,8109
822.3295023568652,8110
4713.873991032975,8111
3138.307509832555,8112
62.737470920966196,8113
175.4442016677567,8114
3835.825154285202,8115
0.0,8116
893.0462841525376,8117
0.0,8118
903.8720135483587,8119
0.0,8120
895.5557034944283,8121
897.794264628584,8122
900.6797207028195,8123
1195.0830659502094,8124
1408.0724393470136,8125
1196.2258719113804,8126
1197.3283355668568,8127
1199.58039175244,8128
0.0,8129
1202.977308868379,8130
2671.063273911353,8131
1211.6871923357892,8132
0.0,8133
0.0,8134
0.0,8135
202.09204491691847,8136
0.0,8137
1220.941469084695,8138
1228.3727217387022,8139
0.0,8140
1797.7102558890817,8141
0.0,8142
1236.6942193354384,8143
0.0,8144
2601.332746353623,8145
1556.141201903258,8146
1820.0331291511382,8147
0.0,8148
0.0,8149
2628.6684280499103,8150
0.0,8151
0.0,8152
0.0,8153
0.0,8154
1483.5570566659217,8155
0.0,8156
0.0,8157
2127.7987079683744,8158
0.0,8159
0.0,8160
135.00390367729764,8161
98.28566988517895,8162
552.7478472263488,8163
5.021996440335484,8164
1922.1513462777584,8165
1247.8878506805302,8166
281.1371194014718,8167
217.52535793702344,8168
0.0,8169
0.0,8170
0.0,8171
2188.489083285014,8172
0.0,8173
0.0,8174
0.0,8175
265.23002431167,8176
516.2835796220044,8177
0.0,8178
0.0,8179
1396.1229774898814,8180
0.0,8181
0.0,8182
65.68344132322305,8183
0.0,8184
0.0,8185
0.0,8186
0.0,8187
131.88732859312,8188
224.39463212536128,8189
0.0,8190
216.90014058759846,8191
0.0,8192
0.0,8193
591.8469632896157,8194
208.5015101470775,8195
1323.5871553528298,8196
0.0,8197
1755.5134142474205,8198
0.0,8199
1426.397151523419,8200
1874.6575424419257,8201
2725.3505735278877,8202
2382.807870385211,8203
0.0,8204
0.0,8205
0.0,8206
0.0,8207
0.0,8208
0.0,8209
0.0,8210
0.0,8211
0.0,8212
0.0,8213
0.0,8214
0.0,8215
144.61930298514613,8216
0.0,8217
0.0,8218
0.0,8219
41.520209432976145,8220
0.0,8221
0.0,8222
0.0,8223
0.0,8224
0.0,8225
0.0,8226
0.0,8227
1475.2616132031765,8228
1700.0865160907701,8229
0.0,8230
0.0,8231
0.0,8232
0.0,8233
1727.4986131617932,8234
375.0631501076995,8235
0.0,8236
521.1039812934026,8237
0.0,8238
0.0,8239
0.0,8240
0.0,8241
568.0267234314828,8242
0.0,8243
551.1674083706847,8244
0.0,8245
0.0,8246
0.0,8247
0.0,8248
0.0,8249
0.0,8250
0.0,8251
1389.0143383399195,8252
1405.441195364965,8253
0.0,8254
0.0,8255
0.0,8256
0.0,8257
0.0,8258
0.0,8259
0.0,8260
0.0,8261
0.0,8262
0.0,8263
0.0,8264
0.0,8265
0.0,8266
0.0,8267
0.0,8268
0.0,8269
0.0,8270
993.6891926259763,8271
0.0,8272
0.0,8273
0.0,8274
0.0,8275
0.0,8276
0.0,8277
0.0,8278
221.81024610763947,8279
0.0,8280
829.9023096110858,8281
0.0,8282
0.0,8283
0.0,8284
1090.9510549986926,8285
0.0,8286
0.0,8287
0.0,8288
0.0,8289
0.0,8290
0.0,8291
0.0,8292
0.0,8293
0.0,8294
0.0,8295
0.0,8296
0.0,8297
0.0,8298
1301.8307669989172,8299
0.0,8300
0.0,8301
0.0,8302
0.0,8303
0.0,8304
0.0,8305
0.0,8306
0.0,8307
0.0,8308
0.0,8309
0.0,8310
0.0,8311
0.0,8312
0.0,8313
2455.968196591103,8314
0.0,8315
0.0,8316
0.0,8317
0.0,8318
0.0,8319
0.0,8320
1188.7124770611529,8321
0.0,8322
0.0,8323
0.0,8324
0.0,8325
0.0,8326
0.0,8327
0.0,8328
0.0,8329
1653.9273644158325,8330
0.0,8331
0.0,8332
0.0,8333
0.0,8334
0.0,8335
657.114213238745,8336
0.0,8337
1462.1001603460418,8338
676.9277668888413,8339
0.0,8340
0.0,8341
0.0,8342
0.0,8343
0.0,8344
0.0,8345
0.0,8346
0.0,8347
0.0,8348
0.0,8349
0.0,8350
0.0,8351
0.0,8352
0.0,8353
0.0,8354
0.0,8355
0.0,8356
60.05327103318854,8357
0.0,8358
0.0,8359
0.0,8360
0.0,8361
0.0,8362
0.0,8363
0.0,8364
0.0,8365
0.0,8366
0.0,8367
0.0,8368
0.0,8369
0.0,8370
0.0,8371
942.2987479617495,8372
0.0,8373
2137.048849196032,8374
0.0,8375
0.0,8376
0.0,8377
0.0,8378
0.0,8379
0.0,8380
0.0,8381
0.0,8382
0.0,8383
0.0,8384
0.0,8385
0.0,8386
0.0,8387
0.0,8388
0.0,8389
0.0,8390
0.0,8391
0.0,8392
0.0,8393
0.0,8394
0.0,8395
0.0,8396
0.0,8397
0.0,8398
1075.164450745503,8399
0.0,8400
0.0,8401
0.0,8402
0.0,8403
0.0,8404
0.0,8405
0.0,8406
0.0,8407
0.0,8408
0.0,8409
0.0,8410
0.0,8411
0.0,8412
0.0,8413
0.0,8414
0.0,8415
0.0,8416
0.0,8417
0.0,8418
0.0,8419
0.0,8420
0.0,8421
231.74204580066348,8422
0.0,8423
0.0,8424
0.0,8425
0.0,8426
0.0,8427
0.0,8428
0.0,8429
0.0,8430
0.0,8431
0.0,8432
0.0,8433
0.0,8434
0.0,8435
0.0,8436
0.0,8437
0.0,8438
0.0,8439
0.0,8440
0.0,8441
0.0,8442
0.0,8443
0.0,8444
844.6319445985285,8445
0.0,8446
0.0,8447
0.0,8448
304.2806122079872,8449
894.0439940762622,8450
891.6619940778405,8451
0.0,8452
0.0,8453
0.0,8454
0.0,8455
0.0,8456
0.0,8457
0.0,8458
0.0,8459
0.0,8460
172.93956274900486,8461
783.1760515511677,8462
0.0,8463
0.0,8464
0.0,8465
0.0,8466
0.0,8467
0.0,8468
0.0,8469
0.0,8470
13087.61142957708,8471
0.0,8472
1549.1942014793751,8473
927.600362534513,8474
925.3004220219808,8475
312.72617859456153,8476
0.0,8477
917.4919632937155,8478
0.0,8479
45.93374131880396,8480
0.0,8481
0.0,8482
0.0,8483
0.0,8484
0.0,8485
0.0,8486
0.0,8487
528.4069796339666,8488
0.0,8489
0.0,8490
0.0,8491
0.0,8492
0.0,8493
1669.6758698361457,8494
63.58205992850188,8495
1056.5957761376271,8496
207.67587384177293,8497
221.5942924426581,8498
0.0,8499
0.0,8500
0.0,8501
0.0,8502
0.0,8503
0.0,8504
0.0,8505
0.0,8506
0.0,8507
827.6234087900586,8508
129.46464451750165,8509
1281.1567446997822,8510
550.1353179211106,8511
0.0,8512
0.0,8513
0.0,8514
958.2049784086392,8515
0.0,8516
0.0,8517
0.0,8518
391.23399024357053,8519
1634.1247460808202,8520
0.0,8521
0.0,8522
0.0,8523
0.0,8524
0.0,8525
0.0,8526
0.0,8527
0.0,8528
0.0,8529
0.0,8530
1561.04610586209,8531
0.0,8532
0.0,8533
0.0,8534
0.0,8535
0.0,8536
0.0,8537
0.0,8538
0.0,8539
6170.979525880977,8540
0.0,8541
0.0,8542
0.0,8543
0.0,8544
0.0,8545
0.0,8546
0.0,8547
0.0,8548
0.0,8549
0.0,8550
0.0,8551
0.0,8552
0.0,8553
0.0,8554
0.0,8555
0.0,8556
0.0,8557
0.0,8558
0.0,8559
104.35517778437239,8560
0.0,8561
0.0,8562
0.0,8563
0.0,8564
0.0,8565
0.0,8566
0.0,8567
0.0,8568
0.0,8569
0.0,8570
0.0,8571
1183.9220020843763,8572
0.0,8573
0.0,8574
1016.6980908246294,8575
0.0,8576
1018.9776081602282,8577
0.0,8578
0.0,8579
0.0,8580
724.0497507388546,8581
0.0,8582
0.0,8583
0.0,8584
133.82552551591994,8585
0.0,8586
0.0,8587
0.0,8588
0.0,8589
0.0,8590
0.0,8591
0.0,8592
159.5430224011261,8593
0.0,8594
0.0,8595
0.0,8596
0.0,8597
738.7687222468221,8598
0.0,8599
0.0,8600
0.0,8601
0.0,8602
759.9574571084584,8603
0.0,8604
0.0,8605
0.0,8606
0.0,8607
0.0,8608
0.0,8609
0.0,8610
0.0,8611
0.0,8612
0.0,8613
1352.042787653691,8614
0.0,8615
1021.0384454356779,8616
0.0,8617
0.0,8618
0.0,8619
1862.8196051537752,8620
0.0,8621
1745.9601074686086,8622
186.91404582034977,8623
0.0,8624
259.6091900524997,8625
283.46167908463184,8626
0.0,8627
0.0,8628
0.0,8629
0.0,8630
0.0,8631
0.0,8632
393.9264157373393,8633
0.0,8634
0.0,8635
0.0,8636
0.0,8637
2718.5968702164855,8638
0.0,8639
0.0,8640
0.0,8641
0.0,8642
0.0,8643
0.0,8644
0.0,8645
1349.2521717148072,8646
1201.6172720404504,8647
0.0,8648
0.0,8649
0.0,8650
0.0,8651
0.0,8652
1021.6625280502192,8653
2569.8242359250826,8654
0.0,8655
0.0,8656
0.0,8657
2015.4301801914064,8658
0.0,8659
0.0,8660
0.0,8661
0.0,8662
1277.4232657082914,8663
0.0,8664
0.0,8665
0.0,8666
1711.565861592668,8667
888.0094058951587,8668
0.0,8669
0.0,8670
0.0,8671
0.0,8672
906.0950991908186,8673
0.0,8674
1568.1914879047495,8675
3260.163310627336,8676
0.0,8677
269.92481197979316,8678
269.22222852157694,8679
0.0,8680
1566.0497040707457,8681
3275.377519087153,8682
0.0,8683
0.0,8684
0.0,8685
319.92661164415074,8686
0.0,8687
0.0,8688
0.0,8689
0.0,8690
785.7740317508932,8691
0.0,8692
0.0,8693
0.0,8694
0.0,8695
0.0,8696
0.0,8697
0.0,8698
0.0,8699
0.0,8700
0.0,8701
0.0,8702
0.0,8703
0.0,8704
0.0,8705
0.0,8706
0.0,8707
0.0,8708
0.0,8709
0.0,8710
0.0,8711
723.1930667642533,8712
0.0,8713
0.0,8714
0.0,8715
0.0,8716
0.0,8717
0.0,8718
0.0,8719
0.0,8720
0.0,8721
0.0,8722
0.0,8723
0.0,8724
0.0,8725
0.0,8726
0.0,8727
0.0,8728
2270.316986343873,8729
2274.760543210121,8730
0.0,8731
1620.2146189771547,8732
0.0,8733
0.0,8734
0.0,8735
0.0,8736
0.0,8737
0.0,8738
0.0,8739
0.0,8740
0.0,8741
0.0,8742
0.0,8743
0.0,8744
0.0,8745
0.0,8746
0.0,8747
0.0,8748
0.0,8749
509.3895488887942,8750
0.0,8751
0.0,8752
0.0,8753
0.0,8754
0.0,8755
0.0,8756
0.0,8757
0.0,8758
0.0,8759
234.39980396812234,8760
0.0,8761
1743.2117623027527,8762
0.0,8763
0.0,8764
0.0,8765
0.0,8766
0.0,8767
0.0,8768
995.7963174881988,8769
5566.9572497671925,8770
0.0,8771
0.0,8772
0.0,8773
0.0,8774
0.0,8775
0.0,8776
0.0,8777
88.10627069773916,8778
457.35398013918217,8779
0.0,8780
0.0,8781
0.0,8782
0.0,8783
0.0,8784
0.0,8785
0.0,8786
0.0,8787
0.0,8788
5483.406127233791,8789
1428.7168593910485,8790
4106.873293758504,8791
1836.1565031253172,8792
0.0,8793
8072.378943504446,8794
1329.588548357662,8795
0.0,8796
3525.5916810221606,8797
182.88613093726437,8798
1390.0932077878485,8799
2720.6777031993915,8800
0.0,8801
1195.1513886731977,8802
0.0,8803
2334.7878479014507,8804
2588.6041533910497,8805
739.7092049316092,8806
1574.1501232682294,8807
2634.7414328257596,8808
2386.6648014707666,8809
0.0,8810
2743.675158239602,8811
0.0,8812
5502.565854757941,8813
0.0,8814
0.0,8815
0.0,8816
2255.286754265009,8817
0.0,8818
3775.114200346495,8819
0.0,8820
0.0,8821
0.0,8822
0.0,8823
1581.6545113228156,8824
0.0,8825
33.00870741611584,8826
0.0,8827
0.0,8828
0.0,8829
707.9907764008052,8830
0.0,8831
2526.9036214528974,8832
0.0,8833
7809.962299191075,8834
6444.002970617266,8835
0.0,8836
0.0,8837
0.0,8838
0.0,8839
0.0,8840
0.0,8841
0.0,8842
0.0,8843
289.04406126434503,8844
336.62107578297616,8845
373.03127178603467,8846
0.0,8847
0.0,8848
0.0,8849
0.0,8850
1494.2401097900076,8851
0.0,8852
0.0,8853
0.0,8854
0.0,8855
0.0,8856
0.0,8857
1786.7649011415883,8858
0.0,8859
70.33826045146068,8860
0.0,8861
0.0,8862
0.0,8863
0.0,8864
0.0,8865
268.3733196142245,8866
0.0,8867
0.0,8868
0.0,8869
0.0,8870
0.0,8871
0.0,8872
0.0,8873
0.0,8874
1034.7569248481718,8875
0.0,8876
1828.428217138966,8877
1611.4652321074616,8878
0.0,8879
0.0,8880
0.0,8881
0.0,8882
0.0,8883
0.0,8884
0.0,8885
0.0,8886
0.0,8887
0.0,8888
0.0,8889
0.0,8890
0.0,8891
0.0,8892
0.0,8893
1420.5821276666259,8894
0.0,8895
3012.065937901094,8896
0.0,8897
0.0,8898
1824.8944464506085,8899
0.0,8900
0.0,8901
0.0,8902
934.0626511096959,8903
0.0,8904
0.0,8905
635.2986555933649,8906
0.0,8907
0.0,8908
0.0,8909
0.0,8910
0.0,8911
398.92276275451223,8912
0.0,8913
1071.9315259403531,8914
0.0,8915
0.0,8916
0.0,8917
0.0,8918
0.0,8919
4502.453809984734,8920
0.0,8921
0.0,8922
0.0,8923
0.0,8924
0.0,8925
4133.610783820831,8926
0.0,8927
392.27509398636056,8928
466.71228527170524,8929
0.0,8930
0.0,8931
391.02513821989015,8932
1036.506148041102,8933
0.0,8934
3144.8171749600588,8935
0.0,8936
0.0,8937
0.0,8938
464.74807667152993,8939
391.35717774173673,8940
0.0,8941
1000.6580184046975,8942
0.0,8943
726.2921137603706,8944
0.0,8945
472.9800611107178,8946
451.3822515653084,8947
0.0,8948
429.4428606845593,8949
0.0,8950
0.0,8951
0.0,8952
0.0,8953
0.0,8954
0.0,8955
0.0,8956
0.0,8957
0.0,8958
0.0,8959
0.0,8960
0.0,8961
0.0,8962
798.7429542415289,8963
0.0,8964
359.14291063995506,8965
0.0,8966
0.0,8967
1127.871729738005,8968
0.0,8969
68.59505775833968,8970
0.0,8971
0.0,8972
0.0,8973
0.0,8974
0.0,8975
0.0,8976
0.0,8977
401.109142187641,8978
0.0,8979
0.0,8980
295.8587934791685,8981
0.0,8982
2120.5757656405412,8983
284.12396038259476,8984
1153.5105921794086,8985
0.0,8986
0.0,8987
0.0,8988
0.0,8989
459.4447070587021,8990
0.0,8991
0.0,8992
1615.8594578682505,8993
0.0,8994
0.0,8995
0.0,8996
246.78329966943963,8997
349.81650147876866,8998
0.0,8999
0.0,9000
0.0,9001
0.0,9002
0.0,9003
0.0,9004
0.0,9005
0.0,9006
48.392106939082225,9007
0.0,9008
0.0,9009
2511.9789567695075,9010
0.0,9011
0.0,9012
1123.8392056949122,9013
1096.2221172333846,9014
0.0,9015
2053.4419691186927,9016
0.0,9017
0.0,9018
0.0,9019
2250.9372945138743,9020
400.3347696025145,9021
1806.304223123371,9022
0.0,9023
0.0,9024
0.0,9025
0.0,9026
0.0,9027
0.0,9028
0.0,9029
0.0,9030
0.0,9031
0.0,9032
0.0,9033
5658.257818445105,9034
0.0,9035
0.0,9036
0.0,9037
369.9141950558624,9038
458.83469291642336,9039
0.0,9040
0.0,9041
0.0,9042
0.0,9043
2.608518657805243,9044
0.0,9045
0.8678816247040321,9046
0.0,9047
0.0,9048
0.0,9049
0.0,9050
0.0,9051
0.0,9052
0.0,9053
0.0,9054
0.0,9055
0.0,9056
0.0,9057
0.0,9058
0.0,9059
0.0,9060
0.0,9061
0.0,9062
0.0,9063
0.0,9064
0.0,9065
0.0,9066
0.0,9067
0.0,9068
0.0,9069
0.0,9070
0.0,9071
0.0,9072
0.0,9073
0.0,9074
0.0,9075
0.0,9076
0.0,9077
0.0,9078
0.0,9079
0.0,9080
0.0,9081
0.0,9082
0.0,9083
1077.1975202892665,9084
0.0,9085
1740.5722386608652,9086
0.0,9087
0.0,9088
0.0,9089
0.0,9090
0.0,9091
0.0,9092
0.0,9093
0.0,9094
0.0,9095
0.0,9096
0.0,9097
0.0,9098
0.0,9099
0.0,9100
0.0,9101
0.0,9102
0.0,9103
0.0,9104
0.0,9105
200.94451111349846,9106
1826.8077930346324,9107
1132.9252975880233,9108
0.0,9109
618.731918180781,9110
225.24669178465126,9111
0.0,9112
98.79284766534036,9113
0.0,9114
241.61606055238897,9115
246.73721407102005,9116
0.0,9117
101.09084104066191,9118
0.0,9119
3839.269996465615,9120
267.758200266421,9121
0.0,9122
0.0,9123
77.36666521900788,9124
0.0,9125
1594.8560836120118,9126
0.0,9127
0.0,9128
0.0,9129
0.0,9130
0.0,9131
0.0,9132
0.0,9133
0.0,9134
0.0,9135
0.0,9136
0.0,9137
0.0,9138
399.15274849543823,9139
0.0,9140
0.0,9141
0.0,9142
0.0,9143
0.0,9144
824.0899865025386,9145
335.37184554397885,9146
0.0,9147
0.0,9148
0.0,9149
762.8101781155119,9150
0.0,9151
0.0,9152
998.4474420892336,9153
0.0,9154
0.0,9155
0.0,9156
0.0,9157
0.0,9158
0.0,9159
0.0,9160
1070.057669334039,9161
0.0,9162
0.0,9163
0.0,9164
126.70438038640616,9165
0.0,9166
2631.620925531903,9167
0.0,9168
0.0,9169
1778.1867041492258,9170
0.0,9171
0.0,9172
0.0,9173
0.0,9174
0.0,9175
0.0,9176
0.0,9177
0.0,9178
0.0,9179
0.0,9180
0.0,9181
0.0,9182
0.0,9183
5971.289751394348,9184
0.0,9185
0.0,9186
0.0,9187
0.0,9188
0.0,9189
0.0,9190
2938.897996390488,9191
0.0,9192
0.0,9193
0.0,9194
0.0,9195
0.0,9196
0.0,9197
0.0,9198
0.0,9199
0.0,9200
475.2815394682288,9201
142.32066341410922,9202
0.0,9203
0.0,9204
482.40304927935273,9205
0.0,9206
0.0,9207
0.0,9208
0.0,9209
0.0,9210
0.0,9211
827.9132845279938,9212
2223.280035015065,9213
0.0,9214
0.0,9215
0.0,9216
0.0,9217
0.0,9218
0.0,9219
612.4012663351726,9220
0.0,9221
0.0,9222
0.0,9223
0.0,9224
0.0,9225
0.0,9226
0.0,9227
0.0,9228
0.0,9229
0.0,9230
0.0,9231
0.0,9232
0.0,9233
0.0,9234
0.0,9235
0.0,9236
0.0,9237
1096.446426660612,9238
0.0,9239
0.0,9240
4618.91423857884,9241
0.0,9242
0.0,9243
0.0,9244
0.0,9245
0.0,9246
0.0,9247
0.0,9248
4918.177972304888,9249
0.0,9250
0.0,9251
6138.218167167513,9252
0.0,9253
0.0,9254
0.0,9255
0.0,9256
0.0,9257
0.0,9258
895.9465027330173,9259
0.0,9260
0.0,9261
0.0,9262
0.0,9263
0.0,9264
0.0,9265
0.0,9266
0.0,9267
0.0,9268
0.0,9269
0.0,9270
0.0,9271
0.0,9272
0.0,9273
0.0,9274
0.0,9275
0.0,9276
570.561533278714,9277
0.0,9278
0.0,9279
0.0,9280
0.0,9281
0.0,9282
0.0,9283
0.0,9284
0.0,9285
0.0,9286
0.0,9287
0.0,9288
0.0,9289
0.0,9290
0.0,9291
0.0,9292
0.0,9293
0.0,9294
0.0,9295
0.0,9296
0.0,9297
0.0,9298
0.0,9299
0.0,9300
0.0,9301
0.0,9302
0.0,9303
0.0,9304
0.0,9305
0.0,9306
0.0,9307
0.0,9308
0.0,9309
0.0,9310
0.0,9311
0.0,9312
0.0,9313
0.0,9314
0.0,9315
0.0,9316
0.0,9317
0.0,9318
0.0,9319
0.0,9320
0.0,9321
0.0,9322
0.0,9323
0.0,9324
0.0,9325
0.0,9326
0.0,9327
0.0,9328
0.0,9329
0.0,9330
0.0,9331
0.0,9332
0.0,9333
0.0,9334
0.0,9335
177.0058053581849,9336
0.0,9337
0.0,9338
0.0,9339
0.0,9340
0.0,9341
6081.359468457706,9342
0.0,9343
0.0,9344
764.8412525430355,9345
0.0,9346
0.0,9347
0.0,9348
0.0,9349
0.0,9350
0.0,9351
0.0,9352
954.4188616847698,9353
0.0,9354
0.0,9355
0.0,9356
0.0,9357
0.0,9358
0.0,9359
1140.3825394540797,9360
0.0,9361
0.0,9362
0.0,9363
0.0,9364
0.0,9365
0.0,9366
0.0,9367
0.0,9368
515.1217112368017,9369
420.84788882978233,9370
0.0,9371
0.0,9372
0.0,9373
0.0,9374
0.0,9375
110.3014517208924,9376
0.0,9377
2495.224544432816,9378
0.0,9379
1480.2411236559751,9380
730.7726498213223,9381
0.0,9382
0.0,9383
1180.8600772148457,9384
0.0,9385
0.0,9386
0.0,9387
0.0,9388
0.0,9389
0.0,9390
0.0,9391
0.0,9392
0.0,9393
0.0,9394
0.0,9395
0.0,9396
0.0,9397
1971.4353299895345,9398
0.0,9399
0.0,9400
0.0,9401
0.0,9402
1262.8075829734862,9403
0.0,9404
0.0,9405
0.0,9406
0.0,9407
0.0,9408
0.0,9409
828.483136396657,9410
858.2749180575989,9411
0.0,9412
0.0,9413
0.0,9414
0.0,9415
0.0,9416
1223.82122957598,9417
623.4453291547613,9418
0.0,9419
0.0,9420
0.0,9421
0.0,9422
0.0,9423
103.08671585058217,9424
0.0,9425
0.0,9426
0.0,9427
1665.4590779997216,9428
0.0,9429
0.0,9430
0.0,9431
0.0,9432
0.0,9433
731.0268689639875,9434
1622.3731402953138,9435
0.0,9436
0.0,9437
0.0,9438
0.0,9439
0.0,9440
0.0,9441
0.0,9442
0.0,9443
0.0,9444
0.0,9445
0.0,9446
0.0,9447
0.0,9448
989.5132263992197,9449
0.0,9450
0.0,9451
3100.842569274986,9452
0.0,9453
0.0,9454
0.0,9455
0.0,9456
0.0,9457
0.0,9458
0.0,9459
0.0,9460
0.0,9461
0.0,9462
0.0,9463
0.0,9464
0.0,9465
0.0,9466
0.0,9467
0.0,9468
0.0,9469
0.0,9470
0.0,9471
2743.2119882080638,9472
0.0,9473
3469.0447255207996,9474
1839.5558516578296,9475
1360.7419459083158,9476
0.0,9477
1319.873034693732,9478
0.0,9479
1668.8910958755923,9480
1679.491534858882,9481
1690.2423087015181,9482
0.0,9483
1842.7187842324872,9484
0.0,9485
0.0,9486
136.67278601280898,9487
1832.0373402436194,9488
1836.2468185992248,9489
1720.5934114456538,9490
1721.8407711809034,9491
3787.472070924434,9492
1769.9075519219496,9493
0.0,9494
2076.4775609215308,9495
0.0,9496
0.0,9497
3781.588485818343,9498
0.0,9499
2075.548760144151,9500
2920.307983972929,9501
3174.1827153671193,9502
3759.517965674138,9503
2537.5101387014697,9504
4388.958835671768,9505
1889.6075970991715,9506
4322.151958021996,9507
2042.329316853694,9508
0.0,9509
0.0,9510
2931.903904613229,9511
3040.704290415551,9512
2933.895604501123,9513
3043.049708312993,9514
2936.1699835594213,9515
2632.294841068055,9516
0.0,9517
7035.887926436897,9518
2644.182698051016,9519
0.0,9520
0.0,9521
1253.0799717924901,9522
1888.246649600313,9523
1286.280038612895,9524
2629.647808394448,9525
0.0,9526
2627.786307035131,9527
2054.045646841653,9528
3293.1098547941974,9529
2805.0518946167467,9530
2803.710250329404,9531
2519.54652952838,9532
2522.112140846522,9533
2525.4204367814427,9534
2335.935232838548,9535
1594.750125014712,9536
0.0,9537
0.0,9538
0.0,9539
0.0,9540
0.0,9541
0.0,9542
0.0,9543
0.0,9544
0.0,9545
0.0,9546
0.0,9547
0.0,9548
0.0,9549
0.0,9550
0.0,9551
0.0,9552
0.0,9553
0.0,9554
0.0,9555
0.0,9556
0.0,9557
0.0,9558
0.0,9559
0.0,9560
0.0,9561
0.0,9562
0.0,9563
0.0,9564
0.0,9565
0.0,9566
0.0,9567
0.0,9568
0.0,9569
0.0,9570
0.0,9571
0.0,9572
0.0,9573
0.0,9574
0.0,9575
0.0,9576
0.0,9577
0.0,9578
0.0,9579
0.0,9580
0.0,9581
0.0,9582
0.0,9583
0.0,9584
0.0,9585
0.0,9586
0.0,9587
0.0,9588
0.0,9589
0.0,9590
0.0,9591
0.0,9592
0.0,9593
0.0,9594
0.0,9595
0.0,9596
0.0,9597
0.0,9598
0.0,9599
0.0,9600
0.0,9601
0.0,9602
0.0,9603
0.0,9604
0.0,9605
0.0,9606
0.0,9607
0.0,9608
0.0,9609
0.0,9610
0.0,9611
0.0,9612
0.0,9613
0.0,9614
0.0,9615
0.0,9616
0.0,9617
0.0,9618
0.0,9619
0.0,9620
0.0,9621
0.0,9622
0.0,9623
0.0,9624
0.0,9625
0.0,9626
0.0,9627
5760.692847868167,9628
0.0,9629
0.0,9630
0.0,9631
0.0,9632
0.0,9633
0.0,9634
1523.8840951927593,9635
0.0,9636
0.0,9637
0.0,9638
0.0,9639
0.0,9640
0.0,9641
0.0,9642
0.0,9643
0.0,9644
0.0,9645
0.0,9646
0.0,9647
0.0,9648
0.0,9649
0.0,9650
0.0,9651
0.0,9652
0.0,9653
0.0,9654
0.0,9655
0.0,9656
0.0,9657
0.0,9658
0.0,9659
0.0,9660
0.0,9661
821.5810252014294,9662
0.0,9663
0.0,9664
0.0,9665
0.0,9666
0.0,9667
0.0,9668
0.0,9669
0.0,9670
0.0,9671
0.0,9672
1511.5625356320882,9673
0.0,9674
0.0,9675
772.1065243956322,9676
0.0,9677
2108.393372609702,9678
0.0,9679
0.0,9680
0.0,9681
0.0,9682
0.0,9683
0.0,9684
0.0,9685
0.0,9686
0.0,9687
0.0,9688
0.0,9689
0.0,9690
0.0,9691
3759.118360908311,9692
0.0,9693
0.0,9694
0.0,9695
0.0,9696
0.0,9697
481.3698926148549,9698
0.0,9699
0.0,9700
0.0,9701
0.0,9702
0.0,9703
0.0,9704
0.0,9705
0.0,9706
0.0,9707
0.0,9708
0.0,9709
0.0,9710
0.0,9711
265.59777573568,9712
0.0,9713
0.0,9714
0.0,9715
0.0,9716
0.0,9717
0.0,9718
0.0,9719
0.0,9720
0.0,9721
0.0,9722
0.0,9723
0.0,9724
0.0,9725
0.0,9726
0.0,9727
0.0,9728
0.0,9729
0.0,9730
0.0,9731
1146.483407828723,9732
0.0,9733
209.45898165956478,9734
0.0,9735
0.0,9736
0.0,9737
0.0,9738
0.0,9739
0.0,9740
0.0,9741
0.0,9742
0.0,9743
0.0,9744
0.0,9745
1532.2052251477912,9746
0.0,9747
0.0,9748
0.0,9749
0.0,9750
0.0,9751
0.0,9752
0.0,9753
0.0,9754
0.0,9755
0.0,9756
0.0,9757
0.0,9758
0.0,9759
0.0,9760
0.0,9761
0.0,9762
0.0,9763
0.0,9764
0.0,9765
0.0,9766
0.0,9767
0.0,9768
0.0,9769
0.0,9770
0.0,9771
0.0,9772
0.0,9773
0.0,9774
0.0,9775
281.439935904821,9776
0.0,9777
0.0,9778
0.0,9779
0.0,9780
0.0,9781
0.0,9782
1212.1836399274289,9783
0.0,9784
0.0,9785
0.0,9786
0.0,9787
0.0,9788
0.0,9789
0.0,9790
0.0,9791
0.0,9792
0.0,9793
0.0,9794
0.0,9795
0.0,9796
0.0,9797
0.0,9798
0.0,9799
0.0,9800
0.0,9801
0.0,9802
0.0,9803
0.0,9804
0.0,9805
0.0,9806
0.0,9807
0.0,9808
0.0,9809
0.0,9810
0.0,9811
0.0,9812
0.0,9813
0.0,9814
0.0,9815
0.0,9816
0.0,9817
0.0,9818
0.0,9819
0.0,9820
0.0,9821
0.0,9822
0.0,9823
0.0,9824
0.0,9825
0.0,9826
0.0,9827
0.0,9828
0.0,9829
0.0,9830
0.0,9831
0.0,9832
0.0,9833
0.0,9834
0.0,9835
0.0,9836
0.0,9837
0.0,9838
0.0,9839
0.0,9840
0.0,9841
0.0,9842
0.0,9843
0.0,9844
0.0,9845
0.0,9846
317.69943555851836,9847
0.0,9848
312.1387189538667,9849
0.0,9850
0.0,9851
0.0,9852
305.9221797803631,9853
0.0,9854
0.0,9855
0.0,9856
0.0,9857
0.0,9858
0.0,9859
0.0,9860
0.0,9861
0.0,9862
478.4366895666358,9863
0.0,9864
0.0,9865
0.0,9866
0.0,9867
0.0,9868
0.0,9869
1286.494427378598,9870
0.0,9871
0.0,9872
0.0,9873
0.0,9874
0.0,9875
0.0,9876
0.0,9877
0.0,9878
0.0,9879
0.0,9880
0.0,9881
0.0,9882
1076.2796780656165,9883
0.0,9884
0.0,9885
0.0,9886
0.0,9887
0.0,9888
0.0,9889
0.0,9890
0.0,9891
0.0,9892
0.0,9893
0.0,9894
0.0,9895
0.0,9896
0.0,9897
0.0,9898
0.0,9899
585.3185042071981,9900
0.0,9901
1353.1481923981664,9902
0.0,9903
23.22232417566645,9904
0.0,9905
0.0,9906
0.0,9907
165.66371509642016,9908
0.0,9909
179.97714826904135,9910
0.0,9911
0.0,9912
0.0,9913
0.0,9914
6975.446778876154,9915
0.0,9916
0.0,9917
0.0,9918
0.0,9919
0.0,9920
0.0,9921
0.0,9922
0.0,9923
0.0,9924
0.0,9925
0.0,9926
0.0,9927
0.0,9928
6069.373947852255,9929
0.0,9930
667.893907350861,9931
0.0,9932
0.0,9933
0.0,9934
0.0,9935
0.0,9936
0.0,9937
0.0,9938
0.0,9939
0.0,9940
0.0,9941
0.0,9942
0.0,9943
0.0,9944
0.0,9945
0.0,9946
0.0,9947
0.0,9948
29.996951722961725,9949
0.0,9950
0.0,9951
0.0,9952
0.0,9953
23.207493628130575,9954
0.0,9955
0.0,9956
0.0,9957
1373.8883048099028,9958
0.0,9959
0.0,9960
1333.1456207767417,9961
1318.7486050414345,9962
0.0,9963
0.0,9964
0.0,9965
0.0,9966
0.0,9967
0.0,9968
395.7152477475379,9969
0.0,9970
0.0,9971
1388.1924253389664,9972
821.9302563224309,9973
1697.4918949202208,9974
0.0,9975
0.0,9976
1259.2845148071012,9977
0.0,9978
0.0,9979
254.22728169052323,9980
0.0,9981
0.0,9982
0.0,9983
0.0,9984
0.0,9985
493.7053065608081,9986
0.0,9987
0.0,9988
0.0,9989
0.0,9990
0.0,9991
0.0,9992
0.0,9993
0.0,9994
0.0,9995
0.0,9996
0.0,9997
0.0,9998
0.0,9999
0.0,10000
0.0,10001
0.0,10002
0.0,10003
0.0,10004
0.0,10005
0.0,10006
181.17785944998707,10007
0.0,10008
0.0,10009
0.0,10010
0.0,10011
0.0,10012
0.0,10013
0.0,10014
0.0,10015
0.0,10016
430.8023392928737,10017
0.0,10018
0.0,10019
0.0,10020
0.0,10021
0.0,10022
0.0,10023
0.0,10024
0.0,10025
0.0,10026
0.0,10027
0.0,10028
0.0,10029
0.0,10030
0.0,10031
0.0,10032
0.0,10033
0.0,10034
0.0,10035
892.0471938926055,10036
0.0,10037
521.9635748338247,10038
0.0,10039
0.0,10040
0.0,10041
0.0,10042
0.0,10043
1407.0450782311984,10044
317.6643199359525,10045
0.0,10046
0.0,10047
0.0,10048
0.0,10049
0.0,10050
0.0,10051
0.0,10052
0.0,10053
0.0,10054
0.0,10055
0.0,10056
0.0,10057
0.0,10058
0.0,10059
0.0,10060
0.0,10061
0.0,10062
0.0,10063
0.0,10064
0.0,10065
0.0,10066
0.0,10067
0.0,10068
1960.5290874406835,10069
1954.5653800625194,10070
1597.0479178156404,10071
0.0,10072
1085.0995099489069,10073
1163.1847890497588,10074
283.7985210180929,10075
3106.3927882168764,10076
2184.5760259044155,10077
1388.2974309606652,10078
757.4915295309193,10079
3148.145344956301,10080
1603.9753609910947,10081
645.2953295879248,10082
1005.139341383099,10083
0.0,10084
0.0,10085
0.0,10086
0.0,10087
2402.0247821338576,10088
0.0,10089
0.0,10090
2981.412715812347,10091
0.0,10092
2913.9181150014365,10093
0.0,10094
0.0,10095
0.0,10096
0.0,10097
3382.593403907957,10098
774.8660402820619,10099
1727.7672411306626,10100
0.0,10101
755.435845222704,10102
872.6009613992178,10103
2612.1588201407685,10104
2617.503145414042,10105
2622.01718004887,10106
1752.6935009580202,10107
4280.857691779303,10108
0.0,10109
0.0,10110
828.3771088896566,10111
0.0,10112
0.0,10113
1126.977061447447,10114
1521.8321323616033,10115
0.0,10116
0.0,10117
0.0,10118
0.0,10119
164.4558211936514,10120
1189.5921345329114,10121
0.0,10122
679.6996635760302,10123
3192.1347034232417,10124
1090.3110398742704,10125
1069.9554799126977,10126
0.0,10127
0.0,10128
0.0,10129
0.0,10130
709.5428802193466,10131
0.0,10132
0.0,10133
0.0,10134
243.98414284005915,10135
0.0,10136
0.0,10137
0.0,10138
0.0,10139
0.0,10140
0.0,10141
0.0,10142
0.0,10143
3138.261400780889,10144
0.0,10145
0.0,10146
0.0,10147
0.0,10148
0.0,10149
19.591567827099137,10150
0.0,10151
0.0,10152
0.0,10153
0.0,10154
381.45372037201247,10155
0.0,10156
0.0,10157
0.0,10158
0.0,10159
0.0,10160
0.0,10161
0.0,10162
0.0,10163
812.3407904950312,10164
0.0,10165
0.0,10166
0.0,10167
0.0,10168
0.0,10169
0.0,10170
0.0,10171
0.0,10172
0.0,10173
0.0,10174
193.55591847976143,10175
0.0,10176
0.0,10177
0.0,10178
0.0,10179
0.0,10180
0.0,10181
0.0,10182
0.0,10183
0.0,10184
39.07147227885055,10185
0.0,10186
0.0,10187
0.0,10188
8.360830915849432,10189
0.0,10190
0.0,10191
0.0,10192
123.37276435439811,10193
0.0,10194
0.0,10195
0.0,10196
161.3970115304061,10197
0.0,10198
0.0,10199
0.0,10200
0.0,10201
0.0,10202
397.3313026365399,10203
0.0,10204
0.0,10205
0.0,10206
0.0,10207
0.0,10208
0.0,10209
0.0,10210
3536.4580904273976,10211
1032.9610996927047,10212
3351.7178588310126,10213
0.0,10214
0.0,10215
1920.5064338914792,10216
0.0,10217
342.06177205815646,10218
2176.9525318777714,10219
0.0,10220
1244.7583616285965,10221
0.0,10222
2237.2982389955496,10223
0.0,10224
0.0,10225
686.8748553148174,10226
1600.7663222354975,10227
702.9293799069796,10228
1628.22849131161,10229
3032.4377606794,10230
0.0,10231
0.0,10232
0.0,10233
0.0,10234
0.0,10235
11.561929803326704,10236
0.0,10237
0.0,10238
2156.182377232169,10239
0.0,10240
0.0,10241
0.0,10242
0.0,10243
2684.1345357253185,10244
0.0,10245
0.0,10246
60.93468691312863,10247
0.0,10248
0.0,10249
0.0,10250
175.64376212669274,10251
0.0,10252
0.0,10253
0.0,10254
0.0,10255
0.0,10256
0.0,10257
0.0,10258
0.0,10259
0.0,10260
593.3331592554042,10261
0.0,10262
0.0,10263
5.981429523777141,10264
32.18902247519744,10265
0.0,10266
775.217650404024,10267
1453.1783115868755,10268
882.6833844422613,10269
0.0,10270
0.0,10271
0.0,10272
0.0,10273
0.0,10274
0.0,10275
0.0,10276
528.9868033002579,10277
0.0,10278
581.0265451469264,10279
0.0,10280
0.0,10281
621.0263406419623,10282
673.8278747299634,10283
726.107127724468,10284
126.51226795228405,10285
1143.411259523399,10286
0.0,10287
2504.3454878599086,10288
0.0,10289
202.4505380197971,10290
0.0,10291
6870.325983000889,10292
0.0,10293
0.0,10294
34.124196866575545,10295
0.0,10296
0.0,10297
0.0,10298
0.0,10299
2372.237613929175,10300
0.0,10301
0.0,10302
0.0,10303
0.0,10304
0.0,10305
0.0,10306
0.0,10307
0.0,10308
0.0,10309
0.0,10310
0.0,10311
0.0,10312
0.0,10313
0.0,10314
0.0,10315
0.0,10316
0.0,10317
0.0,10318
0.0,10319
0.0,10320
656.4964893743885,10321
0.0,10322
0.0,10323
0.0,10324
0.0,10325
0.0,10326
483.90040880121177,10327
0.0,10328
0.0,10329
0.0,10330
0.0,10331
0.0,10332
0.0,10333
0.0,10334
0.0,10335
0.0,10336
482.9522242605371,10337
488.6702074691704,10338
0.0,10339
0.0,10340
0.0,10341
0.0,10342
0.0,10343
0.0,10344
0.0,10345
0.0,10346
0.0,10347
0.0,10348
0.0,10349
0.0,10350
1023.8748525442511,10351
0.0,10352
0.0,10353
0.0,10354
0.0,10355
691.5116640947759,10356
2276.60697892007,10357
0.0,10358
712.2655254932121,10359
731.2925343979945,10360
95.81504877371472,10361
0.0,10362
111.2617511397175,10363
0.0,10364
0.0,10365
108.91037539596618,10366
520.5656876100804,10367
505.9414113779822,10368
0.0,10369
1571.749542450408,10370
0.0,10371
0.0,10372
0.0,10373
0.0,10374
0.0,10375
0.0,10376
0.0,10377
0.0,10378
0.0,10379
0.0,10380
0.0,10381
0.0,10382
0.0,10383
1211.2137046531557,10384
0.0,10385
0.0,10386
0.0,10387
0.0,10388
170.84940693979456,10389
0.0,10390
488.3289177194444,10391
485.4607736510132,10392
0.0,10393
0.0,10394
0.0,10395
127.50574508048315,10396
0.0,10397
0.0,10398
0.0,10399
0.0,10400
0.0,10401
0.0,10402
0.0,10403
0.0,10404
0.0,10405
0.0,10406
0.0,10407
0.0,10408
0.0,10409
0.0,10410
0.0,10411
0.0,10412
496.3259811814368,10413
477.14448323831675,10414
0.0,10415
0.0,10416
553.1527301519014,10417
0.0,10418
0.0,10419
0.0,10420
463.7732260649114,10421
0.0,10422
0.0,10423
0.0,10424
0.0,10425
1144.7182341240232,10426
0.0,10427
1145.113200786579,10428
0.0,10429
527.1083074195898,10430
0.0,10431
0.0,10432
0.0,10433
0.0,10434
0.0,10435
0.0,10436
0.0,10437
0.0,10438
412.95221334674534,10439
1673.378425411684,10440
310.6563841049497,10441
0.0,10442
509.2262553795273,10443
0.0,10444
285.19647652041135,10445
0.0,10446
39.56328448718453,10447
0.0,10448
410.17829446552605,10449
0.0,10450
0.0,10451
649.9836414605719,10452
0.0,10453
1048.80152255875,10454
0.0,10455
88.61677280654474,10456
1034.7060892886875,10457
0.0,10458
1579.5669093544911,10459
271.84307705109484,10460
0.0,10461
321.52374085609347,10462
839.9882468069467,10463
0.0,10464
0.0,10465
14.176553796696398,10466
0.0,10467
0.0,10468
0.0,10469
0.0,10470
0.0,10471
0.0,10472
0.0,10473
0.0,10474
0.0,10475
0.0,10476
0.0,10477
1596.6187461102513,10478
0.0,10479
0.0,10480
24.382682740846636,10481
31.790772315837238,10482
21.97031162148365,10483
0.0,10484
0.0,10485
0.0,10486
0.0,10487
0.0,10488
0.0,10489
0.0,10490
0.0,10491
0.0,10492
0.0,10493
0.0,10494
0.0,10495
0.0,10496
0.0,10497
0.0,10498
0.0,10499
0.0,10500
0.0,10501
0.0,10502
1125.5438748151605,10503
0.0,10504
0.0,10505
0.0,10506
1419.4478400593946,10507
0.0,10508
0.0,10509
0.0,10510
0.0,10511
0.0,10512
0.0,10513
0.0,10514
0.0,10515
0.0,10516
0.0,10517
0.0,10518
0.0,10519
0.0,10520
0.0,10521
0.0,10522
0.0,10523
164.7236830360393,10524
0.0,10525
174.85849130669246,10526
4314.020701281436,10527
189.17968111648915,10528
0.0,10529
607.7558249756014,10530
0.0,10531
0.0,10532
0.0,10533
0.0,10534
0.0,10535
0.0,10536
878.8254899643892,10537
273.9309912679125,10538
0.0,10539
289.89840921401407,10540
0.0,10541
703.1002630631181,10542
0.0,10543
0.0,10544
0.0,10545
0.0,10546
0.0,10547
0.0,10548
0.0,10549
0.0,10550
0.0,10551
0.0,10552
0.0,10553
0.0,10554
1702.9097447333104,10555
0.0,10556
0.0,10557
0.0,10558
4826.742477906601,10559
41.05641448838606,10560
0.0,10561
0.0,10562
0.0,10563
0.0,10564
0.0,10565
0.0,10566
0.0,10567
0.0,10568
0.0,10569
2078.2548984301798,10570
0.0,10571
0.0,10572
0.0,10573
0.0,10574
0.0,10575
0.0,10576
0.0,10577
0.0,10578
1218.4713371913363,10579
0.0,10580
1213.6775785393572,10581
3164.203237104209,10582
0.0,10583
0.0,10584
251.9131621013755,10585
260.9944605450909,10586
0.0,10587
0.0,10588
0.0,10589
0.0,10590
0.0,10591
270.4157295201694,10592
0.0,10593
0.0,10594
0.0,10595
0.0,10596
0.0,10597
0.0,10598
0.0,10599
0.0,10600
0.0,10601
0.0,10602
0.0,10603
0.0,10604
1353.9348577329652,10605
109.96386533267312,10606
0.0,10607
505.85064703236253,10608
3046.459461273188,10609
0.0,10610
770.1672366698515,10611
0.0,10612
0.0,10613
0.0,10614
0.0,10615
0.0,10616
0.0,10617
0.0,10618
0.0,10619
0.0,10620
0.0,10621
0.0,10622
0.0,10623
0.0,10624
0.0,10625
0.0,10626
0.0,10627
0.0,10628
0.0,10629
0.0,10630
0.0,10631
0.0,10632
0.0,10633
0.0,10634
0.0,10635
0.0,10636
0.0,10637
0.0,10638
0.0,10639
0.0,10640
0.0,10641
0.0,10642
2718.488905085622,10643
0.0,10644
0.0,10645
0.0,10646
0.0,10647
0.0,10648
0.0,10649
0.0,10650
0.0,10651
0.0,10652
0.0,10653
0.0,10654
0.0,10655
0.0,10656
0.0,10657
0.0,10658
2253.0845257319656,10659
0.0,10660
8781.657394429409,10661
0.0,10662
0.0,10663
1389.3233152608195,10664
2000.9212332040738,10665
0.0,10666
1976.7645203547977,10667
0.0,10668
0.0,10669
0.0,10670
0.0,10671
0.0,10672
0.0,10673
0.0,10674
0.0,10675
0.0,10676
0.0,10677
865.9598010028186,10678
0.0,10679
0.0,10680
0.0,10681
0.0,10682
0.0,10683
0.0,10684
0.0,10685
0.0,10686
0.0,10687
0.0,10688
0.0,10689
5386.817077087301,10690
0.0,10691
0.0,10692
0.0,10693
127.37348801866003,10694
0.0,10695
0.0,10696
1367.4521551497053,10697
0.0,10698
0.0,10699
0.0,10700
0.0,10701
0.0,10702
0.0,10703
0.0,10704
0.0,10705
0.0,10706
0.0,10707
4464.008727298287,10708
0.0,10709
0.0,10710
0.0,10711
0.0,10712
0.0,10713
0.0,10714
0.0,10715
0.0,10716
0.0,10717
0.0,10718
144.70661657192844,10719
0.0,10720
0.0,10721
0.0,10722
0.0,10723
0.0,10724
0.0,10725
0.0,10726
0.0,10727
0.0,10728
0.0,10729
0.0,10730
0.0,10731
0.0,10732
0.0,10733
0.0,10734
0.0,10735
0.0,10736
0.0,10737
0.0,10738
0.0,10739
0.0,10740
713.0089513940763,10741
0.0,10742
2169.1786518155213,10743
0.0,10744
0.0,10745
0.0,10746
0.0,10747
0.0,10748
0.0,10749
0.0,10750
0.0,10751
0.0,10752
0.0,10753
0.0,10754
337.6637732669178,10755
0.0,10756
0.0,10757
326.0785166061484,10758
80.35976752555673,10759
77.51466954603197,10760
77.48248000868838,10761
0.0,10762
0.0,10763
0.0,10764
0.0,10765
0.0,10766
0.0,10767
0.0,10768
0.0,10769
0.0,10770
0.0,10771
0.0,10772
0.0,10773
0.0,10774
0.0,10775
0.0,10776
0.0,10777
0.0,10778
0.0,10779
0.0,10780
0.0,10781
0.0,10782
0.0,10783
0.0,10784
0.0,10785
0.0,10786
153.18971931465623,10787
154.79034291736113,10788
138.65584497520578,10789
0.0,10790
0.0,10791
0.0,10792
1283.9047573047446,10793
0.0,10794
0.0,10795
0.0,10796
0.0,10797
0.0,10798
0.0,10799
1925.5378735764962,10800
2054.315407065468,10801
0.0,10802
2038.863486081343,10803
0.0,10804
0.0,10805
2023.482388925072,10806
132.91224759477754,10807
0.0,10808
0.0,10809
136.28250229624243,10810
0.0,10811
974.5481765213684,10812
952.0742212828671,10813
0.0,10814
0.0,10815
0.0,10816
0.0,10817
0.0,10818
0.0,10819
0.0,10820
0.0,10821
0.0,10822
0.0,10823
0.0,10824
0.0,10825
0.0,10826
0.0,10827
0.0,10828
0.0,10829
0.0,10830
0.0,10831
0.0,10832
0.0,10833
0.0,10834
0.0,10835
0.0,10836
0.0,10837
0.0,10838
655.9661005654912,10839
0.0,10840
0.0,10841
519.0388197184562,10842
4012.255792636597,10843
0.0,10844
0.0,10845
0.0,10846
589.3928918359803,10847
591.8299682992721,10848
298.99584808152036,10849
595.6981491033166,10850
2622.9788780566987,10851
0.0,10852
304.69030861378593,10853
309.1815079298236,10854
4494.76781761476,10855
0.0,10856
72.06297826048652,10857
68.24796532566081,10858
0.0,10859
0.0,10860
1676.0966620195925,10861
0.0,10862
0.0,10863
914.6677004119546,10864
0.0,10865
0.0,10866
0.0,10867
252.85888627501404,10868
0.0,10869
1372.13582796371,10870
1388.2852527807383,10871
0.0,10872
0.0,10873
0.0,10874
0.0,10875
0.0,10876
0.0,10877
0.0,10878
0.0,10879
0.0,10880
0.0,10881
0.0,10882
704.1607646255198,10883
0.0,10884
0.0,10885
0.0,10886
0.0,10887
0.0,10888
0.0,10889
0.0,10890
0.0,10891
0.0,10892
9149.44552997871,10893
0.0,10894
0.0,10895
4430.5098734663,10896
0.0,10897
0.0,10898
5462.425959132313,10899
0.0,10900
0.0,10901
6553.50121129213,10902
0.0,10903
59.406346432283314,10904
1306.4597338439962,10905
0.0,10906
0.0,10907
0.0,10908
0.0,10909
0.0,10910
0.0,10911
0.0,10912
0.0,10913
0.0,10914
0.0,10915
0.0,10916
1712.5778676781267,10917
0.0,10918
0.0,10919
1175.1138805522276,10920
0.0,10921
0.0,10922
0.0,10923
0.0,10924
0.0,10925
0.0,10926
0.0,10927
0.0,10928
0.0,10929
0.0,10930
0.0,10931
0.0,10932
0.0,10933
0.0,10934
0.0,10935
0.0,10936
0.0,10937
0.0,10938
0.0,10939
0.0,10940
0.0,10941
0.0,10942
0.0,10943
0.0,10944
0.0,10945
0.0,10946
0.0,10947
0.0,10948
0.0,10949
0.0,10950
364.2315230213628,10951
0.0,10952
0.0,10953
0.0,10954
0.0,10955
0.0,10956
0.0,10957
0.0,10958
234.8515492700649,10959
0.0,10960
0.0,10961
0.0,10962
0.0,10963
0.0,10964
0.0,10965
0.0,10966
0.0,10967
0.0,10968
0.0,10969
0.0,10970
0.0,10971
0.0,10972
0.0,10973
0.0,10974
0.0,10975
0.0,10976
0.0,10977
0.0,10978
0.0,10979
0.0,10980
0.0,10981
0.0,10982
1650.6678819122437,10983
0.0,10984
0.0,10985
0.0,10986
0.0,10987
0.0,10988
0.0,10989
0.0,10990
0.0,10991
0.0,10992
0.0,10993
0.0,10994
0.0,10995
0.0,10996
0.0,10997
0.0,10998
0.0,10999
0.0,11000
0.0,11001
0.0,11002
0.0,11003
0.0,11004
0.0,11005
0.0,11006
0.0,11007
0.0,11008
339.6219841177289,11009
0.0,11010
0.0,11011
186.79296567769566,11012
0.0,11013
371.2419624733313,11014
0.0,11015
0.0,11016
2123.899990116045,11017
0.0,11018
0.0,11019
2127.3310944759346,11020
0.0,11021
485.60386014382726,11022
0.0,11023
1711.408772423244,11024
0.0,11025
0.0,11026
0.0,11027
0.0,11028
0.0,11029
0.0,11030
0.0,11031
0.0,11032
0.0,11033
0.0,11034
0.0,11035
0.0,11036
0.0,11037
0.0,11038
0.0,11039
0.0,11040
271.7511160962624,11041
0.0,11042
0.0,11043
0.0,11044
0.0,11045
0.0,11046
126.60418932106064,11047
0.0,11048
0.0,11049
0.0,11050
0.0,11051
0.0,11052
0.0,11053
0.0,11054
0.0,11055
0.0,11056
0.0,11057
0.0,11058
0.0,11059
1147.4806641224218,11060
0.0,11061
0.0,11062
0.0,11063
0.0,11064
0.0,11065
1374.1341284668338,11066
0.0,11067
0.0,11068
0.0,11069
0.0,11070
0.0,11071
0.0,11072
0.0,11073
0.0,11074
0.0,11075
0.0,11076
0.0,11077
0.0,11078
0.0,11079
0.0,11080
0.0,11081
0.0,11082
0.0,11083
0.0,11084
0.0,11085
0.0,11086
0.0,11087
0.0,11088
0.0,11089
0.0,11090
0.0,11091
0.0,11092
0.0,11093
0.0,11094
0.0,11095
1395.069631491345,11096
0.0,11097
0.0,11098
0.0,11099
357.3719829211712,11100
327.7730109789409,11101
478.6077172053845,11102
0.0,11103
0.0,11104
0.0,11105
0.0,11106
0.0,11107
0.0,11108
1184.6978383936307,11109
0.0,11110
0.0,11111
0.0,11112
0.0,11113
0.0,11114
4131.570799970987,11115
0.0,11116
0.0,11117
0.0,11118
0.0,11119
0.0,11120
0.0,11121
0.0,11122
0.0,11123
0.0,11124
1339.242604209512,11125
0.0,11126
0.0,11127
0.0,11128
0.0,11129
0.0,11130
0.0,11131
0.0,11132
0.0,11133
0.0,11134
0.0,11135
0.0,11136
0.0,11137
0.0,11138
0.0,11139
0.0,11140
0.0,11141
0.0,11142
0.0,11143
0.0,11144
0.0,11145
0.0,11146
0.0,11147
0.0,11148
0.0,11149
0.0,11150
0.0,11151
0.0,11152
0.0,11153
0.0,11154
0.0,11155
0.0,11156
0.0,11157
1201.659375299222,11158
0.0,11159
0.0,11160
0.0,11161
0.0,11162
0.0,11163
0.0,11164
0.0,11165
0.0,11166
0.0,11167
0.0,11168
0.0,11169
0.0,11170
0.0,11171
0.0,11172
0.0,11173
0.0,11174
0.0,11175
0.0,11176
0.0,11177
0.0,11178
0.0,11179
0.0,11180
0.0,11181
0.0,11182
0.0,11183
0.0,11184
0.0,11185
0.0,11186
0.0,11187
0.0,11188
0.0,11189
0.0,11190
0.0,11191
0.0,11192
0.0,11193
0.0,11194
0.0,11195
0.0,11196
0.0,11197
0.0,11198
2246.5222528218846,11199
0.0,11200
0.0,11201
0.0,11202
0.0,11203
0.0,11204
1346.3800991487562,11205
0.0,11206
0.0,11207
0.0,11208
0.0,11209
0.0,11210
0.0,11211
0.0,11212
0.0,11213
0.0,11214
0.0,11215
0.0,11216
0.0,11217
0.0,11218
0.0,11219
0.0,11220
0.0,11221
0.0,11222
0.0,11223
0.0,11224
1393.7105141329191,11225
0.0,11226
333.43783912608103,11227
0.0,11228
346.4058870119791,11229
0.0,11230
1407.5922983431312,11231
0.0,11232
0.0,11233
0.0,11234
0.0,11235
0.0,11236
0.0,11237
0.0,11238
0.0,11239
0.0,11240
0.0,11241
0.0,11242
0.0,11243
0.0,11244
0.0,11245
0.0,11246
1088.5832193115743,11247
0.0,11248
0.0,11249
0.0,11250
0.0,11251
0.0,11252
0.0,11253
0.0,11254
0.0,11255
0.0,11256
0.0,11257
0.0,11258
0.0,11259
0.0,11260
0.0,11261
0.0,11262
0.0,11263
0.0,11264
0.0,11265
0.0,11266
0.0,11267
0.0,11268
0.0,11269
0.0,11270
0.0,11271
41.19923496901139,11272
0.0,11273
0.0,11274
2129.155443859151,11275
0.0,11276
0.0,11277
2126.8153639304674,11278
641.255702315433,11279
0.0,11280
0.0,11281
0.0,11282
382.3240078138473,11283
0.0,11284
0.0,11285
0.0,11286
0.0,11287
0.0,11288
0.0,11289
0.0,11290
0.0,11291
0.0,11292
0.0,11293
0.0,11294
0.0,11295
0.0,11296
0.0,11297
0.0,11298
0.0,11299
0.0,11300
0.0,11301
0.0,11302
0.0,11303
0.0,11304
0.0,11305
0.0,11306
0.0,11307
0.0,11308
0.0,11309
0.0,11310
0.0,11311
0.0,11312
0.0,11313
0.0,11314
0.0,11315
0.0,11316
0.0,11317
0.0,11318
0.0,11319
0.0,11320
0.0,11321
0.0,11322
0.0,11323
220.37586721766252,11324
0.0,11325
0.0,11326
0.0,11327
0.0,11328
0.0,11329
565.9536544334097,11330
0.0,11331
0.0,11332
569.8746488129402,11333
0.0,11334
0.0,11335
544.3808614955134,11336
0.0,11337
0.0,11338
0.0,11339
0.0,11340
525.1246920101049,11341
0.0,11342
0.0,11343
0.0,11344
221.33668284883885,11345
222.12264385937257,11346
204.01125716998368,11347
0.0,11348
186.573429179449,11349
0.0,11350
0.0,11351
0.0,11352
0.0,11353
0.0,11354
0.0,11355
0.0,11356
0.0,11357
0.0,11358
0.0,11359
0.0,11360
0.0,11361
0.0,11362
0.0,11363
0.0,11364
0.0,11365
0.0,11366
0.0,11367
0.0,11368
0.0,11369
0.0,11370
0.0,11371
0.0,11372
0.0,11373
0.0,11374
0.0,11375
0.0,11376
0.0,11377
0.0,11378
0.0,11379
0.0,11380
0.0,11381
0.0,11382
0.0,11383
0.0,11384
0.0,11385
0.0,11386
0.0,11387
0.0,11388
0.0,11389
0.0,11390
0.0,11391
0.0,11392
0.0,11393
0.0,11394
0.0,11395
0.0,11396
0.0,11397
0.0,11398
0.0,11399
0.0,11400
0.0,11401
0.0,11402
0.0,11403
0.0,11404
0.0,11405
0.0,11406
0.0,11407
0.0,11408
0.0,11409
0.0,11410
0.0,11411
445.5853070930294,11412
0.0,11413
0.0,11414
0.0,11415
0.0,11416
0.0,11417
0.0,11418
0.0,11419
0.0,11420
0.0,11421
0.0,11422
0.0,11423
322.54582799687597,11424
0.0,11425
379.19655930041404,11426
0.0,11427
0.0,11428
0.0,11429
0.0,11430
0.0,11431
0.0,11432
734.1496105621933,11433
0.0,11434
0.0,11435
0.0,11436
0.0,11437
0.0,11438
0.0,11439
699.0793462920238,11440
0.0,11441
0.0,11442
975.3923687624961,11443
0.0,11444
0.0,11445
0.0,11446
0.0,11447
0.0,11448
0.0,11449
0.0,11450
0.0,11451
0.0,11452
0.0,11453
0.0,11454
0.0,11455
0.0,11456
0.0,11457
0.0,11458
0.0,11459
0.0,11460
0.0,11461
0.0,11462
0.0,11463
0.0,11464
0.0,11465
0.0,11466
0.0,11467
0.0,11468
0.0,11469
0.0,11470
136.59956864204685,11471
148.13924462847837,11472
158.0238363873586,11473
165.46584229818075,11474
476.7236765477567,11475
283.94691561619186,11476
0.0,11477
0.0,11478
648.5190054119138,11479
228.2780324381946,11480
0.0,11481
0.0,11482
0.0,11483
0.0,11484
0.0,11485
0.0,11486
0.0,11487
0.0,11488
0.0,11489
0.0,11490
0.0,11491
0.0,11492
0.0,11493
0.0,11494
0.0,11495
0.0,11496
0.0,11497
0.0,11498
0.0,11499
0.0,11500
0.0,11501
0.0,11502
0.0,11503
838.0776128643497,11504
0.0,11505
0.0,11506
1148.440809930072,11507
0.0,11508
0.0,11509
0.0,11510
852.6787806964904,11511
0.0,11512
0.0,11513
0.0,11514
0.0,11515
0.0,11516
861.3239995576513,11517
0.0,11518
0.0,11519
0.0,11520
175.7922431508694,11521
867.3813952257831,11522
0.0,11523
0.0,11524
0.0,11525
0.0,11526
0.0,11527
870.7842258135693,11528
0.0,11529
0.0,11530
0.0,11531
0.0,11532
0.0,11533
0.0,11534
0.0,11535
0.0,11536
1360.006500134371,11537
0.0,11538
0.0,11539
0.0,11540
0.0,11541
0.0,11542
0.0,11543
1359.7854165944052,11544
0.0,11545
0.0,11546
0.0,11547
1358.063080878716,11548
0.0,11549
0.0,11550
0.0,11551
0.0,11552
0.0,11553
0.0,11554
4766.342097018261,11555
967.165039004904,11556
3319.198034597045,11557
0.0,11558
4428.452570745858,11559
0.0,11560
2811.115459969436,11561
0.0,11562
0.0,11563
0.0,11564
0.0,11565
486.41998633671307,11566
0.0,11567
0.0,11568
1489.9956917843274,11569
2925.8729190065264,11570
0.0,11571
0.0,11572
0.0,11573
1879.5759941337685,11574
0.0,11575
992.7013918973767,11576
3022.4683213940034,11577
0.0,11578
3494.1956978645712,11579
70.95338686486402,11580
0.0,11581
67.71965466256631,11582
0.0,11583
0.0,11584
3320.8825713697274,11585
0.0,11586
182.26562684038734,11587
2286.1336726206055,11588
188.8456925046035,11589
573.0192794924138,11590
2023.179613269576,11591
0.0,11592
647.976397897154,11593
640.7718411527172,11594
531.0207241499514,11595
2459.7804108827513,11596
2536.433315424716,11597
1996.861492965624,11598
0.0,11599
0.0,11600
0.0,11601
1954.4392165781978,11602
0.0,11603
0.0,11604
0.0,11605
0.0,11606
0.0,11607
0.0,11608
0.0,11609
933.6099617557508,11610
0.0,11611
0.0,11612
3131.14288607769,11613
0.0,11614
890.2612691870835,11615
918.9050241053964,11616
2446.39775331496,11617
931.3361403771601,11618
953.5522100332499,11619
979.896520483846,11620
1010.3739580874222,11621
0.0,11622
0.0,11623
0.0,11624
0.0,11625
294.418798565232,11626
1057.2669773413027,11627
0.0,11628
606.4498474126814,11629
0.0,11630
0.0,11631
1120.3018172699094,11632
1156.8995818116675,11633
0.0,11634
970.0444870779714,11635
0.0,11636
1014.6993079755302,11637
0.0,11638
1273.7850141173112,11639
2668.8409212142874,11640
1330.510128953444,11641
1376.375421453605,11642
2564.585160768221,11643
1440.0459443646712,11644
962.6875706491882,11645
0.0,11646
0.0,11647
283.57825770137623,11648
0.0,11649
0.0,11650
1010.169008795354,11651
3385.0407740560286,11652
1027.18137084621,11653
1020.6907283395914,11654
1025.7612871271654,11655
0.0,11656
0.0,11657
0.0,11658
1026.9331455878598,11659
1025.1514877555662,11660
829.9132911268646,11661
3311.149652287588,11662
0.0,11663
2819.99109201854,11664
0.0,11665
0.0,11666
986.6385639164725,11667
2826.068225724619,11668
0.0,11669
948.9158442412479,11670
0.0,11671
926.0740699895288,11672
0.0,11673
2666.937397292025,11674
896.9207392509035,11675
856.6392071471893,11676
835.47278638839,11677
0.0,11678
0.0,11679
2449.330908162292,11680
2938.2257177075603,11681
1130.607406971359,11682
1124.0148509700903,11683
1219.2245211051854,11684
1166.5401688781626,11685
0.0,11686
1080.8850261304788,11687
1549.1493310746082,11688
1503.1923775950293,11689
0.0,11690
88.5279224012936,11691
95.96449113434699,11692
0.0,11693
96.09670530319606,11694
0.0,11695
0.0,11696
258.9784747669022,11697
0.0,11698
0.0,11699
83.68056847152499,11700
2.8963474734488104,11701
30.131160893467133,11702
0.0,11703
0.0,11704
0.0,11705
0.0,11706
0.0,11707
0.0,11708
0.0,11709
0.0,11710
0.0,11711
0.0,11712
197.72780670639807,11713
0.0,11714
0.0,11715
0.0,11716
0.0,11717
0.0,11718
0.0,11719
0.0,11720
0.0,11721
0.0,11722
0.0,11723
0.0,11724
0.0,11725
0.0,11726
0.0,11727
0.0,11728
0.0,11729
227.74886859145684,11730
908.2559065760503,11731
0.0,11732
0.0,11733
0.0,11734
0.0,11735
0.0,11736
0.0,11737
741.2556526029376,11738
0.0,11739
0.0,11740
0.0,11741
0.0,11742
0.0,11743
0.0,11744
0.0,11745
0.0,11746
0.0,11747
0.0,11748
0.0,11749
0.0,11750
1490.353347082543,11751
0.0,11752
0.0,11753
0.0,11754
0.0,11755
0.0,11756
354.71511521680543,11757
0.0,11758
1510.7687043504536,11759
0.0,11760
0.0,11761
0.0,11762
0.0,11763
0.0,11764
0.0,11765
0.0,11766
0.0,11767
0.0,11768
0.0,11769
0.0,11770
0.0,11771
0.0,11772
0.0,11773
0.0,11774
0.0,11775
0.0,11776
0.0,11777
0.0,11778
126.43662542685924,11779
24.952729172043583,11780
0.0,11781
0.0,11782
0.0,11783
0.0,11784
0.0,11785
0.0,11786
0.0,11787
0.0,11788
0.0,11789
0.0,11790
10.578647071218338,11791
0.0,11792
0.0,11793
0.0,11794
0.0,11795
0.0,11796
0.0,11797
0.0,11798
0.0,11799
0.0,11800
0.0,11801
0.0,11802
0.0,11803
0.0,11804
0.0,11805
0.0,11806
0.0,11807
4.277079832990262,11808
0.0,11809
0.0,11810
0.0,11811
0.0,11812
0.0,11813
0.0,11814
0.0,11815
0.0,11816
0.0,11817
0.0,11818
0.0,11819
3274.5876063555183,11820
0.0,11821
0.0,11822
0.0,11823
0.0,11824
0.0,11825
0.0,11826
0.0,11827
0.0,11828
0.0,11829
0.0,11830
0.0,11831
0.0,11832
0.0,11833
0.0,11834
0.0,11835
0.0,11836
0.0,11837
0.0,11838
0.0,11839
0.0,11840
0.0,11841
226.7083451634758,11842
0.0,11843
0.0,11844
957.2267508431478,11845
0.0,11846
0.0,11847
0.0,11848
0.0,11849
0.0,11850
0.0,11851
0.0,11852
0.0,11853
0.0,11854
0.0,11855
0.0,11856
0.0,11857
0.0,11858
184.5170198588241,11859
0.0,11860
0.0,11861
0.0,11862
0.0,11863
0.0,11864
0.0,11865
0.0,11866
0.0,11867
0.0,11868
0.0,11869
0.0,11870
0.0,11871
0.0,11872
0.0,11873
0.0,11874
0.0,11875
0.0,11876
0.0,11877
0.0,11878
0.0,11879
0.0,11880
0.0,11881
0.0,11882
133.0587545592128,11883
212.8507518960418,11884
0.0,11885
462.12789150777405,11886
449.9680414857097,11887
0.0,11888
0.0,11889
1004.4057415094544,11890
1259.5944833359013,11891
0.0,11892
2420.0944424559248,11893
0.0,11894
0.0,11895
1310.220588004608,11896
0.0,11897
0.0,11898
0.0,11899
0.0,11900
402.73014387942834,11901
0.0,11902
0.0,11903
37.45443002367273,11904
0.0,11905
0.0,11906
0.0,11907
0.0,11908
289.33522009511626,11909
0.0,11910
0.0,11911
2448.061610358565,11912
0.0,11913
0.0,11914
0.0,11915
0.0,11916
0.0,11917
0.0,11918
0.0,11919
1604.295871835163,11920
0.0,11921
0.0,11922
0.0,11923
0.0,11924
0.0,11925
0.0,11926
0.0,11927
0.0,11928
0.0,11929
1799.913172173929,11930
0.0,11931
0.0,11932
311.2156214325012,11933
0.0,11934
0.0,11935
0.0,11936
0.0,11937
0.0,11938
0.0,11939
0.0,11940
0.0,11941
0.0,11942
0.0,11943
0.0,11944
0.0,11945
0.0,11946
0.0,11947
0.0,11948
126.46343271850098,11949
0.0,11950
0.0,11951
0.0,11952
0.0,11953
0.0,11954
0.0,11955
0.0,11956
0.0,11957
0.0,11958
0.0,11959
0.0,11960
0.0,11961
0.0,11962
0.0,11963
0.0,11964
0.0,11965
0.0,11966
0.0,11967
0.0,11968
0.0,11969
0.0,11970
0.0,11971
0.0,11972
0.0,11973
0.0,11974
0.0,11975
0.0,11976
0.0,11977
0.0,11978
0.0,11979
955.1098957631498,11980
0.0,11981
0.0,11982
0.0,11983
0.0,11984
0.0,11985
0.0,11986
0.0,11987
0.0,11988
831.4472170252099,11989
0.0,11990
0.0,11991
0.0,11992
0.0,11993
0.0,11994
0.0,11995
0.0,11996
0.0,11997
0.0,11998
0.0,11999
1675.6548215189666,12000
1723.0171028647032,12001
0.0,12002
0.0,12003
0.0,12004
0.0,12005
1698.7096356920276,12006
1739.8486652144836,12007
2501.987285475577,12008
0.0,12009
0.0,12010
0.0,12011
0.0,12012
399.1418562795755,12013
0.0,12014
830.7881784254586,12015
0.0,12016
0.0,12017
399.551019277874,12018
0.0,12019
0.0,12020
0.0,12021
0.0,12022
0.0,12023
0.0,12024
0.0,12025
0.0,12026
0.0,12027
0.0,12028
0.0,12029
0.0,12030
0.0,12031
0.0,12032
0.0,12033
132.85572549075488,12034
0.0,12035
0.0,12036
0.0,12037
0.0,12038
0.0,12039
0.0,12040
0.0,12041
0.0,12042
0.0,12043
0.0,12044
0.0,12045
0.0,12046
0.0,12047
0.0,12048
0.0,12049
0.0,12050
0.0,12051
0.0,12052
0.0,12053
0.0,12054
0.0,12055
0.0,12056
0.0,12057
0.0,12058
0.0,12059
0.0,12060
0.0,12061
0.0,12062
0.0,12063
0.0,12064
0.0,12065
1682.2502644190142,12066
0.0,12067
0.0,12068
1121.5066621933927,12069
2629.3457247196548,12070
0.0,12071
0.0,12072
804.4374729129274,12073
0.0,12074
1600.0169717752037,12075
1609.987488336877,12076
702.1484511812695,12077
0.0,12078
0.0,12079
351.8026884811794,12080
0.0,12081
45.063497148449684,12082
0.0,12083
0.0,12084
47.7217847230929,12085
47.83013303029669,12086
45.47094723426542,12087
0.0,12088
0.0,12089
1264.1566377369702,12090
1507.0681957063848,12091
1690.005444503742,12092
592.0510066493106,12093
533.9334492081232,12094
0.0,12095
0.0,12096
0.0,12097
972.540022212097,12098
396.21090401318196,12099
0.0,12100
0.0,12101
0.0,12102
0.0,12103
0.0,12104
0.0,12105
0.0,12106
0.0,12107
0.0,12108
1210.954029151285,12109
0.0,12110
0.0,12111
0.0,12112
627.1034132793603,12113
0.0,12114
0.0,12115
0.0,12116
0.0,12117
0.0,12118
111.6924393671651,12119
0.0,12120
0.0,12121
0.0,12122
1086.4909604138634,12123
0.0,12124
0.0,12125
102.66262439851634,12126
0.0,12127
95.33680615790023,12128
0.0,12129
0.0,12130
0.0,12131
0.0,12132
0.0,12133
0.0,12134
0.0,12135
0.0,12136
0.0,12137
0.0,12138
0.0,12139
0.0,12140
2613.9418017425046,12141
0.0,12142
2642.870081453689,12143
0.0,12144
0.0,12145
1820.1564415166768,12146
2985.362260210159,12147
1460.8253753103506,12148
0.0,12149
0.0,12150
89.80508322378431,12151
0.0,12152
1497.759518274669,12153
738.3003665954187,12154
1537.334890010071,12155
0.0,12156
1559.1830439362623,12157
1581.3473691683714,12158
1603.44282648116,12159
0.0,12160
0.0,12161
0.0,12162
0.0,12163
0.0,12164
8917.612046318807,12165
0.0,12166
0.0,12167
0.0,12168
220.6009662537202,12169
2684.3894573855832,12170
0.0,12171
0.0,12172
0.0,12173
0.0,12174
0.0,12175
0.0,12176
0.0,12177
2367.6791833527086,12178
2346.6422706710046,12179
0.0,12180
0.0,12181
0.0,12182
2320.596280105888,12183
313.4863788915054,12184
0.0,12185
0.0,12186
0.0,12187
0.0,12188
0.0,12189
0.0,12190
0.0,12191
314.8814111927914,12192
0.0,12193
0.0,12194
320.96493328372253,12195
368.7291579117359,12196
0.0,12197
0.0,12198
3247.466865769895,12199
49.948508952023715,12200
0.0,12201
0.0,12202
0.0,12203
0.0,12204
546.7161521338123,12205
0.0,12206
0.0,12207
545.3707266831437,12208
0.0,12209
0.0,12210
0.0,12211
0.0,12212
0.0,12213
0.0,12214
0.0,12215
0.0,12216
0.0,12217
0.0,12218
306.314012412712,12219
0.0,12220
0.0,12221
0.0,12222
0.0,12223
0.0,12224
0.0,12225
0.0,12226
0.0,12227
0.0,12228
0.0,12229
0.0,12230
0.0,12231
0.0,12232
0.0,12233
0.0,12234
0.0,12235
0.0,12236
0.0,12237
0.0,12238
0.0,12239
0.0,12240
0.0,12241
0.0,12242
0.0,12243
29.9800828633635,12244
0.0,12245
1050.811320283495,12246
0.0,12247
0.0,12248
1392.870227020232,12249
0.0,12250
0.0,12251
0.0,12252
0.0,12253
1336.8920938502608,12254
1442.4584575589204,12255
0.0,12256
0.0,12257
342.957996705729,12258
1381.9821657804962,12259
2516.6270346798287,12260
156.15682416442354,12261
17.831488262595062,12262
0.0,12263
618.3186717417344,12264
572.3713414439794,12265
551.382849631357,12266
1626.9112596410582,12267
0.0,12268
1830.7493763972002,12269
1527.182193662675,12270
0.0,12271
0.0,12272
0.0,12273
0.0,12274
0.0,12275
0.0,12276
481.6768287966967,12277
870.3648127986247,12278
653.0374536838468,12279
0.0,12280
0.0,12281
0.0,12282
3408.866644063172,12283
3381.4958048299704,12284
0.0,12285
0.0,12286
0.0,12287
0.0,12288
0.0,12289
0.0,12290
0.0,12291
0.0,12292
2019.3808758190964,12293
0.0,12294
0.0,12295
0.0,12296
0.0,12297
0.0,12298
0.0,12299
1805.2484485510906,12300
0.0,12301
0.0,12302
0.0,12303
0.0,12304
0.0,12305
0.0,12306
0.0,12307
0.0,12308
0.0,12309
0.0,12310
0.0,12311
0.0,12312
0.0,12313
0.0,12314
0.0,12315
0.0,12316
0.0,12317
65.99292762629071,12318
0.0,12319
0.0,12320
0.0,12321
0.0,12322
132.82374983952792,12323
167.5630907513988,12324
244.96739943587892,12325
0.0,12326
0.0,12327
0.0,12328
643.7723947380898,12329
0.0,12330
0.0,12331
0.0,12332
0.0,12333
0.0,12334
295.4137670006512,12335
339.4150821920423,12336
377.45638539076094,12337
0.0,12338
138.1695971061108,12339
440.15612977115876,12340
1080.9174012185053,12341
0.0,12342
291.20413444683675,12343
0.0,12344
1199.8263732544306,12345
0.0,12346
307.2132023254219,12347
0.0,12348
754.1353663656075,12349
0.0,12350
714.084580552883,12351
0.0,12352
230.5320145667666,12353
0.0,12354
0.0,12355
1013.4856691496421,12356
0.0,12357
155.8381345317525,12358
0.0,12359
2178.6469389627723,12360
2452.040097806754,12361
2430.2351911836386,12362
2406.0872559873123,12363
0.0,12364
6.582837984988981,12365
0.0,12366
1082.7456775176422,12367
1089.7173815506146,12368
1892.4730459222137,12369
2788.3209412603337,12370
15.727129967848471,12371
4928.777620772983,12372
0.0,12373
2786.413721134481,12374
2134.3182911217405,12375
1248.7186255358033,12376
2147.2667113063976,12377
895.9554315958429,12378
1096.4479728748224,12379
0.0,12380
2018.4811997905433,12381
0.0,12382
0.0,12383
2444.3088057098253,12384
1786.484602742982,12385
0.0,12386
2482.00925223189,12387
524.5738889756266,12388
2508.025398622135,12389
1846.9933771129063,12390
0.0,12391
459.9432251441173,12392
2549.83239395245,12393
0.0,12394
1511.7268366603805,12395
1883.6655571093781,12396
2594.532580794631,12397
0.0,12398
1937.5819404657325,12399
973.3619216877586,12400
0.0,12401
1211.4440965789672,12402
360.4251616930954,12403
532.3892852305081,12404
2247.697177657807,12405
1236.9364793104228,12406
0.0,12407
1218.634099812782,12408
988.7847732815164,12409
1219.4230143949699,12410
0.0,12411
1210.5593642348379,12412
1205.3504679137568,12413
0.0,12414
1208.1676133568203,12415
620.8924613004245,12416
0.0,12417
3005.2296152908625,12418
604.5171753669031,12419
0.0,12420
1194.7768566982102,12421
1322.4775695835342,12422
1192.6789697942097,12423
336.13533071770826,12424
0.0,12425
0.0,12426
1225.2184196465123,12427
1233.8127336372538,12428
0.0,12429
1229.0266974618955,12430
1252.3076349485636,12431
0.0,12432
1177.2291173571778,12433
1288.2747328411308,12434
1186.957366738134,12435
0.0,12436
1197.1235094511048,12437
1296.5668888977239,12438
1206.2795670623727,12439
0.0,12440
1299.410270301714,12441
1227.8173110010878,12442
0.0,12443
0.0,12444
0.0,12445
1301.1849605418922,12446
1889.8116623362637,12447
0.0,12448
1216.0303994066464,12449
1379.1544365178609,12450
1371.8717157778349,12451
0.0,12452
0.0,12453
1214.2943003623238,12454
0.0,12455
0.0,12456
837.9966036691491,12457
1119.0919662861604,12458
843.3551149009328,12459
850.4320306884784,12460
561.5643540816338,12461
871.9950861549598,12462
0.0,12463
861.20160866299,12464
1122.2375152718053,12465
0.0,12466
1114.2422334182293,12467
2673.8323659388334,12468
849.4636576827912,12469
862.371567021956,12470
0.0,12471
0.0,12472
861.0337429177017,12473
858.065170582065,12474
1544.9768731616034,12475
0.0,12476
0.0,12477
4424.9737211324,12478
0.0,12479
831.0496783965566,12480
826.7861707308115,12481
0.0,12482
1079.5452545325647,12483
0.0,12484
0.0,12485
0.0,12486
818.3989412173976,12487
814.5801261811295,12488
810.2940461123184,12489
1333.8696984064275,12490
813.5833594291759,12491
0.0,12492
806.3539067363189,12493
1055.7211005317924,12494
521.8568466854326,12495
0.0,12496
789.2873447696637,12497
571.4748131143003,12498
0.0,12499
760.8404939883899,12500
763.8143121632163,12501
753.7534060812189,12502
0.0,12503
730.4338165160262,12504
74.60073242393212,12505
62.830891892578485,12506
51.40876066080292,12507
0.0,12508
3878.5900446048377,12509
0.0,12510
690.1390784768142,12511
681.3833665590457,12512
660.1197290273176,12513
651.9266690121565,12514
644.2031704414703,12515
0.0,12516
0.0,12517
0.0,12518
966.6622699872242,12519
645.6796168297587,12520
624.5852540779919,12521
437.498690344914,12522
769.516015224564,12523
619.5801740863851,12524
596.1072197996612,12525
585.3101375956277,12526
0.0,12527
0.0,12528
575.017449340312,12529
577.8989323084763,12530
567.8471701090738,12531
544.7822258283613,12532
547.2538313630374,12533
0.0,12534
0.0,12535
524.377700802387,12536
4202.826127375838,12537
503.9186438111715,12538
494.46959046460654,12539
0.0,12540
484.92298112962953,12541
475.05131936418326,12542
464.70956320216817,12543
0.0,12544
0.0,12545
0.0,12546
1614.4911132759564,12547
0.0,12548
0.0,12549
0.0,12550
0.0,12551
0.0,12552
0.0,12553
480.2580683784113,12554
467.9578400309487,12555
0.0,12556
0.0,12557
0.0,12558
454.2676989227047,12559
439.62622253082174,12560
424.401980254954,12561
616.8109844522095,12562
392.1986889705791,12563
0.0,12564
445.1865090536989,12565
358.62080309538607,12566
343.30519606656395,12567
316.01982389828504,12568
301.55071315170903,12569
0.0,12570
300.05702889078987,12571
273.723791955078,12572
0.0,12573
0.0,12574
259.82048259417996,12575
258.70678302257244,12576
0.0,12577
244.8866642689402,12578
750.9271749647444,12579
0.0,12580
213.77779800110272,12581
0.0,12582
0.0,12583
200.5451442550373,12584
187.81712809020607,12585
1546.5921288998727,12586
189.01041155784804,12587
177.2900677212482,12588
153.1075627519343,12589
2533.1512832698463,12590
158.84496740513723,12591
338.41167032937915,12592
0.0,12593
0.0,12594
0.0,12595
0.0,12596
0.0,12597
701.2562614340761,12598
0.0,12599
134.2554009677403,12600
0.0,12601
110.91390084806815,12602
0.0,12603
100.35339575021854,12604
0.0,12605
0.0,12606
679.3975507687355,12607
0.0,12608
0.0,12609
87.9984033732419,12610
91.5165702558432,12611
82.74846484228729,12612
61.83012840778638,12613
54.02537544248331,12614
59.637973351135855,12615
1425.4569820952925,12616
0.0,12617
0.0,12618
651.0257019044385,12619
50.341623851114996,12620
0.0,12621
44.28011008629142,12622
0.0,12623
0.0,12624
0.0,12625
38.51103946807781,12626
21.034564967704384,12627
0.0,12628
102.6810872970318,12629
101.71057892512306,12630
15.68844647445362,12631
13.473669618440912,12632
0.0,12633
0.0,12634
621.4133593457726,12635
0.0,12636
0.0,12637
0.0,12638
0.0,12639
0.0,12640
0.0,12641
20593.232044277982,12642
0.0,12643
0.0,12644
14.12793190872289,12645
0.0,12646
0.0,12647
0.0,12648
7.81057703751503,12649
0.0,12650
0.0,12651
0.0,12652
0.0,12653
0.0,12654
0.0,12655
0.0,12656
0.0,12657
0.0,12658
1173.0760831950454,12659
1209.165557277262,12660
0.0,12661
0.0,12662
1244.5617107362225,12663
688.1233111152364,12664
0.0,12665
661.6009079301383,12666
0.0,12667
548.43245085196,12668
0.0,12669
0.0,12670
552.7964482907862,12671
0.0,12672
0.0,12673
0.0,12674
0.0,12675
0.0,12676
339.2349188436511,12677
0.0,12678
322.6945364969279,12679
0.0,12680
0.0,12681
0.0,12682
1213.6107413387203,12683
349.38487628430414,12684
337.6584800468752,12685
700.552816336342,12686
1401.5614709060387,12687
1160.8640559287182,12688
461.365564880862,12689
465.0262068191995,12690
811.6711367992305,12691
1418.7272380646145,12692
694.4132403748865,12693
0.0,12694
0.0,12695
0.0,12696
425.1435523020827,12697
1651.5610142218814,12698
0.0,12699
0.0,12700
1365.4848738771402,12701
1369.7283516924922,12702
0.0,12703
2410.0744780156083,12704
1017.72640713032,12705
0.0,12706
0.0,12707
0.0,12708
0.0,12709
0.0,12710
0.0,12711
689.060867810296,12712
0.0,12713
543.950679507219,12714
138.87765213565876,12715
0.0,12716
0.0,12717
0.0,12718
0.0,12719
1825.4609340600985,12720
0.0,12721
0.0,12722
690.6200347440658,12723
0.0,12724
154.86817977342656,12725
0.0,12726
780.2527394963354,12727
0.0,12728
0.0,12729
0.0,12730
681.2640467980762,12731
0.0,12732
0.0,12733
664.7643315876237,12734
108.40263567991776,12735
0.0,12736
85.67275926111716,12737
52.74257303313586,12738
973.4366402714111,12739
269.72610292913,12740
970.8120891702725,12741
0.0,12742
0.0,12743
0.0,12744
257.4749709485703,12745
0.0,12746
0.0,12747
0.0,12748
0.0,12749
0.0,12750
0.0,12751
1435.2339648169648,12752
939.9116096421523,12753
0.0,12754
0.0,12755
0.0,12756
722.3316788455596,12757
0.0,12758
0.0,12759
207.6826953207427,12760
0.0,12761
1080.2501000512102,12762
0.0,12763
0.0,12764
2269.412322917096,12765
0.0,12766
71.18577212973584,12767
0.0,12768
0.0,12769
0.0,12770
3526.319102862265,12771
0.0,12772
6622.096923056867,12773
0.0,12774
0.0,12775
0.0,12776
0.0,12777
0.0,12778
0.0,12779
1522.5930645719147,12780
0.0,12781
0.0,12782
0.0,12783
0.0,12784
0.0,12785
0.0,12786
366.8299316544029,12787
0.0,12788
0.0,12789
0.0,12790
0.0,12791
0.0,12792
0.0,12793
0.0,12794
0.0,12795
4709.181690708563,12796
0.0,12797
0.0,12798
0.0,12799
0.0,12800
0.0,12801
0.0,12802
0.0,12803
0.0,12804
0.0,12805
0.0,12806
0.0,12807
0.0,12808
0.0,12809
0.0,12810
0.0,12811
0.0,12812
0.0,12813
0.0,12814
0.0,12815
0.0,12816
975.3391132098218,12817
0.0,12818
0.0,12819
0.0,12820
0.0,12821
0.0,12822
0.0,12823
954.4044220784341,12824
0.0,12825
0.0,12826
935.7957456993552,12827
0.0,12828
1312.20426466398,12829
1703.3313120344565,12830
890.872327440778,12831
878.8714526069696,12832
0.0,12833
869.5103748472615,12834
0.0,12835
0.0,12836
0.0,12837
0.0,12838
0.0,12839
0.0,12840
0.0,12841
0.0,12842
0.0,12843
0.0,12844
0.0,12845
209.81233746676176,12846
566.3774055379909,12847
0.0,12848
0.0,12849
0.0,12850
0.0,12851
0.0,12852
0.0,12853
0.0,12854
0.0,12855
0.0,12856
0.0,12857
0.0,12858
0.0,12859
0.0,12860
0.0,12861
0.0,12862
0.0,12863
0.0,12864
0.0,12865
1768.3285888783957,12866
0.0,12867
0.0,12868
0.0,12869
0.0,12870
0.0,12871
0.0,12872
0.0,12873
970.1899750058326,12874
0.0,12875
0.0,12876
953.2738495443689,12877
1576.9014788825418,12878
415.86394400101864,12879
0.0,12880
385.0469087662447,12881
0.0,12882
0.0,12883
0.0,12884
0.0,12885
0.0,12886
0.0,12887
0.0,12888
0.0,12889
0.0,12890
0.0,12891
0.0,12892
0.0,12893
732.9868407390508,12894
0.0,12895
0.0,12896
0.0,12897
0.0,12898
0.0,12899
0.0,12900
0.0,12901
923.7803044383927,12902
0.0,12903
0.0,12904
0.0,12905
0.0,12906
0.0,12907
0.0,12908
0.0,12909
0.0,12910
0.0,12911
0.0,12912
0.0,12913
0.0,12914
602.0325475821109,12915
0.0,12916
0.0,12917
0.0,12918
0.0,12919
0.0,12920
736.214773137222,12921
0.0,12922
0.0,12923
0.0,12924
0.0,12925
0.0,12926
0.0,12927
0.0,12928
0.0,12929
0.0,12930
0.0,12931
0.0,12932
0.0,12933
0.0,12934
0.0,12935
0.0,12936
0.0,12937
0.0,12938
0.0,12939
0.0,12940
0.0,12941
0.0,12942
0.0,12943
0.0,12944
0.0,12945
0.0,12946
0.0,12947
0.0,12948
0.0,12949
0.0,12950
0.0,12951
0.0,12952
0.0,12953
0.0,12954
0.0,12955
0.0,12956
0.0,12957
2309.6359170472992,12958
0.0,12959
0.0,12960
0.0,12961
2778.4593377081337,12962
1989.43633671513,12963
0.0,12964
0.0,12965
0.0,12966
0.0,12967
1039.7518704285708,12968
0.0,12969
121.20735470057,12970
0.0,12971
0.0,12972
0.0,12973
0.0,12974
108.26027160106227,12975
90.10475370966753,12976
105.89892884020925,12977
123.53604191059824,12978
178.35983736678696,12979
169.56121985528802,12980
159.29324470291652,12981
148.8946032336467,12982
257.89178674056836,12983
251.9677541303489,12984
0.0,12985
0.0,12986
0.0,12987
0.0,12988
2083.6073185783825,12989
0.0,12990
1294.0223234097036,12991
2869.1113569945064,12992
2892.9112448393134,12993
0.0,12994
2449.162789742233,12995
0.0,12996
0.0,12997
1521.642767330916,12998
2232.713319647122,12999
1510.0517787634847,13000
2722.3636395934977,13001
2101.451707610259,13002
59.797053021752355,13003
1456.0575380622001,13004
992.9013689227329,13005
1012.7231180408218,13006
0.0,13007
0.0,13008
47.690977420701294,13009
0.0,13010
0.0,13011
113.33830175774015,13012
0.0,13013
0.0,13014
302.92097613706943,13015
0.0,13016
0.0,13017
227.74028540252866,13018
0.0,13019
0.0,13020
0.0,13021
0.0,13022
670.3280360479815,13023
399.7026694173375,13024
0.0,13025
512.4266775132722,13026
0.0,13027
524.0333129032585,13028
1792.7515808327078,13029
0.0,13030
0.0,13031
429.8335873491853,13032
591.2626887222413,13033
0.0,13034
427.3323980947214,13035
0.0,13036
0.0,13037
195.06399980289302,13038
0.0,13039
0.0,13040
0.0,13041
74.66431687380793,13042
998.7542821194345,13043
0.0,13044
0.0,13045
161.37386263683953,13046
78.12875538736533,13047
902.1665430254391,13048
1529.3287585657417,13049
0.0,13050
163.9817392449662,13051
178.0104994679133,13052
86.56568122441664,13053
587.2102464885066,13054
483.75298472539686,13055
499.00018548190184,13056
1884.3913186507848,13057
0.0,13058
1209.6580914484864,13059
0.0,13060
316.6562329797169,13061
0.0,13062
0.0,13063
0.0,13064
0.0,13065
0.0,13066
0.0,13067
0.0,13068
267.68865480226214,13069
0.0,13070
0.0,13071
0.0,13072
0.0,13073
271.87291643853905,13074
0.0,13075
0.0,13076
0.0,13077
533.1431544079883,13078
0.0,13079
0.0,13080
0.0,13081
1211.8658927570664,13082
0.0,13083
0.0,13084
0.0,13085
0.0,13086
0.0,13087
0.0,13088
0.0,13089
0.0,13090
494.1849257093082,13091
0.0,13092
0.0,13093
0.0,13094
0.0,13095
0.0,13096
0.0,13097
0.0,13098
0.0,13099
0.0,13100
0.0,13101
0.0,13102
0.0,13103
0.0,13104
0.0,13105
0.0,13106
524.903013786842,13107
557.3769589641743,13108
886.5187228647601,13109
0.0,13110
612.7172330508431,13111
643.9555053056777,13112
0.0,13113
673.0936612392678,13114
0.0,13115
604.4902661829192,13116
712.9333741588871,13117
732.4024023043364,13118
0.0,13119
0.0,13120
0.0,13121
652.7786166939906,13122
0.0,13123
752.4648084339525,13124
1062.0322491779707,13125
672.540420557884,13126
764.0432453504125,13127
0.0,13128
667.9223222589565,13129
754.2364493199024,13130
0.0,13131
0.0,13132
0.0,13133
0.0,13134
0.0,13135
0.0,13136
764.9076607874398,13137
0.0,13138
0.0,13139
0.0,13140
0.0,13141
0.0,13142
0.0,13143
743.3450119288991,13144
735.1293357218976,13145
0.0,13146
0.0,13147
0.0,13148
0.0,13149
0.0,13150
0.0,13151
0.0,13152
725.5671239545015,13153
0.0,13154
0.0,13155
68.13123899337171,13156
909.6853313771577,13157
46.25411503122462,13158
0.0,13159
31.181122579421256,13160
868.2609241185621,13161
856.344789428402,13162
3.699185078042861,13163
857.6851284509761,13164
11.294826384170722,13165
894.0214743285024,13166
0.0,13167
0.0,13168
828.1546225730566,13169
801.5815586758013,13170
0.0,13171
798.7335186992799,13172
776.3551604350932,13173
753.1191249412077,13174
729.1580503110481,13175
912.6919125612297,13176
1004.234299767323,13177
979.4536050358499,13178
954.818624505033,13179
279.48928656896487,13180
271.35992562561614,13181
935.9047975477482,13182
240.8471222118832,13183
226.67107044022262,13184
1036.6212166080254,13185
0.0,13186
0.0,13187
3389.4613056495205,13188
0.0,13189
1422.5555631783434,13190
0.0,13191
549.0952237092529,13192
1363.8031569603017,13193
0.0,13194
1336.7384307654884,13195
1311.608022498958,13196
1288.3485867363147,13197
1292.100081529675,13198
0.0,13199
0.0,13200
1242.2519309472818,13201
1175.4814344761558,13202
0.0,13203
80.30495416189132,13204
0.0,13205
417.12871029153393,13206
0.0,13207
0.0,13208
0.0,13209
0.0,13210
0.0,13211
0.0,13212
0.0,13213
0.0,13214
0.0,13215
0.0,13216
0.0,13217
0.0,13218
0.0,13219
0.0,13220
0.0,13221
0.0,13222
0.0,13223
0.0,13224
0.0,13225
0.0,13226
0.0,13227
0.0,13228
0.0,13229
5.150282158262885,13230
0.0,13231
0.0,13232
0.0,13233
0.0,13234
0.0,13235
0.0,13236
0.0,13237
0.0,13238
0.0,13239
0.0,13240
0.0,13241
0.0,13242
0.0,13243
0.0,13244
0.0,13245
0.0,13246
0.0,13247
0.0,13248
0.0,13249
0.0,13250
0.0,13251
0.0,13252
0.0,13253
0.0,13254
0.0,13255
0.0,13256
0.0,13257
0.0,13258
0.0,13259
0.0,13260
0.0,13261
0.0,13262
0.0,13263
0.0,13264
0.0,13265
0.0,13266
0.0,13267
0.0,13268
0.0,13269
0.0,13270
0.0,13271
0.0,13272
0.0,13273
0.0,13274
0.0,13275
0.0,13276
0.0,13277
0.0,13278
0.0,13279
0.0,13280
0.0,13281
0.0,13282
0.0,13283
0.0,13284
0.0,13285
0.0,13286
0.0,13287
0.0,13288
0.0,13289
0.0,13290
0.0,13291
0.0,13292
0.0,13293
0.0,13294
0.0,13295
0.0,13296
0.0,13297
0.0,13298
0.0,13299
0.0,13300
0.0,13301
0.0,13302
0.0,13303
0.0,13304
0.0,13305
0.0,13306
0.0,13307
0.0,13308
0.0,13309
0.0,13310
0.0,13311
0.0,13312
0.0,13313
0.0,13314
0.0,13315
0.0,13316
0.0,13317
0.0,13318
0.0,13319
0.0,13320
0.0,13321
0.0,13322
0.0,13323
0.0,13324
0.0,13325
0.0,13326
0.0,13327
0.0,13328
0.0,13329
0.0,13330
0.0,13331
0.0,13332
0.0,13333
0.0,13334
0.0,13335
0.0,13336
0.0,13337
0.0,13338
0.0,13339
0.0,13340
0.0,13341
0.0,13342
0.0,13343
0.0,13344
0.0,13345
0.0,13346
0.0,13347
0.0,13348
0.0,13349
0.0,13350
0.0,13351
0.0,13352
0.0,13353
0.0,13354
0.0,13355
0.0,13356
0.0,13357
0.0,13358
0.0,13359
0.0,13360
0.0,13361
0.0,13362
0.0,13363
0.0,13364
0.0,13365
0.0,13366
0.0,13367
0.0,13368
0.0,13369
0.0,13370
0.0,13371
0.0,13372
386.95250032546704,13373
0.0,13374
0.0,13375
0.0,13376
0.0,13377
0.0,13378
0.0,13379
0.0,13380
0.0,13381
0.0,13382
0.0,13383
0.0,13384
0.0,13385
0.0,13386
0.0,13387
24.590593802451153,13388
0.0,13389
0.0,13390
0.0,13391
0.0,13392
0.0,13393
0.0,13394
0.0,13395
0.0,13396
0.0,13397
0.0,13398
0.0,13399
0.0,13400
0.0,13401
0.0,13402
0.0,13403
0.0,13404
0.0,13405
0.0,13406
0.0,13407
443.40968540396915,13408
0.0,13409
0.0,13410
0.0,13411
0.0,13412
0.0,13413
0.0,13414
0.0,13415
0.0,13416
0.0,13417
0.0,13418
0.0,13419
0.0,13420
0.0,13421
174.4433396954241,13422
0.0,13423
0.0,13424
0.0,13425
0.0,13426
3058.6838368931662,13427
0.0,13428
3007.860913010101,13429
0.0,13430
666.8668057456069,13431
355.78657824510464,13432
343.64080995710896,13433
0.0,13434
0.0,13435
584.5106471237941,13436
0.0,13437
0.0,13438
0.0,13439
633.4108773348469,13440
0.0,13441
0.0,13442
0.0,13443
0.0,13444
0.0,13445
695.8954165064677,13446
683.3319658876993,13447
671.4382582020005,13448
0.0,13449
0.0,13450
0.0,13451
0.0,13452
0.0,13453
951.703060224046,13454
0.0,13455
1076.3234861776025,13456
0.0,13457
931.547706985083,13458
0.0,13459
3318.922819340643,13460
1417.0104803899121,13461
632.2936089293054,13462
0.0,13463
429.88442044917184,13464
0.0,13465
0.0,13466
0.0,13467
0.0,13468
0.0,13469
0.0,13470
0.0,13471
0.0,13472
0.0,13473
0.0,13474
0.0,13475
0.0,13476
0.0,13477
1703.7305968003427,13478
1243.3986858634187,13479
0.0,13480
903.0630529544902,13481
4068.323142763192,13482
0.0,13483
0.0,13484
0.0,13485
94.9882778966875,13486
328.42432613588494,13487
0.0,13488
0.0,13489
890.2360956178422,13490
3502.9877213676923,13491
0.0,13492
0.0,13493
0.0,13494
0.0,13495
0.0,13496
0.0,13497
0.0,13498
1325.6872709285428,13499
1464.8914905006288,13500
0.0,13501
0.0,13502
0.0,13503
0.0,13504
0.0,13505
0.0,13506
1490.5603827267953,13507
0.0,13508
0.0,13509
0.0,13510
0.0,13511
0.0,13512
0.0,13513
0.0,13514
2027.983683949941,13515
0.0,13516
0.0,13517
0.0,13518
0.0,13519
0.0,13520
0.0,13521
341.230000817749,13522
0.0,13523
0.0,13524
1914.9225760337101,13525
1536.043245290335,13526
0.0,13527
341.1947072185627,13528
0.0,13529
0.0,13530
0.0,13531
0.0,13532
339.9868410812988,13533
51.04366233181295,13534
339.58497636448635,13535
0.0,13536
0.0,13537
0.0,13538
1558.4552138151325,13539
0.0,13540
347.4677464773329,13541
0.0,13542
0.0,13543
0.0,13544
348.6972773365584,13545
60.86407593125489,13546
352.66907618938137,13547
0.0,13548
0.0,13549
0.0,13550
367.40040447223004,13551
0.0,13552
0.0,13553
0.0,13554
0.0,13555
0.0,13556
0.0,13557
0.0,13558
0.0,13559
6.683372954276093,13560
0.0,13561
0.0,13562
0.0,13563
0.0,13564
290.75305016643995,13565
0.0,13566
0.0,13567
292.62300189533386,13568
0.0,13569
0.0,13570
294.84842873422906,13571
0.0,13572
0.0,13573
297.254287343404,13574
0.0,13575
299.649068154695,13576
0.0,13577
301.8994004607572,13578
0.0,13579
0.0,13580
0.0,13581
14.751756318352447,13582
15.506447757408482,13583
0.0,13584
376.741423338642,13585
379.004331668849,13586
0.0,13587
310.0380855866784,13588
103.98167303970561,13589
311.1781532537853,13590
0.0,13591
0.0,13592
0.0,13593
33.676996969057384,13594
39.214952693898226,13595
324.47175450822107,13596
48.89278380669086,13597
336.1989823548892,13598
63.03747244953353,13599
73.6337152489604,13600
0.0,13601
0.0,13602
0.0,13603
0.0,13604
568.2228167125801,13605
0.0,13606
1156.0453995715607,13607
583.0068501577164,13608
0.0,13609
0.0,13610
0.0,13611
126.66832327455936,13612
593.8386186280367,13613
0.0,13614
0.0,13615
607.9990978534602,13616
624.8934637435244,13617
0.0,13618
747.2541996776424,13619
0.0,13620
0.0,13621
0.0,13622
0.0,13623
0.0,13624
0.0,13625
0.0,13626
0.0,13627
0.0,13628
0.0,13629
0.0,13630
0.0,13631
358.6403609099694,13632
0.0,13633
715.3160043055873,13634
0.0,13635
0.0,13636
984.2641780273052,13637
0.0,13638
0.0,13639
590.4788007289377,13640
0.0,13641
0.0,13642
0.0,13643
0.0,13644
685.8129898394482,13645
1006.9431309827979,13646
0.0,13647
0.0,13648
0.0,13649
0.0,13650
0.0,13651
0.0,13652
0.0,13653
1114.8370068803965,13654
0.0,13655
0.0,13656
1095.2810476427478,13657
1562.9285180994264,13658
0.0,13659
151.98754599572615,13660
859.8697094115682,13661
0.0,13662
0.0,13663
0.0,13664
0.0,13665
0.0,13666
984.3690383306819,13667
634.763343571161,13668
0.0,13669
0.0,13670
0.0,13671
0.0,13672
0.0,13673
0.0,13674
0.0,13675
0.0,13676
301.3583036876392,13677
1368.2212567820554,13678
0.0,13679
0.0,13680
0.0,13681
0.0,13682
0.0,13683
0.0,13684
1742.1381581477726,13685
0.0,13686
0.0,13687
0.0,13688
0.0,13689
0.0,13690
0.0,13691
0.0,13692
1408.103463957873,13693
391.65578836907207,13694
1461.8441163975676,13695
0.0,13696
0.0,13697
0.0,13698
911.981065891,13699
0.0,13700
0.0,13701
0.0,13702
1223.6422270449,13703
0.0,13704
1239.2274315556895,13705
1251.9600461776843,13706
1261.957084939804,13707
1269.4389977762983,13708
0.0,13709
1274.6987664829078,13710
0.0,13711
0.0,13712
504.19958348263197,13713
0.0,13714
911.7361573937858,13715
0.0,13716
0.0,13717
0.0,13718
1561.60134383641,13719
0.0,13720
0.0,13721
0.0,13722
0.0,13723
0.0,13724
0.0,13725
0.0,13726
1560.7682372804538,13727
0.0,13728
0.0,13729
1215.1875979853703,13730
0.0,13731
1215.2850369777154,13732
100.7675982575731,13733
0.0,13734
0.0,13735
1267.007796359727,13736
0.0,13737
1259.0468349262376,13738
1250.3201392868125,13739
0.0,13740
1948.4368537197838,13741
0.0,13742
0.0,13743
378.93494168234156,13744
2215.9741694803483,13745
2191.545923255974,13746
1856.6244236431664,13747
2139.276488876484,13748
0.0,13749
0.0,13750
0.0,13751
0.0,13752
0.0,13753
0.0,13754
0.0,13755
242.63543361424436,13756
0.0,13757
528.2162884575924,13758
0.0,13759
0.0,13760
796.967492526059,13761
0.0,13762
635.6869235572049,13763
0.0,13764
208.31144563942027,13765
193.95717697750507,13766
0.0,13767
187.43114122025588,13768
0.0,13769
0.0,13770
0.0,13771
0.0,13772
0.0,13773
0.0,13774
0.0,13775
0.0,13776
0.0,13777
0.0,13778
0.0,13779
0.0,13780
0.0,13781
0.0,13782
0.0,13783
0.0,13784
0.0,13785
0.0,13786
303.08198393314035,13787
287.59622979932215,13788
0.0,13789
0.0,13790
0.0,13791
0.0,13792
663.0981608551266,13793
0.0,13794
0.0,13795
0.0,13796
0.0,13797
0.0,13798
0.0,13799
0.0,13800
0.0,13801
0.0,13802
0.0,13803
0.0,13804
139.49050599481401,13805
136.54365364916612,13806
0.0,13807
0.0,13808
0.0,13809
0.0,13810
0.0,13811
0.0,13812
0.0,13813
2308.6993322617536,13814
0.0,13815
0.0,13816
0.0,13817
0.0,13818
0.0,13819
0.0,13820
0.0,13821
0.0,13822
0.0,13823
0.0,13824
0.0,13825
0.0,13826
0.0,13827
0.0,13828
0.0,13829
0.0,13830
0.0,13831
0.0,13832
0.0,13833
0.0,13834
1166.4673752148378,13835
0.0,13836
0.0,13837
0.0,13838
0.0,13839
0.0,13840
5.011449462660749,13841
597.6330743566562,13842
0.0,13843
430.4154870793484,13844
410.431381024592,13845
414.81222161340713,13846
0.0,13847
31.583698871000525,13848
1084.496635473489,13849
1092.401067741544,13850
0.0,13851
0.0,13852
426.19427040785456,13853
0.0,13854
1102.9079508170917,13855
655.5819005032894,13856
0.0,13857
0.0,13858
0.0,13859
661.4570953916157,13860
667.451975363147,13861
0.0,13862
0.0,13863
0.0,13864
0.0,13865
0.0,13866
0.0,13867
0.0,13868
0.0,13869
0.0,13870
0.0,13871
0.0,13872
0.0,13873
2111.7602365725106,13874
287.0003579918119,13875
0.0,13876
0.0,13877
159.37375925229665,13878
0.0,13879
162.85523779810492,13880
0.0,13881
0.0,13882
0.0,13883
1631.7083225042454,13884
0.0,13885
0.0,13886
0.0,13887
0.0,13888
0.0,13889
0.0,13890
0.0,13891
2264.1258459580117,13892
304.54332548711307,13893
0.0,13894
0.0,13895
0.0,13896
0.0,13897
0.0,13898
0.0,13899
0.0,13900
0.0,13901
0.0,13902
0.0,13903
0.0,13904
0.0,13905
0.0,13906
0.0,13907
0.0,13908
0.0,13909
0.0,13910
0.0,13911
0.0,13912
0.0,13913
0.0,13914
0.0,13915
0.0,13916
0.0,13917
0.0,13918
0.0,13919
0.0,13920
97.10858368853228,13921
0.0,13922
0.0,13923
0.0,13924
0.0,13925
0.0,13926
0.0,13927
5086.5424858480455,13928
0.0,13929
122.09302858619677,13930
116.8112847392794,13931
0.0,13932
0.0,13933
0.0,13934
0.0,13935
0.0,13936
0.0,13937
0.0,13938
0.0,13939
0.0,13940
0.0,13941
0.0,13942
0.0,13943
0.0,13944
47.18722306110375,13945
0.0,13946
0.0,13947
0.0,13948
0.0,13949
0.0,13950
0.0,13951
0.0,13952
0.0,13953
0.0,13954
0.0,13955
0.0,13956
0.0,13957
0.0,13958
0.0,13959
0.0,13960
0.0,13961
0.0,13962
0.0,13963
0.0,13964
0.0,13965
0.0,13966
0.0,13967
0.0,13968
0.0,13969
96.24737514660384,13970
0.0,13971
0.0,13972
0.0,13973
0.0,13974
0.0,13975
0.0,13976
0.0,13977
0.0,13978
489.22724444449165,13979
0.0,13980
0.0,13981
0.0,13982
0.0,13983
537.8456441434731,13984
0.0,13985
5.43734448693685,13986
0.0,13987
0.0,13988
0.0,13989
0.0,13990
0.0,13991
0.0,13992
0.0,13993
310.49663123209893,13994
299.678737428358,13995
287.2734152860889,13996
959.3932634605285,13997
0.0,13998
946.7882538207078,13999
0.0,14000
955.2792269013185,14001
0.0,14002
0.0,14003
191.60085310839625,14004
1186.0064591804394,14005
0.0,14006
954.8305185186441,14007
1030.2695887410312,14008
0.0,14009
0.0,14010
148.76858850476097,14011
0.0,14012
0.0,14013
0.0,14014
156.4665901027583,14015
0.0,14016
4095.0718165186518,14017
522.9449611793405,14018
1006.6520278405396,14019
0.0,14020
0.0,14021
0.0,14022
181.79480460917915,14023
0.0,14024
0.0,14025
153.27026082303334,14026
0.0,14027
0.0,14028
539.2379086140855,14029
0.0,14030
0.0,14031
0.0,14032
867.669813201415,14033
0.0,14034
0.0,14035
0.0,14036
837.9919977747759,14037
0.0,14038
0.0,14039
0.0,14040
146.0366685623782,14041
807.1495299385348,14042
0.0,14043
0.0,14044
0.0,14045
0.0,14046
0.0,14047
1390.420999935408,14048
228.5495900767979,14049
135.8290473366684,14050
0.0,14051
0.0,14052
0.0,14053
0.0,14054
0.0,14055
133.45750639896454,14056
0.0,14057
540.1800901380091,14058
0.0,14059
0.0,14060
225.42216413106982,14061
0.0,14062
0.0,14063
0.0,14064
0.0,14065
0.0,14066
0.0,14067
0.0,14068
0.0,14069
0.0,14070
0.0,14071
0.0,14072
0.0,14073
0.0,14074
0.0,14075
0.0,14076
0.0,14077
0.0,14078
0.0,14079
2978.6217569162745,14080
0.0,14081
0.0,14082
0.0,14083
0.0,14084
0.0,14085
0.0,14086
0.0,14087
0.0,14088
0.0,14089
2914.0562393812843,14090
0.0,14091
0.0,14092
0.0,14093
0.0,14094
0.0,14095
0.0,14096
0.0,14097
0.0,14098
0.0,14099
0.0,14100
0.0,14101
0.0,14102
0.0,14103
6622.501989022093,14104
0.0,14105
0.0,14106
0.0,14107
0.0,14108
0.0,14109
0.0,14110
288.3893074915861,14111
255.68240198576513,14112
0.0,14113
821.096187860157,14114
499.36678584321635,14115
285.43074310577106,14116
624.0911074968321,14117
611.8017455209548,14118
0.0,14119
0.0,14120
521.2183308505664,14121
216.43366722113362,14122
0.0,14123
0.0,14124
0.0,14125
0.0,14126
0.0,14127
1897.689531714692,14128
0.0,14129
0.0,14130
0.0,14131
0.0,14132
0.0,14133
0.0,14134
0.0,14135
0.0,14136
0.0,14137
0.0,14138
0.0,14139
1218.812234192139,14140
486.0504581486702,14141
0.0,14142
206.51164405194712,14143
0.0,14144
0.0,14145
198.67097414697315,14146
546.3347380284627,14147
540.8887193490533,14148
679.169148846047,14149
0.0,14150
441.5383230932041,14151
0.0,14152
656.2704802340673,14153
167.17852917312808,14154
699.825150276082,14155
424.60430345399675,14156
0.0,14157
424.6936280502101,14158
436.2326403185513,14159
659.1144259681117,14160
0.0,14161
663.1086912249028,14162
679.0296305577034,14163
685.1881877340418,14164
692.1659708900366,14165
0.0,14166
100.53822728874093,14167
0.0,14168
935.7428224758069,14169
716.961372492545,14170
0.0,14171
0.0,14172
931.7213017027505,14173
0.0,14174
0.0,14175
509.3209022535416,14176
0.0,14177
529.3203593097082,14178
538.0602864248918,14179
0.0,14180
0.0,14181
0.0,14182
777.033983619377,14183
163.1227604300972,14184
780.6081893822561,14185
0.0,14186
0.0,14187
0.0,14188
0.0,14189
0.0,14190
0.0,14191
2759.4830349740273,14192
0.0,14193
0.0,14194
0.0,14195
0.0,14196
0.0,14197
1084.0986559055766,14198
747.7121707097218,14199
0.0,14200
0.0,14201
0.0,14202
0.0,14203
0.0,14204
0.0,14205
0.0,14206
0.0,14207
0.0,14208
0.0,14209
0.0,14210
0.0,14211
1983.4468327303598,14212
0.0,14213
785.6582745530586,14214
0.0,14215
0.0,14216
0.0,14217
709.4036083380358,14218
0.0,14219
0.0,14220
0.0,14221
0.0,14222
0.0,14223
0.0,14224
0.0,14225
0.0,14226
0.0,14227
0.0,14228
0.0,14229
0.0,14230
0.0,14231
0.0,14232
0.0,14233
0.0,14234
0.0,14235
0.0,14236
0.0,14237
0.0,14238
0.0,14239
0.0,14240
0.0,14241
0.0,14242
0.0,14243
0.0,14244
0.0,14245
0.0,14246
0.0,14247
0.0,14248
0.0,14249
0.0,14250
0.0,14251
0.0,14252
0.0,14253
0.0,14254
0.0,14255
0.0,14256
0.0,14257
0.0,14258
0.0,14259
64.87673530546441,14260
0.0,14261
0.0,14262
0.0,14263
0.0,14264
0.0,14265
975.2583813427058,14266
0.0,14267
0.0,14268
0.0,14269
0.0,14270
0.0,14271
0.0,14272
0.0,14273
0.0,14274
0.0,14275
0.0,14276
0.0,14277
0.0,14278
0.0,14279
0.0,14280
0.0,14281
0.0,14282
0.0,14283
0.0,14284
0.0,14285
0.0,14286
0.0,14287
0.0,14288
0.0,14289
0.0,14290
0.0,14291
0.0,14292
0.0,14293
0.0,14294
0.0,14295
0.0,14296
0.0,14297
0.0,14298
0.0,14299
0.0,14300
0.0,14301
0.0,14302
0.0,14303
0.0,14304
0.0,14305
0.0,14306
0.0,14307
0.0,14308
0.0,14309
0.0,14310
0.0,14311
0.0,14312
0.0,14313
0.0,14314
0.0,14315
0.0,14316
0.0,14317
0.0,14318
0.0,14319
0.0,14320
0.0,14321
0.0,14322
0.0,14323
0.0,14324
0.0,14325
0.0,14326
0.0,14327
0.0,14328
0.0,14329
0.0,14330
0.0,14331
0.0,14332
0.0,14333
0.0,14334
0.0,14335
963.1602524156173,14336
0.0,14337
0.0,14338
0.0,14339
0.0,14340
0.0,14341
0.0,14342
0.0,14343
0.0,14344
0.0,14345
0.0,14346
0.0,14347
0.0,14348
0.0,14349
0.0,14350
0.0,14351
91.22590145103005,14352
0.0,14353
0.0,14354
0.0,14355
0.0,14356
0.0,14357
0.0,14358
0.0,14359
0.0,14360
0.0,14361
0.0,14362
186.79786654375098,14363
0.0,14364
2082.078946945944,14365
1067.098004290821,14366
0.0,14367
0.0,14368
0.0,14369
0.0,14370
0.0,14371
0.0,14372
0.0,14373
0.0,14374
0.0,14375
0.0,14376
0.0,14377
0.0,14378
0.0,14379
187.6358162047267,14380
223.16516508320726,14381
0.0,14382
0.0,14383
0.0,14384
0.0,14385
0.0,14386
0.0,14387
0.0,14388
0.0,14389
0.0,14390
0.0,14391
0.0,14392
689.9895732459095,14393
0.0,14394
0.0,14395
0.0,14396
0.0,14397
0.0,14398
1363.236391514573,14399
28.682232304920507,14400
25.931733983966215,14401
0.0,14402
0.0,14403
271.18448925283644,14404
0.0,14405
0.0,14406
0.0,14407
0.0,14408
0.0,14409
0.0,14410
0.0,14411
0.0,14412
0.0,14413
0.0,14414
0.0,14415
293.42106328477894,14416
0.0,14417
0.0,14418
0.0,14419
0.0,14420
0.0,14421
0.0,14422
0.0,14423
0.0,14424
0.0,14425
19.471179874470593,14426
3.8903988632901068,14427
0.0,14428
0.0,14429
0.0,14430
0.0,14431
0.0,14432
0.0,14433
0.0,14434
0.0,14435
0.0,14436
0.0,14437
0.0,14438
0.0,14439
0.0,14440
0.0,14441
0.0,14442
0.0,14443
0.0,14444
0.0,14445
0.0,14446
0.0,14447
0.0,14448
0.0,14449
0.0,14450
0.0,14451
404.1752045937656,14452
0.0,14453
0.0,14454
0.0,14455
0.0,14456
1320.5352664857314,14457
0.0,14458
0.0,14459
0.0,14460
0.0,14461
0.0,14462
205.17700387651234,14463
0.0,14464
0.0,14465
0.0,14466
0.0,14467
0.0,14468
0.0,14469
0.0,14470
0.0,14471
0.0,14472
0.0,14473
0.0,14474
0.0,14475
0.0,14476
834.5067751921853,14477
0.0,14478
0.0,14479
0.0,14480
0.0,14481
2497.332589222788,14482
0.0,14483
0.0,14484
0.0,14485
0.0,14486
0.0,14487
0.0,14488
0.0,14489
0.0,14490
0.0,14491
0.0,14492
0.0,14493
370.7817535771578,14494
0.0,14495
0.0,14496
0.0,14497
532.0324434872742,14498
0.0,14499
439.5790042808321,14500
352.2299435691712,14501
0.0,14502
0.0,14503
0.0,14504
0.0,14505
0.0,14506
0.0,14507
0.0,14508
0.0,14509
0.0,14510
0.0,14511
0.0,14512
0.0,14513
174.5219477031892,14514
0.0,14515
0.0,14516
0.0,14517
0.0,14518
0.0,14519
0.0,14520
0.0,14521
0.0,14522
0.0,14523
146.84435499482427,14524
0.0,14525
0.0,14526
0.0,14527
340.50324393126914,14528
0.0,14529
0.0,14530
0.0,14531
0.0,14532
0.0,14533
0.0,14534
2708.1155665267497,14535
0.0,14536
0.0,14537
814.258764514029,14538
828.7326283141405,14539
0.0,14540
793.3618824829862,14541
840.9146563088965,14542
0.0,14543
0.0,14544
0.0,14545
996.0134039616048,14546
0.0,14547
0.0,14548
507.9530362393613,14549
0.0,14550
0.0,14551
682.558306413135,14552
0.0,14553
0.0,14554
0.0,14555
1103.818793459967,14556
0.0,14557
0.0,14558
412.3930781945056,14559
0.0,14560
2061.7643471081055,14561
1848.4940802194046,14562
522.9151173676887,14563
0.0,14564
2617.131184781154,14565
0.0,14566
1199.9694910824421,14567
0.0,14568
0.0,14569
0.0,14570
834.7481146865077,14571
0.0,14572
0.0,14573
831.6939724334286,14574
2059.8948063677703,14575
0.0,14576
0.0,14577
0.0,14578
0.0,14579
0.0,14580
1465.8618037323226,14581
1439.1180646786988,14582
245.17234918880374,14583
0.0,14584
795.7340720456916,14585
0.0,14586
0.0,14587
0.0,14588
1434.6322275441776,14589
1430.9245073567554,14590
0.0,14591
0.0,14592
0.0,14593
0.0,14594
857.3163666962861,14595
87.32472288534764,14596
0.0,14597
0.0,14598
278.66363860078746,14599
0.0,14600
1737.7390870558195,14601
0.0,14602
0.0,14603
2077.907725008909,14604
0.0,14605
2171.4866808573,14606
259.4742574758573,14607
1841.4191977374714,14608
0.0,14609
0.0,14610
2148.2704715736027,14611
0.0,14612
1855.8789064917346,14613
0.0,14614
1784.1371507804286,14615
792.0123107728235,14616
779.012794061105,14617
764.6551298221465,14618
0.0,14619
0.0,14620
0.0,14621
0.0,14622
0.0,14623
839.6558463877001,14624
820.3384082866526,14625
0.0,14626
0.0,14627
0.0,14628
0.0,14629
0.0,14630
0.0,14631
0.0,14632
0.0,14633
0.0,14634
0.0,14635
0.0,14636
0.0,14637
0.0,14638
0.0,14639
0.0,14640
0.0,14641
0.0,14642
0.0,14643
1459.5089666251538,14644
0.0,14645
0.0,14646
0.0,14647
0.0,14648
0.0,14649
0.0,14650
0.0,14651
0.0,14652
0.0,14653
0.0,14654
0.0,14655
0.0,14656
0.0,14657
0.0,14658
0.0,14659
0.0,14660
0.0,14661
0.0,14662
0.0,14663
0.0,14664
1015.1876236769106,14665
0.0,14666
0.0,14667
0.0,14668
0.0,14669
0.0,14670
0.0,14671
0.0,14672
0.0,14673
0.0,14674
0.0,14675
0.0,14676
0.0,14677
0.0,14678
0.0,14679
0.0,14680
0.0,14681
0.0,14682
0.0,14683
0.0,14684
0.0,14685
0.0,14686
0.0,14687
0.0,14688
0.0,14689
0.0,14690
0.0,14691
0.0,14692
0.0,14693
0.0,14694
0.0,14695
0.0,14696
0.0,14697
0.0,14698
0.0,14699
0.0,14700
3558.65876654265,14701
0.0,14702
0.0,14703
0.0,14704
0.0,14705
0.0,14706
0.0,14707
0.0,14708
0.0,14709
0.0,14710
0.0,14711
0.0,14712
0.0,14713
0.0,14714
0.0,14715
0.0,14716
0.0,14717
0.0,14718
0.0,14719
0.0,14720
0.0,14721
0.0,14722
72.37623869939945,14723
254.46622170488476,14724
0.0,14725
100.31249833125617,14726
0.0,14727
452.98559366964594,14728
0.0,14729
0.0,14730
0.0,14731
0.0,14732
920.72856485469,14733
279.4859944928294,14734
0.0,14735
1555.1767730676363,14736
0.0,14737
0.0,14738
2153.647068393667,14739
283.69331735645636,14740
0.0,14741
916.6779104285488,14742
4137.287603461889,14743
0.0,14744
0.0,14745
0.0,14746
0.0,14747
100.9555556864843,14748
0.0,14749
1679.018447478219,14750
0.0,14751
0.0,14752
994.4363045026421,14753
0.0,14754
152.22943973546117,14755
0.0,14756
1168.7366426409071,14757
754.9299563233848,14758
1283.6743003630972,14759
0.0,14760
541.3981899486274,14761
564.5949202394107,14762
0.0,14763
0.0,14764
0.0,14765
0.0,14766
974.7262300969045,14767
0.0,14768
0.0,14769
0.0,14770
0.0,14771
0.0,14772
0.0,14773
0.0,14774
257.6348914891563,14775
0.0,14776
587.2562643498139,14777
135.35647209789886,14778
446.76230440560437,14779
774.9370726954577,14780
0.0,14781
0.0,14782
776.9547561809408,14783
0.0,14784
0.0,14785
0.0,14786
0.0,14787
779.8273629769678,14788
0.0,14789
783.6828926472306,14790
0.0,14791
788.4520812273868,14792
794.0866590857476,14793
800.576942072147,14794
0.0,14795
0.0,14796
0.0,14797
0.0,14798
0.0,14799
0.0,14800
0.0,14801
0.0,14802
0.0,14803
242.21769783087782,14804
0.0,14805
0.0,14806
1464.700002262944,14807
0.0,14808
0.0,14809
1740.9618847848085,14810
0.0,14811
2273.142169899086,14812
3077.838718151163,14813
0.0,14814
0.0,14815
0.0,14816
0.0,14817
0.0,14818
0.0,14819
0.0,14820
320.0053327161305,14821
904.8754684210836,14822
1342.6190043557945,14823
2415.6592202308793,14824
1847.4972088732918,14825
2973.0136849311257,14826
0.0,14827
0.0,14828
4477.627869652912,14829
2456.803678124016,14830
4471.751880560347,14831
0.0,14832
0.0,14833
0.0,14834
0.0,14835
955.4091333517456,14836
705.0104781388334,14837
0.0,14838
0.0,14839
222.6666539183698,14840
0.0,14841
0.0,14842
2100.5634139694953,14843
0.0,14844
0.0,14845
958.7116667768845,14846
0.0,14847
0.0,14848
774.9827126321826,14849
0.0,14850
0.0,14851
0.0,14852
0.0,14853
0.0,14854
0.0,14855
0.0,14856
0.0,14857
0.0,14858
2321.7049240603624,14859
0.0,14860
644.2802048148336,14861
0.0,14862
0.0,14863
0.0,14864
0.0,14865
0.0,14866
0.0,14867
0.0,14868
0.0,14869
0.0,14870
0.0,14871
0.0,14872
0.0,14873
0.0,14874
1698.6302977065452,14875
0.0,14876
0.0,14877
0.0,14878
1839.42776414405,14879
2361.3977092353125,14880
0.0,14881
4011.6274445870904,14882
0.0,14883
0.0,14884
0.0,14885
5853.165565876444,14886
0.0,14887
0.0,14888
0.0,14889
0.0,14890
0.0,14891
451.61791925487734,14892
284.35261891730823,14893
911.609096013952,14894
0.0,14895
0.0,14896
0.0,14897
0.0,14898
0.0,14899
0.0,14900
663.5124518488143,14901
0.0,14902
0.0,14903
0.0,14904
0.0,14905
0.0,14906
0.0,14907
0.0,14908
0.0,14909
0.0,14910
0.0,14911
0.0,14912
0.0,14913
2102.808764609309,14914
0.0,14915
0.0,14916
0.0,14917
0.0,14918
0.0,14919
0.0,14920
0.0,14921
0.0,14922
0.0,14923
0.0,14924
0.0,14925
0.0,14926
470.7650235818194,14927
444.2463637844717,14928
0.0,14929
1538.026707488993,14930
2119.2260035659874,14931
0.0,14932
0.0,14933
0.0,14934
2337.4466254150925,14935
0.0,14936
371.5476979106735,14937
0.0,14938
2348.527871335381,14939
706.8093240801197,14940
802.8987135832227,14941
235.34985996413954,14942
880.6402696986285,14943
0.0,14944
99.46194028512761,14945
0.0,14946
1575.77418969447,14947
0.0,14948
0.0,14949
0.0,14950
0.0,14951
197.01884528256076,14952
0.0,14953
0.0,14954
0.0,14955
0.0,14956
0.0,14957
0.0,14958
0.0,14959
0.0,14960
0.0,14961
0.0,14962
0.0,14963
0.0,14964
0.0,14965
0.0,14966
0.0,14967
0.0,14968
0.0,14969
0.0,14970
0.0,14971
0.0,14972
0.0,14973
0.0,14974
0.0,14975
0.0,14976
0.0,14977
0.0,14978
0.0,14979
0.0,14980
0.0,14981
2767.8431611382907,14982
0.0,14983
0.0,14984
0.0,14985
0.0,14986
0.0,14987
1351.1687934282595,14988
0.0,14989
0.0,14990
30.094976514054082,14991
0.0,14992
0.0,14993
378.3065939808351,14994
0.0,14995
0.0,14996
0.0,14997
0.0,14998
0.0,14999
0.0,15000
0.0,15001
0.0,15002
162.78133550824387,15003
1166.5953486219198,15004
0.0,15005
0.0,15006
893.1416364019816,15007
883.445530505984,15008
875.513274349992,15009
0.0,15010
2035.332994684101,15011
0.0,15012
668.0004711479676,15013
0.0,15014
845.8815353378823,15015
0.0,15016
0.0,15017
0.0,15018
0.0,15019
0.0,15020
0.0,15021
0.0,15022
0.0,15023
0.0,15024
0.0,15025
1893.608733062615,15026
1086.3375930683576,15027
753.691240842915,15028
967.1542613844526,15029
0.0,15030
0.0,15031
2050.6567218894056,15032
0.0,15033
0.0,15034
0.0,15035
0.0,15036
0.0,15037
0.0,15038
0.0,15039
0.0,15040
0.0,15041
1745.1114670597628,15042
0.0,15043
3451.782194023303,15044
0.0,15045
0.0,15046
0.0,15047
0.0,15048
0.0,15049
0.0,15050
0.0,15051
524.6911968653262,15052
0.0,15053
0.0,15054
0.0,15055
0.0,15056
0.0,15057
0.0,15058
0.0,15059
1303.5022654580043,15060
0.0,15061
1267.6703992845605,15062
0.0,15063
1309.6054481862438,15064
1315.4853726086717,15065
0.0,15066
0.0,15067
0.0,15068
0.0,15069
0.0,15070
0.0,15071
0.0,15072
0.0,15073
1739.5923228809722,15074
0.0,15075
0.0,15076
0.0,15077
0.0,15078
0.0,15079
1739.7167508978425,15080
0.0,15081
0.0,15082
2058.077637718256,15083
0.0,15084
0.0,15085
363.4745337306623,15086
0.0,15087
0.0,15088
0.0,15089
0.0,15090
0.0,15091
0.0,15092
2120.6267300546183,15093
0.0,15094
0.0,15095
0.0,15096
0.0,15097
0.0,15098
0.0,15099
0.0,15100
0.0,15101
0.0,15102
0.0,15103
1736.7461632466513,15104
0.0,15105
0.0,15106
0.0,15107
2292.1903140866384,15108
0.0,15109
2300.2194280146164,15110
0.0,15111
0.0,15112
0.0,15113
0.0,15114
2802.112842187421,15115
2811.993893465383,15116
0.0,15117
0.0,15118
0.0,15119
0.0,15120
52.72018724458715,15121
0.0,15122
0.0,15123
0.0,15124
0.0,15125
0.0,15126
0.0,15127
0.0,15128
0.0,15129
0.0,15130
187.6597640376338,15131
0.0,15132
281.6579275876579,15133
0.0,15134
0.0,15135
0.0,15136
1713.0518744597302,15137
0.0,15138
0.0,15139
0.0,15140
0.0,15141
0.0,15142
49.47833135711715,15143
0.0,15144
0.0,15145
37.70093238809274,15146
0.0,15147
2692.4974924875733,15148
0.0,15149
0.0,15150
0.0,15151
0.0,15152
0.0,15153
0.0,15154
0.0,15155
0.0,15156
0.0,15157
0.0,15158
0.0,15159
0.0,15160
0.0,15161
0.0,15162
0.0,15163
0.0,15164
0.0,15165
0.0,15166
0.0,15167
315.8025509005098,15168
0.0,15169
0.0,15170
0.0,15171
0.0,15172
0.0,15173
0.0,15174
0.0,15175
992.4110384855564,15176
0.0,15177
375.9475113632082,15178
609.2716260165712,15179
0.0,15180
0.0,15181
0.0,15182
0.0,15183
654.5526575003225,15184
0.0,15185
0.0,15186
1042.5960445407438,15187
0.0,15188
0.0,15189
0.0,15190
0.0,15191
0.0,15192
0.0,15193
0.0,15194
105.18271297777632,15195
0.0,15196
0.0,15197
0.0,15198
292.8522425910578,15199
269.03177166875224,15200
1092.792755143647,15201
0.0,15202
1089.9005584660608,15203
0.0,15204
0.0,15205
0.0,15206
0.0,15207
0.0,15208
0.0,15209
0.0,15210
0.0,15211
0.0,15212
741.6613583999767,15213
737.3568649322906,15214
0.0,15215
732.4667084960254,15216
4145.979506058531,15217
728.5942354848789,15218
674.4593402039211,15219
0.0,15220
0.0,15221
0.0,15222
0.0,15223
0.0,15224
0.0,15225
203.2409946107295,15226
716.4151622831208,15227
707.1314431838596,15228
1132.369392993849,15229
0.0,15230
961.3530398727128,15231
363.2845859968441,15232
2936.9504309917697,15233
605.0162551487605,15234
84.50932453006601,15235
1744.3424026778464,15236
0.0,15237
0.0,15238
0.0,15239
0.0,15240
0.0,15241
0.0,15242
0.0,15243
0.0,15244
0.0,15245
993.3442056415064,15246
0.0,15247
1613.1282482087959,15248
0.0,15249
0.0,15250
903.3425337011856,15251
0.0,15252
0.0,15253
1565.7400371902363,15254
0.0,15255
0.0,15256
0.0,15257
809.5004526969881,15258
2353.439857166287,15259
0.0,15260
0.0,15261
0.0,15262
923.3725479966962,15263
631.9889568206066,15264
0.0,15265
0.0,15266
0.0,15267
0.0,15268
0.0,15269
0.0,15270
958.1474156092369,15271
1213.7022284837249,15272
0.0,15273
0.0,15274
0.0,15275
0.0,15276
0.0,15277
0.0,15278
0.0,15279
0.0,15280
0.0,15281
0.0,15282
0.0,15283
0.0,15284
0.0,15285
0.0,15286
0.0,15287
0.0,15288
0.0,15289
2234.054960033834,15290
0.0,15291
0.0,15292
1743.058000255317,15293
1770.6382389503901,15294
1798.3243529803879,15295
0.0,15296
0.0,15297
0.0,15298
0.0,15299
0.0,15300
0.0,15301
0.0,15302
0.0,15303
0.0,15304
0.0,15305
0.0,15306
0.0,15307
0.0,15308
0.0,15309
0.0,15310
0.0,15311
888.6603909815225,15312
0.0,15313
737.6135044179518,15314
0.0,15315
0.0,15316
0.0,15317
0.0,15318
0.0,15319
0.0,15320
0.0,15321
0.0,15322
219.3999292842619,15323
0.0,15324
0.0,15325
0.0,15326
0.0,15327
0.0,15328
0.0,15329
0.0,15330
62.87978558995435,15331
0.0,15332
0.0,15333
126.54576920308631,15334
0.0,15335
0.0,15336
0.0,15337
0.0,15338
0.0,15339
0.0,15340
0.0,15341
0.0,15342
0.0,15343
0.0,15344
0.0,15345
0.0,15346
0.0,15347
0.0,15348
509.278955442726,15349
0.0,15350
0.0,15351
0.0,15352
917.1263202284711,15353
0.0,15354
0.0,15355
2567.6666060103294,15356
0.0,15357
0.0,15358
0.0,15359
0.0,15360
0.0,15361
0.0,15362
0.0,15363
0.0,15364
507.3280523738583,15365
0.0,15366
0.0,15367
0.0,15368
0.0,15369
0.0,15370
0.0,15371
0.0,15372
0.0,15373
0.0,15374
0.0,15375
0.0,15376
1527.9319925086959,15377
0.0,15378
0.0,15379
0.0,15380
0.0,15381
0.0,15382
0.0,15383
0.0,15384
0.0,15385
0.0,15386
0.0,15387
0.0,15388
0.0,15389
0.0,15390
0.0,15391
0.0,15392
0.0,15393
0.0,15394
0.0,15395
0.0,15396
0.0,15397
0.0,15398
0.0,15399
0.0,15400
0.0,15401
0.0,15402
0.0,15403
0.0,15404
0.0,15405
0.0,15406
503.44851712280905,15407
0.0,15408
0.0,15409
0.0,15410
0.0,15411
0.0,15412
0.0,15413
0.0,15414
0.0,15415
0.0,15416
0.0,15417
0.0,15418
0.0,15419
0.0,15420
0.0,15421
0.0,15422
0.0,15423
0.0,15424
0.0,15425
0.0,15426
0.0,15427
0.0,15428
0.0,15429
0.0,15430
0.0,15431
0.0,15432
0.0,15433
0.0,15434
0.0,15435
0.0,15436
0.0,15437
0.0,15438
0.0,15439
0.0,15440
0.0,15441
0.0,15442
0.0,15443
0.0,15444
0.0,15445
0.0,15446
0.0,15447
0.0,15448
0.0,15449
0.0,15450
0.0,15451
0.0,15452
0.0,15453
0.0,15454
0.0,15455
0.0,15456
0.0,15457
0.0,15458
0.0,15459
0.0,15460
0.0,15461
0.0,15462
0.0,15463
0.0,15464
0.0,15465
0.0,15466
0.0,15467
0.0,15468
0.0,15469
0.0,15470
0.0,15471
0.0,15472
0.0,15473
0.0,15474
0.0,15475
0.0,15476
0.0,15477
0.0,15478
0.0,15479
0.0,15480
0.0,15481
0.0,15482
0.0,15483
0.0,15484
3181.2574884560804,15485
0.0,15486
0.0,15487
0.0,15488
0.0,15489
0.0,15490
0.0,15491
0.0,15492
0.0,15493
0.0,15494
0.0,15495
0.0,15496
0.0,15497
0.0,15498
0.0,15499
0.0,15500
0.0,15501
0.0,15502
0.0,15503
0.0,15504
0.0,15505
0.0,15506
0.0,15507
0.0,15508
0.0,15509
0.0,15510
0.0,15511
0.0,15512
0.0,15513
0.0,15514
0.0,15515
0.0,15516
500.57115590145594,15517
0.0,15518
0.0,15519
0.0,15520
0.0,15521
0.0,15522
0.0,15523
0.0,15524
0.0,15525
0.0,15526
0.0,15527
0.0,15528
0.0,15529
0.0,15530
0.0,15531
0.0,15532
0.0,15533
4971.004455911103,15534
0.0,15535
0.0,15536
0.0,15537
0.0,15538
0.0,15539
0.0,15540
0.0,15541
0.0,15542
0.0,15543
0.0,15544
0.0,15545
0.0,15546
0.0,15547
0.0,15548
0.0,15549
0.0,15550
1025.8780235536058,15551
347.8126725166087,15552
0.0,15553
347.5679779008053,15554
0.0,15555
0.0,15556
0.0,15557
347.38211036043396,15558
0.0,15559
0.0,15560
588.7181984493021,15561
0.0,15562
0.0,15563
0.0,15564
0.0,15565
0.0,15566
0.0,15567
579.8896633066585,15568
0.0,15569
0.0,15570
563.5400627623178,15571
0.0,15572
0.0,15573
0.0,15574
0.0,15575
0.0,15576
552.805921343406,15577
1014.4232236276886,15578
0.0,15579
0.0,15580
0.0,15581
0.0,15582
0.0,15583
0.0,15584
0.0,15585
0.0,15586
0.0,15587
1094.323303786145,15588
0.0,15589
0.0,15590
0.0,15591
2651.913332820208,15592
0.0,15593
0.0,15594
0.0,15595
0.0,15596
0.0,15597
0.0,15598
0.0,15599
0.0,15600
0.0,15601
0.0,15602
0.0,15603
0.0,15604
0.0,15605
0.0,15606
0.0,15607
0.0,15608
0.0,15609
0.0,15610
0.0,15611
0.0,15612
1006.2758153113568,15613
0.0,15614
0.0,15615
0.0,15616
0.0,15617
0.0,15618
0.0,15619
913.9754601561899,15620
0.0,15621
0.0,15622
0.0,15623
0.0,15624
0.0,15625
0.0,15626
0.0,15627
0.0,15628
0.0,15629
1135.811426398735,15630
0.0,15631
0.0,15632
0.0,15633
1473.795015805238,15634
0.0,15635
0.0,15636
0.0,15637
0.0,15638
1813.546647255135,15639
533.1354332536285,15640
283.8030477629557,15641
0.0,15642
346.7414486177988,15643
0.0,15644
144.89883017151604,15645
529.1196972803027,15646
0.0,15647
210.28693609933643,15648
178.59362782444092,15649
0.0,15650
2182.7620673877855,15651
71.49279760885788,15652
67.05537363593109,15653
63.92064686055916,15654
0.0,15655
3247.707980340413,15656
0.0,15657
0.0,15658
0.0,15659
0.0,15660
771.764841091505,15661
2663.542375222082,15662
3502.737578464988,15663
4297.987825133523,15664
0.0,15665
0.0,15666
0.0,15667
0.0,15668
0.0,15669
0.0,15670
0.0,15671
0.0,15672
0.0,15673
4586.301665659881,15674
0.0,15675
4370.706101190161,15676
0.0,15677
922.7582705764524,15678
5379.87631671016,15679
0.0,15680
0.0,15681
0.0,15682
0.0,15683
929.3802401916435,15684
0.0,15685
1183.5655948124488,15686
0.0,15687
0.0,15688
0.0,15689
0.0,15690
0.0,15691
0.0,15692
0.0,15693
0.0,15694
0.0,15695
0.0,15696
0.0,15697
0.0,15698
459.3228083903071,15699
0.0,15700
0.0,15701
1279.2299692914366,15702
33.71457761404631,15703
1017.8458403156516,15704
0.0,15705
0.0,15706
884.4382765062059,15707
0.0,15708
372.7744193720936,15709
0.0,15710
0.0,15711
0.0,15712
0.0,15713
804.3513415690861,15714
267.206779826439,15715
0.0,15716
0.0,15717
0.0,15718
0.0,15719
0.0,15720
0.0,15721
956.662012534911,15722
921.6596506003824,15723
887.0913854602425,15724
0.0,15725
37.67576887954396,15726
0.0,15727
342.45567695973045,15728
0.0,15729
0.0,15730
0.0,15731
1413.3305028794828,15732
0.0,15733
0.0,15734
0.0,15735
1387.3547599099584,15736
0.0,15737
318.542409857457,15738
0.0,15739
1348.003984055107,15740
1319.4913196422551,15741
0.0,15742
1291.229129768764,15743
1464.7285097774572,15744
229.51328429444357,15745
0.0,15746
5.540220889661192,15747
1.8432898275629281,15748
0.6132819351541529,15749
185.9705469878292,15750
972.2211451793358,15751
0.0,15752
859.4749361533898,15753
0.0,15754
0.0,15755
0.0,15756
1658.0039736695073,15757
0.0,15758
0.0,15759
0.0,15760
283.8503871425675,15761
3191.330710998498,15762
3161.708601793322,15763
3171.75380180035,15764
0.0,15765
3106.2815101109627,15766
144.28203285699152,15767
109.90091892016473,15768
79.86621049265007,15769
55.4223423782652,15770
2304.4500290261553,15771
3207.759736865914,15772
438.5584706984012,15773
728.7729916599665,15774
1678.1392940354465,15775
0.0,15776
95.08460578488014,15777
891.2647686343826,15778
0.0,15779
886.569625210678,15780
2065.1177815625892,15781
2091.4145353980407,15782
0.0,15783
516.8162537047854,15784
1220.1416703056195,15785
1565.6332955013756,15786
1578.7385848781394,15787
1842.024054780234,15788
1763.506253098098,15789
0.0,15790
1778.2356011261422,15791
0.0,15792
3023.4292566057443,15793
0.0,15794
0.0,15795
0.0,15796
0.0,15797
425.3623246401056,15798
424.3432940767399,15799
694.3731101111263,15800
689.8323067992552,15801
0.0,15802
0.0,15803
0.0,15804
0.0,15805
0.0,15806
0.0,15807
0.0,15808
0.0,15809
2156.556029046394,15810
0.0,15811
0.0,15812
0.0,15813
0.0,15814
0.0,15815
0.0,15816
246.58048150160485,15817
1840.5645427400218,15818
1851.3726728490672,15819
1508.2475768212998,15820
1524.6354498687238,15821
604.5950035634855,15822
1902.5864142540388,15823
619.2037861600568,15824
1717.7730657854581,15825
2539.914760610217,15826
1546.5073324093416,15827
1560.6631763702615,15828
815.4981684661008,15829
0.0,15830
0.0,15831
1941.6123530042191,15832
2834.3085638150465,15833
1913.829668480725,15834
0.0,15835
1239.3003707134808,15836
1502.5141715664665,15837
1201.4512589072215,15838
0.0,15839
1255.2127850918152,15840
1506.9058264603261,15841
1211.9849212775364,15842
2339.182766749352,15843
4445.861815559234,15844
2318.524055643513,15845
952.0120547561335,15846
940.0006801588405,15847
926.7295287198928,15848
363.65697255073246,15849
0.0,15850
0.0,15851
1564.15309042389,15852
0.0,15853
0.0,15854
0.0,15855
0.0,15856
0.0,15857
4070.4289776506716,15858
0.0,15859
1538.7916951988166,15860
431.5428175907676,15861
726.4539677094202,15862
0.0,15863
0.0,15864
0.0,15865
0.0,15866
1856.1101318939802,15867
0.0,15868
0.0,15869
0.0,15870
1665.050631922831,15871
2184.218688055382,15872
0.0,15873
0.0,15874
2276.1148480369134,15875
0.0,15876
1348.2497980157402,15877
41.434408553436256,15878
0.0,15879
0.0,15880
1679.0514214558618,15881
0.0,15882
353.24574871329764,15883
0.0,15884
2750.5679818839417,15885
0.0,15886
0.0,15887
2740.091520305629,15888
0.0,15889
0.0,15890
0.0,15891
251.65183306008402,15892
0.0,15893
0.0,15894
1059.429056842146,15895
800.081858880369,15896
551.7327886890486,15897
0.0,15898
0.0,15899
264.3661018589046,15900
0.0,15901
1547.9152865493895,15902
0.0,15903
0.0,15904
0.0,15905
1731.2038920825871,15906
1923.7306580328027,15907
1928.2533067660831,15908
1567.0545928080005,15909
0.0,15910
4882.186455428687,15911
770.3232661462254,15912
628.454285528715,15913
1748.3903252790346,15914
0.0,15915
1747.891668264244,15916
0.0,15917
0.0,15918
0.0,15919
0.0,15920
429.5346856796301,15921
445.07184517791137,15922
0.0,15923
0.0,15924
365.8301601650268,15925
0.0,15926
0.0,15927
3423.9188189466854,15928
0.0,15929
333.79992153781257,15930
0.0,15931
0.0,15932
0.0,15933
0.0,15934
0.0,15935
0.0,15936
0.0,15937
0.0,15938
0.0,15939
0.0,15940
0.0,15941
0.0,15942
0.0,15943
153.588916978282,15944
1820.0777892771448,15945
0.0,15946
0.0,15947
0.0,15948
0.0,15949
0.0,15950
0.0,15951
139.35839086548128,15952
0.0,15953
0.0,15954
0.0,15955
0.0,15956
0.0,15957
0.0,15958
0.0,15959
533.2455542878937,15960
0.0,15961
0.0,15962
0.0,15963
0.0,15964
0.0,15965
0.0,15966
0.0,15967
0.0,15968
0.0,15969
0.0,15970
0.0,15971
1648.0784408778145,15972
0.0,15973
0.0,15974
0.0,15975
0.0,15976
0.0,15977
0.0,15978
489.6605248241679,15979
0.0,15980
0.0,15981
0.0,15982
238.43507430597947,15983
0.0,15984
0.0,15985
0.0,15986
0.0,15987
0.0,15988
0.0,15989
0.0,15990
0.0,15991
0.0,15992
415.7198055620719,15993
0.0,15994
0.0,15995
2634.06052880924,15996
608.4384477679996,15997
0.0,15998
0.0,15999
0.0,16000
0.0,16001
0.0,16002
0.0,16003
0.0,16004
0.0,16005
0.0,16006
0.0,16007
0.0,16008
439.3839919636817,16009
0.0,16010
2788.7706301500325,16011
0.0,16012
0.0,16013
0.0,16014
0.0,16015
0.0,16016
0.0,16017
0.0,16018
0.0,16019
0.0,16020
0.0,16021
0.0,16022
0.0,16023
0.0,16024
0.0,16025
0.0,16026
0.0,16027
0.0,16028
0.0,16029
0.0,16030
0.0,16031
0.0,16032
0.0,16033
0.0,16034
0.0,16035
0.0,16036
0.0,16037
0.0,16038
0.0,16039
0.0,16040
762.6822398870421,16041
197.79440007059384,16042
0.0,16043
0.0,16044
0.0,16045
0.0,16046
0.0,16047
0.0,16048
0.0,16049
0.0,16050
0.0,16051
0.0,16052
0.0,16053
0.0,16054
0.0,16055
0.0,16056
0.0,16057
0.0,16058
0.0,16059
0.0,16060
0.0,16061
0.0,16062
0.0,16063
0.0,16064
1513.1168908719999,16065
259.23937129678916,16066
0.0,16067
257.16601174104545,16068
0.0,16069
0.0,16070
0.0,16071
2793.5089195166724,16072
1052.7332677519362,16073
1942.1520057325522,16074
0.0,16075
0.0,16076
0.0,16077
0.0,16078
0.0,16079
0.0,16080
0.0,16081
0.0,16082
0.0,16083
0.0,16084
0.0,16085
654.2523676183636,16086
609.7701713231272,16087
0.0,16088
0.0,16089
0.0,16090
0.0,16091
0.0,16092
0.0,16093
465.5720752413203,16094
465.14340642405864,16095
465.05374848021995,16096
289.2109825017682,16097
1867.1330166420983,16098
0.0,16099
1259.7252442800166,16100
607.2570404707125,16101
0.0,16102
0.0,16103
0.0,16104
0.0,16105
0.0,16106
0.0,16107
0.0,16108
0.0,16109
0.0,16110
0.0,16111
0.0,16112
0.0,16113
0.0,16114
0.0,16115
0.0,16116
0.0,16117
0.0,16118
0.0,16119
0.0,16120
0.0,16121
0.0,16122
0.0,16123
0.0,16124
3584.97795861748,16125
593.4536587800262,16126
0.0,16127
0.0,16128
0.0,16129
0.0,16130
0.0,16131
0.0,16132
0.0,16133
0.0,16134
73.96233113099314,16135
0.0,16136
0.0,16137
0.0,16138
0.0,16139
0.0,16140
34.875385363095354,16141
0.0,16142
18.496906094988173,16143
0.0,16144
0.0,16145
0.0,16146
0.0,16147
0.0,16148
0.0,16149
0.0,16150
0.0,16151
5116.580307650754,16152
0.0,16153
0.0,16154
0.0,16155
0.0,16156
0.0,16157
460.70149392658027,16158
0.0,16159
0.0,16160
452.48244694582337,16161
0.0,16162
0.0,16163
0.0,16164
0.0,16165
0.0,16166
0.0,16167
0.0,16168
0.0,16169
0.0,16170
0.0,16171
1548.3672338340957,16172
0.0,16173
0.0,16174
0.0,16175
0.0,16176
0.0,16177
0.0,16178
0.0,16179
0.0,16180
0.0,16181
0.0,16182
0.0,16183
0.0,16184
0.0,16185
0.0,16186
0.0,16187
1053.4317964158365,16188
1387.2342991299283,16189
0.0,16190
598.4505897866001,16191
0.0,16192
0.0,16193
1260.1983545185797,16194
1955.2272217545456,16195
0.0,16196
385.47304066381696,16197
0.0,16198
0.0,16199
125.53711388603723,16200
133.03424074637073,16201
1746.1656140944815,16202
1744.6870372371159,16203
0.0,16204
0.0,16205
0.0,16206
0.0,16207
2513.237143199063,16208
0.0,16209
0.0,16210
0.0,16211
0.0,16212
0.0,16213
0.0,16214
0.0,16215
0.0,16216
0.0,16217
0.0,16218
0.0,16219
0.0,16220
0.0,16221
0.0,16222
0.0,16223
0.0,16224
0.0,16225
0.0,16226
971.1970562668777,16227
0.0,16228
0.0,16229
970.6740946144309,16230
0.0,16231
0.0,16232
0.0,16233
2195.366355188123,16234
0.0,16235
0.0,16236
0.0,16237
2189.7541638615535,16238
2171.788517486243,16239
2156.348159265405,16240
0.0,16241
3034.4459989707098,16242
0.0,16243
0.0,16244
0.0,16245
0.0,16246
94.30939254705224,16247
0.0,16248
0.0,16249
0.0,16250
989.7736210154437,16251
0.0,16252
0.0,16253
0.0,16254
0.0,16255
0.0,16256
0.0,16257
0.0,16258
0.0,16259
0.0,16260
0.0,16261
0.0,16262
0.0,16263
0.0,16264
0.0,16265
0.0,16266
0.0,16267
0.0,16268
0.0,16269
6.227951108729856,16270
1599.8405960121868,16271
0.0,16272
0.0,16273
0.0,16274
0.0,16275
0.0,16276
0.0,16277
0.0,16278
1012.1254790355415,16279
0.0,16280
0.0,16281
0.0,16282
1738.6041704242189,16283
0.0,16284
0.0,16285
1466.2699141117387,16286
0.0,16287
0.0,16288
185.89233449926942,16289
0.0,16290
764.0905361846563,16291
0.0,16292
448.1694846149266,16293
0.0,16294
0.0,16295
1043.8536377503594,16296
1144.3183842813032,16297
652.3375642839279,16298
0.0,16299
484.50751479602184,16300
0.0,16301
0.0,16302
0.0,16303
4053.6218913998846,16304
0.0,16305
0.0,16306
0.0,16307
0.0,16308
0.0,16309
2058.24288619624,16310
0.0,16311
0.0,16312
0.0,16313
241.32263482671718,16314
0.0,16315
1363.3497058711043,16316
898.0622946996197,16317
0.0,16318
940.2657437059677,16319
900.0162869959406,16320
0.0,16321
0.0,16322
0.0,16323
0.0,16324
0.0,16325
0.0,16326
0.0,16327
0.0,16328
0.0,16329
0.0,16330
0.0,16331
0.0,16332
0.0,16333
0.0,16334
0.0,16335
0.0,16336
0.0,16337
0.0,16338
0.0,16339
0.0,16340
0.0,16341
0.0,16342
0.0,16343
0.0,16344
0.0,16345
0.0,16346
0.0,16347
0.0,16348
0.0,16349
0.0,16350
0.0,16351
0.0,16352
0.0,16353
0.0,16354
66.19322793890511,16355
0.0,16356
0.0,16357
0.0,16358
0.0,16359
0.0,16360
0.0,16361
0.0,16362
0.0,16363
0.0,16364
0.0,16365
0.0,16366
0.0,16367
0.0,16368
0.0,16369
0.0,16370
585.1563694591537,16371
0.0,16372
0.0,16373
0.0,16374
1606.7446079470217,16375
0.0,16376
1055.3458902330676,16377
950.811311588489,16378
1813.7102635795104,16379
0.0,16380
0.0,16381
0.0,16382
0.0,16383
0.0,16384
0.0,16385
1047.225528134227,16386
0.0,16387
0.0,16388
1217.0437496360748,16389
0.0,16390
0.0,16391
0.0,16392
0.0,16393
0.0,16394
0.0,16395
0.0,16396
0.0,16397
0.0,16398
43.17172888880059,16399
0.0,16400
0.0,16401
0.0,16402
0.0,16403
0.0,16404
0.0,16405
0.0,16406
0.0,16407
0.0,16408
0.0,16409
0.0,16410
0.0,16411
0.0,16412
0.0,16413
0.0,16414
0.0,16415
0.0,16416
0.0,16417
0.0,16418
0.0,16419
0.0,16420
0.0,16421
0.0,16422
0.0,16423
0.0,16424
0.0,16425
96.00869705239576,16426
0.0,16427
0.0,16428
0.0,16429
0.0,16430
0.0,16431
0.0,16432
0.0,16433
0.0,16434
0.0,16435
599.5510773352261,16436
0.0,16437
0.0,16438
0.0,16439
0.0,16440
0.0,16441
0.0,16442
0.0,16443
0.0,16444
0.0,16445
0.0,16446
0.0,16447
0.0,16448
1083.8992520085724,16449
469.7685326972985,16450
0.0,16451
0.0,16452
0.0,16453
0.0,16454
0.0,16455
0.0,16456
0.0,16457
0.0,16458
137.644261471166,16459
0.0,16460
0.0,16461
0.0,16462
0.0,16463
0.0,16464
0.0,16465
0.0,16466
0.0,16467
0.0,16468
0.0,16469
0.0,16470
0.0,16471
0.0,16472
0.0,16473
0.0,16474
0.0,16475
0.0,16476
0.0,16477
0.0,16478
0.0,16479
0.0,16480
0.0,16481
0.0,16482
19.598289834981454,16483
0.0,16484
0.0,16485
0.0,16486
0.0,16487
0.0,16488
0.0,16489
0.0,16490
0.0,16491
0.0,16492
0.0,16493
0.0,16494
0.0,16495
0.0,16496
1287.4179049342927,16497
0.0,16498
0.0,16499
0.0,16500
0.0,16501
0.0,16502
0.0,16503
0.0,16504
0.0,16505
0.0,16506
0.0,16507
0.0,16508
0.0,16509
330.30890573044513,16510
0.0,16511
326.69684402254296,16512
322.5730480916304,16513
319.1017534557384,16514
0.0,16515
317.3069508944879,16516
444.6759540415418,16517
325.7089595203858,16518
0.0,16519
0.0,16520
0.0,16521
0.0,16522
0.0,16523
0.0,16524
0.0,16525
0.0,16526
0.0,16527
0.0,16528
0.0,16529
0.0,16530
125.00269806041631,16531
0.0,16532
2320.305755334536,16533
460.0280214186174,16534
131.97628147141742,16535
0.0,16536
664.0755320739335,16537
0.0,16538
107.44387449608973,16539
25.657195517298025,16540
41.115337704254706,16541
709.7237462759326,16542
0.0,16543
0.0,16544
64.84750471866643,16545
733.2498544173627,16546
90.32062122289139,16547
0.0,16548
0.0,16549
290.3218513584143,16550
0.0,16551
0.0,16552
0.0,16553
0.0,16554
0.0,16555
0.0,16556
0.0,16557
0.0,16558
0.0,16559
0.0,16560
0.0,16561
0.0,16562
0.0,16563
0.0,16564
0.0,16565
0.0,16566
0.0,16567
0.0,16568
0.0,16569
0.0,16570
0.0,16571
0.0,16572
0.0,16573
0.0,16574
0.0,16575
0.0,16576
0.0,16577
0.0,16578
0.0,16579
0.0,16580
0.0,16581
0.0,16582
0.0,16583
0.0,16584
0.0,16585
0.0,16586
0.0,16587
1204.3507017806994,16588
0.0,16589
0.0,16590
0.0,16591
1437.9330963009115,16592
1444.7622004579418,16593
867.5299105492553,16594
2230.9285800617963,16595
2231.7052969164415,16596
2227.602818890536,16597
2225.399846504544,16598
2222.5449728573217,16599
1521.4797169847538,16600
1508.4639344602363,16601
1372.836431852882,16602
1768.35708856095,16603
1357.9115466639205,16604
1752.2691196132466,16605
1344.7628900646034,16606
0.0,16607
0.0,16608
1344.2139467692512,16609
1345.9091302704492,16610
0.0,16611
1934.91575559271,16612
1347.5905040831565,16613
1356.6186134613292,16614
1949.3822797523994,16615
1952.9464709508766,16616
0.0,16617
1496.662981782867,16618
910.0365182929189,16619
924.0229142275241,16620
0.0,16621
0.0,16622
0.0,16623
0.0,16624
0.0,16625
0.0,16626
0.0,16627
0.0,16628
0.0,16629
0.0,16630
0.0,16631
0.0,16632
0.0,16633
0.0,16634
0.0,16635
0.0,16636
0.0,16637
0.0,16638
0.0,16639
0.0,16640
0.0,16641
0.0,16642
0.0,16643
0.0,16644
0.0,16645
0.0,16646
0.0,16647
0.0,16648
0.0,16649
0.0,16650
0.0,16651
1279.1344518774088,16652
0.0,16653
1848.0423510247886,16654
36.39861206477653,16655
0.0,16656
0.0,16657
0.0,16658
0.0,16659
106.63750528346857,16660
492.3017607618627,16661
0.0,16662
0.0,16663
0.0,16664
0.0,16665
0.0,16666
0.0,16667
0.0,16668
349.19382159763416,16669
0.0,16670
0.0,16671
0.0,16672
0.0,16673
0.0,16674
0.0,16675
0.0,16676
0.0,16677
0.0,16678
0.0,16679
0.0,16680
1212.2042556476752,16681
0.0,16682
0.0,16683
0.0,16684
0.0,16685
0.0,16686
0.0,16687
0.0,16688
0.0,16689
0.0,16690
0.0,16691
0.0,16692
0.0,16693
0.0,16694
0.0,16695
0.0,16696
0.0,16697
0.0,16698
1425.648271881487,16699
0.0,16700
0.0,16701
0.0,16702
0.0,16703
0.0,16704
0.0,16705
0.0,16706
0.0,16707
0.0,16708
0.0,16709
0.0,16710
0.0,16711
0.0,16712
0.0,16713
0.0,16714
0.0,16715
0.0,16716
0.0,16717
0.0,16718
0.0,16719
0.0,16720
0.0,16721
0.0,16722
0.0,16723
0.0,16724
0.0,16725
0.0,16726
0.0,16727
0.0,16728
0.0,16729
0.0,16730
0.0,16731
0.0,16732
0.0,16733
0.0,16734
0.0,16735
0.0,16736
0.0,16737
0.0,16738
0.0,16739
0.0,16740
0.0,16741
131.16330112954424,16742
26.068057122275505,16743
55.61465767629082,16744
0.0,16745
0.0,16746
0.0,16747
0.0,16748
0.0,16749
0.0,16750
0.0,16751
0.0,16752
0.0,16753
0.0,16754
0.0,16755
0.0,16756
0.0,16757
0.0,16758
0.0,16759
0.0,16760
0.0,16761
0.0,16762
971.9591495216899,16763
0.0,16764
0.0,16765
0.0,16766
0.0,16767
0.0,16768
0.0,16769
0.0,16770
0.0,16771
0.0,16772
0.0,16773
0.0,16774
0.0,16775
0.0,16776
0.0,16777
0.0,16778
1490.3434657142277,16779
1480.9715026295466,16780
0.0,16781
0.0,16782
0.0,16783
0.0,16784
0.0,16785
0.0,16786
0.0,16787
0.0,16788
0.0,16789
0.0,16790
0.0,16791
0.0,16792
0.0,16793
0.0,16794
0.0,16795
0.0,16796
0.0,16797
0.0,16798
0.0,16799
0.0,16800
0.0,16801
0.0,16802
0.0,16803
0.0,16804
0.0,16805
0.0,16806
0.0,16807
0.0,16808
0.0,16809
0.0,16810
0.0,16811
0.0,16812
0.0,16813
0.0,16814
0.0,16815
0.0,16816
0.0,16817
141.58244194641978,16818
0.0,16819
0.0,16820
0.0,16821
0.0,16822
0.0,16823
0.0,16824
0.0,16825
0.0,16826
0.0,16827
0.0,16828
0.0,16829
0.0,16830
0.0,16831
0.0,16832
0.0,16833
0.0,16834
0.0,16835
0.0,16836
0.0,16837
0.0,16838
0.0,16839
0.0,16840
0.0,16841
0.0,16842
5.515073126378349,16843
0.0,16844
0.0,16845
0.0,16846
0.0,16847
0.0,16848
0.0,16849
1394.1710552899497,16850
0.0,16851
357.0680717169162,16852
0.0,16853
0.0,16854
0.0,16855
0.0,16856
0.0,16857
0.0,16858
1122.2009740761985,16859
0.0,16860
0.0,16861
0.0,16862
0.0,16863
0.0,16864
4199.913133394574,16865
1506.274506352709,16866
0.0,16867
0.0,16868
0.0,16869
1518.943276352857,16870
0.0,16871
0.0,16872
0.0,16873
0.0,16874
0.0,16875
0.0,16876
0.0,16877
0.0,16878
0.0,16879
0.0,16880
0.0,16881
0.0,16882
0.0,16883
0.0,16884
1777.1705785511606,16885
0.0,16886
0.0,16887
702.4715059102654,16888
0.0,16889
1381.2812515147773,16890
0.0,16891
0.0,16892
0.0,16893
0.0,16894
0.0,16895
0.0,16896
4056.778481182571,16897
0.0,16898
0.0,16899
0.0,16900
0.0,16901
0.0,16902
0.0,16903
0.0,16904
0.0,16905
0.0,16906
0.0,16907
0.0,16908
0.0,16909
0.0,16910
0.0,16911
0.0,16912
0.0,16913
0.0,16914
0.0,16915
0.0,16916
0.0,16917
0.0,16918
0.0,16919
320.55914165926157,16920
0.0,16921
0.0,16922
0.0,16923
1817.6935373564843,16924
1820.8823125167362,16925
1820.9002060845573,16926
100.72604011729362,16927
0.0,16928
1712.2598297157529,16929
1708.0265872961788,16930
0.0,16931
0.0,16932
842.716912633281,16933
0.0,16934
0.0,16935
1320.6116175298841,16936
0.0,16937
0.0,16938
0.0,16939
1444.7685476647966,16940
788.7046280194871,16941
0.0,16942
1246.367961462957,16943
0.0,16944
0.0,16945
0.0,16946
0.0,16947
0.0,16948
0.0,16949
0.0,16950
0.0,16951
0.0,16952
0.0,16953
0.0,16954
0.0,16955
1466.009511824108,16956
0.0,16957
106.87851477526934,16958
0.0,16959
0.0,16960
0.0,16961
0.0,16962
0.0,16963
0.0,16964
0.0,16965
0.0,16966
0.0,16967
0.0,16968
0.0,16969
0.0,16970
0.0,16971
0.0,16972
0.0,16973
0.0,16974
0.0,16975
0.0,16976
0.0,16977
0.0,16978
0.0,16979
0.0,16980
0.0,16981
0.0,16982
0.0,16983
0.0,16984
0.0,16985
0.0,16986
0.0,16987
0.0,16988
0.0,16989
0.0,16990
0.0,16991
0.0,16992
0.0,16993
0.0,16994
0.0,16995
0.0,16996
0.0,16997
0.0,16998
0.0,16999
0.0,17000
0.0,17001
0.0,17002
0.0,17003
0.0,17004
0.0,17005
0.0,17006
0.0,17007
0.0,17008
0.0,17009
2134.6085368524655,17010
0.0,17011
0.0,17012
0.0,17013
0.0,17014
0.0,17015
0.0,17016
0.0,17017
0.0,17018
0.0,17019
0.0,17020
0.0,17021
0.0,17022
0.0,17023
0.0,17024
0.0,17025
0.0,17026
0.0,17027
0.0,17028
0.0,17029
0.0,17030
0.0,17031
0.0,17032
0.0,17033
0.0,17034
0.0,17035
0.0,17036
0.0,17037
0.0,17038
0.0,17039
0.0,17040
0.0,17041
0.0,17042
0.0,17043
0.0,17044
0.0,17045
0.0,17046
0.0,17047
0.0,17048
0.0,17049
0.0,17050
0.0,17051
0.0,17052
0.0,17053
0.0,17054
0.0,17055
0.0,17056
1228.4474346608317,17057
0.0,17058
0.0,17059
0.0,17060
0.0,17061
1312.1797897179256,17062
279.17178224608534,17063
0.0,17064
0.0,17065
0.0,17066
1910.919092588343,17067
0.0,17068
0.0,17069
0.0,17070
0.0,17071
0.0,17072
0.0,17073
0.0,17074
0.0,17075
0.0,17076
0.0,17077
0.0,17078
0.0,17079
0.0,17080
0.0,17081
0.0,17082
0.0,17083
0.0,17084
0.0,17085
1351.1662209367355,17086
1334.478227281716,17087
0.0,17088
0.0,17089
1907.3372771906816,17090
0.0,17091
0.0,17092
0.0,17093
247.52534932442504,17094
0.0,17095
543.7348704215053,17096
0.0,17097
0.0,17098
908.118171797862,17099
428.5187308804294,17100
533.3168367608863,17101
263.9012966610348,17102
0.0,17103
0.0,17104
460.50287407979175,17105
256.1672621806649,17106
0.0,17107
949.934472348071,17108
2568.537158320145,17109
0.0,17110
552.0616055203402,17111
3045.546563291588,17112
818.2245259278454,17113
663.1566603249015,17114
1842.0245161616772,17115
2310.790432859106,17116
210.02432111334295,17117
2824.9056003199553,17118
807.0349763796444,17119
0.0,17120
26.067236919407943,17121
76.97048783558098,17122
0.0,17123
0.0,17124
2707.3034930583703,17125
371.167246121804,17126
2202.7939645822094,17127
0.0,17128
0.0,17129
1016.773448348591,17130
880.7593100596457,17131
0.0,17132
0.0,17133
539.4893852231526,17134
0.0,17135
0.0,17136
0.0,17137
944.3577934536471,17138
0.0,17139
0.0,17140
0.0,17141
0.0,17142
0.0,17143
0.0,17144
0.0,17145
0.0,17146
0.0,17147
0.0,17148
0.0,17149
0.0,17150
4574.757978496714,17151
0.0,17152
663.8058532074781,17153
1257.8163381480722,17154
1075.1154343871294,17155
2654.238351955298,17156
3903.7300563396375,17157
2902.9424905056253,17158
453.5792363399595,17159
0.0,17160
769.5486557910733,17161
0.0,17162
1451.7404628639952,17163
0.0,17164
0.0,17165
0.0,17166
0.0,17167
0.0,17168
0.0,17169
0.0,17170
0.0,17171
2661.535253886431,17172
0.0,17173
1877.2904454882162,17174
3430.881978055345,17175
0.0,17176
4252.84724815337,17177
0.0,17178
2715.0057258841407,17179
6174.767974497747,17180
1576.1218117825551,17181
388.67951414583365,17182
0.0,17183
1115.1478162934857,17184
926.1665039714118,17185
0.0,17186
0.0,17187
313.280292544934,17188
0.0,17189
0.0,17190
1271.4152930895918,17191
0.0,17192
0.0,17193
0.0,17194
0.0,17195
1552.2086155948962,17196
0.0,17197
1252.1459507362379,17198
2560.4736990233864,17199
387.45002666117824,17200
914.6481172077783,17201
1209.8567356520934,17202
1263.6895577163837,17203
3.494116647302103,17204
2654.0922533094204,17205
388.1065387662623,17206
1605.769497822696,17207
0.0,17208
0.0,17209
0.0,17210
956.4871100912653,17211
0.0,17212
1369.8550202470724,17213
2320.954279740521,17214
1024.4600948015036,17215
1008.7325874650736,17216
1021.6098673951368,17217
544.5079211130043,17218
991.7145965530673,17219
149.5551649148265,17220
815.9634191940127,17221
813.8265206254729,17222
740.4614087225618,17223
384.84511030514506,17224
810.033115025332,17225
1936.6468919437784,17226
3009.139670025429,17227
1705.848764442536,17228
4.1536562941740405,17229
0.0,17230
0.0,17231
0.0,17232
0.0,17233
0.0,17234
827.3380461638714,17235
0.0,17236
0.0,17237
0.0,17238
0.0,17239
2080.958600429602,17240
248.26055128697763,17241
0.0,17242
0.0,17243
0.0,17244
0.0,17245
0.0,17246
0.0,17247
0.0,17248
2061.8845094966223,17249
0.0,17250
0.0,17251
1764.5460065035638,17252
0.0,17253
0.0,17254
0.0,17255
0.0,17256
0.0,17257
0.0,17258
0.0,17259
0.0,17260
0.0,17261
0.0,17262
0.0,17263
0.0,17264
0.0,17265
0.0,17266
0.0,17267
0.0,17268
0.0,17269
0.0,17270
0.0,17271
879.7838510629912,17272
0.0,17273
0.0,17274
0.0,17275
0.0,17276
0.0,17277
0.0,17278
0.0,17279
0.0,17280
1717.7525926774622,17281
0.0,17282
0.0,17283
0.0,17284
0.0,17285
108.72213840601492,17286
0.0,17287
96.37101050474242,17288
0.0,17289
0.0,17290
0.0,17291
0.0,17292
0.0,17293
0.0,17294
0.0,17295
0.0,17296
0.0,17297
0.0,17298
0.0,17299
269.0843224952813,17300
601.8616878791652,17301
0.0,17302
0.0,17303
0.0,17304
0.0,17305
479.49999962400784,17306
1414.4710079229826,17307
1185.268389632911,17308
810.8745666912989,17309
220.69535362325408,17310
1195.3309521818364,17311
0.0,17312
1145.2414743757363,17313
733.2356273420783,17314
680.8318756019142,17315
350.29154407819016,17316
550.3946967931926,17317
0.0,17318
0.0,17319
836.518494207521,17320
1768.1838046594876,17321
2020.8086907815382,17322
0.0,17323
0.0,17324
428.65659894163275,17325
0.0,17326
0.0,17327
1718.3753528014374,17328
835.387628652457,17329
78.51602559074762,17330
66.24443143458394,17331
0.0,17332
0.0,17333
232.84796141675807,17334
0.0,17335
0.0,17336
0.0,17337
0.0,17338
15.517595922983368,17339
0.0,17340
0.0,17341
0.0,17342
0.0,17343
0.0,17344
0.0,17345
0.0,17346
0.0,17347
0.0,17348
0.0,17349
0.0,17350
0.0,17351
0.0,17352
0.0,17353
4455.625530301073,17354
249.56777217896797,17355
0.0,17356
995.8102454388567,17357
0.0,17358
159.83875908587495,17359
0.0,17360
0.0,17361
0.0,17362
0.0,17363
0.0,17364
0.0,17365
0.0,17366
0.0,17367
0.0,17368
587.9999775965318,17369
0.0,17370
590.9343827841076,17371
0.0,17372
527.3244537547075,17373
0.0,17374
0.0,17375
0.0,17376
491.3578106441744,17377
0.0,17378
0.0,17379
0.0,17380
0.0,17381
0.0,17382
0.0,17383
0.0,17384
0.0,17385
0.0,17386
0.0,17387
0.0,17388
0.0,17389
0.0,17390
0.0,17391
0.0,17392
0.0,17393
0.0,17394
486.5024773522465,17395
2554.2552832631986,17396
0.0,17397
2542.2161679864375,17398
0.0,17399
0.0,17400
0.0,17401
0.0,17402
0.0,17403
0.0,17404
836.8412356311932,17405
517.3358304282339,17406
233.56594709180183,17407
228.25514778081697,17408
0.0,17409
0.0,17410
864.2195663798675,17411
156.91028409252314,17412
1295.3270222033043,17413
0.0,17414
818.0957679892903,17415
819.6583435990784,17416
805.5328799613249,17417
1222.929473101262,17418
1201.4033860035036,17419
0.0,17420
2296.1041041778685,17421
2907.2743523754148,17422
1790.0084189565694,17423
0.0,17424
2245.8408993466896,17425
700.0030054624333,17426
0.0,17427
716.4278617308232,17428
0.0,17429
710.6003086116455,17430
494.7546794679988,17431
0.0,17432
0.0,17433
0.0,17434
0.0,17435
0.0,17436
0.0,17437
0.0,17438
0.0,17439
0.0,17440
0.0,17441
0.0,17442
0.0,17443
0.0,17444
0.0,17445
0.0,17446
0.0,17447
0.0,17448
0.0,17449
0.0,17450
185.90534971298243,17451
0.0,17452
0.0,17453
0.0,17454
0.0,17455
0.0,17456
0.0,17457
0.0,17458
0.0,17459
0.0,17460
0.0,17461
0.0,17462
0.0,17463
0.0,17464
0.0,17465
0.0,17466
0.0,17467
0.0,17468
0.0,17469
0.0,17470
0.0,17471
4734.191158496718,17472
0.0,17473
0.0,17474
0.0,17475
0.0,17476
0.0,17477
0.0,17478
0.0,17479
0.0,17480
0.0,17481
0.0,17482
0.0,17483
0.0,17484
0.0,17485
33.09940717527806,17486
0.0,17487
0.0,17488
51.426175771827474,17489
0.0,17490
0.0,17491
0.0,17492
3791.8041754497813,17493
0.0,17494
0.0,17495
0.0,17496
0.0,17497
0.0,17498
0.0,17499
0.0,17500
0.0,17501
0.0,17502
0.0,17503
0.0,17504
0.0,17505
0.0,17506
0.0,17507
0.0,17508
0.0,17509
0.0,17510
488.26635704117774,17511
0.0,17512
0.0,17513
0.0,17514
0.0,17515
0.0,17516
2536.7347318127313,17517
0.0,17518
0.0,17519
0.0,17520
0.0,17521
0.0,17522
1725.225238661971,17523
0.0,17524
0.0,17525
0.0,17526
0.0,17527
1400.8649518045784,17528
0.0,17529
0.0,17530
0.0,17531
0.0,17532
0.0,17533
1442.8050637076574,17534
0.0,17535
0.0,17536
0.0,17537
0.0,17538
0.0,17539
0.0,17540
0.0,17541
0.0,17542
0.0,17543
0.0,17544
0.0,17545
0.0,17546
0.0,17547
0.0,17548
0.0,17549
0.0,17550
0.0,17551
0.0,17552
0.0,17553
0.0,17554
0.0,17555
0.0,17556
0.0,17557
0.0,17558
0.0,17559
0.0,17560
2306.9095722220227,17561
2157.62982648178,17562
0.0,17563
0.0,17564
0.0,17565
0.0,17566
0.0,17567
5.401291522600708,17568
0.0,17569
0.0,17570
0.0,17571
0.0,17572
0.0,17573
0.0,17574
0.0,17575
3746.570857794598,17576
0.0,17577
0.0,17578
0.0,17579
0.0,17580
0.0,17581
0.0,17582
0.0,17583
0.0,17584
0.0,17585
0.0,17586
0.0,17587
0.0,17588
0.0,17589
1508.9881893024383,17590
0.0,17591
0.0,17592
0.0,17593
0.0,17594
0.0,17595
59.76530161789927,17596
0.0,17597
0.0,17598
0.0,17599
0.0,17600
0.0,17601
924.2495776319403,17602
0.0,17603
0.0,17604
0.0,17605
0.0,17606
0.0,17607
108.66445292268794,17608
0.0,17609
0.0,17610
0.0,17611
0.0,17612
0.0,17613
0.0,17614
0.0,17615
0.0,17616
0.0,17617
0.0,17618
0.0,17619
0.0,17620
0.0,17621
0.0,17622
0.0,17623
0.0,17624
0.0,17625
0.0,17626
0.0,17627
0.0,17628
0.0,17629
0.0,17630
0.0,17631
0.0,17632
0.0,17633
0.0,17634
0.0,17635
2949.0925207251803,17636
2084.6668759945273,17637
0.0,17638
0.0,17639
0.0,17640
0.0,17641
0.0,17642
3596.0574237919955,17643
0.0,17644
0.0,17645
1970.706548950521,17646
0.0,17647
148.36046569625276,17648
0.0,17649
0.0,17650
2191.905274370762,17651
0.0,17652
0.0,17653
0.0,17654
0.0,17655
0.0,17656
0.0,17657
0.0,17658
0.0,17659
1226.512091307097,17660
0.0,17661
0.0,17662
2137.23385016153,17663
1381.149664600534,17664
0.0,17665
0.0,17666
3707.363180674445,17667
0.0,17668
0.0,17669
1395.7463090167314,17670
0.0,17671
0.0,17672
0.0,17673
380.2008348173303,17674
0.0,17675
0.0,17676
0.0,17677
0.0,17678
0.0,17679
0.0,17680
0.0,17681
0.0,17682
251.42283689464278,17683
0.0,17684
0.0,17685
0.0,17686
0.0,17687
0.0,17688
0.0,17689
0.0,17690
0.0,17691
0.0,17692
0.0,17693
0.0,17694
0.0,17695
0.0,17696
0.0,17697
0.0,17698
0.0,17699
0.0,17700
0.0,17701
0.0,17702
0.0,17703
0.0,17704
0.0,17705
0.0,17706
3.430410442566421,17707
0.0,17708
0.0,17709
0.0,17710
1715.1396921115431,17711
0.0,17712
0.0,17713
965.7630957830517,17714
0.0,17715
0.0,17716
0.0,17717
256.00797846394494,17718
0.0,17719
0.0,17720
0.0,17721
0.0,17722
0.0,17723
86.82723511386898,17724
519.9131595544226,17725
0.0,17726
0.0,17727
0.0,17728
0.0,17729
0.0,17730
0.0,17731
264.65948090997296,17732
21.125710647243142,17733
0.0,17734
524.812451408698,17735
0.0,17736
0.0,17737
0.0,17738
0.0,17739
0.0,17740
0.0,17741
0.0,17742
0.0,17743
0.0,17744
0.0,17745
0.0,17746
0.0,17747
0.0,17748
0.0,17749
0.0,17750
0.0,17751
0.0,17752
243.98224647429566,17753
307.96805326103646,17754
0.0,17755
0.0,17756
0.0,17757
0.0,17758
0.0,17759
0.0,17760
0.0,17761
551.4043460663897,17762
0.0,17763
0.0,17764
0.0,17765
0.0,17766
0.0,17767
0.0,17768
0.0,17769
0.0,17770
0.0,17771
0.0,17772
0.0,17773
0.0,17774
0.0,17775
0.0,17776
0.0,17777
0.0,17778
0.0,17779
0.0,17780
437.95656434171264,17781
0.0,17782
0.0,17783
0.0,17784
0.0,17785
0.0,17786
0.0,17787
0.0,17788
0.0,17789
0.0,17790
0.0,17791
0.0,17792
0.0,17793
0.0,17794
0.0,17795
0.0,17796
0.0,17797
0.0,17798
0.0,17799
926.9644830443979,17800
0.0,17801
71.32678270844089,17802
0.0,17803
0.0,17804
0.0,17805
0.0,17806
0.0,17807
0.0,17808
0.0,17809
0.0,17810
0.0,17811
0.0,17812
0.0,17813
0.0,17814
0.0,17815
0.0,17816
0.0,17817
0.0,17818
0.0,17819
0.0,17820
0.0,17821
0.0,17822
0.0,17823
0.0,17824
0.0,17825
288.6970856607939,17826
286.3813974442728,17827
0.0,17828
0.0,17829
0.0,17830
0.0,17831
0.0,17832
0.0,17833
261.11437100222355,17834
1580.576812132563,17835
1141.287760484139,17836
0.0,17837
0.0,17838
1102.5689013794963,17839
1109.9297162954224,17840
69.86822179555027,17841
0.0,17842
0.0,17843
0.0,17844
257.7510436482933,17845
0.0,17846
0.0,17847
200.83989360092383,17848
187.6102554776099,17849
0.0,17850
0.0,17851
0.0,17852
0.0,17853
0.0,17854
0.0,17855
0.0,17856
0.0,17857
0.0,17858
0.0,17859
0.0,17860
0.0,17861
0.0,17862
0.0,17863
0.0,17864
0.0,17865
0.0,17866
0.0,17867
0.0,17868
0.0,17869
0.0,17870
3682.0675323452556,17871
0.0,17872
0.0,17873
0.0,17874
0.0,17875
0.0,17876
0.0,17877
0.0,17878
0.0,17879
0.0,17880
2978.522732628145,17881
2990.480688970859,17882
0.0,17883
0.0,17884
0.0,17885
0.0,17886
0.0,17887
0.0,17888
0.0,17889
0.0,17890
0.0,17891
0.0,17892
0.0,17893
0.0,17894
0.0,17895
0.0,17896
0.0,17897
0.0,17898
116.32253125611666,17899
208.12127823629325,17900
433.3760171497401,17901
0.0,17902
0.0,17903
0.0,17904
0.0,17905
0.0,17906
0.0,17907
0.0,17908
0.0,17909
0.0,17910
0.0,17911
0.0,17912
0.0,17913
0.0,17914
0.0,17915
0.0,17916
0.0,17917
0.0,17918
520.3130546309072,17919
0.0,17920
279.6401485786838,17921
0.0,17922
0.0,17923
0.0,17924
1155.8624977779793,17925
0.0,17926
0.0,17927
0.0,17928
0.0,17929
0.0,17930
0.0,17931
0.0,17932
0.0,17933
0.0,17934
0.0,17935
0.0,17936
0.0,17937
0.0,17938
0.0,17939
0.0,17940
0.0,17941
0.0,17942
0.0,17943
1.2755743180515347,17944
0.0,17945
0.0,17946
0.0,17947
0.0,17948
0.0,17949
0.0,17950
0.0,17951
0.0,17952
0.0,17953
0.0,17954
0.0,17955
317.2803388238721,17956
1330.5697107243236,17957
0.0,17958
0.0,17959
0.0,17960
3632.3275524763667,17961
0.0,17962
0.0,17963
0.0,17964
0.0,17965
0.0,17966
0.0,17967
0.0,17968
0.0,17969
0.0,17970
0.0,17971
0.0,17972
0.0,17973
0.0,17974
0.0,17975
0.0,17976
0.0,17977
0.0,17978
2099.8463619191302,17979
0.0,17980
0.0,17981
0.0,17982
0.0,17983
0.0,17984
0.0,17985
0.0,17986
135.46973278949952,17987
0.0,17988
0.0,17989
0.0,17990
0.0,17991
0.0,17992
0.0,17993
0.0,17994
110.67600991504236,17995
0.0,17996
0.0,17997
0.0,17998
0.0,17999
0.0,18000
0.0,18001
0.0,18002
0.0,18003
2315.4907319252616,18004
2290.8880245303453,18005
2752.4809406133677,18006
0.0,18007
0.0,18008
0.0,18009
0.0,18010
0.0,18011
1562.3838609564866,18012
0.0,18013
0.0,18014
2671.363748850633,18015
1023.2155705440487,18016
0.0,18017
0.0,18018
354.06798335858497,18019
245.1306060144018,18020
228.65353438915864,18021
2600.6297183975366,18022
0.0,18023
0.0,18024
0.0,18025
0.0,18026
179.8836851696862,18027
0.0,18028
0.0,18029
0.0,18030
0.0,18031
2457.3854434599994,18032
0.0,18033
0.0,18034
0.0,18035
0.0,18036
0.0,18037
0.0,18038
0.0,18039
0.0,18040
0.0,18041
0.0,18042
0.0,18043
0.0,18044
0.0,18045
0.0,18046
0.0,18047
0.0,18048
0.0,18049
0.0,18050
0.0,18051
0.0,18052
824.3327996549264,18053
2799.5814823466208,18054
0.0,18055
843.4626419316285,18056
0.0,18057
0.0,18058
0.0,18059
0.0,18060
0.0,18061
91.87624548583662,18062
0.0,18063
0.0,18064
0.0,18065
0.0,18066
0.0,18067
0.0,18068
0.0,18069
0.0,18070
0.0,18071
0.0,18072
0.0,18073
0.0,18074
0.0,18075
0.0,18076
0.0,18077
0.0,18078
0.0,18079
0.0,18080
0.0,18081
539.8544888685325,18082
0.0,18083
0.0,18084
0.0,18085
0.0,18086
0.0,18087
0.0,18088
0.0,18089
0.0,18090
0.0,18091
0.0,18092
0.0,18093
349.6612230482325,18094
3189.3667096553913,18095
0.0,18096
0.0,18097
0.0,18098
0.0,18099
0.0,18100
0.0,18101
0.0,18102
0.0,18103
382.07951321408126,18104
1045.1424836422602,18105
0.0,18106
0.0,18107
0.0,18108
0.0,18109
0.0,18110
0.0,18111
377.56582793200147,18112
0.0,18113
375.45819534325466,18114
375.0475345130842,18115
0.0,18116
0.0,18117
0.0,18118
663.4703157360456,18119
0.0,18120
32.2531524310817,18121
0.0,18122
0.0,18123
0.0,18124
2254.8369609252604,18125
0.0,18126
0.0,18127
700.2095186198262,18128
0.0,18129
0.0,18130
0.0,18131
0.0,18132
0.0,18133
0.0,18134
0.0,18135
0.0,18136
0.0,18137
0.0,18138
0.0,18139
653.8185135527274,18140
0.0,18141
982.6411290797088,18142
0.0,18143
5976.03551584048,18144
0.0,18145
0.0,18146
6800.741832917075,18147
997.2244014288391,18148
6762.363295772217,18149
6483.267607448805,18150
6312.114016839022,18151
0.0,18152
0.0,18153
561.6448272190635,18154
568.1930173123689,18155
573.4782986076818,18156
878.7779303426828,18157
825.2231192748553,18158
571.3499724871538,18159
0.0,18160
571.3680268200999,18161
570.5316487536419,18162
568.9241084739904,18163
605.9011045890263,18164
0.0,18165
0.0,18166
0.0,18167
2440.612377997692,18168
1317.6022547678326,18169
1859.6481744519488,18170
0.0,18171
0.0,18172
0.0,18173
0.0,18174
2041.1626907362381,18175
0.0,18176
0.0,18177
832.0109682751261,18178
440.58305741880946,18179
6196.167839692835,18180
0.0,18181
2844.251591788885,18182
2215.047824452114,18183
6565.350827674395,18184
2456.4754798794497,18185
6559.881172691145,18186
6566.683549123632,18187
6566.76165708147,18188
7492.9413922264575,18189
6690.314312878272,18190
2381.2540870520693,18191
3883.2532089978113,18192
10178.346946874084,18193
9958.93263123202,18194
6133.846358922342,18195
1031.8970996535973,18196
2655.4528884616375,18197
5477.835608938013,18198
12184.531577788628,18199
12191.019750996646,18200
4590.202891565162,18201
1866.7482597243006,18202
4578.908133994591,18203
12188.912137593266,18204
6632.931418624421,18205
5756.241978960731,18206
5085.436774589015,18207
12221.86287587863,18208
2223.142191017496,18209
0.0,18210
0.0,18211
4275.215287161803,18212
4467.887819312312,18213
6823.678953701686,18214
0.0,18215
1748.9187038733912,18216
1204.2853950441609,18217
1214.2005421703159,18218
1224.0955172082693,18219
1233.8639161054025,18220
1243.288210955648,18221
1878.0281970584638,18222
0.0,18223
0.0,18224
4634.331413393434,18225
0.0,18226
1115.377042570769,18227
291.6368781319804,18228
1129.6034286100664,18229
1136.0240874275105,18230
936.4398286616785,18231
0.0,18232
0.0,18233
1205.6489708711026,18234
2122.294611451081,18235
0.0,18236
0.0,18237
0.0,18238
0.0,18239
0.0,18240
0.0,18241
0.0,18242
0.0,18243
0.0,18244
0.0,18245
0.0,18246
618.5260761298846,18247
431.54680409341756,18248
0.0,18249
0.0,18250
0.0,18251
0.0,18252
0.0,18253
0.0,18254
0.0,18255
0.0,18256
0.0,18257
0.0,18258
0.0,18259
0.0,18260
1842.5277728268088,18261
0.0,18262
0.0,18263
0.0,18264
482.9658794204058,18265
0.0,18266
0.0,18267
3333.753452512215,18268
32.15627111988849,18269
859.395802146846,18270
0.0,18271
0.0,18272
0.0,18273
0.0,18274
0.0,18275
0.0,18276
0.0,18277
0.0,18278
0.0,18279
0.0,18280
513.2839309637527,18281
1278.8161641867944,18282
296.86773828197033,18283
0.0,18284
0.0,18285
338.93632251072,18286
1545.448835044483,18287
0.0,18288
1850.2906256231665,18289
3770.1480231674855,18290
0.0,18291
0.0,18292
0.0,18293
0.0,18294
0.0,18295
484.09254424396465,18296
0.0,18297
4601.41546988754,18298
4701.674538759387,18299
0.0,18300
0.0,18301
0.0,18302
0.0,18303
0.0,18304
0.0,18305
1838.968921110083,18306
0.0,18307
0.0,18308
4586.832045015062,18309
0.0,18310
0.0,18311
0.0,18312
0.0,18313
0.0,18314
0.0,18315
0.0,18316
0.0,18317
0.0,18318
0.0,18319
0.0,18320
0.0,18321
0.0,18322
0.0,18323
0.0,18324
0.0,18325
0.0,18326
0.0,18327
0.0,18328
0.0,18329
0.0,18330
0.0,18331
0.0,18332
1413.3939964238075,18333
0.0,18334
0.0,18335
0.0,18336
0.0,18337
0.0,18338
0.0,18339
0.0,18340
0.0,18341
0.0,18342
451.7088761498298,18343
0.0,18344
0.0,18345
0.0,18346
0.0,18347
0.0,18348
0.0,18349
0.0,18350
0.0,18351
363.88502662227273,18352
7.998396233235071,18353
0.0,18354
0.0,18355
0.0,18356
0.0,18357
0.0,18358
739.7747771127127,18359
613.3038912873029,18360
633.1396727771308,18361
475.26506412689275,18362
2068.9886541066535,18363
140.31483723792857,18364
0.0,18365
0.0,18366
0.0,18367
490.7812891668407,18368
0.0,18369
612.2724383108824,18370
0.0,18371
0.0,18372
0.0,18373
0.0,18374
0.0,18375
0.0,18376
0.0,18377
0.0,18378
504.3372524406911,18379
148.55437109125876,18380
0.0,18381
249.46310338534255,18382
357.69322158175595,18383
0.0,18384
249.51499617412009,18385
262.09682174704824,18386
0.0,18387
689.5410784648654,18388
3644.456579515588,18389
247.96286414865813,18390
1223.8169537596123,18391
0.0,18392
0.0,18393
2758.2747736607207,18394
2110.395170768306,18395
80.72277589880198,18396
0.0,18397
0.0,18398
1798.6747582297846,18399
0.0,18400
79.99248067901776,18401
0.0,18402
0.0,18403
0.0,18404
0.0,18405
0.0,18406
0.0,18407
77.81788203058385,18408
1802.431139087539,18409
157.43449123850743,18410
1806.750016901254,18411
0.0,18412
926.6214054774479,18413
378.13631934857864,18414
0.0,18415
0.0,18416
979.6931853793039,18417
0.0,18418
627.4459187540591,18419
11.83624001146486,18420
9.441137684651375,18421
0.0,18422
0.0,18423
0.0,18424
1925.6294611431651,18425
0.0,18426
0.0,18427
752.0445336942265,18428
0.0,18429
0.0,18430
0.0,18431
0.0,18432
0.0,18433
0.0,18434
0.0,18435
0.0,18436
0.0,18437
0.0,18438
0.0,18439
0.0,18440
29.234658298319772,18441
0.0,18442
0.0,18443
0.0,18444
0.0,18445
0.0,18446
0.0,18447
0.0,18448
0.0,18449
0.0,18450
0.0,18451
0.0,18452
0.0,18453
0.0,18454
0.0,18455
554.6768305413751,18456
0.0,18457
0.0,18458
0.0,18459
0.0,18460
128.4063402741084,18461
0.0,18462
0.0,18463
4565.3894001335675,18464
0.0,18465
0.0,18466
0.0,18467
0.0,18468
0.0,18469
0.0,18470
0.0,18471
0.0,18472
0.0,18473
0.0,18474
0.0,18475
0.0,18476
0.0,18477
0.0,18478
0.0,18479
0.0,18480
0.0,18481
0.0,18482
0.0,18483
0.0,18484
0.0,18485
0.0,18486
0.0,18487
0.0,18488
0.0,18489
0.0,18490
0.0,18491
0.0,18492
0.0,18493
0.0,18494
0.0,18495
0.0,18496
0.0,18497
0.0,18498
0.0,18499
102.36366347661122,18500
0.0,18501
0.0,18502
0.0,18503
0.0,18504
146.2063349745744,18505
0.0,18506
0.0,18507
0.0,18508
0.0,18509
0.0,18510
0.0,18511
0.0,18512
0.0,18513
0.0,18514
0.0,18515
0.0,18516
0.0,18517
0.0,18518
0.0,18519
0.0,18520
0.0,18521
0.0,18522
0.0,18523
0.0,18524
0.0,18525
0.0,18526
0.0,18527
0.0,18528
0.0,18529
0.0,18530
0.0,18531
0.0,18532
0.0,18533
0.0,18534
0.0,18535
0.0,18536
0.0,18537
0.0,18538
0.0,18539
0.0,18540
0.0,18541
0.0,18542
0.0,18543
0.0,18544
0.0,18545
0.0,18546
0.0,18547
0.0,18548
0.0,18549
0.0,18550
0.0,18551
0.0,18552
0.0,18553
0.0,18554
0.0,18555
0.0,18556
0.0,18557
0.0,18558
0.0,18559
0.0,18560
0.0,18561
0.0,18562
0.0,18563
0.0,18564
0.0,18565
0.0,18566
0.0,18567
0.0,18568
0.0,18569
0.0,18570
0.0,18571
0.0,18572
0.0,18573
0.0,18574
0.0,18575
0.0,18576
0.0,18577
0.0,18578
0.0,18579
0.0,18580
0.0,18581
0.0,18582
0.0,18583
0.0,18584
0.0,18585
0.0,18586
0.0,18587
0.0,18588
0.0,18589
0.0,18590
0.0,18591
0.0,18592
0.0,18593
0.0,18594
0.0,18595
0.0,18596
0.0,18597
0.0,18598
0.0,18599
0.0,18600
0.0,18601
0.0,18602
0.0,18603
0.0,18604
0.0,18605
0.0,18606
0.0,18607
0.0,18608
0.0,18609
0.0,18610
0.0,18611
0.0,18612
0.0,18613
0.0,18614
0.0,18615
0.0,18616
0.0,18617
0.0,18618
0.0,18619
0.0,18620
0.0,18621
0.0,18622
0.0,18623
0.0,18624
0.0,18625
0.0,18626
5016.389927111535,18627
0.0,18628
0.0,18629
0.0,18630
0.0,18631
0.0,18632
0.0,18633
0.0,18634
0.0,18635
0.0,18636
0.0,18637
0.0,18638
0.0,18639
0.0,18640
0.0,18641
0.0,18642
0.0,18643
0.0,18644
0.0,18645
0.0,18646
0.0,18647
0.0,18648
0.0,18649
2050.4461542522236,18650
243.7658331644451,18651
0.0,18652
0.0,18653
0.0,18654
0.0,18655
0.0,18656
0.0,18657
0.0,18658
0.0,18659
367.88315047139474,18660
0.0,18661
0.0,18662
0.0,18663
0.0,18664
0.0,18665
0.0,18666
0.0,18667
0.0,18668
0.0,18669
0.0,18670
0.0,18671
0.0,18672
0.0,18673
0.0,18674
0.0,18675
0.0,18676
0.0,18677
0.0,18678
0.0,18679
0.0,18680
0.0,18681
0.0,18682
0.0,18683
0.0,18684
0.0,18685
0.0,18686
0.0,18687
0.0,18688
6758.685074333901,18689
0.0,18690
0.0,18691
0.0,18692
0.0,18693
0.0,18694
0.0,18695
0.0,18696
0.0,18697
0.0,18698
0.0,18699
0.0,18700
0.0,18701
0.0,18702
0.0,18703
0.0,18704
0.0,18705
0.0,18706
0.0,18707
0.0,18708
0.0,18709
0.0,18710
0.0,18711
0.0,18712
0.0,18713
0.0,18714
0.0,18715
0.0,18716
0.0,18717
0.0,18718
0.0,18719
0.0,18720
0.0,18721
0.0,18722
902.1902537358449,18723
0.0,18724
0.0,18725
0.0,18726
0.0,18727
0.0,18728
0.0,18729
0.0,18730
0.0,18731
0.0,18732
0.0,18733
0.0,18734
0.0,18735
0.0,18736
0.0,18737
0.0,18738
0.0,18739
0.0,18740
0.0,18741
0.0,18742
0.0,18743
0.0,18744
0.0,18745
0.0,18746
0.0,18747
0.0,18748
0.0,18749
0.0,18750
0.0,18751
0.0,18752
0.0,18753
0.0,18754
0.0,18755
0.0,18756
0.0,18757
0.0,18758
0.0,18759
0.0,18760
90.42834978864688,18761
0.0,18762
0.0,18763
0.0,18764
0.0,18765
0.0,18766
0.0,18767
0.0,18768
0.0,18769
0.0,18770
0.0,18771
0.0,18772
0.0,18773
0.0,18774
0.0,18775
92.11200954185047,18776
0.0,18777
93.10356969951597,18778
0.0,18779
0.0,18780
3860.6127353275556,18781
0.0,18782
0.0,18783
0.0,18784
0.0,18785
0.0,18786
0.0,18787
0.0,18788
0.0,18789
0.0,18790
0.0,18791
0.0,18792
0.0,18793
0.0,18794
0.0,18795
0.0,18796
0.0,18797
0.0,18798
0.0,18799
0.0,18800
0.0,18801
0.0,18802
0.0,18803
0.0,18804
0.0,18805
0.0,18806
0.0,18807
0.0,18808
0.0,18809
0.0,18810
0.0,18811
0.0,18812
0.0,18813
0.0,18814
0.0,18815
0.0,18816
0.0,18817
0.0,18818
1334.003831482925,18819
384.61274684328845,18820
0.0,18821
2030.0151353519063,18822
2032.2757598066687,18823
0.0,18824
0.0,18825
0.0,18826
0.0,18827
0.0,18828
10.789945478504647,18829
0.0,18830
325.3699201610205,18831
343.40254425834166,18832
298.38310945533294,18833
0.0,18834
435.00125152444093,18835
195.48612350002313,18836
1358.206879777429,18837
309.0383204859158,18838
531.9877337948258,18839
0.0,18840
1975.2830109928498,18841
676.1453223632212,18842
0.0,18843
895.0295786921856,18844
608.3314503761643,18845
0.0,18846
0.0,18847
0.0,18848
0.0,18849
0.0,18850
0.0,18851
0.0,18852
0.0,18853
0.0,18854
965.42321084481,18855
0.0,18856
0.0,18857
0.0,18858
823.2006517278212,18859
0.0,18860
0.0,18861
0.0,18862
0.0,18863
0.0,18864
0.0,18865
774.649024639352,18866
0.0,18867
0.0,18868
0.0,18869
0.0,18870
0.0,18871
0.0,18872
0.0,18873
0.0,18874
0.0,18875
0.0,18876
0.0,18877
0.0,18878
0.0,18879
510.45245122292664,18880
0.0,18881
0.0,18882
0.0,18883
0.0,18884
0.0,18885
0.0,18886
0.0,18887
0.0,18888
912.1632219308577,18889
0.0,18890
0.0,18891
0.0,18892
0.0,18893
0.0,18894
0.0,18895
0.0,18896
0.0,18897
0.0,18898
0.0,18899
0.0,18900
0.0,18901
0.0,18902
0.0,18903
0.0,18904
0.0,18905
0.0,18906
0.0,18907
0.0,18908
0.0,18909
0.0,18910
0.0,18911
0.0,18912
0.0,18913
0.0,18914
0.0,18915
0.0,18916
0.0,18917
0.0,18918
0.0,18919
0.0,18920
0.0,18921
0.0,18922
0.0,18923
0.0,18924
0.0,18925
0.0,18926
0.0,18927
0.0,18928
0.0,18929
0.0,18930
0.0,18931
0.0,18932
0.0,18933
0.0,18934
0.0,18935
0.0,18936
0.0,18937
1161.978937472332,18938
0.0,18939
0.0,18940
0.0,18941
0.0,18942
0.0,18943
0.0,18944
0.0,18945
0.0,18946
0.0,18947
0.0,18948
0.0,18949
0.0,18950
0.0,18951
0.0,18952
0.0,18953
3741.854990014148,18954
0.0,18955
0.0,18956
0.0,18957
0.0,18958
0.0,18959
0.0,18960
0.0,18961
0.0,18962
0.0,18963
0.0,18964
0.0,18965
0.0,18966
0.0,18967
0.0,18968
0.0,18969
0.0,18970
0.0,18971
0.0,18972
0.0,18973
0.0,18974
0.0,18975
0.0,18976
0.0,18977
0.0,18978
0.0,18979
0.0,18980
0.0,18981
0.0,18982
0.0,18983
0.0,18984
0.0,18985
0.0,18986
0.0,18987
0.0,18988
0.0,18989
0.0,18990
0.0,18991
0.0,18992
1141.3083969720415,18993
0.0,18994
0.0,18995
1040.320475994222,18996
0.0,18997
0.0,18998
567.6923612603874,18999
557.8310494080444,19000
0.0,19001
786.2470856053953,19002
762.382204201236,19003
1432.9416319130642,19004
1205.9190276999075,19005
23.190111508019235,19006
0.0,19007
0.0,19008
0.0,19009
42.26954672658489,19010
1356.7015820839654,19011
1065.599014255471,19012
1524.6885726943456,19013
0.0,19014
1975.7551889869517,19015
1463.0539748465555,19016
1450.1186956659565,19017
0.0,19018
0.0,19019
0.0,19020
1328.2520043614738,19021
963.7409116511571,19022
1308.301345255982,19023
0.0,19024
0.0,19025
0.0,19026
0.0,19027
0.0,19028
0.0,19029
0.0,19030
0.0,19031
0.0,19032
0.0,19033
0.0,19034
0.0,19035
0.0,19036
0.0,19037
0.0,19038
0.0,19039
0.0,19040
0.0,19041
1513.081334814831,19042
0.0,19043
7594.748619004846,19044
0.0,19045
0.0,19046
0.0,19047
0.0,19048
0.0,19049
0.0,19050
0.0,19051
0.0,19052
0.0,19053
0.0,19054
0.0,19055
0.0,19056
0.0,19057
0.0,19058
0.0,19059
0.0,19060
0.0,19061
0.0,19062
0.0,19063
139.23850908570392,19064
0.0,19065
0.0,19066
0.0,19067
473.5385451842077,19068
0.0,19069
0.0,19070
0.0,19071
0.0,19072
6493.436399836592,19073
0.0,19074
533.7408666065477,19075
0.0,19076
0.0,19077
0.0,19078
0.0,19079
0.0,19080
0.0,19081
0.0,19082
1032.8559812667638,19083
0.0,19084
0.0,19085
0.0,19086
0.0,19087
0.0,19088
0.0,19089
0.0,19090
0.0,19091
0.0,19092
0.0,19093
1564.9554724087207,19094
0.0,19095
0.0,19096
0.0,19097
0.0,19098
0.0,19099
0.0,19100
0.0,19101
0.0,19102
0.0,19103
0.0,19104
927.0203424329545,19105
0.0,19106
0.0,19107
0.0,19108
972.617409909572,19109
0.0,19110
0.0,19111
0.0,19112
0.0,19113
93.82577460323391,19114
849.8414081262707,19115
0.0,19116
0.0,19117
0.0,19118
848.4460250008677,19119
850.273708123936,19120
1259.113809992357,19121
422.8427261270908,19122
854.0968977553571,19123
0.0,19124
0.0,19125
0.0,19126
0.0,19127
0.0,19128
0.0,19129
0.0,19130
0.0,19131
0.0,19132
0.0,19133
0.0,19134
0.0,19135
0.0,19136
0.0,19137
0.0,19138
0.0,19139
0.0,19140
0.0,19141
0.0,19142
0.0,19143
0.0,19144
0.0,19145
1228.1966498615739,19146
1465.750649057495,19147
0.0,19148
0.0,19149
0.0,19150
0.0,19151
0.0,19152
0.0,19153
0.0,19154
0.0,19155
0.0,19156
0.0,19157
0.0,19158
0.0,19159
0.0,19160
0.0,19161
0.0,19162
0.0,19163
0.0,19164
0.0,19165
0.0,19166
0.0,19167
0.0,19168
0.0,19169
0.0,19170
0.0,19171
0.0,19172
0.0,19173
0.0,19174
0.0,19175
0.0,19176
0.0,19177
0.0,19178
0.0,19179
90.31600151428435,19180
0.0,19181
0.0,19182
0.0,19183
0.0,19184
0.0,19185
0.0,19186
0.0,19187
0.0,19188
0.0,19189
0.0,19190
0.0,19191
0.0,19192
0.0,19193
0.0,19194
0.0,19195
0.0,19196
0.0,19197
0.0,19198
0.0,19199
0.0,19200
0.0,19201
0.0,19202
0.0,19203
0.0,19204
0.0,19205
0.0,19206
34.63314773024429,19207
0.0,19208
0.0,19209
0.0,19210
0.0,19211
0.0,19212
0.0,19213
0.0,19214
0.0,19215
2480.436432665044,19216
0.0,19217
0.0,19218
0.0,19219
0.0,19220
0.0,19221
608.9101261819292,19222
612.4592663756281,19223
0.0,19224
482.47306505374746,19225
0.0,19226
3265.697227800271,19227
0.0,19228
249.53568327960087,19229
515.7641731732868,19230
0.0,19231
2058.233284720781,19232
0.0,19233
0.0,19234
0.0,19235
709.735670434515,19236
21.16133311750099,19237
516.309602416378,19238
17.985152906379405,19239
0.0,19240
1851.5798378936993,19241
0.0,19242
0.0,19243
0.0,19244
617.653660911346,19245
0.0,19246
0.0,19247
0.0,19248
0.0,19249
0.0,19250
0.0,19251
0.0,19252
0.0,19253
0.0,19254
0.0,19255
0.0,19256
0.0,19257
0.0,19258
0.0,19259
0.0,19260
0.0,19261
0.0,19262
0.0,19263
0.0,19264
0.0,19265
0.0,19266
1078.200108068884,19267
0.0,19268
0.0,19269
0.0,19270
0.0,19271
971.1239172559328,19272
0.0,19273
0.0,19274
0.0,19275
527.9672724504626,19276
0.0,19277
1869.1734304723973,19278
0.0,19279
0.0,19280
0.0,19281
970.9119926737718,19282
0.0,19283
0.0,19284
1648.8874625225492,19285
0.0,19286
0.0,19287
0.0,19288
0.0,19289
97.84644356437082,19290
0.0,19291
0.0,19292
0.0,19293
100.58104359441592,19294
1766.2037110934782,19295
0.0,19296
0.0,19297
102.45028438339578,19298
0.0,19299
0.0,19300
0.0,19301
0.0,19302
0.0,19303
0.0,19304
100.3275570848642,19305
0.0,19306
0.0,19307
0.0,19308
96.57350215255136,19309
0.0,19310
0.0,19311
0.0,19312
0.0,19313
0.0,19314
226.0598977011966,19315
0.0,19316
90.68074210444658,19317
1579.7112677813286,19318
0.0,19319
0.0,19320
0.0,19321
0.0,19322
0.0,19323
2.629120085272868,19324
484.4080806945593,19325
0.0,19326
0.0,19327
0.0,19328
0.0,19329
0.0,19330
0.0,19331
0.0,19332
0.0,19333
0.0,19334
0.0,19335
0.0,19336
0.0,19337
0.0,19338
0.0,19339
0.0,19340
0.0,19341
0.0,19342
0.0,19343
232.86422600198637,19344
0.0,19345
0.0,19346
0.0,19347
0.0,19348
0.0,19349
0.0,19350
0.0,19351
0.0,19352
944.4805621985013,19353
0.0,19354
0.0,19355
0.0,19356
0.0,19357
0.0,19358
0.0,19359
0.0,19360
0.0,19361
0.0,19362
0.0,19363
0.0,19364
0.0,19365
0.0,19366
0.0,19367
3730.9918701413176,19368
0.0,19369
0.0,19370
0.0,19371
0.0,19372
0.0,19373
0.0,19374
1377.836472317671,19375
165.73700158258052,19376
161.4660483813472,19377
13.429562280260486,19378
0.0,19379
0.0,19380
0.0,19381
0.0,19382
0.0,19383
0.0,19384
0.0,19385
0.0,19386
250.8098837347996,19387
0.0,19388
0.0,19389
0.0,19390
0.0,19391
0.0,19392
751.6897715717688,19393
248.68471517684895,19394
0.0,19395
0.0,19396
0.0,19397
0.0,19398
0.0,19399
3086.8612001077618,19400
0.0,19401
0.0,19402
0.0,19403
0.0,19404
0.0,19405
3310.6330034756143,19406
0.0,19407
0.0,19408
0.0,19409
0.0,19410
0.0,19411
0.0,19412
59.97517860486046,19413
0.0,19414
0.0,19415
0.0,19416
0.0,19417
0.0,19418
0.0,19419
0.0,19420
0.0,19421
0.0,19422
0.0,19423
0.0,19424
0.0,19425
0.0,19426
47.21133571093591,19427
29.299748633358828,19428
0.0,19429
0.0,19430
187.1693496145569,19431
2978.9270078114255,19432
273.6408673898626,19433
271.74096669987756,19434
1099.7850860688777,19435
508.8530186021868,19436
2213.1153964802747,19437
1006.082909076287,19438
2247.804489044439,19439
1016.3743467539274,19440
2247.7869504599007,19441
1470.8465575025157,19442
732.0075914081641,19443
1500.1944205894888,19444
1228.5699177091026,19445
0.0,19446
0.0,19447
0.0,19448
0.0,19449
0.0,19450
0.0,19451
0.0,19452
0.0,19453
0.0,19454
0.0,19455
0.0,19456
0.0,19457
0.0,19458
0.0,19459
0.0,19460
0.0,19461
0.0,19462
0.0,19463
0.0,19464
0.0,19465
0.0,19466
0.0,19467
0.0,19468
0.0,19469
0.0,19470
0.0,19471
0.0,19472
0.0,19473
0.0,19474
0.0,19475
0.0,19476
0.0,19477
0.0,19478
1716.3484131056155,19479
0.0,19480
0.0,19481
0.0,19482
0.0,19483
0.0,19484
0.0,19485
0.0,19486
0.0,19487
0.0,19488
0.0,19489
0.0,19490
0.0,19491
0.0,19492
0.0,19493
0.0,19494
360.80055358540756,19495
0.0,19496
0.0,19497
0.0,19498
0.0,19499
0.0,19500
0.0,19501
0.0,19502
0.0,19503
0.0,19504
0.0,19505
0.0,19506
364.7863128744325,19507
0.0,19508
0.0,19509
0.0,19510
872.8651631418403,19511
0.0,19512
0.0,19513
0.0,19514
739.2799842072495,19515
0.0,19516
0.0,19517
0.0,19518
0.0,19519
0.0,19520
0.0,19521
0.0,19522
1311.944077890627,19523
737.1454688825233,19524
0.0,19525
0.0,19526
0.0,19527
0.0,19528
0.0,19529
0.0,19530
0.0,19531
731.5952496080859,19532
0.0,19533
0.0,19534
0.0,19535
0.0,19536
0.0,19537
0.0,19538
355.34123799042004,19539
0.0,19540
0.0,19541
0.0,19542
0.0,19543
319.3439853266463,19544
0.0,19545
0.0,19546
0.0,19547
0.0,19548
0.0,19549
344.48204834455606,19550
0.0,19551
0.0,19552
525.784866412289,19553
0.0,19554
0.0,19555
0.0,19556
796.3679530735362,19557
0.0,19558
0.0,19559
332.8959337201285,19560
319.7848421978817,19561
0.0,19562
0.0,19563
3374.105449533808,19564
1598.372652516585,19565
0.0,19566
1611.4880259331803,19567
0.0,19568
0.0,19569
0.0,19570
0.0,19571
0.0,19572
0.0,19573
0.0,19574
0.0,19575
0.0,19576
0.0,19577
626.3103039681365,19578
0.0,19579
0.0,19580
0.0,19581
0.0,19582
0.0,19583
0.0,19584
0.0,19585
1377.1472771592491,19586
0.0,19587
0.0,19588
0.0,19589
0.0,19590
1392.5587693513166,19591
0.0,19592
0.0,19593
0.0,19594
0.0,19595
0.0,19596
0.0,19597
0.0,19598
0.0,19599
947.8190347076722,19600
0.0,19601
0.0,19602
1117.9346747092518,19603
0.0,19604
0.0,19605
0.0,19606
0.0,19607
0.0,19608
0.0,19609
0.0,19610
0.0,19611
1699.5075120228832,19612
0.0,19613
0.0,19614
0.0,19615
1714.5217667224392,19616
0.0,19617
0.0,19618
0.0,19619
0.0,19620
0.0,19621
0.0,19622
0.0,19623
0.0,19624
0.0,19625
1215.3404369396583,19626
0.0,19627
2417.4385384343786,19628
0.0,19629
0.0,19630
2706.213492975514,19631
0.0,19632
0.0,19633
0.0,19634
0.0,19635
1895.5024185525617,19636
0.0,19637
1906.234388421629,19638
0.0,19639
0.0,19640
0.0,19641
0.0,19642
0.0,19643
0.0,19644
0.0,19645
0.0,19646
663.0371981770046,19647
0.0,19648
0.0,19649
0.0,19650
1441.588014450565,19651
2398.9656929835305,19652
0.0,19653
0.0,19654
0.0,19655
0.0,19656
0.0,19657
0.0,19658
0.0,19659
0.0,19660
0.0,19661
0.0,19662
0.0,19663
0.0,19664
0.0,19665
0.0,19666
0.0,19667
0.0,19668
0.0,19669
0.0,19670
0.0,19671
0.0,19672
0.0,19673
0.0,19674
2993.4577432465803,19675
0.0,19676
0.0,19677
0.0,19678
3229.614995717859,19679
0.0,19680
0.0,19681
0.0,19682
0.0,19683
0.0,19684
431.4481089911627,19685
404.53153100384435,19686
4932.770853945449,19687
435.10388141046144,19688
405.662923760723,19689
0.0,19690
443.0204796770102,19691
0.0,19692
0.0,19693
0.0,19694
0.0,19695
0.0,19696
0.0,19697
0.0,19698
0.0,19699
1025.3420896804405,19700
0.0,19701
0.0,19702
2557.302830492179,19703
1551.1908640003219,19704
0.0,19705
8580.795244093864,19706
0.0,19707
265.7463558964027,19708
0.0,19709
0.0,19710
0.0,19711
0.0,19712
2209.8982052737088,19713
0.0,19714
0.0,19715
568.6585902384786,19716
0.0,19717
0.0,19718
0.0,19719
2498.11719477139,19720
0.0,19721
0.0,19722
0.0,19723
2473.3853421486033,19724
0.0,19725
0.0,19726
0.0,19727
1236.871226934553,19728
0.0,19729
2128.571948397741,19730
0.0,19731
0.0,19732
0.0,19733
0.0,19734
0.0,19735
0.0,19736
0.0,19737
0.0,19738
0.0,19739
563.7642079112809,19740
0.0,19741
0.0,19742
0.0,19743
1718.7729620249884,19744
0.0,19745
0.0,19746
0.0,19747
1057.987623157718,19748
0.0,19749
0.0,19750
581.6557884836853,19751
899.4589524550697,19752
1006.498056213161,19753
0.0,19754
0.0,19755
0.0,19756
0.0,19757
0.0,19758
0.0,19759
0.0,19760
0.0,19761
0.0,19762
0.0,19763
0.0,19764
0.0,19765
537.5347568707506,19766
0.0,19767
0.0,19768
0.0,19769
0.0,19770
0.0,19771
0.0,19772
0.0,19773
0.0,19774
0.0,19775
0.0,19776
0.0,19777
733.0038800339437,19778
721.076359425088,19779
0.0,19780
1867.4715928289781,19781
0.0,19782
0.0,19783
0.0,19784
0.0,19785
0.0,19786
0.0,19787
707.535140259627,19788
0.0,19789
0.0,19790
0.0,19791
2368.037092725431,19792
0.0,19793
0.0,19794
0.0,19795
2017.4045054755359,19796
0.0,19797
150.07981966205548,19798
2226.883819901571,19799
2222.296004086786,19800
0.0,19801
152.63028667029974,19802
0.0,19803
2546.166388359105,19804
0.0,19805
154.58917470523278,19806
223.95547739599547,19807
225.82588789721316,19808
217.0878327170141,19809
0.0,19810
233.7640468091825,19811
233.24431217152014,19812
229.93394098832127,19813
0.0,19814
0.0,19815
2965.4561063861415,19816
956.3464847446636,19817
245.38232713437355,19818
0.0,19819
237.72967699111376,19820
241.83155958718905,19821
256.8186012823202,19822
0.0,19823
0.0,19824
0.0,19825
363.1455792057391,19826
0.0,19827
364.5861982490473,19828
364.44493242078755,19829
23.730371332945438,19830
0.0,19831
280.07817262588736,19832
0.0,19833
0.0,19834
0.0,19835
2.83980418951331,19836
0.0,19837
0.0,19838
1.3236663838136398,19839
0.5868471976649842,19840
0.0,19841
0.0,19842
0.0,19843
0.0,19844
0.0,19845
0.0,19846
0.0,19847
0.0,19848
0.0,19849
0.0,19850
0.0,19851
0.0,19852
0.0,19853
0.0,19854
0.0,19855
0.0,19856
0.0,19857
0.0,19858
0.0,19859
0.0,19860
0.0,19861
0.0,19862
0.0,19863
0.0,19864
0.0,19865
0.0,19866
0.0,19867
0.0,19868
0.0,19869
0.0,19870
812.168311624721,19871
0.0,19872
0.0,19873
0.0,19874
0.0,19875
0.0,19876
0.0,19877
0.0,19878
0.0,19879
0.0,19880
0.0,19881
0.0,19882
0.0,19883
0.0,19884
0.0,19885
0.0,19886
0.0,19887
0.0,19888
0.0,19889
0.0,19890
0.0,19891
562.616015808072,19892
0.0,19893
0.0,19894
0.0,19895
0.0,19896
0.0,19897
0.0,19898
0.0,19899
0.0,19900
0.0,19901
0.0,19902
0.0,19903
0.0,19904
0.0,19905
0.0,19906
0.0,19907
0.0,19908
0.0,19909
0.0,19910
0.0,19911
0.0,19912
0.0,19913
0.0,19914
0.0,19915
0.0,19916
0.0,19917
0.0,19918
0.0,19919
1062.7024686879354,19920
0.0,19921
0.0,19922
0.0,19923
0.0,19924
0.0,19925
3774.7743168274233,19926
0.0,19927
0.0,19928
0.0,19929
0.0,19930
0.0,19931
0.0,19932
0.0,19933
0.0,19934
0.0,19935
0.0,19936
0.0,19937
2175.958019872546,19938
0.0,19939
0.0,19940
95.95536252421631,19941
0.0,19942
0.0,19943
0.0,19944
0.0,19945
0.0,19946
0.0,19947
0.0,19948
0.0,19949
0.0,19950
0.0,19951
0.0,19952
0.0,19953
0.0,19954
1438.5698183164802,19955
0.0,19956
0.0,19957
0.0,19958
0.0,19959
0.0,19960
0.0,19961
0.0,19962
0.0,19963
0.0,19964
0.0,19965
0.0,19966
0.0,19967
0.0,19968
0.0,19969
0.0,19970
0.0,19971
0.0,19972
0.0,19973
0.0,19974
0.0,19975
0.0,19976
0.0,19977
0.0,19978
0.0,19979
0.0,19980
0.0,19981
0.0,19982
0.0,19983
0.0,19984
0.0,19985
0.0,19986
0.0,19987
0.0,19988
0.0,19989
0.0,19990
0.0,19991
0.0,19992
0.0,19993
0.0,19994
0.0,19995
0.0,19996
0.0,19997
0.0,19998
0.0,19999
0.0,20000
0.0,20001
0.0,20002
0.0,20003
0.0,20004
0.0,20005
0.0,20006
0.0,20007
0.0,20008
0.0,20009
0.0,20010
0.0,20011
0.0,20012
0.0,20013
0.0,20014
0.0,20015
0.0,20016
0.0,20017
0.0,20018
0.0,20019
1377.951134867326,20020
0.0,20021
0.0,20022
0.0,20023
0.0,20024
0.0,20025
0.0,20026
0.0,20027
0.0,20028
0.0,20029
0.0,20030
0.0,20031
0.0,20032
0.0,20033
0.0,20034
0.0,20035
0.0,20036
348.6552233968372,20037
668.3502314151306,20038
0.0,20039
0.0,20040
0.0,20041
674.3555954423286,20042
0.0,20043
0.0,20044
0.0,20045
0.0,20046
930.0081292546689,20047
0.0,20048
931.5286436799445,20049
1066.7130533236468,20050
0.0,20051
1589.3723989471941,20052
0.0,20053
0.0,20054
1452.5414085476384,20055
0.0,20056
535.0164014615522,20057
1587.2374595172978,20058
0.0,20059
953.1818139411582,20060
942.0029602256301,20061
0.0,20062
0.0,20063
1606.522993541891,20064
0.0,20065
0.0,20066
0.0,20067
1692.8387664657494,20068
0.0,20069
0.0,20070
1200.8571810638155,20071
0.0,20072
942.0755531735632,20073
987.3968248691233,20074
2060.647304031433,20075
0.0,20076
440.63669200418616,20077
127.52108020666321,20078
1165.7602923768582,20079
0.0,20080
2143.4094009791565,20081
0.0,20082
0.0,20083
579.041838473074,20084
0.0,20085
0.0,20086
0.0,20087
6204.574553018618,20088
146.81489965601125,20089
0.0,20090
0.0,20091
0.0,20092
0.0,20093
0.0,20094
0.0,20095
0.0,20096
854.8859513155102,20097
926.3539347155914,20098
0.0,20099
0.0,20100
0.0,20101
0.0,20102
0.0,20103
0.0,20104
0.0,20105
0.0,20106
0.0,20107
2474.771497378774,20108
0.0,20109
0.0,20110
3503.676637394033,20111
0.0,20112
0.0,20113
0.0,20114
0.0,20115
0.0,20116
0.0,20117
0.0,20118
0.0,20119
0.0,20120
0.0,20121
0.0,20122
0.0,20123
0.0,20124
0.0,20125
0.0,20126
0.0,20127
0.0,20128
0.0,20129
0.0,20130
0.0,20131
0.0,20132
0.0,20133
7636.176851590486,20134
0.0,20135
0.0,20136
0.0,20137
0.0,20138
0.0,20139
0.0,20140
812.5396266912725,20141
2921.3161316611427,20142
0.0,20143
0.0,20144
0.0,20145
0.0,20146
0.0,20147
0.0,20148
0.0,20149
1017.5359913401226,20150
0.0,20151
0.0,20152
0.0,20153
0.0,20154
0.0,20155
0.0,20156
0.0,20157
0.0,20158
0.0,20159
0.0,20160
0.0,20161
304.9670370984944,20162
715.7754627116568,20163
698.568824131896,20164
0.0,20165
0.0,20166
0.0,20167
671.3223710050323,20168
0.0,20169
0.0,20170
859.2009841123748,20171
409.3506430333191,20172
0.0,20173
0.0,20174
0.0,20175
605.0761748204745,20176
579.8636142098517,20177
3284.767027804078,20178
0.0,20179
1718.1792137164925,20180
652.0918747882162,20181
1161.4263072894125,20182
0.0,20183
0.0,20184
0.0,20185
0.0,20186
0.0,20187
0.0,20188
588.3157568509487,20189
438.9312164033496,20190
0.0,20191
784.1774109047876,20192
0.0,20193
0.0,20194
0.0,20195
0.0,20196
0.0,20197
0.0,20198
0.0,20199
0.0,20200
0.0,20201
0.0,20202
0.0,20203
1681.2458310159866,20204
1670.124897351881,20205
0.0,20206
0.0,20207
0.0,20208
0.0,20209
867.76125658636,20210
0.0,20211
0.0,20212
0.0,20213
0.0,20214
0.0,20215
909.036992578704,20216
0.0,20217
0.0,20218
1088.695941202333,20219
0.0,20220
0.0,20221
0.0,20222
0.0,20223
0.0,20224
618.3056200346443,20225
0.0,20226
0.0,20227
2877.2359836484934,20228
2851.249639020921,20229
2826.6899078846827,20230
0.0,20231
4002.2334415138143,20232
0.0,20233
0.0,20234
0.0,20235
681.3767028760782,20236
0.0,20237
204.4936308433034,20238
1887.1569656591078,20239
2520.627319363023,20240
2502.41031843369,20241
0.0,20242
4488.039215921784,20243
0.0,20244
2485.8219257890983,20245
2473.5751603651174,20246
0.0,20247
0.0,20248
2461.135432363241,20249
6081.310808789309,20250
0.0,20251
0.0,20252
0.0,20253
566.6141473500028,20254
0.0,20255
0.0,20256
0.0,20257
0.0,20258
0.0,20259
0.0,20260
0.0,20261
0.0,20262
0.0,20263
1879.1750972324296,20264
0.0,20265
0.0,20266
2556.0202104212167,20267
255.497547905514,20268
0.0,20269
1662.4864610959557,20270
1686.785571963348,20271
783.6438508481376,20272
0.0,20273
739.4495900488782,20274
748.6904806138341,20275
0.0,20276
0.0,20277
2329.4448281905975,20278
0.0,20279
0.0,20280
182.01251585190244,20281
0.0,20282
0.0,20283
0.0,20284
780.5845492832962,20285
433.64857245139103,20286
622.8144552735899,20287
459.10904032792814,20288
0.0,20289
374.51387593814064,20290
0.0,20291
0.0,20292
0.0,20293
0.0,20294
0.0,20295
0.0,20296
388.13395312916333,20297
0.0,20298
68.75117799369484,20299
0.0,20300
0.0,20301
0.0,20302
258.2012307072007,20303
0.0,20304
8707.382899944696,20305
0.0,20306
0.0,20307
0.0,20308
0.0,20309
0.0,20310
0.0,20311
0.0,20312
0.0,20313
0.0,20314
0.0,20315
1176.1706683690834,20316
0.0,20317
0.0,20318
0.0,20319
0.0,20320
0.0,20321
0.0,20322
0.0,20323
0.0,20324
0.0,20325
0.0,20326
1036.8649639041387,20327
0.0,20328
0.0,20329
0.0,20330
0.0,20331
0.0,20332
0.0,20333
0.0,20334
0.0,20335
0.0,20336
0.0,20337
0.0,20338
0.0,20339
733.7203941203005,20340
0.0,20341
0.0,20342
0.0,20343
0.0,20344
0.0,20345
0.0,20346
0.0,20347
0.0,20348
0.0,20349
0.0,20350
0.0,20351
0.0,20352
0.0,20353
0.0,20354
0.0,20355
0.0,20356
71.39107654280589,20357
0.0,20358
0.0,20359
0.0,20360
353.3296041517491,20361
0.0,20362
315.10777320237656,20363
0.0,20364
0.0,20365
0.0,20366
0.0,20367
0.0,20368
739.8128871296136,20369
0.0,20370
0.0,20371
0.0,20372
0.0,20373
0.0,20374
181.55662975373798,20375
535.3872293292224,20376
0.0,20377
25.971265426962162,20378
257.2219839774797,20379
9490.542712064776,20380
0.0,20381
0.0,20382
0.0,20383
0.0,20384
0.0,20385
0.0,20386
0.0,20387
0.0,20388
0.0,20389
1174.7758524027852,20390
0.0,20391
0.0,20392
0.0,20393
0.0,20394
0.0,20395
0.0,20396
0.0,20397
0.0,20398
0.0,20399
0.0,20400
0.0,20401
1095.119424485409,20402
0.0,20403
0.0,20404
0.0,20405
0.0,20406
0.0,20407
26.570237381113014,20408
107.54866756643807,20409
2666.8024269826888,20410
22.465009813185603,20411
648.8264040049679,20412
661.4822177573009,20413
0.0,20414
0.0,20415
0.0,20416
0.0,20417
0.0,20418
0.0,20419
0.0,20420
0.0,20421
0.0,20422
0.0,20423
0.0,20424
0.0,20425
0.0,20426
0.0,20427
0.0,20428
0.0,20429
0.0,20430
0.0,20431
379.78672014458033,20432
0.0,20433
0.0,20434
0.0,20435
0.0,20436
0.0,20437
0.0,20438
0.0,20439
0.0,20440
0.0,20441
0.0,20442
0.0,20443
0.0,20444
0.0,20445
0.0,20446
0.0,20447
0.0,20448
0.0,20449
0.0,20450
0.0,20451
0.0,20452
0.0,20453
0.0,20454
380.4945883247605,20455
0.0,20456
378.8767339513444,20457
0.0,20458
0.0,20459
375.39372437581284,20460
0.0,20461
0.0,20462
110.94472810763442,20463
778.8426817855822,20464
0.0,20465
0.0,20466
0.0,20467
48.213156650175385,20468
0.0,20469
0.0,20470
0.0,20471
0.0,20472
0.0,20473
0.0,20474
0.0,20475
0.0,20476
0.0,20477
0.0,20478
0.0,20479
0.0,20480
21.401112193982225,20481
0.0,20482
0.0,20483
0.0,20484
1969.7513007515652,20485
2436.32423324745,20486
0.0,20487
2430.4267930321307,20488
0.0,20489
0.0,20490
0.0,20491
2422.4890337305524,20492
0.0,20493
0.0,20494
0.0,20495
0.0,20496
0.0,20497
0.0,20498
0.0,20499
0.0,20500
0.0,20501
0.0,20502
0.0,20503
0.0,20504
0.0,20505
0.0,20506
0.0,20507
0.0,20508
0.0,20509
0.0,20510
1212.482473839933,20511
0.0,20512
0.0,20513
0.0,20514
0.0,20515
0.0,20516
0.0,20517
249.77098772402852,20518
1418.383989940729,20519
0.0,20520
0.0,20521
688.7022708650894,20522
0.0,20523
0.0,20524
0.0,20525
0.0,20526
179.7598233576012,20527
0.0,20528
0.0,20529
0.0,20530
0.0,20531
0.0,20532
0.0,20533
0.0,20534
1576.043370662433,20535
1155.4637769131825,20536
3514.5349102124333,20537
818.1212750044634,20538
0.0,20539
830.9685885349008,20540
568.8498361235531,20541
561.8068262124549,20542
0.0,20543
0.0,20544
0.0,20545
0.0,20546
0.0,20547
553.4824150602589,20548
0.0,20549
0.0,20550
0.0,20551
0.0,20552
0.0,20553
0.0,20554
0.0,20555
0.0,20556
280.4728220447388,20557
258.5197580322654,20558
0.0,20559
0.0,20560
3074.922295307308,20561
0.0,20562
602.865251848148,20563
676.0247218176952,20564
0.0,20565
0.0,20566
0.0,20567
2315.03670165187,20568
1272.696743233584,20569
0.0,20570
328.62480053751796,20571
0.0,20572
0.0,20573
2231.971400585009,20574
0.0,20575
0.0,20576
0.0,20577
0.0,20578
1957.101513192116,20579
78.75007093112252,20580
1947.8326922281972,20581
4026.6817261351143,20582
4352.285690127929,20583
1368.003886759877,20584
0.0,20585
1765.5129065230915,20586
0.0,20587
0.0,20588
0.0,20589
0.0,20590
0.0,20591
0.0,20592
0.0,20593
1225.230542453981,20594
1270.7039434695664,20595
0.0,20596
0.0,20597
0.0,20598
0.0,20599
0.0,20600
796.1167943874697,20601
0.0,20602
0.0,20603
0.0,20604
0.0,20605
0.0,20606
114.86639578896344,20607
0.0,20608
0.0,20609
0.0,20610
0.0,20611
0.0,20612
16.503538954325883,20613
387.1869927302304,20614
0.0,20615
51.02420467884891,20616
0.0,20617
0.0,20618
0.0,20619
0.0,20620
0.0,20621
0.0,20622
734.850557464438,20623
0.0,20624
0.0,20625
16.345767213675607,20626
0.0,20627
0.0,20628
0.0,20629
0.0,20630
0.0,20631
0.0,20632
729.0341492595902,20633
0.0,20634
722.085557086697,20635
0.0,20636
0.0,20637
0.0,20638
0.0,20639
0.0,20640
0.0,20641
0.0,20642
0.0,20643
0.0,20644
0.0,20645
0.0,20646
0.0,20647
0.0,20648
0.0,20649
0.0,20650
0.0,20651
0.0,20652
404.7761012361067,20653
433.3204310351057,20654
0.0,20655
0.0,20656
2939.264805725463,20657
3605.8423551175392,20658
0.0,20659
0.0,20660
378.3431125254545,20661
0.0,20662
0.0,20663
0.0,20664
0.0,20665
0.0,20666
0.0,20667
6890.837025451625,20668
991.6304233595205,20669
0.0,20670
0.0,20671
0.0,20672
0.0,20673
0.0,20674
96.27971568988562,20675
0.0,20676
0.0,20677
0.0,20678
0.0,20679
732.006896448819,20680
0.0,20681
0.0,20682
0.0,20683
0.0,20684
0.0,20685
0.0,20686
0.0,20687
0.0,20688
0.0,20689
0.0,20690
0.0,20691
0.0,20692
1974.1047215239512,20693
434.4485543869535,20694
0.0,20695
903.3860288677736,20696
0.0,20697
911.2844225182668,20698
0.0,20699
0.0,20700
919.548415662065,20701
0.0,20702
362.90889989797967,20703
87.50204161157366,20704
0.0,20705
0.0,20706
386.934884330603,20707
0.0,20708
0.0,20709
342.20626798560556,20710
685.5555460402268,20711
0.0,20712
0.0,20713
0.0,20714
1282.7275757796515,20715
0.0,20716
0.0,20717
0.0,20718
0.0,20719
0.0,20720
1759.7871626571052,20721
1380.5722217932005,20722
617.0964135333821,20723
0.0,20724
0.0,20725
0.0,20726
0.0,20727
991.4214029411103,20728
0.0,20729
0.0,20730
1081.6167422232186,20731
997.9732176644497,20732
0.0,20733
0.0,20734
0.0,20735
0.0,20736
81.36075648343994,20737
85.1263741749696,20738
0.0,20739
190.0318964342636,20740
0.0,20741
0.0,20742
1932.1518207435745,20743
0.0,20744
0.0,20745
0.0,20746
0.0,20747
0.0,20748
0.0,20749
0.0,20750
0.0,20751
0.0,20752
0.0,20753
0.0,20754
643.6505635935586,20755
0.0,20756
0.0,20757
0.0,20758
0.0,20759
0.0,20760
104.22066771393061,20761
1611.6115832797093,20762
0.0,20763
0.0,20764
0.0,20765
623.5345054778386,20766
0.0,20767
0.0,20768
0.0,20769
80.32401586898514,20770
0.0,20771
0.0,20772
0.0,20773
0.0,20774
0.0,20775
0.0,20776
0.0,20777
0.0,20778
0.0,20779
0.0,20780
0.0,20781
0.0,20782
0.0,20783
0.0,20784
0.0,20785
0.0,20786
0.0,20787
0.0,20788
0.0,20789
0.0,20790
0.0,20791
0.0,20792
0.0,20793
0.0,20794
0.0,20795
0.0,20796
0.0,20797
0.0,20798
401.1387349682678,20799
0.0,20800
0.0,20801
0.0,20802
0.0,20803
0.0,20804
0.0,20805
0.0,20806
0.0,20807
0.0,20808
0.0,20809
0.0,20810
0.0,20811
0.0,20812
0.0,20813
0.0,20814
0.0,20815
0.0,20816
0.0,20817
0.0,20818
5478.077298491004,20819
0.0,20820
511.97984059061207,20821
0.0,20822
0.8022305152850486,20823
0.26691053978474527,20824
4.723133234263924,20825
0.0,20826
0.0,20827
0.0,20828
0.0,20829
0.0,20830
0.0,20831
0.0,20832
0.0,20833
0.0,20834
0.0,20835
0.0,20836
0.0,20837
0.0,20838
1444.4966761611638,20839
0.0,20840
0.0,20841
0.0,20842
0.0,20843
0.0,20844
0.0,20845
0.0,20846
0.0,20847
0.0,20848
0.0,20849
0.0,20850
226.55273512646403,20851
0.0,20852
0.0,20853
0.0,20854
0.0,20855
0.0,20856
0.0,20857
0.0,20858
1253.8107094974303,20859
0.0,20860
127.93868899835448,20861
0.0,20862
0.0,20863
0.0,20864
0.0,20865
0.0,20866
0.0,20867
0.0,20868
0.0,20869
0.0,20870
0.0,20871
0.0,20872
0.0,20873
0.0,20874
0.0,20875
0.0,20876
0.0,20877
0.0,20878
0.0,20879
0.0,20880
0.0,20881
0.0,20882
0.0,20883
0.0,20884
0.0,20885
0.0,20886
0.0,20887
1065.9391999953689,20888
0.0,20889
0.0,20890
0.0,20891
0.0,20892
0.0,20893
0.0,20894
0.0,20895
102.18341109021598,20896
106.8344799788313,20897
111.35638303369156,20898
115.41540711804423,20899
0.0,20900
0.0,20901
0.0,20902
0.0,20903
0.0,20904
0.0,20905
559.8817529225691,20906
0.0,20907
561.9190989064399,20908
561.9532976952295,20909
195.58465584969622,20910
0.0,20911
0.0,20912
0.0,20913
0.0,20914
0.0,20915
0.0,20916
0.0,20917
0.0,20918
0.0,20919
0.0,20920
0.0,20921
0.0,20922
0.0,20923
0.0,20924
0.0,20925
0.0,20926
0.0,20927
0.0,20928
0.0,20929
0.0,20930
0.0,20931
0.0,20932
0.0,20933
0.0,20934
0.0,20935
0.0,20936
384.49415363198614,20937
0.0,20938
0.0,20939
0.0,20940
0.0,20941
0.0,20942
0.0,20943
0.0,20944
0.0,20945
0.0,20946
0.0,20947
0.0,20948
1564.4688803184386,20949
0.0,20950
0.0,20951
0.0,20952
0.0,20953
0.0,20954
0.0,20955
0.0,20956
0.0,20957
0.0,20958
0.0,20959
0.0,20960
0.0,20961
0.0,20962
0.0,20963
0.0,20964
0.0,20965
0.0,20966
0.0,20967
0.0,20968
0.0,20969
0.0,20970
0.0,20971
0.0,20972
0.0,20973
0.0,20974
0.0,20975
0.0,20976
0.0,20977
0.0,20978
0.0,20979
0.0,20980
0.0,20981
0.0,20982
0.0,20983
0.0,20984
0.0,20985
0.0,20986
0.0,20987
763.0094286075251,20988
643.4710438667875,20989
0.0,20990
0.0,20991
0.0,20992
0.0,20993
0.0,20994
0.0,20995
6223.534870143714,20996
0.0,20997
1950.0148133245305,20998
0.0,20999
0.0,21000
0.0,21001
0.0,21002
0.0,21003
0.0,21004
2991.1739429738686,21005
5946.374305217794,21006
0.0,21007
0.0,21008
0.0,21009
0.0,21010
0.0,21011
0.0,21012
0.0,21013
0.0,21014
0.0,21015
0.0,21016
0.0,21017
0.0,21018
0.0,21019
0.0,21020
0.0,21021
336.24654056507404,21022
859.7429603242654,21023
0.0,21024
0.0,21025
2119.5925092372195,21026
0.0,21027
0.0,21028
0.0,21029
0.0,21030
0.0,21031
0.0,21032
0.0,21033
0.0,21034
0.0,21035
0.0,21036
0.0,21037
0.0,21038
0.0,21039
0.0,21040
0.0,21041
0.0,21042
0.0,21043
0.0,21044
0.0,21045
0.0,21046
0.0,21047
0.0,21048
0.0,21049
0.0,21050
0.0,21051
0.0,21052
0.0,21053
0.0,21054
0.0,21055
0.0,21056
0.0,21057
1076.3258022877708,21058
0.0,21059
0.0,21060
0.0,21061
0.0,21062
0.0,21063
0.0,21064
0.0,21065
0.0,21066
0.0,21067
0.0,21068
0.0,21069
0.0,21070
0.0,21071
0.0,21072
0.0,21073
0.0,21074
30.535468540377195,21075
0.0,21076
0.0,21077
0.0,21078
0.0,21079
0.0,21080
177.7091526878362,21081
1362.7423988092926,21082
503.5703226551675,21083
0.0,21084
0.0,21085
0.0,21086
0.0,21087
0.0,21088
255.74145929010174,21089
0.0,21090
0.0,21091
0.0,21092
3447.3769627388738,21093
504.763127599288,21094
0.0,21095
0.0,21096
672.4012300931311,21097
1721.4426706646796,21098
4468.589828488128,21099
1153.35640590845,21100
4449.262942341613,21101
2700.996131573217,21102
1353.4977722723706,21103
0.0,21104
2352.6168112123473,21105
0.0,21106
0.0,21107
0.0,21108
0.0,21109
0.0,21110
0.0,21111
0.0,21112
1007.9994212613163,21113
0.0,21114
0.0,21115
0.0,21116
0.0,21117
0.0,21118
3125.008728019339,21119
0.0,21120
3129.8224653849375,21121
2509.962901146402,21122
2223.9247692764757,21123
2219.8456246916303,21124
1885.6150859133945,21125
0.0,21126
189.11235769245488,21127
4319.044133226604,21128
0.0,21129
2311.901007142599,21130
0.0,21131
0.0,21132
0.0,21133
0.0,21134
0.0,21135
1241.04289761286,21136
0.0,21137
0.0,21138
0.0,21139
0.0,21140
0.0,21141
0.0,21142
0.0,21143
0.0,21144
1320.7147607525535,21145
0.0,21146
1953.4849129507825,21147
0.0,21148
757.3883647032421,21149
0.0,21150
0.0,21151
3732.3973098933275,21152
0.0,21153
0.0,21154
0.0,21155
0.0,21156
817.0454937728507,21157
0.0,21158
187.8612813758945,21159
0.0,21160
0.0,21161
7.969862539926291,21162
2111.585654173474,21163
574.1436261457587,21164
0.0,21165
185.00518323944465,21166
646.0410393120353,21167
251.19933554050286,21168
1317.3653031446902,21169
2328.544998681637,21170
5904.608022327524,21171
2327.06538037887,21172
1364.683991876552,21173
1320.9560911923393,21174
2174.045284035537,21175
2015.2234555026291,21176
611.2839147968524,21177
621.938102177341,21178
632.2538896089411,21179
0.0,21180
642.2733903316608,21181
0.0,21182
0.0,21183
0.0,21184
975.7009068030404,21185
650.5622501806969,21186
1325.5259162009804,21187
0.0,21188
962.4800213401013,21189
1346.7843063317202,21190
0.0,21191
0.0,21192
0.0,21193
2526.6088273557616,21194
0.0,21195
0.0,21196
0.0,21197
0.0,21198
0.0,21199
0.0,21200
0.0,21201
458.6088195289101,21202
0.0,21203
296.3796479091493,21204
0.0,21205
0.0,21206
0.0,21207
0.0,21208
0.0,21209
3302.9922111979777,21210
0.0,21211
124.54388200213074,21212
0.0,21213
0.0,21214
0.0,21215
0.0,21216
0.0,21217
0.0,21218
0.0,21219
0.0,21220
2768.972436928915,21221
0.0,21222
0.0,21223
0.0,21224
0.0,21225
0.0,21226
179.11992085816058,21227
1102.528283886764,21228
863.4901973338945,21229
0.0,21230
0.0,21231
699.4589454600973,21232
532.2116079436139,21233
0.0,21234
0.0,21235
0.0,21236
1132.423364659676,21237
0.0,21238
0.0,21239
1060.0663750311542,21240
898.2457927283076,21241
1120.004289255655,21242
0.0,21243
0.0,21244
0.0,21245
0.0,21246
0.0,21247
0.0,21248
0.0,21249
0.0,21250
0.0,21251
0.0,21252
0.0,21253
0.0,21254
697.4775134936184,21255
0.0,21256
344.37155929038346,21257
695.3122872840255,21258
0.0,21259
690.2684893027515,21260
0.0,21261
0.0,21262
763.6994208998277,21263
0.0,21264
479.8756023715731,21265
0.0,21266
0.0,21267
0.0,21268
545.449838300675,21269
0.0,21270
387.61116360064364,21271
0.0,21272
0.0,21273
0.0,21274
0.0,21275
379.93073019149045,21276
0.0,21277
0.0,21278
0.0,21279
0.0,21280
0.0,21281
0.0,21282
0.0,21283
989.9914394738393,21284
0.0,21285
1497.6465728463922,21286
0.0,21287
0.0,21288
0.0,21289
0.0,21290
0.0,21291
0.0,21292
1014.4296587648288,21293
0.0,21294
76.87839080482797,21295
0.0,21296
0.0,21297
0.0,21298
0.0,21299
2016.9058275574066,21300
248.04478902887809,21301
0.0,21302
0.0,21303
0.0,21304
0.0,21305
0.0,21306
0.0,21307
0.0,21308
0.0,21309
0.0,21310
0.0,21311
0.0,21312
0.0,21313
0.0,21314
0.0,21315
0.0,21316
0.0,21317
0.0,21318
0.0,21319
0.0,21320
0.0,21321
0.0,21322
0.0,21323
0.0,21324
0.0,21325
5033.643020714306,21326
0.0,21327
0.0,21328
0.0,21329
0.0,21330
0.0,21331
0.0,21332
0.0,21333
0.0,21334
5027.5043353581395,21335
0.0,21336
0.0,21337
0.0,21338
2033.6125116495307,21339
1237.325741596751,21340
0.0,21341
0.0,21342
0.0,21343
0.0,21344
0.0,21345
0.0,21346
0.0,21347
0.0,21348
0.0,21349
0.0,21350
0.0,21351
0.0,21352
0.0,21353
0.0,21354
0.0,21355
0.0,21356
0.0,21357
0.0,21358
0.0,21359
0.0,21360
0.0,21361
0.0,21362
1791.7366947228338,21363
0.0,21364
0.0,21365
0.0,21366
0.0,21367
0.0,21368
0.0,21369
0.0,21370
0.0,21371
0.0,21372
0.0,21373
0.0,21374
0.0,21375
0.0,21376
0.0,21377
0.0,21378
0.0,21379
0.0,21380
0.0,21381
0.0,21382
793.8553208344558,21383
0.0,21384
0.0,21385
0.0,21386
0.0,21387
3777.727014787103,21388
0.0,21389
3768.4062104576205,21390
5296.450137390213,21391
927.8652953087276,21392
0.0,21393
5289.687431409813,21394
1237.8623409353622,21395
554.1990326394027,21396
2434.4586808996855,21397
0.0,21398
995.1013267281053,21399
3522.1492387939143,21400
1010.0622873876875,21401
0.0,21402
192.44479663331617,21403
736.3004019388716,21404
2900.2131395917227,21405
2890.384260700364,21406
739.0425284996167,21407
151.92330336657443,21408
152.4361101972612,21409
1794.9060517956898,21410
8707.409477438134,21411
1916.3662292115093,21412
104.85215989607416,21413
799.1418866230431,21414
0.0,21415
110.56714881953496,21416
970.8368058256752,21417
0.0,21418
0.0,21419
0.0,21420
0.0,21421
0.0,21422
0.0,21423
1017.4613205717004,21424
0.0,21425
0.0,21426
113.69136425135555,21427
0.0,21428
0.0,21429
0.0,21430
0.0,21431
0.0,21432
0.0,21433
0.0,21434
0.0,21435
0.0,21436
0.0,21437
0.0,21438
0.0,21439
0.0,21440
0.0,21441
0.0,21442
0.0,21443
0.0,21444
0.0,21445
1123.6873898953602,21446
0.0,21447
406.17110089328116,21448
1121.0953359109944,21449
2284.8074090447044,21450
1122.5201072688103,21451
2167.549285807138,21452
2445.329960743065,21453
2607.2872957520995,21454
0.0,21455
0.0,21456
0.0,21457
0.0,21458
0.0,21459
0.0,21460
0.0,21461
0.0,21462
424.7869998759608,21463
0.0,21464
0.0,21465
0.0,21466
1844.4744575610107,21467
0.0,21468
0.0,21469
0.0,21470
0.0,21471
432.93632231787217,21472
0.0,21473
894.8553810803164,21474
0.0,21475
0.0,21476
0.0,21477
0.0,21478
0.0,21479
0.0,21480
0.0,21481
0.0,21482
0.0,21483
0.0,21484
0.0,21485
0.0,21486
0.0,21487
0.0,21488
0.0,21489
122.26423600238904,21490
0.0,21491
0.0,21492
0.0,21493
0.0,21494
0.0,21495
0.0,21496
0.0,21497
0.0,21498
0.0,21499
0.0,21500
0.0,21501
0.0,21502
0.0,21503
0.0,21504
0.0,21505
221.4031069346239,21506
0.0,21507
0.0,21508
0.0,21509
0.0,21510
0.0,21511
0.0,21512
0.0,21513
0.0,21514
0.0,21515
0.0,21516
0.0,21517
0.0,21518
0.0,21519
0.0,21520
0.0,21521
0.0,21522
0.0,21523
0.0,21524
0.0,21525
0.0,21526
1744.789073518948,21527
0.0,21528
0.0,21529
0.0,21530
0.0,21531
0.0,21532
0.0,21533
0.0,21534
0.0,21535
0.0,21536
0.0,21537
0.0,21538
0.0,21539
0.0,21540
0.0,21541
0.0,21542
0.0,21543
0.0,21544
0.0,21545
0.0,21546
0.0,21547
0.0,21548
0.0,21549
0.0,21550
0.0,21551
0.0,21552
0.0,21553
0.0,21554
0.0,21555
0.0,21556
0.0,21557
0.0,21558
0.0,21559
0.0,21560
0.0,21561
0.0,21562
0.0,21563
0.0,21564
0.0,21565
0.0,21566
0.0,21567
0.0,21568
0.0,21569
0.0,21570
0.0,21571
0.0,21572
0.0,21573
0.0,21574
0.0,21575
0.0,21576
0.0,21577
0.0,21578
0.0,21579
0.0,21580
0.0,21581
0.0,21582
0.0,21583
0.0,21584
0.0,21585
0.0,21586
0.0,21587
0.0,21588
0.0,21589
0.0,21590
0.0,21591
0.0,21592
0.0,21593
0.0,21594
764.6954339273946,21595
747.6838205521265,21596
0.0,21597
0.0,21598
0.0,21599
0.0,21600
0.0,21601
0.0,21602
0.0,21603
0.0,21604
0.0,21605
0.0,21606
0.0,21607
0.0,21608
0.0,21609
0.0,21610
0.0,21611
0.0,21612
0.0,21613
0.0,21614
0.0,21615
0.0,21616
0.0,21617
0.0,21618
0.0,21619
0.0,21620
0.0,21621
0.0,21622
0.0,21623
0.0,21624
0.0,21625
0.0,21626
0.0,21627
0.0,21628
526.8599022519882,21629
0.0,21630
0.0,21631
661.4481435699764,21632
0.0,21633
0.0,21634
0.0,21635
0.0,21636
0.0,21637
0.0,21638
0.0,21639
0.0,21640
2250.2409292223233,21641
0.0,21642
0.0,21643
0.0,21644
1744.0752658018146,21645
2958.7126097918026,21646
0.0,21647
0.0,21648
0.0,21649
0.0,21650
0.0,21651
0.0,21652
0.0,21653
0.0,21654
0.0,21655
0.0,21656
0.0,21657
523.9048568987791,21658
0.0,21659
0.0,21660
1440.1651164589307,21661
3625.801580176844,21662
709.7427446556244,21663
3608.760317827954,21664
0.0,21665
0.0,21666
0.0,21667
163.30479494450765,21668
798.2449795155954,21669
0.0,21670
332.92139972751977,21671
3243.757191746415,21672
0.0,21673
0.0,21674
2028.8513465353446,21675
1209.8695577633512,21676
0.0,21677
58.92912152819408,21678
0.0,21679
210.93823295285657,21680
0.0,21681
0.0,21682
0.0,21683
157.0964342021896,21684
0.0,21685
0.0,21686
0.0,21687
0.0,21688
0.0,21689
973.1820550527659,21690
379.8381210948995,21691
1161.8418535311987,21692
268.95321110487856,21693
0.0,21694
768.9661759669331,21695
0.0,21696
0.0,21697
0.0,21698
0.0,21699
0.0,21700
0.0,21701
0.0,21702
0.0,21703
0.0,21704
0.0,21705
1119.1034326652534,21706
0.0,21707
0.0,21708
0.0,21709
637.9109410021041,21710
0.0,21711
0.0,21712
0.0,21713
1104.4479545018366,21714
1385.5436949332498,21715
1086.5212257751064,21716
1172.850583215093,21717
990.3077424134755,21718
0.0,21719
0.0,21720
0.0,21721
0.0,21722
0.0,21723
1369.4439367470923,21724
1013.6466796033892,21725
716.2911606659353,21726
0.0,21727
0.0,21728
0.0,21729
1573.9939725701827,21730
0.0,21731
1890.5127071478635,21732
0.0,21733
0.0,21734
1025.7663721662566,21735
1010.3667943481533,21736
0.0,21737
0.0,21738
0.0,21739
1289.2310593074192,21740
0.0,21741
0.0,21742
0.0,21743
4303.790998928977,21744
3029.601916456724,21745
0.0,21746
1506.8315341044201,21747
0.0,21748
4094.7200860113567,21749
0.0,21750
1499.2379455729365,21751
3035.2102205312754,21752
0.0,21753
0.0,21754
0.0,21755
1514.412533514838,21756
1503.1274350377503,21757
3036.7035967313464,21758
1186.4826064619274,21759
1489.6642315945658,21760
1597.078686787971,21761
0.0,21762
3039.252209705695,21763
1405.254109058675,21764
0.0,21765
0.0,21766
997.0968807246627,21767
0.0,21768
0.0,21769
521.6447346397762,21770
0.0,21771
2738.101476739195,21772
2467.341494232222,21773
2385.955492842348,21774
2603.440715899512,21775
2363.1219565241827,21776
2350.587526813119,21777
0.0,21778
0.0,21779
715.8812140521968,21780
2988.1847164748806,21781
0.06682730600779309,21782
528.1398675352266,21783
0.0,21784
0.0,21785
397.61328505387104,21786
0.0,21787
0.0,21788
51.001263381065726,21789
2157.6297938651237,21790
0.0,21791
0.0,21792
0.0,21793
0.0,21794
0.0,21795
0.0,21796
0.0,21797
0.0,21798
0.0,21799
0.0,21800
0.0,21801
0.0,21802
0.0,21803
0.0,21804
0.0,21805
0.0,21806
0.0,21807
0.0,21808
0.0,21809
0.0,21810
3114.633504839064,21811
0.0,21812
0.0,21813
0.0,21814
0.0,21815
0.0,21816
0.0,21817
0.0,21818
0.0,21819
0.0,21820
0.0,21821
0.0,21822
0.0,21823
0.0,21824
0.0,21825
0.0,21826
0.0,21827
0.0,21828
0.0,21829
0.0,21830
0.0,21831
0.0,21832
561.6866630670568,21833
0.0,21834
0.0,21835
0.0,21836
0.0,21837
0.0,21838
0.0,21839
0.0,21840
0.0,21841
0.0,21842
0.0,21843
0.0,21844
0.0,21845
0.0,21846
0.0,21847
0.0,21848
0.0,21849
0.0,21850
0.0,21851
0.0,21852
0.0,21853
0.0,21854
0.0,21855
0.0,21856
0.0,21857
0.0,21858
0.0,21859
0.0,21860
10.193752666623984,21861
255.90127218685092,21862
0.0,21863
962.2254767175906,21864
0.0,21865
0.0,21866
0.0,21867
0.0,21868
0.0,21869
0.0,21870
0.0,21871
0.0,21872
0.0,21873
0.0,21874
0.0,21875
0.0,21876
0.0,21877
0.0,21878
0.0,21879
0.0,21880
0.0,21881
0.0,21882
0.0,21883
755.0362887943219,21884
0.0,21885
0.0,21886
0.0,21887
0.0,21888
0.0,21889
0.0,21890
554.5104769874381,21891
974.2714502850903,21892
956.1027334490122,21893
0.0,21894
0.0,21895
141.26163369175123,21896
0.0,21897
0.0,21898
0.0,21899
0.0,21900
0.0,21901
939.5069194844849,21902
924.4085459291979,21903
0.0,21904
0.0,21905
0.0,21906
0.0,21907
0.0,21908
0.0,21909
0.0,21910
0.0,21911
0.0,21912
0.0,21913
0.0,21914
0.0,21915
0.0,21916
0.0,21917
545.1314940725287,21918
0.0,21919
0.0,21920
0.0,21921
0.0,21922
0.0,21923
0.0,21924
1354.3384050059087,21925
0.0,21926
0.0,21927
0.0,21928
0.0,21929
0.0,21930
0.0,21931
0.0,21932
0.0,21933
0.0,21934
0.0,21935
0.0,21936
0.0,21937
0.0,21938
0.0,21939
0.0,21940
0.0,21941
0.0,21942
0.0,21943
0.0,21944
0.0,21945
0.0,21946
0.0,21947
0.0,21948
0.0,21949
0.0,21950
0.0,21951
0.0,21952
0.0,21953
0.0,21954
0.0,21955
0.0,21956
0.0,21957
0.0,21958
0.0,21959
0.0,21960
383.60427836666196,21961
0.0,21962
386.5313571977775,21963
0.0,21964
0.0,21965
0.0,21966
627.5202152042755,21967
0.0,21968
0.0,21969
0.0,21970
0.0,21971
78.11231109355725,21972
386.1589059495163,21973
0.0,21974
0.0,21975
0.0,21976
0.0,21977
0.0,21978
0.0,21979
5898.16346087946,21980
0.0,21981
0.0,21982
0.0,21983
0.0,21984
0.0,21985
0.0,21986
3169.989180553355,21987
388.01688797327205,21988
0.0,21989
0.0,21990
0.0,21991
0.0,21992
0.0,21993
5597.265040713699,21994
0.0,21995
0.0,21996
0.0,21997
0.0,21998
0.0,21999
0.0,22000
0.0,22001
0.0,22002
0.0,22003
0.0,22004
0.0,22005
0.0,22006
0.0,22007
0.0,22008
0.0,22009
0.0,22010
384.847733285732,22011
0.0,22012
0.0,22013
0.0,22014
0.0,22015
0.0,22016
0.0,22017
0.0,22018
0.0,22019
380.18763066575593,22020
0.0,22021
0.0,22022
0.0,22023
0.0,22024
0.0,22025
0.0,22026
0.0,22027
0.0,22028
3553.161064573325,22029
0.0,22030
0.0,22031
0.0,22032
0.0,22033
0.0,22034
248.50826011165546,22035
0.0,22036
0.0,22037
374.1612068156738,22038
0.0,22039
0.0,22040
0.0,22041
0.0,22042
0.0,22043
0.0,22044
0.0,22045
367.43003868369357,22046
0.0,22047
0.0,22048
0.0,22049
1770.7129349164431,22050
0.0,22051
0.0,22052
0.0,22053
0.0,22054
0.0,22055
0.0,22056
0.0,22057
0.0,22058
0.0,22059
0.0,22060
362.69053380385276,22061
0.0,22062
0.0,22063
0.0,22064
0.0,22065
0.0,22066
0.0,22067
0.0,22068
0.0,22069
0.0,22070
49.795736334233126,22071
0.0,22072
0.0,22073
0.0,22074
0.0,22075
0.0,22076
0.0,22077
0.0,22078
0.0,22079
0.0,22080
0.0,22081
0.0,22082
0.0,22083
0.0,22084
0.0,22085
354.14698078635183,22086
0.0,22087
0.0,22088
0.0,22089
0.0,22090
0.0,22091
0.0,22092
0.0,22093
0.0,22094
0.0,22095
0.0,22096
0.0,22097
535.2660597828072,22098
0.0,22099
829.7510271874015,22100
0.0,22101
0.0,22102
0.0,22103
0.0,22104
0.0,22105
0.0,22106
0.0,22107
0.0,22108
0.0,22109
0.0,22110
0.0,22111
0.0,22112
0.0,22113
0.0,22114
183.92224277981813,22115
0.0,22116
0.0,22117
0.0,22118
0.0,22119
0.0,22120
340.8281833572958,22121
0.0,22122
0.0,22123
0.0,22124
0.0,22125
0.0,22126
0.0,22127
0.0,22128
333.9600055870658,22129
0.0,22130
0.0,22131
0.0,22132
0.0,22133
0.0,22134
0.0,22135
0.0,22136
0.0,22137
0.0,22138
0.0,22139
0.0,22140
0.0,22141
262.36324943555206,22142
0.0,22143
0.0,22144
0.0,22145
0.0,22146
0.0,22147
2331.5606081931855,22148
0.0,22149
0.0,22150
0.0,22151
0.0,22152
0.0,22153
0.0,22154
0.0,22155
2147.58713773913,22156
0.0,22157
0.0,22158
0.0,22159
0.0,22160
528.9753266878851,22161
0.0,22162
0.0,22163
0.0,22164
0.0,22165
0.0,22166
0.0,22167
0.0,22168
0.0,22169
0.0,22170
0.0,22171
0.0,22172
0.0,22173
0.0,22174
0.0,22175
0.0,22176
0.0,22177
331.74523708245033,22178
0.0,22179
327.32439052294444,22180
0.0,22181
0.0,22182
324.5542569793997,22183
525.711397648906,22184
0.0,22185
0.0,22186
0.0,22187
0.0,22188
0.0,22189
918.7719515386584,22190
322.4067245499218,22191
322.890678226095,22192
324.64680788405633,22193
0.0,22194
0.0,22195
0.0,22196
0.0,22197
0.0,22198
1332.3677553816344,22199
0.0,22200
0.0,22201
327.4002665106716,22202
0.0,22203
0.0,22204
331.0630119847823,22205
1565.1987871432511,22206
0.0,22207
0.0,22208
2086.8267245726233,22209
0.0,22210
0.0,22211
0.0,22212
0.0,22213
0.0,22214
520.997797941042,22215
0.0,22216
0.0,22217
0.0,22218
0.0,22219
0.0,22220
581.0976732517845,22221
0.0,22222
0.0,22223
0.0,22224
0.0,22225
0.0,22226
0.0,22227
517.6929465603396,22228
587.3474203510441,22229
0.0,22230
0.0,22231
0.0,22232
0.0,22233
0.0,22234
0.0,22235
900.0730878684734,22236
0.0,22237
0.0,22238
0.0,22239
485.0112514957604,22240
0.0,22241
492.3191652125374,22242
594.7882758038776,22243
0.0,22244
0.0,22245
415.76974163193717,22246
0.0,22247
0.0,22248
0.0,22249
0.0,22250
0.0,22251
0.0,22252
0.0,22253
0.0,22254
0.0,22255
0.0,22256
0.0,22257
0.0,22258
0.0,22259
0.0,22260
0.0,22261
0.0,22262
0.0,22263
0.0,22264
0.0,22265
0.0,22266
0.0,22267
0.0,22268
0.0,22269
0.0,22270
0.0,22271
0.0,22272
0.0,22273
0.0,22274
0.0,22275
0.0,22276
0.0,22277
0.0,22278
0.0,22279
0.0,22280
0.0,22281
355.8966785784973,22282
0.0,22283
0.0,22284
0.0,22285
0.0,22286
0.0,22287
0.0,22288
0.0,22289
0.0,22290
0.0,22291
0.0,22292
203.5224750170701,22293
827.0730754677531,22294
0.0,22295
0.0,22296
0.0,22297
0.0,22298
0.0,22299
0.0,22300
332.79913415455087,22301
0.0,22302
730.0559629544506,22303
0.0,22304
0.0,22305
0.0,22306
806.7247545989607,22307
0.0,22308
0.0,22309
176.99164411346806,22310
0.0,22311
797.7994985398975,22312
786.4599549553901,22313
0.0,22314
0.0,22315
0.0,22316
961.71649447133,22317
0.0,22318
0.0,22319
982.0780102039512,22320
0.0,22321
0.0,22322
0.0,22323
954.6893317394561,22324
0.0,22325
0.0,22326
0.0,22327
0.0,22328
0.0,22329
693.0331631649021,22330
730.1011088314565,22331
707.314566197102,22332
0.0,22333
1777.6701194146501,22334
564.6193791475321,22335
982.1392804750851,22336
539.0030287040787,22337
712.3627248473423,22338
0.0,22339
0.0,22340
0.0,22341
0.0,22342
0.0,22343
0.0,22344
0.0,22345
0.0,22346
0.0,22347
0.0,22348
0.0,22349
0.0,22350
0.0,22351
0.0,22352
0.0,22353
0.0,22354
442.4197903281588,22355
0.0,22356
0.0,22357
0.0,22358
359.55480965159137,22359
1361.7705980619558,22360
0.0,22361
0.0,22362
177.46220441147346,22363
0.0,22364
0.0,22365
0.0,22366
0.0,22367
0.0,22368
0.0,22369
0.0,22370
0.0,22371
0.0,22372
0.0,22373
0.0,22374
0.0,22375
0.0,22376
0.0,22377
0.0,22378
0.0,22379
0.0,22380
0.0,22381
0.0,22382
158.32022971077518,22383
398.61854261169015,22384
0.0,22385
0.0,22386
0.0,22387
150.38503365741212,22388
0.0,22389
0.0,22390
0.0,22391
0.0,22392
0.0,22393
0.0,22394
0.0,22395
0.0,22396
0.0,22397
0.0,22398
0.0,22399
0.0,22400
0.0,22401
2176.5055067719554,22402
0.0,22403
0.0,22404
1095.013341815924,22405
0.0,22406
0.0,22407
0.0,22408
0.0,22409
2643.938871678541,22410
0.0,22411
0.0,22412
1099.5638276958048,22413
0.0,22414
1069.6161539183922,22415
0.0,22416
0.0,22417
0.0,22418
0.0,22419
0.0,22420
0.0,22421
0.0,22422
0.0,22423
0.0,22424
0.0,22425
0.0,22426
0.0,22427
0.0,22428
0.0,22429
0.0,22430
0.0,22431
0.0,22432
0.0,22433
0.0,22434
0.0,22435
0.0,22436
0.0,22437
0.0,22438
0.0,22439
0.0,22440
0.0,22441
0.0,22442
0.0,22443
0.0,22444
809.6426147398872,22445
0.0,22446
0.0,22447
0.0,22448
0.0,22449
2643.220338818786,22450
0.0,22451
2047.3418252124663,22452
0.0,22453
0.0,22454
0.0,22455
0.0,22456
2644.5853213539767,22457
1560.6367012523986,22458
0.0,22459
0.0,22460
0.0,22461
1389.9842963866795,22462
0.0,22463
0.0,22464
0.0,22465
0.0,22466
31.734467598866228,22467
0.0,22468
0.0,22469
0.0,22470
0.0,22471
0.0,22472
0.0,22473
316.3480128276317,22474
0.0,22475
0.0,22476
274.67961114211323,22477
0.0,22478
0.0,22479
291.81085036126024,22480
0.0,22481
0.0,22482
310.5802929709383,22483
0.0,22484
0.0,22485
0.0,22486
0.0,22487
0.0,22488
330.759306791452,22489
0.0,22490
0.0,22491
0.0,22492
10.874313439452264,22493
0.0,22494
0.0,22495
0.0,22496
369.9724108427314,22497
0.0,22498
3138.3623885255956,22499
0.0,22500
0.0,22501
0.0,22502
0.0,22503
0.0,22504
395.6149481059426,22505
0.0,22506
421.9807893936133,22507
0.0,22508
26.972800410507833,22509
0.0,22510
364.3037896686509,22511
0.0,22512
0.0,22513
0.0,22514
0.0,22515
0.0,22516
28.142905254006223,22517
415.72405394756885,22518
0.0,22519
0.0,22520
0.0,22521
0.0,22522
0.0,22523
0.0,22524
0.0,22525
0.0,22526
0.0,22527
0.0,22528
0.0,22529
0.0,22530
0.0,22531
283.5362640173803,22532
0.0,22533
0.0,22534
0.0,22535
0.0,22536
504.6701048386535,22537
0.0,22538
0.0,22539
0.0,22540
0.0,22541
0.0,22542
0.0,22543
0.0,22544
0.0,22545
0.0,22546
875.2271575629851,22547
0.0,22548
0.0,22549
0.0,22550
0.0,22551
416.89529392678537,22552
0.0,22553
0.0,22554
419.8679135393244,22555
0.0,22556
0.0,22557
0.0,22558
0.0,22559
0.0,22560
2315.5919824082566,22561
0.0,22562
6571.137257141509,22563
0.0,22564
0.0,22565
0.0,22566
0.0,22567
182.28733568706124,22568
184.24212420313387,22569
1670.9347277146862,22570
0.0,22571
0.0,22572
0.0,22573
608.3403117566049,22574
433.32566361274013,22575
0.0,22576
1065.297048436686,22577
1061.9159762183933,22578
1211.9199043879478,22579
2207.1185032396743,22580
0.0,22581
580.4152988266159,22582
0.0,22583
1187.6201188514929,22584
0.0,22585
0.0,22586
409.95009294210655,22587
0.0,22588
0.0,22589
0.0,22590
0.0,22591
369.10013040746105,22592
0.0,22593
0.0,22594
1732.5014938988115,22595
0.0,22596
0.0,22597
0.0,22598
0.0,22599
0.0,22600
1337.5738894809215,22601
1522.1033546601807,22602
0.0,22603
0.0,22604
1818.641834909131,22605
1815.7589291545664,22606
0.0,22607
0.0,22608
1574.5500298892955,22609
1812.2629130203609,22610
0.0,22611
0.0,22612
0.0,22613
0.0,22614
0.0,22615
561.1524829255046,22616
308.0995783157303,22617
0.0,22618
467.57052406533245,22619
0.0,22620
0.0,22621
219.96765611346183,22622
0.0,22623
1564.179165056426,22624
0.0,22625
0.0,22626
9.650132457064284,22627
0.0,22628
0.0,22629
0.0,22630
0.0,22631
0.0,22632
0.0,22633
0.0,22634
2520.32828239952,22635
0.0,22636
0.0,22637
0.0,22638
3909.4652833628634,22639
6579.451890803128,22640
1358.202321447049,22641
0.0,22642
4130.3209171226345,22643
1306.1106815108262,22644
0.0,22645
767.6826351405024,22646
880.8556388992167,22647
0.0,22648
3679.204226637312,22649
0.0,22650
1937.0743924273418,22651
0.0,22652
0.0,22653
0.0,22654
2596.7700183095876,22655
3276.706586235735,22656
0.0,22657
0.0,22658
0.0,22659
157.62985720860473,22660
0.0,22661
846.3664439564657,22662
1522.709714588999,22663
561.0492300899365,22664
0.0,22665
0.0,22666
0.0,22667
0.0,22668
0.0,22669
0.0,22670
0.0,22671
0.0,22672
0.0,22673
3279.514671317733,22674
0.0,22675
0.0,22676
0.0,22677
0.0,22678
297.5135314633943,22679
0.0,22680
0.0,22681
0.0,22682
0.0,22683
0.0,22684
0.0,22685
0.0,22686
0.0,22687
0.0,22688
0.0,22689
2552.818943361586,22690
0.0,22691
1764.2630717887764,22692
0.0,22693
1213.1732556203629,22694
0.0,22695
0.0,22696
0.0,22697
0.0,22698
0.0,22699
0.0,22700
0.0,22701
0.0,22702
0.0,22703
1560.952071322608,22704
0.0,22705
0.0,22706
0.0,22707
0.0,22708
0.0,22709
0.0,22710
0.0,22711
0.0,22712
355.6013838166562,22713
1653.133697397268,22714
48.82027618363472,22715
0.0,22716
0.0,22717
0.0,22718
0.0,22719
0.0,22720
0.0,22721
0.0,22722
0.0,22723
677.4031254406892,22724
0.0,22725
0.0,22726
0.0,22727
0.0,22728
0.0,22729
0.0,22730
0.0,22731
0.0,22732
276.83178972773567,22733
271.7453016698087,22734
166.96703398595042,22735
190.69091000442225,22736
0.0,22737
0.0,22738
0.0,22739
0.0,22740
0.0,22741
0.0,22742
323.95397423527135,22743
0.0,22744
0.0,22745
0.0,22746
0.0,22747
0.0,22748
0.0,22749
0.0,22750
0.0,22751
0.0,22752
0.0,22753
0.0,22754
0.0,22755
0.0,22756
0.0,22757
0.0,22758
0.0,22759
0.0,22760
0.0,22761
0.0,22762
0.0,22763
0.0,22764
0.0,22765
0.0,22766
0.0,22767
0.0,22768
0.0,22769
0.0,22770
0.0,22771
0.0,22772
1441.4152736505912,22773
0.0,22774
0.0,22775
2117.8261167257656,22776
2760.3372411918986,22777
0.0,22778
0.0,22779
0.0,22780
880.2990629650137,22781
0.0,22782
1401.8506480854608,22783
0.0,22784
0.0,22785
1896.017772912609,22786
1601.2679013827649,22787
770.8045955231361,22788
0.0,22789
940.5061069532662,22790
495.9926079907841,22791
0.0,22792
486.4357422815085,22793
0.0,22794
0.0,22795
0.0,22796
0.0,22797
1601.0300585763607,22798
1732.9881037626226,22799
0.0,22800
1577.2096745871447,22801
0.0,22802
0.0,22803
0.0,22804
0.0,22805
0.0,22806
0.0,22807
0.0,22808
0.0,22809
534.0040086586777,22810
0.0,22811
0.0,22812
1024.2343219612765,22813
3.361046850719537,22814
0.0,22815
0.0,22816
1414.7864046976702,22817
0.0,22818
0.0,22819
0.0,22820
0.0,22821
0.0,22822
0.0,22823
0.0,22824
132.0284714846255,22825
120.99303608411284,22826
0.0,22827
0.0,22828
0.0,22829
0.0,22830
257.63863336046364,22831
0.0,22832
0.0,22833
1147.3309695706025,22834
1379.1617881329807,22835
1135.395118227767,22836
0.0,22837
0.0,22838
1868.5895295800221,22839
0.0,22840
0.0,22841
0.0,22842
0.0,22843
0.0,22844
0.0,22845
0.0,22846
106.71092474904752,22847
0.0,22848
0.0,22849
0.0,22850
0.0,22851
0.0,22852
0.0,22853
0.0,22854
0.0,22855
0.0,22856
0.0,22857
0.0,22858
437.0150606178015,22859
0.0,22860
0.0,22861
0.0,22862
3522.91339906445,22863
2616.289103106432,22864
0.0,22865
0.0,22866
0.0,22867
0.0,22868
0.0,22869
0.0,22870
0.0,22871
0.0,22872
0.0,22873
0.0,22874
0.0,22875
0.0,22876
0.0,22877
0.0,22878
0.0,22879
0.0,22880
0.0,22881
0.0,22882
0.0,22883
0.0,22884
0.0,22885
0.0,22886
0.0,22887
0.0,22888
0.0,22889
0.0,22890
0.0,22891
0.0,22892
0.0,22893
0.0,22894
0.0,22895
0.0,22896
0.0,22897
79.2551728418556,22898
0.0,22899
62.10279328585481,22900
320.5789537798617,22901
0.0,22902
0.0,22903
0.0,22904
0.0,22905
0.0,22906
0.0,22907
0.0,22908
373.2234198037279,22909
0.0,22910
0.0,22911
0.0,22912
0.0,22913
0.0,22914
0.0,22915
0.0,22916
0.0,22917
0.0,22918
0.0,22919
0.0,22920
0.0,22921
0.0,22922
0.0,22923
0.0,22924
0.0,22925
1895.1764940353407,22926
0.0,22927
0.0,22928
0.0,22929
0.0,22930
0.0,22931
0.0,22932
0.0,22933
276.5846196357859,22934
0.0,22935
0.0,22936
0.0,22937
0.0,22938
0.0,22939
383.6646795110281,22940
0.0,22941
0.0,22942
2238.8937325288707,22943
0.0,22944
0.0,22945
1189.4161096766907,22946
0.0,22947
0.0,22948
0.0,22949
0.0,22950
0.0,22951
0.0,22952
0.0,22953
0.0,22954
0.0,22955
0.0,22956
0.0,22957
0.0,22958
0.0,22959
0.0,22960
0.0,22961
0.0,22962
0.0,22963
0.0,22964
673.6687157645414,22965
3356.818596347577,22966
0.0,22967
0.0,22968
984.9082578925988,22969
0.0,22970
0.0,22971
0.0,22972
0.0,22973
0.0,22974
0.0,22975
0.0,22976
58.59636402685159,22977
0.0,22978
0.0,22979
0.0,22980
1370.2794799868086,22981
0.0,22982
0.0,22983
0.0,22984
2595.5407930206857,22985
0.0,22986
0.0,22987
0.0,22988
1902.5150527897874,22989
0.0,22990
352.5966149993989,22991
0.0,22992
521.6598061017867,22993
0.0,22994
0.0,22995
0.0,22996
0.0,22997
0.0,22998
0.0,22999
0.0,23000
0.0,23001
0.0,23002
503.73828847667113,23003
0.0,23004
0.0,23005
0.0,23006
0.0,23007
0.0,23008
0.0,23009
44.06992517720654,23010
0.0,23011
0.0,23012
0.0,23013
773.3206048676415,23014
0.0,23015
0.0,23016
931.9484929671088,23017
447.23351747908475,23018
0.0,23019
0.0,23020
0.0,23021
448.1148099551122,23022
0.0,23023
0.0,23024
0.0,23025
0.0,23026
0.0,23027
0.0,23028
0.0,23029
0.0,23030
0.0,23031
0.0,23032
0.0,23033
0.0,23034
0.0,23035
0.0,23036
0.0,23037
0.0,23038
0.0,23039
0.0,23040
783.6950837040202,23041
0.0,23042
0.0,23043
0.0,23044
0.0,23045
0.0,23046
0.0,23047
0.0,23048
0.0,23049
0.0,23050
0.0,23051
0.0,23052
0.0,23053
0.0,23054
0.0,23055
0.0,23056
0.0,23057
0.0,23058
538.3908226859153,23059
0.0,23060
0.0,23061
2929.4837345766173,23062
2920.8456848055707,23063
0.0,23064
0.0,23065
0.0,23066
748.6541082629534,23067
0.0,23068
0.0,23069
0.0,23070
2544.6872246476128,23071
0.0,23072
0.0,23073
0.0,23074
0.0,23075
0.0,23076
0.0,23077
0.0,23078
0.0,23079
0.0,23080
0.0,23081
0.0,23082
0.0,23083
0.0,23084
0.0,23085
0.0,23086
0.0,23087
0.0,23088
0.0,23089
0.0,23090
0.0,23091
0.0,23092
0.0,23093
0.0,23094
0.0,23095
0.0,23096
0.0,23097
0.0,23098
543.8084057384214,23099
0.0,23100
0.0,23101
451.7174230620852,23102
0.0,23103
0.0,23104
0.0,23105
431.5869625405928,23106
0.0,23107
0.0,23108
0.0,23109
0.0,23110
0.0,23111
0.0,23112
0.0,23113
0.0,23114
0.0,23115
0.0,23116
0.0,23117
0.0,23118
0.0,23119
0.0,23120
0.0,23121
0.0,23122
0.0,23123
0.0,23124
0.0,23125
789.0872366690165,23126
0.0,23127
0.0,23128
0.0,23129
0.0,23130
0.0,23131
0.0,23132
0.0,23133
0.0,23134
0.0,23135
0.0,23136
772.9579710048364,23137
0.0,23138
0.0,23139
0.0,23140
0.0,23141
0.0,23142
0.0,23143
0.0,23144
5311.796892697432,23145
0.0,23146
0.0,23147
0.0,23148
0.0,23149
0.0,23150
0.0,23151
0.0,23152
0.0,23153
0.0,23154
0.0,23155
0.0,23156
0.0,23157
0.0,23158
0.0,23159
0.0,23160
0.0,23161
0.0,23162
0.0,23163
0.0,23164
0.0,23165
0.0,23166
0.0,23167
0.0,23168
0.0,23169
0.0,23170
0.0,23171
0.0,23172
0.0,23173
0.0,23174
0.0,23175
0.0,23176
0.0,23177
0.0,23178
0.0,23179
0.0,23180
0.0,23181
0.0,23182
0.0,23183
0.0,23184
0.0,23185
0.0,23186
0.0,23187
791.2326459194593,23188
883.4263463835024,23189
1608.3679690190484,23190
0.0,23191
0.0,23192
0.0,23193
0.0,23194
0.0,23195
0.0,23196
0.0,23197
0.0,23198
0.0,23199
0.0,23200
0.0,23201
0.0,23202
0.0,23203
0.0,23204
0.0,23205
0.0,23206
0.0,23207
155.3714893047201,23208
0.0,23209
0.0,23210
723.6977893952007,23211
0.0,23212
0.0,23213
0.0,23214
0.0,23215
0.0,23216
0.0,23217
0.0,23218
0.0,23219
91.26376084204625,23220
0.0,23221
0.0,23222
0.0,23223
0.0,23224
0.0,23225
0.0,23226
0.0,23227
0.0,23228
0.0,23229
0.0,23230
0.0,23231
0.0,23232
0.0,23233
0.0,23234
0.0,23235
0.0,23236
0.0,23237
1172.0326161129365,23238
0.0,23239
0.0,23240
0.0,23241
0.0,23242
0.0,23243
0.0,23244
0.0,23245
0.0,23246
0.0,23247
0.0,23248
0.0,23249
0.0,23250
0.0,23251
0.0,23252
0.0,23253
1486.236889191291,23254
0.0,23255
0.0,23256
0.0,23257
0.0,23258
2885.85844140112,23259
0.0,23260
0.0,23261
0.0,23262
0.0,23263
0.0,23264
0.0,23265
0.0,23266
0.0,23267
0.0,23268
0.0,23269
0.0,23270
0.0,23271
0.0,23272
0.0,23273
0.0,23274
0.0,23275
0.0,23276
0.0,23277
2402.7291771999235,23278
0.0,23279
0.0,23280
0.0,23281
0.0,23282
0.0,23283
0.0,23284
0.0,23285
0.0,23286
0.0,23287
0.0,23288
0.0,23289
0.0,23290
0.0,23291
0.0,23292
0.0,23293
0.0,23294
0.0,23295
0.34687991165152504,23296
0.0,23297
0.0,23298
0.0,23299
0.0,23300
0.0,23301
0.0,23302
0.0,23303
0.0,23304
0.0,23305
0.0,23306
0.0,23307
0.0,23308
0.0,23309
0.0,23310
0.0,23311
0.0,23312
74.22899934472514,23313
92.4448383924179,23314
0.0,23315
34.17038515892526,23316
0.0,23317
0.0,23318
122.78946338363313,23319
0.0,23320
2223.7732959361224,23321
0.0,23322
0.0,23323
1769.648987611975,23324
0.0,23325
0.0,23326
0.0,23327
0.0,23328
0.0,23329
1077.9465126344883,23330
0.0,23331
0.0,23332
658.3130392328333,23333
0.0,23334
234.65689722468784,23335
0.0,23336
248.0657202431768,23337
0.0,23338
0.0,23339
10.45522897495014,23340
24.248201743566295,23341
0.0,23342
0.0,23343
0.0,23344
0.0,23345
0.0,23346
0.0,23347
0.0,23348
0.0,23349
0.0,23350
0.0,23351
0.0,23352
0.0,23353
0.0,23354
35.71194547066561,23355
0.0,23356
1676.4245786934434,23357
458.14200958075077,23358
0.0,23359
0.0,23360
1692.4617315743974,23361
0.0,23362
952.1824814162192,23363
0.0,23364
0.0,23365
0.0,23366
0.0,23367
0.0,23368
0.0,23369
0.0,23370
0.0,23371
0.0,23372
0.0,23373
0.0,23374
0.0,23375
0.0,23376
0.0,23377
0.0,23378
0.0,23379
0.0,23380
0.0,23381
0.0,23382
0.0,23383
0.0,23384
0.0,23385
0.0,23386
112.84192225602372,23387
0.0,23388
0.0,23389
0.0,23390
0.0,23391
0.0,23392
0.0,23393
0.0,23394
0.0,23395
0.0,23396
0.0,23397
0.0,23398
0.0,23399
0.0,23400
0.0,23401
0.0,23402
0.0,23403
0.0,23404
0.0,23405
938.7668416300264,23406
0.0,23407
0.0,23408
0.0,23409
0.0,23410
0.0,23411
0.0,23412
0.0,23413
0.0,23414
0.0,23415
0.0,23416
0.0,23417
0.0,23418
0.0,23419
0.0,23420
0.0,23421
0.0,23422
0.0,23423
0.0,23424
0.0,23425
0.0,23426
0.0,23427
0.0,23428
0.0,23429
0.0,23430
0.0,23431
0.0,23432
0.0,23433
0.0,23434
0.0,23435
0.0,23436
0.0,23437
0.0,23438
0.0,23439
0.0,23440
0.0,23441
0.0,23442
0.0,23443
0.0,23444
0.0,23445
0.0,23446
412.42346775060395,23447
0.0,23448
0.0,23449
0.0,23450
0.0,23451
0.0,23452
0.0,23453
0.0,23454
0.0,23455
0.0,23456
0.0,23457
0.0,23458
0.0,23459
0.0,23460
0.0,23461
0.0,23462
0.0,23463
0.0,23464
0.0,23465
0.0,23466
0.0,23467
0.0,23468
0.0,23469
0.0,23470
0.0,23471
0.0,23472
0.0,23473
0.0,23474
0.0,23475
0.0,23476
0.0,23477
0.0,23478
0.0,23479
0.0,23480
0.0,23481
0.0,23482
0.0,23483
0.0,23484
0.0,23485
0.0,23486
0.0,23487
0.0,23488
0.0,23489
0.0,23490
0.0,23491
0.0,23492
0.0,23493
0.0,23494
0.0,23495
0.0,23496
0.0,23497
0.0,23498
0.0,23499
0.0,23500
0.0,23501
323.46804655876446,23502
0.0,23503
0.0,23504
0.0,23505
0.0,23506
0.0,23507
0.0,23508
0.0,23509
0.0,23510
111.18537478550566,23511
0.0,23512
0.0,23513
0.0,23514
2021.992134630105,23515
0.0,23516
0.0,23517
2847.7185833477197,23518
0.0,23519
0.0,23520
0.0,23521
1438.2088182986442,23522
557.1045845984852,23523
0.0,23524
0.0,23525
0.0,23526
0.0,23527
0.0,23528
0.0,23529
71.89746134854029,23530
0.0,23531
806.6929484864031,23532
0.0,23533
0.0,23534
0.0,23535
0.0,23536
0.0,23537
0.0,23538
0.0,23539
0.0,23540
0.0,23541
1147.0047136856388,23542
0.0,23543
0.0,23544
0.0,23545
0.0,23546
259.9828093876387,23547
1848.2734264707562,23548
0.0,23549
1096.4047033404352,23550
0.0,23551
0.0,23552
0.0,23553
0.0,23554
0.0,23555
0.0,23556
0.0,23557
0.0,23558
352.41775307840993,23559
327.52951130130754,23560
0.0,23561
0.0,23562
380.24151564905003,23563
0.0,23564
0.0,23565
1.760669825089375,23566
0.0,23567
0.0,23568
0.0,23569
0.0,23570
325.69403851325455,23571
0.0,23572
0.0,23573
0.0,23574
0.0,23575
0.0,23576
894.5221943631615,23577
2244.421275309605,23578
1164.6342336880068,23579
0.0,23580
0.0,23581
496.67895626921523,23582
0.0,23583
2274.338032656428,23584
551.0630276596693,23585
0.0,23586
0.0,23587
0.0,23588
0.0,23589
0.0,23590
0.0,23591
0.0,23592
0.0,23593
0.0,23594
0.0,23595
0.0,23596
0.0,23597
0.0,23598
0.0,23599
0.0,23600
0.0,23601
0.0,23602
0.0,23603
0.0,23604
0.0,23605
0.0,23606
0.0,23607
0.0,23608
0.0,23609
1172.934282815023,23610
0.0,23611
0.0,23612
0.0,23613
0.0,23614
0.0,23615
0.0,23616
0.0,23617
0.0,23618
0.0,23619
0.0,23620
0.0,23621
0.0,23622
0.0,23623
741.6875804447207,23624
0.0,23625
0.0,23626
0.0,23627
0.0,23628
0.0,23629
0.0,23630
669.46336527532,23631
673.1252079519024,23632
0.0,23633
0.0,23634
0.0,23635
0.0,23636
0.0,23637
103.71943235288967,23638
0.0,23639
0.0,23640
0.0,23641
0.0,23642
0.0,23643
0.0,23644
0.0,23645
0.0,23646
1483.2710577965254,23647
0.0,23648
0.0,23649
0.0,23650
161.41008222597839,23651
0.0,23652
0.0,23653
1884.4097254154894,23654
1886.7386619804954,23655
0.0,23656
1141.0418066234438,23657
0.0,23658
0.0,23659
0.0,23660
1713.6135975646184,23661
0.0,23662
0.0,23663
0.0,23664
0.0,23665
0.0,23666
0.0,23667
0.0,23668
0.0,23669
0.0,23670
0.0,23671
0.0,23672
0.0,23673
0.0,23674
0.0,23675
0.0,23676
0.0,23677
566.2423319099948,23678
0.0,23679
0.0,23680
0.0,23681
0.0,23682
0.0,23683
0.0,23684
0.0,23685
0.0,23686
0.0,23687
88.52569493968501,23688
0.0,23689
81.28592135926212,23690
0.0,23691
0.0,23692
737.9184222644487,23693
0.0,23694
0.0,23695
0.0,23696
0.0,23697
0.0,23698
0.0,23699
0.0,23700
0.0,23701
0.0,23702
0.0,23703
0.0,23704
0.0,23705
0.0,23706
0.0,23707
0.0,23708
0.0,23709
0.0,23710
0.0,23711
0.0,23712
0.0,23713
0.0,23714
0.0,23715
0.0,23716
687.3084475951094,23717
0.0,23718
0.0,23719
0.0,23720
0.0,23721
0.0,23722
0.0,23723
2049.137116340794,23724
0.0,23725
0.0,23726
0.0,23727
255.74778001169918,23728
0.0,23729
0.0,23730
0.0,23731
0.0,23732
0.0,23733
0.0,23734
0.0,23735
0.0,23736
0.0,23737
0.0,23738
0.0,23739
0.0,23740
844.0353041101243,23741
0.0,23742
0.0,23743
0.0,23744
0.0,23745
0.0,23746
0.0,23747
0.0,23748
0.0,23749
0.0,23750
0.0,23751
0.0,23752
0.0,23753
0.0,23754
0.0,23755
0.0,23756
0.0,23757
0.0,23758
0.0,23759
0.0,23760
602.4229387178466,23761
3534.994835525744,23762
0.0,23763
0.0,23764
0.0,23765
0.0,23766
0.0,23767
0.0,23768
0.0,23769
0.0,23770
0.0,23771
2594.201342155505,23772
0.0,23773
0.0,23774
0.0,23775
392.9783751658413,23776
0.0,23777
0.0,23778
0.0,23779
0.0,23780
0.0,23781
0.0,23782
0.0,23783
0.0,23784
0.0,23785
4346.040152581537,23786
0.0,23787
0.0,23788
0.0,23789
839.2819299404989,23790
0.0,23791
0.0,23792
0.0,23793
0.0,23794
0.0,23795
756.7560558121191,23796
0.0,23797
0.0,23798
0.0,23799
0.0,23800
523.8721551202251,23801
0.0,23802
0.0,23803
0.0,23804
0.0,23805
513.8635877881051,23806
0.0,23807
0.0,23808
436.4886284758405,23809
0.0,23810
0.0,23811
0.0,23812
0.0,23813
0.0,23814
0.0,23815
0.0,23816
0.0,23817
0.0,23818
0.0,23819
0.0,23820
0.0,23821
0.0,23822
0.0,23823
0.0,23824
0.0,23825
0.0,23826
0.0,23827
0.0,23828
0.0,23829
0.0,23830
0.0,23831
0.0,23832
0.0,23833
234.98905314100912,23834
0.0,23835
0.0,23836
0.0,23837
0.0,23838
0.0,23839
0.0,23840
0.0,23841
0.0,23842
0.0,23843
0.0,23844
0.0,23845
0.0,23846
0.0,23847
0.0,23848
0.0,23849
0.0,23850
0.0,23851
0.0,23852
0.0,23853
0.0,23854
0.0,23855
0.0,23856
0.0,23857
0.0,23858
0.0,23859
0.0,23860
0.0,23861
0.0,23862
0.0,23863
0.0,23864
0.0,23865
0.0,23866
0.0,23867
0.0,23868
0.0,23869
0.0,23870
0.0,23871
0.0,23872
0.0,23873
0.0,23874
0.0,23875
0.0,23876
0.0,23877
0.0,23878
5408.368233842383,23879
0.0,23880
0.0,23881
0.0,23882
0.0,23883
0.0,23884
0.0,23885
0.0,23886
0.0,23887
0.0,23888
0.0,23889
0.0,23890
0.0,23891
0.0,23892
0.0,23893
0.0,23894
0.0,23895
0.0,23896
0.0,23897
0.0,23898
0.0,23899
0.0,23900
0.0,23901
0.0,23902
0.0,23903
0.0,23904
0.0,23905
0.0,23906
0.0,23907
0.0,23908
0.0,23909
0.0,23910
0.0,23911
0.0,23912
0.0,23913
0.0,23914
0.0,23915
0.0,23916
0.0,23917
0.0,23918
0.0,23919
750.4458865669186,23920
330.45869532737396,23921
0.0,23922
0.0,23923
0.0,23924
0.0,23925
0.0,23926
0.0,23927
0.0,23928
0.0,23929
0.0,23930
0.0,23931
0.0,23932
0.0,23933
0.0,23934
0.0,23935
0.0,23936
0.0,23937
0.0,23938
0.0,23939
0.0,23940
0.0,23941
0.0,23942
241.09872822773306,23943
0.0,23944
0.0,23945
0.0,23946
0.0,23947
0.0,23948
0.0,23949
0.0,23950
0.0,23951
0.0,23952
472.9510343903491,23953
0.0,23954
0.0,23955
0.0,23956
0.0,23957
0.0,23958
0.0,23959
0.0,23960
3316.9059115483983,23961
431.6853923720478,23962
0.0,23963
0.0,23964
0.0,23965
0.0,23966
314.65578300819783,23967
339.4121801103822,23968
0.0,23969
2831.724715868688,23970
0.0,23971
0.0,23972
0.0,23973
0.0,23974
0.0,23975
0.0,23976
465.6729790619609,23977
0.0,23978
0.0,23979
0.0,23980
0.0,23981
0.0,23982
0.0,23983
0.0,23984
0.0,23985
0.0,23986
0.0,23987
0.0,23988
0.0,23989
0.0,23990
0.0,23991
0.0,23992
0.0,23993
0.0,23994
0.0,23995
0.0,23996
0.0,23997
0.0,23998
0.0,23999
0.0,24000
0.0,24001
0.0,24002
0.0,24003
0.0,24004
0.0,24005
0.0,24006
0.0,24007
0.0,24008
0.0,24009
0.0,24010
0.0,24011
0.0,24012
0.0,24013
0.0,24014
0.0,24015
0.0,24016
0.0,24017
0.0,24018
0.0,24019
0.0,24020
0.0,24021
0.0,24022
0.0,24023
0.0,24024
0.0,24025
3835.9722280437572,24026
0.0,24027
0.0,24028
0.0,24029
0.0,24030
0.0,24031
0.0,24032
0.0,24033
0.0,24034
0.0,24035
0.0,24036
0.0,24037
0.0,24038
0.0,24039
0.0,24040
0.0,24041
0.0,24042
0.0,24043
0.0,24044
0.0,24045
0.0,24046
0.0,24047
0.0,24048
0.0,24049
0.0,24050
0.0,24051
0.0,24052
0.0,24053
0.0,24054
0.0,24055
0.0,24056
0.0,24057
0.0,24058
0.0,24059
0.0,24060
0.0,24061
0.0,24062
0.0,24063
0.0,24064
0.0,24065
0.0,24066
0.0,24067
0.0,24068
0.0,24069
0.0,24070
493.8424787992359,24071
0.0,24072
675.1687303696905,24073
0.0,24074
0.0,24075
0.0,24076
0.0,24077
0.0,24078
0.0,24079
0.0,24080
0.0,24081
0.0,24082
0.0,24083
0.0,24084
0.0,24085
0.0,24086
0.0,24087
0.0,24088
0.0,24089
0.0,24090
0.0,24091
0.0,24092
0.0,24093
0.0,24094
0.0,24095
0.0,24096
0.0,24097
0.0,24098
0.0,24099
0.0,24100
0.0,24101
0.0,24102
0.0,24103
0.0,24104
0.0,24105
0.0,24106
0.0,24107
0.0,24108
0.0,24109
0.0,24110
0.0,24111
0.0,24112
0.0,24113
0.0,24114
0.0,24115
487.4346206182008,24116
0.0,24117
0.0,24118
3358.638558382167,24119
0.0,24120
0.0,24121
0.0,24122
0.0,24123
0.0,24124
0.0,24125
0.0,24126
0.0,24127
0.0,24128
0.0,24129
0.0,24130
0.0,24131
0.0,24132
0.0,24133
0.0,24134
0.0,24135
0.0,24136
0.0,24137
0.0,24138
0.0,24139
0.4752944514799045,24140
10.25166268708482,24141
0.0,24142
0.0,24143
0.0,24144
0.0,24145
0.0,24146
1785.4082319052172,24147
0.0,24148
0.0,24149
0.0,24150
19.221597075734504,24151
0.0,24152
0.0,24153
0.0,24154
0.0,24155
0.0,24156
372.03997088287815,24157
0.0,24158
0.0,24159
0.0,24160
0.0,24161
0.0,24162
0.0,24163
0.0,24164
28.194301065218976,24165
0.0,24166
0.0,24167
0.0,24168
0.0,24169
0.0,24170
0.0,24171
0.0,24172
0.0,24173
0.0,24174
0.0,24175
0.0,24176
1515.7453801024571,24177
0.0,24178
0.0,24179
0.0,24180
0.0,24181
0.0,24182
42.5510850064394,24183
0.0,24184
0.0,24185
0.0,24186
0.0,24187
0.0,24188
0.0,24189
0.0,24190
0.0,24191
0.0,24192
0.0,24193
0.0,24194
0.0,24195
0.0,24196
0.0,24197
0.0,24198
0.0,24199
0.0,24200
0.0,24201
0.0,24202
0.0,24203
0.0,24204
0.0,24205
0.0,24206
0.0,24207
0.0,24208
0.0,24209
0.0,24210
0.0,24211
0.0,24212
0.0,24213
0.0,24214
0.0,24215
0.0,24216
0.0,24217
0.0,24218
0.0,24219
0.0,24220
0.0,24221
0.0,24222
0.0,24223
0.0,24224
0.0,24225
0.0,24226
0.0,24227
0.0,24228
0.0,24229
0.0,24230
0.0,24231
0.0,24232
0.0,24233
0.0,24234
0.0,24235
0.0,24236
0.0,24237
0.0,24238
0.0,24239
0.0,24240
0.0,24241
0.0,24242
0.0,24243
0.0,24244
0.0,24245
0.0,24246
0.0,24247
0.0,24248
0.0,24249
0.0,24250
0.0,24251
0.0,24252
0.0,24253
0.0,24254
0.0,24255
0.0,24256
0.0,24257
0.0,24258
0.0,24259
0.0,24260
0.0,24261
0.0,24262
0.0,24263
463.5812542623408,24264
0.0,24265
0.0,24266
0.0,24267
723.8041835367192,24268
0.0,24269
0.0,24270
0.0,24271
0.0,24272
0.0,24273
0.0,24274
0.0,24275
0.0,24276
0.0,24277
0.0,24278
0.0,24279
0.0,24280
0.0,24281
0.0,24282
17.70192672133903,24283
0.0,24284
21.60131299040649,24285
0.0,24286
25.013358700028423,24287
0.0,24288
0.0,24289
0.0,24290
0.0,24291
0.0,24292
0.0,24293
0.0,24294
0.0,24295
0.0,24296
0.0,24297
27.905077561911916,24298
1729.0624790794402,24299
0.0,24300
0.0,24301
0.0,24302
0.0,24303
0.0,24304
0.0,24305
0.0,24306
3624.788863475129,24307
0.0,24308
642.3154382240822,24309
0.0,24310
1301.9564750398517,24311
652.9871204039645,24312
663.4964219369202,24313
0.0,24314
0.0,24315
0.0,24316
0.0,24317
0.0,24318
0.0,24319
0.0,24320
2130.95421442811,24321
0.0,24322
0.0,24323
0.0,24324
0.0,24325
963.7920486681207,24326
0.0,24327
2626.289679810161,24328
1164.321836103631,24329
205.44238134336655,24330
2616.0968835446088,24331
1775.781418990653,24332
1742.6537482580623,24333
0.0,24334
0.0,24335
477.3525003943709,24336
0.0,24337
0.0,24338
0.0,24339
0.0,24340
0.0,24341
0.0,24342
0.0,24343
0.0,24344
2114.4619880065757,24345
0.0,24346
0.0,24347
0.0,24348
0.0,24349
1730.620964980534,24350
0.0,24351
0.0,24352
1724.2907747783308,24353
0.0,24354
9.270918186173105,24355
0.0,24356
2721.7904790034254,24357
661.2555078516351,24358
0.0,24359
0.0,24360
669.4933344780092,24361
0.0,24362
0.0,24363
0.0,24364
0.0,24365
0.0,24366
0.0,24367
782.3476763591894,24368
0.0,24369
0.0,24370
0.0,24371
0.0,24372
0.0,24373
0.0,24374
0.0,24375
1182.9799115338508,24376
0.0,24377
0.0,24378
0.0,24379
0.0,24380
0.0,24381
0.0,24382
0.0,24383
1859.9666242411517,24384
1854.9691972108815,24385
0.0,24386
1849.6819473224807,24387
0.0,24388
0.0,24389
0.0,24390
0.0,24391
0.0,24392
540.8467116280864,24393
0.0,24394
0.0,24395
0.0,24396
0.0,24397
0.0,24398
0.0,24399
0.0,24400
0.0,24401
1939.8922787661947,24402
1951.8823678388362,24403
0.0,24404
1947.353492307387,24405
1974.7508971092934,24406
660.164317470408,24407
1983.3937455186185,24408
0.0,24409
0.0,24410
0.0,24411
598.4903504251076,24412
0.0,24413
0.0,24414
0.0,24415
2126.4469821334233,24416
893.340015960729,24417
983.9556780167503,24418
0.0,24419
981.9348732799219,24420
0.0,24421
0.0,24422
0.0,24423
0.0,24424
0.0,24425
0.0,24426
0.0,24427
0.0,24428
0.0,24429
980.1370041847097,24430
0.0,24431
0.0,24432
0.0,24433
0.0,24434
0.0,24435
0.0,24436
0.0,24437
0.0,24438
0.0,24439
0.0,24440
0.0,24441
0.0,24442
0.0,24443
0.0,24444
0.0,24445
0.0,24446
0.0,24447
0.0,24448
0.0,24449
0.0,24450
0.0,24451
0.0,24452
0.0,24453
0.0,24454
0.0,24455
0.0,24456
0.0,24457
0.0,24458
80.75533634157648,24459
0.0,24460
0.0,24461
0.0,24462
0.0,24463
0.0,24464
0.0,24465
0.0,24466
0.0,24467
0.0,24468
0.0,24469
0.0,24470
0.0,24471
1319.316172473226,24472
0.0,24473
0.0,24474
0.0,24475
0.0,24476
0.0,24477
0.0,24478
0.0,24479
0.0,24480
0.0,24481
0.0,24482
0.0,24483
0.0,24484
0.0,24485
0.0,24486
0.0,24487
0.0,24488
0.0,24489
0.0,24490
339.75098213054605,24491
0.0,24492
0.0,24493
0.0,24494
0.0,24495
0.0,24496
0.0,24497
0.0,24498
0.0,24499
4168.564879153195,24500
0.0,24501
0.0,24502
0.0,24503
58.45334055653013,24504
295.0519199623319,24505
0.0,24506
0.0,24507
0.0,24508
0.0,24509
0.0,24510
0.0,24511
0.0,24512
0.0,24513
0.0,24514
0.0,24515
0.0,24516
0.0,24517
0.0,24518
0.0,24519
0.0,24520
0.0,24521
0.0,24522
0.0,24523
0.0,24524
0.0,24525
0.0,24526
0.0,24527
0.0,24528
0.0,24529
0.0,24530
0.0,24531
0.0,24532
0.0,24533
0.0,24534
0.0,24535
0.0,24536
0.0,24537
0.0,24538
0.0,24539
630.8161883555688,24540
0.0,24541
0.0,24542
0.0,24543
0.0,24544
0.0,24545
0.0,24546
0.0,24547
2979.9530897111285,24548
0.0,24549
0.0,24550
0.0,24551
0.0,24552
0.0,24553
0.0,24554
0.0,24555
0.0,24556
0.0,24557
0.0,24558
0.0,24559
0.0,24560
0.0,24561
0.0,24562
0.0,24563
0.0,24564
0.0,24565
0.0,24566
0.0,24567
0.0,24568
0.0,24569
0.0,24570
0.0,24571
0.0,24572
1784.735800079861,24573
0.0,24574
0.0,24575
0.0,24576
0.0,24577
0.0,24578
0.0,24579
0.0,24580
0.0,24581
0.0,24582
0.0,24583
0.0,24584
0.0,24585
0.0,24586
0.0,24587
0.0,24588
0.0,24589
0.0,24590
0.0,24591
0.0,24592
0.0,24593
0.0,24594
0.0,24595
0.0,24596
0.0,24597
0.0,24598
0.0,24599
0.0,24600
0.0,24601
579.3185670851407,24602
0.0,24603
0.0,24604
0.0,24605
0.0,24606
0.0,24607
0.0,24608
0.0,24609
5541.693177779768,24610
0.0,24611
0.0,24612
0.0,24613
0.0,24614
0.0,24615
0.0,24616
0.0,24617
0.0,24618
0.0,24619
0.0,24620
0.0,24621
385.2379711078489,24622
264.70799253434245,24623
0.0,24624
0.0,24625
0.0,24626
0.0,24627
0.0,24628
0.0,24629
0.0,24630
0.0,24631
0.0,24632
0.0,24633
0.0,24634
0.0,24635
0.0,24636
0.0,24637
0.0,24638
0.0,24639
0.0,24640
0.0,24641
0.0,24642
0.0,24643
0.0,24644
0.0,24645
0.0,24646
0.0,24647
0.0,24648
596.5105682482223,24649
0.0,24650
0.0,24651
295.77273868505773,24652
0.0,24653
0.0,24654
0.0,24655
0.0,24656
0.0,24657
0.0,24658
0.0,24659
0.0,24660
0.0,24661
0.0,24662
0.0,24663
0.0,24664
817.479001804892,24665
1683.1709614811687,24666
1345.9718059755078,24667
1235.8857157848875,24668
1266.7674128363274,24669
392.0665993873665,24670
0.0,24671
1279.5923085591157,24672
1297.130641607351,24673
0.0,24674
0.0,24675
1424.2787461138935,24676
1948.8391466599123,24677
0.0,24678
0.0,24679
0.0,24680
5344.075859453499,24681
4802.334661717718,24682
0.0,24683
0.0,24684
1845.0385482047402,24685
1891.8453020472864,24686
0.0,24687
0.0,24688
2085.870651755366,24689
0.0,24690
2338.0039634859154,24691
1947.2588940101155,24692
2343.491385582741,24693
2145.9119158572985,24694
0.0,24695
2345.6750825151507,24696
0.0,24697
2196.8527183517676,24698
3690.8026806314833,24699
3296.905029690483,24700
3216.9455009988897,24701
3211.5701641224628,24702
0.0,24703
804.7355217951205,24704
1135.92455540641,24705
2353.858171717039,24706
0.0,24707
0.0,24708
0.0,24709
0.0,24710
0.0,24711
0.0,24712
0.0,24713
306.1122228778163,24714
0.0,24715
0.0,24716
0.0,24717
0.0,24718
0.0,24719
0.0,24720
0.0,24721
0.0,24722
0.0,24723
0.0,24724
0.0,24725
0.0,24726
0.0,24727
0.0,24728
0.0,24729
0.0,24730
0.0,24731
0.0,24732
0.0,24733
0.0,24734
0.0,24735
0.0,24736
0.0,24737
0.0,24738
0.0,24739
0.0,24740
0.0,24741
0.0,24742
0.0,24743
0.0,24744
0.0,24745
0.0,24746
0.0,24747
0.0,24748
0.0,24749
0.0,24750
0.0,24751
0.0,24752
0.0,24753
0.0,24754
0.0,24755
0.0,24756
661.1613865711136,24757
0.0,24758
307.83195508155956,24759
0.0,24760
3631.4379215897675,24761
0.0,24762
0.0,24763
2495.921695586092,24764
2067.2482782847314,24765
0.0,24766
3088.7976068472963,24767
3133.435717760758,24768
4104.32553060736,24769
0.0,24770
2.3557072515868773,24771
0.9508562080134123,24772
507.4401246120088,24773
0.9740924064578574,24774
0.0,24775
0.0,24776
0.0,24777
0.0,24778
2264.6259854143154,24779
5607.195337225969,24780
0.0,24781
0.0,24782
0.0,24783
0.0,24784
0.0,24785
192.2134105865458,24786
0.0,24787
3995.3181026066213,24788
3989.794023027221,24789
0.0,24790
238.06958629422104,24791
3984.803923411616,24792
0.0,24793
0.0,24794
4091.506134687694,24795
1870.6590493145254,24796
1952.7478321339704,24797
2633.194260471474,24798
0.0,24799
1858.9405491117316,24800
1871.3752139064966,24801
1880.9932596756123,24802
1891.641316338129,24803
0.0,24804
5317.300484224194,24805
6337.463641269166,24806
0.0,24807
0.0,24808
0.0,24809
0.0,24810
0.0,24811
0.0,24812
0.0,24813
0.0,24814
0.0,24815
1900.1551370853892,24816
0.0,24817
0.0,24818
4350.800919020249,24819
4340.987519257791,24820
576.5626818690008,24821
0.0,24822
3652.4454731393935,24823
0.0,24824
973.7928040742228,24825
2604.937716980805,24826
1208.7328537848407,24827
0.0,24828
1207.7690814546472,24829
743.3823221815528,24830
0.0,24831
0.0,24832
0.0,24833
0.0,24834
0.0,24835
0.0,24836
166.4008272648385,24837
93.10344980555129,24838
0.0,24839
0.0,24840
0.0,24841
435.4532145786197,24842
244.94755048921206,24843
221.39295971364066,24844
0.0,24845
0.0,24846
0.0,24847
0.0,24848
0.0,24849
0.0,24850
824.315615054277,24851
0.0,24852
0.0,24853
0.0,24854
0.0,24855
0.0,24856
0.0,24857
0.0,24858
0.0,24859
0.0,24860
0.0,24861
666.1023954115893,24862
0.0,24863
659.7033141819621,24864
0.0,24865
0.0,24866
0.0,24867
0.0,24868
0.0,24869
0.0,24870
0.0,24871
0.0,24872
158.2658662868608,24873
1401.2429693805382,24874
0.0,24875
1115.043103520273,24876
0.0,24877
0.0,24878
0.0,24879
0.0,24880
0.0,24881
0.0,24882
0.0,24883
0.0,24884
0.0,24885
0.0,24886
0.0,24887
0.0,24888
0.0,24889
0.0,24890
0.0,24891
0.0,24892
184.08990351959133,24893
0.0,24894
0.0,24895
0.0,24896
0.0,24897
0.0,24898
0.0,24899
0.0,24900
0.0,24901
3443.543480031852,24902
1052.2366077392326,24903
1275.3936141785928,24904
509.38104083422223,24905
0.0,24906
0.0,24907
0.0,24908
923.7044368161056,24909
3687.506842864002,24910
766.4235918787565,24911
0.0,24912
4197.166302405862,24913
3140.803553158508,24914
1553.001307230733,24915
3162.769441170968,24916
1487.354307956722,24917
4722.483025280831,24918
867.6226259775501,24919
2438.93537064806,24920
0.0,24921
0.0,24922
138.31344985508443,24923
134.1340392068085,24924
2989.1632541140057,24925
405.6581727801054,24926
629.4774420888625,24927
0.0,24928
534.7330240601289,24929
0.0,24930
0.0,24931
0.0,24932
560.5258584025944,24933
1153.8433661148363,24934
589.6431459459009,24935
1213.9084377535928,24936
0.0,24937
0.0,24938
116.90516727637397,24939
0.0,24940
0.0,24941
0.0,24942
0.0,24943
400.1010019841829,24944
1805.326971476153,24945
0.0,24946
0.0,24947
0.0,24948
0.0,24949
0.0,24950
0.0,24951
0.0,24952
0.0,24953
0.0,24954
0.0,24955
0.0,24956
0.0,24957
37.601120760117944,24958
0.0,24959
0.0,24960
0.0,24961
785.1311564034629,24962
2145.4257547353554,24963
2131.716026039066,24964
1385.7404528085087,24965
219.93961504074306,24966
0.0,24967
2038.2633120457488,24968
999.2414415618126,24969
1110.6780504465414,24970
0.0,24971
0.0,24972
4108.015315709813,24973
2040.9164872287588,24974
4715.7151587612325,24975
2187.567934611154,24976
1943.4026292431602,24977
473.95817523963206,24978
1397.2723175657675,24979
1057.3892308656027,24980
1031.2171308422298,24981
0.0,24982
1816.5745467775748,24983
0.0,24984
251.00007715231186,24985
0.0,24986
0.0,24987
0.0,24988
0.0,24989
5886.525792532464,24990
0.0,24991
1846.2364270203384,24992
0.0,24993
0.0,24994
0.0,24995
0.0,24996
0.0,24997
1733.7659183446685,24998
0.0,24999
0.0,25000
254.75928671844403,25001
0.0,25002
0.0,25003
552.3692974007923,25004
0.0,25005
1181.9954813466727,25006
965.7017907060266,25007
0.0,25008
991.1821081113306,25009
0.0,25010
0.0,25011
0.0,25012
0.0,25013
0.0,25014
0.0,25015
0.0,25016
0.0,25017
0.0,25018
0.0,25019
0.0,25020
295.3710652687699,25021
0.0,25022
0.0,25023
0.0,25024
0.0,25025
0.0,25026
0.0,25027
150.98420181064162,25028
0.0,25029
0.0,25030
0.0,25031
0.0,25032
0.0,25033
0.0,25034
0.0,25035
0.0,25036
0.0,25037
479.15654078606485,25038
0.0,25039
0.0,25040
461.75541162150125,25041
0.0,25042
0.0,25043
0.0,25044
0.0,25045
0.0,25046
0.0,25047
0.0,25048
0.0,25049
0.0,25050
0.0,25051
620.3098052017795,25052
0.0,25053
0.0,25054
4195.680090213743,25055
0.0,25056
0.0,25057
0.0,25058
0.0,25059
0.0,25060
0.0,25061
287.86228700920987,25062
0.0,25063
0.0,25064
0.0,25065
360.1268446135847,25066
2897.9251531601585,25067
0.0,25068
794.6984111325692,25069
480.80279900897784,25070
0.0,25071
0.0,25072
0.0,25073
0.0,25074
0.0,25075
0.0,25076
633.447522044481,25077
2205.9458380810584,25078
2214.69619351599,25079
0.0,25080
0.0,25081
0.0,25082
0.0,25083
0.0,25084
2233.5960374871547,25085
0.0,25086
1569.1559767696638,25087
1847.4025501182816,25088
0.0,25089
2288.5219544450356,25090
0.0,25091
651.8715693092146,25092
641.9703776969628,25093
0.0,25094
2275.11229662951,25095
0.0,25096
0.0,25097
1454.0043288811034,25098
0.0,25099
0.0,25100
6018.826768393209,25101
251.30218123323394,25102
0.0,25103
0.0,25104
0.0,25105
0.0,25106
543.5643668373373,25107
0.0,25108
0.0,25109
0.0,25110
0.0,25111
0.0,25112
0.0,25113
1056.0457946421616,25114
0.0,25115
0.0,25116
948.5355315285376,25117
0.0,25118
0.0,25119
2729.390114050283,25120
956.8326030561078,25121
0.0,25122
0.0,25123
0.0,25124
2390.711259544201,25125
0.0,25126
0.0,25127
0.0,25128
0.0,25129
0.0,25130
0.0,25131
0.0,25132
0.0,25133
0.0,25134
0.0,25135
0.0,25136
28.416939127733247,25137
47.16257470729122,25138
1778.3302818781203,25139
0.0,25140
0.0,25141
0.0,25142
0.0,25143
79.06206886462499,25144
0.0,25145
0.0,25146
0.0,25147
686.3368262223844,25148
0.0,25149
0.0,25150
0.0,25151
1739.6991163620946,25152
0.0,25153
0.0,25154
347.29776588993155,25155
0.0,25156
0.0,25157
701.858386953511,25158
0.0,25159
0.0,25160
0.0,25161
0.0,25162
0.0,25163
0.0,25164
3.6844176750571846,25165
0.0,25166
357.1219549630812,25167
0.0,25168
0.0,25169
0.0,25170
0.0,25171
0.0,25172
0.0,25173
0.0,25174
0.0,25175
0.0,25176
0.0,25177
0.0,25178
0.0,25179
0.0,25180
0.0,25181
0.0,25182
0.0,25183
0.0,25184
0.0,25185
0.0,25186
0.0,25187
0.0,25188
0.0,25189
0.0,25190
0.0,25191
0.0,25192
0.0,25193
0.0,25194
0.0,25195
0.0,25196
0.0,25197
0.0,25198
0.0,25199
0.0,25200
0.0,25201
0.0,25202
992.581557389936,25203
0.0,25204
0.0,25205
0.0,25206
0.0,25207
0.0,25208
0.0,25209
0.0,25210
0.0,25211
0.0,25212
0.0,25213
0.0,25214
0.0,25215
0.0,25216
0.0,25217
0.0,25218
0.0,25219
0.0,25220
0.0,25221
0.0,25222
0.0,25223
0.0,25224
0.0,25225
0.0,25226
515.9559645233345,25227
2.672487698514694,25228
898.5067305791436,25229
1200.5817567444064,25230
0.0,25231
0.0,25232
0.0,25233
0.0,25234
0.0,25235
778.0133991748098,25236
757.6117840152973,25237
907.4877957397317,25238
755.9588305399736,25239
0.0,25240
0.0,25241
0.0,25242
0.0,25243
0.0,25244
0.0,25245
0.0,25246
441.684228398448,25247
445.64965784747073,25248
1150.8120799920698,25249
443.903944295125,25250
0.0,25251
0.0,25252
0.0,25253
0.0,25254
0.0,25255
0.0,25256
0.0,25257
0.0,25258
0.0,25259
0.0,25260
0.0,25261
0.0,25262
0.0,25263
0.0,25264
0.0,25265
144.09108653483764,25266
157.5152690181405,25267
0.0,25268
0.0,25269
0.0,25270
820.0072873867794,25271
0.0,25272
842.593080257328,25273
0.0,25274
0.0,25275
145.01206127908887,25276
0.0,25277
0.0,25278
0.0,25279
0.0,25280
0.0,25281
0.0,25282
0.0,25283
0.0,25284
0.0,25285
4770.5907530387185,25286
0.0,25287
486.694604689742,25288
0.0,25289
0.0,25290
0.0,25291
0.0,25292
0.0,25293
0.0,25294
0.0,25295
0.0,25296
0.0,25297
0.0,25298
0.0,25299
0.0,25300
0.0,25301
0.0,25302
0.0,25303
0.0,25304
0.0,25305
0.0,25306
0.0,25307
0.0,25308
0.0,25309
3035.659174057154,25310
0.0,25311
0.0,25312
2481.731772556941,25313
978.549262464178,25314
3082.2295525850127,25315
1761.3084875424336,25316
2647.6466709203855,25317
2620.924401557675,25318
0.0,25319
0.0,25320
0.0,25321
0.0,25322
0.0,25323
2469.8844797580405,25324
2465.996403352497,25325
3072.0218197117324,25326
0.0,25327
548.2872205640167,25328
0.0,25329
0.0,25330
219.25876927023523,25331
0.0,25332
0.0,25333
0.0,25334
0.0,25335
0.0,25336
0.0,25337
0.0,25338
0.0,25339
0.0,25340
0.0,25341
0.0,25342
0.0,25343
0.0,25344
0.0,25345
0.0,25346
0.0,25347
0.0,25348
0.0,25349
0.0,25350
0.0,25351
0.0,25352
0.0,25353
0.0,25354
1024.1923809180137,25355
0.0,25356
0.0,25357
0.0,25358
0.0,25359
0.0,25360
0.0,25361
0.0,25362
1701.2958770625344,25363
0.0,25364
0.0,25365
0.0,25366
0.0,25367
0.0,25368
0.0,25369
0.0,25370
0.0,25371
0.0,25372
0.0,25373
0.0,25374
0.0,25375
0.0,25376
0.0,25377
873.6195187247757,25378
0.0,25379
0.0,25380
0.0,25381
0.0,25382
0.0,25383
1188.9229497171857,25384
0.0,25385
0.0,25386
67.0319549356493,25387
697.0678923400043,25388
0.0,25389
0.0,25390
0.0,25391
0.0,25392
0.0,25393
0.0,25394
0.0,25395
0.0,25396
0.0,25397
0.0,25398
0.0,25399
102.32706417348858,25400
0.0,25401
0.0,25402
0.0,25403
1710.4967565204993,25404
0.0,25405
0.0,25406
0.0,25407
0.0,25408
0.0,25409
0.0,25410
672.4294438987126,25411
297.63514149615696,25412
0.0,25413
836.455870720806,25414
0.0,25415
845.5374178964814,25416
846.7675520260912,25417
266.841447216617,25418
265.1238663657245,25419
417.80486755749695,25420
418.5373454134602,25421
0.0,25422
0.0,25423
0.0,25424
0.0,25425
0.0,25426
0.0,25427
146.60718991226125,25428
0.0,25429
0.0,25430
0.0,25431
0.0,25432
0.0,25433
19.612809797631556,25434
59.705721826862,25435
201.3493580502313,25436
0.0,25437
0.0,25438
0.0,25439
0.0,25440
0.0,25441
0.0,25442
939.0493993828188,25443
0.0,25444
0.0,25445
0.0,25446
0.0,25447
0.0,25448
0.0,25449
0.0,25450
0.0,25451
0.0,25452
0.0,25453
0.0,25454
0.0,25455
0.0,25456
0.0,25457
886.0900485730903,25458
0.0,25459
0.0,25460
0.0,25461
0.0,25462
0.0,25463
0.0,25464
0.0,25465
0.0,25466
0.0,25467
0.0,25468
2958.1767072756197,25469
0.0,25470
0.0,25471
1502.5049364675563,25472
429.63651902619466,25473
0.0,25474
2083.8872845899173,25475
0.0,25476
0.0,25477
43.53137965904512,25478
0.0,25479
0.0,25480
0.0,25481
0.0,25482
0.0,25483
0.0,25484
0.0,25485
3536.417199131141,25486
0.0,25487
0.0,25488
1865.0413777125912,25489
0.0,25490
0.0,25491
0.0,25492
0.0,25493
0.0,25494
0.0,25495
0.0,25496
0.0,25497
0.0,25498
0.0,25499
0.0,25500
0.0,25501
0.0,25502
0.0,25503
0.0,25504
0.0,25505
0.0,25506
0.0,25507
0.0,25508
190.63087637439227,25509
0.0,25510
0.0,25511
0.0,25512
0.0,25513
0.0,25514
0.0,25515
0.0,25516
4.829831725023691,25517
0.0,25518
1473.286706034633,25519
529.1726553584804,25520
0.0,25521
653.8799972817142,25522
653.6275857924272,25523
652.7858810110955,25524
651.4668887108107,25525
0.0,25526
0.0,25527
2056.717598072213,25528
0.0,25529
372.7653083801386,25530
0.0,25531
0.0,25532
0.0,25533
0.0,25534
0.0,25535
639.483513608333,25536
0.0,25537
0.0,25538
0.0,25539
0.0,25540
0.0,25541
0.0,25542
0.0,25543
0.0,25544
0.0,25545
0.0,25546
0.0,25547
0.0,25548
0.0,25549
0.0,25550
0.0,25551
0.0,25552
0.0,25553
0.0,25554
0.0,25555
0.0,25556
0.0,25557
0.0,25558
0.0,25559
0.0,25560
0.0,25561
0.0,25562
0.0,25563
0.0,25564
0.0,25565
0.0,25566
0.0,25567
2046.6318024512098,25568
0.0,25569
0.0,25570
0.0,25571
0.0,25572
703.8624462106379,25573
4580.5130399957525,25574
0.0,25575
0.0,25576
0.0,25577
0.0,25578
0.0,25579
0.0,25580
0.0,25581
392.47660938143775,25582
0.0,25583
190.61516980365496,25584
0.0,25585
0.0,25586
0.0,25587
1743.5769967705846,25588
697.7819327490739,25589
2075.0645700741757,25590
0.0,25591
0.0,25592
0.0,25593
0.0,25594
0.0,25595
2104.911366677738,25596
1856.6767081549747,25597
0.0,25598
1077.4644983755447,25599
83.074067218187,25600
1243.5505936546435,25601
2617.546208763055,25602
0.0,25603
0.0,25604
0.0,25605
0.0,25606
164.82955172016077,25607
0.0,25608
0.0,25609
0.0,25610
0.0,25611
0.0,25612
3627.1876902409476,25613
571.6852768794292,25614
457.55662646078304,25615
0.0,25616
728.6069662863573,25617
0.0,25618
0.0,25619
0.0,25620
1198.7186112796962,25621
0.0,25622
0.0,25623
2432.680662390283,25624
1867.845868393844,25625
0.0,25626
0.0,25627
743.0764822763398,25628
0.0,25629
0.0,25630
0.0,25631
0.0,25632
0.0,25633
0.0,25634
0.0,25635
0.0,25636
0.0,25637
0.0,25638
0.0,25639
0.0,25640
0.0,25641
0.0,25642
0.0,25643
3397.5236121698063,25644
0.0,25645
0.0,25646
0.0,25647
0.0,25648
0.0,25649
0.0,25650
0.0,25651
0.0,25652
0.0,25653
0.0,25654
0.0,25655
0.0,25656
0.0,25657
0.0,25658
0.0,25659
0.0,25660
0.0,25661
0.0,25662
0.0,25663
0.0,25664
0.0,25665
0.0,25666
0.0,25667
0.0,25668
824.5885936617067,25669
0.0,25670
0.0,25671
0.0,25672
113.27268387831155,25673
0.0,25674
0.0,25675
0.0,25676
0.0,25677
0.0,25678
0.0,25679
0.0,25680
0.0,25681
0.0,25682
2480.4753996072864,25683
0.0,25684
0.0,25685
0.0,25686
0.0,25687
0.0,25688
0.0,25689
0.0,25690
0.0,25691
0.0,25692
0.0,25693
0.0,25694
0.0,25695
0.0,25696
0.0,25697
0.0,25698
0.0,25699
0.0,25700
0.0,25701
0.0,25702
0.0,25703
0.0,25704
0.0,25705
0.0,25706
0.0,25707
593.1768004305534,25708
0.0,25709
588.4888577558285,25710
0.0,25711
583.0767777914003,25712
0.0,25713
0.0,25714
1141.137894995342,25715
418.1770991618922,25716
1147.3090252321183,25717
0.0,25718
0.0,25719
0.0,25720
0.0,25721
0.0,25722
0.0,25723
0.0,25724
0.0,25725
0.0,25726
0.0,25727
0.0,25728
0.0,25729
0.0,25730
0.0,25731
0.0,25732
0.0,25733
0.0,25734
0.0,25735
0.0,25736
0.0,25737
0.0,25738
0.0,25739
0.0,25740
0.0,25741
0.0,25742
0.0,25743
0.0,25744
2120.898706231095,25745
1614.3767645362127,25746
0.0,25747
675.0707234696264,25748
858.1672301393775,25749
1641.5177238826377,25750
1449.417146534797,25751
0.0,25752
2690.9666426957233,25753
3051.8735530753033,25754
3358.1068752692904,25755
1512.6765467317089,25756
0.0,25757
0.0,25758
1557.075683016533,25759
1114.563932870032,25760
0.0,25761
0.0,25762
1651.6477765568739,25763
1424.3583125416167,25764
0.0,25765
0.0,25766
444.7144128728725,25767
1185.2057122866543,25768
0.0,25769
0.0,25770
829.7418278624942,25771
1207.2273676446864,25772
0.0,25773
717.4570518239877,25774
740.5321576620021,25775
0.0,25776
0.0,25777
0.0,25778
1257.961852604221,25779
0.0,25780
0.0,25781
0.0,25782
0.0,25783
0.0,25784
0.0,25785
0.0,25786
0.0,25787
0.0,25788
0.0,25789
0.0,25790
0.0,25791
684.7494972833126,25792
0.0,25793
0.0,25794
0.0,25795
703.7426561717228,25796
0.0,25797
0.0,25798
410.03921791524164,25799
0.0,25800
0.0,25801
0.0,25802
1787.0650065503078,25803
1430.572055482229,25804
0.0,25805
0.0,25806
0.0,25807
0.0,25808
517.0189778592897,25809
0.0,25810
0.0,25811
0.0,25812
0.0,25813
2883.835724382358,25814
0.0,25815
0.0,25816
0.0,25817
2682.5558729950603,25818
0.0,25819
0.0,25820
0.0,25821
0.0,25822
0.0,25823
0.0,25824
0.0,25825
0.0,25826
0.0,25827
0.0,25828
0.0,25829
1795.131595681618,25830
0.0,25831
0.0,25832
0.0,25833
0.0,25834
0.0,25835
0.0,25836
0.0,25837
0.0,25838
0.0,25839
0.0,25840
0.0,25841
0.0,25842
0.0,25843
0.0,25844
0.0,25845
921.838989490164,25846
909.4935224499252,25847
4610.6458941480605,25848
0.0,25849
0.0,25850
0.0,25851
0.0,25852
0.0,25853
0.0,25854
0.0,25855
0.0,25856
0.0,25857
0.0,25858
0.0,25859
0.0,25860
0.0,25861
4780.557940874547,25862
0.0,25863
1550.5889857864124,25864
1538.8162253027508,25865
0.0,25866
0.0,25867
0.0,25868
0.0,25869
1526.2975929311056,25870
0.0,25871
0.0,25872
0.0,25873
0.0,25874
0.0,25875
1512.8583292014011,25876
0.0,25877
0.0,25878
0.0,25879
0.0,25880
0.0,25881
871.9578133926849,25882
190.00131555582314,25883
0.0,25884
0.0,25885
0.0,25886
0.0,25887
0.0,25888
0.0,25889
0.0,25890
0.0,25891
0.0,25892
0.0,25893
411.2673996432642,25894
0.0,25895
0.0,25896
0.0,25897
0.0,25898
0.0,25899
0.0,25900
0.0,25901
0.0,25902
0.0,25903
0.0,25904
0.0,25905
0.0,25906
0.0,25907
1523.4762594582983,25908
0.0,25909
0.0,25910
0.0,25911
862.2474749686775,25912
0.0,25913
2056.7716104586666,25914
0.0,25915
0.0,25916
0.0,25917
0.0,25918
0.0,25919
0.0,25920
0.0,25921
0.0,25922
0.0,25923
2980.2631966525996,25924
0.0,25925
330.24078862994776,25926
704.74384855417,25927
0.0,25928
0.0,25929
0.0,25930
0.0,25931
0.0,25932
0.0,25933
0.0,25934
0.0,25935
0.0,25936
0.0,25937
0.0,25938
0.0,25939
0.0,25940
0.0,25941
1019.0834047792293,25942
0.0,25943
0.0,25944
0.0,25945
0.0,25946
0.0,25947
0.0,25948
754.0966231524178,25949
0.0,25950
0.0,25951
0.0,25952
0.0,25953
0.0,25954
0.0,25955
0.0,25956
0.0,25957
0.0,25958
0.0,25959
0.0,25960
0.0,25961
0.0,25962
0.0,25963
0.0,25964
0.0,25965
0.0,25966
0.0,25967
0.0,25968
0.0,25969
0.0,25970
0.0,25971
0.0,25972
0.0,25973
0.0,25974
0.0,25975
0.0,25976
0.0,25977
0.0,25978
0.0,25979
0.0,25980
0.0,25981
0.0,25982
0.0,25983
0.0,25984
0.0,25985
0.0,25986
0.0,25987
1187.214896387307,25988
0.0,25989
0.0,25990
4644.891019217533,25991
0.0,25992
0.0,25993
0.0,25994
0.0,25995
0.0,25996
328.7632345154144,25997
568.903622841545,25998
1226.2071020235637,25999
3001.2850136611696,26000
0.0,26001
0.0,26002
0.0,26003
0.0,26004
0.0,26005
0.0,26006
0.0,26007
0.0,26008
1096.4319035483522,26009
0.0,26010
2268.630975619395,26011
2213.5950947468054,26012
596.3444487955039,26013
0.0,26014
0.0,26015
0.0,26016
0.0,26017
2775.2054020458036,26018
0.0,26019
2621.663039021914,26020
0.0,26021
0.0,26022
0.0,26023
2929.1914666394073,26024
0.0,26025
0.0,26026
0.0,26027
0.0,26028
0.0,26029
0.0,26030
0.0,26031
0.0,26032
0.0,26033
549.8599049485962,26034
0.0,26035
0.0,26036
0.0,26037
0.0,26038
0.0,26039
2687.72575376921,26040
0.0,26041
0.0,26042
1352.0638229989468,26043
1356.6973734998812,26044
2276.6186193402696,26045
81.59695710431542,26046
655.4736189838902,26047
0.0,26048
2937.836159936274,26049
3572.6532492071465,26050
0.0,26051
2721.4636244906083,26052
0.0,26053
0.0,26054
0.0,26055
0.0,26056
0.0,26057
0.0,26058
2069.90226072511,26059
0.0,26060
0.0,26061
0.0,26062
1643.7757258424456,26063
0.0,26064
0.0,26065
0.0,26066
319.09517876140467,26067
0.0,26068
0.0,26069
0.0,26070
3005.4471454360178,26071
0.0,26072
0.0,26073
0.0,26074
0.0,26075
0.0,26076
0.0,26077
0.0,26078
0.0,26079
0.0,26080
0.0,26081
0.0,26082
0.0,26083
934.4835122288105,26084
0.0,26085
0.0,26086
0.0,26087
0.0,26088
0.0,26089
0.0,26090
0.0,26091
0.0,26092
0.0,26093
0.0,26094
0.0,26095
0.0,26096
1543.2556604771155,26097
0.0,26098
0.0,26099
0.0,26100
58.36461470307277,26101
0.0,26102
3216.643922119087,26103
0.0,26104
0.0,26105
0.0,26106
0.0,26107
0.0,26108
0.0,26109
5151.9798094963235,26110
0.0,26111
4324.787307149216,26112
0.0,26113
0.0,26114
0.0,26115
0.0,26116
0.0,26117
0.0,26118
0.0,26119
0.0,26120
0.0,26121
0.0,26122
0.0,26123
0.0,26124
0.0,26125
0.0,26126
0.0,26127
0.0,26128
0.0,26129
0.0,26130
3824.3227222611636,26131
0.0,26132
0.0,26133
0.0,26134
0.0,26135
0.0,26136
0.0,26137
0.0,26138
0.0,26139
0.0,26140
0.0,26141
0.0,26142
0.0,26143
2967.6354323071064,26144
0.0,26145
0.0,26146
2962.7860678015163,26147
0.0,26148
0.0,26149
0.0,26150
0.0,26151
0.0,26152
0.0,26153
0.0,26154
0.0,26155
0.0,26156
0.0,26157
0.0,26158
0.0,26159
0.0,26160
0.0,26161
0.0,26162
0.0,26163
0.0,26164
491.29778380044655,26165
0.0,26166
0.0,26167
0.0,26168
0.0,26169
0.0,26170
0.0,26171
0.0,26172
0.0,26173
0.0,26174
0.0,26175
0.0,26176
0.0,26177
0.0,26178
506.28164696523737,26179
0.0,26180
0.0,26181
23.904793871774288,26182
152.484614919394,26183
0.0,26184
2297.1173648208937,26185
0.0,26186
2684.8700156841164,26187
0.0,26188
0.0,26189
919.256275655615,26190
0.0,26191
0.0,26192
0.0,26193
462.2981238958982,26194
0.0,26195
0.0,26196
0.0,26197
0.0,26198
0.0,26199
0.0,26200
0.0,26201
0.0,26202
0.0,26203
0.0,26204
0.0,26205
0.0,26206
0.0,26207
0.0,26208
0.0,26209
0.0,26210
0.0,26211
0.0,26212
0.0,26213
0.0,26214
2588.500411528928,26215
0.0,26216
0.0,26217
2565.991999422264,26218
0.0,26219
0.0,26220
0.0,26221
0.0,26222
0.0,26223
0.0,26224
0.0,26225
0.0,26226
0.0,26227
0.0,26228
0.0,26229
0.0,26230
0.0,26231
0.0,26232
0.0,26233
0.0,26234
0.0,26235
0.0,26236
0.0,26237
0.0,26238
0.0,26239
0.0,26240
1604.7309417052315,26241
0.0,26242
0.0,26243
1614.3886217330864,26244
12.755706381557259,26245
0.0,26246
0.0,26247
0.0,26248
0.0,26249
0.0,26250
0.0,26251
0.0,26252
0.0,26253
0.0,26254
0.0,26255
0.0,26256
187.76605496569056,26257
368.86916437250534,26258
105.52558330096672,26259
0.0,26260
0.0,26261
0.0,26262
1046.9599486766951,26263
0.0,26264
0.0,26265
0.0,26266
0.0,26267
0.0,26268
0.0,26269
0.0,26270
0.0,26271
0.0,26272
0.0,26273
0.0,26274
0.0,26275
0.0,26276
0.0,26277
0.0,26278
0.0,26279
0.0,26280
0.0,26281
0.0,26282
0.0,26283
0.0,26284
0.0,26285
0.0,26286
0.0,26287
0.0,26288
5752.399053151199,26289
4240.607756915787,26290
0.0,26291
0.0,26292
0.0,26293
0.0,26294
0.0,26295
141.4275297620708,26296
371.9577020090236,26297
0.0,26298
0.0,26299
562.2730868582322,26300
2983.701359926321,26301
0.0,26302
0.0,26303
0.0,26304
0.0,26305
0.0,26306
0.0,26307
0.0,26308
0.0,26309
1279.990839644432,26310
5697.0836126296435,26311
1133.7421083628694,26312
0.0,26313
0.0,26314
0.0,26315
0.0,26316
0.0,26317
0.0,26318
0.0,26319
0.0,26320
0.0,26321
0.0,26322
0.0,26323
0.0,26324
0.0,26325
0.0,26326
0.0,26327
0.0,26328
0.0,26329
0.0,26330
0.0,26331
0.0,26332
0.0,26333
0.0,26334
0.0,26335
0.0,26336
0.0,26337
0.0,26338
2144.5939770704235,26339
0.0,26340
0.0,26341
0.0,26342
0.0,26343
0.0,26344
0.0,26345
0.0,26346
0.0,26347
0.0,26348
0.0,26349
1006.2709167099259,26350
0.0,26351
195.65848701584358,26352
0.0,26353
0.0,26354
0.0,26355
0.0,26356
0.0,26357
0.0,26358
0.0,26359
0.0,26360
0.0,26361
0.0,26362
0.0,26363
0.0,26364
0.0,26365
598.0319077209926,26366
0.0,26367
0.0,26368
0.0,26369
0.0,26370
0.0,26371
0.0,26372
0.0,26373
0.0,26374
0.0,26375
259.4813279925843,26376
0.0,26377
2202.052692287793,26378
0.0,26379
24.931153373011515,26380
0.0,26381
0.0,26382
0.0,26383
0.0,26384
0.0,26385
0.0,26386
0.0,26387
645.3668994143015,26388
0.0,26389
0.0,26390
0.0,26391
957.5085290195462,26392
3002.7089469507237,26393
0.0,26394
0.0,26395
0.0,26396
0.0,26397
0.0,26398
0.0,26399
0.0,26400
0.0,26401
0.0,26402
0.0,26403
0.0,26404
0.0,26405
0.0,26406
0.0,26407
0.0,26408
0.0,26409
0.0,26410
0.0,26411
587.1640842514004,26412
0.0,26413
0.0,26414
0.0,26415
0.0,26416
0.0,26417
0.0,26418
0.0,26419
0.0,26420
0.0,26421
0.0,26422
0.0,26423
772.9450874173186,26424
0.0,26425
0.0,26426
0.0,26427
0.0,26428
1950.6264585633805,26429
873.0348628879942,26430
0.0,26431
0.0,26432
0.0,26433
0.0,26434
0.0,26435
0.0,26436
487.9297575482633,26437
0.0,26438
0.0,26439
939.1780785039527,26440
0.0,26441
0.0,26442
0.0,26443
0.0,26444
0.0,26445
0.0,26446
0.0,26447
0.0,26448
0.0,26449
2312.415594475528,26450
0.0,26451
0.0,26452
0.0,26453
177.23795319970353,26454
0.0,26455
0.0,26456
0.0,26457
668.0600254417919,26458
0.0,26459
500.9859983802501,26460
711.4325023850719,26461
522.2432367043003,26462
731.755705909857,26463
741.1395947108191,26464
0.0,26465
1071.4226978366155,26466
0.0,26467
766.2208714645703,26468
0.0,26469
904.8079017602363,26470
0.0,26471
740.0114358756234,26472
0.0,26473
3177.0153980947293,26474
854.813722961471,26475
0.0,26476
0.0,26477
0.0,26478
0.0,26479
0.0,26480
0.0,26481
0.0,26482
0.0,26483
0.0,26484
0.0,26485
0.0,26486
0.0,26487
0.0,26488
0.0,26489
0.0,26490
0.0,26491
0.0,26492
0.0,26493
0.0,26494
0.0,26495
0.0,26496
0.0,26497
0.0,26498
0.0,26499
0.0,26500
0.0,26501
81.0119279619851,26502
0.0,26503
447.3424181295703,26504
0.0,26505
1206.87402738604,26506
0.0,26507
737.4606015263128,26508
734.0381927040031,26509
737.1755530957658,26510
0.0,26511
0.0,26512
698.9378772961553,26513
0.0,26514
0.0,26515
0.0,26516
0.0,26517
121.73611150770634,26518
326.75385561060784,26519
145.5590893460434,26520
348.3567057751007,26521
0.0,26522
2621.281896932069,26523
3483.0515431925623,26524
0.0,26525
0.0,26526
126.1559815239817,26527
2111.280105829445,26528
0.0,26529
0.0,26530
0.0,26531
117.10154146718253,26532
0.0,26533
0.0,26534
0.0,26535
0.0,26536
0.0,26537
1939.7501543263754,26538
0.0,26539
1735.0652826147386,26540
0.0,26541
1276.2472809014596,26542
1248.3009063508553,26543
0.0,26544
0.0,26545
1265.694438173848,26546
0.0,26547
0.0,26548
988.4790591658441,26549
976.8060256380871,26550
0.0,26551
0.0,26552
0.0,26553
169.12136746539502,26554
3861.7942018108192,26555
0.0,26556
0.0,26557
0.0,26558
2650.84823717559,26559
601.2179095854985,26560
0.0,26561
260.0156237828265,26562
0.0,26563
0.0,26564
0.0,26565
0.0,26566
467.80373035244105,26567
0.0,26568
0.0,26569
0.0,26570
0.0,26571
0.0,26572
0.0,26573
0.0,26574
0.0,26575
177.33610576746426,26576
0.0,26577
0.0,26578
0.0,26579
0.0,26580
614.784603977127,26581
0.0,26582
0.0,26583
0.0,26584
3180.072763223651,26585
703.23178949485,26586
262.95400942740685,26587
805.7536256829322,26588
0.0,26589
930.5262463370042,26590
0.0,26591
0.0,26592
0.0,26593
0.0,26594
1830.5148337792043,26595
0.0,26596
0.0,26597
0.0,26598
278.5213036046831,26599
1486.424070308324,26600
0.0,26601
0.0,26602
0.0,26603
0.0,26604
234.12687010880808,26605
0.0,26606
0.0,26607
1033.9295836733352,26608
1084.4118623529407,26609
552.032187327247,26610
0.0,26611
0.0,26612
0.0,26613
0.0,26614
293.240666370251,26615
0.0,26616
514.0653194135001,26617
0.0,26618
0.0,26619
2397.29526446918,26620
0.0,26621
0.0,26622
0.0,26623
0.0,26624
0.0,26625
1529.696568034166,26626
0.0,26627
0.0,26628
0.0,26629
0.0,26630
0.0,26631
0.0,26632
0.0,26633
549.6483811156487,26634
2391.1404314174774,26635
2392.7087075404474,26636
52.926965340275686,26637
0.0,26638
0.0,26639
0.0,26640
0.0,26641
0.0,26642
0.0,26643
0.0,26644
0.0,26645
601.31229922519,26646
17.80167487940288,26647
0.0,26648
133.69509493354946,26649
0.0,26650
0.0,26651
0.0,26652
0.0,26653
0.0,26654
0.0,26655
0.0,26656
0.0,26657
3738.3532987237227,26658
0.0,26659
426.9236671862085,26660
0.0,26661
0.0,26662
0.0,26663
0.0,26664
0.0,26665
0.0,26666
0.0,26667
0.0,26668
0.0,26669
0.0,26670
2392.5035417990716,26671
0.0,26672
0.0,26673
0.0,26674
0.0,26675
0.0,26676
0.0,26677
700.6341334769124,26678
0.0,26679
0.0,26680
767.6052409961666,26681
0.0,26682
0.0,26683
0.0,26684
0.0,26685
0.0,26686
0.0,26687
0.0,26688
0.0,26689
5.840537113846504,26690
0.0,26691
0.0,26692
0.0,26693
0.0,26694
0.0,26695
0.0,26696
0.0,26697
0.0,26698
0.0,26699
0.0,26700
288.8300772322248,26701
0.0,26702
0.0,26703
0.0,26704
0.0,26705
289.02248300345707,26706
0.0,26707
0.0,26708
0.0,26709
0.0,26710
281.22860060040193,26711
0.0,26712
126.23756920325884,26713
0.0,26714
0.0,26715
0.0,26716
0.0,26717
0.0,26718
0.0,26719
0.0,26720
0.0,26721
958.9942635192509,26722
943.121865538641,26723
0.0,26724
0.0,26725
0.0,26726
67.92246144224929,26727
0.0,26728
0.0,26729
0.0,26730
63.040886475939,26731
0.0,26732
0.0,26733
0.0,26734
0.0,26735
57.10075901559887,26736
0.0,26737
0.0,26738
0.0,26739
0.0,26740
0.0,26741
0.0,26742
0.0,26743
0.0,26744
0.0,26745
0.0,26746
50.1984025658396,26747
0.0,26748
0.0,26749
0.0,26750
0.0,26751
0.0,26752
0.0,26753
0.0,26754
0.0,26755
0.0,26756
0.0,26757
0.0,26758
0.0,26759
0.0,26760
0.0,26761
0.0,26762
0.0,26763
0.0,26764
186.15663921302348,26765
0.0,26766
0.0,26767
0.0,26768
0.0,26769
44.06599263717186,26770
0.0,26771
0.0,26772
0.0,26773
36.29347678315304,26774
0.0,26775
0.0,26776
0.0,26777
0.0,26778
0.0,26779
0.0,26780
0.0,26781
0.0,26782
0.0,26783
28.908865280398047,26784
0.0,26785
0.0,26786
0.0,26787
0.0,26788
0.0,26789
0.0,26790
0.0,26791
0.0,26792
0.0,26793
0.0,26794
22.289930499730605,26795
0.0,26796
0.0,26797
0.0,26798
0.0,26799
0.0,26800
0.0,26801
16.657874357488403,26802
12.08402678417518,26803
1024.1975142578453,26804
4035.3650032438914,26805
0.0,26806
0.0,26807
0.0,26808
0.0,26809
7.745968992546432,26810
0.0,26811
279.8346468189444,26812
0.0,26813
0.0,26814
0.0,26815
0.0,26816
0.0,26817
0.0,26818
0.0,26819
0.0,26820
0.0,26821
0.0,26822
0.0,26823
10.799181446489799,26824
0.0,26825
0.0,26826
9.201230900906795,26827
0.0,26828
0.0,26829
0.0,26830
0.0,26831
0.0,26832
0.0,26833
7.718248877813767,26834
0.0,26835
0.0,26836
0.0,26837
0.0,26838
0.0,26839
0.0,26840
0.0,26841
0.0,26842
0.0,26843
0.0,26844
0.0,26845
2866.599606792219,26846
0.0,26847
896.9373057016219,26848
0.0,26849
0.0,26850
0.0,26851
0.0,26852
0.0,26853
0.0,26854
0.0,26855
0.0,26856
0.08745823962997173,26857
0.0,26858
0.0,26859
0.0,26860
339.91915431932557,26861
0.0,26862
0.0,26863
0.0,26864
0.0,26865
555.1025904323654,26866
0.0,26867
0.0,26868
0.0,26869
0.0,26870
1872.7871176433337,26871
0.0,26872
0.0,26873
0.0,26874
0.0,26875
142.7140254904176,26876
0.0,26877
0.0,26878
0.0,26879
0.0,26880
0.0,26881
805.443451592238,26882
0.0,26883
0.0,26884
813.2913996509627,26885
1442.1195479045764,26886
559.3952039454769,26887
0.0,26888
3114.2422474911245,26889
206.91558274380643,26890
0.0,26891
0.0,26892
0.0,26893
0.0,26894
0.0,26895
122.25393427260083,26896
167.46695713091378,26897
1762.5337777922794,26898
0.0,26899
0.0,26900
0.0,26901
0.0,26902
0.0,26903
0.0,26904
0.0,26905
0.0,26906
0.0,26907
0.0,26908
0.0,26909
0.0,26910
0.0,26911
0.0,26912
0.0,26913
0.0,26914
0.0,26915
0.0,26916
0.0,26917
0.0,26918
0.0,26919
0.0,26920
1324.0750841894996,26921
0.0,26922
817.9733334098338,26923
0.0,26924
0.0,26925
0.0,26926
0.0,26927
0.0,26928
0.0,26929
0.0,26930
0.0,26931
0.0,26932
0.0,26933
0.0,26934
0.0,26935
0.0,26936
0.0,26937
0.0,26938
0.0,26939
974.3462947137117,26940
0.0,26941
0.0,26942
0.0,26943
0.0,26944
0.0,26945
0.0,26946
0.0,26947
0.0,26948
0.0,26949
0.0,26950
0.0,26951
0.0,26952
0.0,26953
0.0,26954
0.0,26955
150.03256694016656,26956
0.0,26957
160.18378858141713,26958
0.0,26959
0.0,26960
0.0,26961
0.0,26962
735.3041557124978,26963
6218.011521859035,26964
771.7312686204386,26965
0.0,26966
0.0,26967
0.0,26968
0.0,26969
1064.5406063551195,26970
1302.5387531706535,26971
928.9069341850789,26972
0.0,26973
2111.148238209945,26974
178.33092154868987,26975
3624.376497216105,26976
0.0,26977
0.0,26978
3321.159624729857,26979
0.0,26980
1789.774008769038,26981
0.0,26982
0.0,26983
0.0,26984
0.0,26985
0.0,26986
0.0,26987
0.0,26988
0.0,26989
0.0,26990
0.0,26991
0.0,26992
229.85468087845072,26993
0.0,26994
0.0,26995
0.0,26996
0.0,26997
0.0,26998
507.6869700014432,26999
0.0,27000
0.0,27001
0.0,27002
0.0,27003
0.0,27004
0.0,27005
1459.4999658018498,27006
0.0,27007
1212.4257721532235,27008
0.0,27009
899.7635571143612,27010
785.0041302099768,27011
1918.0371126148405,27012
0.0,27013
1048.1208922150333,27014
0.0,27015
0.0,27016
2158.8083902841217,27017
0.0,27018
0.0,27019
105.60954699159726,27020
115.42838114157199,27021
0.0,27022
2347.2355292150805,27023
2147.0924284801345,27024
2159.2441500311756,27025
0.0,27026
1564.2746696071688,27027
0.0,27028
340.1474263239648,27029
0.0,27030
204.44767468414756,27031
0.0,27032
0.0,27033
0.0,27034
353.86958790337144,27035
0.0,27036
1445.656205125536,27037
0.0,27038
428.0929034339832,27039
0.0,27040
0.0,27041
0.0,27042
0.0,27043
0.0,27044
0.0,27045
118.22225262146291,27046
0.0,27047
146.54994522455425,27048
1213.892364243513,27049
3637.5428021809134,27050
3093.008855697669,27051
0.0,27052
431.5483181186769,27053
0.0,27054
0.0,27055
0.0,27056
0.0,27057
0.0,27058
1749.3669864161243,27059
0.0,27060
0.0,27061
0.0,27062
0.0,27063
0.0,27064
0.0,27065
0.0,27066
0.0,27067
0.0,27068
0.0,27069
0.0,27070
0.0,27071
0.0,27072
0.0,27073
0.0,27074
0.0,27075
0.0,27076
0.0,27077
0.0,27078
0.0,27079
0.0,27080
0.0,27081
0.0,27082
0.0,27083
0.0,27084
0.0,27085
0.0,27086
0.0,27087
0.0,27088
0.0,27089
0.0,27090
0.0,27091
2052.2880425079547,27092
0.0,27093
0.0,27094
0.0,27095
1997.1635357514542,27096
0.0,27097
0.0,27098
0.0,27099
0.0,27100
490.35201924410546,27101
263.47030953183406,27102
0.0,27103
402.3324240851748,27104
450.3111134933351,27105
0.0,27106
0.0,27107
0.0,27108
0.0,27109
0.0,27110
1432.958150484812,27111
0.0,27112
0.0,27113
5442.483124169333,27114
0.0,27115
0.0,27116
0.0,27117
0.0,27118
0.0,27119
0.0,27120
0.0,27121
0.0,27122
0.0,27123
0.0,27124
0.0,27125
0.0,27126
0.0,27127
0.0,27128
0.0,27129
0.0,27130
0.0,27131
0.0,27132
0.0,27133
0.0,27134
0.0,27135
0.0,27136
0.0,27137
0.0,27138
0.0,27139
0.0,27140
0.0,27141
0.0,27142
0.0,27143
0.0,27144
0.0,27145
202.3482673540312,27146
0.0,27147
0.0,27148
0.0,27149
0.0,27150
581.0951818164745,27151
7.263152565855845,27152
21.866017408365206,27153
0.0,27154
0.0,27155
0.0,27156
0.0,27157
0.0,27158
0.0,27159
0.0,27160
0.0,27161
0.0,27162
0.0,27163
0.0,27164
0.0,27165
0.0,27166
0.0,27167
0.0,27168
0.0,27169
0.0,27170
0.0,27171
0.0,27172
0.0,27173
0.0,27174
0.0,27175
0.0,27176
0.0,27177
0.0,27178
0.0,27179
0.0,27180
0.0,27181
0.0,27182
0.0,27183
0.0,27184
0.0,27185
0.0,27186
0.0,27187
0.0,27188
0.0,27189
0.0,27190
0.0,27191
0.0,27192
0.0,27193
0.0,27194
0.0,27195
0.0,27196
0.0,27197
0.0,27198
1771.0741304366818,27199
0.0,27200
41.75676965048963,27201
0.0,27202
0.0,27203
0.0,27204
0.0,27205
0.0,27206
0.0,27207
0.0,27208
0.0,27209
1577.4232418316049,27210
0.0,27211
520.0247786688666,27212
0.0,27213
486.61216654652134,27214
0.0,27215
0.0,27216
1388.5490943768425,27217
0.0,27218
0.0,27219
0.0,27220
0.0,27221
0.0,27222
0.0,27223
0.0,27224
0.0,27225
0.0,27226
454.21316526813064,27227
0.0,27228
0.0,27229
0.0,27230
0.0,27231
1859.499426797703,27232
2305.2917898648707,27233
1026.3569844801527,27234
0.0,27235
2359.760072508668,27236
0.0,27237
2372.4560573235526,27238
0.0,27239
2015.0957618859975,27240
2002.6273577487068,27241
2045.7212441483664,27242
2063.685963301841,27243
2252.07609408935,27244
857.6774380429648,27245
1073.3175909092688,27246
1243.7249833736066,27247
1044.7068409372189,27248
0.0,27249
0.0,27250
0.0,27251
953.148154338563,27252
973.7238713570952,27253
991.943981556852,27254
1007.6200229136628,27255
0.0,27256
0.0,27257
0.0,27258
285.9889065543472,27259
0.0,27260
924.6995932641971,27261
916.5095042017376,27262
0.0,27263
730.7253629240064,27264
0.0,27265
952.9266007815579,27266
964.5075970180156,27267
975.5939042803851,27268
0.0,27269
0.0,27270
0.0,27271
0.0,27272
0.0,27273
0.0,27274
0.0,27275
0.0,27276
0.0,27277
0.0,27278
0.0,27279
0.0,27280
420.55575500488777,27281
0.0,27282
0.0,27283
0.0,27284
0.0,27285
0.0,27286
0.0,27287
0.0,27288
964.3666978020136,27289
1544.9543758673315,27290
1643.5796084500876,27291
1550.9198373715324,27292
0.0,27293
1555.105791838712,27294
0.0,27295
0.0,27296
0.0,27297
0.0,27298
0.0,27299
0.0,27300
0.0,27301
0.0,27302
0.0,27303
0.0,27304
0.0,27305
0.0,27306
0.0,27307
0.0,27308
0.0,27309
0.0,27310
0.0,27311
0.0,27312
0.0,27313
0.0,27314
0.0,27315
0.0,27316
0.0,27317
0.0,27318
0.0,27319
0.0,27320
0.0,27321
0.0,27322
0.0,27323
0.0,27324
0.0,27325
0.0,27326
0.0,27327
0.0,27328
0.0,27329
0.0,27330
0.0,27331
0.0,27332
0.0,27333
0.0,27334
0.0,27335
0.0,27336
856.2720762243634,27337
0.0,27338
0.0,27339
0.0,27340
0.0,27341
4376.09036620136,27342
0.0,27343
0.0,27344
0.0,27345
0.0,27346
0.0,27347
0.0,27348
0.0,27349
0.0,27350
0.0,27351
0.0,27352
0.0,27353
0.0,27354
0.0,27355
0.0,27356
0.0,27357
0.0,27358
0.0,27359
0.0,27360
0.0,27361
473.4953358857909,27362
0.0,27363
0.0,27364
0.0,27365
0.0,27366
0.0,27367
0.0,27368
0.0,27369
913.3317059356638,27370
0.0,27371
0.0,27372
0.0,27373
114.86265908039661,27374
0.0,27375
0.0,27376
0.0,27377
0.0,27378
0.0,27379
0.0,27380
0.0,27381
0.0,27382
0.0,27383
0.0,27384
0.0,27385
0.0,27386
0.0,27387
0.0,27388
0.0,27389
0.0,27390
2543.572945978192,27391
1078.1736769549386,27392
446.9334181690547,27393
3161.77671026823,27394
0.0,27395
1152.4124485645257,27396
504.4037593939822,27397
0.0,27398
0.0,27399
2591.223905287716,27400
2597.338021032054,27401
0.0,27402
372.05877640623345,27403
0.0,27404
0.0,27405
3169.739157654029,27406
0.0,27407
521.2464122875444,27408
0.0,27409
0.0,27410
0.0,27411
0.0,27412
0.0,27413
0.0,27414
0.0,27415
0.0,27416
38.13266918931408,27417
530.0965094927035,27418
0.0,27419
0.0,27420
0.0,27421
0.0,27422
0.0,27423
0.0,27424
0.0,27425
0.0,27426
0.0,27427
0.0,27428
679.8642343468072,27429
0.0,27430
1439.7493040961795,27431
2819.8739228209865,27432
0.0,27433
848.3563557505287,27434
840.8294135029577,27435
835.0131425088571,27436
830.3055735763078,27437
826.1273960963838,27438
0.0,27439
5047.034788355534,27440
0.0,27441
0.0,27442
0.0,27443
0.0,27444
0.0,27445
0.0,27446
0.0,27447
0.0,27448
0.0,27449
0.0,27450
0.0,27451
0.0,27452
0.0,27453
0.0,27454
0.0,27455
0.0,27456
0.0,27457
0.0,27458
0.0,27459
0.0,27460
0.0,27461
0.0,27462
0.0,27463
0.0,27464
0.0,27465
0.0,27466
0.0,27467
0.0,27468
0.0,27469
0.0,27470
0.0,27471
0.0,27472
0.0,27473
0.0,27474
0.0,27475
0.0,27476
0.0,27477
0.0,27478
0.0,27479
0.0,27480
0.0,27481
0.0,27482
0.0,27483
0.0,27484
0.0,27485
386.5904169552027,27486
0.0,27487
0.0,27488
0.0,27489
0.0,27490
0.0,27491
0.0,27492
0.0,27493
0.0,27494
0.0,27495
0.0,27496
0.0,27497
0.0,27498
0.0,27499
0.0,27500
0.0,27501
0.0,27502
0.0,27503
0.0,27504
0.0,27505
0.0,27506
0.0,27507
0.0,27508
0.0,27509
0.0,27510
0.0,27511
0.0,27512
0.0,27513
0.0,27514
0.0,27515
0.0,27516
0.0,27517
0.0,27518
0.0,27519
0.0,27520
0.0,27521
0.0,27522
0.0,27523
0.0,27524
0.0,27525
0.0,27526
184.12670141305753,27527
0.0,27528
0.0,27529
19767.603108146883,27530
0.0,27531
0.0,27532
0.0,27533
0.0,27534
0.0,27535
0.0,27536
0.0,27537
0.0,27538
2375.142260897652,27539
0.0,27540
0.0,27541
0.0,27542
0.0,27543
0.0,27544
235.38863376217373,27545
0.0,27546
0.0,27547
0.0,27548
0.0,27549
0.0,27550
0.0,27551
0.0,27552
0.0,27553
0.0,27554
0.0,27555
0.0,27556
0.0,27557
0.0,27558
0.0,27559
0.0,27560
0.0,27561
0.0,27562
1485.0915167335302,27563
0.0,27564
0.0,27565
0.0,27566
0.0,27567
0.0,27568
0.0,27569
0.0,27570
0.0,27571
0.0,27572
0.0,27573
0.0,27574
0.0,27575
0.0,27576
0.0,27577
0.0,27578
0.0,27579
0.0,27580
0.0,27581
0.0,27582
0.0,27583
0.0,27584
0.0,27585
0.0,27586
0.0,27587
0.0,27588
0.0,27589
0.0,27590
0.0,27591
0.0,27592
0.0,27593
0.0,27594
0.0,27595
0.0,27596
0.0,27597
0.0,27598
0.0,27599
0.0,27600
0.0,27601
214.0598558253189,27602
0.0,27603
818.9040016705154,27604
0.0,27605
0.0,27606
0.0,27607
0.0,27608
0.0,27609
0.0,27610
0.0,27611
0.0,27612
0.0,27613
0.0,27614
0.0,27615
0.0,27616
0.0,27617
0.0,27618
5852.9685870053145,27619
0.0,27620
0.0,27621
0.0,27622
0.0,27623
0.0,27624
0.0,27625
0.0,27626
164.48317708714683,27627
166.10636568058774,27628
168.6765267458734,27629
320.37289217148685,27630
0.0,27631
171.86810897605253,27632
0.0,27633
0.0,27634
0.0,27635
1884.6147407150106,27636
1670.3051236467766,27637
1193.2517957262874,27638
3138.901881473317,27639
3492.7643061264016,27640
2026.4460558219055,27641
5121.077416645116,27642
2163.0988445694657,27643
0.0,27644
1539.703780221576,27645
1548.924166975771,27646
1557.186906648785,27647
0.0,27648
2193.0397734559106,27649
2034.097896762178,27650
2679.1855114779773,27651
0.0,27652
20.310827945931262,27653
5209.280900819761,27654
0.0,27655
3236.412708438399,27656
3129.3877005386676,27657
0.0,27658
934.6579959387892,27659
0.0,27660
0.0,27661
3359.6320497715597,27662
3232.537848802495,27663
451.9883516853944,27664
1015.5137900753415,27665
0.0,27666
1347.1675268506456,27667
1059.1861697820807,27668
0.4734653750431623,27669
0.0,27670
2117.2911129107465,27671
0.0,27672
1877.129055276949,27673
0.0,27674
0.0,27675
375.31932651779397,27676
423.0908739344803,27677
116.49942301538275,27678
0.0,27679
136.52323435912226,27680
0.0,27681
1298.9296284370441,27682
119.19565132913822,27683
1573.9750265758903,27684
32.67403571850112,27685
23.04764595252287,27686
0.0,27687
0.0,27688
139.45020368607723,27689
0.0,27690
0.0,27691
417.74187622465337,27692
0.0,27693
79.29874550819102,27694
0.0,27695
62.502946241085425,27696
0.0,27697
1534.8798333102297,27698
0.0,27699
0.0,27700
0.0,27701
0.0,27702
945.2282446830442,27703
0.0,27704
782.7941845528372,27705
61.43364968265584,27706
0.0,27707
277.15158605877303,27708
0.0,27709
0.0,27710
0.0,27711
36.34930683534516,27712
0.0,27713
0.0,27714
683.218577202154,27715
0.0,27716
0.0,27717
0.0,27718
0.0,27719
0.0,27720
517.3967139961857,27721
275.01393565255984,27722
0.0,27723
0.0,27724
0.0,27725
0.0,27726
0.0,27727
0.0,27728
0.0,27729
0.0,27730
0.0,27731
0.0,27732
0.0,27733
0.0,27734
0.0,27735
0.0,27736
0.0,27737
0.0,27738
0.0,27739
0.0,27740
0.0,27741
0.0,27742
0.0,27743
0.0,27744
1025.6657809319215,27745
0.0,27746
0.0,27747
0.0,27748
1586.7575622669551,27749
0.0,27750
0.0,27751
0.0,27752
674.799301041757,27753
0.0,27754
0.0,27755
0.0,27756
3416.5866809190766,27757
0.0,27758
0.0,27759
0.0,27760
2938.009963906121,27761
0.0,27762
0.0,27763
0.0,27764
0.0,27765
2420.317046331824,27766
1482.5822691781523,27767
0.0,27768
2855.1641991018787,27769
0.0,27770
0.0,27771
0.0,27772
0.0,27773
0.0,27774
0.0,27775
0.0,27776
0.0,27777
0.0,27778
0.0,27779
0.0,27780
0.0,27781
0.0,27782
0.0,27783
0.0,27784
0.0,27785
0.0,27786
0.0,27787
608.6526647362144,27788
0.0,27789
0.0,27790
1753.4116967456584,27791
0.0,27792
0.0,27793
0.0,27794
2761.9569136006016,27795
0.0,27796
1122.7379524934702,27797
0.0,27798
0.0,27799
1824.142383199737,27800
2039.334369776147,27801
0.0,27802
0.0,27803
0.0,27804
0.0,27805
0.0,27806
0.0,27807
0.0,27808
0.0,27809
0.0,27810
0.0,27811
1265.3626286830481,27812
0.0,27813
0.0,27814
0.0,27815
807.204578762372,27816
0.0,27817
1613.9240882229387,27818
0.0,27819
1511.3757341922235,27820
0.0,27821
0.0,27822
0.0,27823
0.0,27824
0.0,27825
0.0,27826
0.0,27827
181.14467475152298,27828
1969.6307187610612,27829
2048.6501476732483,27830
3369.5500925760466,27831
0.0,27832
0.0,27833
0.0,27834
0.0,27835
279.97666435202535,27836
170.06691504657923,27837
0.0,27838
0.0,27839
1544.81964598256,27840
0.0,27841
0.0,27842
2556.646344149649,27843
470.77735568211386,27844
1553.9419721265458,27845
501.29322705681125,27846
0.0,27847
0.0,27848
0.0,27849
1407.2658882989724,27850
0.0,27851
0.0,27852
0.0,27853
0.0,27854
0.0,27855
0.0,27856
0.0,27857
0.0,27858
0.0,27859
0.0,27860
0.0,27861
0.0,27862
0.0,27863
0.0,27864
0.0,27865
0.0,27866
0.0,27867
0.0,27868
1758.3844237140847,27869
0.0,27870
0.0,27871
0.0,27872
0.0,27873
0.0,27874
0.0,27875
0.0,27876
0.0,27877
0.0,27878
0.0,27879
0.0,27880
0.0,27881
0.0,27882
0.0,27883
0.0,27884
0.0,27885
0.0,27886
0.0,27887
0.0,27888
0.0,27889
0.0,27890
0.0,27891
0.0,27892
0.0,27893
0.0,27894
0.0,27895
1713.2612805349004,27896
0.0,27897
0.0,27898
0.0,27899
0.0,27900
0.0,27901
0.0,27902
0.0,27903
0.0,27904
657.1012260687371,27905
0.0,27906
0.0,27907
0.0,27908
0.0,27909
0.0,27910
0.0,27911
0.0,27912
0.0,27913
1977.1245780854622,27914
0.0,27915
574.4777664748937,27916
0.0,27917
182.00316211826595,27918
0.0,27919
0.0,27920
0.0,27921
0.0,27922
0.0,27923
0.0,27924
0.0,27925
0.0,27926
0.0,27927
0.0,27928
0.0,27929
0.0,27930
0.0,27931
864.3074281620251,27932
1203.6224456339855,27933
0.0,27934
0.0,27935
0.0,27936
0.0,27937
0.0,27938
0.0,27939
0.0,27940
0.0,27941
0.0,27942
0.0,27943
0.0,27944
0.0,27945
0.0,27946
0.0,27947
0.0,27948
0.0,27949
0.0,27950
0.0,27951
0.0,27952
0.0,27953
0.0,27954
0.0,27955
0.0,27956
0.0,27957
0.0,27958
0.0,27959
523.6068823908988,27960
503.64418254141896,27961
0.0,27962
0.0,27963
0.0,27964
0.0,27965
0.0,27966
0.0,27967
0.0,27968
0.0,27969
0.0,27970
140.8059161451509,27971
0.0,27972
0.0,27973
0.0,27974
0.0,27975
0.0,27976
0.0,27977
0.0,27978
0.0,27979
0.0,27980
0.0,27981
0.0,27982
0.0,27983
0.0,27984
0.0,27985
0.0,27986
0.0,27987
0.0,27988
0.0,27989
0.0,27990
0.0,27991
0.0,27992
0.0,27993
0.0,27994
0.0,27995
0.0,27996
0.0,27997
0.0,27998
0.0,27999
0.0,28000
0.0,28001
0.0,28002
0.0,28003
0.0,28004
0.0,28005
0.0,28006
0.0,28007
0.0,28008
0.0,28009
0.0,28010
0.0,28011
0.0,28012
0.0,28013
0.0,28014
0.0,28015
0.0,28016
0.0,28017
0.0,28018
0.0,28019
0.0,28020
0.0,28021
0.0,28022
0.0,28023
0.0,28024
0.0,28025
0.0,28026
0.0,28027
0.0,28028
0.0,28029
0.0,28030
2148.548342013716,28031
0.0,28032
0.0,28033
0.0,28034
0.0,28035
0.0,28036
0.0,28037
0.0,28038
0.0,28039
500.7944928075305,28040
0.0,28041
0.0,28042
0.0,28043
0.0,28044
0.0,28045
0.0,28046
0.0,28047
0.0,28048
0.0,28049
0.0,28050
0.0,28051
0.0,28052
0.0,28053
0.0,28054
0.0,28055
0.0,28056
0.0,28057
0.0,28058
0.0,28059
0.0,28060
0.0,28061
0.0,28062
0.0,28063
0.0,28064
0.0,28065
0.0,28066
0.0,28067
0.0,28068
0.0,28069
0.0,28070
0.0,28071
0.0,28072
0.0,28073
0.0,28074
0.0,28075
0.0,28076
0.0,28077
0.0,28078
0.0,28079
0.0,28080
86.60056443498426,28081
0.0,28082
0.0,28083
0.0,28084
0.0,28085
0.0,28086
0.0,28087
0.0,28088
429.9784433157484,28089
0.0,28090
0.0,28091
0.0,28092
0.0,28093
0.0,28094
0.0,28095
0.0,28096
0.0,28097
0.0,28098
0.0,28099
0.0,28100
0.0,28101
0.0,28102
0.0,28103
0.0,28104
0.0,28105
0.0,28106
0.0,28107
0.0,28108
0.0,28109
0.0,28110
0.0,28111
0.0,28112
0.0,28113
0.0,28114
0.0,28115
0.0,28116
0.0,28117
0.0,28118
0.0,28119
0.0,28120
0.0,28121
0.0,28122
0.0,28123
0.0,28124
0.0,28125
0.0,28126
0.0,28127
0.0,28128
0.0,28129
0.0,28130
0.0,28131
0.0,28132
0.0,28133
0.0,28134
0.0,28135
0.0,28136
0.0,28137
0.0,28138
0.0,28139
0.0,28140
0.0,28141
0.0,28142
0.0,28143
0.0,28144
83.87706875239108,28145
0.0,28146
0.0,28147
0.0,28148
0.0,28149
297.2473986035523,28150
0.0,28151
0.0,28152
0.0,28153
0.0,28154
0.0,28155
0.0,28156
0.0,28157
0.0,28158
0.0,28159
0.0,28160
0.0,28161
0.0,28162
0.0,28163
0.0,28164
0.0,28165
0.0,28166
0.0,28167
0.0,28168
0.0,28169
0.0,28170
0.0,28171
0.0,28172
0.0,28173
0.0,28174
0.0,28175
0.0,28176
0.0,28177
0.0,28178
0.0,28179
0.0,28180
0.0,28181
0.0,28182
0.0,28183
0.0,28184
0.0,28185
0.0,28186
0.0,28187
0.0,28188
0.0,28189
0.0,28190
0.0,28191
0.0,28192
0.0,28193
1215.9562877158246,28194
0.0,28195
0.0,28196
0.0,28197
0.0,28198
0.0,28199
0.0,28200
0.0,28201
0.0,28202
0.0,28203
0.0,28204
0.0,28205
0.0,28206
0.0,28207
0.0,28208
0.0,28209
0.0,28210
0.0,28211
0.0,28212
0.0,28213
0.0,28214
0.0,28215
0.0,28216
0.0,28217
0.0,28218
0.0,28219
0.0,28220
0.0,28221
0.0,28222
0.0,28223
0.0,28224
0.0,28225
0.0,28226
0.0,28227
0.0,28228
0.0,28229
0.0,28230
0.0,28231
0.0,28232
0.0,28233
0.0,28234
0.0,28235
0.0,28236
0.0,28237
0.0,28238
0.0,28239
0.0,28240
0.0,28241
0.0,28242
0.0,28243
0.0,28244
0.0,28245
0.0,28246
0.0,28247
0.0,28248
0.0,28249
0.0,28250
0.0,28251
0.0,28252
0.0,28253
0.0,28254
0.0,28255
0.0,28256
0.0,28257
0.0,28258
0.0,28259
0.0,28260
0.0,28261
0.0,28262
0.0,28263
0.0,28264
0.0,28265
0.0,28266
0.0,28267
0.0,28268
0.0,28269
0.0,28270
0.0,28271
0.0,28272
0.0,28273
0.0,28274
0.0,28275
0.0,28276
0.0,28277
0.0,28278
0.0,28279
0.0,28280
0.0,28281
0.0,28282
0.0,28283
0.0,28284
0.0,28285
0.0,28286
0.0,28287
0.0,28288
0.0,28289
0.0,28290
0.0,28291
0.0,28292
0.0,28293
0.0,28294
0.0,28295
0.0,28296
0.0,28297
0.0,28298
0.0,28299
0.0,28300
0.0,28301
0.06770580850721265,28302
0.0,28303
0.0,28304
0.0,28305
0.0,28306
0.0,28307
1606.2934534591127,28308
0.0,28309
0.0,28310
0.0,28311
0.0,28312
0.0,28313
960.7452225455064,28314
0.0,28315
0.0,28316
0.0,28317
0.0,28318
0.0,28319
0.0,28320
0.0,28321
0.0,28322
0.0,28323
0.0,28324
0.0,28325
0.0,28326
0.0,28327
0.0,28328
0.0,28329
0.0,28330
0.0,28331
0.0,28332
0.0,28333
0.0,28334
0.0,28335
0.0,28336
545.8135207484457,28337
0.0,28338
0.0,28339
0.0,28340
0.0,28341
717.5532758117713,28342
0.0,28343
0.0,28344
0.0,28345
0.0,28346
0.0,28347
0.0,28348
346.47908815099026,28349
0.0,28350
0.0,28351
0.0,28352
0.0,28353
0.0,28354
0.0,28355
0.0,28356
0.0,28357
0.0,28358
0.0,28359
46.62922285529906,28360
0.0,28361
759.1751212048223,28362
0.0,28363
0.0,28364
0.0,28365
0.0,28366
0.0,28367
0.0,28368
0.0,28369
0.0,28370
0.0,28371
0.0,28372
0.0,28373
0.0,28374
0.0,28375
0.0,28376
0.0,28377
0.0,28378
0.0,28379
0.0,28380
0.0,28381
0.0,28382
0.0,28383
0.0,28384
0.0,28385
1198.7908462272892,28386
124.0600032639644,28387
0.0,28388
0.0,28389
0.0,28390
0.0,28391
0.0,28392
133.7718105280045,28393
143.66491417186842,28394
0.0,28395
0.0,28396
0.0,28397
0.0,28398
497.0718668274891,28399
1109.8046788793367,28400
0.0,28401
0.0,28402
570.8124511122218,28403
0.0,28404
694.6847108925466,28405
0.0,28406
0.0,28407
0.0,28408
0.0,28409
0.0,28410
0.0,28411
0.0,28412
0.0,28413
0.0,28414
0.0,28415
0.0,28416
0.0,28417
0.0,28418
0.0,28419
2870.8049681392213,28420
0.0,28421
1692.060750589215,28422
2425.455946884344,28423
0.0,28424
0.0,28425
0.0,28426
3552.7272867546044,28427
0.0,28428
0.0,28429
0.0,28430
0.0,28431
0.0,28432
0.0,28433
0.0,28434
0.0,28435
1715.3133742808534,28436
1775.9613998600103,28437
0.0,28438
0.0,28439
0.0,28440
1090.0574683773054,28441
0.0,28442
0.0,28443
0.0,28444
968.5277352335086,28445
1068.0429251852643,28446
0.0,28447
0.0,28448
0.0,28449
0.0,28450
0.0,28451
0.0,28452
0.0,28453
0.0,28454
0.0,28455
0.0,28456
0.0,28457
1850.2082890167264,28458
0.0,28459
0.0,28460
0.0,28461
0.0,28462
0.0,28463
0.0,28464
0.0,28465
0.0,28466
2605.6475758133447,28467
0.0,28468
0.0,28469
0.0,28470
1283.5916131305255,28471
2087.126744828332,28472
0.0,28473
0.0,28474
0.0,28475
0.0,28476
2631.2067927562757,28477
0.0,28478
0.0,28479
0.0,28480
0.0,28481
0.0,28482
0.0,28483
0.0,28484
0.0,28485
404.2877221123298,28486
0.0,28487
0.0,28488
0.0,28489
1780.3968443210706,28490
0.0,28491
1426.1034418976194,28492
2628.595462937711,28493
2607.0924971262566,28494
2592.984120138132,28495
1986.001522721421,28496
1830.2673920757977,28497
2104.1156105603104,28498
2911.990861397746,28499
0.0,28500
0.0,28501
0.0,28502
0.0,28503
0.0,28504
0.0,28505
1469.2739881213138,28506
0.0,28507
0.0,28508
0.0,28509
802.0081863173617,28510
0.0,28511
0.0,28512
113.44553038806332,28513
254.0203179713053,28514
0.0,28515
1174.1734932972759,28516
863.8543683369257,28517
0.0,28518
0.0,28519
0.0,28520
0.0,28521
0.0,28522
0.0,28523
1026.242220670916,28524
0.0,28525
0.0,28526
1058.7387418301626,28527
0.0,28528
0.0,28529
0.0,28530
0.0,28531
0.0,28532
0.0,28533
0.0,28534
2005.0697052971861,28535
0.0,28536
0.0,28537
0.0,28538
0.0,28539
0.0,28540
0.0,28541
0.0,28542
0.0,28543
0.0,28544
0.0,28545
530.7138604285595,28546
0.0,28547
0.0,28548
0.0,28549
1258.3484443327327,28550
553.5930735422862,28551
0.0,28552
0.0,28553
0.0,28554
0.0,28555
0.0,28556
0.0,28557
0.0,28558
0.0,28559
0.0,28560
0.0,28561
0.0,28562
0.0,28563
0.0,28564
362.75015955535355,28565
0.0,28566
0.0,28567
553.9061826447252,28568
0.0,28569
1042.4866769676444,28570
0.0,28571
0.0,28572
0.0,28573
0.0,28574
108.4293905627901,28575
0.0,28576
413.17859209703676,28577
831.5200699796333,28578
432.3864672664896,28579
0.0,28580
0.0,28581
0.0,28582
0.0,28583
0.0,28584
0.0,28585
907.5055878634853,28586
0.0,28587
0.0,28588
0.0,28589
0.0,28590
0.0,28591
0.0,28592
0.0,28593
0.0,28594
0.0,28595
0.0,28596
0.0,28597
0.0,28598
0.0,28599
0.0,28600
0.0,28601
529.1722681468602,28602
0.0,28603
1776.3059299691765,28604
0.0,28605
0.0,28606
423.76295717864093,28607
0.0,28608
206.4027268058508,28609
148.75742440447814,28610
0.0,28611
0.0,28612
0.0,28613
0.0,28614
0.0,28615
0.0,28616
0.0,28617
0.0,28618
0.0,28619
0.0,28620
0.0,28621
0.0,28622
1630.583256529434,28623
667.2990608220586,28624
0.0,28625
654.5837088315327,28626
0.0,28627
703.9218691022219,28628
0.0,28629
0.0,28630
0.0,28631
0.0,28632
0.0,28633
1126.4541406472144,28634
0.0,28635
0.0,28636
0.0,28637
0.0,28638
0.0,28639
0.0,28640
0.0,28641
0.0,28642
0.0,28643
49.79344390803157,28644
716.8143171958628,28645
845.923188896172,28646
1841.0353876112588,28647
1843.1468373550822,28648
0.0,28649
1649.3166331470775,28650
1208.756893582761,28651
0.0,28652
0.0,28653
687.9308478460432,28654
2369.1147799714204,28655
0.0,28656
0.0,28657
0.0,28658
343.52476949226025,28659
0.0,28660
0.0,28661
0.0,28662
0.0,28663
0.0,28664
2177.6443961986474,28665
0.0,28666
0.0,28667
2867.088828832794,28668
0.0,28669
0.0,28670
0.0,28671
0.0,28672
628.3313279102827,28673
0.0,28674
0.0,28675
0.0,28676
227.77812927970277,28677
0.0,28678
0.0,28679
0.0,28680
0.0,28681
0.0,28682
0.0,28683
0.0,28684
0.0,28685
0.0,28686
0.0,28687
0.0,28688
844.6333349435918,28689
146.95631004441208,28690
0.0,28691
0.0,28692
0.0,28693
0.0,28694
924.0116007344197,28695
0.0,28696
0.0,28697
0.0,28698
0.0,28699
470.85213577466004,28700
0.0,28701
107.45040753752632,28702
0.0,28703
202.75245517252205,28704
255.40350137181952,28705
0.0,28706
0.0,28707
0.0,28708
694.3756738272955,28709
0.0,28710
0.0,28711
0.0,28712
0.0,28713
1024.5064977273912,28714
0.0,28715
0.0,28716
0.0,28717
0.0,28718
0.0,28719
0.0,28720
0.0,28721
0.0,28722
0.0,28723
0.0,28724
0.0,28725
0.0,28726
0.0,28727
0.0,28728
0.0,28729
0.0,28730
0.0,28731
467.77207389775776,28732
547.9810740606558,28733
0.0,28734
0.0,28735
0.0,28736
0.0,28737
563.2881440715422,28738
0.0,28739
0.0,28740
0.0,28741
0.0,28742
2426.0814855741714,28743
2750.0790474259893,28744
0.0,28745
1379.6759071289498,28746
925.0838852910567,28747
0.0,28748
911.4722712992659,28749
898.0821439684531,28750
884.9486259018151,28751
0.0,28752
0.0,28753
0.0,28754
0.0,28755
0.0,28756
2323.190552355958,28757
2504.2337303353875,28758
0.0,28759
0.0,28760
0.0,28761
0.0,28762
0.0,28763
101.89209400826633,28764
3350.9952225783554,28765
720.5284644200475,28766
2251.452320178858,28767
2258.5739925742923,28768
4638.074632175107,28769
2223.930448467711,28770
0.0,28771
0.0,28772
0.0,28773
797.8894142011499,28774
0.0,28775
0.0,28776
0.0,28777
0.0,28778
0.0,28779
0.0,28780
0.0,28781
0.0,28782
0.0,28783
0.0,28784
0.0,28785
0.0,28786
0.0,28787
0.0,28788
0.0,28789
0.0,28790
0.0,28791
1101.8383228102987,28792
497.8575942471944,28793
0.0,28794
3470.1826025596665,28795
0.0,28796
1781.408117157149,28797
3018.498267512886,28798
0.0,28799
1014.8632160082841,28800
0.0,28801
0.0,28802
0.0,28803
0.0,28804
1019.1720218996711,28805
0.0,28806
4321.295284797759,28807
3840.688748306597,28808
3279.8004302627915,28809
0.0,28810
0.0,28811
0.0,28812
2031.6302103022413,28813
551.913177219603,28814
2024.0338941706405,28815
1301.5247800007244,28816
0.0,28817
0.0,28818
0.0,28819
0.0,28820
1522.74083736297,28821
0.0,28822
0.0,28823
0.0,28824
0.0,28825
0.0,28826
0.0,28827
0.0,28828
0.0,28829
0.0,28830
0.0,28831
0.0,28832
0.0,28833
2255.5331564660505,28834
0.0,28835
0.0,28836
0.0,28837
0.0,28838
0.0,28839
0.0,28840
0.0,28841
0.0,28842
0.0,28843
0.0,28844
0.0,28845
0.0,28846
0.0,28847
0.0,28848
0.0,28849
0.0,28850
0.0,28851
6476.411598927753,28852
0.0,28853
0.0,28854
753.725093050023,28855
0.0,28856
0.0,28857
0.0,28858
0.0,28859
0.0,28860
0.0,28861
0.0,28862
0.0,28863
0.0,28864
0.0,28865
0.0,28866
915.4700071355384,28867
0.0,28868
0.0,28869
0.0,28870
0.0,28871
4150.726667214371,28872
0.0,28873
0.0,28874
0.0,28875
0.0,28876
0.0,28877
0.0,28878
0.0,28879
0.0,28880
0.0,28881
1821.132828031917,28882
0.0,28883
846.5731616871466,28884
0.0,28885
0.0,28886
0.0,28887
0.0,28888
965.4053252548898,28889
177.70655616761468,28890
0.0,28891
1747.5693179646328,28892
0.0,28893
0.0,28894
532.2729113708841,28895
1371.3970208618184,28896
2424.0519139392154,28897
67.70237699581628,28898
507.25718453447763,28899
291.3213141892406,28900
0.0,28901
149.35466677894902,28902
0.0,28903
0.0,28904
0.0,28905
0.0,28906
522.8407677009989,28907
0.0,28908
1285.3773028508647,28909
1270.2484800930108,28910
7.6903474695945695,28911
269.4187463661452,28912
907.4690777161463,28913
0.0,28914
884.3818999239693,28915
275.81891701754716,28916
0.0,28917
0.0,28918
0.0,28919
0.0,28920
0.0,28921
0.0,28922
161.34464605221103,28923
96.75304793716455,28924
0.0,28925
67.26090943318792,28926
49.92303232137824,28927
35.12933069869085,28928
0.0,28929
0.0,28930
0.0,28931
2093.8499212439892,28932
0.0,28933
425.40233543158143,28934
134.29748232891296,28935
0.0,28936
0.0,28937
0.0,28938
0.0,28939
0.0,28940
0.0,28941
525.7809704329551,28942
0.0,28943
0.0,28944
0.0,28945
0.0,28946
0.0,28947
0.0,28948
0.0,28949
0.0,28950
0.0,28951
0.0,28952
0.0,28953
0.0,28954
0.0,28955
0.0,28956
0.0,28957
0.0,28958
0.0,28959
0.0,28960
0.0,28961
0.0,28962
0.0,28963
0.0,28964
1615.7393639789495,28965
1525.2170768668248,28966
3627.9195903476843,28967
0.0,28968
959.3193761566625,28969
0.0,28970
1577.4772265204922,28971
1929.4225335592143,28972
975.7554474527248,28973
1476.4807546044035,28974
3563.008656541948,28975
940.774269336687,28976
527.7280071293409,28977
890.9255383767324,28978
0.0,28979
0.0,28980
0.0,28981
0.0,28982
0.0,28983
0.0,28984
0.0,28985
0.0,28986
0.0,28987
0.0,28988
0.0,28989
0.0,28990
0.0,28991
0.0,28992
0.0,28993
0.0,28994
0.0,28995
0.0,28996
0.0,28997
0.0,28998
0.0,28999
0.0,29000
0.0,29001
0.0,29002
0.0,29003
0.0,29004
0.0,29005
0.0,29006
0.0,29007
0.0,29008
0.0,29009
0.0,29010
128.38225250049345,29011
0.0,29012
0.0,29013
1201.5197051257906,29014
0.0,29015
2190.4376329752577,29016
0.0,29017
0.0,29018
1879.732649251846,29019
1805.9729817546074,29020
0.0,29021
0.0,29022
0.0,29023
0.0,29024
0.0,29025
0.0,29026
0.0,29027
0.0,29028
0.0,29029
0.0,29030
0.0,29031
0.0,29032
0.0,29033
0.0,29034
3139.131696573292,29035
0.0,29036
0.0,29037
0.0,29038
0.0,29039
0.0,29040
1884.3927785608266,29041
0.0,29042
0.0,29043
0.0,29044
0.0,29045
0.0,29046
0.0,29047
0.0,29048
0.0,29049
0.0,29050
0.0,29051
0.0,29052
0.0,29053
0.0,29054
0.0,29055
0.0,29056
0.0,29057
0.0,29058
0.0,29059
1820.2093713062534,29060
0.0,29061
0.0,29062
2850.816082773615,29063
496.9482983842931,29064
0.0,29065
0.0,29066
0.0,29067
0.0,29068
0.0,29069
161.7423982677695,29070
0.0,29071
0.0,29072
896.1642146531638,29073
0.0,29074
2.6151460411475527,29075
650.9480072536107,29076
0.0,29077
0.0,29078
0.0,29079
0.0,29080
0.0,29081
1793.4582646981341,29082
0.0,29083
0.0,29084
467.5853492795099,29085
0.0,29086
0.0,29087
0.0,29088
0.0,29089
0.0,29090
0.0,29091
0.0,29092
0.0,29093
0.0,29094
0.0,29095
0.0,29096
0.0,29097
0.0,29098
0.0,29099
0.0,29100
573.5221748251686,29101
0.0,29102
0.0,29103
0.0,29104
0.0,29105
0.0,29106
0.0,29107
0.0,29108
0.0,29109
0.0,29110
0.0,29111
0.0,29112
0.0,29113
0.0,29114
0.0,29115
0.0,29116
0.0,29117
0.0,29118
0.0,29119
0.0,29120
0.0,29121
0.0,29122
0.0,29123
0.0,29124
0.0,29125
0.0,29126
0.0,29127
0.0,29128
0.0,29129
0.0,29130
0.0,29131
0.0,29132
0.0,29133
0.0,29134
0.0,29135
0.0,29136
0.0,29137
0.0,29138
0.0,29139
0.0,29140
0.0,29141
0.0,29142
0.0,29143
0.0,29144
0.0,29145
0.0,29146
0.0,29147
0.0,29148
0.0,29149
0.0,29150
0.0,29151
0.0,29152
0.0,29153
0.0,29154
0.0,29155
0.0,29156
0.0,29157
0.0,29158
1281.5892363461637,29159
0.0,29160
0.0,29161
0.0,29162
0.0,29163
0.0,29164
0.0,29165
0.0,29166
0.0,29167
0.0,29168
0.0,29169
0.0,29170
0.0,29171
0.0,29172
0.0,29173
0.0,29174
0.0,29175
0.0,29176
0.0,29177
0.0,29178
0.0,29179
0.0,29180
0.0,29181
0.0,29182
0.0,29183
0.0,29184
0.0,29185
0.0,29186
0.0,29187
0.0,29188
0.0,29189
0.0,29190
0.0,29191
0.0,29192
0.0,29193
535.8770293083015,29194
0.0,29195
0.0,29196
0.0,29197
0.0,29198
0.0,29199
398.1811386471518,29200
0.0,29201
0.0,29202
0.0,29203
0.0,29204
0.0,29205
0.0,29206
0.0,29207
1540.1880680721936,29208
371.0854569736662,29209
0.0,29210
0.0,29211
0.0,29212
0.0,29213
0.0,29214
0.0,29215
0.0,29216
0.0,29217
0.0,29218
0.0,29219
0.0,29220
0.0,29221
0.0,29222
0.0,29223
0.0,29224
551.5877772204215,29225
0.0,29226
0.0,29227
0.0,29228
0.0,29229
0.0,29230
0.0,29231
0.0,29232
0.0,29233
0.0,29234
0.0,29235
0.0,29236
0.0,29237
0.0,29238
0.0,29239
0.0,29240
0.0,29241
0.0,29242
0.0,29243
0.0,29244
0.0,29245
0.0,29246
0.0,29247
0.0,29248
0.0,29249
0.0,29250
0.0,29251
0.0,29252
0.0,29253
0.0,29254
0.0,29255
0.0,29256
0.0,29257
0.0,29258
0.0,29259
0.0,29260
0.0,29261
0.0,29262
1715.7392929239616,29263
0.0,29264
0.0,29265
1734.029835456346,29266
0.0,29267
0.0,29268
0.0,29269
0.0,29270
0.0,29271
0.0,29272
0.0,29273
0.0,29274
0.0,29275
0.0,29276
0.0,29277
0.0,29278
0.0,29279
0.0,29280
0.0,29281
0.0,29282
0.0,29283
0.0,29284
0.0,29285
0.0,29286
588.0607896763747,29287
0.0,29288
0.0,29289
0.0,29290
0.0,29291
0.0,29292
0.0,29293
0.0,29294
0.0,29295
0.0,29296
0.0,29297
0.0,29298
0.0,29299
0.0,29300
0.0,29301
0.0,29302
0.0,29303
0.0,29304
0.0,29305
0.0,29306
0.0,29307
0.0,29308
0.0,29309
0.0,29310
0.0,29311
0.0,29312
0.0,29313
0.0,29314
0.0,29315
0.0,29316
0.0,29317
0.0,29318
0.0,29319
0.0,29320
0.0,29321
0.0,29322
0.0,29323
0.0,29324
1508.0373040435516,29325
0.0,29326
0.0,29327
0.0,29328
0.0,29329
0.0,29330
0.0,29331
0.0,29332
0.0,29333
244.78131526246784,29334
1752.277252609191,29335
1313.0198757147382,29336
0.0,29337
1177.202030974628,29338
0.0,29339
2737.395088707437,29340
209.1225751641062,29341
0.0,29342
0.0,29343
47.626609366163535,29344
0.0,29345
0.0,29346
0.0,29347
908.8167796403625,29348
0.0,29349
875.7287091629844,29350
0.0,29351
0.0,29352
168.388177220129,29353
0.0,29354
177.33536303672068,29355
176.4276941580239,29356
0.0,29357
482.8244324236881,29358
0.0,29359
2009.9247474609076,29360
2100.8739297143647,29361
0.0,29362
2074.5900907098967,29363
0.0,29364
0.0,29365
131.72320207101612,29366
0.0,29367
0.0,29368
0.0,29369
0.0,29370
0.0,29371
0.0,29372
0.0,29373
0.0,29374
0.0,29375
1038.8445460529153,29376
0.0,29377
0.0,29378
0.0,29379
0.0,29380
527.3731048410813,29381
0.0,29382
1753.972857925573,29383
0.0,29384
0.0,29385
0.0,29386
0.0,29387
0.0,29388
0.0,29389
0.0,29390
0.0,29391
0.0,29392
0.0,29393
0.0,29394
0.0,29395
0.0,29396
0.0,29397
0.0,29398
0.0,29399
0.0,29400
0.0,29401
376.6086234459064,29402
0.0,29403
0.0,29404
0.0,29405
0.0,29406
0.0,29407
393.2856633272009,29408
0.0,29409
0.0,29410
0.0,29411
0.0,29412
0.0,29413
435.8166740718213,29414
2448.0272625269486,29415
0.0,29416
0.0,29417
0.0,29418
0.0,29419
0.0,29420
0.0,29421
84.70543311273056,29422
0.0,29423
0.0,29424
0.0,29425
613.9180792609174,29426
0.0,29427
1072.7458408890195,29428
642.9593242745245,29429
0.0,29430
0.0,29431
218.07007475557612,29432
664.9808680672073,29433
0.0,29434
0.0,29435
0.0,29436
0.0,29437
0.0,29438
0.0,29439
650.3920456620235,29440
123.27375364470366,29441
308.65905907844444,29442
0.0,29443
0.0,29444
0.0,29445
0.0,29446
0.0,29447
0.0,29448
0.0,29449
0.0,29450
0.0,29451
1214.7927004113787,29452
0.0,29453
1271.0055705365057,29454
0.0,29455
1323.0147787351812,29456
0.0,29457
0.0,29458
0.0,29459
0.0,29460
0.0,29461
0.0,29462
0.0,29463
0.0,29464
0.0,29465
0.0,29466
0.0,29467
0.0,29468
0.0,29469
0.0,29470
0.0,29471
0.0,29472
0.0,29473
0.0,29474
0.0,29475
0.0,29476
0.0,29477
0.0,29478
0.0,29479
0.0,29480
0.0,29481
0.0,29482
0.0,29483
0.0,29484
0.0,29485
0.0,29486
0.0,29487
8950.842655110006,29488
332.9851941727794,29489
0.0,29490
0.0,29491
0.0,29492
0.0,29493
0.0,29494
0.0,29495
0.0,29496
0.0,29497
0.0,29498
0.0,29499
0.0,29500
0.0,29501
0.0,29502
0.0,29503
0.0,29504
0.0,29505
0.0,29506
0.0,29507
0.0,29508
0.0,29509
0.0,29510
0.0,29511
0.0,29512
0.0,29513
0.0,29514
0.0,29515
0.0,29516
0.0,29517
0.0,29518
0.0,29519
0.0,29520
0.0,29521
0.0,29522
0.0,29523
0.0,29524
0.0,29525
0.0,29526
0.0,29527
0.0,29528
965.5718114964137,29529
0.0,29530
0.0,29531
0.0,29532
0.0,29533
0.0,29534
0.0,29535
0.0,29536
0.0,29537
0.0,29538
0.0,29539
0.0,29540
0.0,29541
0.0,29542
0.0,29543
0.0,29544
0.0,29545
0.0,29546
541.791570549031,29547
0.0,29548
0.0,29549
0.0,29550
0.0,29551
0.0,29552
0.0,29553
0.0,29554
0.0,29555
0.0,29556
0.0,29557
0.0,29558
0.0,29559
0.0,29560
0.0,29561
0.0,29562
0.0,29563
0.0,29564
0.0,29565
0.0,29566
0.0,29567
719.454349349094,29568
0.0,29569
0.0,29570
0.0,29571
0.0,29572
176.26763018793343,29573
998.4661132144475,29574
0.0,29575
256.88001445884044,29576
0.0,29577
0.0,29578
0.0,29579
0.0,29580
313.5643831426071,29581
0.0,29582
0.0,29583
0.0,29584
0.0,29585
0.0,29586
0.0,29587
0.0,29588
0.0,29589
0.0,29590
0.0,29591
0.0,29592
0.0,29593
0.0,29594
0.0,29595
0.0,29596
0.0,29597
0.0,29598
0.0,29599
0.0,29600
1197.4411460633805,29601
1218.304307183621,29602
0.0,29603
0.0,29604
0.0,29605
0.0,29606
0.0,29607
0.0,29608
285.1002810005391,29609
0.0,29610
0.0,29611
0.0,29612
0.0,29613
0.0,29614
0.0,29615
0.0,29616
0.0,29617
0.0,29618
0.0,29619
0.0,29620
0.0,29621
0.0,29622
0.0,29623
0.0,29624
0.0,29625
0.0,29626
1286.0146809790285,29627
0.0,29628
0.0,29629
0.0,29630
0.0,29631
0.0,29632
0.0,29633
0.0,29634
0.0,29635
0.0,29636
0.0,29637
0.0,29638
0.0,29639
0.0,29640
0.0,29641
0.0,29642
0.0,29643
0.0,29644
0.0,29645
0.0,29646
0.0,29647
0.0,29648
0.0,29649
0.0,29650
0.0,29651
0.0,29652
0.0,29653
0.0,29654
0.0,29655
0.0,29656
0.0,29657
0.0,29658
0.0,29659
0.0,29660
0.0,29661
0.0,29662
0.0,29663
0.0,29664
0.0,29665
0.0,29666
0.0,29667
0.0,29668
0.0,29669
0.0,29670
0.0,29671
0.0,29672
0.0,29673
0.0,29674
0.0,29675
0.0,29676
0.0,29677
0.0,29678
0.0,29679
0.0,29680
0.0,29681
0.0,29682
0.0,29683
0.0,29684
0.0,29685
0.0,29686
0.0,29687
0.0,29688
0.0,29689
0.0,29690
0.0,29691
0.0,29692
0.0,29693
0.0,29694
0.0,29695
0.0,29696
0.0,29697
0.0,29698
0.0,29699
339.809450598155,29700
0.0,29701
0.0,29702
0.0,29703
0.0,29704
0.0,29705
0.0,29706
2427.347715839846,29707
0.0,29708
0.0,29709
0.0,29710
0.0,29711
0.0,29712
0.0,29713
0.0,29714
0.0,29715
0.0,29716
0.0,29717
0.0,29718
0.0,29719
0.0,29720
0.0,29721
79.4664849187241,29722
0.0,29723
0.0,29724
0.0,29725
0.0,29726
0.0,29727
0.0,29728
0.0,29729
0.0,29730
0.0,29731
1690.0809516396596,29732
0.0,29733
0.0,29734
0.0,29735
0.0,29736
0.0,29737
0.0,29738
0.0,29739
0.0,29740
0.0,29741
0.0,29742
0.0,29743
0.0,29744
0.0,29745
0.0,29746
0.0,29747
0.0,29748
0.0,29749
0.0,29750
0.0,29751
0.0,29752
0.0,29753
0.0,29754
0.0,29755
0.0,29756
0.0,29757
0.0,29758
0.0,29759
0.0,29760
0.0,29761
0.0,29762
849.1248088453898,29763
0.0,29764
0.0,29765
0.0,29766
0.0,29767
0.0,29768
0.0,29769
0.0,29770
0.0,29771
0.0,29772
0.0,29773
0.0,29774
2262.6842879386263,29775
0.0,29776
0.0,29777
0.0,29778
0.0,29779
0.0,29780
0.0,29781
0.0,29782
831.9323565469278,29783
0.0,29784
0.0,29785
0.0,29786
0.0,29787
0.0,29788
0.0,29789
0.0,29790
0.0,29791
0.0,29792
0.0,29793
0.0,29794
0.0,29795
0.0,29796
0.0,29797
0.0,29798
0.0,29799
1680.0192703958387,29800
0.0,29801
0.0,29802
0.0,29803
0.0,29804
0.0,29805
0.0,29806
0.0,29807
0.0,29808
0.0,29809
0.0,29810
0.0,29811
202.54984370264214,29812
662.6319418945503,29813
0.0,29814
1232.5038897205206,29815
0.0,29816
0.0,29817
0.0,29818
0.0,29819
0.0,29820
0.0,29821
0.0,29822
0.0,29823
1878.157490168624,29824
222.9717747035176,29825
0.0,29826
0.0,29827
267.9161904365969,29828
0.0,29829
0.0,29830
0.0,29831
1141.6204661993288,29832
2754.6059436829282,29833
0.0,29834
0.0,29835
191.7008239133635,29836
0.0,29837
0.0,29838
0.0,29839
0.0,29840
0.0,29841
0.0,29842
0.0,29843
0.0,29844
1363.6965965952802,29845
0.0,29846
0.0,29847
0.0,29848
0.0,29849
0.0,29850
381.16885176502643,29851
0.0,29852
0.0,29853
0.0,29854
0.0,29855
0.0,29856
0.0,29857
0.0,29858
0.0,29859
0.0,29860
0.0,29861
0.0,29862
0.0,29863
0.0,29864
0.0,29865
0.0,29866
0.0,29867
0.0,29868
0.0,29869
0.0,29870
0.0,29871
0.0,29872
0.0,29873
0.0,29874
0.0,29875
962.4517891328642,29876
0.0,29877
0.0,29878
0.0,29879
0.0,29880
0.0,29881
0.0,29882
0.0,29883
0.0,29884
0.0,29885
0.0,29886
0.0,29887
0.0,29888
0.0,29889
0.0,29890
0.0,29891
0.0,29892
0.0,29893
0.0,29894
0.0,29895
0.0,29896
0.0,29897
0.0,29898
0.0,29899
0.0,29900
0.0,29901
0.0,29902
0.0,29903
0.0,29904
0.0,29905
0.0,29906
0.0,29907
590.4178371000744,29908
0.0,29909
0.0,29910
0.0,29911
0.0,29912
0.0,29913
0.0,29914
0.0,29915
0.0,29916
0.0,29917
0.0,29918
0.0,29919
0.0,29920
0.0,29921
0.0,29922
0.0,29923
0.0,29924
0.0,29925
0.0,29926
1050.7432190096445,29927
0.0,29928
0.0,29929
0.0,29930
0.0,29931
0.0,29932
0.0,29933
0.0,29934
243.95016905323908,29935
0.0,29936
0.0,29937
0.0,29938
198.1697032842919,29939
0.0,29940
0.0,29941
0.0,29942
0.0,29943
0.0,29944
0.0,29945
0.0,29946
0.0,29947
0.0,29948
0.0,29949
0.0,29950
0.0,29951
0.0,29952
0.0,29953
175.95272271537146,29954
0.0,29955
0.0,29956
0.0,29957
0.0,29958
0.0,29959
0.0,29960
0.0,29961
0.0,29962
0.0,29963
0.0,29964
0.0,29965
0.0,29966
0.0,29967
0.0,29968
0.0,29969
3262.673390111273,29970
0.0,29971
0.0,29972
0.0,29973
0.0,29974
0.0,29975
0.0,29976
0.0,29977
0.0,29978
0.0,29979
0.0,29980
0.0,29981
0.0,29982
0.0,29983
0.0,29984
0.0,29985
0.0,29986
0.0,29987
0.0,29988
0.0,29989
1890.4768557423981,29990
0.0,29991
0.0,29992
0.0,29993
0.0,29994
0.0,29995
0.0,29996
0.0,29997
0.0,29998
0.0,29999
0.0,30000
1994.3427493568822,30001
0.0,30002
0.0,30003
0.0,30004
348.2715098498915,30005
0.0,30006
0.0,30007
0.0,30008
0.0,30009
0.0,30010
0.0,30011
0.0,30012
0.0,30013
0.0,30014
0.0,30015
0.0,30016
0.0,30017
0.0,30018
0.0,30019
0.0,30020
0.0,30021
0.0,30022
0.0,30023
0.0,30024
0.0,30025
0.0,30026
0.0,30027
0.0,30028
903.1774307651895,30029
0.0,30030
2340.0847439704394,30031
0.0,30032
0.0,30033
0.0,30034
427.34619782733824,30035
0.0,30036
0.0,30037
254.51552121123805,30038
0.0,30039
0.0,30040
0.0,30041
163.4419758453702,30042
0.0,30043
0.0,30044
0.0,30045
0.0,30046
0.0,30047
0.0,30048
0.0,30049
0.0,30050
0.0,30051
0.0,30052
0.0,30053
1158.8130175434985,30054
0.0,30055
534.340428079192,30056
0.0,30057
737.161787487991,30058
224.89878370804627,30059
0.0,30060
0.0,30061
70.08888252271436,30062
0.0,30063
0.0,30064
0.0,30065
0.0,30066
0.0,30067
0.0,30068
0.0,30069
0.0,30070
0.0,30071
150.09545934456145,30072
0.0,30073
0.0,30074
81.6451748400512,30075
0.0,30076
0.0,30077
0.0,30078
624.2948469984325,30079
1106.3993578500167,30080
0.0,30081
0.0,30082
0.0,30083
0.0,30084
241.36514389998945,30085
0.0,30086
0.0,30087
0.0,30088
1682.8330005452515,30089
0.0,30090
318.00044153291515,30091
0.0,30092
0.0,30093
0.0,30094
0.0,30095
2160.003993273494,30096
174.88598330679503,30097
0.0,30098
0.0,30099
18.393669210319967,30100
0.0,30101
0.0,30102
0.0,30103
0.0,30104
0.0,30105
0.0,30106
0.0,30107
0.0,30108
6512.84430307996,30109
0.0,30110
6984.500645802935,30111
0.0,30112
128.64338326664574,30113
1481.5753686188204,30114
1166.9143762631252,30115
218.09515382364503,30116
603.2666573098444,30117
862.8339675764005,30118
977.8424442771405,30119
2165.836076528903,30120
0.0,30121
0.0,30122
0.0,30123
0.0,30124
0.0,30125
0.0,30126
0.0,30127
0.0,30128
0.0,30129
668.6755594721666,30130
1295.307337455037,30131
0.0,30132
0.0,30133
0.0,30134
373.6634429287683,30135
0.0,30136
0.0,30137
0.0,30138
1136.7380654070791,30139
396.3518866893138,30140
284.437767342268,30141
423.1988471762557,30142
0.0,30143
0.0,30144
597.4254762136977,30145
0.0,30146
1073.8090379595117,30147
0.0,30148
0.0,30149
214.45411486911297,30150
0.0,30151
306.4720146499992,30152
331.58648585462856,30153
0.0,30154
285.0089924741063,30155
121.0240170211222,30156
139.89162205076244,30157
0.0,30158
0.0,30159
0.0,30160
1170.3761487402294,30161
1164.3289574422463,30162
836.5893953568059,30163
284.77351775772865,30164
0.0,30165
0.0,30166
0.0,30167
844.2360759649504,30168
292.9889711628869,30169
0.0,30170
259.18185804470284,30171
4132.432206437959,30172
0.0,30173
0.0,30174
0.0,30175
0.0,30176
1326.6075162119423,30177
243.81396392137407,30178
1314.8988306010192,30179
332.90747969061283,30180
0.0,30181
0.0,30182
0.0,30183
3080.773770392336,30184
0.0,30185
1431.6015577604505,30186
1418.0555989106454,30187
0.0,30188
1405.7361773846299,30189
0.0,30190
0.0,30191
2527.2545730031225,30192
2517.5462110978983,30193
0.0,30194
1425.979027980832,30195
2229.3098702996986,30196
1408.0307547095692,30197
0.0,30198
109.44511388106463,30199
0.0,30200
2054.0612357376604,30201
0.0,30202
0.0,30203
0.0,30204
0.0,30205
0.0,30206
0.0,30207
0.0,30208
0.0,30209
0.0,30210
1296.5205232789847,30211
0.0,30212
0.0,30213
1642.0054560865353,30214
1405.100067707704,30215
304.15883996812863,30216
0.0,30217
0.0,30218
0.0,30219
1405.4414371495222,30220
1637.4056844420525,30221
0.0,30222
651.5185191214142,30223
0.0,30224
0.0,30225
0.0,30226
0.0,30227
1704.4071501883807,30228
0.0,30229
1960.8270493638381,30230
0.0,30231
0.0,30232
0.0,30233
0.0,30234
0.0,30235
2292.707808048916,30236
880.6172333411772,30237
2536.706259308097,30238
0.0,30239
0.0,30240
0.0,30241
1062.7937201285913,30242
0.0,30243
0.0,30244
0.0,30245
0.0,30246
104.00533484614907,30247
0.0,30248
1.0833493470280553,30249
0.0,30250
0.3604417352382371,30251
0.0,30252
1026.3663935110185,30253
131.1185766571733,30254
0.0,30255
516.0356749168495,30256
1425.8856961068316,30257
0.0,30258
0.0,30259
0.0,30260
0.0,30261
0.0,30262
0.0,30263
0.0,30264
0.0,30265
0.0,30266
359.4009495989658,30267
0.0,30268
525.7997312939908,30269
0.0,30270
0.0,30271
0.0,30272
0.0,30273
1595.798804434416,30274
0.0,30275
0.0,30276
0.0,30277
0.0,30278
0.0,30279
2094.7722493062447,30280
0.0,30281
2594.2851087569584,30282
2084.0264621072847,30283
0.0,30284
0.0,30285
0.0,30286
0.0,30287
0.0,30288
0.0,30289
7989.813339280515,30290
0.0,30291
0.0,30292
0.0,30293
0.0,30294
0.0,30295
0.0,30296
127.86637691449091,30297
0.0,30298
0.0,30299
0.0,30300
614.0211788715422,30301
144.80643167423335,30302
2513.9114373202283,30303
0.0,30304
152.59679989222442,30305
1148.645075406004,30306
518.7847086838821,30307
0.0,30308
5634.048454215693,30309
339.8273341930611,30310
354.3222091907252,30311
443.6706205843189,30312
0.0,30313
0.0,30314
0.0,30315
1411.2095046103284,30316
1418.4456313468274,30317
1426.026592992335,30318
2020.6461787629542,30319
2644.8618773291346,30320
0.0,30321
0.0,30322
3.949971175659129,30323
1048.8627342400068,30324
1602.8769852216617,30325
46.10045714606482,30326
0.0,30327
0.0,30328
0.0,30329
0.0,30330
0.0,30331
0.0,30332
0.0,30333
462.23665422436693,30334
0.0,30335
351.2447327318446,30336
0.0,30337
0.0,30338
0.0,30339
0.0,30340
0.0,30341
0.0,30342
0.0,30343
926.384013859095,30344
0.0,30345
0.0,30346
2495.0078826517492,30347
3296.521847226549,30348
0.0,30349
0.0,30350
1588.1444012619384,30351
0.0,30352
1588.5030559973945,30353
1939.9714389452276,30354
1947.130685058726,30355
914.5470804091822,30356
545.5378107652962,30357
0.0,30358
0.0,30359
0.0,30360
343.7149299760184,30361
0.0,30362
4.540775402564326,30363
501.40540880611854,30364
0.0,30365
29.007801466856773,30366
0.0,30367
0.0,30368
0.0,30369
0.0,30370
0.0,30371
0.0,30372
0.0,30373
0.0,30374
449.05719179801457,30375
0.0,30376
406.9806642797196,30377
438.2556153081461,30378
0.0,30379
0.0,30380
0.0,30381
0.0,30382
225.2830520323184,30383
0.0,30384
0.0,30385
420.3028346432298,30386
0.0,30387
0.0,30388
0.0,30389
581.2802468349885,30390
0.0,30391
0.0,30392
786.8749761281935,30393
792.9745741839336,30394
974.5627607548123,30395
0.0,30396
507.7669098989921,30397
0.0,30398
0.0,30399
880.2362490251073,30400
358.0582995442707,30401
0.0,30402
0.0,30403
0.0,30404
0.0,30405
0.0,30406
0.0,30407
0.0,30408
517.9621563125318,30409
0.0,30410
0.0,30411
522.1135323401909,30412
0.0,30413
457.5675756082733,30414
0.0,30415
1277.7998104706735,30416
0.0,30417
191.92448595863686,30418
0.0,30419
0.0,30420
0.0,30421
841.8013109122945,30422
1553.074943667886,30423
0.0,30424
0.0,30425
0.0,30426
0.0,30427
0.0,30428
0.0,30429
0.0,30430
1723.3790801284185,30431
0.0,30432
0.0,30433
0.0,30434
0.0,30435
0.0,30436
420.53714250894257,30437
475.7083358524421,30438
0.0,30439
0.0,30440
0.0,30441
0.0,30442
0.0,30443
0.0,30444
0.0,30445
0.0,30446
0.0,30447
0.0,30448
852.9146933680339,30449
0.0,30450
0.0,30451
0.0,30452
0.0,30453
0.0,30454
1033.1235862989,30455
493.8908773279984,30456
0.0,30457
0.0,30458
0.0,30459
206.3517936289672,30460
0.0,30461
1173.36686296469,30462
0.0,30463
0.0,30464
0.0,30465
0.0,30466
71.91020503297688,30467
0.0,30468
0.0,30469
641.0567117859405,30470
0.0,30471
0.0,30472
0.0,30473
636.1341706058789,30474
0.0,30475
1530.166939678526,30476
0.0,30477
69.20916072937288,30478
72.83434094885946,30479
1533.0204020868618,30480
507.10917859215857,30481
0.0,30482
0.0,30483
83.5825340376616,30484
0.0,30485
389.3798035435485,30486
0.0,30487
0.0,30488
84.08737001086504,30489
0.0,30490
0.0,30491
0.0,30492
87.62025175095897,30493
87.40511054873402,30494
0.0,30495
0.0,30496
0.0,30497
2723.38469343659,30498
0.0,30499
0.0,30500
398.13328950855407,30501
2074.12679344162,30502
0.0,30503
909.9261192402847,30504
82.56918648917302,30505
887.8015694941414,30506
1534.582800276315,30507
1444.5868471687845,30508
0.0,30509
0.0,30510
0.0,30511
0.0,30512
1294.302071699449,30513
0.0,30514
0.0,30515
2140.7774623921837,30516
0.0,30517
512.1509096267781,30518
0.0,30519
76.65365775822691,30520
75.48741648695955,30521
73.57930412461914,30522
1428.2831195580152,30523
0.0,30524
68.9979002624152,30525
0.0,30526
65.3895777355821,30527
0.0,30528
1507.29870115833,30529
1267.8806923791583,30530
0.0,30531
0.0,30532
0.0,30533
1251.800199757543,30534
0.0,30535
0.0,30536
0.0,30537
0.0,30538
2336.932253323349,30539
0.0,30540
1229.1294913916581,30541
1473.2847082245116,30542
0.0,30543
0.0,30544
1465.1709746654344,30545
0.0,30546
490.5873262939086,30547
0.0,30548
0.0,30549
0.0,30550
0.0,30551
0.0,30552
86.87274682548055,30553
0.0,30554
0.0,30555
0.0,30556
499.8074866127874,30557
0.0,30558
0.0,30559
0.0,30560
1518.093205922856,30561
0.0,30562
259.83259642940874,30563
494.9364549587444,30564
1432.8713398491946,30565
0.0,30566
0.0,30567
0.0,30568
1577.8602824977265,30569
497.77777821941146,30570
0.0,30571
0.0,30572
0.0,30573
0.0,30574
0.0,30575
0.0,30576
0.0,30577
501.39123505945605,30578
0.0,30579
0.0,30580
0.0,30581
2133.579234344364,30582
322.3151761431714,30583
0.0,30584
66.38694556165453,30585
0.0,30586
0.0,30587
0.0,30588
0.0,30589
2064.682815433503,30590
0.0,30591
0.0,30592
0.0,30593
0.0,30594
0.0,30595
0.0,30596
0.0,30597
0.0,30598
0.0,30599
0.0,30600
0.0,30601
0.0,30602
0.0,30603
0.0,30604
0.0,30605
0.0,30606
0.0,30607
0.0,30608
0.0,30609
210.50773809286497,30610
0.0,30611
0.0,30612
0.0,30613
0.0,30614
0.0,30615
67.34243041306935,30616
0.0,30617
0.0,30618
0.0,30619
0.0,30620
0.0,30621
0.0,30622
0.0,30623
0.0,30624
0.0,30625
0.0,30626
1694.0114620715872,30627
0.0,30628
0.0,30629
0.0,30630
2592.6645362387894,30631
1157.734904382936,30632
1358.070390025817,30633
0.0,30634
1243.00648374066,30635
2760.1970403600926,30636
1464.6568279397486,30637
1480.3392395592923,30638
1476.43007468277,30639
0.0,30640
0.0,30641
1425.7849031859405,30642
896.5796311278722,30643
0.0,30644
0.0,30645
0.0,30646
0.0,30647
0.0,30648
439.2405419296469,30649
130.74261078288396,30650
0.0,30651
1092.3335960752058,30652
0.0,30653
34.31578649298316,30654
0.0,30655
0.0,30656
0.0,30657
47.19325687539912,30658
0.0,30659
0.0,30660
0.0,30661
0.0,30662
0.0,30663
0.0,30664
0.0,30665
0.0,30666
0.0,30667
0.0,30668
0.0,30669
0.0,30670
0.0,30671
167.00318570867225,30672
1020.0052437446591,30673
338.87543555960326,30674
175.69441018123894,30675
0.0,30676
181.98178462070385,30677
0.0,30678
0.0,30679
2708.0807705854595,30680
761.1852563085517,30681
1180.1558056358672,30682
0.0,30683
1490.7618682081297,30684
0.0,30685
281.5540552690015,30686
1166.9372410923288,30687
0.0,30688
0.0,30689
0.0,30690
0.0,30691
287.9964504741382,30692
0.0,30693
0.0,30694
0.0,30695
511.2787682521548,30696
898.6404136525016,30697
144.60033338065995,30698
0.0,30699
263.92854434053487,30700
1986.8623494077924,30701
502.0201509949657,30702
0.0,30703
0.0,30704
0.0,30705
0.0,30706
0.0,30707
0.0,30708
0.0,30709
0.0,30710
0.0,30711
0.0,30712
82.47601206843993,30713
218.50281970563333,30714
2222.077893076762,30715
0.0,30716
160.33512514550705,30717
0.0,30718
1523.448100790079,30719
0.0,30720
0.0,30721
0.0,30722
0.0,30723
0.0,30724
0.0,30725
0.0,30726
161.2707956224603,30727
0.0,30728
204.65424556224934,30729
0.0,30730
0.0,30731
2093.9106024122316,30732
0.0,30733
0.0,30734
0.0,30735
0.0,30736
0.0,30737
0.0,30738
1548.842849285569,30739
0.0,30740
0.0,30741
0.0,30742
0.0,30743
0.0,30744
123.09852817084075,30745
0.0,30746
0.0,30747
0.0,30748
0.0,30749
0.0,30750
0.0,30751
0.0,30752
157.61228734184698,30753
0.0,30754
0.0,30755
0.0,30756
0.0,30757
0.0,30758
0.0,30759
0.0,30760
0.0,30761
0.0,30762
0.0,30763
0.0,30764
0.0,30765
0.0,30766
0.0,30767
0.0,30768
0.0,30769
0.0,30770
1708.0367675670198,30771
0.0,30772
0.0,30773
0.0,30774
0.0,30775
0.0,30776
0.0,30777
0.0,30778
0.0,30779
0.0,30780
0.0,30781
0.0,30782
0.0,30783
0.0,30784
0.0,30785
0.0,30786
0.0,30787
0.0,30788
0.0,30789
0.0,30790
0.0,30791
0.0,30792
0.0,30793
0.0,30794
0.0,30795
0.0,30796
0.0,30797
0.0,30798
0.0,30799
1055.6248828178225,30800
344.1575551556685,30801
0.0,30802
0.0,30803
0.0,30804
0.0,30805
0.0,30806
151.18065315581356,30807
0.0,30808
0.0,30809
0.0,30810
602.815787646071,30811
0.0,30812
0.0,30813
0.0,30814
0.0,30815
0.0,30816
3355.9627779522243,30817
819.6448443221414,30818
444.6652154459594,30819
1734.8415815599665,30820
0.0,30821
51.55321271981425,30822
0.0,30823
0.0,30824
2373.3790385416655,30825
0.0,30826
0.0,30827
0.0,30828
0.0,30829
0.0,30830
2369.733319923161,30831
174.00197793766358,30832
0.0,30833
1466.9757897955144,30834
1090.0546228971552,30835
0.0,30836
0.0,30837
0.0,30838
242.14195922046372,30839
361.8970877988839,30840
0.0,30841
0.0,30842
1199.544974635203,30843
0.0,30844
0.0,30845
0.0,30846
70.70851818472077,30847
0.0,30848
2124.6135924748432,30849
0.0,30850
0.0,30851
0.0,30852
0.0,30853
0.0,30854
0.0,30855
0.0,30856
0.0,30857
0.0,30858
0.0,30859
0.0,30860
0.0,30861
0.0,30862
896.8290575525943,30863
0.0,30864
0.0,30865
180.52927035084392,30866
0.0,30867
0.0,30868
0.0,30869
0.0,30870
0.0,30871
0.0,30872
0.0,30873
0.0,30874
0.0,30875
0.0,30876
0.0,30877
0.0,30878
0.0,30879
0.0,30880
0.0,30881
0.0,30882
0.0,30883
0.0,30884
0.0,30885
0.0,30886
0.0,30887
0.0,30888
0.0,30889
0.0,30890
0.0,30891
0.0,30892
0.0,30893
0.0,30894
0.0,30895
0.0,30896
0.0,30897
0.0,30898
0.0,30899
0.0,30900
0.0,30901
0.0,30902
0.0,30903
0.0,30904
0.0,30905
0.0,30906
0.0,30907
0.0,30908
1458.954191627134,30909
0.0,30910
0.0,30911
0.0,30912
0.0,30913
0.0,30914
0.0,30915
0.0,30916
0.0,30917
0.0,30918
0.0,30919
0.0,30920
0.0,30921
0.0,30922
0.0,30923
0.0,30924
0.0,30925
0.0,30926
0.0,30927
0.0,30928
0.0,30929
0.0,30930
0.0,30931
0.0,30932
0.0,30933
0.0,30934
0.0,30935
0.0,30936
0.0,30937
0.0,30938
0.0,30939
0.0,30940
0.0,30941
0.0,30942
0.0,30943
0.0,30944
0.0,30945
0.0,30946
0.0,30947
863.2036333131524,30948
0.0,30949
0.0,30950
2662.188446711208,30951
0.0,30952
0.0,30953
0.0,30954
0.0,30955
0.0,30956
0.0,30957
0.0,30958
0.0,30959
0.0,30960
0.0,30961
0.0,30962
0.0,30963
0.0,30964
0.0,30965
0.0,30966
0.0,30967
0.0,30968
0.0,30969
0.0,30970
0.0,30971
0.0,30972
0.0,30973
0.0,30974
0.0,30975
0.0,30976
0.0,30977
0.0,30978
0.0,30979
0.0,30980
2174.993407940125,30981
0.0,30982
229.38015242073297,30983
2898.4875410701834,30984
0.0,30985
228.4814971439355,30986
0.0,30987
229.19213009709094,30988
793.9476704890933,30989
0.0,30990
0.0,30991
0.0,30992
0.0,30993
0.0,30994
0.0,30995
0.0,30996
0.0,30997
0.0,30998
0.0,30999
0.0,31000
0.0,31001
0.0,31002
0.0,31003
5577.069223363167,31004
1992.581526412795,31005
0.0,31006
0.0,31007
0.0,31008
0.0,31009
0.0,31010
566.7316069870734,31011
0.0,31012
0.0,31013
0.0,31014
0.0,31015
0.0,31016
0.0,31017
0.0,31018
0.0,31019
0.0,31020
0.0,31021
0.0,31022
0.0,31023
0.0,31024
568.6137399095998,31025
0.0,31026
0.0,31027
0.0,31028
0.0,31029
0.0,31030
0.0,31031
0.0,31032
0.0,31033
569.8971530146531,31034
0.0,31035
0.0,31036
0.0,31037
0.0,31038
0.0,31039
0.0,31040
0.0,31041
0.0,31042
0.0,31043
0.0,31044
0.0,31045
0.0,31046
0.0,31047
808.9954971877766,31048
0.0,31049
0.0,31050
0.0,31051
0.0,31052
0.0,31053
1253.4990853065676,31054
788.8724962458296,31055
723.5451389547385,31056
0.0,31057
0.0,31058
0.0,31059
0.0,31060
0.0,31061
0.0,31062
0.0,31063
0.0,31064
0.0,31065
309.8129242005029,31066
0.0,31067
0.0,31068
0.0,31069
0.0,31070
0.0,31071
0.0,31072
0.0,31073
0.0,31074
0.0,31075
1647.0892574616157,31076
2170.3697785030417,31077
2155.6214273533005,31078
5263.580586810557,31079
1713.405877602713,31080
0.0,31081
0.0,31082
0.0,31083
0.0,31084
0.0,31085
0.0,31086
0.0,31087
0.0,31088
0.0,31089
0.0,31090
0.0,31091
0.0,31092
0.0,31093
0.0,31094
0.0,31095
0.0,31096
0.0,31097
0.0,31098
0.0,31099
0.0,31100
1960.0254145967915,31101
1945.2606983466635,31102
1929.6191551809566,31103
1915.799874890572,31104
0.0,31105
0.0,31106
0.0,31107
0.0,31108
0.0,31109
0.0,31110
0.0,31111
0.0,31112
0.0,31113
0.0,31114
0.0,31115
0.0,31116
0.0,31117
0.0,31118
0.0,31119
0.0,31120
0.0,31121
0.0,31122
0.0,31123
0.0,31124
0.0,31125
0.0,31126
0.0,31127
0.0,31128
0.0,31129
331.3139534065847,31130
0.0,31131
0.0,31132
0.0,31133
0.0,31134
0.0,31135
0.0,31136
0.0,31137
0.0,31138
0.0,31139
0.0,31140
0.0,31141
0.0,31142
0.0,31143
0.0,31144
0.0,31145
0.0,31146
0.0,31147
0.0,31148
0.0,31149
0.0,31150
0.0,31151
2928.057600047574,31152
0.0,31153
0.0,31154
0.0,31155
0.0,31156
0.0,31157
0.0,31158
0.0,31159
0.0,31160
0.0,31161
0.0,31162
0.0,31163
0.0,31164
0.0,31165
5772.450352332639,31166
0.0,31167
0.0,31168
0.0,31169
0.0,31170
0.0,31171
0.0,31172
0.0,31173
0.0,31174
0.0,31175
0.0,31176
0.0,31177
0.0,31178
0.0,31179
0.0,31180
0.0,31181
0.0,31182
0.0,31183
0.0,31184
0.0,31185
0.0,31186
0.0,31187
644.793888729845,31188
0.0,31189
0.0,31190
0.0,31191
0.0,31192
0.0,31193
0.0,31194
0.0,31195
0.0,31196
0.0,31197
279.8606286812083,31198
0.0,31199
0.0,31200
0.0,31201
0.0,31202
0.0,31203
0.0,31204
0.0,31205
0.0,31206
0.0,31207
0.0,31208
0.0,31209
0.0,31210
0.0,31211
0.0,31212
0.0,31213
0.0,31214
0.0,31215
0.0,31216
0.0,31217
0.0,31218
0.0,31219
0.0,31220
308.6233769743093,31221
246.60545962958992,31222
0.0,31223
1337.381244702528,31224
216.22659861765638,31225
1764.5782703821892,31226
235.47348737923127,31227
0.0,31228
0.0,31229
0.0,31230
0.0,31231
0.0,31232
0.0,31233
0.0,31234
1955.4788217345415,31235
0.0,31236
0.0,31237
0.0,31238
0.0,31239
0.0,31240
0.0,31241
0.0,31242
0.0,31243
0.0,31244
0.0,31245
0.0,31246
0.0,31247
0.0,31248
0.0,31249
0.0,31250
0.0,31251
0.0,31252
0.0,31253
0.0,31254
0.0,31255
0.0,31256
0.0,31257
0.0,31258
0.0,31259
0.0,31260
0.0,31261
0.0,31262
0.0,31263
0.0,31264
0.0,31265
679.714062863945,31266
0.0,31267
674.9988531472221,31268
0.0,31269
0.0,31270
0.0,31271
0.0,31272
0.0,31273
1278.6388469175251,31274
0.0,31275
840.4342900743447,31276
2193.14443255733,31277
0.0,31278
0.0,31279
0.0,31280
0.0,31281
1376.992356614168,31282
1598.5492601341805,31283
0.0,31284
1604.7633946540536,31285
209.32803110094133,31286
0.0,31287
85.20700290476836,31288
0.0,31289
0.0,31290
0.0,31291
0.0,31292
0.0,31293
0.0,31294
0.0,31295
0.0,31296
0.0,31297
0.0,31298
0.0,31299
1858.240164685842,31300
988.7712642569373,31301
0.0,31302
0.0,31303
729.9123139339674,31304
0.0,31305
0.0,31306
0.0,31307
0.0,31308
0.0,31309
0.0,31310
0.0,31311
10284.231179217679,31312
0.0,31313
0.0,31314
0.0,31315
0.0,31316
0.0,31317
0.0,31318
0.0,31319
0.0,31320
1179.8865582444284,31321
0.0,31322
0.0,31323
0.0,31324
0.0,31325
132.2536809812386,31326
531.1967689126556,31327
312.3663139851265,31328
0.0,31329
0.0,31330
0.0,31331
0.0,31332
890.7734854969755,31333
0.0,31334
0.0,31335
0.0,31336
0.0,31337
0.0,31338
0.0,31339
0.0,31340
0.0,31341
0.0,31342
0.0,31343
0.0,31344
0.0,31345
71.02833891980802,31346
137.95767733909085,31347
0.0,31348
0.0,31349
0.0,31350
0.0,31351
15.871407040648364,31352
0.0,31353
661.7688576097705,31354
0.0,31355
1191.7822248185023,31356
0.0,31357
0.0,31358
209.3193488468903,31359
927.3544588342529,31360
513.2245729129814,31361
0.0,31362
0.0,31363
1014.4565703231534,31364
0.0,31365
0.0,31366
0.0,31367
162.0718807741333,31368
266.74793528844475,31369
256.5873415962669,31370
0.0,31371
0.0,31372
0.0,31373
0.0,31374
115.1890737008461,31375
0.0,31376
111.2931506127974,31377
360.1046418839378,31378
431.57501751745946,31379
0.0,31380
0.0,31381
0.0,31382
0.0,31383
342.7118252473267,31384
415.07950251463313,31385
0.0,31386
0.0,31387
0.0,31388
0.0,31389
0.0,31390
0.0,31391
0.0,31392
0.0,31393
0.0,31394
0.0,31395
0.0,31396
0.0,31397
0.0,31398
0.0,31399
0.0,31400
0.0,31401
0.0,31402
0.0,31403
184.04203033425503,31404
0.0,31405
0.0,31406
107.55190376805895,31407
0.0,31408
0.0,31409
0.0,31410
0.0,31411
0.0,31412
713.6354334998747,31413
706.333176805004,31414
0.0,31415
1108.101283297886,31416
1106.6996455759406,31417
633.8877957591778,31418
0.0,31419
666.9718916618089,31420
0.0,31421
605.8269981588055,31422
2455.126527238186,31423
0.0,31424
0.0,31425
0.0,31426
0.0,31427
0.0,31428
0.0,31429
0.0,31430
0.0,31431
0.0,31432
0.0,31433
72.94755849218689,31434
0.0,31435
0.0,31436
0.0,31437
0.0,31438
0.0,31439
0.0,31440
0.0,31441
0.0,31442
0.0,31443
0.0,31444
0.0,31445
0.0,31446
0.0,31447
0.0,31448
0.0,31449
0.0,31450
0.0,31451
0.0,31452
0.0,31453
0.0,31454
0.0,31455
205.79333615879716,31456
0.0,31457
0.0,31458
0.0,31459
0.0,31460
4897.07941415733,31461
2017.6460100002234,31462
0.0,31463
1065.9030932096869,31464
0.0,31465
0.0,31466
0.0,31467
0.0,31468
0.0,31469
0.0,31470
0.0,31471
0.0,31472
0.0,31473
0.0,31474
0.0,31475
0.0,31476
0.0,31477
0.0,31478
0.0,31479
0.0,31480
0.0,31481
0.0,31482
0.0,31483
0.0,31484
0.0,31485
0.0,31486
0.0,31487
0.0,31488
0.0,31489
0.0,31490
0.0,31491
2214.5760270787505,31492
0.0,31493
0.0,31494
0.0,31495
0.0,31496
0.0,31497
0.0,31498
3936.910120550297,31499
0.0,31500
0.0,31501
0.0,31502
0.0,31503
0.0,31504
0.0,31505
0.0,31506
0.0,31507
0.0,31508
0.0,31509
411.853465216414,31510
0.0,31511
0.0,31512
0.0,31513
0.0,31514
0.0,31515
0.0,31516
0.0,31517
0.0,31518
1420.3627803509962,31519
0.0,31520
0.0,31521
0.0,31522
0.0,31523
0.0,31524
0.0,31525
0.0,31526
0.0,31527
0.0,31528
0.0,31529
0.0,31530
0.0,31531
0.0,31532
0.0,31533
0.0,31534
0.0,31535
0.0,31536
0.0,31537
0.0,31538
0.0,31539
0.0,31540
0.0,31541
0.0,31542
0.0,31543
0.0,31544
0.0,31545
1544.742887224864,31546
0.0,31547
0.0,31548
0.0,31549
0.0,31550
0.0,31551
0.0,31552
0.0,31553
0.0,31554
0.0,31555
0.0,31556
131.79113384051752,31557
129.11402881942954,31558
125.38215914740785,31559
0.0,31560
0.0,31561
1279.1808292649116,31562
84.65983585255061,31563
114.34819084606734,31564
0.0,31565
0.0,31566
0.0,31567
0.0,31568
0.0,31569
0.0,31570
0.0,31571
0.0,31572
0.0,31573
0.0,31574
0.0,31575
0.0,31576
0.0,31577
0.0,31578
0.0,31579
0.0,31580
0.0,31581
0.0,31582
0.0,31583
0.0,31584
4771.293708648656,31585
0.0,31586
0.0,31587
0.0,31588
3068.2248161441325,31589
0.0,31590
0.0,31591
0.0,31592
0.0,31593
0.0,31594
0.0,31595
0.0,31596
0.0,31597
1686.5596961133153,31598
0.0,31599
117.16729509470824,31600
0.0,31601
0.0,31602
0.0,31603
0.0,31604
0.0,31605
0.0,31606
0.0,31607
391.03986717085013,31608
226.4452174501735,31609
0.0,31610
0.0,31611
0.0,31612
0.0,31613
0.0,31614
0.0,31615
0.0,31616
0.0,31617
0.0,31618
153.7932111075742,31619
0.0,31620
0.0,31621
0.0,31622
0.0,31623
0.0,31624
0.0,31625
0.0,31626
0.0,31627
0.0,31628
580.5472884685782,31629
2058.0987351413373,31630
0.0,31631
2051.8846158816464,31632
0.0,31633
0.0,31634
0.0,31635
0.0,31636
0.0,31637
0.0,31638
0.0,31639
492.7182348788726,31640
0.0,31641
0.0,31642
0.0,31643
2981.0082295319403,31644
2028.2795571718204,31645
0.0,31646
0.0,31647
0.0,31648
0.0,31649
0.0,31650
0.0,31651
0.0,31652
2035.3585940524215,31653
0.0,31654
0.0,31655
1929.4795975295365,31656
0.0,31657
0.0,31658
0.0,31659
0.0,31660
0.0,31661
0.0,31662
0.0,31663
0.0,31664
0.0,31665
0.0,31666
1160.9773698899273,31667
0.0,31668
0.0,31669
0.0,31670
0.0,31671
0.0,31672
0.0,31673
0.0,31674
0.0,31675
0.0,31676
0.0,31677
0.0,31678
0.0,31679
0.0,31680
0.0,31681
0.0,31682
0.0,31683
0.0,31684
0.0,31685
0.0,31686
0.0,31687
0.0,31688
0.0,31689
0.0,31690
0.0,31691
0.0,31692
0.0,31693
0.0,31694
2743.504718792625,31695
0.0,31696
0.0,31697
0.0,31698
0.0,31699
0.0,31700
0.0,31701
0.0,31702
0.0,31703
0.0,31704
0.0,31705
0.0,31706
0.0,31707
1690.2217134026964,31708
79.11114081537569,31709
5245.869857302072,31710
0.0,31711
0.0,31712
0.0,31713
0.0,31714
0.0,31715
0.0,31716
0.0,31717
0.0,31718
0.0,31719
0.0,31720
0.0,31721
787.2313068826868,31722
0.0,31723
498.9567590291767,31724
0.0,31725
0.0,31726
0.0,31727
0.0,31728
1376.3800020712558,31729
0.0,31730
0.0,31731
0.0,31732
0.0,31733
0.0,31734
0.0,31735
0.0,31736
53.683765183187056,31737
652.9736420986519,31738
0.0,31739
0.0,31740
1207.0513589280683,31741
620.3091362951643,31742
1500.433106455526,31743
0.0,31744
0.0,31745
0.0,31746
565.374770772575,31747
0.0,31748
0.0,31749
0.0,31750
0.0,31751
0.0,31752
0.0,31753
0.0,31754
1587.1031317553486,31755
0.0,31756
0.0,31757
0.0,31758
0.0,31759
0.0,31760
0.0,31761
0.0,31762
0.0,31763
0.0,31764
0.0,31765
0.0,31766
0.0,31767
0.0,31768
0.0,31769
0.0,31770
0.0,31771
1166.853418015141,31772
1313.9327604068153,31773
0.0,31774
0.0,31775
0.0,31776
0.0,31777
0.0,31778
0.0,31779
0.0,31780
0.0,31781
0.0,31782
0.0,31783
0.0,31784
0.0,31785
0.0,31786
0.0,31787
0.0,31788
0.0,31789
0.0,31790
0.0,31791
0.0,31792
0.0,31793
0.0,31794
0.0,31795
4108.574369845923,31796
0.0,31797
0.0,31798
0.0,31799
0.0,31800
0.0,31801
0.0,31802
0.0,31803
0.0,31804
0.0,31805
0.0,31806
0.0,31807
0.0,31808
0.0,31809
0.0,31810
0.0,31811
0.0,31812
0.0,31813
0.0,31814
0.0,31815
0.0,31816
0.0,31817
0.0,31818
0.0,31819
0.0,31820
0.0,31821
0.0,31822
0.0,31823
0.0,31824
0.0,31825
0.0,31826
0.0,31827
2097.448177392868,31828
1844.7507927093604,31829
627.2894945518204,31830
0.0,31831
0.0,31832
0.0,31833
674.2625099754931,31834
900.7696509371057,31835
674.3701433555865,31836
0.0,31837
0.0,31838
0.0,31839
0.0,31840
0.0,31841
372.49844333834665,31842
0.0,31843
1760.3975387604619,31844
152.07123872141963,31845
952.6177614678852,31846
2120.3603387879366,31847
425.0020958114815,31848
0.0,31849
0.0,31850
2255.6123017481154,31851
1983.024576731857,31852
1019.2594075564231,31853
0.0,31854
0.0,31855
0.0,31856
2001.6874336072406,31857
0.0,31858
0.0,31859
0.0,31860
0.0,31861
0.0,31862
0.0,31863
0.0,31864
0.0,31865
0.0,31866
0.0,31867
0.0,31868
328.3441878255988,31869
1174.9649881913967,31870
539.8197490994212,31871
0.0,31872
0.0,31873
1260.1006838223025,31874
0.0,31875
709.6800516780874,31876
1107.1907659775336,31877
1658.2804164539668,31878
1667.0245445961984,31879
1868.1776319565513,31880
1880.0042703254583,31881
1892.0006595014827,31882
1864.4131402915255,31883
1335.494175560103,31884
0.0,31885
761.0254382483733,31886
0.0,31887
0.0,31888
0.0,31889
0.0,31890
0.0,31891
0.0,31892
1441.5402042177002,31893
0.0,31894
0.0,31895
0.0,31896
0.0,31897
0.0,31898
1852.338994997371,31899
0.0,31900
0.0,31901
1042.9911204662876,31902
0.0,31903
0.0,31904
0.0,31905
0.0,31906
0.0,31907
0.0,31908
0.0,31909
0.0,31910
0.0,31911
442.89038099817617,31912
0.0,31913
0.0,31914
0.0,31915
0.0,31916
691.3975043835285,31917
419.7524241419742,31918
375.7858431817978,31919
0.0,31920
398.1869497179695,31921
375.2887582998931,31922
0.0,31923
0.0,31924
3779.2828923734332,31925
0.0,31926
0.0,31927
0.0,31928
0.0,31929
0.0,31930
0.0,31931
0.0,31932
0.0,31933
168.22128096611635,31934
0.0,31935
0.0,31936
0.0,31937
0.0,31938
0.0,31939
0.0,31940
0.0,31941
0.0,31942
0.0,31943
15.622648229919964,31944
0.0,31945
746.1593035939225,31946
0.0,31947
0.0,31948
1924.4016739372787,31949
0.0,31950
1931.6689352071555,31951
0.0,31952
3591.422523383433,31953
2136.0155710898816,31954
0.0,31955
1942.735455489304,31956
0.0,31957
0.0,31958
0.0,31959
4665.019555339077,31960
0.0,31961
4908.291440129414,31962
0.0,31963
4654.046489546268,31964
0.0,31965
0.0,31966
0.0,31967
0.0,31968
0.0,31969
0.0,31970
0.0,31971
0.0,31972
0.0,31973
0.0,31974
964.4588662180274,31975
0.0,31976
0.0,31977
0.0,31978
0.0,31979
0.0,31980
532.2639676579537,31981
804.7096625906155,31982
487.31132681480403,31983
683.9023116944044,31984
0.0,31985
0.0,31986
0.0,31987
304.2100604073956,31988
1824.461791887259,31989
1662.9340786869568,31990
0.0,31991
1187.7913305025622,31992
1307.735093567708,31993
0.0,31994
0.0,31995
933.5967831479917,31996
1292.5606002474565,31997
1755.1216521364377,31998
1770.9650478240846,31999
1343.0292270299078,32000
1533.439677004565,32001
777.2325467097337,32002
640.2094193088583,32003
1595.3719473414694,32004
0.0,32005
909.1954325874786,32006
0.0,32007
0.0,32008
0.0,32009
0.0,32010
486.7268910520752,32011
0.0,32012
0.0,32013
0.0,32014
0.0,32015
0.0,32016
0.0,32017
0.0,32018
0.0,32019
2067.2882215183413,32020
0.0,32021
0.0,32022
1776.465757116515,32023
2607.538606062628,32024
0.0,32025
0.0,32026
0.0,32027
346.3591606170342,32028
0.0,32029
0.0,32030
0.0,32031
0.0,32032
0.0,32033
0.0,32034
0.0,32035
0.0,32036
0.0,32037
0.0,32038
853.5546300815776,32039
1483.4435051781375,32040
0.0,32041
0.0,32042
0.0,32043
0.0,32044
0.0,32045
0.0,32046
0.0,32047
0.0,32048
0.0,32049
0.0,32050
0.0,32051
0.0,32052
0.0,32053
0.0,32054
0.0,32055
0.0,32056
0.0,32057
0.0,32058
0.0,32059
0.0,32060
0.0,32061
0.0,32062
0.0,32063
0.0,32064
0.0,32065
2603.35352734036,32066
0.0,32067
46.142350241425916,32068
0.0,32069
0.0,32070
2608.7926175655316,32071
2610.72329525282,32072
1900.2782239998758,32073
0.0,32074
0.0,32075
687.5605329712013,32076
0.0,32077
2470.368160214511,32078
2715.332876021168,32079
0.0,32080
2888.405704649366,32081
0.0,32082
9601.70665822267,32083
0.0,32084
0.0,32085
535.1086688540997,32086
298.58378737537237,32087
1979.65687271682,32088
0.0,32089
0.0,32090
0.0,32091
5135.5572183894665,32092
0.0,32093
0.0,32094
615.4399739917054,32095
5007.852740940215,32096
5007.075365668762,32097
5005.720052969879,32098
962.154004662383,32099
5128.734658180302,32100
0.0,32101
1129.1317825093738,32102
6678.817091454845,32103
513.0866479718973,32104
0.0,32105
0.0,32106
0.0,32107
1075.9648224277898,32108
800.7143270095104,32109
3025.654218972674,32110
840.8226276480373,32111
554.697911361645,32112
539.9037554249635,32113
0.0,32114
1955.6894498848417,32115
5045.850476792834,32116
0.0,32117
1675.4814012769552,32118
0.0,32119
4740.197374745537,32120
5931.0565816863045,32121
0.0,32122
512.6360470134106,32123
0.0,32124
5920.152068693701,32125
0.0,32126
0.0,32127
0.0,32128
0.0,32129
0.0,32130
524.2862543491242,32131
53.34774862753246,32132
0.0,32133
0.0,32134
0.0,32135
64.45528122202009,32136
0.0,32137
0.0,32138
0.0,32139
2978.008990373216,32140
1105.8493141858212,32141
2711.3013968826667,32142
0.0,32143
0.0,32144
0.0,32145
0.0,32146
0.0,32147
0.0,32148
0.0,32149
0.0,32150
0.0,32151
0.0,32152
0.0,32153
0.0,32154
0.0,32155
0.0,32156
0.0,32157
0.0,32158
0.0,32159
0.0,32160
0.0,32161
61.165849914319004,32162
0.0,32163
0.0,32164
0.0,32165
0.0,32166
0.0,32167
0.0,32168
0.0,32169
0.0,32170
0.0,32171
0.0,32172
0.0,32173
0.0,32174
0.0,32175
0.0,32176
0.0,32177
0.0,32178
0.0,32179
0.0,32180
0.0,32181
1804.2154915367457,32182
0.0,32183
0.0,32184
2696.992941190913,32185
2764.5278422074766,32186
1707.7015775536854,32187
249.94464565263405,32188
0.0,32189
2563.8691106384335,32190
980.8376081721889,32191
0.0,32192
1192.8054421373981,32193
2546.140468185472,32194
5386.269025246197,32195
1199.4620576606073,32196
0.0,32197
5645.288302864011,32198
0.0,32199
0.0,32200
0.0,32201
1067.4154613535516,32202
0.0,32203
1081.8847346935866,32204
0.0,32205
0.0,32206
0.0,32207
0.0,32208
0.0,32209
0.0,32210
0.0,32211
0.0,32212
0.0,32213
0.0,32214
0.0,32215
0.0,32216
0.0,32217
0.0,32218
0.0,32219
0.0,32220
0.0,32221
0.0,32222
0.0,32223
0.0,32224
0.0,32225
0.0,32226
0.0,32227
0.0,32228
0.0,32229
0.0,32230
0.0,32231
0.0,32232
0.0,32233
1311.01532605755,32234
1384.655741959468,32235
0.0,32236
0.0,32237
0.0,32238
0.0,32239
0.0,32240
0.0,32241
0.0,32242
0.0,32243
0.0,32244
0.0,32245
0.0,32246
0.0,32247
0.0,32248
0.0,32249
0.0,32250
0.0,32251
0.0,32252
0.0,32253
0.0,32254
0.0,32255
0.0,32256
265.13459583557926,32257
0.0,32258
0.0,32259
0.0,32260
0.0,32261
0.0,32262
0.0,32263
0.0,32264
0.0,32265
0.0,32266
0.0,32267
2392.673536856655,32268
0.0,32269
0.0,32270
0.0,32271
0.0,32272
182.20306988530342,32273
1095.4628056772049,32274
1662.7099060824128,32275
0.0,32276
0.0,32277
29.05947375309549,32278
0.0,32279
0.0,32280
0.0,32281
0.0,32282
0.0,32283
750.5208992568419,32284
0.0,32285
2460.1477545680746,32286
0.0,32287
0.0,32288
0.0,32289
1203.9621091145004,32290
1168.9131407736731,32291
1023.4149592400115,32292
0.0,32293
0.0,32294
1857.2349240482783,32295
0.0,32296
0.0,32297
1185.9463599659202,32298
1979.9828999578576,32299
0.0,32300
0.0,32301
0.0,32302
0.0,32303
0.0,32304
3328.6016003280174,32305
0.0,32306
0.0,32307
0.0,32308
4080.3468159913114,32309
0.0,32310
3676.5821563263926,32311
0.0,32312
0.0,32313
0.0,32314
0.0,32315
2888.2775072548684,32316
0.0,32317
0.0,32318
443.7596218874242,32319
0.0,32320
329.25418670905106,32321
429.44315589758537,32322
0.0,32323
0.0,32324
0.0,32325
0.0,32326
0.0,32327
0.0,32328
0.0,32329
0.0,32330
0.0,32331
0.0,32332
0.0,32333
0.0,32334
0.0,32335
0.0,32336
0.0,32337
0.0,32338
0.0,32339
0.0,32340
0.0,32341
0.0,32342
0.0,32343
0.0,32344
0.0,32345
0.0,32346
0.0,32347
0.0,32348
0.0,32349
0.0,32350
0.0,32351
0.0,32352
0.0,32353
0.0,32354
4065.2269908762883,32355
0.0,32356
0.0,32357
0.0,32358
0.0,32359
0.0,32360
0.0,32361
0.0,32362
0.0,32363
0.0,32364
3393.7144365679105,32365
0.0,32366
0.0,32367
0.0,32368
0.0,32369
0.0,32370
0.0,32371
0.0,32372
0.0,32373
0.0,32374
3528.4849863854706,32375
0.0,32376
0.0,32377
0.0,32378
0.0,32379
0.0,32380
200.91477928288683,32381
0.0,32382
0.0,32383
0.0,32384
0.0,32385
0.0,32386
1736.8361963694576,32387
0.0,32388
0.0,32389
95.95481448500517,32390
0.0,32391
0.0,32392
0.0,32393
0.0,32394
0.0,32395
0.0,32396
0.0,32397
0.0,32398
0.0,32399
0.0,32400
0.0,32401
0.0,32402
0.0,32403
181.61180919876313,32404
0.0,32405
0.0,32406
0.0,32407
0.0,32408
0.0,32409
0.0,32410
0.0,32411
0.0,32412
0.0,32413
0.0,32414
0.0,32415
0.0,32416
0.0,32417
0.0,32418
0.0,32419
0.0,32420
0.0,32421
0.0,32422
0.0,32423
1310.2887616414105,32424
0.0,32425
119.77908575527944,32426
0.0,32427
0.0,32428
0.0,32429
0.0,32430
0.0,32431
475.2727356526404,32432
0.0,32433
98.79026145933399,32434
455.0256625712746,32435
4305.851859836508,32436
606.6738267529253,32437
0.0,32438
0.0,32439
0.0,32440
552.2607269321088,32441
781.3236466156494,32442
0.0,32443
0.0,32444
0.0,32445
540.3182933914818,32446
533.6374219458644,32447
659.0222243593058,32448
0.0,32449
0.0,32450
0.0,32451
0.0,32452
0.0,32453
0.0,32454
0.0,32455
0.0,32456
0.0,32457
0.0,32458
0.0,32459
2163.428902605906,32460
0.0,32461
0.0,32462
0.0,32463
0.0,32464
0.0,32465
0.0,32466
248.1659045440873,32467
0.0,32468
0.0,32469
0.0,32470
0.0,32471
1688.591196774871,32472
1679.060905561198,32473
0.0,32474
0.0,32475
0.0,32476
0.0,32477
0.0,32478
0.0,32479
0.0,32480
0.0,32481
0.0,32482
0.0,32483
0.0,32484
0.0,32485
0.0,32486
0.0,32487
0.0,32488
0.0,32489
0.0,32490
0.0,32491
0.0,32492
0.0,32493
0.0,32494
0.0,32495
0.0,32496
0.0,32497
0.0,32498
0.0,32499
0.0,32500
0.0,32501
0.0,32502
0.0,32503
0.0,32504
0.0,32505
0.0,32506
0.0,32507
0.0,32508
0.0,32509
0.0,32510
0.0,32511
0.0,32512
0.0,32513
0.0,32514
0.0,32515
0.0,32516
0.0,32517
0.0,32518
0.0,32519
50.24725691204218,32520
848.2142854475198,32521
0.0,32522
0.0,32523
2551.676467778042,32524
0.0,32525
0.0,32526
0.0,32527
1186.7129744203555,32528
0.0,32529
0.0,32530
0.0,32531
0.0,32532
0.0,32533
0.0,32534
991.1873514460952,32535
0.0,32536
0.0,32537
0.0,32538
0.0,32539
0.0,32540
0.0,32541
0.0,32542
0.0,32543
0.0,32544
0.0,32545
0.0,32546
0.0,32547
823.43727539495,32548
1013.4002075362558,32549
2824.630452556414,32550
0.0,32551
1587.7333747539776,32552
150.1798856575981,32553
0.0,32554
0.0,32555
0.0,32556
0.0,32557
193.68883832476456,32558
596.7403306311388,32559
0.0,32560
0.0,32561
0.0,32562
0.0,32563
0.0,32564
0.0,32565
0.0,32566
0.0,32567
0.0,32568
0.0,32569
0.0,32570
0.0,32571
0.0,32572
0.0,32573
0.0,32574
0.0,32575
0.0,32576
0.0,32577
0.0,32578
0.0,32579
0.0,32580
0.0,32581
0.0,32582
0.0,32583
0.0,32584
0.0,32585
0.0,32586
177.87281510563187,32587
0.0,32588
0.0,32589
0.0,32590
0.0,32591
143.37786338845555,32592
2550.1861302457955,32593
0.0,32594
0.0,32595
0.0,32596
0.0,32597
0.0,32598
201.13908339487267,32599
0.0,32600
0.0,32601
0.0,32602
0.0,32603
0.0,32604
0.0,32605
0.0,32606
0.0,32607
0.0,32608
0.0,32609
0.0,32610
0.0,32611
0.0,32612
0.0,32613
0.0,32614
0.0,32615
0.0,32616
0.0,32617
0.0,32618
0.0,32619
0.0,32620
0.0,32621
0.0,32622
0.0,32623
0.0,32624
0.0,32625
0.0,32626
0.0,32627
0.0,32628
0.0,32629
0.0,32630
0.0,32631
441.14700339250885,32632
2035.1947060711816,32633
0.0,32634
0.0,32635
0.0,32636
0.0,32637
0.0,32638
0.0,32639
0.0,32640
0.0,32641
0.0,32642
0.0,32643
0.0,32644
0.0,32645
0.0,32646
0.0,32647
0.0,32648
0.0,32649
0.0,32650
0.0,32651
0.0,32652
0.0,32653
0.0,32654
0.0,32655
0.0,32656
0.0,32657
0.0,32658
0.0,32659
0.0,32660
0.0,32661
0.0,32662
0.0,32663
0.0,32664
0.0,32665
0.0,32666
0.0,32667
0.0,32668
0.0,32669
0.0,32670
0.0,32671
0.0,32672
0.0,32673
0.0,32674
0.0,32675
0.0,32676
0.0,32677
0.0,32678
0.0,32679
0.0,32680
0.0,32681
0.0,32682
0.0,32683
0.0,32684
203.0900897631168,32685
977.0239546615582,32686
0.0,32687
0.0,32688
0.0,32689
0.0,32690
0.0,32691
0.0,32692
0.0,32693
0.0,32694
0.0,32695
0.0,32696
0.0,32697
0.0,32698
0.0,32699
0.0,32700
0.0,32701
0.0,32702
0.0,32703
5197.82063753725,32704
0.0,32705
0.0,32706
0.0,32707
0.0,32708
0.0,32709
0.0,32710
0.0,32711
6373.137842051048,32712
0.0,32713
0.0,32714
0.0,32715
0.0,32716
0.0,32717
0.0,32718
0.0,32719
1407.315581373242,32720
0.0,32721
0.0,32722
410.38991249959906,32723
407.7924104644305,32724
0.0,32725
0.0,32726
0.0,32727
0.0,32728
0.0,32729
0.0,32730
0.0,32731
0.0,32732
1371.6690491873778,32733
0.0,32734
0.0,32735
0.0,32736
0.0,32737
1507.3360625608993,32738
0.0,32739
0.0,32740
0.0,32741
0.0,32742
0.0,32743
0.0,32744
0.0,32745
0.0,32746
0.0,32747
0.0,32748
0.0,32749
0.0,32750
0.0,32751
0.0,32752
0.0,32753
0.0,32754
0.0,32755
0.0,32756
0.0,32757
0.0,32758
0.0,32759
0.0,32760
0.0,32761
0.0,32762
0.0,32763
0.0,32764
549.4399721878821,32765
76.9575628646857,32766
0.0,32767
0.0,32768
0.0,32769
0.0,32770
0.0,32771
0.0,32772
0.0,32773
0.0,32774
0.0,32775
0.0,32776
0.0,32777
0.0,32778
0.0,32779
0.0,32780
684.010921780328,32781
0.0,32782
0.0,32783
0.0,32784
0.0,32785
3272.3631746042124,32786
0.0,32787
0.0,32788
0.0,32789
0.0,32790
0.0,32791
0.0,32792
0.0,32793
0.0,32794
0.0,32795
0.0,32796
0.0,32797
0.0,32798
0.0,32799
0.0,32800
0.0,32801
0.0,32802
0.0,32803
0.0,32804
0.0,32805
0.0,32806
0.0,32807
0.0,32808
0.0,32809
0.0,32810
0.0,32811
0.0,32812
0.0,32813
0.0,32814
0.0,32815
0.0,32816
997.0600203306104,32817
462.83369849123255,32818
0.0,32819
778.447427100624,32820
992.7055703591456,32821
0.0,32822
0.0,32823
0.0,32824
459.3671599195368,32825
1389.0406205139366,32826
0.0,32827
0.0,32828
0.0,32829
0.0,32830
0.0,32831
0.0,32832
1085.3490585045035,32833
1557.5333676869238,32834
0.0,32835
0.0,32836
0.0,32837
0.0,32838
0.0,32839
0.0,32840
0.0,32841
0.0,32842
0.0,32843
0.0,32844
0.0,32845
260.34704535343377,32846
0.0,32847
0.0,32848
0.0,32849
0.0,32850
0.0,32851
0.0,32852
0.0,32853
0.0,32854
0.0,32855
0.0,32856
725.5635857912853,32857
0.0,32858
0.0,32859
1085.4181628066196,32860
0.0,32861
0.0,32862
1524.073778691159,32863
1008.7782889794904,32864
0.0,32865
0.0,32866
0.0,32867
0.0,32868
0.0,32869
0.0,32870
497.0474271699998,32871
0.0,32872
0.0,32873
0.0,32874
0.0,32875
235.86274882989414,32876
0.0,32877
0.0,32878
0.0,32879
0.0,32880
0.0,32881
0.0,32882
0.0,32883
0.0,32884
0.0,32885
0.0,32886
0.0,32887
0.0,32888
0.0,32889
0.0,32890
0.0,32891
581.5369394506807,32892
0.0,32893
0.0,32894
0.0,32895
0.0,32896
0.0,32897
4039.08513694368,32898
0.0,32899
0.0,32900
0.0,32901
1321.125590692011,32902
989.4076891236144,32903
1264.2198595428404,32904
1033.8225923063148,32905
3726.8209834690983,32906
282.12635946090796,32907
0.0,32908
618.6262152786768,32909
623.2557213722158,32910
105.95894453771086,32911
0.0,32912
0.0,32913
0.0,32914
0.0,32915
0.0,32916
38.01942154284867,32917
0.0,32918
0.0,32919
156.80604945788312,32920
0.0,32921
0.0,32922
0.0,32923
1328.1694802958887,32924
0.0,32925
0.0,32926
491.21039787843705,32927
0.0,32928
0.0,32929
0.0,32930
0.0,32931
0.0,32932
0.0,32933
0.0,32934
419.4701321547769,32935
0.0,32936
0.0,32937
0.0,32938
0.0,32939
0.0,32940
0.0,32941
490.4617045091582,32942
0.0,32943
0.0,32944
0.0,32945
577.9908635218117,32946
0.0,32947
0.0,32948
0.0,32949
1289.0456730080703,32950
0.0,32951
0.0,32952
0.0,32953
0.0,32954
0.0,32955
0.0,32956
0.0,32957
0.0,32958
446.64993947787724,32959
0.0,32960
0.0,32961
0.0,32962
0.0,32963
43.780330799080694,32964
0.0,32965
0.0,32966
161.19906617640225,32967
0.0,32968
0.0,32969
0.0,32970
0.0,32971
0.0,32972
0.0,32973
0.0,32974
0.0,32975
0.0,32976
0.0,32977
0.0,32978
0.0,32979
0.0,32980
0.0,32981
0.0,32982
257.6496316725128,32983
0.0,32984
0.0,32985
0.0,32986
1284.7170654728777,32987
0.0,32988
0.0,32989
0.0,32990
0.0,32991
0.0,32992
522.2897226003322,32993
824.1322827213822,32994
2241.3851751655397,32995
821.891910493884,32996
1200.1467561391514,32997
0.0,32998
0.0,32999
1781.2528027724125,33000
0.0,33001
0.0,33002
936.7784571468843,33003
638.5097894243268,33004
0.0,33005
650.026790485564,33006
988.4692497437654,33007
0.0,33008
1129.087223954647,33009
2951.861492585367,33010
138.2795611342352,33011
943.8725431232774,33012
0.0,33013
0.0,33014
962.2405473937217,33015
0.0,33016
0.0,33017
34.578048820585124,33018
0.0,33019
0.0,33020
0.0,33021
0.0,33022
0.0,33023
0.0,33024
0.0,33025
1145.0742250070864,33026
0.0,33027
0.0,33028
0.0,33029
0.0,33030
0.0,33031
0.0,33032
0.0,33033
0.0,33034
460.2586972292221,33035
1879.0040595369335,33036
0.0,33037
0.0,33038
0.0,33039
0.0,33040
607.0956470180273,33041
0.0,33042
0.0,33043
0.0,33044
590.7783790221456,33045
2646.532377475811,33046
0.0,33047
0.0,33048
0.0,33049
403.3418912840468,33050
1289.8886381130712,33051
738.4175892144492,33052
0.0,33053
1503.126387141283,33054
0.0,33055
0.0,33056
0.0,33057
0.0,33058
0.0,33059
0.0,33060
0.0,33061
0.0,33062
0.0,33063
0.0,33064
0.0,33065
0.0,33066
0.0,33067
1383.3161957412851,33068
340.60332819055515,33069
0.0,33070
2272.509586613951,33071
0.0,33072
1349.911574535048,33073
2233.326763261213,33074
1890.661658185068,33075
80.87599719269899,33076
65.09426449705161,33077
0.0,33078
262.2414928508296,33079
0.0,33080
0.0,33081
1031.8551146859663,33082
2722.8060809828607,33083
121.99079666802508,33084
2688.873809987996,33085
0.0,33086
3053.2253516565497,33087
3035.8289832098494,33088
2839.8077736190244,33089
1579.1374126750254,33090
1959.5752771427794,33091
1556.5486065355506,33092
1404.0775686662953,33093
0.0,33094
0.0,33095
0.0,33096
0.0,33097
0.0,33098
0.0,33099
0.0,33100
0.0,33101
0.0,33102
0.0,33103
0.0,33104
0.0,33105
0.0,33106
0.0,33107
0.0,33108
0.0,33109
1510.6337257312143,33110
0.0,33111
0.0,33112
0.0,33113
0.0,33114
392.68277229069287,33115
0.0,33116
749.0420310694686,33117
0.0,33118
0.0,33119
0.0,33120
0.0,33121
0.0,33122
0.0,33123
1813.4541240480721,33124
1732.521339237136,33125
1218.9943605777673,33126
0.0,33127
0.0,33128
0.0,33129
791.1469518026001,33130
0.0,33131
0.0,33132
0.0,33133
0.0,33134
0.0,33135
0.0,33136
0.0,33137
1278.0321531833044,33138
0.0,33139
218.366634584028,33140
550.51774517154,33141
0.0,33142
35.6982968954593,33143
850.5249001739683,33144
554.6914453963749,33145
832.2352484900422,33146
0.0,33147
57.51980062284952,33148
1214.4784162820936,33149
514.6596675203011,33150
0.0,33151
0.0,33152
813.6124559290062,33153
28.142708296664583,33154
44.177864103429144,33155
0.0,33156
0.0,33157
0.0,33158
0.0,33159
0.0,33160
0.0,33161
799.3699369018889,33162
0.0,33163
0.0,33164
0.0,33165
394.0365407353236,33166
0.0,33167
138.018113494559,33168
2858.2909426158712,33169
0.0,33170
0.0,33171
0.0,33172
483.1619289049407,33173
0.0,33174
73.64005900960956,33175
0.0,33176
560.7911811068702,33177
0.0,33178
0.0,33179
0.0,33180
0.0,33181
0.0,33182
0.0,33183
0.0,33184
0.0,33185
0.0,33186
0.0,33187
0.0,33188
0.0,33189
0.0,33190
0.0,33191
0.0,33192
0.0,33193
0.0,33194
0.0,33195
0.0,33196
0.0,33197
0.0,33198
0.0,33199
0.0,33200
0.0,33201
0.0,33202
0.0,33203
0.0,33204
0.0,33205
1370.608294680333,33206
0.0,33207
0.0,33208
0.0,33209
0.0,33210
0.0,33211
0.0,33212
0.0,33213
0.0,33214
0.0,33215
0.0,33216
0.0,33217
0.0,33218
833.3615447584963,33219
0.0,33220
0.0,33221
0.0,33222
0.0,33223
1888.6723342240803,33224
0.0,33225
0.0,33226
0.0,33227
0.0,33228
0.0,33229
0.0,33230
830.2019545986875,33231
480.5156719435929,33232
0.0,33233
0.0,33234
0.0,33235
0.0,33236
0.0,33237
0.0,33238
272.2314289641084,33239
0.0,33240
3135.9264523047973,33241
1312.2755227712196,33242
1045.0525466218996,33243
824.6415368252435,33244
0.0,33245
0.0,33246
1263.1439301851763,33247
0.0,33248
4337.004783838263,33249
127.99101761845961,33250
0.0,33251
0.0,33252
4173.245424909235,33253
0.0,33254
0.0,33255
0.0,33256
0.0,33257
0.0,33258
0.0,33259
0.0,33260
0.0,33261
720.2337617564397,33262
0.0,33263
0.0,33264
0.0,33265
257.57297198822755,33266
0.0,33267
359.79709792989297,33268
0.0,33269
0.0,33270
0.0,33271
0.0,33272
0.0,33273
183.7718778190759,33274
0.0,33275
0.0,33276
0.0,33277
0.0,33278
0.0,33279
0.0,33280
0.0,33281
1859.2939216494226,33282
0.0,33283
0.0,33284
0.0,33285
0.0,33286
0.0,33287
0.0,33288
0.0,33289
0.0,33290
5402.273276740014,33291
0.0,33292
0.0,33293
0.0,33294
0.0,33295
0.0,33296
0.0,33297
0.0,33298
0.0,33299
745.977742946746,33300
634.9322327089604,33301
218.74675287811726,33302
0.0,33303
0.0,33304
353.0007261115382,33305
3196.033207542354,33306
345.7771021218301,33307
2014.445984957421,33308
278.1181709094869,33309
0.0,33310
0.0,33311
0.0,33312
34.646831253940874,33313
0.0,33314
2137.926366311038,33315
1802.0280970679123,33316
3143.96603260334,33317
0.0,33318
0.0,33319
2768.038574164636,33320
0.0,33321
45.777113574031524,33322
1720.4607020249648,33323
0.15525886229342703,33324
1345.61108528092,33325
1110.3165503286373,33326
0.0,33327
0.0,33328
0.0,33329
0.0,33330
159.97140757999324,33331
0.0,33332
0.0,33333
185.27799636323223,33334
0.0,33335
631.7121116389327,33336
2250.203286064671,33337
5828.5749794967505,33338
0.0,33339
656.6415932827275,33340
0.0,33341
0.0,33342
861.9304408951108,33343
0.0,33344
0.0,33345
631.2646326701305,33346
637.039978831285,33347
1836.4229230164588,33348
967.400758418982,33349
0.0,33350
648.1746073527808,33351
658.0887073784875,33352
129.78910386268876,33353
0.0,33354
679.912030433374,33355
694.5678625227323,33356
0.0,33357
0.0,33358
0.0,33359
0.0,33360
0.0,33361
0.0,33362
1348.3105637138235,33363
0.0,33364
0.0,33365
0.0,33366
0.0,33367
0.0,33368
0.0,33369
58.42564717717949,33370
0.0,33371
0.0,33372
0.0,33373
1311.331593551222,33374
362.9300629615288,33375
0.0,33376
0.0,33377
119.12743729552159,33378
0.0,33379
86.50871432643653,33380
0.0,33381
344.41484344784834,33382
0.0,33383
0.0,33384
0.0,33385
949.9479875508489,33386
0.0,33387
0.0,33388
0.0,33389
978.191913909683,33390
1911.3185688681954,33391
0.0,33392
4661.918275261563,33393
3345.813443041817,33394
0.0,33395
3616.524340026832,33396
0.0,33397
1805.4309290001058,33398
0.0,33399
0.0,33400
0.0,33401
0.0,33402
0.0,33403
0.0,33404
0.0,33405
166.22791257956823,33406
0.0,33407
169.47463521747116,33408
0.0,33409
174.69597211520315,33410
0.0,33411
0.0,33412
0.0,33413
0.0,33414
0.0,33415
202.860861764837,33416
0.0,33417
0.0,33418
0.0,33419
0.0,33420
0.0,33421
0.0,33422
0.0,33423
0.0,33424
0.0,33425
0.0,33426
0.0,33427
0.0,33428
0.0,33429
0.0,33430
0.0,33431
2130.5404913952157,33432
0.0,33433
0.0,33434
0.0,33435
2359.8418441006884,33436
0.0,33437
970.0938089686588,33438
0.0,33439
0.0,33440
1142.850708070012,33441
0.0,33442
0.0,33443
0.0,33444
0.0,33445
0.45946959472819,33446
3616.0573893348273,33447
2509.6007544792938,33448
461.7728741625803,33449
0.0,33450
1863.5701538377207,33451
0.0,33452
1084.5457267978777,33453
474.84693937429637,33454
0.0,33455
0.0,33456
0.0,33457
0.0,33458
0.0,33459
0.0,33460
830.9319741802476,33461
1419.3712953945244,33462
0.0,33463
1224.2569678120085,33464
0.0,33465
0.0,33466
0.0,33467
0.0,33468
0.0,33469
407.0283668597256,33470
1460.3467848889482,33471
706.7677264397769,33472
0.0,33473
1249.2272752384135,33474
706.1721691464618,33475
1031.3865883263757,33476
0.0,33477
0.0,33478
0.0,33479
0.0,33480
3768.203475189849,33481
3756.6135641138117,33482
0.0,33483
0.0,33484
0.0,33485
721.4869959192652,33486
258.8355217815683,33487
0.0,33488
0.0,33489
0.0,33490
0.0,33491
0.0,33492
0.0,33493
0.0,33494
0.0,33495
0.0,33496
2020.4096610315567,33497
0.0,33498
481.8976864598548,33499
0.0,33500
0.0,33501
543.9994334831205,33502
653.2954217499087,33503
0.0,33504
1922.6307246920258,33505
7416.745459768515,33506
311.05537729151445,33507
722.1447464626134,33508
0.0,33509
0.0,33510
0.0,33511
0.0,33512
0.0,33513
109.63791615867693,33514
0.0,33515
0.0,33516
0.0,33517
0.0,33518
0.0,33519
0.0,33520
0.0,33521
0.0,33522
0.0,33523
0.0,33524
237.6957105451692,33525
0.0,33526
0.0,33527
1091.5395775678894,33528
0.0,33529
0.0,33530
0.0,33531
0.0,33532
0.0,33533
0.0,33534
266.93742489387944,33535
0.0,33536
0.0,33537
0.0,33538
0.0,33539
254.92320237203552,33540
0.0,33541
0.0,33542
0.0,33543
0.0,33544
0.0,33545
157.1321533808268,33546
1203.1152545441466,33547
0.0,33548
0.0,33549
0.0,33550
0.0,33551
0.0,33552
0.0,33553
0.0,33554
278.53984158282753,33555
0.0,33556
0.0,33557
0.0,33558
0.0,33559
0.0,33560
0.0,33561
0.0,33562
0.0,33563
0.0,33564
263.8151544044726,33565
0.0,33566
0.0,33567
0.0,33568
0.0,33569
3013.1796223354804,33570
863.464235176978,33571
0.0,33572
0.0,33573
0.0,33574
0.0,33575
6.964478384404385,33576
0.0,33577
0.0,33578
0.0,33579
49.79383241742483,33580
0.0,33581
0.0,33582
0.0,33583
83.22341016115656,33584
106.15929695821606,33585
121.63935771818448,33586
130.12186711545397,33587
0.0,33588
221.39232760190856,33589
29.33512314689551,33590
155.7401949360357,33591
0.0,33592
0.0,33593
155.8502725732274,33594
0.0,33595
0.0,33596
1741.5760525621201,33597
0.0,33598
0.0,33599
0.0,33600
0.0,33601
0.0,33602
0.0,33603
0.0,33604
0.0,33605
0.0,33606
0.0,33607
0.0,33608
0.0,33609
0.0,33610
0.0,33611
0.0,33612
0.0,33613
0.0,33614
0.0,33615
0.0,33616
0.0,33617
0.0,33618
0.0,33619
0.0,33620
0.0,33621
0.0,33622
0.0,33623
0.0,33624
0.0,33625
0.0,33626
222.63233368895715,33627
0.0,33628
0.0,33629
0.0,33630
0.0,33631
212.64168252483165,33632
0.0,33633
0.0,33634
0.0,33635
0.0,33636
0.0,33637
0.0,33638
0.0,33639
0.0,33640
0.0,33641
619.2957913300748,33642
1751.396763302428,33643
390.2194338125217,33644
1736.2529078814282,33645
0.0,33646
2203.4545920947753,33647
0.0,33648
228.85825330262557,33649
357.2840402925618,33650
401.9794951471522,33651
0.0,33652
0.0,33653
0.0,33654
0.0,33655
0.0,33656
0.0,33657
0.0,33658
858.4082486935849,33659
498.7593467603825,33660
0.0,33661
98.64177287132424,33662
0.0,33663
0.0,33664
0.0,33665
0.0,33666
0.0,33667
0.0,33668
0.0,33669
0.0,33670
3486.5447592610403,33671
0.0,33672
1032.3150712056677,33673
720.3855354735529,33674
1699.2516208760894,33675
3542.2101401591085,33676
0.0,33677
0.0,33678
0.0,33679
0.0,33680
0.0,33681
0.0,33682
0.0,33683
0.0,33684
0.0,33685
0.0,33686
0.0,33687
0.0,33688
0.0,33689
0.0,33690
0.0,33691
0.0,33692
0.0,33693
0.0,33694
0.0,33695
0.0,33696
0.0,33697
0.0,33698
0.0,33699
0.0,33700
0.0,33701
0.0,33702
0.0,33703
0.0,33704
0.0,33705
0.0,33706
0.0,33707
0.0,33708
0.0,33709
57.81224691569391,33710
0.0,33711
0.0,33712
1238.6718649574764,33713
0.0,33714
1264.0343442411856,33715
0.0,33716
0.0,33717
3077.2819787966837,33718
1440.9289327587364,33719
1456.4513781833396,33720
1889.864629004967,33721
0.0,33722
1471.7365406556626,33723
0.0,33724
0.0,33725
0.0,33726
0.0,33727
0.0,33728
0.0,33729
1178.8887386320973,33730
0.0,33731
1434.251291183002,33732
600.8369691102491,33733
0.0,33734
0.0,33735
1353.7042861140383,33736
0.0,33737
0.0,33738
0.0,33739
0.0,33740
3658.9560432084395,33741
0.0,33742
0.0,33743
868.2741712949908,33744
854.2248180919656,33745
1649.2384554954288,33746
679.6727360276224,33747
852.3062769793996,33748
0.0,33749
0.0,33750
0.0,33751
474.4210389833681,33752
0.0,33753
1071.0981298989948,33754
0.0,33755
0.0,33756
1664.274358993625,33757
0.0,33758
108.32101171925427,33759
0.0,33760
0.0,33761
0.0,33762
0.0,33763
0.0,33764
0.0,33765
0.0,33766
0.0,33767
0.0,33768
0.0,33769
0.0,33770
0.0,33771
0.0,33772
0.0,33773
0.0,33774
0.0,33775
0.0,33776
0.0,33777
0.0,33778
0.0,33779
0.0,33780
0.0,33781
0.0,33782
0.0,33783
0.0,33784
0.0,33785
0.0,33786
179.05428050434935,33787
0.0,33788
0.0,33789
0.0,33790
0.0,33791
0.0,33792
0.0,33793
0.0,33794
0.0,33795
0.0,33796
0.0,33797
0.0,33798
0.0,33799
0.0,33800
0.0,33801
3081.8326131780236,33802
0.0,33803
2599.9001893958252,33804
813.7595320026085,33805
0.0,33806
0.0,33807
3095.938611293421,33808
0.0,33809
0.0,33810
0.0,33811
0.0,33812
0.0,33813
0.0,33814
0.0,33815
0.0,33816
0.0,33817
139.76368039937458,33818
0.0,33819
0.0,33820
1085.344776225832,33821
693.2947352384563,33822
0.0,33823
120.6864507507563,33824
0.0,33825
0.0,33826
0.0,33827
0.0,33828
1077.8455602944975,33829
890.0964354673781,33830
0.0,33831
0.0,33832
0.0,33833
0.0,33834
325.6588240612276,33835
0.0,33836
0.0,33837
0.0,33838
0.0,33839
0.0,33840
0.0,33841
0.0,33842
889.4999591894123,33843
0.0,33844
0.0,33845
902.2665504535443,33846
906.746791166317,33847
1615.120973212245,33848
0.0,33849
0.0,33850
253.90109588810762,33851
258.7449824584287,33852
263.61180302349453,33853
0.0,33854
268.47324535816017,33855
273.28089737689504,33856
0.0,33857
0.0,33858
277.96775223380587,33859
0.0,33860
282.45094837883425,33861
286.6352004222139,33862
0.0,33863
0.0,33864
290.41573577855746,33865
0.0,33866
293.6806219627108,33867
0.0,33868
296.3132884208857,33869
0.0,33870
0.0,33871
0.0,33872
298.19629429347384,33873
299.2170034804827,33874
299.2751033666783,33875
0.0,33876
0.0,33877
298.29119227581396,33878
0.0,33879
242.38936337205058,33880
688.7448161207226,33881
0.0,33882
0.0,33883
0.0,33884
0.0,33885
0.0,33886
0.0,33887
0.0,33888
0.0,33889
0.0,33890
0.0,33891
0.0,33892
0.0,33893
0.0,33894
0.0,33895
0.0,33896
619.2331682312929,33897
0.0,33898
0.0,33899
0.0,33900
0.0,33901
0.0,33902
0.0,33903
0.0,33904
222.21782565951773,33905
48.77807394661135,33906
1289.130433509933,33907
1288.6765261921435,33908
3405.38963261765,33909
3206.2770331878546,33910
1936.423009027729,33911
3396.055147236395,33912
0.0,33913
0.0,33914
1453.6305957199277,33915
0.0,33916
40.348662895149204,33917
0.0,33918
1052.08292085028,33919
0.0,33920
0.0,33921
0.0,33922
0.0,33923
861.0818831514763,33924
0.0,33925
3443.5285820654112,33926
0.0,33927
0.0,33928
0.0,33929
0.0,33930
0.0,33931
0.0,33932
0.0,33933
0.0,33934
3647.1286120245163,33935
1640.3800815930979,33936
0.0,33937
1175.207177287126,33938
814.6905272970835,33939
0.0,33940
1614.9767414876878,33941
0.0,33942
1090.861891888653,33943
1212.8313027822192,33944
1711.0896431031197,33945
0.0,33946
0.0,33947
902.4475244312183,33948
0.0,33949
797.0361542193523,33950
777.824222916722,33951
0.0,33952
0.0,33953
0.0,33954
0.0,33955
0.0,33956
0.0,33957
767.6539827846208,33958
1528.5363602340028,33959
0.0,33960
0.0,33961
0.0,33962
0.0,33963
744.5491439802058,33964
2919.6197688190405,33965
0.0,33966
0.0,33967
1050.6350580998871,33968
0.0,33969
984.5718272018041,33970
719.8424933385174,33971
0.0,33972
971.4806611825348,33973
3538.817018932881,33974
0.0,33975
0.0,33976
0.0,33977
0.0,33978
0.0,33979
0.0,33980
0.0,33981
140.9100561999554,33982
0.0,33983
0.0,33984
0.0,33985
0.0,33986
0.0,33987
0.0,33988
0.0,33989
0.0,33990
0.0,33991
0.0,33992
0.0,33993
0.0,33994
0.0,33995
0.0,33996
0.0,33997
594.0351074940763,33998
0.0,33999
0.0,34000
0.0,34001
0.0,34002
0.0,34003
0.0,34004
0.0,34005
586.7835249318485,34006
0.0,34007
0.0,34008
0.0,34009
510.83888777242544,34010
499.4413543312167,34011
0.0,34012
0.0,34013
0.0,34014
0.0,34015
0.0,34016
0.0,34017
0.0,34018
0.0,34019
0.0,34020
0.0,34021
0.0,34022
0.0,34023
0.0,34024
0.0,34025
0.0,34026
0.0,34027
0.0,34028
0.0,34029
0.0,34030
0.0,34031
0.0,34032
0.0,34033
73.36561482741065,34034
0.0,34035
0.0,34036
0.0,34037
0.0,34038
5.651087745376078,34039
0.0,34040
0.0,34041
0.0,34042
0.0,34043
745.2215878985014,34044
0.0,34045
0.0,34046
0.0,34047
0.0,34048
0.0,34049
0.0,34050
0.0,34051
0.0,34052
0.0,34053
0.0,34054
0.0,34055
0.0,34056
0.0,34057
686.7179054169811,34058
0.0,34059
0.0,34060
693.0315207791002,34061
0.0,34062
0.0,34063
0.0,34064
690.0037973598911,34065
50.662794765706884,34066
46.898026707355434,34067
1805.3470777300054,34068
51.761650379120894,34069
0.0,34070
0.0,34071
0.0,34072
851.7043201200155,34073
0.0,34074
0.0,34075
0.0,34076
0.0,34077
0.0,34078
0.0,34079
0.0,34080
0.0,34081
0.0,34082
0.0,34083
0.0,34084
0.0,34085
0.0,34086
0.0,34087
0.0,34088
700.6402963538557,34089
0.0,34090
0.0,34091
357.26507995510406,34092
0.0,34093
0.0,34094
0.0,34095
0.0,34096
0.0,34097
0.0,34098
0.0,34099
0.0,34100
0.0,34101
0.0,34102
0.0,34103
1348.0704960188602,34104
0.0,34105
0.0,34106
0.0,34107
755.9188980464127,34108
559.8023323292036,34109
0.0,34110
595.3831658442098,34111
558.77032196239,34112
0.0,34113
716.7093654551691,34114
0.0,34115
0.0,34116
0.0,34117
2824.0419189183535,34118
0.0,34119
0.0,34120
763.2241599727721,34121
569.1005022143407,34122
608.3065444556476,34123
487.5016252021284,34124
0.0,34125
0.0,34126
0.0,34127
0.0,34128
0.0,34129
665.9986588922667,34130
1353.8711727101,34131
1261.5248295399451,34132
182.02476200909456,34133
935.1472943955795,34134
0.0,34135
0.0,34136
0.0,34137
0.0,34138
0.0,34139
2202.625551835903,34140
2249.0153795131314,34141
0.0,34142
0.0,34143
0.0,34144
1051.7163365619074,34145
2060.7769718526597,34146
0.0,34147
0.0,34148
6.638024846835887,34149
1833.4317375868907,34150
0.0,34151
0.0,34152
0.0,34153
0.0,34154
0.0,34155
0.0,34156
341.98761702049717,34157
0.0,34158
0.0,34159
2543.0890413977168,34160
0.0,34161
0.0,34162
0.0,34163
0.0,34164
0.0,34165
0.0,34166
0.0,34167
0.0,34168
0.0,34169
0.0,34170
0.0,34171
15.20805491415026,34172
0.0,34173
0.0,34174
0.0,34175
0.0,34176
163.88154544705225,34177
0.0,34178
0.0,34179
0.0,34180
0.0,34181
0.0,34182
0.0,34183
0.0,34184
462.91566451186185,34185
368.92182361150793,34186
1169.665742153434,34187
0.0,34188
0.0,34189
0.0,34190
0.0,34191
0.0,34192
0.0,34193
0.0,34194
1009.9000471185751,34195
720.3795653273739,34196
1145.3648727887037,34197
1149.2627853637225,34198
1327.4801791248638,34199
0.0,34200
0.0,34201
0.0,34202
0.0,34203
0.0,34204
0.0,34205
0.0,34206
0.0,34207
0.0,34208
0.0,34209
0.0,34210
0.0,34211
0.0,34212
0.0,34213
0.0,34214
2006.6477346258705,34215
0.0,34216
0.0,34217
0.0,34218
3890.6197971302386,34219
329.2825805707329,34220
2469.851014199055,34221
1625.6094558920581,34222
0.0,34223
0.0,34224
2461.673081188051,34225
0.0,34226
3107.8015574902993,34227
2180.681049105538,34228
2369.7815889923995,34229
0.0,34230
774.7237173062233,34231
0.0,34232
1436.2817448402668,34233
742.6202867366168,34234
0.0,34235
0.0,34236
0.0,34237
0.0,34238
0.0,34239
0.0,34240
0.0,34241
0.0,34242
0.0,34243
1574.802674532285,34244
0.0,34245
0.0,34246
147.34101720894887,34247
0.0,34248
0.0,34249
0.0,34250
384.2672149778972,34251
0.0,34252
1846.8317143151617,34253
0.0,34254
0.0,34255
0.0,34256
0.0,34257
0.0,34258
2197.8775104482115,34259
2201.718263598233,34260
0.0,34261
0.0,34262
1607.0432328404468,34263
2708.2074038675264,34264
0.0,34265
0.0,34266
0.0,34267
0.0,34268
0.0,34269
0.0,34270
0.0,34271
0.0,34272
0.0,34273
0.0,34274
0.0,34275
0.0,34276
0.0,34277
0.0,34278
0.0,34279
0.0,34280
0.0,34281
0.0,34282
0.0,34283
0.0,34284
0.0,34285
0.0,34286
0.0,34287
0.0,34288
0.0,34289
0.0,34290
0.0,34291
0.0,34292
0.0,34293
0.0,34294
4166.473182505689,34295
4864.236764038332,34296
479.4611768769931,34297
0.0,34298
0.0,34299
0.0,34300
0.0,34301
0.0,34302
0.0,34303
0.0,34304
0.0,34305
0.0,34306
0.0,34307
0.0,34308
0.0,34309
0.0,34310
1114.3275494982813,34311
0.0,34312
0.0,34313
0.0,34314
0.0,34315
0.0,34316
0.0,34317
0.0,34318
0.0,34319
0.0,34320
0.0,34321
0.0,34322
0.0,34323
0.0,34324
0.0,34325
516.2316126042928,34326
684.4383480631893,34327
0.0,34328
0.0,34329
1134.0515750101627,34330
0.0,34331
2163.021944870895,34332
0.0,34333
104.27162062718986,34334
381.90346404323304,34335
2103.2485397180076,34336
0.0,34337
0.0,34338
0.0,34339
0.0,34340
91.71349987618868,34341
0.0,34342
0.0,34343
0.0,34344
0.0,34345
0.0,34346
0.0,34347
0.0,34348
0.0,34349
0.0,34350
0.0,34351
0.0,34352
532.9331126413985,34353
0.0,34354
530.4025284139522,34355
0.0,34356
536.1089246752642,34357
1136.2853717824705,34358
0.0,34359
0.0,34360
0.0,34361
0.0,34362
0.0,34363
0.0,34364
0.0,34365
0.0,34366
0.0,34367
0.0,34368
0.0,34369
0.0,34370
0.0,34371
805.9691219467985,34372
0.0,34373
0.0,34374
0.0,34375
907.5938348214445,34376
454.5340323493503,34377
0.0,34378
0.0,34379
0.0,34380
0.0,34381
0.0,34382
166.00739829454113,34383
0.0,34384
0.0,34385
0.0,34386
0.0,34387
0.0,34388
0.0,34389
1477.0005258981737,34390
468.864193055296,34391
399.9352932568376,34392
2128.1222727813006,34393
0.0,34394
0.0,34395
0.0,34396
0.0,34397
0.0,34398
0.0,34399
1770.0919157957276,34400
0.0,34401
0.0,34402
0.0,34403
294.8328568097616,34404
0.0,34405
3145.9099615055484,34406
0.0,34407
48.71704277994601,34408
0.0,34409
0.0,34410
0.0,34411
0.0,34412
0.0,34413
179.09183701735637,34414
0.0,34415
0.0,34416
153.78871347754708,34417
0.0,34418
829.2518892254943,34419
0.0,34420
0.0,34421
0.0,34422
0.0,34423
0.0,34424
0.0,34425
0.0,34426
0.0,34427
0.0,34428
3327.0869785490604,34429
226.5843014963716,34430
0.0,34431
461.9608172591327,34432
0.0,34433
0.0,34434
0.0,34435
0.0,34436
0.0,34437
797.7357953670064,34438
0.0,34439
0.0,34440
0.0,34441
3168.1623425964335,34442
1644.9633869493866,34443
1752.809833827513,34444
1758.4539535469648,34445
656.0903709058357,34446
0.0,34447
1097.7331619651727,34448
1111.407379768199,34449
4417.694099313855,34450
0.0,34451
0.0,34452
0.0,34453
0.0,34454
0.0,34455
0.0,34456
1073.1291614721802,34457
0.0,34458
0.0,34459
0.0,34460
0.0,34461
309.0243730953102,34462
0.0,34463
0.0,34464
1031.9048320190384,34465
0.0,34466
0.0,34467
0.0,34468
0.0,34469
0.0,34470
0.0,34471
0.0,34472
0.0,34473
0.0,34474
768.6360862097785,34475
0.0,34476
720.5403854588741,34477
0.0,34478
2630.981548505255,34479
0.0,34480
0.0,34481
0.0,34482
0.0,34483
0.0,34484
1756.1989480781774,34485
0.0,34486
0.0,34487
2385.200704108039,34488
0.0,34489
3474.9413454674127,34490
174.63071984100486,34491
0.0,34492
271.6998554496212,34493
0.0,34494
2308.8030082414252,34495
1674.3363322994132,34496
452.1901170120152,34497
0.0,34498
0.0,34499
0.0,34500
2700.0626751531554,34501
0.0,34502
0.0,34503
0.0,34504
0.0,34505
4319.142298155256,34506
2733.0793108383896,34507
0.0,34508
0.0,34509
0.0,34510
445.6285647350382,34511
0.0,34512
0.0,34513
0.0,34514
0.0,34515
0.0,34516
0.0,34517
0.0,34518
0.0,34519
0.0,34520
0.0,34521
0.0,34522
468.13969170652695,34523
0.0,34524
0.0,34525
1541.8488466590027,34526
0.0,34527
0.0,34528
0.0,34529
0.0,34530
2192.6579814310235,34531
1611.66292100967,34532
0.0,34533
0.0,34534
0.0,34535
0.0,34536
0.0,34537
0.0,34538
0.0,34539
0.0,34540
0.0,34541
2606.7792262523312,34542
0.0,34543
0.0,34544
0.0,34545
0.0,34546
0.0,34547
0.0,34548
0.0,34549
0.0,34550
0.0,34551
0.0,34552
0.0,34553
0.0,34554
0.0,34555
0.0,34556
298.02384825950827,34557
0.0,34558
0.0,34559
0.0,34560
0.0,34561
0.0,34562
0.0,34563
0.0,34564
0.0,34565
0.0,34566
0.0,34567
1540.8625791483287,34568
1140.0438848910285,34569
742.2004202970217,34570
823.6941716147549,34571
30.208849791186708,34572
0.0,34573
823.6646591013599,34574
357.63781478161326,34575
753.7325356180392,34576
0.0,34577
535.1846421328613,34578
0.0,34579
0.0,34580
0.0,34581
0.0,34582
0.0,34583
0.0,34584
0.0,34585
0.0,34586
0.0,34587
0.0,34588
0.0,34589
0.0,34590
0.0,34591
0.0,34592
0.0,34593
0.0,34594
0.0,34595
0.0,34596
0.0,34597
0.0,34598
0.0,34599
0.0,34600
0.0,34601
0.0,34602
0.0,34603
427.62609684462564,34604
0.0,34605
0.0,34606
0.0,34607
0.0,34608
0.0,34609
0.0,34610
0.0,34611
1233.9933293657073,34612
1294.7218132349585,34613
1158.6030354677907,34614
0.0,34615
780.1730196022029,34616
0.0,34617
0.0,34618
5666.655036451578,34619
4018.295342132527,34620
0.0,34621
0.0,34622
0.0,34623
732.0317064122128,34624
0.0,34625
0.0,34626
0.0,34627
0.0,34628
0.0,34629
1996.097286260557,34630
733.2151720648689,34631
0.0,34632
0.0,34633
1079.212028505826,34634
0.0,34635
0.0,34636
0.0,34637
0.0,34638
0.0,34639
0.0,34640
0.0,34641
508.1252501404665,34642
0.0,34643
0.0,34644
0.0,34645
2284.718985454765,34646
3010.920729492714,34647
0.0,34648
0.0,34649
0.0,34650
0.0,34651
0.0,34652
0.0,34653
0.0,34654
0.0,34655
0.0,34656
0.0,34657
0.0,34658
0.0,34659
0.0,34660
0.0,34661
0.0,34662
0.0,34663
1107.9003058465646,34664
274.75302773363507,34665
0.0,34666
0.0,34667
0.0,34668
0.0,34669
31.826040168349195,34670
0.0,34671
0.0,34672
239.05373664184043,34673
1108.744421031054,34674
0.0,34675
295.6724952258113,34676
0.0,34677
0.0,34678
0.0,34679
0.0,34680
2047.5150846272759,34681
0.0,34682
0.0,34683
1070.5365559120437,34684
0.0,34685
0.0,34686
4323.869098832702,34687
415.2055995948028,34688
320.7098282871,34689
3359.046595015573,34690
2114.107887797658,34691
0.0,34692
3145.1254919240123,34693
2851.778593301099,34694
835.5925468654214,34695
0.0,34696
0.0,34697
521.4920370782737,34698
509.9426151867503,34699
0.0,34700
0.0,34701
0.0,34702
1461.7557809012874,34703
0.0,34704
0.0,34705
0.0,34706
0.0,34707
4325.464687123316,34708
0.0,34709
0.0,34710
0.0,34711
0.0,34712
1463.2529476907166,34713
0.0,34714
0.0,34715
0.0,34716
0.0,34717
0.0,34718
175.22943267682396,34719
321.5788739201924,34720
0.0,34721
0.0,34722
45.84397311527266,34723
3293.360765774678,34724
765.1522475462001,34725
0.0,34726
0.0,34727
1972.24179064551,34728
1810.8999415648261,34729
0.0,34730
0.0,34731
0.0,34732
19.485719570078412,34733
0.0,34734
0.0,34735
0.0,34736
0.0,34737
0.0,34738
0.0,34739
0.0,34740
0.0,34741
0.0,34742
0.0,34743
3359.599743453046,34744
0.0,34745
1093.2623876502084,34746
0.0,34747
0.0,34748
0.0,34749
0.0,34750
0.0,34751
2022.0260350583123,34752
0.0,34753
922.7312410269974,34754
917.1286845403357,34755
449.74758579974724,34756
1558.4443261793447,34757
0.0,34758
314.05594972195746,34759
0.0,34760
0.0,34761
0.0,34762
0.0,34763
0.0,34764
0.0,34765
0.0,34766
0.0,34767
0.0,34768
0.0,34769
0.0,34770
0.0,34771
0.0,34772
0.0,34773
0.0,34774
0.0,34775
0.0,34776
0.0,34777
0.0,34778
0.0,34779
0.0,34780
0.0,34781
0.0,34782
0.0,34783
0.0,34784
0.0,34785
0.0,34786
0.0,34787
0.0,34788
0.0,34789
0.0,34790
0.0,34791
0.0,34792
0.0,34793
0.0,34794
0.0,34795
0.0,34796
0.0,34797
0.0,34798
0.0,34799
0.0,34800
0.0,34801
0.0,34802
0.0,34803
0.0,34804
0.0,34805
0.0,34806
2487.89248210586,34807
0.0,34808
0.0,34809
0.0,34810
0.0,34811
0.0,34812
0.0,34813
0.0,34814
0.0,34815
0.0,34816
0.0,34817
0.0,34818
0.0,34819
0.0,34820
0.0,34821
0.0,34822
0.0,34823
0.0,34824
0.0,34825
0.0,34826
0.0,34827
0.0,34828
0.0,34829
0.0,34830
0.0,34831
0.0,34832
0.0,34833
0.0,34834
0.0,34835
0.0,34836
0.0,34837
0.0,34838
0.0,34839
0.0,34840
0.0,34841
0.0,34842
0.0,34843
0.0,34844
0.0,34845
0.0,34846
0.0,34847
0.0,34848
0.0,34849
0.0,34850
0.0,34851
0.0,34852
0.0,34853
0.0,34854
0.0,34855
0.0,34856
0.0,34857
0.0,34858
0.0,34859
0.0,34860
0.0,34861
0.0,34862
0.0,34863
0.0,34864
0.0,34865
0.0,34866
0.0,34867
0.0,34868
0.0,34869
0.0,34870
0.0,34871
0.0,34872
0.0,34873
0.0,34874
0.0,34875
0.0,34876
0.0,34877
0.0,34878
0.0,34879
0.0,34880
0.0,34881
0.0,34882
0.0,34883
0.0,34884
0.0,34885
1095.319016003654,34886
0.0,34887
0.0,34888
0.0,34889
0.0,34890
0.0,34891
0.0,34892
0.0,34893
0.0,34894
0.0,34895
0.0,34896
0.0,34897
0.0,34898
0.0,34899
0.0,34900
0.0,34901
0.0,34902
464.2022501744555,34903
0.0,34904
486.3334626471751,34905
0.0,34906
0.0,34907
0.0,34908
0.0,34909
0.0,34910
497.2315475288921,34911
1109.113033113029,34912
2193.8083130749083,34913
0.0,34914
0.0,34915
63.9724736514398,34916
0.0,34917
0.0,34918
0.0,34919
0.0,34920
0.0,34921
0.0,34922
0.0,34923
0.0,34924
0.0,34925
0.0,34926
0.0,34927
0.0,34928
688.2915079632614,34929
0.0,34930
0.0,34931
0.0,34932
0.0,34933
0.0,34934
0.0,34935
0.0,34936
0.0,34937
0.0,34938
0.0,34939
0.0,34940
0.0,34941
0.0,34942
0.0,34943
0.0,34944
0.0,34945
0.0,34946
0.0,34947
0.0,34948
0.0,34949
0.0,34950
0.0,34951
0.0,34952
0.0,34953
0.0,34954
0.0,34955
1169.1328789457946,34956
1981.0029508376842,34957
0.0,34958
0.0,34959
0.0,34960
0.0,34961
0.0,34962
0.0,34963
0.0,34964
301.35196677396084,34965
0.0,34966
761.0416796760837,34967
0.0,34968
0.0,34969
100.50280469252951,34970
1073.8120970317123,34971
0.0,34972
0.0,34973
0.0,34974
2188.5597584997413,34975
613.9092546580727,34976
0.0,34977
2747.285711233058,34978
0.0,34979
0.0,34980
411.3942497363297,34981
413.16637703470457,34982
413.63974459001156,34983
0.0,34984
0.0,34985
486.8638198592101,34986
0.0,34987
0.0,34988
0.0,34989
545.0188759567013,34990
0.0,34991
0.0,34992
0.0,34993
0.0,34994
0.0,34995
0.0,34996
0.0,34997
0.0,34998
0.0,34999
0.0,35000
0.0,35001
0.0,35002
0.0,35003
0.0,35004
4693.164585742561,35005
0.0,35006
0.0,35007
0.0,35008
0.0,35009
0.0,35010
539.7181933756874,35011
2274.401926993518,35012
0.0,35013
0.0,35014
0.0,35015
0.0,35016
0.0,35017
0.0,35018
135.40180365739107,35019
0.0,35020
0.0,35021
0.0,35022
0.0,35023
0.0,35024
4450.285660750425,35025
0.0,35026
0.0,35027
1340.8281988294461,35028
0.0,35029
0.0,35030
0.0,35031
179.7827369662187,35032
0.0,35033
0.0,35034
0.0,35035
0.0,35036
0.0,35037
0.0,35038
0.0,35039
0.0,35040
0.0,35041
0.0,35042
0.0,35043
0.0,35044
464.1633508531174,35045
0.0,35046
0.0,35047
0.0,35048
0.0,35049
0.0,35050
0.0,35051
0.0,35052
0.0,35053
0.0,35054
0.0,35055
0.0,35056
1824.052791219298,35057
1827.555363949651,35058
0.0,35059
2160.2285990842574,35060
2913.3645964819834,35061
0.0,35062
2914.536583106964,35063
0.0,35064
0.0,35065
0.0,35066
0.0,35067
0.0,35068
694.6691544445504,35069
0.0,35070
0.0,35071
0.0,35072
0.0,35073
1832.4575759844245,35074
0.0,35075
11.0477066462065,35076
0.0,35077
0.0,35078
0.0,35079
0.0,35080
0.0,35081
0.0,35082
2148.1799408213506,35083
0.0,35084
21.425334091196717,35085
28.465173120526252,35086
0.0,35087
424.2974796923991,35088
0.0,35089
0.0,35090
0.0,35091
0.0,35092
0.0,35093
0.0,35094
0.0,35095
0.0,35096
0.0,35097
0.0,35098
422.07034494205993,35099
0.0,35100
0.0,35101
392.2310338085749,35102
0.0,35103
4341.496241220434,35104
0.0,35105
0.0,35106
0.0,35107
0.0,35108
0.0,35109
0.0,35110
0.0,35111
0.0,35112
0.0,35113
0.0,35114
0.0,35115
0.0,35116
0.0,35117
0.0,35118
0.0,35119
0.0,35120
0.0,35121
0.0,35122
0.0,35123
0.0,35124
1489.2784806016004,35125
1846.8199023451234,35126
0.0,35127
0.0,35128
0.0,35129
0.0,35130
0.0,35131
0.0,35132
0.0,35133
0.0,35134
1034.1622899640324,35135
0.0,35136
0.0,35137
0.0,35138
0.0,35139
0.0,35140
0.0,35141
0.0,35142
0.0,35143
0.0,35144
0.0,35145
0.0,35146
0.0,35147
0.0,35148
0.0,35149
0.0,35150
0.0,35151
0.0,35152
0.0,35153
0.0,35154
0.0,35155
74.5880657775348,35156
0.0,35157
0.0,35158
0.0,35159
1155.3342312936134,35160
477.3502495300007,35161
0.0,35162
4159.444699568519,35163
0.0,35164
0.0,35165
0.0,35166
0.0,35167
0.0,35168
0.0,35169
8.369588594837898,35170
0.0,35171
10209.838835353976,35172
0.0,35173
0.0,35174
0.0,35175
170.76550718147848,35176
0.0,35177
0.0,35178
0.0,35179
0.0,35180
0.0,35181
476.3237912095069,35182
0.0,35183
0.0,35184
0.0,35185
0.0,35186
0.0,35187
0.0,35188
0.0,35189
155.62156244162358,35190
0.0,35191
0.0,35192
305.9519778810263,35193
0.0,35194
0.0,35195
0.0,35196
0.0,35197
0.0,35198
0.0,35199
0.0,35200
0.0,35201
0.0,35202
0.0,35203
0.0,35204
1359.8690362094828,35205
0.0,35206
0.0,35207
0.0,35208
0.0,35209
0.0,35210
0.0,35211
0.0,35212
0.0,35213
0.0,35214
0.0,35215
0.0,35216
0.0,35217
0.0,35218
0.0,35219
0.0,35220
0.0,35221
0.0,35222
0.0,35223
0.0,35224
0.0,35225
0.0,35226
0.0,35227
0.0,35228
0.0,35229
0.0,35230
0.0,35231
0.0,35232
0.0,35233
0.0,35234
2247.741529338901,35235
0.0,35236
2231.2242880541376,35237
0.0,35238
0.0,35239
0.0,35240
0.0,35241
0.0,35242
0.0,35243
0.0,35244
0.0,35245
445.23917360380744,35246
0.0,35247
0.0,35248
0.0,35249
0.0,35250
0.0,35251
0.0,35252
0.0,35253
0.0,35254
0.0,35255
1576.429094903761,35256
0.0,35257
0.0,35258
0.0,35259
0.0,35260
0.0,35261
0.0,35262
0.0,35263
0.0,35264
0.0,35265
0.0,35266
2019.610063185327,35267
0.0,35268
0.0,35269
0.0,35270
0.0,35271
0.0,35272
701.006641776873,35273
0.0,35274
0.0,35275
0.0,35276
0.0,35277
158.18751103655066,35278
0.0,35279
0.0,35280
0.0,35281
0.0,35282
0.0,35283
0.0,35284
0.0,35285
0.0,35286
2652.3356495262924,35287
0.0,35288
0.0,35289
0.0,35290
168.29937583432002,35291
0.0,35292
0.0,35293
0.0,35294
0.0,35295
447.47731840725925,35296
538.2051988914731,35297
0.0,35298
0.0,35299
0.0,35300
0.0,35301
1986.8207781510482,35302
2443.7375351640194,35303
0.0,35304
0.0,35305
0.0,35306
0.0,35307
0.0,35308
0.0,35309
0.0,35310
0.0,35311
0.0,35312
0.0,35313
0.0,35314
0.0,35315
0.0,35316
0.0,35317
0.0,35318
0.0,35319
0.0,35320
0.0,35321
0.0,35322
0.0,35323
0.0,35324
0.0,35325
0.0,35326
0.0,35327
0.0,35328
0.0,35329
0.0,35330
0.0,35331
0.0,35332
0.0,35333
0.0,35334
0.0,35335
0.0,35336
0.0,35337
0.0,35338
0.0,35339
0.0,35340
1615.4789803308652,35341
0.0,35342
0.0,35343
0.0,35344
0.0,35345
0.0,35346
0.0,35347
236.04722222528838,35348
0.0,35349
0.0,35350
0.0,35351
0.0,35352
0.0,35353
0.0,35354
0.0,35355
1565.7155218076741,35356
0.0,35357
0.0,35358
0.0,35359
0.0,35360
0.0,35361
0.0,35362
0.0,35363
0.0,35364
0.0,35365
0.0,35366
0.0,35367
0.0,35368
0.0,35369
0.0,35370
0.0,35371
0.0,35372
0.0,35373
0.0,35374
0.0,35375
0.0,35376
0.0,35377
0.0,35378
0.0,35379
745.0114701030013,35380
0.0,35381
0.0,35382
0.0,35383
0.0,35384
0.0,35385
0.0,35386
0.0,35387
0.0,35388
0.0,35389
0.0,35390
0.0,35391
0.0,35392
0.0,35393
0.0,35394
0.0,35395
0.0,35396
0.0,35397
0.0,35398
0.0,35399
1.2525616383054974,35400
679.7005439843592,35401
0.0,35402
0.0,35403
521.1240030436605,35404
0.7660461151019555,35405
1413.1755861851664,35406
1417.825613290134,35407
0.0,35408
3706.8399660959763,35409
0.0,35410
0.0,35411
0.0,35412
0.0,35413
0.0,35414
1391.3099380422088,35415
0.0,35416
585.8340469569072,35417
0.0,35418
0.0,35419
0.0,35420
498.2720117918781,35421
0.0,35422
347.11469485486833,35423
0.0,35424
0.0,35425
0.0,35426
0.0,35427
0.0,35428
0.0,35429
0.0,35430
0.0,35431
0.0,35432
1415.4076162176846,35433
0.0,35434
1416.0501441298818,35435
345.40113815817085,35436
0.0,35437
0.0,35438
0.0,35439
0.0,35440
0.0,35441
0.0,35442
0.0,35443
538.9766337078108,35444
0.0,35445
0.0,35446
0.0,35447
0.0,35448
0.0,35449
0.0,35450
0.0,35451
0.0,35452
0.0,35453
0.0,35454
5824.332879059685,35455
0.0,35456
1700.0738978869708,35457
0.0,35458
1713.254808803731,35459
977.0988082100677,35460
0.0,35461
546.7229942256121,35462
0.0,35463
360.47647441689725,35464
0.0,35465
0.0,35466
0.0,35467
0.0,35468
0.0,35469
0.0,35470
0.0,35471
0.0,35472
0.0,35473
0.0,35474
0.0,35475
0.0,35476
0.0,35477
0.0,35478
0.0,35479
0.0,35480
0.0,35481
0.0,35482
0.0,35483
0.0,35484
0.0,35485
0.0,35486
0.0,35487
0.0,35488
0.0,35489
0.0,35490
525.0075272161803,35491
0.0,35492
0.0,35493
0.0,35494
0.0,35495
539.1769484365875,35496
0.0,35497
552.5916385606353,35498
0.0,35499
0.0,35500
0.0,35501
0.0,35502
0.0,35503
0.0,35504
2226.936729419276,35505
0.0,35506
579.7537706371779,35507
0.0,35508
0.0,35509
0.0,35510
0.0,35511
0.0,35512
0.0,35513
0.0,35514
232.83840724503358,35515
0.0,35516
0.0,35517
250.93621179306422,35518
0.0,35519
0.0,35520
0.0,35521
0.0,35522
0.0,35523
0.0,35524
0.0,35525
0.0,35526
261.4904446206319,35527
270.4319428626573,35528
0.0,35529
277.7588395410253,35530
0.0,35531
0.0,35532
0.0,35533
283.4747788828373,35534
0.0,35535
0.0,35536
0.0,35537
0.0,35538
0.0,35539
0.0,35540
0.0,35541
0.0,35542
0.0,35543
0.0,35544
0.0,35545
0.0,35546
0.0,35547
838.6663855580816,35548
0.0,35549
0.0,35550
0.0,35551
0.0,35552
489.553486061942,35553
873.8607459745654,35554
224.16458359843497,35555
336.31539798852964,35556
0.0,35557
0.0,35558
493.2183518564472,35559
571.5212544598799,35560
0.0,35561
0.0,35562
0.0,35563
0.0,35564
0.0,35565
0.0,35566
62.10311130102123,35567
0.0,35568
0.0,35569
0.0,35570
494.1400296872144,35571
0.0,35572
0.0,35573
0.0,35574
492.9660951505224,35575
39.76355399152349,35576
0.0,35577
0.0,35578
42.36319231347721,35579
0.0,35580
489.88717161910137,35581
486.9834011741295,35582
44.23106397614061,35583
43.414118098288604,35584
0.0,35585
12.569814128050094,35586
0.0,35587
623.8427664414128,35588
39.75010938718555,35589
0.0,35590
142.13815978577554,35591
0.0,35592
1290.3327305391858,35593
0.0,35594
482.7521239873191,35595
0.0,35596
0.0,35597
0.0,35598
0.0,35599
0.0,35600
34.591538526665865,35601
30.261138143069285,35602
325.0462631593797,35603
481.771031570359,35604
0.0,35605
0.0,35606
0.0,35607
25.53803800447484,35608
20.633502041980808,35609
0.0,35610
0.0,35611
0.0,35612
0.0,35613
0.0,35614
16.11858674983382,35615
0.0,35616
0.0,35617
0.0,35618
0.0,35619
12.17945474703546,35620
0.0,35621
0.0,35622
0.0,35623
0.0,35624
8.90681773945852,35625
0.0,35626
0.0,35627
0.0,35628
6.308870525863611,35629
4.33263592993087,35630
2.888310270311794,35631
0.0,35632
483.8376844954469,35633
2.112430091699352,35634
0.0,35635
0.0,35636
0.0,35637
0.0,35638
0.0,35639
0.0,35640
0.0,35641
0.0,35642
515.7741110391778,35643
0.0,35644
0.0,35645
0.0,35646
0.0,35647
372.90732439073844,35648
0.0,35649
0.0,35650
0.0,35651
0.0,35652
0.0,35653
328.60120220652357,35654
0.0,35655
0.0,35656
0.0,35657
2067.0586399476447,35658
0.0,35659
0.0,35660
0.0,35661
0.0,35662
0.0,35663
1.0541285906188926,35664
0.0,35665
0.0,35666
0.0,35667
1390.4647022249576,35668
0.0,35669
0.0,35670
0.0,35671
0.0,35672
0.0,35673
0.0,35674
0.0,35675
981.5205913364724,35676
0.0,35677
0.0,35678
652.0851354784805,35679
689.1312160413881,35680
659.8406615431198,35681
416.7395221228285,35682
0.0,35683
695.9134101928342,35684
0.0,35685
0.0,35686
698.5044471440686,35687
383.1772887562435,35688
0.0,35689
0.0,35690
0.0,35691
672.5174787284228,35692
672.3812943424447,35693
703.7742073113769,35694
671.7285659800104,35695
701.4064523339824,35696
0.0,35697
666.4039524892768,35698
266.1746307379149,35699
691.3682141516907,35700
653.2989726925125,35701
645.5587591265057,35702
0.0,35703
0.0,35704
1425.4759301489376,35705
0.0,35706
0.0,35707
0.0,35708
0.0,35709
0.0,35710
0.0,35711
261.41396281668096,35712
254.27362488859282,35713
650.1377139173086,35714
639.0340487954078,35715
201.66081546493368,35716
0.0,35717
0.0,35718
0.0,35719
617.1600724563503,35720
0.0,35721
203.26045121814172,35722
0.0,35723
0.0,35724
593.0758875184848,35725
153.76527484699406,35726
164.6025462587658,35727
151.5348669961765,35728
114.13295090996583,35729
124.97322247912054,35730
0.0,35731
521.0344784453769,35732
99.12518385575483,35733
86.9014340599059,35734
0.0,35735
0.0,35736
0.0,35737
485.1250291550083,35738
0.0,35739
0.0,35740
0.0,35741
0.0,35742
811.9002621421517,35743
0.0,35744
801.4443660778536,35745
0.0,35746
0.0,35747
791.6435497998496,35748
782.3869892404566,35749
0.0,35750
806.2939248392805,35751
453.3416756554704,35752
0.0,35753
1403.4899084283006,35754
789.2347212257495,35755
0.0,35756
0.0,35757
0.0,35758
0.0,35759
0.0,35760
0.0,35761
0.0,35762
0.0,35763
95.66016993832699,35764
1276.4312710104214,35765
944.2462055898733,35766
0.0,35767
0.0,35768
0.0,35769
0.0,35770
0.0,35771
2321.6252765208683,35772
0.0,35773
0.0,35774
0.0,35775
0.0,35776
0.0,35777
0.0,35778
0.0,35779
0.0,35780
0.0,35781
0.0,35782
0.0,35783
0.0,35784
1428.7734575328598,35785
0.0,35786
0.0,35787
0.0,35788
0.0,35789
2600.4512864477997,35790
0.0,35791
0.0,35792
0.0,35793
0.0,35794
0.0,35795
0.0,35796
0.0,35797
0.0,35798
0.0,35799
0.0,35800
0.0,35801
0.0,35802
0.0,35803
0.0,35804
218.98535271350812,35805
0.0,35806
2746.6011805043495,35807
3081.2953628955574,35808
0.0,35809
0.0,35810
0.0,35811
0.0,35812
0.0,35813
0.0,35814
0.0,35815
0.0,35816
0.0,35817
0.0,35818
0.0,35819
0.0,35820
766.1621841538669,35821
0.0,35822
0.0,35823
0.0,35824
0.0,35825
0.0,35826
0.0,35827
0.0,35828
0.0,35829
0.0,35830
0.0,35831
0.0,35832
0.0,35833
0.0,35834
0.0,35835
0.0,35836
0.0,35837
0.0,35838
0.0,35839
0.0,35840
3.022780158504417,35841
0.0,35842
0.0,35843
0.0,35844
0.0,35845
0.0,35846
0.0,35847
0.0,35848
0.0,35849
62.10760154794271,35850
0.0,35851
0.0,35852
0.0,35853
0.0,35854
0.0,35855
0.0,35856
0.0,35857
0.0,35858
0.0,35859
0.0,35860
0.0,35861
0.0,35862
0.0,35863
0.0,35864
0.0,35865
0.0,35866
0.0,35867
0.0,35868
0.0,35869
0.0,35870
0.0,35871
0.0,35872
0.0,35873
0.0,35874
1051.9002490266967,35875
0.0,35876
0.0,35877
0.0,35878
0.0,35879
0.0,35880
0.0,35881
723.5636568279866,35882
0.0,35883
0.0,35884
0.0,35885
785.5526124904031,35886
0.0,35887
900.4392291781166,35888
2864.60597663807,35889
728.0349594318318,35890
0.0,35891
0.0,35892
0.0,35893
0.0,35894
0.0,35895
0.0,35896
0.0,35897
0.0,35898
0.0,35899
0.0,35900
0.0,35901
0.0,35902
0.0,35903
0.0,35904
0.0,35905
0.0,35906
0.0,35907
600.5698379820082,35908
0.0,35909
0.0,35910
0.0,35911
0.0,35912
0.0,35913
0.0,35914
0.0,35915
0.0,35916
0.0,35917
0.0,35918
0.0,35919
0.0,35920
0.0,35921
0.0,35922
0.0,35923
0.0,35924
0.0,35925
0.0,35926
0.0,35927
0.0,35928
561.5988379507933,35929
0.0,35930
0.0,35931
0.0,35932
0.0,35933
0.0,35934
0.0,35935
0.0,35936
0.0,35937
0.0,35938
0.0,35939
0.0,35940
0.0,35941
0.0,35942
0.0,35943
0.0,35944
0.0,35945
0.0,35946
0.0,35947
0.0,35948
0.0,35949
0.0,35950
0.0,35951
0.0,35952
0.0,35953
0.0,35954
0.0,35955
0.0,35956
0.0,35957
0.0,35958
0.0,35959
0.0,35960
0.0,35961
0.0,35962
0.0,35963
0.0,35964
0.0,35965
0.0,35966
0.0,35967
0.0,35968
0.0,35969
0.0,35970
0.0,35971
0.0,35972
0.0,35973
0.0,35974
0.0,35975
0.0,35976
0.0,35977
0.0,35978
0.0,35979
0.0,35980
0.0,35981
0.0,35982
0.0,35983
0.0,35984
0.0,35985
0.0,35986
0.0,35987
0.0,35988
0.0,35989
0.0,35990
0.0,35991
0.0,35992
0.0,35993
0.0,35994
625.0189571942153,35995
0.0,35996
0.0,35997
0.0,35998
0.0,35999
0.0,36000
587.4747472312212,36001
0.0,36002
0.0,36003
0.0,36004
0.0,36005
0.0,36006
0.0,36007
0.0,36008
0.0,36009
3529.276774986727,36010
0.0,36011
0.0,36012
0.0,36013
0.0,36014
0.0,36015
0.0,36016
0.0,36017
0.0,36018
964.5252560168304,36019
0.0,36020
465.74301481225547,36021
0.0,36022
0.0,36023
0.0,36024
0.0,36025
0.0,36026
0.0,36027
0.0,36028
0.0,36029
0.0,36030
0.0,36031
0.0,36032
0.0,36033
1381.3611239562374,36034
0.0,36035
0.0,36036
0.0,36037
0.0,36038
0.0,36039
0.0,36040
0.0,36041
0.0,36042
0.0,36043
1820.297433385911,36044
0.0,36045
0.0,36046
0.0,36047
0.0,36048
0.0,36049
0.0,36050
0.0,36051
0.0,36052
0.0,36053
0.0,36054
0.0,36055
0.0,36056
0.0,36057
0.0,36058
0.0,36059
0.0,36060
0.0,36061
0.0,36062
0.0,36063
94.5288033856212,36064
499.5818145584913,36065
0.0,36066
76.51135413985871,36067
0.0,36068
0.0,36069
26.676150439821804,36070
1788.6314793363388,36071
0.0,36072
1669.1976827834237,36073
0.0,36074
0.0,36075
0.0,36076
0.0,36077
0.0,36078
0.0,36079
0.0,36080
0.0,36081
0.0,36082
0.0,36083
0.0,36084
0.0,36085
1036.195599598804,36086
0.0,36087
0.0,36088
0.0,36089
0.0,36090
454.2562211245422,36091
454.13508941889756,36092
0.0,36093
0.0,36094
0.0,36095
0.0,36096
0.0,36097
409.90915831387383,36098
0.0,36099
0.0,36100
2526.191742293652,36101
2546.6598054845927,36102
679.7663056361534,36103
0.0,36104
1581.1772910451766,36105
0.0,36106
513.298182765926,36107
711.271682377277,36108
182.70438483842221,36109
0.0,36110
0.0,36111
0.0,36112
0.0,36113
0.0,36114
0.0,36115
0.0,36116
715.6773584605018,36117
2077.2869797806306,36118
0.0,36119
0.0,36120
0.0,36121
0.0,36122
0.0,36123
0.0,36124
0.0,36125
0.0,36126
0.0,36127
0.0,36128
0.0,36129
450.0840943118468,36130
0.0,36131
0.0,36132
0.0,36133
0.0,36134
0.0,36135
0.0,36136
0.0,36137
0.0,36138
1365.8745178755169,36139
0.0,36140
0.0,36141
0.0,36142
1348.0894076993504,36143
0.0,36144
0.0,36145
0.0,36146
0.0,36147
0.0,36148
0.0,36149
0.0,36150
0.0,36151
0.0,36152
0.0,36153
0.0,36154
0.0,36155
0.0,36156
0.0,36157
0.0,36158
0.0,36159
0.0,36160
0.0,36161
0.0,36162
0.0,36163
0.0,36164
0.0,36165
0.0,36166
0.0,36167
0.0,36168
0.0,36169
0.0,36170
0.0,36171
0.0,36172
0.0,36173
0.0,36174
0.0,36175
0.0,36176
0.0,36177
0.0,36178
0.0,36179
0.0,36180
0.0,36181
0.0,36182
0.0,36183
0.0,36184
0.0,36185
0.0,36186
0.0,36187
0.0,36188
214.758613127968,36189
1203.4345986515254,36190
3854.4625867691875,36191
1190.358496185584,36192
339.56485093336636,36193
0.0,36194
2793.2332034762408,36195
2501.5518239601433,36196
0.0,36197
704.4316426339234,36198
8.118585881292665,36199
2711.6467109442124,36200
1259.354737587533,36201
928.3080143171499,36202
0.0,36203
0.0,36204
0.0,36205
969.6237216634601,36206
2116.4675107428175,36207
1190.3275019762434,36208
0.0,36209
0.0,36210
1638.0461164125004,36211
0.0,36212
405.94691501482674,36213
0.0,36214
2150.867970930666,36215
0.0,36216
0.0,36217
0.0,36218
0.0,36219
0.0,36220
1082.796184365354,36221
0.0,36222
1637.4208452929604,36223
0.0,36224
0.0,36225
0.0,36226
0.0,36227
0.0,36228
0.0,36229
0.0,36230
0.0,36231
0.0,36232
0.0,36233
0.0,36234
0.0,36235
0.0,36236
0.0,36237
0.0,36238
0.0,36239
0.0,36240
0.0,36241
19.816267010525273,36242
0.0,36243
0.0,36244
0.0,36245
0.0,36246
0.0,36247
0.0,36248
440.08856613946995,36249
0.0,36250
102.0052419603032,36251
0.0,36252
408.9074765443505,36253
0.0,36254
0.0,36255
450.6393009532227,36256
0.0,36257
0.0,36258
0.0,36259
0.0,36260
548.4110099734464,36261
0.0,36262
744.3878027545475,36263
0.0,36264
3445.0584122178743,36265
0.0,36266
0.0,36267
0.0,36268
0.0,36269
0.0,36270
45.211409459867866,36271
0.0,36272
0.0,36273
0.0,36274
0.0,36275
0.0,36276
0.0,36277
0.0,36278
844.9703238056319,36279
0.0,36280
76.39270020330589,36281
0.0,36282
582.5096250791922,36283
0.0,36284
0.0,36285
0.0,36286
0.0,36287
0.0,36288
0.0,36289
0.0,36290
0.0,36291
5441.051940189326,36292
0.0,36293
0.0,36294
0.0,36295
0.0,36296
0.0,36297
0.0,36298
0.0,36299
0.0,36300
0.0,36301
4579.4898782455,36302
0.0,36303
0.0,36304
0.0,36305
0.0,36306
3574.147803937976,36307
0.0,36308
0.0,36309
0.0,36310
0.0,36311
0.0,36312
1547.2948188484572,36313
0.0,36314
0.0,36315
0.0,36316
0.0,36317
0.0,36318
2302.08645192696,36319
2314.583137470892,36320
5514.621221098831,36321
0.0,36322
0.0,36323
0.0,36324
0.0,36325
0.0,36326
1700.0018100425243,36327
0.0,36328
0.0,36329
366.91049440261406,36330
0.0,36331
0.0,36332
0.0,36333
0.0,36334
0.0,36335
0.0,36336
0.0,36337
0.0,36338
0.0,36339
0.0,36340
0.0,36341
240.07199824813523,36342
116.77393533294264,36343
443.86248006603404,36344
0.0,36345
0.0,36346
597.5877817916672,36347
0.0,36348
428.3607945126497,36349
0.0,36350
740.6294391060876,36351
0.0,36352
0.0,36353
50.375478027120586,36354
396.07941053731594,36355
329.15242750431594,36356
390.3910759558186,36357
0.0,36358
0.0,36359
648.3620723164871,36360
0.0,36361
0.0,36362
0.0,36363
0.0,36364
0.0,36365
103.05215433281322,36366
374.8645846065359,36367
0.0,36368
0.0,36369
0.0,36370
514.642834891732,36371
0.0,36372
0.0,36373
671.9744508024016,36374
0.0,36375
1436.7039760153984,36376
0.0,36377
0.0,36378
717.8524522266655,36379
0.0,36380
485.1003162965831,36381
2490.4098408436907,36382
1709.0932847440706,36383
0.0,36384
0.0,36385
2075.8098057538637,36386
1914.8299361687248,36387
2109.9085061501432,36388
1265.5600115349876,36389
1269.1918117660125,36390
115.46351991009298,36391
0.0,36392
117.70602199459941,36393
129.98028554871914,36394
0.0,36395
0.0,36396
0.0,36397
132.6865198603574,36398
0.0,36399
0.0,36400
0.0,36401
0.0,36402
0.0,36403
0.0,36404
0.0,36405
0.0,36406
854.7479645492771,36407
0.0,36408
0.0,36409
0.0,36410
0.0,36411
0.0,36412
0.0,36413
0.0,36414
0.0,36415
0.0,36416
0.0,36417
0.0,36418
0.0,36419
0.0,36420
0.0,36421
0.0,36422
1567.2337316033197,36423
8567.117301632414,36424
0.0,36425
659.0219799090389,36426
0.0,36427
0.0,36428
0.0,36429
0.0,36430
0.0,36431
645.7658190770383,36432
0.0,36433
0.0,36434
0.0,36435
0.0,36436
0.0,36437
0.0,36438
0.0,36439
0.0,36440
0.0,36441
0.0,36442
0.0,36443
0.0,36444
0.0,36445
0.0,36446
0.0,36447
0.0,36448
0.0,36449
0.0,36450
0.0,36451
0.0,36452
0.0,36453
0.0,36454
0.0,36455
0.0,36456
0.0,36457
0.0,36458
0.0,36459
0.0,36460
0.0,36461
0.0,36462
0.0,36463
0.0,36464
0.0,36465
0.0,36466
0.0,36467
0.0,36468
0.0,36469
0.0,36470
0.0,36471
0.0,36472
0.0,36473
0.0,36474
0.0,36475
0.0,36476
0.0,36477
0.0,36478
0.0,36479
0.0,36480
258.5141168191239,36481
0.0,36482
0.0,36483
0.0,36484
0.0,36485
0.0,36486
0.0,36487
0.0,36488
0.0,36489
337.2677653609111,36490
1295.1707559079548,36491
367.6573082610516,36492
0.0,36493
331.7889005914229,36494
373.27626516142396,36495
0.0,36496
0.0,36497
0.0,36498
0.0,36499
0.0,36500
0.0,36501
0.0,36502
0.0,36503
0.0,36504
0.0,36505
0.0,36506
0.0,36507
0.0,36508
0.0,36509
0.0,36510
0.0,36511
0.0,36512
1943.6326286239428,36513
3013.9563635017184,36514
1097.9714956462972,36515
0.0,36516
0.0,36517
1097.4997298718538,36518
0.0,36519
0.0,36520
0.0,36521
0.0,36522
2123.0076975616516,36523
0.0,36524
0.0,36525
2478.1060093954047,36526
0.0,36527
0.0,36528
0.0,36529
2361.335865225686,36530
0.0,36531
0.0,36532
0.0,36533
0.0,36534
1799.8886176625558,36535
0.0,36536
0.0,36537
0.0,36538
0.0,36539
0.0,36540
0.0,36541
0.0,36542
0.0,36543
0.0,36544
0.0,36545
0.0,36546
0.0,36547
0.0,36548
0.0,36549
0.0,36550
0.0,36551
0.0,36552
0.0,36553
0.0,36554
0.0,36555
0.0,36556
0.0,36557
0.0,36558
0.0,36559
0.0,36560
0.0,36561
0.0,36562
0.0,36563
0.0,36564
0.0,36565
0.0,36566
0.0,36567
0.0,36568
0.0,36569
0.0,36570
0.0,36571
0.0,36572
0.0,36573
0.0,36574
0.0,36575
0.0,36576
0.0,36577
0.0,36578
0.0,36579
0.0,36580
0.0,36581
0.0,36582
0.0,36583
0.0,36584
447.5108457026295,36585
0.0,36586
0.0,36587
647.5558540705038,36588
0.0,36589
0.0,36590
0.0,36591
0.0,36592
0.0,36593
0.0,36594
1382.9434040622873,36595
0.0,36596
0.0,36597
1426.6975747865106,36598
2863.3687949105856,36599
365.4114535536052,36600
370.9939763151105,36601
3111.089718739017,36602
0.0,36603
0.0,36604
0.0,36605
685.4303789384181,36606
0.0,36607
0.0,36608
0.0,36609
0.0,36610
0.0,36611
0.0,36612
0.0,36613
0.0,36614
0.0,36615
0.0,36616
0.0,36617
0.0,36618
0.0,36619
0.0,36620
0.0,36621
0.0,36622
0.0,36623
0.0,36624
0.0,36625
0.0,36626
0.0,36627
0.0,36628
0.0,36629
0.0,36630
0.0,36631
0.0,36632
0.0,36633
0.0,36634
0.0,36635
0.0,36636
0.0,36637
0.0,36638
0.0,36639
0.0,36640
0.0,36641
0.0,36642
0.0,36643
0.0,36644
0.0,36645
0.0,36646
1278.9548826897196,36647
1281.6360082915094,36648
1315.0390810222161,36649
1331.248563323288,36650
1348.8682133333707,36651
0.0,36652
0.0,36653
1607.0802557298532,36654
1711.3684209217502,36655
0.0,36656
1704.4500381595115,36657
1834.317423336374,36658
0.0,36659
0.0,36660
0.0,36661
0.0,36662
0.0,36663
0.0,36664
0.0,36665
0.0,36666
0.0,36667
0.0,36668
0.0,36669
0.0,36670
0.0,36671
0.0,36672
0.0,36673
0.0,36674
0.0,36675
0.0,36676
0.0,36677
0.0,36678
0.0,36679
0.0,36680
0.0,36681
0.0,36682
1532.8661743987675,36683
0.0,36684
252.90726563933168,36685
247.56195842455884,36686
0.0,36687
0.0,36688
310.8855295432605,36689
0.0,36690
0.0,36691
2800.912336920971,36692
1010.7763687711479,36693
2650.5098208038394,36694
0.0,36695
4198.060531616153,36696
0.0,36697
0.0,36698
0.0,36699
0.0,36700
8882.468953524214,36701
0.0,36702
0.0,36703
633.5989732576475,36704
0.0,36705
2223.0121636766344,36706
0.0,36707
0.0,36708
919.4905979399108,36709
681.7474284820829,36710
0.0,36711
114.89452141255782,36712
0.0,36713
0.0,36714
144.83575807538267,36715
165.8943193468117,36716
0.0,36717
0.0,36718
0.0,36719
397.4051585971149,36720
362.1165385909477,36721
351.4672744635872,36722
0.0,36723
617.7400263085395,36724
611.0334434666092,36725
605.4959608779593,36726
0.0,36727
0.0,36728
1045.662270410628,36729
0.0,36730
0.0,36731
0.0,36732
349.85343783113467,36733
337.7270288859513,36734
0.0,36735
0.0,36736
0.0,36737
0.0,36738
1497.707828511768,36739
1503.550413337125,36740
0.0,36741
348.962467599563,36742
1508.9469888328645,36743
0.0,36744
0.0,36745
593.5738446535798,36746
589.3167280806509,36747
0.0,36748
4040.2086607273254,36749
0.0,36750
0.0,36751
0.0,36752
0.0,36753
0.0,36754
1278.4042237002632,36755
0.0,36756
0.0,36757
0.0,36758
5016.968990181537,36759
0.0,36760
0.0,36761
0.0,36762
0.0,36763
0.0,36764
0.0,36765
2397.8735376778613,36766
0.0,36767
0.0,36768
0.0,36769
0.0,36770
0.0,36771
0.0,36772
0.0,36773
0.0,36774
0.0,36775
0.0,36776
0.0,36777
0.0,36778
0.0,36779
0.0,36780
0.0,36781
0.0,36782
0.0,36783
0.0,36784
0.0,36785
3144.0646294463277,36786
2302.535735937549,36787
2171.092615158308,36788
5795.640137916289,36789
0.0,36790
0.0,36791
0.0,36792
0.0,36793
0.0,36794
0.0,36795
0.0,36796
0.0,36797
0.0,36798
0.0,36799
1890.273353091419,36800
0.0,36801
0.0,36802
0.0,36803
0.0,36804
98.94215103030902,36805
341.01052539866953,36806
0.0,36807
0.0,36808
0.0,36809
0.0,36810
0.0,36811
479.3201551910745,36812
0.0,36813
0.0,36814
0.0,36815
0.0,36816
0.0,36817
0.0,36818
0.0,36819
0.0,36820
0.0,36821
0.0,36822
0.0,36823
0.0,36824
0.0,36825
0.0,36826
0.0,36827
0.0,36828
0.0,36829
0.0,36830
0.0,36831
0.0,36832
0.0,36833
0.0,36834
0.0,36835
8047.037814835498,36836
0.0,36837
0.0,36838
0.0,36839
0.0,36840
0.0,36841
0.0,36842
0.0,36843
1638.148763702137,36844
0.0,36845
0.0,36846
0.0,36847
0.0,36848
0.0,36849
0.0,36850
0.0,36851
0.0,36852
0.0,36853
0.0,36854
0.0,36855
0.0,36856
0.0,36857
0.0,36858
0.0,36859
0.0,36860
0.0,36861
0.0,36862
0.0,36863
0.0,36864
0.0,36865
0.0,36866
0.0,36867
0.0,36868
0.0,36869
0.0,36870
0.0,36871
0.0,36872
0.0,36873
0.0,36874
453.43525082645675,36875
0.0,36876
0.0,36877
0.0,36878
0.0,36879
0.0,36880
0.0,36881
0.0,36882
0.0,36883
0.0,36884
0.0,36885
0.0,36886
0.0,36887
0.0,36888
0.0,36889
0.0,36890
0.0,36891
0.0,36892
0.0,36893
0.0,36894
0.0,36895
0.0,36896
0.0,36897
0.0,36898
0.0,36899
0.0,36900
