cs,index
729.2508101683563,0
732.9395261293245,1
0.0,2
1472.1405315086804,3
740.1413362860206,4
0.0,5
0.0,6
741.0919538877545,7
740.1342511339672,8
928.5928579941389,9
0.0,10
0.0,11
0.0,12
863.3492199085323,13
247.228832417556,14
0.0,15
0.0,16
248.93541794517066,17
249.96951844194643,18
126.05285725227368,19
136.51780152201368,20
0.0,21
1196.3448832704426,22
0.0,23
0.0,24
1232.7714002023743,25
1387.871748611056,26
0.0,27
307.42152239911513,28
1607.2694830237485,29
0.0,30
0.0,31
0.0,32
215.10366814518756,33
235.88839440926662,34
0.0,35
258.57459321050885,36
0.0,37
0.0,38
0.0,39
0.0,40
0.0,41
0.0,42
0.0,43
10.026290344339289,44
0.0,45
0.0,46
0.0,47
0.0,48
0.0,49
0.0,50
0.0,51
0.0,52
0.0,53
0.0,54
0.0,55
0.0,56
0.0,57
0.0,58
0.0,59
0.0,60
0.0,61
0.0,62
0.0,63
173.70698999567313,64
0.0,65
0.0,66
0.0,67
0.0,68
0.0,69
0.0,70
0.0,71
0.0,72
0.0,73
0.0,74
0.0,75
0.0,76
0.0,77
0.0,78
0.0,79
0.0,80
0.0,81
0.0,82
0.0,83
0.0,84
0.0,85
0.0,86
0.0,87
0.0,88
0.0,89
0.0,90
0.0,91
0.0,92
0.0,93
1555.1669002750389,94
107.81629758322302,95
0.0,96
102.11515471548023,97
0.0,98
669.4943195067725,99
296.9225727852622,100
103.49981483582675,101
335.74098187763934,102
0.0,103
315.587260590251,104
1623.9247642917771,105
255.02305716472608,106
0.0,107
0.0,108
933.2175877977855,109
0.0,110
0.0,111
0.0,112
0.0,113
0.0,114
0.0,115
0.0,116
0.0,117
0.0,118
0.0,119
0.0,120
0.0,121
0.0,122
0.0,123
0.0,124
0.0,125
1111.4629064702895,126
0.0,127
0.0,128
0.0,129
1093.988725933625,130
0.0,131
1664.5556797425595,132
0.0,133
0.0,134
0.0,135
0.0,136
0.0,137
0.0,138
0.0,139
0.0,140
0.0,141
0.0,142
0.0,143
0.0,144
0.0,145
0.0,146
0.0,147
0.0,148
0.0,149
0.0,150
0.0,151
289.24587631507615,152
0.0,153
0.0,154
0.0,155
889.3080878907768,156
0.0,157
0.0,158
385.1029825468701,159
0.0,160
0.0,161
0.0,162
1330.323555810557,163
0.0,164
0.0,165
0.0,166
0.0,167
0.0,168
0.0,169
0.0,170
0.0,171
0.0,172
0.0,173
0.0,174
0.0,175
36.05965614711087,176
0.0,177
0.0,178
24.11915142203354,179
0.0,180
0.0,181
356.30040605768124,182
25.523212932148144,183
0.0,184
0.0,185
2722.153907038076,186
0.0,187
0.0,188
2327.7935192419404,189
267.03279671241603,190
535.6177125993127,191
0.0,192
0.0,193
0.0,194
848.9359821245686,195
0.0,196
1959.8333606736899,197
0.0,198
0.0,199
0.0,200
0.0,201
0.0,202
0.0,203
0.0,204
0.0,205
0.0,206
0.0,207
0.0,208
0.0,209
1737.5463376656076,210
0.0,211
0.0,212
0.0,213
0.0,214
0.0,215
0.0,216
0.0,217
0.0,218
0.0,219
0.0,220
0.0,221
0.0,222
0.0,223
0.0,224
0.0,225
0.0,226
0.0,227
0.0,228
0.0,229
0.0,230
0.0,231
0.0,232
1499.3406244381008,233
0.0,234
0.0,235
0.0,236
0.0,237
0.0,238
0.0,239
0.0,240
2.211150735564873,241
0.0,242
0.0,243
0.7355746691224035,244
0.0,245
0.0,246
0.0,247
0.0,248
0.0,249
146.40991500058738,250
0.0,251
469.91900811164146,252
0.0,253
839.3051680542899,254
0.0,255
933.6427486776564,256
0.0,257
0.0,258
0.0,259
0.0,260
0.0,261
1885.7227435841696,262
0.0,263
0.0,264
0.0,265
0.0,266
0.0,267
0.0,268
0.0,269
0.0,270
0.0,271
0.0,272
0.0,273
2390.260416368604,274
0.0,275
98.74989662161369,276
0.0,277
1599.3028316478103,278
0.0,279
0.0,280
819.8453826870137,281
0.0,282
0.0,283
613.8710460630775,284
4.4331444007180645,285
105.69711827895784,286
1535.7215849958013,287
0.0,288
1823.0886831581136,289
0.0,290
0.0,291
1797.9254273597498,292
1264.326975702853,293
840.2671064607302,294
1067.4553636950045,295
316.2023619432443,296
456.0412981488633,297
0.0,298
0.0,299
0.0,300
0.0,301
520.3674337822011,302
2513.060652370759,303
1740.9178850526687,304
0.0,305
0.0,306
0.0,307
1745.8429899464472,308
0.0,309
0.0,310
0.0,311
0.0,312
0.0,313
0.0,314
0.0,315
0.0,316
0.0,317
0.0,318
284.63436116932814,319
0.0,320
170.48131193226223,321
0.0,322
0.0,323
0.0,324
0.0,325
0.0,326
0.0,327
0.0,328
0.0,329
0.0,330
396.00641449077904,331
0.0,332
0.0,333
0.0,334
0.0,335
0.0,336
619.1752493148699,337
0.0,338
0.0,339
0.0,340
0.0,341
0.0,342
2835.969687543328,343
0.0,344
0.0,345
0.0,346
0.0,347
0.0,348
0.0,349
0.0,350
0.0,351
0.0,352
2126.8201880059855,353
0.0,354
0.0,355
519.139864595212,356
0.0,357
0.0,358
0.0,359
0.0,360
0.0,361
0.0,362
0.0,363
1458.990834494824,364
0.0,365
0.0,366
0.0,367
397.98094975602913,368
0.0,369
2430.746198086829,370
0.0,371
0.0,372
0.0,373
246.05499725823032,374
0.0,375
0.0,376
0.0,377
0.0,378
1252.258643557131,379
60.5391386536934,380
0.0,381
0.0,382
0.0,383
0.0,384
0.0,385
0.0,386
0.0,387
0.0,388
1487.6481993395903,389
0.0,390
0.0,391
0.0,392
0.0,393
0.0,394
0.0,395
0.0,396
0.0,397
0.0,398
0.0,399
0.0,400
0.0,401
0.0,402
0.0,403
0.0,404
0.0,405
0.0,406
0.0,407
0.0,408
0.0,409
2250.067532603594,410
0.0,411
0.0,412
0.0,413
99.51707495458739,414
0.0,415
0.0,416
0.0,417
0.0,418
0.0,419
0.0,420
2123.6917093629454,421
5993.59018075225,422
1817.5116622250002,423
6006.51459746203,424
2147.0739215935014,425
0.0,426
0.0,427
0.0,428
0.0,429
0.0,430
0.0,431
0.0,432
6020.148883378919,433
0.0,434
0.0,435
0.0,436
0.0,437
0.0,438
556.7299324203663,439
0.0,440
0.0,441
0.0,442
0.0,443
0.0,444
1128.6264341205533,445
3100.1261763313573,446
0.0,447
0.0,448
0.0,449
0.0,450
0.0,451
0.0,452
0.0,453
0.0,454
0.0,455
0.0,456
1607.571726559349,457
2784.3110567946173,458
0.0,459
0.0,460
0.0,461
0.0,462
0.0,463
0.0,464
1259.229535222558,465
0.0,466
1639.0657418495184,467
0.0,468
0.0,469
0.0,470
0.0,471
0.0,472
0.0,473
2971.9112103416674,474
0.0,475
2914.831560286415,476
0.0,477
0.0,478
0.0,479
0.0,480
0.0,481
0.0,482
0.0,483
536.1914948394606,484
0.0,485
0.0,486
1313.7378406975547,487
0.0,488
0.0,489
0.0,490
0.0,491
0.0,492
0.0,493
0.0,494
0.0,495
0.0,496
0.0,497
0.0,498
0.0,499
0.0,500
0.0,501
0.0,502
0.0,503
0.0,504
0.0,505
0.0,506
0.0,507
0.0,508
0.0,509
0.0,510
0.0,511
0.0,512
0.0,513
0.0,514
0.0,515
0.0,516
0.0,517
0.0,518
0.0,519
0.0,520
0.0,521
0.0,522
230.89124211208096,523
0.0,524
0.0,525
0.0,526
0.0,527
0.0,528
609.5416565986494,529
0.0,530
0.0,531
0.0,532
1226.155925104809,533
0.0,534
0.0,535
0.0,536
432.4018138265471,537
0.0,538
0.0,539
0.0,540
0.0,541
0.0,542
0.0,543
0.0,544
0.0,545
0.0,546
0.0,547
0.0,548
0.0,549
3400.462163943735,550
0.0,551
0.0,552
45.84313627010678,553
0.0,554
0.0,555
0.0,556
0.0,557
0.0,558
0.0,559
0.0,560
0.0,561
0.0,562
0.0,563
0.0,564
0.0,565
0.0,566
0.0,567
0.0,568
0.0,569
0.0,570
0.0,571
0.0,572
0.0,573
0.0,574
0.0,575
0.0,576
0.0,577
0.0,578
0.0,579
0.0,580
0.0,581
0.0,582
0.0,583
0.0,584
0.0,585
0.0,586
0.0,587
2615.568854785492,588
0.0,589
0.0,590
0.0,591
0.0,592
0.0,593
0.0,594
0.0,595
0.0,596
0.0,597
0.0,598
240.09384794549902,599
1385.9974663981552,600
0.0,601
881.8226192917082,602
0.0,603
0.0,604
0.0,605
0.0,606
0.0,607
0.0,608
0.0,609
0.0,610
0.0,611
0.0,612
0.0,613
0.0,614
0.0,615
0.0,616
0.0,617
0.0,618
0.0,619
0.0,620
0.0,621
0.0,622
0.0,623
0.0,624
0.0,625
0.0,626
0.0,627
650.8065277520196,628
0.0,629
640.881652287721,630
0.0,631
0.0,632
0.0,633
0.0,634
0.0,635
0.0,636
0.0,637
665.2758219457285,638
0.0,639
0.0,640
0.0,641
0.0,642
0.0,643
0.0,644
0.0,645
0.0,646
0.0,647
0.0,648
0.0,649
0.0,650
0.0,651
0.0,652
0.0,653
0.0,654
0.0,655
0.0,656
0.0,657
0.0,658
0.0,659
0.0,660
0.0,661
0.0,662
0.0,663
0.0,664
0.0,665
0.0,666
0.0,667
0.0,668
0.0,669
0.0,670
0.0,671
0.0,672
844.1672897517909,673
0.0,674
0.0,675
0.0,676
0.0,677
0.0,678
0.0,679
0.0,680
0.0,681
0.0,682
0.0,683
0.0,684
0.0,685
0.0,686
0.0,687
0.0,688
0.0,689
0.0,690
0.0,691
0.0,692
0.0,693
0.0,694
0.0,695
0.0,696
0.0,697
0.0,698
0.0,699
0.0,700
0.0,701
0.0,702
0.0,703
0.0,704
0.0,705
0.0,706
0.0,707
0.0,708
0.0,709
3130.632803674286,710
0.0,711
0.0,712
0.0,713
0.0,714
0.0,715
0.0,716
0.0,717
0.0,718
0.0,719
0.0,720
0.0,721
0.0,722
2321.085705229583,723
0.0,724
0.0,725
1654.5738420590283,726
2097.4716540497247,727
0.0,728
2155.3949291303998,729
0.0,730
0.0,731
170.70736042798927,732
1134.1317900750441,733
220.94256331633815,734
3433.4711771446878,735
0.0,736
0.0,737
0.0,738
987.8645811854784,739
0.0,740
1499.7541038502873,741
0.0,742
0.0,743
0.0,744
0.0,745
0.0,746
0.0,747
0.0,748
0.0,749
0.0,750
0.0,751
0.0,752
532.4827744926575,753
0.0,754
0.0,755
534.9127903495166,756
382.99395656730013,757
0.0,758
979.7422210699733,759
1639.7546441275044,760
711.5431344677172,761
0.0,762
0.0,763
714.6474617546555,764
0.0,765
2099.3491279782465,766
0.0,767
0.0,768
0.0,769
0.0,770
0.0,771
0.0,772
1884.2073918212761,773
0.0,774
0.0,775
0.0,776
0.0,777
0.0,778
0.0,779
0.0,780
0.0,781
559.7790670632837,782
0.0,783
0.0,784
0.0,785
0.0,786
0.0,787
0.0,788
0.0,789
0.0,790
0.0,791
0.0,792
0.0,793
0.0,794
0.0,795
0.0,796
0.0,797
0.0,798
0.0,799
0.0,800
0.0,801
0.0,802
0.0,803
0.0,804
0.0,805
1270.1258003134658,806
1059.1564159384238,807
1058.8337798408566,808
0.0,809
577.4419635669321,810
644.5393710364001,811
641.211371734811,812
0.0,813
645.7852186922703,814
0.0,815
78.00279965920134,816
85.46239378591801,817
1099.449369373496,818
25.8765918812688,819
0.0,820
0.0,821
0.0,822
0.0,823
0.0,824
0.0,825
0.0,826
0.0,827
0.0,828
0.0,829
0.0,830
0.0,831
0.0,832
0.0,833
0.0,834
0.0,835
10228.610792464913,836
0.0,837
0.0,838
0.0,839
0.0,840
0.0,841
0.0,842
0.0,843
0.0,844
0.0,845
0.0,846
0.0,847
0.0,848
0.0,849
0.0,850
0.0,851
0.0,852
265.40532342310803,853
647.415793432261,854
878.5670836896586,855
1374.2616204512544,856
0.0,857
155.7143427991356,858
716.1757620117644,859
0.0,860
25.015234416669752,861
919.5412341485007,862
175.3590314312656,863
932.6272321958774,864
0.0,865
941.3214634062084,866
0.0,867
948.8153147411028,868
954.920517030881,869
1874.7417393445658,870
0.0,871
1898.5397403691334,872
0.0,873
492.5914899905674,874
2619.081303916262,875
1032.1481734746053,876
2170.975730583706,877
1866.855845129671,878
0.0,879
0.0,880
880.1525258830202,881
4326.671545231388,882
0.0,883
0.0,884
0.0,885
0.0,886
3649.401579809426,887
2668.254090215751,888
0.0,889
0.0,890
0.0,891
0.0,892
0.0,893
0.0,894
0.0,895
0.0,896
0.0,897
0.0,898
0.0,899
0.0,900
0.0,901
0.0,902
0.0,903
3649.9323334229593,904
0.0,905
0.0,906
0.0,907
0.0,908
0.0,909
0.0,910
0.0,911
0.0,912
0.0,913
0.0,914
0.0,915
0.0,916
0.0,917
0.0,918
97.0209891286013,919
0.0,920
0.0,921
0.0,922
0.0,923
0.0,924
0.0,925
0.0,926
217.04863326822797,927
0.0,928
0.0,929
248.27375840903005,930
0.0,931
0.0,932
0.0,933
0.0,934
0.0,935
0.0,936
0.0,937
0.0,938
0.0,939
0.0,940
0.0,941
0.0,942
0.0,943
0.0,944
0.0,945
0.0,946
0.0,947
0.0,948
0.0,949
0.0,950
0.0,951
0.0,952
0.0,953
0.0,954
0.0,955
0.0,956
0.0,957
0.0,958
0.0,959
0.0,960
0.0,961
0.0,962
0.0,963
0.0,964
0.0,965
0.0,966
0.0,967
0.0,968
0.0,969
0.0,970
0.0,971
0.0,972
0.0,973
0.0,974
0.0,975
0.0,976
0.0,977
0.0,978
0.0,979
0.0,980
0.0,981
0.0,982
0.0,983
0.0,984
0.0,985
0.0,986
0.0,987
599.942727545869,988
0.0,989
0.0,990
0.0,991
0.0,992
0.0,993
0.0,994
0.0,995
0.0,996
0.0,997
0.0,998
0.0,999
0.0,1000
0.0,1001
746.7000315106117,1002
1343.38168071905,1003
0.0,1004
0.0,1005
733.5289007835677,1006
0.0,1007
0.0,1008
0.0,1009
0.0,1010
0.0,1011
0.0,1012
0.0,1013
0.0,1014
0.0,1015
0.0,1016
0.0,1017
929.4614490831572,1018
0.0,1019
0.0,1020
0.0,1021
0.0,1022
0.0,1023
0.0,1024
0.0,1025
0.0,1026
23.25399066851306,1027
11.500422100658838,1028
0.0,1029
0.0,1030
297.16377049355964,1031
0.0,1032
0.0,1033
0.0,1034
0.0,1035
3606.4392856209024,1036
0.0,1037
0.0,1038
0.0,1039
0.0,1040
0.0,1041
0.0,1042
185.86293826458152,1043
0.0,1044
0.0,1045
0.0,1046
0.0,1047
0.0,1048
605.7747991748492,1049
0.0,1050
0.0,1051
3599.7972265813182,1052
3720.109839528922,1053
0.0,1054
5777.066908192197,1055
0.0,1056
0.0,1057
1150.4804547947545,1058
0.0,1059
0.0,1060
0.0,1061
0.0,1062
0.0,1063
0.0,1064
0.0,1065
0.0,1066
0.0,1067
0.0,1068
0.0,1069
0.0,1070
0.0,1071
0.0,1072
0.0,1073
0.0,1074
0.0,1075
0.0,1076
0.0,1077
2422.7936050245657,1078
0.0,1079
1150.046825664053,1080
0.0,1081
0.0,1082
0.0,1083
0.0,1084
604.1949791208494,1085
0.0,1086
602.0819827383735,1087
0.0,1088
598.942621772229,1089
0.0,1090
0.0,1091
595.5951260088543,1092
0.0,1093
3436.4319204532208,1094
0.0,1095
0.0,1096
0.0,1097
0.0,1098
0.0,1099
4628.306141674888,1100
0.0,1101
0.0,1102
0.0,1103
0.0,1104
592.7699221221746,1105
0.0,1106
589.3806212662644,1107
0.0,1108
0.0,1109
0.0,1110
0.0,1111
0.0,1112
0.0,1113
444.9920441242647,1114
0.0,1115
0.0,1116
0.0,1117
0.0,1118
0.0,1119
0.0,1120
0.0,1121
0.0,1122
0.0,1123
0.0,1124
0.0,1125
0.0,1126
0.0,1127
0.0,1128
0.0,1129
0.0,1130
0.0,1131
0.0,1132
0.0,1133
0.0,1134
0.0,1135
0.0,1136
0.0,1137
0.0,1138
0.0,1139
0.0,1140
0.0,1141
0.0,1142
0.0,1143
0.0,1144
577.9414149699458,1145
0.0,1146
3585.032855119409,1147
3574.6387924542682,1148
1145.5378006746603,1149
0.0,1150
572.7509198224385,1151
0.0,1152
0.0,1153
0.0,1154
0.0,1155
0.0,1156
0.0,1157
0.0,1158
0.0,1159
0.0,1160
0.0,1161
0.0,1162
0.0,1163
0.0,1164
1152.2457588278182,1165
3564.5042217449914,1166
0.0,1167
0.0,1168
0.0,1169
0.0,1170
0.0,1171
0.0,1172
0.0,1173
0.0,1174
1667.1019962629973,1175
0.0,1176
0.0,1177
39.413606052874755,1178
0.0,1179
0.0,1180
16.013872164055854,1181
0.0,1182
0.0,1183
0.0,1184
0.0,1185
0.0,1186
0.0,1187
0.0,1188
0.0,1189
0.0,1190
0.0,1191
0.0,1192
0.0,1193
3295.4207187787038,1194
0.0,1195
0.0,1196
0.0,1197
0.0,1198
1399.2162945598614,1199
0.0,1200
0.0,1201
0.0,1202
0.0,1203
0.0,1204
0.0,1205
0.0,1206
0.0,1207
0.0,1208
0.0,1209
0.0,1210
0.0,1211
0.0,1212
0.0,1213
0.0,1214
0.0,1215
0.0,1216
0.0,1217
0.0,1218
0.0,1219
0.0,1220
0.0,1221
0.0,1222
0.0,1223
0.0,1224
0.0,1225
0.0,1226
0.0,1227
0.0,1228
0.0,1229
0.0,1230
0.0,1231
0.0,1232
0.0,1233
0.0,1234
0.0,1235
0.0,1236
0.0,1237
0.0,1238
0.0,1239
0.0,1240
0.0,1241
0.0,1242
0.0,1243
0.0,1244
0.0,1245
0.0,1246
0.0,1247
0.0,1248
0.0,1249
0.0,1250
0.0,1251
0.0,1252
0.0,1253
0.0,1254
0.0,1255
0.0,1256
0.0,1257
0.0,1258
0.0,1259
0.0,1260
0.0,1261
0.0,1262
0.0,1263
0.0,1264
0.0,1265
0.0,1266
0.0,1267
0.0,1268
0.0,1269
0.0,1270
0.0,1271
0.0,1272
0.0,1273
0.0,1274
0.0,1275
0.0,1276
0.0,1277
0.0,1278
0.0,1279
0.0,1280
0.0,1281
0.0,1282
0.0,1283
0.0,1284
0.0,1285
0.0,1286
0.0,1287
0.0,1288
0.0,1289
0.0,1290
0.0,1291
0.0,1292
0.0,1293
0.0,1294
0.0,1295
0.0,1296
0.0,1297
0.0,1298
409.6158750056545,1299
0.0,1300
0.0,1301
0.0,1302
0.0,1303
0.0,1304
0.0,1305
0.0,1306
0.0,1307
0.0,1308
0.0,1309
0.0,1310
0.0,1311
0.0,1312
0.0,1313
0.0,1314
0.0,1315
0.0,1316
0.0,1317
0.0,1318
0.0,1319
0.0,1320
0.0,1321
0.0,1322
0.0,1323
0.0,1324
0.0,1325
0.0,1326
0.0,1327
1399.1199773111257,1328
0.0,1329
0.0,1330
0.0,1331
0.0,1332
0.0,1333
0.0,1334
0.0,1335
0.0,1336
0.0,1337
0.0,1338
0.0,1339
0.0,1340
0.0,1341
0.0,1342
0.0,1343
0.0,1344
0.0,1345
0.0,1346
0.0,1347
0.0,1348
0.0,1349
0.0,1350
0.0,1351
0.0,1352
0.0,1353
0.0,1354
0.0,1355
0.0,1356
0.0,1357
0.0,1358
213.71943647149493,1359
0.0,1360
0.0,1361
0.0,1362
0.0,1363
0.0,1364
0.0,1365
0.0,1366
0.0,1367
0.0,1368
0.0,1369
0.0,1370
0.0,1371
0.0,1372
0.0,1373
548.7093767921798,1374
0.0,1375
0.0,1376
0.0,1377
0.0,1378
0.0,1379
0.0,1380
0.0,1381
0.0,1382
0.0,1383
246.86143947108667,1384
561.638626038698,1385
3526.601457353872,1386
3770.7833452287164,1387
0.0,1388
0.0,1389
1317.2378203683224,1390
0.0,1391
0.0,1392
0.0,1393
0.0,1394
0.0,1395
0.0,1396
0.0,1397
0.0,1398
0.0,1399
0.0,1400
0.0,1401
0.0,1402
0.0,1403
0.0,1404
0.0,1405
0.0,1406
0.0,1407
0.0,1408
0.0,1409
0.0,1410
0.0,1411
0.0,1412
0.0,1413
0.0,1414
0.0,1415
0.0,1416
0.0,1417
2647.962347550947,1418
0.0,1419
0.0,1420
0.0,1421
0.0,1422
0.0,1423
0.0,1424
0.0,1425
0.0,1426
0.0,1427
0.0,1428
0.0,1429
0.0,1430
0.0,1431
0.0,1432
0.0,1433
0.0,1434
0.0,1435
0.0,1436
0.0,1437
0.0,1438
0.0,1439
0.0,1440
0.0,1441
0.0,1442
0.0,1443
0.0,1444
0.0,1445
0.0,1446
0.0,1447
0.0,1448
0.0,1449
0.0,1450
0.0,1451
0.0,1452
0.0,1453
0.0,1454
0.0,1455
0.0,1456
0.0,1457
0.0,1458
0.0,1459
0.0,1460
0.0,1461
0.0,1462
0.0,1463
0.0,1464
0.0,1465
0.0,1466
0.0,1467
0.0,1468
0.0,1469
0.0,1470
0.0,1471
0.0,1472
0.0,1473
0.0,1474
0.0,1475
0.0,1476
0.0,1477
0.0,1478
0.0,1479
0.0,1480
0.0,1481
0.0,1482
0.0,1483
0.0,1484
0.0,1485
0.0,1486
0.0,1487
0.0,1488
0.0,1489
0.0,1490
0.0,1491
0.0,1492
0.0,1493
0.0,1494
0.0,1495
0.0,1496
0.0,1497
0.0,1498
0.0,1499
0.0,1500
0.0,1501
0.0,1502
0.0,1503
0.0,1504
0.0,1505
0.0,1506
0.0,1507
0.0,1508
0.0,1509
0.0,1510
0.0,1511
0.0,1512
0.0,1513
0.0,1514
0.0,1515
0.0,1516
0.0,1517
0.0,1518
0.0,1519
0.0,1520
0.0,1521
0.0,1522
0.0,1523
0.0,1524
0.0,1525
0.0,1526
0.0,1527
0.0,1528
0.0,1529
0.0,1530
0.0,1531
0.0,1532
0.0,1533
0.0,1534
0.0,1535
0.0,1536
0.0,1537
0.0,1538
0.0,1539
0.0,1540
0.0,1541
0.0,1542
0.0,1543
0.0,1544
0.0,1545
0.0,1546
0.0,1547
0.0,1548
0.0,1549
0.0,1550
0.0,1551
0.0,1552
0.0,1553
0.0,1554
0.0,1555
0.0,1556
0.0,1557
0.0,1558
0.0,1559
0.0,1560
0.0,1561
0.0,1562
0.0,1563
0.0,1564
0.0,1565
0.0,1566
0.0,1567
0.0,1568
0.0,1569
0.0,1570
0.0,1571
0.0,1572
0.0,1573
0.0,1574
0.0,1575
0.0,1576
0.0,1577
0.0,1578
0.0,1579
0.0,1580
417.52884960770217,1581
0.0,1582
0.0,1583
0.0,1584
0.0,1585
0.0,1586
0.0,1587
1370.1823549786843,1588
0.0,1589
0.0,1590
0.0,1591
0.0,1592
304.3637870920831,1593
0.0,1594
0.0,1595
0.0,1596
0.0,1597
0.0,1598
0.0,1599
0.0,1600
0.0,1601
0.0,1602
0.0,1603
0.0,1604
0.0,1605
0.0,1606
0.0,1607
0.0,1608
0.0,1609
0.0,1610
0.0,1611
0.0,1612
0.0,1613
0.0,1614
0.0,1615
0.0,1616
0.0,1617
0.0,1618
452.74243635951433,1619
0.0,1620
2157.4788936848327,1621
0.0,1622
0.0,1623
0.0,1624
2630.62212136248,1625
0.0,1626
0.0,1627
543.5710454291286,1628
0.0,1629
0.0,1630
0.0,1631
0.0,1632
0.0,1633
0.0,1634
0.0,1635
1053.9948203669355,1636
235.57982599448027,1637
0.0,1638
0.0,1639
0.0,1640
0.0,1641
0.0,1642
0.0,1643
0.0,1644
0.0,1645
0.0,1646
0.0,1647
0.0,1648
0.0,1649
0.0,1650
0.0,1651
0.0,1652
0.0,1653
0.0,1654
0.0,1655
0.0,1656
0.0,1657
0.0,1658
0.0,1659
1908.1894515949782,1660
0.0,1661
0.0,1662
0.0,1663
0.0,1664
0.0,1665
0.0,1666
0.0,1667
0.0,1668
0.0,1669
0.0,1670
0.0,1671
0.0,1672
0.0,1673
0.0,1674
0.0,1675
0.0,1676
0.0,1677
0.0,1678
426.6891482801962,1679
0.0,1680
0.0,1681
0.0,1682
0.0,1683
0.0,1684
0.0,1685
0.0,1686
0.0,1687
0.0,1688
0.0,1689
0.0,1690
0.0,1691
0.0,1692
153.81124365499392,1693
0.0,1694
0.0,1695
0.0,1696
0.0,1697
0.0,1698
0.0,1699
0.0,1700
0.0,1701
0.0,1702
0.0,1703
0.0,1704
0.0,1705
0.0,1706
0.0,1707
0.0,1708
0.0,1709
0.0,1710
0.0,1711
0.0,1712
0.0,1713
0.0,1714
0.0,1715
0.0,1716
0.0,1717
0.0,1718
0.0,1719
0.0,1720
0.0,1721
0.0,1722
0.0,1723
0.0,1724
0.0,1725
0.0,1726
0.0,1727
0.0,1728
0.0,1729
0.0,1730
0.0,1731
0.0,1732
0.0,1733
0.0,1734
0.0,1735
0.0,1736
0.0,1737
0.0,1738
0.0,1739
0.0,1740
0.0,1741
0.0,1742
0.0,1743
0.0,1744
0.0,1745
0.0,1746
0.0,1747
0.0,1748
0.0,1749
0.0,1750
0.0,1751
0.0,1752
0.0,1753
0.0,1754
0.0,1755
0.0,1756
0.0,1757
0.0,1758
0.0,1759
0.0,1760
0.0,1761
0.0,1762
0.0,1763
0.0,1764
0.0,1765
0.0,1766
0.0,1767
0.0,1768
0.0,1769
0.0,1770
0.0,1771
0.0,1772
0.0,1773
0.0,1774
0.0,1775
0.0,1776
0.0,1777
0.0,1778
0.0,1779
0.0,1780
0.0,1781
0.0,1782
0.0,1783
0.0,1784
0.0,1785
0.0,1786
0.0,1787
0.0,1788
0.0,1789
0.0,1790
0.0,1791
0.0,1792
0.0,1793
0.0,1794
0.0,1795
0.0,1796
0.0,1797
0.0,1798
0.0,1799
0.0,1800
0.0,1801
0.0,1802
0.0,1803
0.0,1804
0.0,1805
0.0,1806
0.0,1807
0.0,1808
0.0,1809
0.0,1810
0.0,1811
0.0,1812
0.0,1813
0.0,1814
0.0,1815
979.5568826417539,1816
0.0,1817
0.0,1818
0.0,1819
0.0,1820
0.0,1821
0.0,1822
0.0,1823
0.0,1824
0.0,1825
0.0,1826
0.0,1827
0.0,1828
0.0,1829
0.0,1830
0.0,1831
0.0,1832
0.0,1833
0.0,1834
0.0,1835
0.0,1836
0.0,1837
0.0,1838
0.0,1839
0.0,1840
0.0,1841
0.0,1842
0.0,1843
0.0,1844
0.0,1845
0.0,1846
0.0,1847
0.0,1848
0.0,1849
0.0,1850
0.0,1851
0.0,1852
0.0,1853
7494.80403625605,1854
0.0,1855
0.0,1856
520.715796862342,1857
0.0,1858
0.0,1859
0.0,1860
0.0,1861
0.0,1862
0.0,1863
0.0,1864
0.0,1865
0.0,1866
0.0,1867
0.0,1868
0.0,1869
0.0,1870
0.0,1871
0.0,1872
0.0,1873
0.0,1874
0.0,1875
0.0,1876
0.0,1877
0.0,1878
0.0,1879
0.0,1880
0.0,1881
0.0,1882
0.0,1883
0.0,1884
0.0,1885
0.0,1886
0.0,1887
0.0,1888
0.0,1889
0.0,1890
0.0,1891
0.0,1892
0.0,1893
0.0,1894
0.0,1895
0.0,1896
0.0,1897
0.0,1898
1881.0329148451785,1899
0.0,1900
0.0,1901
0.0,1902
0.0,1903
327.76619598916216,1904
1296.596439104479,1905
1966.910602263912,1906
0.0,1907
0.0,1908
0.0,1909
2071.746389048335,1910
0.0,1911
0.0,1912
0.0,1913
0.0,1914
0.0,1915
0.0,1916
0.0,1917
0.0,1918
0.0,1919
0.0,1920
0.0,1921
0.0,1922
0.0,1923
0.0,1924
0.0,1925
0.0,1926
0.0,1927
0.0,1928
0.0,1929
1721.2236893275865,1930
0.0,1931
1723.5882877262018,1932
0.0,1933
0.0,1934
0.0,1935
0.0,1936
0.0,1937
1126.746366356087,1938
0.0,1939
147.33521054620869,1940
2637.416581920049,1941
0.0,1942
0.0,1943
0.0,1944
0.0,1945
900.8755504166279,1946
0.0,1947
0.0,1948
0.0,1949
0.0,1950
0.0,1951
0.0,1952
323.4889568526524,1953
2631.5552363586103,1954
1224.7175640175294,1955
0.0,1956
0.0,1957
336.6406425406188,1958
0.0,1959
0.0,1960
17.41142199017745,1961
17.949970318230662,1962
0.0,1963
0.0,1964
0.0,1965
0.0,1966
0.0,1967
0.0,1968
0.0,1969
0.0,1970
0.0,1971
0.0,1972
0.0,1973
0.0,1974
0.0,1975
0.0,1976
0.0,1977
0.0,1978
0.0,1979
0.0,1980
324.380042425799,1981
2327.669583734071,1982
0.0,1983
0.0,1984
455.15036203633633,1985
4938.261961928779,1986
413.27155291140616,1987
0.0,1988
128.56863884169604,1989
416.885786270739,1990
0.0,1991
0.0,1992
0.0,1993
0.0,1994
176.4558664046558,1995
0.0,1996
0.0,1997
0.0,1998
0.0,1999
0.0,2000
530.1120236314188,2001
0.0,2002
0.0,2003
0.0,2004
0.0,2005
0.0,2006
0.0,2007
0.0,2008
0.0,2009
0.0,2010
0.0,2011
0.0,2012
0.0,2013
0.0,2014
181.18831416921236,2015
0.0,2016
670.9830124496073,2017
0.0,2018
0.0,2019
0.0,2020
0.0,2021
0.0,2022
0.0,2023
0.0,2024
1299.8809342657817,2025
0.0,2026
0.0,2027
0.0,2028
0.0,2029
0.0,2030
0.0,2031
0.0,2032
0.0,2033
0.0,2034
0.0,2035
0.0,2036
0.0,2037
0.0,2038
0.0,2039
0.0,2040
0.0,2041
0.0,2042
317.8058173004618,2043
1852.766940684703,2044
0.0,2045
0.0,2046
0.0,2047
0.0,2048
0.0,2049
1013.9805982160045,2050
0.0,2051
0.0,2052
0.0,2053
1947.3660723357877,2054
0.0,2055
0.0,2056
0.0,2057
0.0,2058
1950.0921353733502,2059
0.0,2060
0.0,2061
0.0,2062
0.0,2063
0.0,2064
0.0,2065
0.0,2066
0.0,2067
0.0,2068
0.0,2069
2798.952008088523,2070
0.0,2071
0.0,2072
0.0,2073
0.0,2074
0.0,2075
0.0,2076
0.0,2077
941.0884091616838,2078
2549.1529742698126,2079
0.0,2080
0.0,2081
0.0,2082
2584.689345302761,2083
0.0,2084
1907.5299195109458,2085
0.0,2086
0.0,2087
0.0,2088
0.0,2089
0.0,2090
0.0,2091
0.0,2092
0.0,2093
0.0,2094
0.0,2095
0.0,2096
0.0,2097
0.0,2098
0.0,2099
0.0,2100
0.0,2101
0.0,2102
0.0,2103
0.0,2104
0.0,2105
0.0,2106
0.0,2107
0.0,2108
0.0,2109
0.0,2110
0.0,2111
0.0,2112
0.0,2113
0.0,2114
0.0,2115
0.0,2116
0.0,2117
0.0,2118
0.0,2119
0.0,2120
0.0,2121
0.0,2122
0.0,2123
0.0,2124
0.0,2125
0.0,2126
0.0,2127
0.0,2128
0.0,2129
0.0,2130
0.0,2131
662.4394986355145,2132
0.0,2133
0.0,2134
0.0,2135
0.0,2136
0.0,2137
0.0,2138
0.0,2139
0.0,2140
0.0,2141
0.0,2142
0.0,2143
0.0,2144
0.0,2145
0.0,2146
0.0,2147
0.0,2148
0.0,2149
0.0,2150
0.0,2151
0.0,2152
0.0,2153
0.0,2154
0.0,2155
1116.3032754440453,2156
2844.1736342857967,2157
1744.7860729074953,2158
0.0,2159
0.0,2160
0.0,2161
0.0,2162
0.0,2163
0.0,2164
0.0,2165
0.0,2166
0.0,2167
0.0,2168
0.0,2169
0.0,2170
0.0,2171
0.0,2172
0.0,2173
0.0,2174
0.0,2175
0.0,2176
0.0,2177
0.0,2178
0.0,2179
0.0,2180
0.0,2181
0.0,2182
0.0,2183
0.0,2184
0.0,2185
0.0,2186
0.0,2187
0.0,2188
0.0,2189
0.0,2190
0.0,2191
0.0,2192
0.0,2193
0.0,2194
0.0,2195
0.0,2196
0.0,2197
0.0,2198
0.0,2199
0.0,2200
0.0,2201
0.0,2202
0.0,2203
0.0,2204
0.0,2205
92.7159917672763,2206
0.0,2207
0.0,2208
0.0,2209
8.945016221306808,2210
0.0,2211
0.0,2212
0.0,2213
0.0,2214
38.05765937839288,2215
415.03659511903686,2216
0.0,2217
1291.181708505667,2218
442.1845252074415,2219
1260.1701636366101,2220
791.3988709177625,2221
70.68548508509045,2222
0.0,2223
1945.3843893279266,2224
0.0,2225
1913.1869697023114,2226
0.0,2227
0.0,2228
403.0416959141015,2229
0.0,2230
0.0,2231
0.0,2232
0.0,2233
107.70640432811253,2234
0.0,2235
93.33496419046291,2236
0.0,2237
0.0,2238
0.0,2239
0.0,2240
0.0,2241
0.0,2242
0.0,2243
0.0,2244
0.0,2245
0.0,2246
0.0,2247
0.0,2248
0.0,2249
0.0,2250
0.0,2251
0.0,2252
0.0,2253
0.0,2254
0.0,2255
0.0,2256
0.0,2257
0.0,2258
0.0,2259
0.0,2260
0.0,2261
262.0283279648982,2262
0.0,2263
0.0,2264
0.0,2265
0.0,2266
0.0,2267
0.0,2268
0.0,2269
0.0,2270
0.0,2271
0.0,2272
0.0,2273
0.0,2274
0.0,2275
0.0,2276
0.0,2277
0.0,2278
0.0,2279
0.0,2280
0.0,2281
0.0,2282
0.0,2283
0.0,2284
0.0,2285
0.0,2286
0.0,2287
0.0,2288
0.0,2289
0.0,2290
3677.1388256684895,2291
0.0,2292
0.0,2293
1035.3845443380844,2294
0.0,2295
0.0,2296
0.0,2297
0.0,2298
0.0,2299
0.0,2300
0.0,2301
0.0,2302
0.0,2303
0.0,2304
0.0,2305
0.0,2306
0.0,2307
0.0,2308
0.0,2309
2361.1058418144644,2310
0.0,2311
0.0,2312
0.0,2313
0.0,2314
0.0,2315
0.0,2316
0.0,2317
0.0,2318
0.0,2319
0.0,2320
0.0,2321
0.0,2322
0.0,2323
0.0,2324
0.0,2325
0.0,2326
0.0,2327
0.0,2328
1987.3884976790387,2329
0.0,2330
0.0,2331
0.0,2332
0.0,2333
0.0,2334
0.0,2335
0.0,2336
0.0,2337
0.0,2338
0.0,2339
0.0,2340
0.0,2341
0.0,2342
0.0,2343
0.0,2344
0.0,2345
0.0,2346
0.0,2347
0.0,2348
0.0,2349
0.0,2350
0.0,2351
0.0,2352
0.0,2353
0.0,2354
0.0,2355
231.12795017455525,2356
0.0,2357
0.0,2358
0.0,2359
0.0,2360
0.0,2361
0.0,2362
0.0,2363
0.0,2364
0.0,2365
0.0,2366
0.0,2367
0.0,2368
0.0,2369
0.0,2370
0.0,2371
0.0,2372
0.0,2373
0.0,2374
0.0,2375
0.0,2376
0.0,2377
0.0,2378
0.0,2379
0.0,2380
1372.9375337265137,2381
0.0,2382
0.0,2383
0.0,2384
0.0,2385
0.0,2386
0.0,2387
0.0,2388
0.0,2389
0.0,2390
0.0,2391
0.0,2392
0.0,2393
0.0,2394
0.0,2395
0.0,2396
0.0,2397
0.0,2398
0.0,2399
0.0,2400
0.0,2401
0.0,2402
0.0,2403
0.0,2404
0.0,2405
0.0,2406
0.0,2407
0.0,2408
0.0,2409
0.0,2410
0.0,2411
0.0,2412
0.0,2413
0.0,2414
0.0,2415
0.0,2416
0.0,2417
0.0,2418
0.0,2419
0.0,2420
0.0,2421
0.0,2422
0.0,2423
0.0,2424
0.0,2425
0.0,2426
0.0,2427
0.0,2428
0.0,2429
0.0,2430
0.0,2431
0.0,2432
0.0,2433
0.0,2434
0.0,2435
0.0,2436
0.0,2437
0.0,2438
0.0,2439
765.887885250191,2440
0.0,2441
750.8370825658542,2442
0.0,2443
0.0,2444
1037.1115974510801,2445
0.0,2446
0.0,2447
0.0,2448
0.0,2449
0.0,2450
0.0,2451
0.0,2452
0.0,2453
0.0,2454
0.0,2455
0.0,2456
0.0,2457
0.0,2458
0.0,2459
0.0,2460
0.0,2461
0.0,2462
0.0,2463
0.0,2464
0.0,2465
0.0,2466
0.0,2467
0.0,2468
0.0,2469
0.0,2470
0.0,2471
0.0,2472
0.0,2473
0.0,2474
0.0,2475
0.0,2476
0.0,2477
0.0,2478
0.0,2479
0.0,2480
0.0,2481
0.0,2482
0.0,2483
0.0,2484
0.0,2485
0.0,2486
0.0,2487
0.0,2488
0.0,2489
0.0,2490
0.0,2491
0.0,2492
0.0,2493
0.0,2494
0.0,2495
0.0,2496
0.0,2497
0.0,2498
0.0,2499
0.0,2500
0.0,2501
0.0,2502
0.0,2503
0.0,2504
0.0,2505
12610.53313203887,2506
0.0,2507
0.0,2508
0.0,2509
0.0,2510
0.0,2511
0.0,2512
0.0,2513
0.0,2514
0.0,2515
0.0,2516
0.0,2517
0.0,2518
0.0,2519
0.0,2520
0.0,2521
0.0,2522
0.0,2523
0.0,2524
0.0,2525
0.0,2526
0.0,2527
0.0,2528
0.0,2529
0.0,2530
0.0,2531
0.0,2532
0.0,2533
0.0,2534
0.0,2535
0.0,2536
0.0,2537
0.0,2538
0.0,2539
709.4612835975395,2540
0.0,2541
0.0,2542
0.0,2543
0.0,2544
0.0,2545
0.0,2546
0.0,2547
0.0,2548
520.7335327981243,2549
0.0,2550
0.0,2551
71.72103426160263,2552
0.0,2553
0.0,2554
0.0,2555
0.0,2556
0.0,2557
0.0,2558
0.0,2559
0.0,2560
0.0,2561
0.0,2562
0.0,2563
0.0,2564
0.0,2565
0.0,2566
0.0,2567
0.0,2568
1093.4390869278811,2569
0.0,2570
0.0,2571
0.0,2572
0.0,2573
862.3345055057127,2574
0.0,2575
0.0,2576
0.0,2577
0.0,2578
0.0,2579
0.0,2580
0.0,2581
0.0,2582
0.0,2583
0.0,2584
0.0,2585
1381.6800481002097,2586
62.789511794354645,2587
1878.6977599382724,2588
0.0,2589
0.0,2590
0.0,2591
0.0,2592
0.0,2593
378.0681799324405,2594
0.0,2595
383.3496892781199,2596
0.0,2597
0.0,2598
0.0,2599
1162.5386635594534,2600
0.0,2601
342.0775456028985,2602
901.7017976037624,2603
885.331856934174,2604
483.4092378558135,2605
0.0,2606
463.54784910332904,2607
0.0,2608
0.0,2609
0.0,2610
0.0,2611
0.0,2612
0.0,2613
0.0,2614
0.0,2615
0.0,2616
0.0,2617
0.0,2618
0.0,2619
0.0,2620
0.0,2621
0.0,2622
0.0,2623
0.0,2624
0.0,2625
759.0839308940147,2626
0.0,2627
0.0,2628
0.0,2629
0.0,2630
0.0,2631
0.0,2632
0.0,2633
0.0,2634
0.0,2635
0.0,2636
0.0,2637
0.0,2638
0.0,2639
0.0,2640
0.0,2641
0.0,2642
0.0,2643
0.0,2644
0.0,2645
0.0,2646
0.0,2647
0.0,2648
0.0,2649
0.0,2650
0.0,2651
0.0,2652
0.0,2653
0.0,2654
0.0,2655
0.0,2656
0.0,2657
0.0,2658
0.0,2659
0.0,2660
0.0,2661
0.0,2662
0.0,2663
0.0,2664
0.0,2665
0.0,2666
0.0,2667
0.0,2668
0.0,2669
0.0,2670
0.0,2671
0.0,2672
0.0,2673
0.0,2674
0.0,2675
0.0,2676
0.0,2677
0.0,2678
0.0,2679
0.0,2680
0.0,2681
0.0,2682
0.0,2683
0.0,2684
0.0,2685
0.0,2686
0.0,2687
8794.726636847972,2688
0.0,2689
0.0,2690
0.0,2691
0.0,2692
0.0,2693
0.0,2694
0.0,2695
0.0,2696
4435.9305347416475,2697
0.0,2698
0.0,2699
0.0,2700
0.0,2701
0.0,2702
0.0,2703
0.0,2704
0.0,2705
0.0,2706
0.0,2707
0.0,2708
0.0,2709
0.0,2710
0.0,2711
0.0,2712
0.0,2713
0.0,2714
0.0,2715
0.0,2716
0.0,2717
0.0,2718
0.0,2719
0.0,2720
0.0,2721
0.0,2722
0.0,2723
0.0,2724
0.0,2725
0.0,2726
0.0,2727
0.0,2728
0.0,2729
0.0,2730
0.0,2731
0.0,2732
0.0,2733
0.0,2734
0.0,2735
0.0,2736
0.0,2737
0.0,2738
0.0,2739
0.0,2740
0.0,2741
0.0,2742
0.0,2743
0.0,2744
0.0,2745
0.0,2746
0.0,2747
0.0,2748
0.0,2749
0.0,2750
0.0,2751
0.0,2752
0.0,2753
0.0,2754
0.0,2755
0.0,2756
0.0,2757
0.0,2758
0.0,2759
0.0,2760
0.0,2761
0.0,2762
0.0,2763
0.0,2764
0.0,2765
0.0,2766
0.0,2767
0.0,2768
0.0,2769
0.0,2770
0.0,2771
0.0,2772
0.0,2773
0.0,2774
0.0,2775
0.0,2776
0.0,2777
0.0,2778
0.0,2779
0.0,2780
0.0,2781
0.0,2782
0.0,2783
0.0,2784
0.0,2785
837.0013685501339,2786
0.0,2787
0.0,2788
0.0,2789
0.0,2790
0.0,2791
0.0,2792
0.0,2793
0.0,2794
0.0,2795
0.0,2796
0.0,2797
0.0,2798
0.0,2799
0.0,2800
0.0,2801
0.0,2802
0.0,2803
0.0,2804
0.0,2805
0.0,2806
0.0,2807
0.0,2808
0.0,2809
260.43197380468735,2810
0.0,2811
0.0,2812
0.0,2813
0.0,2814
0.0,2815
0.0,2816
0.0,2817
0.0,2818
0.0,2819
0.0,2820
0.0,2821
0.0,2822
0.0,2823
0.0,2824
279.986084706263,2825
0.0,2826
0.0,2827
0.0,2828
0.0,2829
0.0,2830
0.0,2831
0.0,2832
403.24990148220184,2833
0.0,2834
0.0,2835
0.0,2836
0.0,2837
58.89633980578064,2838
0.0,2839
234.00235930501708,2840
0.0,2841
1500.625249527807,2842
1487.7918418018085,2843
0.0,2844
1543.5378684151058,2845
1457.0642652569818,2846
241.1566089778631,2847
0.0,2848
438.56030909442484,2849
422.2414930754079,2850
0.0,2851
0.0,2852
407.62423623801527,2853
382.90555832448115,2854
0.0,2855
802.7063898368364,2856
0.0,2857
0.0,2858
0.0,2859
0.0,2860
0.0,2861
0.0,2862
28.341933523525555,2863
0.0,2864
0.0,2865
0.0,2866
0.0,2867
0.0,2868
0.0,2869
0.0,2870
0.0,2871
0.0,2872
0.0,2873
961.6601572264464,2874
0.0,2875
1291.898712496907,2876
0.0,2877
0.0,2878
0.0,2879
0.0,2880
0.0,2881
0.0,2882
459.3738491692602,2883
100.58892760819204,2884
0.0,2885
0.0,2886
0.0,2887
0.0,2888
0.0,2889
0.0,2890
0.0,2891
0.0,2892
0.0,2893
0.0,2894
0.0,2895
0.0,2896
0.0,2897
0.0,2898
0.0,2899
0.0,2900
0.0,2901
0.0,2902
0.0,2903
0.0,2904
0.0,2905
0.0,2906
0.0,2907
0.0,2908
0.0,2909
233.5353304683751,2910
0.21244122545595692,2911
0.0,2912
0.0,2913
3605.989829369421,2914
0.0,2915
0.0,2916
0.0,2917
0.0,2918
1768.5338429023293,2919
0.0,2920
0.0,2921
1974.3342646549775,2922
562.4336448189185,2923
0.0,2924
415.94788197376766,2925
255.6480911504473,2926
0.0,2927
0.0,2928
118.91649236005514,2929
0.0,2930
0.0,2931
310.58578070717095,2932
0.0,2933
0.0,2934
0.0,2935
0.0,2936
0.0,2937
0.0,2938
0.0,2939
0.0,2940
0.0,2941
0.0,2942
0.0,2943
0.0,2944
0.0,2945
0.0,2946
0.0,2947
0.0,2948
0.0,2949
0.0,2950
0.0,2951
0.0,2952
0.0,2953
0.0,2954
0.0,2955
0.0,2956
0.0,2957
0.0,2958
0.0,2959
0.0,2960
0.0,2961
1003.939074400673,2962
0.0,2963
0.0,2964
0.0,2965
0.0,2966
0.0,2967
0.0,2968
0.0,2969
0.0,2970
0.0,2971
0.0,2972
0.0,2973
0.0,2974
0.0,2975
0.0,2976
0.0,2977
959.0579540096659,2978
0.0,2979
0.0,2980
547.7498882845389,2981
430.6409948169014,2982
426.64943714613787,2983
0.0,2984
0.0,2985
0.0,2986
0.0,2987
0.0,2988
0.0,2989
0.0,2990
0.0,2991
43.327030024179685,2992
1145.7690828935984,2993
0.0,2994
0.0,2995
0.0,2996
1151.289112530741,2997
0.0,2998
0.0,2999
256.0156331082595,3000
0.0,3001
0.0,3002
0.0,3003
0.0,3004
0.0,3005
631.81208162008,3006
590.3465260423146,3007
0.0,3008
0.0,3009
0.0,3010
589.2658634585504,3011
643.4719539835105,3012
0.0,3013
0.0,3014
0.0,3015
0.0,3016
0.0,3017
234.55132192821767,3018
0.0,3019
0.0,3020
0.0,3021
2936.861157789149,3022
0.0,3023
0.0,3024
0.0,3025
0.0,3026
0.0,3027
0.0,3028
0.0,3029
1727.9350904230748,3030
0.0,3031
0.0,3032
0.0,3033
2955.73393495775,3034
741.1697699334745,3035
0.0,3036
0.0,3037
0.0,3038
0.0,3039
0.0,3040
0.0,3041
0.0,3042
0.0,3043
3072.7827629155263,3044
0.0,3045
0.0,3046
0.0,3047
0.0,3048
0.0,3049
0.0,3050
727.4142530317647,3051
1633.9446048269479,3052
0.0,3053
663.8520521142232,3054
0.0,3055
1443.0152149368487,3056
1432.5067740650293,3057
1417.9039139213417,3058
1629.166366480121,3059
1402.0146836888641,3060
0.0,3061
2172.8808565669037,3062
0.0,3063
1822.827001628759,3064
1826.8843501587337,3065
591.4677347371819,3066
198.62626002414322,3067
2471.7065505705937,3068
0.0,3069
0.0,3070
256.0555848096635,3071
117.5399567119689,3072
0.0,3073
0.0,3074
0.0,3075
0.0,3076
0.0,3077
0.0,3078
0.0,3079
0.0,3080
0.0,3081
0.0,3082
0.0,3083
0.0,3084
0.0,3085
0.0,3086
0.0,3087
0.0,3088
0.0,3089
0.0,3090
5842.93275203947,3091
0.0,3092
112.42750705236028,3093
990.638399769094,3094
0.0,3095
0.0,3096
0.0,3097
0.0,3098
26.727392227794343,3099
0.0,3100
0.0,3101
103.8708304452727,3102
136.89714228665702,3103
0.0,3104
92.7115789623527,3105
0.0,3106
166.53575071787938,3107
0.0,3108
0.0,3109
0.0,3110
0.0,3111
0.0,3112
0.0,3113
0.0,3114
0.0,3115
0.0,3116
0.0,3117
0.0,3118
0.0,3119
0.0,3120
744.2577846167583,3121
0.0,3122
0.0,3123
0.0,3124
0.0,3125
0.0,3126
0.0,3127
0.0,3128
0.0,3129
0.0,3130
0.0,3131
0.0,3132
31.820827054860818,3133
0.0,3134
0.0,3135
0.0,3136
0.0,3137
0.0,3138
0.0,3139
0.0,3140
0.0,3141
0.0,3142
41.95413754351211,3143
68.71760455445083,3144
0.0,3145
0.0,3146
0.0,3147
0.0,3148
95.78858331560545,3149
0.0,3150
0.0,3151
0.0,3152
0.0,3153
0.0,3154
0.0,3155
0.0,3156
0.0,3157
0.0,3158
0.0,3159
0.0,3160
344.80979483754624,3161
2096.2252925939288,3162
726.3655417075106,3163
1244.794598250992,3164
760.4185812185215,3165
1275.6077877281887,3166
0.0,3167
439.13150501436905,3168
0.0,3169
455.44300481205124,3170
453.7686936137498,3171
453.66142239573946,3172
0.0,3173
374.8553353601074,3174
455.9837932796265,3175
378.7948141529954,3176
247.18496793340492,3177
0.0,3178
0.0,3179
0.0,3180
471.3353445736032,3181
0.0,3182
0.0,3183
0.0,3184
2895.445456516938,3185
0.0,3186
0.0,3187
1553.5951118576681,3188
2741.51570687461,3189
0.0,3190
0.0,3191
556.6342703959695,3192
525.9127875113319,3193
0.0,3194
4267.647317795051,3195
0.0,3196
537.7261678987834,3197
1449.3300888965352,3198
0.0,3199
0.0,3200
119.59497480099797,3201
1602.6987488263544,3202
105.35803639902045,3203
1454.8889352918516,3204
0.0,3205
1500.775324172287,3206
109.0426560857893,3207
0.0,3208
2749.918641104446,3209
1275.1220255266437,3210
5.692616841687757,3211
0.0,3212
0.0,3213
0.0,3214
589.2143581132519,3215
357.176669561346,3216
3656.2652133690517,3217
0.0,3218
687.1477528714082,3219
2115.1338922066893,3220
0.0,3221
1934.4464106734401,3222
731.9856687761352,3223
124.32834455519348,3224
4604.054732920574,3225
0.0,3226
1875.3122684472576,3227
4689.8168295099795,3228
1192.2604294550388,3229
4601.771274319808,3230
0.0,3231
0.0,3232
279.5294760978403,3233
0.0,3234
0.0,3235
0.0,3236
256.8027865591055,3237
0.0,3238
0.0,3239
0.0,3240
0.0,3241
654.5412305778989,3242
1476.909457010018,3243
0.0,3244
0.0,3245
0.0,3246
0.0,3247
0.0,3248
0.0,3249
0.0,3250
0.0,3251
0.0,3252
2117.8020698311934,3253
0.0,3254
0.0,3255
0.0,3256
0.0,3257
0.0,3258
2734.5595098536915,3259
0.0,3260
2748.5319505663374,3261
0.0,3262
0.0,3263
0.0,3264
0.0,3265
0.0,3266
0.0,3267
0.0,3268
0.0,3269
0.0,3270
0.0,3271
0.0,3272
2250.1776034918057,3273
0.0,3274
0.0,3275
0.0,3276
0.0,3277
522.0848773113077,3278
1280.350880780374,3279
0.0,3280
2335.5894085579644,3281
0.0,3282
0.0,3283
0.0,3284
913.9503097688947,3285
0.0,3286
0.0,3287
0.0,3288
0.0,3289
0.0,3290
0.0,3291
1141.3602743017154,3292
1729.0736404950228,3293
1620.8048822791743,3294
112.33422880107277,3295
770.4695075979378,3296
0.0,3297
0.0,3298
0.0,3299
2541.8216820991343,3300
162.87983827871608,3301
2058.864592929377,3302
1436.0887121066178,3303
3789.2176986530244,3304
0.0,3305
171.08749835559826,3306
0.0,3307
0.0,3308
0.0,3309
0.0,3310
1009.4919479739378,3311
1031.8812008874388,3312
1991.7809247464224,3313
2653.0203657831107,3314
0.0,3315
2171.657563458875,3316
2362.8861567838276,3317
3653.875346024135,3318
0.0,3319
0.0,3320
0.0,3321
0.0,3322
0.0,3323
0.0,3324
0.0,3325
0.0,3326
0.0,3327
0.0,3328
0.0,3329
0.0,3330
0.0,3331
0.0,3332
0.0,3333
0.0,3334
0.0,3335
0.0,3336
1768.2984091084888,3337
0.0,3338
1792.1648729964172,3339
1856.271358109296,3340
0.0,3341
0.0,3342
0.0,3343
0.0,3344
0.0,3345
0.0,3346
0.0,3347
55.679676341045145,3348
0.0,3349
0.0,3350
0.0,3351
677.8893739058267,3352
651.0323309397738,3353
0.0,3354
0.0,3355
1286.739112869845,3356
2864.85784793566,3357
418.5002743418272,3358
430.5122326599277,3359
0.0,3360
0.0,3361
604.0914879184055,3362
576.238083602398,3363
0.0,3364
0.0,3365
0.0,3366
0.0,3367
0.0,3368
0.0,3369
0.0,3370
1987.669034038135,3371
0.0,3372
0.0,3373
0.0,3374
0.0,3375
0.0,3376
0.0,3377
0.0,3378
0.0,3379
0.0,3380
0.0,3381
0.0,3382
0.0,3383
0.0,3384
0.0,3385
0.0,3386
0.0,3387
0.0,3388
0.0,3389
0.0,3390
0.0,3391
0.0,3392
0.0,3393
0.0,3394
0.0,3395
0.0,3396
0.0,3397
0.0,3398
0.0,3399
0.0,3400
0.0,3401
0.0,3402
0.0,3403
0.0,3404
0.0,3405
0.0,3406
0.0,3407
0.0,3408
0.0,3409
0.0,3410
0.0,3411
0.0,3412
0.0,3413
0.0,3414
0.0,3415
0.0,3416
0.0,3417
0.0,3418
0.0,3419
0.0,3420
1309.8917627489807,3421
0.0,3422
0.0,3423
0.0,3424
2582.385254336769,3425
0.0,3426
1875.794223202519,3427
0.0,3428
1833.826359545853,3429
0.0,3430
5446.49291778841,3431
0.0,3432
2743.4687972762313,3433
0.0,3434
0.0,3435
0.0,3436
0.0,3437
0.0,3438
0.0,3439
0.0,3440
0.0,3441
0.0,3442
0.0,3443
0.0,3444
0.0,3445
0.0,3446
0.0,3447
0.0,3448
0.0,3449
0.0,3450
0.0,3451
0.0,3452
0.0,3453
0.0,3454
0.0,3455
0.0,3456
0.0,3457
0.0,3458
0.0,3459
0.0,3460
2097.4339438144016,3461
0.0,3462
0.0,3463
0.0,3464
1854.371680300248,3465
0.0,3466
0.0,3467
0.0,3468
4299.169095305063,3469
0.0,3470
0.0,3471
0.0,3472
0.0,3473
0.0,3474
0.0,3475
0.0,3476
0.0,3477
0.0,3478
0.0,3479
233.83240598597504,3480
3031.375390834888,3481
0.0,3482
1810.7303597398325,3483
442.9248486527459,3484
0.0,3485
522.3472633879079,3486
0.0,3487
0.0,3488
0.0,3489
0.0,3490
0.0,3491
453.33163118086594,3492
0.0,3493
0.0,3494
0.0,3495
0.0,3496
0.0,3497
0.0,3498
0.0,3499
0.0,3500
0.0,3501
1608.9919157860222,3502
1427.4592222885037,3503
1620.15383969531,3504
0.0,3505
0.0,3506
0.0,3507
0.0,3508
0.0,3509
0.0,3510
0.0,3511
0.0,3512
0.0,3513
0.0,3514
0.0,3515
0.0,3516
0.0,3517
0.0,3518
0.0,3519
0.0,3520
0.0,3521
0.0,3522
0.0,3523
0.0,3524
0.0,3525
0.0,3526
0.0,3527
0.0,3528
0.0,3529
0.0,3530
0.0,3531
0.0,3532
0.0,3533
0.0,3534
0.0,3535
0.0,3536
0.0,3537
0.0,3538
0.0,3539
0.0,3540
0.0,3541
0.0,3542
0.0,3543
0.0,3544
0.0,3545
0.0,3546
0.0,3547
0.0,3548
1399.0319602098605,3549
0.0,3550
0.0,3551
0.0,3552
0.0,3553
0.0,3554
0.0,3555
0.0,3556
0.0,3557
0.0,3558
0.0,3559
0.0,3560
0.0,3561
0.0,3562
0.0,3563
325.3990708924524,3564
0.0,3565
0.0,3566
0.0,3567
0.0,3568
0.0,3569
0.0,3570
0.0,3571
0.0,3572
0.0,3573
0.0,3574
0.0,3575
0.0,3576
0.0,3577
0.0,3578
0.0,3579
0.0,3580
0.0,3581
0.0,3582
0.0,3583
0.0,3584
0.0,3585
0.0,3586
0.0,3587
0.0,3588
1379.383054585866,3589
0.0,3590
1340.5318515146373,3591
1433.160557332713,3592
0.0,3593
2174.781017787449,3594
0.0,3595
0.0,3596
0.0,3597
0.0,3598
1547.332706287359,3599
0.0,3600
1508.185602967294,3601
632.9338471918651,3602
0.0,3603
0.0,3604
2489.639618639902,3605
716.5654335083714,3606
0.0,3607
3238.1166967095246,3608
0.0,3609
3631.681234840419,3610
0.0,3611
0.0,3612
0.0,3613
0.0,3614
0.0,3615
1474.3520515706905,3616
11.063964013322988,3617
0.0,3618
3009.348066147252,3619
4384.463807502434,3620
1514.507938941647,3621
464.71355482631225,3622
0.0,3623
5612.379970489112,3624
1556.0984776565988,3625
2860.045826750838,3626
3184.6484824922313,3627
1095.228407847566,3628
407.0086902252392,3629
1276.6392243229438,3630
0.0,3631
2890.4133053021847,3632
0.0,3633
2147.883102880057,3634
2435.8891813443897,3635
6949.819348126151,3636
26.42170917483199,3637
0.0,3638
3278.387169125457,3639
3255.481082905054,3640
1680.5761683165604,3641
3237.999016006554,3642
0.0,3643
0.0,3644
0.0,3645
3063.5419006683283,3646
1339.2407246499538,3647
0.0,3648
0.0,3649
3156.8060356678607,3650
2952.544220224591,3651
0.0,3652
2930.5508200959193,3653
0.0,3654
2987.8953609922487,3655
2424.175168290719,3656
0.0,3657
2406.0756589577672,3658
0.0,3659
0.0,3660
0.0,3661
629.0908623242416,3662
10.627295522851197,3663
2809.987241237978,3664
3682.9486376620184,3665
2086.3490419780505,3666
2074.4332736799315,3667
1233.634054166069,3668
1220.1391891248034,3669
0.0,3670
0.0,3671
0.0,3672
0.0,3673
0.0,3674
0.0,3675
1121.1707256782236,3676
0.0,3677
0.0,3678
0.0,3679
0.0,3680
147.62445489038737,3681
0.0,3682
1142.1768199938535,3683
0.0,3684
1171.457956845993,3685
1200.129017504361,3686
0.0,3687
0.0,3688
0.0,3689
0.0,3690
0.0,3691
0.0,3692
0.0,3693
1830.8177372752718,3694
0.0,3695
0.0,3696
0.0,3697
0.0,3698
0.0,3699
0.0,3700
0.0,3701
0.0,3702
0.0,3703
0.0,3704
0.0,3705
0.0,3706
0.0,3707
0.0,3708
0.0,3709
0.0,3710
0.0,3711
587.2149703389065,3712
172.77733622696275,3713
214.99784438639207,3714
363.8815749424713,3715
0.0,3716
0.0,3717
0.0,3718
0.0,3719
0.0,3720
0.0,3721
0.0,3722
0.0,3723
0.0,3724
0.0,3725
0.0,3726
0.0,3727
0.0,3728
0.0,3729
0.0,3730
0.0,3731
212.93656139461817,3732
0.0,3733
0.0,3734
0.0,3735
0.0,3736
0.0,3737
0.0,3738
346.266816903209,3739
918.7756962919028,3740
379.21993951880626,3741
0.0,3742
0.0,3743
2517.606753156165,3744
0.0,3745
0.0,3746
0.0,3747
58.94533287988073,3748
0.0,3749
0.0,3750
43.28390591674427,3751
127.78209163545345,3752
399.31110086399593,3753
0.0,3754
0.0,3755
619.6461306568708,3756
577.6771219169423,3757
532.0891241475298,3758
482.50616977761285,3759
0.0,3760
429.6102049611018,3761
0.0,3762
374.82089829034857,3763
0.0,3764
0.0,3765
0.0,3766
166.2008340849305,3767
0.0,3768
0.0,3769
0.0,3770
0.0,3771
0.0,3772
0.0,3773
0.0,3774
0.0,3775
0.0,3776
0.0,3777
0.0,3778
678.5444679374356,3779
0.0,3780
0.0,3781
0.0,3782
0.0,3783
0.0,3784
0.0,3785
0.0,3786
0.0,3787
0.0,3788
0.0,3789
102.36099272528455,3790
310.3169628739852,3791
429.9403377801214,3792
712.6633485860344,3793
0.0,3794
0.0,3795
0.0,3796
0.0,3797
0.0,3798
0.0,3799
0.0,3800
0.0,3801
0.0,3802
2280.647327826198,3803
0.0,3804
0.0,3805
2470.4723215762515,3806
0.0,3807
0.0,3808
1010.3671516412489,3809
151.23371833922175,3810
0.0,3811
0.0,3812
0.0,3813
0.0,3814
151.92087808162773,3815
0.0,3816
0.0,3817
0.0,3818
554.8513659808156,3819
0.0,3820
0.0,3821
0.0,3822
714.1579538649918,3823
0.0,3824
656.2921040704056,3825
630.5178186437957,3826
0.0,3827
153.4908620939211,3828
0.0,3829
1990.309081797414,3830
499.9027384731402,3831
0.0,3832
0.0,3833
0.0,3834
0.0,3835
2654.5774927604693,3836
0.0,3837
2642.8976351823603,3838
0.0,3839
0.0,3840
1890.9163651019578,3841
0.0,3842
2717.693267232508,3843
0.0,3844
0.0,3845
1870.867912563404,3846
0.0,3847
1846.1076291790907,3848
551.6104038067913,3849
0.0,3850
0.0,3851
0.0,3852
0.0,3853
0.0,3854
2499.828308167421,3855
0.0,3856
510.58964301966324,3857
744.6581981917249,3858
0.0,3859
0.0,3860
442.1501499962002,3861
0.0,3862
0.0,3863
0.0,3864
0.0,3865
0.0,3866
410.72397657212053,3867
0.0,3868
0.0,3869
0.0,3870
0.0,3871
0.0,3872
0.0,3873
0.0,3874
2416.288279240593,3875
0.0,3876
0.0,3877
115.89817670701207,3878
0.0,3879
0.0,3880
0.0,3881
0.0,3882
0.0,3883
0.0,3884
0.0,3885
62.98516622774924,3886
0.0,3887
0.0,3888
121.50720962846289,3889
0.0,3890
0.0,3891
0.0,3892
0.0,3893
76.19193843452028,3894
0.0,3895
0.0,3896
0.0,3897
0.0,3898
0.0,3899
0.0,3900
0.0,3901
0.0,3902
0.0,3903
0.0,3904
0.0,3905
0.0,3906
0.0,3907
0.0,3908
0.0,3909
0.0,3910
0.0,3911
0.0,3912
0.0,3913
0.0,3914
0.0,3915
0.0,3916
0.0,3917
0.0,3918
0.0,3919
0.0,3920
0.0,3921
0.0,3922
0.0,3923
0.0,3924
0.0,3925
0.0,3926
0.0,3927
0.0,3928
0.0,3929
0.0,3930
0.0,3931
0.0,3932
25.522981980843582,3933
0.0,3934
0.0,3935
778.5229852690024,3936
0.0,3937
0.0,3938
0.0,3939
0.0,3940
0.0,3941
0.0,3942
0.0,3943
0.0,3944
0.0,3945
0.0,3946
0.0,3947
838.8802526979745,3948
0.0,3949
0.0,3950
0.0,3951
0.0,3952
0.0,3953
0.0,3954
0.0,3955
76.06894536339193,3956
878.0557461873206,3957
0.0,3958
0.0,3959
0.0,3960
0.0,3961
0.0,3962
0.0,3963
0.0,3964
0.0,3965
0.0,3966
0.0,3967
0.0,3968
0.0,3969
0.0,3970
0.0,3971
0.0,3972
0.0,3973
0.0,3974
0.0,3975
9.082750934229976,3976
0.0,3977
0.0,3978
0.0,3979
0.0,3980
0.0,3981
0.0,3982
0.0,3983
0.0,3984
0.0,3985
0.0,3986
0.0,3987
0.0,3988
0.0,3989
0.0,3990
0.0,3991
0.0,3992
0.0,3993
378.49845760492906,3994
0.0,3995
319.30090829696815,3996
0.0,3997
0.0,3998
0.0,3999
0.0,4000
0.0,4001
0.0,4002
0.0,4003
0.0,4004
0.0,4005
0.0,4006
0.0,4007
0.0,4008
0.0,4009
0.0,4010
0.0,4011
0.0,4012
0.0,4013
0.0,4014
0.0,4015
0.0,4016
0.0,4017
0.0,4018
0.0,4019
0.0,4020
0.0,4021
28.26123009526302,4022
0.0,4023
0.0,4024
0.0,4025
0.0,4026
0.0,4027
0.0,4028
0.0,4029
0.0,4030
0.0,4031
0.0,4032
0.0,4033
0.0,4034
0.0,4035
0.0,4036
0.0,4037
0.0,4038
0.0,4039
0.0,4040
0.0,4041
0.0,4042
0.0,4043
0.0,4044
398.9656787742351,4045
367.93540475236483,4046
180.63054597971401,4047
124.16095680675284,4048
1304.8519290692661,4049
0.0,4050
0.0,4051
0.0,4052
0.0,4053
0.0,4054
0.0,4055
0.0,4056
0.0,4057
0.0,4058
0.0,4059
0.0,4060
0.0,4061
0.0,4062
0.0,4063
0.0,4064
0.0,4065
0.0,4066
0.0,4067
0.0,4068
0.0,4069
0.0,4070
0.0,4071
0.0,4072
0.0,4073
0.0,4074
0.0,4075
0.0,4076
0.0,4077
0.0,4078
1449.2515914081368,4079
0.0,4080
0.0,4081
0.0,4082
0.0,4083
0.0,4084
0.0,4085
0.0,4086
0.0,4087
0.0,4088
1098.6376490498662,4089
0.0,4090
0.0,4091
0.0,4092
0.0,4093
122.58841308119062,4094
128.00234255211743,4095
0.0,4096
0.0,4097
0.0,4098
0.0,4099
0.0,4100
0.0,4101
0.0,4102
0.0,4103
0.0,4104
0.0,4105
0.0,4106
0.0,4107
0.0,4108
0.0,4109
0.0,4110
0.0,4111
0.0,4112
0.0,4113
0.0,4114
0.0,4115
0.0,4116
0.0,4117
0.0,4118
0.0,4119
0.0,4120
0.0,4121
0.0,4122
0.0,4123
0.0,4124
0.0,4125
0.0,4126
0.0,4127
0.0,4128
0.0,4129
0.0,4130
0.0,4131
0.0,4132
0.0,4133
0.0,4134
0.0,4135
0.0,4136
0.0,4137
0.0,4138
0.0,4139
0.0,4140
0.0,4141
0.0,4142
0.0,4143
0.0,4144
0.0,4145
0.0,4146
0.0,4147
0.0,4148
0.0,4149
0.0,4150
1481.6725526106272,4151
0.0,4152
0.0,4153
0.0,4154
0.0,4155
0.0,4156
0.0,4157
2239.986380647411,4158
0.0,4159
0.0,4160
0.0,4161
0.0,4162
0.0,4163
0.0,4164
0.0,4165
0.0,4166
0.0,4167
0.0,4168
0.0,4169
0.0,4170
0.0,4171
0.0,4172
0.0,4173
0.0,4174
0.0,4175
0.0,4176
0.0,4177
0.0,4178
0.0,4179
0.0,4180
109.32788076554787,4181
0.0,4182
0.0,4183
0.0,4184
0.0,4185
0.0,4186
0.0,4187
0.0,4188
0.0,4189
0.0,4190
0.0,4191
0.0,4192
0.0,4193
0.0,4194
125.39718745100055,4195
0.0,4196
0.0,4197
0.0,4198
0.0,4199
0.0,4200
0.0,4201
0.0,4202
1476.4646951678965,4203
1096.814526778427,4204
0.0,4205
0.0,4206
0.0,4207
0.0,4208
1113.2367387859451,4209
0.0,4210
0.0,4211
1103.6105563683032,4212
0.0,4213
0.0,4214
0.0,4215
0.0,4216
0.0,4217
1106.5877282716958,4218
0.0,4219
511.82891475690917,4220
878.4796189508446,4221
0.0,4222
394.8593747913968,4223
0.0,4224
0.0,4225
0.0,4226
0.0,4227
0.0,4228
474.5905806554655,4229
0.0,4230
0.0,4231
0.0,4232
0.0,4233
0.0,4234
0.0,4235
0.0,4236
0.0,4237
1112.5973332764897,4238
0.0,4239
0.0,4240
0.0,4241
0.0,4242
1301.5980372695017,4243
0.0,4244
0.0,4245
1281.59450814264,4246
0.0,4247
0.0,4248
710.2445193540564,4249
0.0,4250
0.0,4251
0.0,4252
0.0,4253
541.2205650668419,4254
0.0,4255
0.0,4256
3231.2638911294157,4257
0.0,4258
0.0,4259
511.3155980263065,4260
0.0,4261
0.0,4262
663.4909403836182,4263
1237.2935494847839,4264
0.0,4265
0.0,4266
1228.286448799946,4267
0.0,4268
0.0,4269
0.0,4270
0.0,4271
0.0,4272
0.0,4273
0.0,4274
0.0,4275
0.0,4276
0.0,4277
0.0,4278
0.0,4279
0.0,4280
1128.920988844464,4281
0.0,4282
0.0,4283
0.0,4284
537.3772365943875,4285
703.4565021781723,4286
0.0,4287
0.0,4288
0.0,4289
0.0,4290
0.0,4291
294.1653170376944,4292
0.0,4293
0.0,4294
0.0,4295
765.8115337072104,4296
0.0,4297
0.0,4298
0.0,4299
274.43403793470617,4300
0.0,4301
0.0,4302
944.9705950300391,4303
0.0,4304
256.7813126821221,4305
0.0,4306
363.39000555072545,4307
0.0,4308
347.16587922283105,4309
0.0,4310
0.0,4311
332.154136958352,4312
0.0,4313
23.70021260063193,4314
0.0,4315
199.04807430142853,4316
939.9165589301463,4317
302.2666327582616,4318
0.0,4319
0.0,4320
683.1065642636158,4321
397.8186751327013,4322
174.5669910986332,4323
0.0,4324
0.0,4325
0.0,4326
0.0,4327
0.0,4328
941.8432809160422,4329
0.0,4330
0.0,4331
437.86620284433735,4332
0.0,4333
0.0,4334
0.0,4335
0.0,4336
162.13854910220036,4337
0.0,4338
0.0,4339
948.4306036418307,4340
0.0,4341
0.0,4342
0.0,4343
0.0,4344
0.0,4345
0.0,4346
0.0,4347
0.0,4348
0.0,4349
161.73522940336505,4350
0.0,4351
163.22772984948665,4352
0.0,4353
0.0,4354
0.0,4355
0.0,4356
0.0,4357
0.0,4358
0.0,4359
0.0,4360
0.0,4361
0.0,4362
1346.3566422903882,4363
0.0,4364
0.0,4365
0.0,4366
0.0,4367
0.0,4368
0.0,4369
0.0,4370
0.0,4371
0.0,4372
0.0,4373
0.0,4374
0.0,4375
0.0,4376
0.0,4377
0.0,4378
0.0,4379
0.0,4380
0.0,4381
0.0,4382
282.60775919161676,4383
0.0,4384
0.0,4385
0.0,4386
0.0,4387
0.0,4388
0.0,4389
0.0,4390
0.0,4391
0.0,4392
0.0,4393
0.0,4394
0.0,4395
0.0,4396
0.0,4397
1370.9980167661274,4398
0.0,4399
0.0,4400
0.0,4401
0.0,4402
0.0,4403
0.0,4404
0.0,4405
0.0,4406
0.0,4407
0.0,4408
0.0,4409
0.0,4410
0.0,4411
211.52636193684663,4412
0.0,4413
0.0,4414
0.0,4415
0.0,4416
0.0,4417
0.0,4418
0.0,4419
0.0,4420
0.0,4421
0.0,4422
0.0,4423
0.0,4424
0.0,4425
0.0,4426
0.0,4427
0.0,4428
453.8228098942552,4429
0.0,4430
0.0,4431
0.0,4432
0.0,4433
752.5408796755621,4434
0.0,4435
0.0,4436
0.0,4437
0.0,4438
0.0,4439
0.0,4440
0.0,4441
677.1708780269857,4442
0.0,4443
0.0,4444
0.0,4445
0.0,4446
0.0,4447
0.0,4448
0.0,4449
0.0,4450
0.0,4451
0.0,4452
0.0,4453
0.0,4454
0.0,4455
0.0,4456
0.0,4457
0.0,4458
0.0,4459
0.0,4460
0.0,4461
0.0,4462
0.0,4463
0.0,4464
0.0,4465
1173.042142255826,4466
0.0,4467
0.0,4468
0.0,4469
0.0,4470
0.0,4471
4276.15093597518,4472
0.0,4473
0.0,4474
0.0,4475
0.0,4476
0.0,4477
0.0,4478
0.0,4479
0.0,4480
0.0,4481
0.0,4482
0.0,4483
0.0,4484
0.0,4485
0.0,4486
0.0,4487
0.0,4488
0.0,4489
1194.981994132215,4490
0.0,4491
0.0,4492
0.0,4493
0.0,4494
0.0,4495
0.0,4496
0.0,4497
0.0,4498
0.0,4499
0.0,4500
0.0,4501
0.0,4502
0.0,4503
0.0,4504
0.0,4505
0.0,4506
0.0,4507
0.0,4508
0.0,4509
0.0,4510
0.0,4511
0.0,4512
0.0,4513
0.0,4514
0.0,4515
0.0,4516
0.0,4517
0.0,4518
0.0,4519
0.0,4520
0.0,4521
0.0,4522
0.0,4523
0.0,4524
0.0,4525
0.0,4526
0.0,4527
0.0,4528
0.0,4529
0.0,4530
0.0,4531
0.0,4532
0.0,4533
1161.0514442907213,4534
0.0,4535
0.0,4536
0.0,4537
0.0,4538
0.0,4539
0.0,4540
0.0,4541
0.0,4542
0.0,4543
0.0,4544
0.0,4545
0.0,4546
0.0,4547
0.0,4548
0.0,4549
0.0,4550
0.0,4551
0.0,4552
0.0,4553
0.0,4554
0.0,4555
0.0,4556
755.8693297757445,4557
1234.6730806603168,4558
0.0,4559
0.0,4560
0.0,4561
0.0,4562
0.0,4563
0.0,4564
0.0,4565
0.0,4566
0.0,4567
0.0,4568
0.0,4569
0.0,4570
0.0,4571
0.0,4572
0.0,4573
0.0,4574
0.0,4575
0.0,4576
0.0,4577
0.0,4578
0.0,4579
0.0,4580
0.0,4581
0.0,4582
0.0,4583
0.0,4584
0.0,4585
872.4271162090723,4586
0.0,4587
0.0,4588
0.0,4589
302.36250759335223,4590
0.0,4591
0.0,4592
0.0,4593
0.0,4594
4971.606257343726,4595
0.0,4596
0.0,4597
104.60092950212866,4598
0.0,4599
0.0,4600
0.0,4601
0.0,4602
0.0,4603
0.0,4604
0.0,4605
0.0,4606
0.0,4607
0.0,4608
1012.9801993610599,4609
0.0,4610
0.0,4611
0.0,4612
0.0,4613
352.065359340435,4614
345.63922324973726,4615
0.0,4616
0.0,4617
0.0,4618
0.0,4619
0.0,4620
0.0,4621
0.0,4622
513.8128393898719,4623
0.0,4624
0.0,4625
1853.704224570433,4626
0.0,4627
0.0,4628
0.0,4629
0.0,4630
0.0,4631
0.0,4632
0.0,4633
0.0,4634
0.0,4635
0.0,4636
0.0,4637
0.0,4638
0.0,4639
0.0,4640
0.0,4641
0.0,4642
0.0,4643
0.0,4644
0.0,4645
0.0,4646
0.0,4647
0.0,4648
0.0,4649
0.0,4650
0.0,4651
0.0,4652
0.0,4653
0.0,4654
0.0,4655
0.0,4656
0.0,4657
0.0,4658
0.0,4659
0.0,4660
0.0,4661
0.0,4662
0.0,4663
0.0,4664
0.0,4665
0.0,4666
0.0,4667
0.0,4668
0.0,4669
0.0,4670
0.0,4671
0.0,4672
0.0,4673
0.0,4674
0.0,4675
0.0,4676
0.0,4677
0.0,4678
0.0,4679
0.0,4680
0.0,4681
0.0,4682
0.0,4683
0.0,4684
2005.762522522951,4685
0.0,4686
0.0,4687
0.0,4688
0.0,4689
0.0,4690
0.0,4691
0.0,4692
0.0,4693
0.0,4694
0.0,4695
0.0,4696
0.0,4697
0.0,4698
0.0,4699
0.0,4700
0.0,4701
0.0,4702
0.0,4703
0.0,4704
0.0,4705
0.0,4706
0.0,4707
0.0,4708
0.0,4709
0.0,4710
0.0,4711
0.0,4712
0.0,4713
0.0,4714
0.0,4715
0.0,4716
0.0,4717
0.0,4718
0.0,4719
0.0,4720
0.0,4721
0.0,4722
0.0,4723
0.0,4724
0.0,4725
0.0,4726
0.0,4727
0.0,4728
0.0,4729
0.0,4730
0.0,4731
0.0,4732
0.0,4733
0.0,4734
0.0,4735
0.0,4736
0.0,4737
0.0,4738
0.0,4739
0.0,4740
2266.8957440898807,4741
0.0,4742
0.0,4743
0.0,4744
0.0,4745
0.0,4746
0.0,4747
0.0,4748
0.0,4749
0.0,4750
0.0,4751
0.0,4752
0.0,4753
0.0,4754
0.0,4755
0.0,4756
0.0,4757
0.0,4758
0.0,4759
0.0,4760
0.0,4761
0.0,4762
850.0486098862713,4763
0.0,4764
0.0,4765
0.0,4766
0.0,4767
0.0,4768
0.0,4769
0.0,4770
0.0,4771
216.86795892533047,4772
0.0,4773
0.0,4774
1221.6448709630229,4775
0.0,4776
0.0,4777
0.0,4778
0.0,4779
0.0,4780
0.0,4781
0.0,4782
0.0,4783
0.0,4784
0.0,4785
0.0,4786
0.0,4787
0.0,4788
0.0,4789
0.0,4790
0.0,4791
0.0,4792
0.0,4793
0.0,4794
0.0,4795
0.0,4796
0.0,4797
0.0,4798
0.0,4799
0.0,4800
0.0,4801
537.1115146201548,4802
0.0,4803
0.0,4804
0.0,4805
0.0,4806
0.0,4807
0.0,4808
0.0,4809
0.0,4810
0.0,4811
0.0,4812
0.0,4813
0.0,4814
0.0,4815
0.0,4816
0.0,4817
0.0,4818
0.0,4819
0.0,4820
0.0,4821
0.0,4822
0.0,4823
0.0,4824
0.0,4825
0.0,4826
0.0,4827
0.0,4828
0.0,4829
0.0,4830
0.0,4831
0.0,4832
0.0,4833
0.0,4834
0.0,4835
0.0,4836
0.0,4837
0.0,4838
0.0,4839
0.0,4840
0.0,4841
0.0,4842
0.0,4843
0.0,4844
0.0,4845
0.0,4846
0.0,4847
0.0,4848
0.0,4849
0.0,4850
0.0,4851
0.0,4852
0.0,4853
0.0,4854
0.0,4855
0.0,4856
0.0,4857
0.0,4858
0.0,4859
0.0,4860
0.0,4861
0.0,4862
0.0,4863
0.0,4864
0.0,4865
0.0,4866
0.0,4867
0.0,4868
0.0,4869
0.0,4870
0.0,4871
0.0,4872
0.0,4873
0.0,4874
0.0,4875
0.0,4876
0.0,4877
0.0,4878
0.0,4879
0.0,4880
0.0,4881
0.0,4882
0.0,4883
0.0,4884
0.0,4885
0.0,4886
0.0,4887
0.0,4888
0.0,4889
0.0,4890
0.0,4891
132.42476931880054,4892
0.0,4893
0.0,4894
0.0,4895
0.0,4896
0.0,4897
0.0,4898
0.0,4899
0.0,4900
0.0,4901
0.0,4902
0.0,4903
0.0,4904
0.0,4905
0.0,4906
0.0,4907
0.0,4908
0.0,4909
0.0,4910
0.0,4911
0.0,4912
0.0,4913
0.0,4914
0.0,4915
0.0,4916
0.0,4917
0.0,4918
0.0,4919
0.0,4920
0.0,4921
0.0,4922
0.0,4923
0.0,4924
0.0,4925
0.0,4926
0.0,4927
0.0,4928
0.0,4929
0.0,4930
0.0,4931
0.0,4932
0.0,4933
0.0,4934
0.0,4935
0.0,4936
403.5584419516371,4937
0.0,4938
0.0,4939
0.0,4940
0.0,4941
0.0,4942
0.0,4943
0.0,4944
0.0,4945
0.0,4946
0.0,4947
0.0,4948
0.0,4949
0.0,4950
0.0,4951
0.0,4952
0.0,4953
0.0,4954
0.0,4955
0.0,4956
0.0,4957
0.0,4958
0.0,4959
215.29167879989703,4960
0.0,4961
0.0,4962
0.0,4963
0.0,4964
0.0,4965
0.0,4966
0.0,4967
0.0,4968
0.0,4969
0.0,4970
0.0,4971
0.0,4972
0.0,4973
0.0,4974
0.0,4975
0.0,4976
0.0,4977
0.0,4978
0.0,4979
0.0,4980
0.0,4981
0.0,4982
0.0,4983
0.0,4984
0.0,4985
0.0,4986
0.0,4987
4250.508760549387,4988
0.0,4989
0.0,4990
0.0,4991
0.0,4992
0.0,4993
0.0,4994
0.0,4995
0.0,4996
0.0,4997
0.0,4998
0.0,4999
0.0,5000
0.0,5001
0.0,5002
0.0,5003
0.0,5004
0.0,5005
0.0,5006
0.0,5007
0.0,5008
0.0,5009
0.0,5010
0.0,5011
0.0,5012
0.0,5013
0.0,5014
0.0,5015
0.0,5016
0.0,5017
0.0,5018
0.0,5019
0.0,5020
0.0,5021
0.0,5022
0.0,5023
0.0,5024
0.0,5025
0.0,5026
0.0,5027
0.0,5028
0.0,5029
0.0,5030
0.0,5031
0.0,5032
0.0,5033
0.0,5034
0.0,5035
0.0,5036
0.0,5037
0.0,5038
0.0,5039
0.0,5040
0.0,5041
0.0,5042
0.0,5043
0.0,5044
0.0,5045
0.0,5046
0.0,5047
0.0,5048
0.0,5049
0.0,5050
0.0,5051
0.0,5052
0.0,5053
0.0,5054
0.0,5055
298.35028900530136,5056
0.0,5057
0.0,5058
0.0,5059
0.0,5060
0.0,5061
0.0,5062
0.0,5063
0.0,5064
0.0,5065
0.0,5066
0.0,5067
0.0,5068
0.0,5069
0.0,5070
0.0,5071
158.11403758543264,5072
0.0,5073
0.0,5074
0.0,5075
0.0,5076
0.0,5077
0.0,5078
0.0,5079
0.0,5080
0.0,5081
0.0,5082
0.0,5083
0.0,5084
0.0,5085
0.0,5086
136.94511948555197,5087
0.0,5088
159.31934343230722,5089
2449.0426587685706,5090
534.3138466054648,5091
0.0,5092
809.563118711232,5093
2797.1748891778348,5094
2808.996230695514,5095
0.0,5096
0.0,5097
824.0756105257507,5098
3705.5512894620324,5099
3716.8485824437116,5100
958.975117252961,5101
4107.172912347771,5102
3713.965359861168,5103
0.0,5104
1041.9345357489542,5105
3407.137130511653,5106
982.4510696357482,5107
0.0,5108
0.0,5109
3669.447425094655,5110
2119.321252158603,5111
0.0,5112
0.0,5113
0.0,5114
0.0,5115
0.0,5116
0.0,5117
1318.8131084531017,5118
0.0,5119
0.0,5120
485.71655254365066,5121
0.0,5122
1364.412448629154,5123
0.0,5124
0.0,5125
0.0,5126
36.42122662032027,5127
47.93611081278819,5128
1179.4036166460305,5129
57.956428821557246,5130
0.0,5131
0.0,5132
1068.7195513197098,5133
1163.9977314433766,5134
0.0,5135
0.0,5136
0.0,5137
0.0,5138
0.0,5139
0.0,5140
0.0,5141
0.0,5142
0.0,5143
0.0,5144
0.0,5145
0.0,5146
260.20896996781937,5147
0.0,5148
326.19485250041987,5149
298.9145985141437,5150
268.8974188990982,5151
0.0,5152
0.0,5153
0.0,5154
0.0,5155
0.0,5156
0.0,5157
0.0,5158
0.0,5159
0.0,5160
0.0,5161
0.0,5162
0.0,5163
224.7384766802057,5164
0.0,5165
0.0,5166
0.0,5167
0.0,5168
0.0,5169
0.0,5170
0.0,5171
0.0,5172
0.0,5173
0.0,5174
0.0,5175
0.0,5176
0.0,5177
0.0,5178
0.0,5179
0.0,5180
0.0,5181
0.0,5182
0.0,5183
0.0,5184
2579.061477468971,5185
0.0,5186
0.0,5187
0.0,5188
0.0,5189
0.0,5190
3224.3038263411704,5191
0.0,5192
0.0,5193
0.0,5194
0.0,5195
0.0,5196
0.0,5197
0.0,5198
0.0,5199
0.0,5200
0.0,5201
0.0,5202
0.0,5203
0.0,5204
0.0,5205
0.0,5206
0.0,5207
0.0,5208
0.0,5209
0.0,5210
0.0,5211
0.0,5212
0.0,5213
0.0,5214
0.0,5215
0.0,5216
0.0,5217
0.0,5218
0.0,5219
0.0,5220
0.0,5221
0.0,5222
0.0,5223
0.0,5224
0.0,5225
0.0,5226
0.0,5227
0.0,5228
0.0,5229
0.0,5230
376.4471141510557,5231
210.77631738439112,5232
0.0,5233
0.0,5234
0.0,5235
0.0,5236
0.0,5237
0.0,5238
0.0,5239
0.0,5240
0.0,5241
348.56280036910493,5242
0.0,5243
0.0,5244
0.0,5245
0.0,5246
0.0,5247
408.1344424407741,5248
0.0,5249
109.83124847253525,5250
1274.7868735270993,5251
0.0,5252
0.0,5253
0.0,5254
0.0,5255
0.0,5256
455.26568305277345,5257
0.0,5258
0.0,5259
0.0,5260
0.0,5261
0.0,5262
0.0,5263
215.02569463957298,5264
773.2350727523569,5265
0.0,5266
0.0,5267
0.0,5268
0.0,5269
0.0,5270
0.0,5271
0.0,5272
2617.4491075980623,5273
0.0,5274
0.0,5275
0.0,5276
0.0,5277
0.0,5278
70.79725497801041,5279
0.0,5280
0.0,5281
0.0,5282
470.37446145402924,5283
0.0,5284
1152.7979019620857,5285
0.0,5286
0.0,5287
0.0,5288
0.0,5289
0.0,5290
0.0,5291
1109.886868667661,5292
0.0,5293
0.0,5294
0.0,5295
0.0,5296
0.0,5297
0.0,5298
0.0,5299
0.0,5300
0.0,5301
0.0,5302
0.0,5303
0.0,5304
0.0,5305
0.0,5306
0.0,5307
0.0,5308
0.0,5309
0.0,5310
0.0,5311
0.0,5312
455.21777177562035,5313
0.0,5314
0.0,5315
0.0,5316
0.0,5317
0.0,5318
0.0,5319
0.0,5320
0.0,5321
0.0,5322
0.0,5323
0.0,5324
0.0,5325
0.0,5326
0.0,5327
0.0,5328
0.0,5329
0.0,5330
0.0,5331
0.0,5332
0.0,5333
0.0,5334
0.0,5335
0.0,5336
0.0,5337
0.0,5338
0.0,5339
0.0,5340
0.0,5341
0.0,5342
0.0,5343
0.0,5344
0.0,5345
0.0,5346
0.0,5347
1808.5507423758606,5348
0.0,5349
0.0,5350
0.0,5351
0.0,5352
0.0,5353
0.0,5354
0.0,5355
0.0,5356
0.0,5357
0.0,5358
0.0,5359
0.0,5360
0.0,5361
0.0,5362
0.0,5363
0.0,5364
0.0,5365
0.0,5366
0.0,5367
3193.056944561982,5368
0.0,5369
0.0,5370
0.0,5371
0.0,5372
0.0,5373
0.0,5374
0.0,5375
0.0,5376
0.0,5377
0.0,5378
0.0,5379
0.0,5380
0.0,5381
0.0,5382
0.0,5383
0.0,5384
0.0,5385
0.0,5386
0.0,5387
0.0,5388
0.0,5389
0.0,5390
0.0,5391
0.0,5392
0.0,5393
0.0,5394
0.0,5395
0.0,5396
0.0,5397
0.0,5398
0.0,5399
0.0,5400
0.0,5401
0.0,5402
0.0,5403
0.0,5404
0.0,5405
0.0,5406
0.0,5407
0.0,5408
0.0,5409
0.0,5410
0.0,5411
0.0,5412
0.0,5413
0.0,5414
0.0,5415
0.0,5416
0.0,5417
0.0,5418
0.0,5419
0.0,5420
0.0,5421
0.0,5422
0.0,5423
0.0,5424
0.0,5425
0.0,5426
0.0,5427
0.0,5428
0.0,5429
0.0,5430
0.0,5431
0.0,5432
0.0,5433
0.0,5434
0.0,5435
0.0,5436
0.0,5437
0.0,5438
2121.1620588268624,5439
0.0,5440
2119.0040054625238,5441
2175.0399582974796,5442
2535.0396718431757,5443
0.0,5444
0.0,5445
0.0,5446
995.5875588239277,5447
0.0,5448
0.0,5449
0.0,5450
2718.773746027824,5451
577.4568641526798,5452
0.0,5453
0.0,5454
0.0,5455
709.7249953394286,5456
569.8658766299629,5457
1647.3445496077904,5458
645.5226124021899,5459
0.0,5460
0.0,5461
0.0,5462
647.233285601426,5463
0.0,5464
0.0,5465
0.0,5466
0.0,5467
0.0,5468
0.0,5469
0.0,5470
0.0,5471
0.0,5472
0.0,5473
0.0,5474
0.0,5475
0.0,5476
0.0,5477
0.0,5478
0.0,5479
0.0,5480
0.0,5481
0.0,5482
1739.372728434517,5483
1703.567846574942,5484
0.0,5485
0.0,5486
150.89479449762698,5487
1897.481385810436,5488
0.0,5489
1931.5232244262515,5490
0.0,5491
0.0,5492
0.0,5493
0.0,5494
0.0,5495
0.0,5496
0.0,5497
1162.6823294489245,5498
0.0,5499
0.0,5500
0.0,5501
0.0,5502
0.0,5503
0.0,5504
0.0,5505
0.0,5506
0.0,5507
680.3348255516165,5508
0.0,5509
0.0,5510
0.0,5511
0.0,5512
0.0,5513
0.0,5514
0.0,5515
0.0,5516
0.0,5517
0.0,5518
1611.9050543272283,5519
0.0,5520
0.0,5521
1622.6419728401345,5522
1849.167779033861,5523
598.8643759311251,5524
0.0,5525
0.0,5526
0.0,5527
0.0,5528
0.0,5529
952.78128234256,5530
0.0,5531
0.0,5532
0.0,5533
0.0,5534
0.0,5535
0.0,5536
0.0,5537
0.0,5538
0.0,5539
0.0,5540
0.0,5541
0.0,5542
0.0,5543
0.0,5544
0.0,5545
0.0,5546
0.0,5547
0.0,5548
0.0,5549
0.0,5550
0.0,5551
0.0,5552
0.0,5553
0.0,5554
0.0,5555
0.0,5556
0.0,5557
0.0,5558
0.0,5559
0.0,5560
0.0,5561
0.0,5562
0.0,5563
0.0,5564
0.0,5565
0.0,5566
0.0,5567
0.0,5568
0.0,5569
0.0,5570
0.0,5571
0.0,5572
3610.1291004909717,5573
0.0,5574
0.0,5575
2225.4322728308625,5576
2140.145764649353,5577
0.0,5578
1035.572139649575,5579
0.0,5580
0.0,5581
0.0,5582
0.0,5583
0.0,5584
0.0,5585
0.0,5586
0.0,5587
0.0,5588
0.0,5589
0.0,5590
0.0,5591
0.0,5592
0.0,5593
0.0,5594
0.0,5595
62.16839310225042,5596
512.6406451677079,5597
0.0,5598
0.0,5599
0.0,5600
0.0,5601
0.0,5602
0.0,5603
0.0,5604
0.0,5605
0.0,5606
0.0,5607
0.0,5608
0.0,5609
0.0,5610
0.0,5611
0.0,5612
0.0,5613
0.0,5614
449.3546130289064,5615
0.0,5616
0.0,5617
0.0,5618
0.0,5619
0.0,5620
0.0,5621
0.0,5622
0.0,5623
0.0,5624
0.0,5625
0.0,5626
0.0,5627
0.0,5628
0.0,5629
0.0,5630
377.2285527212063,5631
0.0,5632
368.9838149231389,5633
0.0,5634
0.0,5635
0.0,5636
0.0,5637
0.0,5638
0.0,5639
0.0,5640
0.0,5641
0.0,5642
0.0,5643
0.0,5644
0.0,5645
0.0,5646
0.0,5647
0.0,5648
0.0,5649
0.0,5650
2605.734562855907,5651
0.0,5652
1541.032652975511,5653
0.0,5654
0.0,5655
0.0,5656
0.0,5657
0.0,5658
0.0,5659
0.0,5660
0.0,5661
0.0,5662
0.0,5663
0.0,5664
0.0,5665
0.0,5666
0.0,5667
0.0,5668
0.0,5669
0.0,5670
0.0,5671
0.0,5672
0.0,5673
0.0,5674
0.0,5675
0.0,5676
0.0,5677
0.0,5678
0.0,5679
0.0,5680
0.0,5681
0.0,5682
0.0,5683
0.0,5684
0.0,5685
0.0,5686
0.0,5687
0.0,5688
0.0,5689
0.0,5690
0.0,5691
0.0,5692
0.0,5693
0.0,5694
0.0,5695
0.0,5696
0.0,5697
0.0,5698
0.0,5699
0.0,5700
0.0,5701
0.0,5702
0.0,5703
0.0,5704
0.0,5705
0.0,5706
0.0,5707
0.0,5708
0.0,5709
0.0,5710
0.0,5711
0.0,5712
0.0,5713
0.0,5714
0.0,5715
0.0,5716
0.0,5717
0.0,5718
0.0,5719
0.0,5720
0.0,5721
0.0,5722
0.0,5723
0.0,5724
0.0,5725
0.0,5726
0.0,5727
0.0,5728
0.0,5729
0.0,5730
0.0,5731
0.0,5732
0.0,5733
0.0,5734
0.0,5735
0.0,5736
0.0,5737
0.0,5738
0.0,5739
0.0,5740
0.0,5741
0.0,5742
0.0,5743
0.0,5744
0.0,5745
0.0,5746
347.02042909832267,5747
0.0,5748
0.0,5749
0.0,5750
3638.302441705604,5751
0.0,5752
0.0,5753
0.0,5754
125.2546525239928,5755
0.0,5756
0.0,5757
1360.3343035831829,5758
111.5168861760248,5759
0.0,5760
0.0,5761
3673.486759743082,5762
0.0,5763
0.0,5764
0.0,5765
0.0,5766
0.0,5767
0.0,5768
0.0,5769
0.0,5770
0.0,5771
0.0,5772
0.0,5773
0.0,5774
0.0,5775
0.0,5776
0.0,5777
0.0,5778
0.0,5779
0.0,5780
0.0,5781
0.0,5782
1531.2892483410174,5783
0.0,5784
0.0,5785
0.0,5786
3698.4563773213795,5787
0.0,5788
0.0,5789
0.0,5790
0.0,5791
0.0,5792
0.0,5793
0.0,5794
0.0,5795
0.0,5796
0.0,5797
0.0,5798
0.0,5799
0.0,5800
0.0,5801
141.06161257924822,5802
0.0,5803
0.0,5804
0.0,5805
0.0,5806
0.0,5807
0.0,5808
0.0,5809
0.0,5810
0.0,5811
0.0,5812
0.0,5813
0.0,5814
0.0,5815
0.0,5816
0.0,5817
73.51592886336712,5818
0.0,5819
0.0,5820
0.0,5821
0.0,5822
0.0,5823
0.0,5824
0.0,5825
0.0,5826
0.0,5827
0.0,5828
0.0,5829
0.0,5830
3733.9835678645836,5831
0.0,5832
0.0,5833
0.0,5834
0.0,5835
0.0,5836
0.0,5837
0.0,5838
0.0,5839
0.0,5840
0.0,5841
0.0,5842
0.0,5843
0.0,5844
0.0,5845
0.0,5846
0.0,5847
0.0,5848
0.0,5849
0.0,5850
0.0,5851
0.0,5852
0.0,5853
203.93183271632262,5854
0.0,5855
679.3737773016784,5856
0.0,5857
0.0,5858
0.0,5859
0.0,5860
0.0,5861
0.0,5862
0.0,5863
0.0,5864
0.0,5865
0.0,5866
0.0,5867
0.0,5868
0.0,5869
0.0,5870
0.0,5871
1802.8813744204301,5872
0.0,5873
0.0,5874
0.0,5875
0.0,5876
0.0,5877
0.0,5878
0.0,5879
0.0,5880
0.0,5881
0.0,5882
0.0,5883
0.0,5884
0.0,5885
0.0,5886
260.8622566877879,5887
0.0,5888
3679.325935557455,5889
0.0,5890
451.617282354902,5891
0.0,5892
0.0,5893
981.7272072438074,5894
981.5859389204337,5895
981.5958212043573,5896
0.0,5897
982.029630063163,5898
0.0,5899
0.0,5900
0.0,5901
983.0352442059377,5902
0.0,5903
0.0,5904
988.6989648606179,5905
320.1396537728007,5906
0.0,5907
978.887885990768,5908
981.5832062874392,5909
984.5987198458597,5910
0.0,5911
0.0,5912
1594.85415575256,5913
0.0,5914
0.0,5915
0.0,5916
0.0,5917
988.368322109099,5918
0.0,5919
0.0,5920
0.0,5921
0.0,5922
991.8414180478845,5923
0.0,5924
0.0,5925
0.0,5926
0.0,5927
0.0,5928
0.0,5929
0.0,5930
793.5200160314917,5931
0.0,5932
0.0,5933
0.0,5934
0.0,5935
0.0,5936
0.0,5937
0.0,5938
0.0,5939
0.0,5940
0.0,5941
383.3540898789059,5942
0.0,5943
0.0,5944
20866.911599979157,5945
0.0,5946
0.0,5947
0.0,5948
0.0,5949
0.0,5950
1491.7164518286231,5951
184.39474951149182,5952
742.0034384799017,5953
0.0,5954
2859.4028559648596,5955
0.0,5956
0.0,5957
0.0,5958
0.0,5959
744.7501657309872,5960
0.0,5961
0.0,5962
1504.5025718303239,5963
0.0,5964
0.0,5965
0.0,5966
0.0,5967
0.0,5968
0.0,5969
0.0,5970
0.0,5971
0.0,5972
0.0,5973
0.0,5974
2542.8660737989458,5975
0.0,5976
0.0,5977
352.9808556080246,5978
552.1197643379257,5979
0.0,5980
0.0,5981
0.0,5982
0.0,5983
0.0,5984
0.0,5985
0.0,5986
0.0,5987
0.0,5988
750.6657296541501,5989
0.0,5990
0.0,5991
0.0,5992
0.0,5993
576.588955004995,5994
0.0,5995
0.0,5996
0.0,5997
0.0,5998
0.0,5999
0.0,6000
0.0,6001
0.0,6002
600.1010437619004,6003
0.0,6004
624.0586888080838,6005
0.0,6006
0.0,6007
0.0,6008
1034.7709176764047,6009
0.0,6010
0.0,6011
0.0,6012
0.0,6013
0.0,6014
0.0,6015
0.0,6016
0.0,6017
0.0,6018
0.0,6019
0.0,6020
652.2561650541044,6021
0.0,6022
0.0,6023
0.0,6024
0.0,6025
674.4782170871962,6026
0.0,6027
0.0,6028
0.0,6029
0.0,6030
0.0,6031
0.0,6032
0.0,6033
0.0,6034
0.0,6035
0.0,6036
0.0,6037
38.5566666548819,6038
693.6920909424939,6039
0.0,6040
0.0,6041
0.0,6042
0.0,6043
0.0,6044
711.3893331221544,6045
0.0,6046
0.0,6047
0.0,6048
0.0,6049
0.0,6050
0.0,6051
0.0,6052
0.0,6053
0.0,6054
0.0,6055
0.0,6056
0.0,6057
635.0623639267346,6058
0.0,6059
709.3520451783924,6060
0.0,6061
0.0,6062
0.0,6063
0.0,6064
0.0,6065
0.0,6066
0.0,6067
0.0,6068
0.0,6069
0.0,6070
0.0,6071
0.0,6072
29.93928162259659,6073
0.0,6074
0.0,6075
0.0,6076
0.0,6077
0.0,6078
0.0,6079
0.0,6080
0.0,6081
947.4796165245624,6082
0.0,6083
0.0,6084
0.0,6085
0.0,6086
0.0,6087
0.0,6088
1502.1828002637399,6089
0.0,6090
0.0,6091
0.0,6092
180.28847796100467,6093
0.0,6094
0.0,6095
0.0,6096
0.0,6097
0.0,6098
0.0,6099
0.0,6100
0.0,6101
0.0,6102
838.2900280538953,6103
847.2530488968121,6104
852.0823612142797,6105
0.0,6106
0.0,6107
0.0,6108
0.0,6109
0.0,6110
0.0,6111
0.0,6112
0.0,6113
0.0,6114
0.0,6115
786.5417545077776,6116
321.93525218946166,6117
0.0,6118
0.0,6119
0.0,6120
0.0,6121
980.9227699970946,6122
0.0,6123
0.0,6124
0.0,6125
0.0,6126
1336.0323854742971,6127
961.7522934709466,6128
0.0,6129
0.0,6130
0.0,6131
0.0,6132
0.0,6133
0.0,6134
0.0,6135
0.0,6136
798.6009607417723,6137
0.0,6138
0.0,6139
0.0,6140
0.0,6141
1324.0419436147718,6142
0.0,6143
0.0,6144
0.0,6145
0.0,6146
0.0,6147
0.0,6148
0.0,6149
0.0,6150
0.0,6151
0.0,6152
0.0,6153
0.0,6154
889.2526732891005,6155
0.0,6156
0.0,6157
0.0,6158
0.0,6159
0.0,6160
0.0,6161
0.0,6162
0.0,6163
0.0,6164
442.6666360613008,6165
0.0,6166
0.0,6167
0.0,6168
0.0,6169
0.0,6170
0.0,6171
0.0,6172
0.0,6173
0.0,6174
0.0,6175
0.0,6176
0.0,6177
0.0,6178
0.0,6179
0.0,6180
0.0,6181
0.0,6182
0.0,6183
0.0,6184
0.0,6185
0.0,6186
0.0,6187
0.0,6188
0.0,6189
0.0,6190
0.0,6191
0.0,6192
0.0,6193
0.0,6194
0.0,6195
0.0,6196
0.0,6197
0.0,6198
0.0,6199
0.0,6200
0.0,6201
0.0,6202
0.0,6203
0.0,6204
0.0,6205
0.0,6206
0.0,6207
0.0,6208
0.0,6209
0.0,6210
0.0,6211
0.0,6212
0.0,6213
0.0,6214
0.0,6215
0.0,6216
0.0,6217
0.0,6218
0.0,6219
0.0,6220
0.0,6221
181.52109464658653,6222
0.0,6223
0.0,6224
0.0,6225
0.0,6226
0.0,6227
0.0,6228
0.0,6229
0.0,6230
0.0,6231
0.0,6232
0.0,6233
0.0,6234
1670.442588298909,6235
0.0,6236
0.0,6237
0.0,6238
0.0,6239
0.0,6240
0.0,6241
0.0,6242
1966.8255365039188,6243
1797.681683514183,6244
0.0,6245
0.0,6246
0.0,6247
0.0,6248
0.0,6249
0.0,6250
0.0,6251
0.0,6252
0.0,6253
0.0,6254
0.0,6255
0.0,6256
0.0,6257
0.0,6258
0.0,6259
857.9931242983686,6260
0.0,6261
0.0,6262
0.0,6263
0.0,6264
0.0,6265
0.0,6266
0.0,6267
0.0,6268
0.0,6269
5233.5543317061965,6270
0.0,6271
0.0,6272
0.0,6273
0.0,6274
0.0,6275
0.0,6276
0.0,6277
0.0,6278
0.0,6279
0.0,6280
0.0,6281
0.0,6282
0.0,6283
0.0,6284
0.0,6285
0.0,6286
0.0,6287
0.0,6288
0.0,6289
0.0,6290
0.0,6291
0.0,6292
0.0,6293
0.0,6294
0.0,6295
0.0,6296
0.0,6297
0.0,6298
0.0,6299
0.0,6300
0.0,6301
0.0,6302
0.0,6303
0.0,6304
0.0,6305
0.0,6306
0.0,6307
0.0,6308
0.0,6309
0.0,6310
0.0,6311
0.0,6312
0.0,6313
0.0,6314
0.0,6315
0.0,6316
0.0,6317
0.0,6318
0.0,6319
0.0,6320
0.0,6321
0.0,6322
0.0,6323
0.0,6324
0.0,6325
0.0,6326
0.0,6327
0.0,6328
0.0,6329
0.0,6330
0.0,6331
0.0,6332
0.0,6333
0.0,6334
0.0,6335
0.0,6336
0.0,6337
0.0,6338
0.0,6339
0.0,6340
0.0,6341
0.0,6342
0.0,6343
0.0,6344
0.0,6345
0.0,6346
0.0,6347
0.0,6348
0.0,6349
0.0,6350
0.0,6351
0.0,6352
0.0,6353
0.0,6354
0.0,6355
0.0,6356
0.0,6357
0.0,6358
0.0,6359
0.0,6360
0.0,6361
0.0,6362
0.0,6363
0.0,6364
0.0,6365
0.0,6366
0.0,6367
0.0,6368
0.0,6369
0.0,6370
0.0,6371
0.0,6372
0.0,6373
545.9254209367076,6374
0.0,6375
0.0,6376
0.0,6377
0.0,6378
0.0,6379
0.0,6380
0.0,6381
0.0,6382
0.0,6383
0.0,6384
0.0,6385
0.0,6386
0.0,6387
0.0,6388
0.0,6389
0.0,6390
0.0,6391
0.0,6392
0.0,6393
0.0,6394
0.0,6395
0.0,6396
25.732644004043078,6397
0.0,6398
0.0,6399
0.0,6400
1403.9456049246064,6401
0.0,6402
0.0,6403
0.0,6404
0.0,6405
0.0,6406
0.0,6407
0.0,6408
0.0,6409
0.0,6410
0.0,6411
0.0,6412
0.0,6413
0.0,6414
0.0,6415
2630.7141515306657,6416
0.0,6417
0.0,6418
0.0,6419
0.0,6420
0.0,6421
2645.502534660917,6422
0.0,6423
0.0,6424
0.0,6425
0.0,6426
33.03078851821004,6427
0.0,6428
0.0,6429
524.918419172424,6430
0.0,6431
0.0,6432
0.0,6433
1408.9638108058434,6434
0.0,6435
1059.1847337777472,6436
0.0,6437
0.0,6438
0.0,6439
0.0,6440
0.0,6441
0.0,6442
0.0,6443
0.0,6444
0.0,6445
0.0,6446
0.0,6447
0.0,6448
0.0,6449
0.0,6450
0.0,6451
1245.8100928181045,6452
0.0,6453
0.0,6454
1414.1021965237028,6455
0.0,6456
0.0,6457
0.0,6458
0.0,6459
0.0,6460
0.0,6461
0.0,6462
0.0,6463
0.0,6464
0.0,6465
756.4117942845177,6466
0.0,6467
0.0,6468
0.0,6469
0.0,6470
494.64211304459536,6471
0.0,6472
1284.4598316879403,6473
0.0,6474
0.0,6475
0.0,6476
0.0,6477
0.0,6478
1386.571731592043,6479
0.0,6480
0.0,6481
0.0,6482
0.0,6483
384.0222137356275,6484
828.6205458706485,6485
0.0,6486
0.0,6487
0.0,6488
0.0,6489
0.0,6490
0.0,6491
0.0,6492
0.0,6493
0.0,6494
0.0,6495
0.0,6496
519.5693443261009,6497
0.0,6498
0.0,6499
0.0,6500
0.0,6501
0.0,6502
0.0,6503
0.0,6504
0.0,6505
0.0,6506
0.0,6507
0.0,6508
0.0,6509
0.0,6510
0.0,6511
479.76041769756824,6512
0.0,6513
0.0,6514
0.0,6515
0.0,6516
0.0,6517
0.0,6518
0.0,6519
0.0,6520
0.0,6521
29.56955830082412,6522
0.0,6523
0.0,6524
1121.1782096988156,6525
0.0,6526
0.0,6527
0.0,6528
0.0,6529
0.0,6530
0.0,6531
0.0,6532
0.0,6533
0.0,6534
0.0,6535
0.0,6536
0.0,6537
0.0,6538
0.0,6539
0.0,6540
0.0,6541
0.0,6542
0.0,6543
0.0,6544
0.0,6545
0.0,6546
0.0,6547
0.0,6548
0.0,6549
0.0,6550
0.0,6551
0.0,6552
0.0,6553
0.0,6554
0.0,6555
0.0,6556
0.0,6557
185.15294715336634,6558
0.0,6559
0.0,6560
0.0,6561
0.0,6562
0.0,6563
0.0,6564
0.0,6565
1191.8156278528493,6566
886.0651306246835,6567
0.0,6568
0.0,6569
0.0,6570
0.0,6571
524.4672036786544,6572
3441.853210727132,6573
1132.2727789871626,6574
0.0,6575
0.0,6576
1175.9443721436376,6577
927.3351549052735,6578
0.0,6579
0.0,6580
0.0,6581
0.0,6582
0.0,6583
0.0,6584
0.0,6585
0.0,6586
0.0,6587
0.0,6588
0.0,6589
144.07674001831424,6590
0.0,6591
0.0,6592
0.0,6593
0.0,6594
0.0,6595
0.0,6596
0.0,6597
0.0,6598
0.0,6599
0.0,6600
0.0,6601
0.0,6602
0.0,6603
0.0,6604
0.0,6605
0.0,6606
1142.3342029474504,6607
1718.474067088476,6608
292.6237586111619,6609
0.0,6610
0.0,6611
0.0,6612
0.0,6613
0.0,6614
0.0,6615
0.0,6616
0.0,6617
1004.6956462533122,6618
0.0,6619
0.0,6620
0.0,6621
0.0,6622
0.0,6623
0.0,6624
0.0,6625
0.0,6626
0.0,6627
0.0,6628
0.0,6629
0.0,6630
0.0,6631
0.0,6632
0.0,6633
0.0,6634
0.0,6635
0.0,6636
0.0,6637
0.0,6638
0.0,6639
0.0,6640
0.0,6641
0.0,6642
0.0,6643
0.0,6644
0.0,6645
0.0,6646
0.0,6647
2296.9061275812273,6648
0.0,6649
0.0,6650
0.0,6651
0.0,6652
0.0,6653
0.0,6654
0.0,6655
0.0,6656
0.0,6657
0.0,6658
0.0,6659
0.0,6660
1997.4763492196826,6661
0.0,6662
0.0,6663
0.0,6664
0.0,6665
0.0,6666
0.0,6667
0.0,6668
0.0,6669
0.0,6670
0.0,6671
0.0,6672
0.0,6673
0.0,6674
0.0,6675
0.0,6676
109.78713048144577,6677
295.5862508177753,6678
678.2239703968496,6679
0.0,6680
0.0,6681
0.0,6682
0.0,6683
0.0,6684
0.0,6685
0.0,6686
0.0,6687
0.0,6688
0.0,6689
0.0,6690
0.0,6691
0.0,6692
0.0,6693
0.0,6694
0.0,6695
0.0,6696
0.0,6697
0.0,6698
0.0,6699
1845.7638208977326,6700
0.0,6701
0.0,6702
0.0,6703
0.0,6704
0.0,6705
0.0,6706
369.6911233830269,6707
0.0,6708
0.0,6709
0.0,6710
0.0,6711
596.0535275027446,6712
586.7334420603337,6713
0.0,6714
0.0,6715
0.0,6716
0.0,6717
0.0,6718
0.0,6719
0.0,6720
0.0,6721
0.0,6722
0.0,6723
0.0,6724
0.0,6725
0.0,6726
0.0,6727
0.0,6728
81.2516580559523,6729
0.0,6730
0.0,6731
18.114528908696975,6732
0.0,6733
0.0,6734
0.0,6735
0.0,6736
0.0,6737
0.0,6738
0.0,6739
0.0,6740
0.0,6741
0.0,6742
0.0,6743
0.0,6744
0.0,6745
0.0,6746
0.0,6747
0.0,6748
0.0,6749
0.0,6750
0.0,6751
0.0,6752
0.0,6753
0.0,6754
0.0,6755
0.0,6756
0.0,6757
0.0,6758
0.0,6759
0.0,6760
0.0,6761
0.0,6762
0.0,6763
0.0,6764
0.0,6765
0.0,6766
5847.608704567103,6767
1996.1146428280817,6768
0.0,6769
0.0,6770
0.0,6771
994.5600826568644,6772
52.72264492940987,6773
0.0,6774
1829.2259146088786,6775
5.180947460143571,6776
2218.3499859494727,6777
693.7740744401749,6778
0.0,6779
0.0,6780
0.0,6781
0.0,6782
802.4872989879708,6783
2186.0208473522944,6784
0.0,6785
0.0,6786
645.7796334822087,6787
631.1567395359759,6788
0.0,6789
0.0,6790
0.0,6791
0.0,6792
0.0,6793
149.25083496938979,6794
148.4645578709529,6795
0.0,6796
0.0,6797
0.0,6798
0.0,6799
0.0,6800
0.0,6801
0.0,6802
0.0,6803
0.0,6804
0.0,6805
418.8744963265878,6806
0.0,6807
0.0,6808
0.0,6809
821.7385651958492,6810
0.0,6811
0.0,6812
0.0,6813
0.0,6814
0.0,6815
0.0,6816
0.0,6817
0.0,6818
0.0,6819
0.0,6820
0.0,6821
0.0,6822
0.0,6823
0.0,6824
0.0,6825
0.0,6826
0.0,6827
0.0,6828
0.0,6829
0.0,6830
0.0,6831
0.0,6832
0.0,6833
0.0,6834
0.0,6835
0.0,6836
0.0,6837
0.0,6838
0.0,6839
0.0,6840
0.0,6841
356.6672560248829,6842
0.0,6843
0.0,6844
0.0,6845
0.0,6846
0.0,6847
0.0,6848
0.0,6849
0.0,6850
0.0,6851
0.0,6852
0.0,6853
0.0,6854
601.895165219131,6855
0.0,6856
0.0,6857
0.0,6858
235.78111133580813,6859
0.0,6860
0.0,6861
4052.682604832966,6862
0.0,6863
2715.0997125177933,6864
0.0,6865
0.0,6866
0.0,6867
0.0,6868
1073.7580118353476,6869
0.0,6870
1255.5649631797671,6871
0.0,6872
0.0,6873
0.0,6874
0.0,6875
0.0,6876
0.0,6877
0.0,6878
0.0,6879
0.0,6880
0.0,6881
0.0,6882
0.0,6883
0.0,6884
0.0,6885
868.9734132451916,6886
423.474482118352,6887
851.7816753345163,6888
0.0,6889
669.582296808771,6890
1410.872309142083,6891
3117.264438284165,6892
0.0,6893
0.0,6894
654.0346881960021,6895
0.0,6896
438.3293341906701,6897
1226.395217888957,6898
1113.4118643394793,6899
1597.4592315272319,6900
0.0,6901
174.30382605149194,6902
573.8044555130244,6903
1065.523740114577,6904
1023.3994046091419,6905
971.5695161185542,6906
0.0,6907
263.02913599523896,6908
265.61739272740795,6909
1.0623397616408932,6910
1118.429673157167,6911
1059.9896516798722,6912
2162.5364498436866,6913
1965.7620046505626,6914
0.0,6915
1066.45967019252,6916
0.0,6917
481.46332376135535,6918
0.0,6919
0.0,6920
0.0,6921
0.0,6922
0.0,6923
0.0,6924
0.0,6925
0.0,6926
0.0,6927
0.0,6928
0.0,6929
725.2810323803329,6930
0.0,6931
2483.8892491508764,6932
0.0,6933
0.0,6934
0.0,6935
0.0,6936
0.0,6937
0.0,6938
0.0,6939
0.0,6940
0.0,6941
0.0,6942
0.0,6943
0.0,6944
0.0,6945
0.0,6946
0.0,6947
0.0,6948
0.0,6949
0.0,6950
0.0,6951
0.0,6952
0.0,6953
0.0,6954
936.5845273010237,6955
618.7520160616542,6956
0.0,6957
0.0,6958
0.0,6959
0.0,6960
0.0,6961
1303.1093786694044,6962
0.0,6963
1672.1647590538603,6964
1670.1024095165385,6965
176.98608619237126,6966
0.0,6967
1450.9734242325349,6968
527.3729043174517,6969
0.0,6970
59.64426034795307,6971
0.0,6972
0.0,6973
0.0,6974
0.0,6975
0.0,6976
0.0,6977
619.7112417931861,6978
558.5959799660588,6979
568.0818755297188,6980
0.0,6981
922.2124989803564,6982
0.0,6983
0.0,6984
657.226841312424,6985
389.44031328360785,6986
0.0,6987
0.0,6988
0.0,6989
0.0,6990
0.0,6991
0.0,6992
0.0,6993
0.0,6994
0.0,6995
0.0,6996
9.663379177941902,6997
0.0,6998
0.0,6999
0.0,7000
0.0,7001
0.0,7002
0.0,7003
0.0,7004
0.0,7005
0.0,7006
0.0,7007
1114.5245329948489,7008
0.0,7009
522.4089340910127,7010
0.0,7011
0.0,7012
0.0,7013
179.72357436185948,7014
0.0,7015
416.21606787396576,7016
0.0,7017
0.0,7018
0.0,7019
0.0,7020
0.0,7021
917.6724021322449,7022
293.8466841196576,7023
914.8019128452428,7024
0.0,7025
0.0,7026
0.0,7027
0.0,7028
0.0,7029
0.0,7030
0.0,7031
0.0,7032
0.0,7033
0.0,7034
0.0,7035
0.0,7036
0.0,7037
0.0,7038
0.0,7039
0.0,7040
0.0,7041
0.0,7042
0.0,7043
0.0,7044
0.0,7045
0.0,7046
0.0,7047
0.0,7048
0.0,7049
0.0,7050
0.0,7051
0.0,7052
0.0,7053
0.0,7054
0.0,7055
0.0,7056
0.0,7057
0.0,7058
0.0,7059
0.0,7060
0.0,7061
38.68222795410607,7062
0.0,7063
0.0,7064
0.0,7065
0.0,7066
0.0,7067
0.0,7068
0.0,7069
0.0,7070
0.0,7071
0.0,7072
0.0,7073
0.0,7074
0.0,7075
0.0,7076
0.0,7077
0.0,7078
0.0,7079
0.0,7080
0.0,7081
790.6517861017487,7082
0.0,7083
0.0,7084
0.0,7085
0.0,7086
0.0,7087
0.0,7088
0.0,7089
0.0,7090
0.0,7091
0.0,7092
0.0,7093
0.0,7094
0.0,7095
1732.236021511126,7096
1068.719172144358,7097
0.0,7098
1351.4108194919947,7099
0.0,7100
0.0,7101
0.0,7102
0.0,7103
0.0,7104
772.8010107616744,7105
0.0,7106
0.0,7107
0.0,7108
0.0,7109
287.4820151618965,7110
246.06221376410642,7111
404.34956351494884,7112
0.0,7113
0.0,7114
0.0,7115
0.0,7116
0.0,7117
1433.333471973855,7118
0.0,7119
0.0,7120
0.0,7121
0.0,7122
506.1673173913351,7123
0.0,7124
0.0,7125
597.9860487104035,7126
298.2343577084651,7127
0.0,7128
1613.1246451627146,7129
0.0,7130
644.0499839455946,7131
0.0,7132
1666.958040901371,7133
2324.9188242207088,7134
0.0,7135
0.0,7136
332.97491880227653,7137
0.0,7138
1667.8554648010183,7139
1183.8537029713218,7140
1277.6866851679806,7141
455.73990495520223,7142
0.0,7143
0.0,7144
0.0,7145
0.0,7146
867.1442153585937,7147
0.0,7148
0.0,7149
1946.0426757630657,7150
872.6151984620805,7151
0.0,7152
1960.7414498507585,7153
273.7150343258145,7154
0.0,7155
0.0,7156
0.0,7157
0.0,7158
0.0,7159
0.0,7160
2972.2951814295993,7161
0.0,7162
0.0,7163
860.6068982296254,7164
0.0,7165
0.0,7166
0.0,7167
0.0,7168
1048.5811666396723,7169
1041.0314599178287,7170
1032.1021481643515,7171
0.0,7172
0.0,7173
0.0,7174
2271.7496583802613,7175
0.0,7176
0.0,7177
0.0,7178
0.0,7179
0.0,7180
0.0,7181
0.0,7182
0.0,7183
0.0,7184
0.0,7185
0.0,7186
0.0,7187
0.0,7188
0.0,7189
0.0,7190
0.0,7191
0.0,7192
0.0,7193
0.0,7194
0.0,7195
0.0,7196
0.0,7197
0.0,7198
0.0,7199
0.0,7200
0.0,7201
0.0,7202
0.0,7203
0.0,7204
0.0,7205
0.0,7206
0.0,7207
0.0,7208
4.767384691616404,7209
0.0,7210
0.0,7211
707.3240981405669,7212
0.0,7213
0.0,7214
0.0,7215
0.0,7216
0.0,7217
429.7700787860019,7218
0.0,7219
0.0,7220
0.0,7221
0.0,7222
0.0,7223
0.0,7224
357.60774827371165,7225
0.0,7226
0.0,7227
475.1948684482374,7228
0.0,7229
550.7545953006903,7230
0.0,7231
195.60084095603327,7232
0.0,7233
0.0,7234
289.1470445112225,7235
390.9053180708996,7236
0.0,7237
169.13294775036113,7238
0.0,7239
0.0,7240
0.0,7241
0.0,7242
0.0,7243
0.0,7244
0.0,7245
0.0,7246
0.0,7247
0.0,7248
0.0,7249
0.0,7250
426.95514818306424,7251
0.0,7252
0.0,7253
0.0,7254
0.0,7255
0.0,7256
0.0,7257
0.0,7258
0.0,7259
0.0,7260
0.0,7261
505.6348013030258,7262
0.0,7263
0.0,7264
0.0,7265
0.0,7266
0.0,7267
0.0,7268
0.0,7269
0.0,7270
0.0,7271
0.0,7272
0.0,7273
0.0,7274
9.851699341755362,7275
0.0,7276
0.0,7277
0.0,7278
55.508132797660195,7279
645.090677205318,7280
133.17383511777956,7281
0.0,7282
0.0,7283
0.0,7284
0.0,7285
0.0,7286
0.0,7287
1453.2878832760496,7288
1471.7606594348185,7289
942.3863854404335,7290
0.0,7291
329.1112761756371,7292
0.0,7293
0.0,7294
662.2479066224582,7295
0.0,7296
0.0,7297
0.0,7298
0.0,7299
0.0,7300
0.0,7301
0.0,7302
0.0,7303
0.0,7304
0.0,7305
0.0,7306
0.0,7307
0.0,7308
0.0,7309
0.0,7310
0.0,7311
0.0,7312
0.0,7313
0.0,7314
0.0,7315
5177.194279880703,7316
0.0,7317
830.7349984231485,7318
3601.6274882233633,7319
2006.3172231954027,7320
0.0,7321
0.0,7322
0.0,7323
0.0,7324
831.5286563725338,7325
0.0,7326
793.3666714724806,7327
869.8520377420199,7328
721.0586164241003,7329
0.0,7330
0.0,7331
0.0,7332
0.0,7333
1472.0321190193495,7334
200.36796089327692,7335
206.31680327393906,7336
0.0,7337
0.0,7338
278.65753265089825,7339
0.0,7340
0.0,7341
0.0,7342
0.0,7343
0.0,7344
0.0,7345
0.0,7346
0.0,7347
0.0,7348
0.0,7349
0.0,7350
0.0,7351
29.555985112179652,7352
0.0,7353
0.0,7354
0.0,7355
0.0,7356
0.0,7357
0.0,7358
0.0,7359
0.0,7360
0.0,7361
0.0,7362
0.0,7363
589.0741288650823,7364
0.0,7365
0.0,7366
0.0,7367
0.0,7368
678.0245746465939,7369
0.0,7370
0.0,7371
0.0,7372
0.0,7373
0.0,7374
0.0,7375
2873.231749213318,7376
0.0,7377
3613.8822368349342,7378
0.0,7379
0.0,7380
0.0,7381
0.0,7382
6773.218802303802,7383
0.0,7384
2864.282733931533,7385
0.0,7386
5336.78757537836,7387
997.3594225444343,7388
0.0,7389
1000.0776903606862,7390
0.0,7391
0.0,7392
0.0,7393
1855.8928464818807,7394
1862.2701653810682,7395
0.0,7396
0.0,7397
1557.798054906617,7398
869.5421470199022,7399
2382.101985445112,7400
0.0,7401
0.0,7402
1826.3716523955025,7403
211.95601552648247,7404
1779.8271166196407,7405
1074.0859935918616,7406
317.85502450293944,7407
314.6599691807296,7408
0.0,7409
0.0,7410
0.0,7411
61.16420874206721,7412
0.0,7413
303.42899261888465,7414
877.8909457313079,7415
781.0025631346316,7416
0.0,7417
0.0,7418
0.0,7419
0.0,7420
0.0,7421
0.0,7422
25.513564718660792,7423
0.0,7424
0.0,7425
1468.3300946913284,7426
0.0,7427
0.0,7428
0.0,7429
0.0,7430
0.0,7431
0.0,7432
0.0,7433
287.3215846106676,7434
0.0,7435
0.0,7436
0.0,7437
0.0,7438
0.0,7439
0.0,7440
0.0,7441
0.0,7442
0.0,7443
0.0,7444
0.0,7445
0.0,7446
0.0,7447
0.0,7448
0.0,7449
2370.8953809947184,7450
0.0,7451
0.0,7452
0.0,7453
0.0,7454
0.0,7455
0.0,7456
0.0,7457
0.0,7458
0.0,7459
261.03694531589093,7460
0.0,7461
0.0,7462
0.0,7463
0.0,7464
0.0,7465
0.0,7466
0.0,7467
0.0,7468
0.0,7469
0.0,7470
0.0,7471
0.0,7472
0.0,7473
0.0,7474
0.0,7475
0.0,7476
0.0,7477
0.0,7478
0.0,7479
0.0,7480
0.0,7481
0.0,7482
2303.9286907468722,7483
2883.58030006901,7484
0.0,7485
1833.8406535157528,7486
1848.8951441722809,7487
1845.9380239601237,7488
0.0,7489
0.0,7490
1758.415336258516,7491
0.0,7492
1822.300955545948,7493
1769.0446767755466,7494
3131.2213638774783,7495
171.15296524727583,7496
3139.9340846945674,7497
1746.0389453158136,7498
1637.2296862293824,7499
1307.740286477504,7500
0.0,7501
3419.0273961984726,7502
0.0,7503
0.0,7504
0.0,7505
237.69390133591384,7506
0.0,7507
0.0,7508
1373.5715069329744,7509
0.0,7510
0.0,7511
1228.3428116851735,7512
0.0,7513
609.0321311175493,7514
0.0,7515
0.0,7516
0.0,7517
0.0,7518
0.0,7519
270.6086235548925,7520
0.0,7521
0.0,7522
0.0,7523
0.0,7524
0.0,7525
0.0,7526
0.0,7527
0.0,7528
0.0,7529
0.0,7530
0.0,7531
0.0,7532
0.0,7533
0.0,7534
0.0,7535
0.0,7536
0.0,7537
0.0,7538
0.0,7539
0.0,7540
0.0,7541
0.0,7542
0.0,7543
0.0,7544
0.0,7545
1406.9534885484316,7546
1418.6061334377007,7547
2353.493575169203,7548
0.0,7549
1608.562091921987,7550
1601.8084962267578,7551
0.0,7552
0.0,7553
1491.86777449801,7554
1819.9614324168328,7555
0.0,7556
0.0,7557
0.0,7558
0.0,7559
0.0,7560
0.0,7561
188.0104053662668,7562
27.338365919060998,7563
0.0,7564
0.0,7565
0.0,7566
130.9644893662412,7567
0.0,7568
0.0,7569
0.0,7570
0.0,7571
0.0,7572
0.0,7573
474.00234495068196,7574
2799.8445811256443,7575
0.0,7576
0.0,7577
0.0,7578
0.0,7579
0.0,7580
0.0,7581
0.0,7582
0.0,7583
1436.8736002760074,7584
0.0,7585
0.0,7586
0.0,7587
1422.3676500671397,7588
0.0,7589
1433.4254440748857,7590
0.0,7591
0.0,7592
0.0,7593
0.0,7594
0.0,7595
0.0,7596
1399.1858091830306,7597
0.0,7598
0.0,7599
0.0,7600
0.0,7601
0.0,7602
0.0,7603
0.0,7604
0.0,7605
0.0,7606
0.0,7607
0.0,7608
0.0,7609
0.0,7610
0.0,7611
4746.82945689691,7612
0.0,7613
0.0,7614
0.0,7615
0.0,7616
42.89658888797388,7617
42.32883814452592,7618
0.0,7619
0.0,7620
0.0,7621
0.0,7622
0.0,7623
0.0,7624
0.0,7625
0.0,7626
0.0,7627
2970.770775574034,7628
0.0,7629
0.0,7630
214.0779364385291,7631
4012.3661252087104,7632
0.0,7633
227.63257470766618,7634
0.0,7635
146.29434340494925,7636
0.0,7637
361.52213558850667,7638
5065.479466831494,7639
148.6420236018683,7640
4044.2849612976966,7641
522.9473731676666,7642
0.0,7643
150.28803055627955,7644
0.0,7645
0.0,7646
0.0,7647
0.0,7648
0.0,7649
0.0,7650
0.0,7651
0.0,7652
175.65788264738237,7653
0.0,7654
0.0,7655
0.0,7656
0.0,7657
0.0,7658
0.0,7659
0.0,7660
0.0,7661
0.0,7662
0.0,7663
0.0,7664
0.0,7665
0.0,7666
0.0,7667
0.0,7668
0.0,7669
0.0,7670
0.0,7671
0.0,7672
0.0,7673
646.1740556215838,7674
648.0053428861131,7675
1366.3834000531106,7676
0.0,7677
0.0,7678
0.0,7679
0.0,7680
0.0,7681
0.0,7682
0.0,7683
0.0,7684
0.0,7685
0.0,7686
0.0,7687
0.0,7688
0.0,7689
0.0,7690
0.0,7691
0.0,7692
94.32512396939114,7693
0.0,7694
0.0,7695
0.0,7696
0.0,7697
0.0,7698
0.0,7699
0.0,7700
0.0,7701
0.0,7702
0.0,7703
0.0,7704
0.0,7705
0.0,7706
0.0,7707
0.0,7708
0.0,7709
0.0,7710
0.0,7711
0.0,7712
0.0,7713
0.0,7714
0.0,7715
0.0,7716
0.0,7717
0.0,7718
0.0,7719
0.0,7720
0.0,7721
0.0,7722
0.0,7723
0.0,7724
0.0,7725
0.0,7726
0.0,7727
0.0,7728
0.0,7729
0.0,7730
0.0,7731
0.0,7732
0.0,7733
0.0,7734
0.0,7735
0.0,7736
0.0,7737
0.0,7738
0.0,7739
0.0,7740
0.0,7741
0.0,7742
0.0,7743
0.0,7744
0.0,7745
0.0,7746
0.0,7747
0.0,7748
0.0,7749
0.0,7750
0.0,7751
0.0,7752
0.0,7753
0.0,7754
0.0,7755
0.0,7756
0.0,7757
0.0,7758
0.0,7759
0.0,7760
0.0,7761
0.0,7762
0.0,7763
0.0,7764
0.0,7765
0.0,7766
0.0,7767
0.0,7768
0.0,7769
0.0,7770
0.0,7771
0.0,7772
0.0,7773
0.0,7774
0.0,7775
339.6251556606174,7776
0.0,7777
0.0,7778
0.0,7779
0.0,7780
0.0,7781
0.0,7782
0.0,7783
0.0,7784
0.0,7785
0.0,7786
0.0,7787
0.0,7788
0.0,7789
0.0,7790
0.0,7791
0.0,7792
0.0,7793
0.0,7794
0.0,7795
0.0,7796
0.0,7797
0.0,7798
0.0,7799
0.0,7800
0.0,7801
0.0,7802
0.0,7803
0.0,7804
0.0,7805
0.0,7806
0.0,7807
0.0,7808
0.0,7809
0.0,7810
0.0,7811
0.0,7812
0.0,7813
0.0,7814
0.0,7815
0.0,7816
0.0,7817
0.0,7818
0.0,7819
0.0,7820
0.0,7821
0.0,7822
0.0,7823
0.0,7824
0.0,7825
0.0,7826
0.0,7827
0.0,7828
0.0,7829
0.0,7830
0.0,7831
0.0,7832
0.0,7833
0.0,7834
2567.745962483474,7835
0.0,7836
0.0,7837
0.0,7838
0.0,7839
0.0,7840
0.0,7841
0.0,7842
0.0,7843
0.0,7844
0.0,7845
0.0,7846
0.0,7847
0.0,7848
0.0,7849
0.0,7850
1257.8679463693788,7851
0.0,7852
0.0,7853
0.0,7854
0.0,7855
0.0,7856
0.0,7857
0.0,7858
0.0,7859
0.0,7860
0.0,7861
0.0,7862
0.0,7863
0.0,7864
0.0,7865
0.0,7866
0.0,7867
0.0,7868
0.0,7869
0.0,7870
0.0,7871
0.0,7872
0.0,7873
0.0,7874
0.0,7875
0.0,7876
0.0,7877
0.0,7878
0.0,7879
0.0,7880
0.0,7881
0.0,7882
0.0,7883
0.0,7884
0.0,7885
0.0,7886
0.0,7887
0.0,7888
0.0,7889
0.0,7890
0.0,7891
0.0,7892
0.0,7893
0.0,7894
0.0,7895
836.0285933444693,7896
0.0,7897
0.0,7898
0.0,7899
0.0,7900
0.0,7901
0.0,7902
0.0,7903
0.0,7904
0.0,7905
0.0,7906
0.0,7907
0.0,7908
0.0,7909
0.0,7910
826.3047247482871,7911
0.0,7912
0.0,7913
0.0,7914
0.0,7915
0.0,7916
0.0,7917
0.0,7918
0.0,7919
0.0,7920
0.0,7921
0.0,7922
0.0,7923
0.0,7924
0.0,7925
0.0,7926
0.0,7927
0.0,7928
0.0,7929
0.0,7930
0.0,7931
0.0,7932
0.0,7933
0.0,7934
0.0,7935
0.0,7936
0.0,7937
0.0,7938
0.0,7939
0.0,7940
0.0,7941
0.0,7942
0.0,7943
0.0,7944
0.0,7945
0.0,7946
0.0,7947
0.0,7948
0.0,7949
0.0,7950
0.0,7951
0.0,7952
0.0,7953
3004.20435433953,7954
0.0,7955
0.0,7956
0.0,7957
3345.7440263419353,7958
0.0,7959
0.0,7960
0.0,7961
0.0,7962
0.0,7963
0.0,7964
0.0,7965
0.0,7966
0.0,7967
3696.227424012266,7968
0.0,7969
0.0,7970
0.0,7971
0.0,7972
0.0,7973
0.0,7974
0.0,7975
0.0,7976
0.0,7977
0.0,7978
0.0,7979
0.0,7980
0.0,7981
0.0,7982
0.0,7983
0.0,7984
0.0,7985
0.0,7986
0.0,7987
0.0,7988
0.0,7989
0.0,7990
0.0,7991
0.0,7992
0.0,7993
0.0,7994
0.0,7995
0.0,7996
0.0,7997
0.0,7998
0.0,7999
0.0,8000
0.0,8001
0.0,8002
0.0,8003
0.0,8004
0.0,8005
0.0,8006
0.0,8007
0.0,8008
0.0,8009
0.0,8010
0.0,8011
0.0,8012
0.0,8013
0.0,8014
0.0,8015
0.0,8016
0.0,8017
0.0,8018
2761.7990440472504,8019
0.0,8020
0.0,8021
0.0,8022
0.0,8023
0.0,8024
0.0,8025
0.0,8026
0.0,8027
0.0,8028
0.0,8029
0.0,8030
0.0,8031
0.0,8032
0.0,8033
0.0,8034
0.0,8035
0.0,8036
0.0,8037
0.0,8038
0.0,8039
0.0,8040
0.0,8041
0.0,8042
0.0,8043
0.0,8044
0.0,8045
0.0,8046
0.0,8047
0.0,8048
1527.3529015292816,8049
0.0,8050
0.0,8051
0.0,8052
0.0,8053
0.0,8054
0.0,8055
0.0,8056
0.0,8057
0.0,8058
0.0,8059
0.0,8060
0.0,8061
0.0,8062
0.0,8063
0.0,8064
0.0,8065
6258.342247525789,8066
0.0,8067
0.0,8068
0.0,8069
0.0,8070
0.0,8071
0.0,8072
0.0,8073
0.0,8074
0.0,8075
2359.328786328894,8076
0.0,8077
0.0,8078
0.0,8079
0.0,8080
0.0,8081
0.0,8082
0.0,8083
0.0,8084
0.0,8085
0.0,8086
0.0,8087
0.0,8088
0.0,8089
0.0,8090
0.0,8091
0.0,8092
0.0,8093
0.0,8094
0.0,8095
0.0,8096
0.0,8097
0.0,8098
0.0,8099
0.0,8100
0.0,8101
0.0,8102
0.0,8103
0.0,8104
0.0,8105
0.0,8106
0.0,8107
0.0,8108
0.0,8109
0.0,8110
0.0,8111
0.0,8112
0.0,8113
0.0,8114
0.0,8115
0.0,8116
0.0,8117
0.0,8118
0.0,8119
0.0,8120
0.0,8121
0.0,8122
0.0,8123
0.0,8124
0.0,8125
0.0,8126
0.0,8127
0.0,8128
884.3996533996382,8129
0.0,8130
0.0,8131
0.0,8132
185.61315925777737,8133
0.0,8134
0.0,8135
0.0,8136
0.0,8137
0.0,8138
0.0,8139
0.0,8140
0.0,8141
0.0,8142
0.0,8143
0.0,8144
0.0,8145
766.4567287768638,8146
0.0,8147
0.0,8148
0.0,8149
0.0,8150
0.0,8151
0.0,8152
613.5730352626996,8153
0.0,8154
0.0,8155
0.0,8156
0.0,8157
0.0,8158
1200.6347098832887,8159
2017.7020403270349,8160
0.0,8161
0.0,8162
0.0,8163
0.0,8164
0.0,8165
28.407877929598605,8166
0.0,8167
0.0,8168
0.0,8169
0.0,8170
0.0,8171
0.0,8172
38.877934405511574,8173
0.0,8174
0.0,8175
0.0,8176
0.0,8177
0.0,8178
0.0,8179
0.0,8180
774.8663156082607,8181
0.0,8182
0.0,8183
0.0,8184
1196.8488187025412,8185
1539.5597434728404,8186
1528.152828135215,8187
5123.599582087424,8188
1379.061409568174,8189
1171.8228499864324,8190
1352.2248509576843,8191
503.13144846431913,8192
1287.3071953516344,8193
0.0,8194
1933.121756276529,8195
0.0,8196
2563.2192071404725,8197
435.7273882515281,8198
0.0,8199
0.0,8200
362.24539106552635,8201
0.0,8202
0.0,8203
0.0,8204
0.0,8205
0.0,8206
0.0,8207
0.0,8208
0.0,8209
0.0,8210
0.0,8211
0.0,8212
0.0,8213
1373.0782541579576,8214
0.0,8215
0.0,8216
354.27155096648767,8217
0.0,8218
445.17338580496676,8219
0.0,8220
1019.152276791772,8221
193.6776521304169,8222
0.0,8223
0.0,8224
0.0,8225
0.0,8226
0.0,8227
93.57934917113278,8228
257.8552427676254,8229
0.0,8230
0.0,8231
0.0,8232
0.0,8233
256.3664366817485,8234
0.0,8235
0.0,8236
1450.8402097954097,8237
0.0,8238
0.0,8239
0.0,8240
0.0,8241
0.0,8242
1936.5895067845722,8243
0.0,8244
0.0,8245
0.0,8246
4046.219409564895,8247
0.0,8248
0.0,8249
0.0,8250
0.0,8251
0.0,8252
0.0,8253
0.0,8254
0.0,8255
0.0,8256
0.0,8257
0.0,8258
0.0,8259
0.0,8260
0.0,8261
0.0,8262
0.0,8263
0.0,8264
0.0,8265
268.43342973739385,8266
0.0,8267
0.0,8268
0.0,8269
0.0,8270
0.0,8271
0.0,8272
0.0,8273
0.0,8274
5576.468531448951,8275
0.0,8276
0.0,8277
0.0,8278
0.0,8279
235.9936677484883,8280
0.0,8281
0.0,8282
0.0,8283
0.0,8284
158.12629114774506,8285
42.955023658422185,8286
0.0,8287
0.0,8288
0.0,8289
0.0,8290
0.0,8291
0.0,8292
0.0,8293
0.0,8294
0.0,8295
0.0,8296
0.0,8297
0.0,8298
0.0,8299
1984.3977471349058,8300
0.0,8301
0.0,8302
0.0,8303
0.0,8304
583.8788942877961,8305
560.5849150671227,8306
536.4240103933187,8307
56.534632532862794,8308
0.0,8309
0.0,8310
0.0,8311
0.0,8312
0.0,8313
372.5001579438175,8314
0.0,8315
100.28867205522683,8316
0.0,8317
0.0,8318
0.0,8319
0.0,8320
0.0,8321
0.0,8322
0.0,8323
0.0,8324
0.0,8325
0.0,8326
1444.0677142702411,8327
0.0,8328
0.0,8329
0.0,8330
215.36663327369214,8331
0.0,8332
0.0,8333
0.0,8334
0.0,8335
563.9743343729974,8336
0.0,8337
858.8272514014419,8338
568.1511454934927,8339
0.0,8340
0.0,8341
0.0,8342
0.0,8343
0.0,8344
0.0,8345
342.1720586662173,8346
0.0,8347
0.0,8348
0.0,8349
0.0,8350
3341.8389027196813,8351
0.0,8352
485.3868485832614,8353
306.1689587350495,8354
0.0,8355
0.0,8356
94.46327352856898,8357
0.0,8358
0.0,8359
0.0,8360
0.0,8361
0.0,8362
0.0,8363
0.0,8364
0.0,8365
0.0,8366
0.0,8367
0.0,8368
0.0,8369
0.0,8370
0.0,8371
0.0,8372
0.0,8373
0.0,8374
0.0,8375
0.0,8376
0.0,8377
0.0,8378
0.0,8379
0.0,8380
0.0,8381
0.0,8382
0.0,8383
0.0,8384
0.0,8385
0.0,8386
0.0,8387
0.0,8388
0.0,8389
0.0,8390
0.0,8391
0.0,8392
0.0,8393
0.0,8394
0.0,8395
124.31096740933437,8396
0.0,8397
0.0,8398
0.0,8399
0.0,8400
0.0,8401
0.0,8402
0.0,8403
0.0,8404
0.0,8405
423.5630963067382,8406
0.0,8407
492.50222374085445,8408
0.0,8409
0.0,8410
0.0,8411
0.0,8412
0.0,8413
0.0,8414
0.0,8415
0.0,8416
0.0,8417
709.0034243566927,8418
0.0,8419
0.0,8420
0.0,8421
894.675117700197,8422
0.0,8423
0.0,8424
0.0,8425
0.0,8426
0.0,8427
0.0,8428
0.0,8429
0.0,8430
0.0,8431
0.0,8432
0.0,8433
0.0,8434
0.0,8435
0.0,8436
0.0,8437
0.0,8438
0.0,8439
0.0,8440
0.0,8441
0.0,8442
0.0,8443
0.0,8444
176.57804626919312,8445
0.0,8446
0.0,8447
0.0,8448
0.0,8449
0.0,8450
0.0,8451
0.0,8452
0.0,8453
0.0,8454
0.0,8455
0.0,8456
0.0,8457
0.0,8458
0.0,8459
0.0,8460
784.6039608208223,8461
1922.5200154599036,8462
0.0,8463
0.0,8464
0.0,8465
0.0,8466
0.0,8467
0.0,8468
0.0,8469
0.0,8470
52.21544596384678,8471
0.0,8472
1.4320164807812152,8473
0.0,8474
0.0,8475
1886.895220842782,8476
2923.234843336266,8477
0.0,8478
0.0,8479
0.0,8480
107.40853496476637,8481
0.0,8482
0.0,8483
0.0,8484
0.0,8485
0.0,8486
88.42466984420649,8487
0.0,8488
0.0,8489
0.0,8490
0.0,8491
0.0,8492
0.0,8493
2241.403709582947,8494
0.0,8495
0.0,8496
0.0,8497
0.0,8498
1627.3394742597861,8499
1579.2436134968193,8500
791.0122577780662,8501
1682.4411121902085,8502
0.0,8503
1608.724863202082,8504
0.0,8505
0.0,8506
542.2117758740791,8507
0.0,8508
1474.5736783045734,8509
0.0,8510
0.0,8511
0.0,8512
0.0,8513
999.3106636822515,8514
2599.194171258571,8515
0.0,8516
0.0,8517
1080.439770428128,8518
2780.1432240863082,8519
0.0,8520
1106.6566440030806,8521
358.8665905663341,8522
576.9539669156778,8523
2911.6848411762426,8524
0.0,8525
569.7755973432692,8526
751.0793435089531,8527
0.0,8528
834.891061822019,8529
1464.2441580922066,8530
0.0,8531
2717.8276675424495,8532
1056.2850670048479,8533
0.0,8534
0.0,8535
1228.1945340564405,8536
1610.507393427864,8537
0.0,8538
2061.542588440812,8539
0.0,8540
0.0,8541
2215.728960337007,8542
2364.6316074598694,8543
2402.3336626721075,8544
2690.887645532755,8545
0.0,8546
2812.5374456994837,8547
554.7283162622904,8548
120.34369423656787,8549
0.0,8550
1725.3934089045797,8551
283.76011647004253,8552
1895.3621225306676,8553
2092.1762390930476,8554
629.9184760128977,8555
2241.795524436301,8556
2061.7021977393956,8557
109.14880844437545,8558
943.647108186897,8559
1147.0036107324415,8560
2155.5912162380414,8561
1375.5165249456122,8562
856.8302787887734,8563
1722.9173543222316,8564
1406.339624603988,8565
2087.198218721509,8566
2148.183636658013,8567
2200.2730821838118,8568
4701.97528665693,8569
2292.285656052315,8570
0.0,8571
0.0,8572
755.0574470772549,8573
769.1648479534568,8574
0.0,8575
0.0,8576
0.0,8577
1125.6991849082108,8578
1134.0080791925145,8579
881.5700510861597,8580
0.0,8581
0.0,8582
0.0,8583
0.0,8584
0.0,8585
3970.2539512900426,8586
853.9324428635941,8587
2407.6713064524097,8588
0.0,8589
266.55331529949115,8590
0.0,8591
0.0,8592
0.0,8593
0.0,8594
0.0,8595
887.9834127869127,8596
0.0,8597
220.4065436903835,8598
0.0,8599
311.88525059043576,8600
322.3474089243925,8601
702.4979664635651,8602
0.0,8603
0.0,8604
0.0,8605
0.0,8606
0.0,8607
395.0143674916427,8608
0.0,8609
3514.465887317351,8610
0.0,8611
0.0,8612
0.0,8613
1055.5956508377183,8614
0.0,8615
0.0,8616
0.0,8617
0.0,8618
0.0,8619
0.0,8620
0.0,8621
0.0,8622
0.0,8623
0.0,8624
0.0,8625
0.0,8626
1866.5398617302353,8627
222.66927014035636,8628
0.0,8629
304.31380320415866,8630
0.0,8631
6240.771144552507,8632
9096.358597967483,8633
6231.781936114411,8634
6261.6638681151135,8635
2556.4675133642286,8636
8189.475088907171,8637
2574.83011105932,8638
0.0,8639
2614.698704294668,8640
496.173470198252,8641
0.0,8642
2465.243878761502,8643
2054.3238905406433,8644
1473.7460082824086,8645
0.0,8646
0.0,8647
0.0,8648
653.2249310253379,8649
239.80753207185026,8650
0.0,8651
5391.776641442011,8652
1782.9495397334972,8653
0.0,8654
607.5518958410977,8655
0.0,8656
1369.6478128394072,8657
0.0,8658
2549.9546039414076,8659
0.0,8660
2545.867125781296,8661
3934.4176302921137,8662
679.5455019012102,8663
0.0,8664
0.0,8665
0.0,8666
279.77117772666344,8667
1124.1844099774175,8668
0.0,8669
0.0,8670
0.0,8671
3039.260745542971,8672
1133.1665285210754,8673
0.0,8674
1840.8946710667817,8675
119.98267539493064,8676
3783.4993131847464,8677
0.0,8678
0.0,8679
245.4810622678663,8680
1864.6231725508792,8681
146.38294926676934,8682
278.6629119228541,8683
0.0,8684
0.0,8685
0.0,8686
2678.734566981735,8687
0.0,8688
0.0,8689
442.9789518399257,8690
956.7303405268507,8691
11578.994168743573,8692
0.0,8693
101.73632494665686,8694
183.33544997943258,8695
0.0,8696
791.8047299190538,8697
0.0,8698
3695.196164703464,8699
321.98762210035846,8700
0.0,8701
295.5282070172951,8702
1176.2601736871495,8703
0.0,8704
3086.5276374023188,8705
1441.2114075102263,8706
1019.9586982477103,8707
560.1054771840248,8708
0.0,8709
0.0,8710
4946.5498201721475,8711
2356.3987086153243,8712
0.0,8713
0.0,8714
0.0,8715
0.0,8716
0.0,8717
3593.5319902004067,8718
0.0,8719
0.0,8720
0.0,8721
0.0,8722
0.0,8723
47.11245728817986,8724
0.0,8725
131.48247206885262,8726
0.0,8727
363.15845518495274,8728
1361.4366058761084,8729
1350.0554889366317,8730
0.0,8731
724.7857334970745,8732
0.0,8733
0.0,8734
393.5783195719024,8735
0.0,8736
525.2967955542798,8737
0.0,8738
927.6922961438793,8739
1080.2809821446886,8740
0.0,8741
0.0,8742
0.0,8743
0.0,8744
0.0,8745
0.0,8746
0.0,8747
3589.604566216412,8748
0.0,8749
0.0,8750
129.56546001195218,8751
0.0,8752
1495.993374424126,8753
0.0,8754
5870.3789169544525,8755
0.0,8756
0.0,8757
0.0,8758
0.0,8759
2497.058845166742,8760
0.0,8761
0.0,8762
0.0,8763
0.0,8764
0.0,8765
0.0,8766
0.0,8767
1187.1889771896242,8768
1529.908164995488,8769
5257.615714715054,8770
5477.719148745869,8771
464.69656058682665,8772
5264.529265324928,8773
0.0,8774
0.0,8775
0.0,8776
4610.615116134703,8777
0.0,8778
5435.03014121353,8779
903.0970489804101,8780
0.0,8781
0.0,8782
0.0,8783
1756.3244646674195,8784
49.20795747477057,8785
0.0,8786
0.0,8787
650.3566785216743,8788
3891.5868886435032,8789
9272.735043153227,8790
3419.21774149046,8791
3071.64027801296,8792
1754.0317192948278,8793
4990.687955970787,8794
612.3479604182654,8795
1033.3891292849416,8796
3648.312747277647,8797
1051.493307112845,8798
0.0,8799
1649.2172788264556,8800
2002.6118615932473,8801
5240.773843931965,8802
0.0,8803
2883.4732222222437,8804
1270.045614480281,8805
658.3934623920019,8806
0.0,8807
4465.417336248736,8808
48.4200401344866,8809
335.0460239691144,8810
1642.18860578713,8811
0.0,8812
101.10402755639834,8813
0.0,8814
0.0,8815
0.0,8816
0.0,8817
699.7932816522529,8818
1931.1672462367294,8819
0.0,8820
0.0,8821
872.6499643042821,8822
0.0,8823
2939.9245965545206,8824
5257.14179507231,8825
931.7869863904803,8826
694.711800378625,8827
281.7634095855955,8828
0.0,8829
1540.1906479981005,8830
278.4345926148264,8831
0.0,8832
517.4736110225184,8833
0.0,8834
622.1558325725264,8835
1595.4168486278274,8836
1096.6631976469741,8837
2531.7346175976704,8838
228.15418738193569,8839
8163.721126603525,8840
0.0,8841
2347.908365760423,8842
0.0,8843
493.13992495132663,8844
64.60763741284408,8845
0.0,8846
3325.932773824325,8847
0.0,8848
3483.602957108471,8849
1445.5361034303735,8850
0.0,8851
1942.9880008060675,8852
0.0,8853
0.0,8854
0.0,8855
1711.6891379268916,8856
477.35079237032903,8857
0.0,8858
0.0,8859
5226.249951103515,8860
0.0,8861
2277.522424167154,8862
0.0,8863
2259.8809989662295,8864
0.0,8865
0.0,8866
209.62663534100446,8867
7739.80070796965,8868
2442.454048340119,8869
0.0,8870
0.0,8871
0.0,8872
0.0,8873
0.0,8874
4215.091677186777,8875
0.0,8876
4760.351959791972,8877
5557.691395389648,8878
2592.7178910902244,8879
0.0,8880
0.0,8881
0.0,8882
0.0,8883
0.0,8884
0.0,8885
0.0,8886
0.0,8887
0.0,8888
0.0,8889
0.0,8890
0.0,8891
1369.4839522744192,8892
0.0,8893
0.0,8894
0.0,8895
0.0,8896
0.0,8897
0.0,8898
1565.8397294843242,8899
1839.2122766790624,8900
1647.3242600341507,8901
0.0,8902
10752.959625297133,8903
0.0,8904
0.0,8905
6151.760744905169,8906
2770.583855043215,8907
0.0,8908
0.0,8909
1976.8828030475513,8910
5136.09915800436,8911
2668.9905087425464,8912
1496.7268145070786,8913
3303.311493412508,8914
855.747740195256,8915
150.51846924300548,8916
1812.7016578834907,8917
0.0,8918
0.0,8919
3305.1454934976337,8920
10898.139048301091,8921
0.0,8922
0.0,8923
869.8036964636004,8924
0.0,8925
0.0,8926
0.0,8927
2587.9038787980994,8928
0.0,8929
442.55332649714427,8930
957.257682034795,8931
0.0,8932
0.0,8933
6279.924077491281,8934
0.0,8935
0.0,8936
0.0,8937
7503.2353582608375,8938
0.0,8939
0.0,8940
608.7570079857749,8941
0.0,8942
0.0,8943
0.0,8944
0.0,8945
0.0,8946
0.0,8947
0.0,8948
0.0,8949
0.0,8950
9408.367887482082,8951
0.0,8952
0.0,8953
0.0,8954
1356.1045868594301,8955
0.0,8956
0.0,8957
586.8567265908971,8958
4962.237933623515,8959
6604.78153251956,8960
7007.563573207827,8961
0.0,8962
0.0,8963
898.3362896097963,8964
3277.74790593594,8965
0.0,8966
738.9454808595267,8967
4998.55708207874,8968
0.0,8969
0.0,8970
2694.893630617903,8971
789.7125957598001,8972
0.0,8973
1265.4629640718815,8974
512.7344131242952,8975
1250.5766599058586,8976
0.0,8977
265.5711245978763,8978
0.0,8979
0.0,8980
0.0,8981
1175.1929629332537,8982
0.0,8983
0.0,8984
1241.6281448137852,8985
0.0,8986
32.51227815769938,8987
0.0,8988
0.0,8989
0.0,8990
5372.343383597394,8991
4128.369504052547,8992
0.0,8993
5514.830847700741,8994
523.7431985172122,8995
5199.402546870594,8996
1280.5546017203499,8997
0.0,8998
0.0,8999
0.0,9000
0.0,9001
4327.732570667962,9002
1311.1261858899263,9003
0.0,9004
0.0,9005
0.0,9006
0.0,9007
0.0,9008
0.0,9009
652.4546166539347,9010
0.0,9011
0.0,9012
2876.412108134317,9013
2880.7313397116345,9014
732.0732956871565,9015
4480.701360386103,9016
773.6791389157218,9017
3461.3269795268875,9018
1051.4226786993768,9019
1251.2191243670886,9020
0.0,9021
0.0,9022
0.0,9023
0.0,9024
0.0,9025
1043.1066117598937,9026
0.0,9027
229.65463326328182,9028
0.0,9029
5.691842938545314,9030
0.0,9031
0.0,9032
1247.4541279245327,9033
3113.1440706888607,9034
1240.4442141374948,9035
0.0,9036
0.0,9037
0.0,9038
0.0,9039
0.0,9040
0.0,9041
0.0,9042
0.0,9043
2819.17854063936,9044
0.0,9045
2790.9242722489585,9046
0.0,9047
0.0,9048
0.0,9049
0.0,9050
0.0,9051
2955.4500022382813,9052
0.0,9053
0.0,9054
0.0,9055
0.0,9056
0.0,9057
0.0,9058
0.0,9059
0.0,9060
0.0,9061
0.0,9062
0.0,9063
0.0,9064
0.0,9065
0.0,9066
57.77680196963789,9067
0.0,9068
0.0,9069
0.0,9070
262.49385347511947,9071
1262.530330518738,9072
0.0,9073
0.0,9074
0.0,9075
0.0,9076
124.41621622961597,9077
0.0,9078
0.0,9079
961.424429078956,9080
0.0,9081
0.0,9082
0.0,9083
0.0,9084
0.0,9085
1376.4201154931172,9086
0.0,9087
0.0,9088
0.0,9089
0.0,9090
0.0,9091
0.0,9092
0.0,9093
0.0,9094
0.0,9095
0.0,9096
0.0,9097
0.0,9098
0.0,9099
0.0,9100
0.0,9101
1161.5180252879568,9102
0.0,9103
0.0,9104
0.0,9105
0.0,9106
4091.7280941074823,9107
0.0,9108
0.0,9109
0.0,9110
0.0,9111
0.0,9112
0.0,9113
0.0,9114
0.0,9115
0.0,9116
0.0,9117
0.0,9118
199.24823348147888,9119
0.0,9120
0.0,9121
0.0,9122
1353.7179766888096,9123
0.0,9124
0.0,9125
314.2879851676416,9126
0.0,9127
0.0,9128
0.0,9129
980.9905809052249,9130
958.1056229860171,9131
0.0,9132
0.0,9133
0.0,9134
0.0,9135
0.0,9136
0.0,9137
0.0,9138
0.0,9139
0.0,9140
0.0,9141
0.0,9142
0.0,9143
0.0,9144
0.0,9145
0.0,9146
0.0,9147
0.0,9148
0.0,9149
0.0,9150
0.0,9151
0.0,9152
0.0,9153
0.0,9154
0.0,9155
1078.3019160105603,9156
0.0,9157
468.0677004909171,9158
1292.1141195295309,9159
178.636323979633,9160
0.0,9161
0.0,9162
0.0,9163
0.0,9164
0.0,9165
0.0,9166
287.2566160241283,9167
0.0,9168
2807.4281528343267,9169
1738.320848895729,9170
3664.8596465109636,9171
0.0,9172
0.0,9173
0.0,9174
5009.274300463057,9175
0.0,9176
0.0,9177
0.0,9178
529.5232767355518,9179
502.72474979686257,9180
0.0,9181
477.29311153430547,9182
0.0,9183
2647.5184460292808,9184
0.0,9185
587.0292933421435,9186
1269.9504469978294,9187
0.0,9188
414.1118210886451,9189
4059.963994982131,9190
0.0,9191
0.0,9192
3.2929651988311495,9193
0.0,9194
0.0,9195
0.0,9196
0.0,9197
0.0,9198
0.0,9199
0.0,9200
489.95736761594503,9201
0.0,9202
197.3303099823441,9203
175.24456703731425,9204
0.0,9205
0.0,9206
226.89100412188526,9207
0.0,9208
132.77126850233148,9209
111.56948328583461,9210
165.67154006124855,9211
252.73678162991746,9212
0.0,9213
0.0,9214
0.0,9215
0.0,9216
0.0,9217
0.0,9218
0.0,9219
0.0,9220
0.0,9221
0.0,9222
0.0,9223
0.0,9224
0.0,9225
0.0,9226
0.0,9227
0.0,9228
0.0,9229
0.0,9230
0.0,9231
0.0,9232
0.0,9233
0.0,9234
0.0,9235
0.0,9236
0.0,9237
0.0,9238
0.0,9239
0.0,9240
1061.963405534414,9241
0.0,9242
0.0,9243
0.0,9244
0.0,9245
0.0,9246
0.0,9247
0.0,9248
3947.339388874675,9249
0.0,9250
0.0,9251
3800.414893461233,9252
0.0,9253
0.0,9254
0.0,9255
0.0,9256
1775.807185504539,9257
0.0,9258
0.0,9259
0.0,9260
0.0,9261
0.0,9262
0.0,9263
0.0,9264
0.0,9265
0.0,9266
0.0,9267
0.0,9268
0.0,9269
0.0,9270
0.0,9271
0.0,9272
0.0,9273
0.0,9274
0.0,9275
0.0,9276
0.0,9277
0.0,9278
0.0,9279
0.0,9280
0.0,9281
0.0,9282
0.0,9283
0.0,9284
0.0,9285
0.0,9286
0.0,9287
0.0,9288
0.0,9289
0.0,9290
0.0,9291
0.0,9292
0.0,9293
0.0,9294
0.0,9295
0.0,9296
0.0,9297
0.0,9298
6105.972651283054,9299
0.0,9300
0.0,9301
0.0,9302
0.0,9303
0.0,9304
0.0,9305
0.0,9306
0.0,9307
0.0,9308
0.0,9309
0.0,9310
0.0,9311
0.0,9312
0.0,9313
0.0,9314
0.0,9315
0.0,9316
0.0,9317
1150.8705882281047,9318
0.0,9319
0.0,9320
0.0,9321
1727.6252795695657,9322
0.0,9323
0.0,9324
0.0,9325
0.0,9326
0.0,9327
124.74752492815765,9328
0.0,9329
0.0,9330
0.0,9331
0.0,9332
1490.2377971766732,9333
0.0,9334
0.0,9335
2179.7600746875705,9336
0.0,9337
0.0,9338
0.0,9339
0.0,9340
0.0,9341
3694.2878714975122,9342
0.0,9343
0.0,9344
0.0,9345
294.06495942724086,9346
0.0,9347
0.0,9348
0.0,9349
679.0571587988935,9350
0.0,9351
0.0,9352
465.450262440206,9353
0.0,9354
1006.8431065771482,9355
45.97271930365036,9356
0.0,9357
0.0,9358
0.0,9359
0.0,9360
0.0,9361
0.0,9362
0.0,9363
0.0,9364
504.8459417087499,9365
0.0,9366
0.0,9367
0.0,9368
0.0,9369
0.0,9370
2990.9493112038454,9371
757.6731966545298,9372
0.0,9373
0.0,9374
0.0,9375
0.0,9376
0.0,9377
0.0,9378
0.0,9379
1067.5997172031744,9380
1927.3899935419195,9381
0.0,9382
0.0,9383
1755.4176164192893,9384
164.90003093712482,9385
2639.964645788043,9386
0.0,9387
0.0,9388
0.0,9389
0.0,9390
0.0,9391
0.0,9392
0.0,9393
0.0,9394
0.0,9395
0.0,9396
0.0,9397
2128.2286264009194,9398
0.0,9399
0.0,9400
0.0,9401
0.0,9402
0.0,9403
0.0,9404
0.0,9405
0.0,9406
0.0,9407
0.0,9408
0.0,9409
0.0,9410
0.0,9411
0.0,9412
0.0,9413
0.0,9414
0.0,9415
0.0,9416
0.0,9417
215.97931493720384,9418
0.0,9419
0.0,9420
0.0,9421
0.0,9422
0.0,9423
0.0,9424
0.0,9425
0.0,9426
0.0,9427
2170.571625256208,9428
0.0,9429
0.0,9430
0.0,9431
1467.2604933278587,9432
0.0,9433
429.54143321022383,9434
2138.0322392774024,9435
0.0,9436
0.0,9437
0.0,9438
0.0,9439
0.0,9440
0.0,9441
0.0,9442
141.64447501968164,9443
621.0817139642272,9444
257.6248128108498,9445
0.0,9446
119.58759847132401,9447
827.4256459389181,9448
2774.9760840231143,9449
0.0,9450
0.0,9451
0.0,9452
0.0,9453
0.0,9454
0.0,9455
0.0,9456
0.0,9457
0.0,9458
0.0,9459
0.0,9460
0.0,9461
0.0,9462
0.0,9463
0.0,9464
0.0,9465
0.0,9466
0.0,9467
0.0,9468
99.42481485307216,9469
0.0,9470
0.0,9471
3145.1845636266053,9472
4709.393382080734,9473
0.0,9474
0.0,9475
0.0,9476
0.0,9477
0.0,9478
93.27438470911572,9479
0.0,9480
0.0,9481
0.0,9482
0.0,9483
0.0,9484
0.0,9485
0.0,9486
0.0,9487
0.0,9488
0.0,9489
0.0,9490
0.0,9491
0.0,9492
0.0,9493
0.0,9494
0.0,9495
0.0,9496
0.0,9497
0.0,9498
0.0,9499
0.0,9500
0.0,9501
0.0,9502
0.0,9503
0.0,9504
0.0,9505
0.0,9506
0.0,9507
0.0,9508
0.0,9509
0.0,9510
0.0,9511
0.0,9512
0.0,9513
0.0,9514
0.0,9515
0.0,9516
0.0,9517
0.0,9518
0.0,9519
0.0,9520
0.0,9521
0.0,9522
0.0,9523
0.0,9524
0.0,9525
0.0,9526
0.0,9527
80.91146087918406,9528
0.0,9529
0.0,9530
0.0,9531
0.0,9532
0.0,9533
0.0,9534
0.0,9535
0.0,9536
0.0,9537
0.0,9538
0.0,9539
0.0,9540
0.0,9541
0.0,9542
0.0,9543
0.0,9544
0.0,9545
0.0,9546
300.96164862665375,9547
0.0,9548
0.0,9549
0.0,9550
0.0,9551
0.0,9552
0.0,9553
0.0,9554
0.0,9555
0.0,9556
0.0,9557
0.0,9558
0.0,9559
59.24590210179353,9560
0.0,9561
0.0,9562
0.0,9563
0.0,9564
0.0,9565
0.0,9566
0.0,9567
0.0,9568
0.0,9569
0.0,9570
156.25409730295576,9571
0.0,9572
0.0,9573
0.0,9574
0.0,9575
0.0,9576
0.0,9577
0.0,9578
699.6559641236187,9579
710.1840708499129,9580
3217.016345965817,9581
1113.2346682014118,9582
8014.0940906033,9583
0.0,9584
0.0,9585
6696.907328698266,9586
0.0,9587
0.0,9588
0.0,9589
0.0,9590
0.0,9591
0.0,9592
0.0,9593
499.8410673253838,9594
337.62873873332575,9595
0.0,9596
0.0,9597
546.8929567629452,9598
0.0,9599
0.0,9600
0.0,9601
0.0,9602
0.0,9603
0.0,9604
0.0,9605
0.0,9606
0.0,9607
0.0,9608
324.68398854443217,9609
0.0,9610
0.0,9611
0.0,9612
0.0,9613
0.0,9614
0.0,9615
0.0,9616
125.90986463013863,9617
0.0,9618
0.0,9619
0.0,9620
372.1502576422985,9621
0.0,9622
0.0,9623
0.0,9624
0.0,9625
0.0,9626
0.0,9627
2312.018006959439,9628
0.0,9629
0.0,9630
0.0,9631
782.7309198961449,9632
0.0,9633
0.0,9634
0.0,9635
0.0,9636
968.835988065503,9637
0.0,9638
0.0,9639
0.0,9640
0.0,9641
0.0,9642
0.0,9643
0.0,9644
0.0,9645
124.23521960321852,9646
0.0,9647
0.0,9648
0.0,9649
0.0,9650
0.0,9651
227.01840288300502,9652
0.0,9653
0.0,9654
0.0,9655
0.0,9656
0.0,9657
0.0,9658
0.0,9659
0.0,9660
0.0,9661
0.0,9662
0.0,9663
0.0,9664
0.0,9665
0.0,9666
0.0,9667
0.0,9668
0.0,9669
0.0,9670
295.24141201566067,9671
0.0,9672
0.0,9673
0.0,9674
0.0,9675
0.0,9676
0.0,9677
3631.3816398852855,9678
0.0,9679
0.0,9680
911.8612459168529,9681
0.0,9682
0.0,9683
0.0,9684
155.70588162870916,9685
137.20537232046019,9686
0.0,9687
45.1925261324661,9688
1291.6834074370138,9689
2386.4560941807463,9690
0.0,9691
0.0,9692
0.0,9693
0.0,9694
17.390545668437493,9695
1044.1644333241425,9696
0.0,9697
0.0,9698
0.0,9699
0.0,9700
0.0,9701
0.0,9702
0.0,9703
0.0,9704
0.0,9705
0.0,9706
0.0,9707
0.0,9708
0.0,9709
0.0,9710
0.0,9711
0.0,9712
2162.8848010766555,9713
0.0,9714
0.0,9715
0.0,9716
0.0,9717
0.0,9718
0.0,9719
183.8112006734751,9720
294.34825795781313,9721
0.0,9722
0.0,9723
0.0,9724
0.0,9725
0.0,9726
718.7436912940847,9727
0.0,9728
0.0,9729
0.0,9730
0.0,9731
74.16668727676355,9732
0.0,9733
0.0,9734
0.0,9735
0.0,9736
0.0,9737
0.0,9738
0.0,9739
0.0,9740
0.0,9741
0.0,9742
0.0,9743
0.0,9744
0.0,9745
0.0,9746
0.0,9747
0.0,9748
0.0,9749
0.0,9750
0.0,9751
0.0,9752
0.0,9753
0.0,9754
0.0,9755
0.0,9756
0.0,9757
0.0,9758
0.0,9759
0.0,9760
0.0,9761
0.0,9762
0.0,9763
0.0,9764
0.0,9765
58.911203103784,9766
0.0,9767
0.0,9768
0.0,9769
27.609677815905076,9770
0.0,9771
172.85945428393734,9772
0.0,9773
0.0,9774
0.0,9775
129.6784041518005,9776
0.0,9777
0.0,9778
19.382889710862656,9779
0.0,9780
15.305137666343132,9781
0.0,9782
0.0,9783
0.0,9784
0.0,9785
0.0,9786
0.0,9787
0.0,9788
0.0,9789
0.0,9790
0.0,9791
0.0,9792
0.0,9793
0.0,9794
0.0,9795
0.0,9796
0.0,9797
0.0,9798
0.0,9799
0.0,9800
0.0,9801
0.0,9802
958.878250464404,9803
0.0,9804
0.0,9805
0.0,9806
152.82144889048706,9807
0.0,9808
0.0,9809
0.0,9810
140.05882898227517,9811
107.94306370632106,9812
0.0,9813
0.0,9814
0.0,9815
0.0,9816
0.0,9817
1254.9394827769006,9818
0.0,9819
0.0,9820
0.0,9821
0.0,9822
0.0,9823
1240.4874530278364,9824
0.0,9825
0.0,9826
0.0,9827
0.0,9828
0.0,9829
0.0,9830
0.0,9831
0.0,9832
0.0,9833
0.0,9834
0.0,9835
0.0,9836
0.0,9837
0.0,9838
0.0,9839
0.0,9840
0.0,9841
0.0,9842
0.0,9843
0.0,9844
885.6550402660331,9845
0.0,9846
0.0,9847
0.0,9848
0.0,9849
0.0,9850
0.0,9851
0.0,9852
0.0,9853
0.0,9854
0.0,9855
0.0,9856
1415.588127906819,9857
0.0,9858
0.0,9859
0.0,9860
0.0,9861
0.0,9862
1165.9471208373711,9863
0.0,9864
0.0,9865
0.0,9866
0.0,9867
0.0,9868
0.0,9869
0.0,9870
0.0,9871
0.0,9872
0.0,9873
0.0,9874
0.0,9875
0.0,9876
0.0,9877
1178.1370043706138,9878
0.0,9879
300.3213005304942,9880
0.0,9881
0.0,9882
0.0,9883
0.0,9884
0.0,9885
0.0,9886
0.0,9887
1440.460618069718,9888
0.0,9889
0.0,9890
0.0,9891
985.919390581498,9892
3481.4266382836495,9893
0.0,9894
881.79173511477,9895
0.0,9896
0.0,9897
0.0,9898
0.0,9899
0.0,9900
0.0,9901
0.0,9902
0.0,9903
0.0,9904
0.0,9905
0.0,9906
499.22223987890936,9907
0.0,9908
0.0,9909
0.0,9910
0.0,9911
0.0,9912
0.0,9913
14.310996260066995,9914
0.0,9915
1879.8008065166605,9916
0.0,9917
0.0,9918
0.0,9919
42.198682096810835,9920
38.8067541687332,9921
0.0,9922
37.068753694667684,9923
1088.1629153916952,9924
0.0,9925
0.0,9926
0.0,9927
0.0,9928
654.9149466986524,9929
0.0,9930
0.0,9931
0.0,9932
0.0,9933
0.0,9934
0.0,9935
0.0,9936
1000.4866719564624,9937
0.0,9938
0.0,9939
145.50348903421923,9940
0.0,9941
0.0,9942
0.0,9943
15.781093222300905,9944
36.927068670408225,9945
0.0,9946
0.0,9947
0.0,9948
934.300778483321,9949
0.0,9950
0.0,9951
0.0,9952
0.0,9953
0.0,9954
0.0,9955
0.0,9956
0.0,9957
0.0,9958
432.7932944788067,9959
0.0,9960
0.0,9961
0.0,9962
0.0,9963
0.0,9964
1902.1598587503481,9965
0.0,9966
0.0,9967
91.58718826839548,9968
0.0,9969
0.0,9970
0.0,9971
0.0,9972
0.0,9973
0.0,9974
0.0,9975
0.0,9976
0.0,9977
0.0,9978
164.59035206055324,9979
0.0,9980
0.0,9981
1858.86598800842,9982
487.08939883636657,9983
1626.3966193451583,9984
290.93968328886433,9985
0.0,9986
342.7932981581678,9987
0.0,9988
0.0,9989
468.9076883910699,9990
0.0,9991
0.0,9992
431.36262079034555,9993
0.0,9994
0.0,9995
454.8894785243259,9996
0.0,9997
0.0,9998
1518.0653436047614,9999
0.0,10000
0.0,10001
0.0,10002
1113.6111213204722,10003
0.0,10004
0.0,10005
0.0,10006
0.0,10007
0.0,10008
0.0,10009
0.0,10010
0.0,10011
0.0,10012
583.6068590496703,10013
0.0,10014
0.0,10015
601.595263979874,10016
0.0,10017
0.0,10018
0.0,10019
0.0,10020
0.0,10021
617.6873150881918,10022
0.0,10023
0.0,10024
631.672443525194,10025
0.0,10026
0.0,10027
0.0,10028
0.0,10029
0.0,10030
643.3735943712036,10031
0.0,10032
0.0,10033
0.0,10034
0.0,10035
0.0,10036
0.0,10037
0.0,10038
652.7673577197312,10039
545.7978224252955,10040
0.0,10041
542.0254835400899,10042
0.0,10043
2163.335001941034,10044
1995.235377635694,10045
0.0,10046
0.0,10047
0.0,10048
3093.8022396355286,10049
159.91381134729593,10050
0.0,10051
0.0,10052
96.15361302785804,10053
0.0,10054
1569.551629621479,10055
889.1685330511723,10056
1235.762350189785,10057
3643.5097104058805,10058
0.0,10059
0.0,10060
0.0,10061
0.0,10062
0.0,10063
0.0,10064
1033.0180749858612,10065
0.0,10066
0.0,10067
0.0,10068
1839.8754692715258,10069
0.0,10070
0.0,10071
0.0,10072
876.8905072824435,10073
0.0,10074
4597.274962609235,10075
0.0,10076
1769.1886635400965,10077
0.0,10078
3172.084446856379,10079
1479.2582529541403,10080
0.0,10081
0.0,10082
0.0,10083
5122.264447502051,10084
0.0,10085
1268.2397242178524,10086
0.0,10087
0.0,10088
0.0,10089
363.9602266130178,10090
1213.2079712271234,10091
0.0,10092
0.0,10093
0.0,10094
524.6139831425763,10095
0.0,10096
0.0,10097
300.81112098084776,10098
0.0,10099
0.0,10100
0.0,10101
0.0,10102
331.3860661517436,10103
250.7022590317781,10104
294.49288079566674,10105
333.43188030855936,10106
367.58164036494344,10107
0.0,10108
0.0,10109
0.0,10110
824.2649661429197,10111
837.4607284610407,10112
845.2385275461452,10113
295.4598197827422,10114
397.5199670005082,10115
866.6952738890163,10116
0.0,10117
563.5883508052515,10118
0.0,10119
561.1458182985118,10120
401.4255733828587,10121
862.7292250055989,10122
719.5422569371739,10123
0.0,10124
827.2586079622605,10125
1312.5713936231305,10126
0.0,10127
1772.9869745091803,10128
1868.7120234647107,10129
3998.0003905114,10130
0.0,10131
485.02100657426763,10132
1023.9299056778112,10133
1079.3726020985684,10134
484.2065351560764,10135
691.1350853144079,10136
1686.2325116151603,10137
927.9972777697403,10138
2200.078429075236,10139
0.0,10140
0.0,10141
0.0,10142
0.0,10143
0.0,10144
0.0,10145
0.0,10146
0.0,10147
0.0,10148
0.0,10149
0.0,10150
0.0,10151
0.0,10152
0.0,10153
0.0,10154
0.0,10155
0.0,10156
0.0,10157
0.0,10158
0.0,10159
0.0,10160
0.0,10161
0.0,10162
0.0,10163
236.09275826770298,10164
0.0,10165
0.0,10166
0.0,10167
0.0,10168
0.0,10169
0.0,10170
0.0,10171
0.0,10172
0.0,10173
0.0,10174
0.0,10175
3663.6322470854807,10176
0.0,10177
0.0,10178
3675.1769477584253,10179
0.0,10180
0.0,10181
0.0,10182
0.0,10183
1082.3339290020947,10184
0.0,10185
0.0,10186
0.0,10187
0.0,10188
0.0,10189
0.0,10190
0.0,10191
0.0,10192
0.0,10193
0.0,10194
123.24956217409417,10195
0.0,10196
177.178216100223,10197
0.0,10198
0.0,10199
1755.2816501535367,10200
0.0,10201
3270.0813730662544,10202
1468.340135601302,10203
2142.051911850896,10204
0.0,10205
0.0,10206
706.5138989071485,10207
0.0,10208
593.616393154129,10209
0.0,10210
1564.2898145384852,10211
506.8554907210951,10212
142.17322835980056,10213
0.0,10214
0.0,10215
815.7362804232242,10216
0.0,10217
349.65300032451637,10218
0.0,10219
0.0,10220
592.5427279111356,10221
0.0,10222
399.3287323087024,10223
0.0,10224
0.0,10225
0.0,10226
0.0,10227
0.0,10228
0.0,10229
0.0,10230
0.0,10231
0.0,10232
0.0,10233
0.0,10234
791.946663707142,10235
0.0,10236
0.0,10237
0.0,10238
0.0,10239
0.0,10240
0.0,10241
0.0,10242
0.0,10243
58.24354663924373,10244
0.0,10245
0.0,10246
0.0,10247
0.0,10248
0.0,10249
0.0,10250
0.0,10251
0.0,10252
0.0,10253
0.0,10254
0.0,10255
0.0,10256
477.9207048877541,10257
460.4220361519901,10258
30.274526907509593,10259
0.0,10260
725.0384270743974,10261
0.0,10262
0.0,10263
0.0,10264
0.0,10265
0.0,10266
0.0,10267
0.0,10268
0.0,10269
0.0,10270
0.0,10271
0.0,10272
0.0,10273
0.0,10274
0.0,10275
0.02135359994518866,10276
0.0,10277
0.0,10278
0.0,10279
1334.7297716084229,10280
0.0,10281
0.0,10282
0.0,10283
0.0,10284
0.0,10285
0.0,10286
0.0,10287
0.0,10288
0.0,10289
0.0,10290
0.0,10291
52.303086547210945,10292
0.0,10293
0.0,10294
0.0,10295
0.0,10296
1488.5893492735552,10297
0.0,10298
0.0,10299
275.78396185071733,10300
0.0,10301
196.0804921811903,10302
132.63388356507133,10303
0.0,10304
488.47068422568464,10305
0.0,10306
0.0,10307
0.0,10308
0.0,10309
0.0,10310
0.0,10311
0.0,10312
0.0,10313
64.48832309685547,10314
1323.995868700071,10315
0.0,10316
0.0,10317
0.0,10318
132.44047810378876,10319
0.0,10320
0.0,10321
45.20336347583132,10322
279.25787256351833,10323
0.0,10324
0.0,10325
0.0,10326
0.0,10327
0.0,10328
0.0,10329
0.0,10330
0.0,10331
0.0,10332
0.0,10333
0.0,10334
155.57137254098285,10335
151.86773330366057,10336
0.0,10337
0.0,10338
0.0,10339
0.0,10340
543.7299651608989,10341
0.0,10342
0.0,10343
0.0,10344
0.0,10345
0.0,10346
0.0,10347
0.0,10348
0.0,10349
0.0,10350
1143.8294008259754,10351
2023.3782127519728,10352
0.0,10353
0.0,10354
0.0,10355
0.0,10356
0.0,10357
0.0,10358
0.0,10359
0.0,10360
0.0,10361
0.0,10362
0.0,10363
2058.0980172664376,10364
0.0,10365
0.0,10366
0.0,10367
0.0,10368
490.783713554403,10369
0.0,10370
0.0,10371
164.8521542827147,10372
271.57926154192,10373
283.4643692287309,10374
0.0,10375
0.0,10376
0.0,10377
1075.4111914600323,10378
828.8703700628141,10379
2087.2215699064122,10380
1053.567452135812,10381
1045.2314420617738,10382
2149.6887997211916,10383
0.0,10384
2133.096060911828,10385
2114.9902734182137,10386
2095.9240461165477,10387
0.0,10388
0.0,10389
1763.8639378816636,10390
0.0,10391
0.0,10392
0.0,10393
1173.7643043020737,10394
2579.9056063242574,10395
589.3836779103694,10396
0.0,10397
1152.5837513216304,10398
1207.6319564814041,10399
1192.5965625007102,10400
0.0,10401
0.0,10402
1178.28134727029,10403
0.0,10404
1090.827519380702,10405
1148.4757700041098,10406
1135.747111061032,10407
0.0,10408
890.3169830165509,10409
167.44190803667703,10410
0.0,10411
0.0,10412
1740.5095991016185,10413
1799.662229052374,10414
0.0,10415
0.0,10416
0.0,10417
0.0,10418
0.0,10419
0.0,10420
1784.6734648437694,10421
0.0,10422
0.0,10423
0.0,10424
182.13064710848207,10425
1034.5464757649102,10426
0.0,10427
1036.3123469607767,10428
2060.5782757430125,10429
1438.5169800965687,10430
2899.566644002779,10431
157.15438559544674,10432
0.0,10433
0.0,10434
1255.7186769638731,10435
2336.043368635394,10436
1225.7396904313227,10437
885.0294032097792,10438
0.0,10439
372.96783987396503,10440
0.0,10441
0.0,10442
1416.7869809810477,10443
8.339249490872183,10444
1069.737191449051,10445
0.0,10446
0.0,10447
1121.5183104673647,10448
684.3740851074037,10449
0.0,10450
0.0,10451
3283.6125324742875,10452
0.0,10453
2902.661568441265,10454
0.0,10455
935.6512754516388,10456
2883.686938205043,10457
393.30613071116954,10458
1962.020532875659,10459
2334.938882606193,10460
0.0,10461
198.6414261169057,10462
0.0,10463
0.0,10464
0.0,10465
619.6444627342274,10466
959.6952276518688,10467
884.3041513010323,10468
0.0,10469
0.0,10470
2984.8938162304134,10471
947.446789732087,10472
0.0,10473
1033.5069597690344,10474
962.5336248916499,10475
961.1229499901134,10476
0.0,10477
354.0959766263768,10478
960.1721681319783,10479
958.8912686173076,10480
0.0,10481
0.0,10482
0.0,10483
117.18722020118291,10484
47.96755918116283,10485
0.0,10486
58.496817351329746,10487
68.95387910569006,10488
161.24449126773715,10489
0.0,10490
0.0,10491
1823.8902396368892,10492
0.0,10493
0.0,10494
814.2688369146642,10495
712.2999383126282,10496
266.35145360529185,10497
359.5763155693387,10498
0.0,10499
0.0,10500
0.0,10501
0.0,10502
0.0,10503
0.0,10504
386.6852379229845,10505
197.5402168772948,10506
1222.2937656846668,10507
118.88169004878047,10508
113.56953249932181,10509
181.47187573543755,10510
0.0,10511
0.0,10512
0.0,10513
258.99589188650504,10514
0.0,10515
327.0728271177916,10516
88.32313626576368,10517
1443.2715159254944,10518
0.0,10519
1441.6198611078719,10520
1319.3704594437186,10521
1501.7638417177423,10522
0.0,10523
118.53548834606772,10524
0.0,10525
117.04102411596496,10526
318.1707556986443,10527
118.80455063117046,10528
300.2130031716159,10529
223.66048731618227,10530
0.0,10531
886.122867248399,10532
1058.2127173852364,10533
920.2828397932186,10534
0.0,10535
0.0,10536
442.2265087274523,10537
837.3630734944353,10538
3558.9488819883086,10539
828.0365245374867,10540
678.1465762817306,10541
394.6877177509284,10542
651.2178875635258,10543
1054.3775976175289,10544
0.0,10545
0.0,10546
0.0,10547
223.6595078610327,10548
862.9198312854047,10549
0.0,10550
878.9915026522829,10551
812.3410499190921,10552
3310.0179688622634,10553
813.578236785145,10554
141.4567775136166,10555
802.7013528345433,10556
0.0,10557
0.0,10558
4048.7232156924333,10559
0.0,10560
0.0,10561
0.0,10562
0.0,10563
0.0,10564
0.0,10565
0.0,10566
0.0,10567
0.0,10568
0.0,10569
0.0,10570
0.0,10571
0.0,10572
0.0,10573
191.95687151987693,10574
3047.8725531901955,10575
114.83071109519743,10576
90.31199423465625,10577
0.0,10578
181.54711571666516,10579
509.46660859058045,10580
0.0,10581
0.0,10582
0.0,10583
0.0,10584
78.40192194757506,10585
59.83013055477669,10586
0.0,10587
0.0,10588
0.0,10589
16.350447909255774,10590
0.0,10591
180.49172447645412,10592
0.0,10593
0.0,10594
0.0,10595
0.0,10596
0.0,10597
0.0,10598
293.65168235833295,10599
104.15531720552708,10600
0.0,10601
0.0,10602
0.0,10603
0.0,10604
0.0,10605
0.0,10606
0.0,10607
349.53994529995026,10608
0.0,10609
0.0,10610
1942.1316258292309,10611
0.0,10612
0.0,10613
0.0,10614
0.0,10615
936.4699932501305,10616
1989.4336759648588,10617
0.0,10618
982.31972877796,10619
2262.675967103589,10620
2255.5809130468906,10621
599.8534336931226,10622
396.9966472561834,10623
462.48872722922204,10624
0.0,10625
0.0,10626
1031.3642748085588,10627
452.3927357308741,10628
374.2243813718606,10629
0.0,10630
359.3314632970191,10631
411.4592480597225,10632
532.2766121741848,10633
557.2828062203067,10634
1644.5097819058076,10635
120.60111835041043,10636
0.0,10637
371.12673387752136,10638
347.7909611727048,10639
324.0423285862346,10640
300.72830926105735,10641
0.0,10642
714.6627347554104,10643
0.0,10644
209.6363158361261,10645
256.9201127705178,10646
0.0,10647
1480.621495033072,10648
365.6287733621921,10649
723.8794773067104,10650
0.0,10651
231.55816514652048,10652
219.82256026702993,10653
1329.469397359143,10654
15.889542453062957,10655
0.0,10656
8.964297179792004,10657
0.0,10658
0.0,10659
121.01076153947112,10660
908.8021406299785,10661
113.84845699310632,10662
111.14094570223511,10663
1919.005285241253,10664
0.0,10665
186.08494305531394,10666
0.0,10667
0.0,10668
119.64948753460668,10669
189.32603326480645,10670
0.0,10671
203.3507360433606,10672
391.4461444487571,10673
0.0,10674
0.0,10675
0.0,10676
0.0,10677
452.28743289223473,10678
0.0,10679
109.76689992557108,10680
491.9466111155189,10681
419.72234584798196,10682
0.0,10683
118.6838004143407,10684
117.31643743006823,10685
4.9854640064278275,10686
21.176093394007143,10687
145.14085090753915,10688
0.0,10689
1592.0986700184917,10690
48.8034542520372,10691
173.70127992473672,10692
249.0380800751332,10693
801.8073737713333,10694
186.3820640621345,10695
82.93810700705869,10696
0.0,10697
209.01115958487372,10698
1528.5489158561415,10699
226.1833914310218,10700
235.9126907465586,10701
247.14687826672883,10702
0.0,10703
259.83924170835667,10704
156.18849036921182,10705
847.5215818436226,10706
0.0,10707
1677.4865103958002,10708
25.360771469406075,10709
217.36215566136948,10710
0.0,10711
205.61979217340112,10712
0.0,10713
82.46650875132285,10714
224.15702524811667,10715
311.29300134818845,10716
331.50744817393826,10717
281.0603942209307,10718
1309.8719794014826,10719
233.81440506396228,10720
0.0,10721
791.3831838671155,10722
94.18431154909864,10723
0.0,10724
0.0,10725
0.0,10726
0.0,10727
1442.083130839468,10728
0.0,10729
1258.9046349205337,10730
1064.0909291635785,10731
640.7777086774204,10732
654.7188744917071,10733
665.7835006802663,10734
0.0,10735
673.9564464396527,10736
679.2715006270913,10737
681.8978319426134,10738
682.1001456174225,10739
535.2683730575009,10740
2542.9547639065368,10741
242.34486158071104,10742
0.0,10743
30.72298795641892,10744
1472.1588222575672,10745
723.3503739792975,10746
992.2963924579042,10747
0.0,10748
734.3557271463628,10749
0.0,10750
739.7508254523542,10751
0.0,10752
0.0,10753
0.0,10754
0.0,10755
0.0,10756
0.0,10757
0.0,10758
612.74907857748,10759
625.245576926193,10760
634.8293024395573,10761
397.51711436844505,10762
0.0,10763
0.0,10764
304.05057603092337,10765
0.0,10766
0.0,10767
0.0,10768
2439.3378457031954,10769
1106.86831500008,10770
0.0,10771
0.0,10772
642.4645134798122,10773
0.0,10774
475.3304605628649,10775
0.0,10776
1035.0811823762695,10777
0.0,10778
0.0,10779
0.0,10780
0.0,10781
964.2197009723342,10782
2005.6645592700772,10783
946.5778224292218,10784
280.8923801445443,10785
1969.397202223284,10786
1720.5037106508194,10787
1705.7706881185616,10788
1758.7037010137526,10789
0.0,10790
628.5158591837568,10791
0.0,10792
0.0,10793
0.0,10794
613.8273546612711,10795
0.0,10796
0.0,10797
0.0,10798
0.0,10799
0.0,10800
0.0,10801
0.0,10802
0.0,10803
0.0,10804
0.0,10805
0.0,10806
1647.2331665129368,10807
649.9750199824374,10808
0.0,10809
1616.2241842241085,10810
549.6385631253554,10811
0.0,10812
0.0,10813
0.0,10814
0.0,10815
0.0,10816
0.0,10817
0.0,10818
0.0,10819
0.0,10820
0.0,10821
0.0,10822
0.0,10823
0.0,10824
0.0,10825
0.0,10826
0.0,10827
0.0,10828
0.0,10829
0.0,10830
0.0,10831
0.0,10832
0.0,10833
0.0,10834
0.0,10835
0.0,10836
104.91781238983431,10837
0.0,10838
0.0,10839
0.0,10840
1587.4814521490816,10841
0.0,10842
0.0,10843
0.0,10844
0.0,10845
0.0,10846
0.0,10847
0.0,10848
0.0,10849
0.0,10850
0.0,10851
0.0,10852
0.0,10853
0.0,10854
0.0,10855
0.0,10856
0.0,10857
0.0,10858
0.0,10859
0.0,10860
0.0,10861
0.0,10862
868.7941338538678,10863
0.0,10864
0.0,10865
0.0,10866
0.0,10867
0.0,10868
1208.3678064157186,10869
0.0,10870
0.0,10871
0.0,10872
0.0,10873
44.96569259212239,10874
0.0,10875
0.0,10876
1623.9705039864955,10877
45.06319542436319,10878
0.0,10879
0.0,10880
0.0,10881
0.0,10882
0.0,10883
0.0,10884
413.017299739429,10885
0.0,10886
0.0,10887
0.0,10888
0.0,10889
0.0,10890
0.0,10891
0.0,10892
0.0,10893
0.0,10894
0.0,10895
1204.2629341495206,10896
0.0,10897
0.0,10898
3732.942479657724,10899
225.04959978567825,10900
225.1513044190774,10901
0.0,10902
0.0,10903
0.0,10904
0.0,10905
0.0,10906
0.0,10907
0.0,10908
0.0,10909
0.0,10910
0.0,10911
0.0,10912
0.0,10913
0.0,10914
0.0,10915
0.0,10916
0.0,10917
0.0,10918
0.0,10919
0.0,10920
0.0,10921
0.0,10922
0.0,10923
1449.678683033053,10924
1508.975212584116,10925
0.0,10926
0.0,10927
0.0,10928
317.4887861027037,10929
0.0,10930
553.7166024962844,10931
0.0,10932
0.0,10933
0.0,10934
0.0,10935
972.2098587937766,10936
299.0172122066531,10937
0.0,10938
0.0,10939
0.0,10940
0.0,10941
0.0,10942
0.0,10943
0.0,10944
0.0,10945
0.0,10946
0.0,10947
0.0,10948
0.0,10949
0.0,10950
0.0,10951
0.0,10952
0.0,10953
0.0,10954
2109.503148043218,10955
269.1307413676579,10956
0.0,10957
274.0982135163129,10958
0.0,10959
0.0,10960
0.0,10961
0.0,10962
0.0,10963
0.0,10964
0.0,10965
322.8380420740273,10966
0.0,10967
0.0,10968
0.0,10969
0.0,10970
0.0,10971
321.3207483034823,10972
321.09549505220616,10973
0.0,10974
391.38701228807685,10975
0.0,10976
23.452469916624523,10977
0.0,10978
0.0,10979
0.0,10980
0.0,10981
0.0,10982
0.0,10983
402.36519813817,10984
405.3929840487229,10985
0.0,10986
0.0,10987
239.55528127515396,10988
242.95984897706992,10989
176.43964914661456,10990
176.64681501148155,10991
811.8315977105516,10992
815.1119138951012,10993
0.0,10994
0.0,10995
0.0,10996
352.0389786977867,10997
0.0,10998
335.394696734029,10999
286.41185017570865,11000
218.23385120356227,11001
434.8483657774386,11002
363.97469183491313,11003
29.51194827076167,11004
671.0107057360892,11005
0.0,11006
0.0,11007
0.0,11008
0.0,11009
214.90819962323118,11010
0.0,11011
0.0,11012
0.0,11013
0.0,11014
286.5221513285348,11015
222.77270520613496,11016
1273.8002079934881,11017
0.0,11018
247.7591194019607,11019
1289.8030296253758,11020
261.61065113114665,11021
0.0,11022
0.0,11023
0.0,11024
17.476459618042572,11025
8.659385435321473,11026
0.0,11027
1915.2074030684528,11028
0.0,11029
8.61423289465668,11030
0.0,11031
0.0,11032
0.0,11033
0.0,11034
658.7687832466764,11035
2020.076262131171,11036
277.3269937524526,11037
0.0,11038
0.0,11039
0.0,11040
0.0,11041
0.0,11042
0.0,11043
0.0,11044
0.0,11045
0.0,11046
0.0,11047
0.0,11048
0.0,11049
0.0,11050
0.0,11051
0.0,11052
941.9948408144381,11053
1304.7788644152604,11054
0.0,11055
461.16805641866364,11056
0.0,11057
0.0,11058
0.0,11059
0.0,11060
126.90611609883146,11061
0.0,11062
471.2253619978105,11063
0.0,11064
0.0,11065
0.0,11066
0.0,11067
0.0,11068
26.3889463907017,11069
80.69290862174374,11070
0.0,11071
0.0,11072
0.0,11073
128.63456927633868,11074
0.0,11075
1329.712593011191,11076
240.8101553689345,11077
277.1186640023884,11078
2822.6243390858044,11079
0.0,11080
329.17249944270503,11081
0.0,11082
0.0,11083
341.6877955500351,11084
0.0,11085
0.0,11086
364.02091184321426,11087
0.0,11088
384.4475350014247,11089
402.4873311283578,11090
0.0,11091
328.370232684373,11092
0.0,11093
0.0,11094
0.0,11095
0.0,11096
0.0,11097
0.0,11098
0.0,11099
429.9446657245777,11100
0.0,11101
130.0071955850523,11102
0.0,11103
0.0,11104
2147.553005279327,11105
0.0,11106
0.0,11107
0.0,11108
0.0,11109
0.0,11110
0.0,11111
0.0,11112
0.0,11113
0.0,11114
0.0,11115
0.0,11116
0.0,11117
0.0,11118
0.0,11119
0.0,11120
0.0,11121
0.0,11122
0.0,11123
0.0,11124
0.0,11125
0.0,11126
590.783432557275,11127
0.0,11128
0.0,11129
0.0,11130
0.0,11131
0.0,11132
0.0,11133
0.0,11134
2153.0220951412875,11135
0.0,11136
0.0,11137
0.0,11138
0.0,11139
0.0,11140
0.0,11141
0.0,11142
0.0,11143
133.91014417515174,11144
0.0,11145
0.0,11146
0.0,11147
0.0,11148
0.0,11149
0.0,11150
0.0,11151
0.0,11152
0.0,11153
0.0,11154
0.0,11155
0.0,11156
0.0,11157
799.2238799987772,11158
0.0,11159
0.0,11160
30.563097566997055,11161
0.0,11162
0.0,11163
0.0,11164
0.0,11165
0.0,11166
0.0,11167
0.0,11168
0.0,11169
0.0,11170
84.8585896284655,11171
0.0,11172
0.0,11173
0.0,11174
0.0,11175
0.0,11176
0.0,11177
0.0,11178
0.0,11179
0.0,11180
0.0,11181
0.0,11182
0.0,11183
1963.6804677909734,11184
0.0,11185
126.48925804767227,11186
1691.628477045485,11187
1222.4268356844623,11188
151.4475644866998,11189
1226.3571619458812,11190
1273.5514316846748,11191
1563.209452836292,11192
1542.268364518307,11193
1530.0488614935607,11194
0.0,11195
901.5279609708019,11196
0.0,11197
0.0,11198
0.0,11199
0.0,11200
0.0,11201
0.0,11202
86.79877136393004,11203
0.0,11204
0.0,11205
0.0,11206
0.0,11207
0.0,11208
0.0,11209
0.0,11210
0.0,11211
0.0,11212
0.0,11213
253.12343867905594,11214
0.0,11215
0.0,11216
0.0,11217
0.0,11218
0.0,11219
0.0,11220
0.0,11221
0.0,11222
113.53255148814152,11223
0.0,11224
0.0,11225
0.0,11226
0.0,11227
0.0,11228
0.0,11229
0.0,11230
0.0,11231
0.0,11232
0.0,11233
0.0,11234
0.0,11235
0.0,11236
0.0,11237
0.0,11238
0.0,11239
0.0,11240
0.0,11241
0.0,11242
0.0,11243
0.0,11244
1883.6249822139757,11245
1918.1356500160925,11246
0.0,11247
0.0,11248
0.0,11249
0.0,11250
0.0,11251
0.0,11252
0.0,11253
0.0,11254
0.0,11255
0.0,11256
0.0,11257
0.0,11258
0.0,11259
0.0,11260
0.0,11261
0.0,11262
0.0,11263
165.04186205273948,11264
0.0,11265
0.0,11266
0.0,11267
0.0,11268
0.0,11269
0.0,11270
0.0,11271
0.0,11272
1870.4016870677167,11273
987.8811963237625,11274
0.0,11275
1066.0471041438846,11276
0.0,11277
0.0,11278
0.0,11279
1146.4851579277317,11280
1417.6069303033353,11281
1118.6433726170387,11282
347.1384693294247,11283
0.0,11284
1223.1004853513273,11285
106.47335405575447,11286
0.0,11287
177.7391323660733,11288
116.64075952747683,11289
418.4205355519219,11290
0.0,11291
0.0,11292
266.5885370492111,11293
0.0,11294
0.0,11295
0.0,11296
247.0357356411844,11297
0.0,11298
0.0,11299
0.0,11300
0.0,11301
0.0,11302
0.0,11303
0.0,11304
0.0,11305
0.0,11306
0.0,11307
0.0,11308
0.0,11309
0.0,11310
1805.6722828855102,11311
0.0,11312
1727.5849846403391,11313
1702.6322774100765,11314
0.0,11315
936.1320485892998,11316
0.0,11317
0.0,11318
913.3836632469537,11319
0.0,11320
2885.566449290766,11321
862.968495682543,11322
29.87495087130292,11323
1499.2217597116496,11324
0.0,11325
0.0,11326
0.0,11327
0.0,11328
0.0,11329
412.1520207656111,11330
0.0,11331
0.0,11332
0.0,11333
0.0,11334
0.0,11335
387.6931124514998,11336
638.2587345749992,11337
170.57650596352792,11338
0.0,11339
0.0,11340
357.3244461211821,11341
456.2953929883785,11342
0.0,11343
688.3697456587465,11344
0.0,11345
0.0,11346
0.0,11347
262.98659867625537,11348
0.0,11349
852.5198578652494,11350
0.0,11351
0.0,11352
0.0,11353
0.0,11354
0.0,11355
0.0,11356
0.0,11357
0.0,11358
0.0,11359
0.0,11360
271.3065695913778,11361
142.1821861171758,11362
277.67425175288747,11363
0.0,11364
0.0,11365
0.0,11366
0.0,11367
0.0,11368
0.0,11369
217.62044675873975,11370
0.0,11371
0.0,11372
3658.4355661046698,11373
274.0993877026546,11374
0.0,11375
292.60152737047014,11376
0.0,11377
291.86515085531073,11378
0.0,11379
1532.6622086728044,11380
26.415944214188933,11381
0.0,11382
0.0,11383
0.0,11384
0.0,11385
0.0,11386
906.880062797629,11387
0.0,11388
0.0,11389
2036.811494243979,11390
2087.432268852269,11391
1825.5578889440662,11392
0.0,11393
0.0,11394
1152.9237559709436,11395
889.7949936911259,11396
239.27126911765546,11397
358.8097053150568,11398
1671.348809534419,11399
0.0,11400
0.0,11401
206.1792238931782,11402
1301.5404010271525,11403
1302.233797403854,11404
0.0,11405
0.0,11406
1648.4639884809803,11407
0.0,11408
0.0,11409
881.8151757706275,11410
872.750486273704,11411
0.0,11412
0.0,11413
726.6022728854446,11414
0.0,11415
0.0,11416
117.8740255087159,11417
347.74508978255557,11418
349.29824994209764,11419
0.0,11420
0.0,11421
192.8902140024455,11422
0.0,11423
0.0,11424
0.0,11425
0.0,11426
0.0,11427
896.8722779805912,11428
0.0,11429
0.0,11430
907.3516753485985,11431
285.02260088054015,11432
0.0,11433
397.66617174940484,11434
0.0,11435
0.0,11436
311.6830716286367,11437
0.0,11438
0.0,11439
0.0,11440
239.11630914333472,11441
320.06626714656966,11442
0.0,11443
321.54533218042764,11444
0.0,11445
0.0,11446
0.0,11447
0.0,11448
240.44206150128187,11449
0.0,11450
0.0,11451
0.0,11452
233.3418512047524,11453
0.0,11454
0.0,11455
224.09181844995047,11456
0.0,11457
213.05832363815517,11458
280.4388070534307,11459
189.775252459459,11460
254.6610410595491,11461
0.0,11462
0.0,11463
0.0,11464
241.63370836803753,11465
227.64995152731396,11466
0.0,11467
0.0,11468
0.0,11469
0.0,11470
0.0,11471
0.0,11472
0.0,11473
0.0,11474
4341.336477577693,11475
0.0,11476
0.0,11477
0.0,11478
0.0,11479
0.0,11480
0.0,11481
0.0,11482
0.0,11483
0.0,11484
0.0,11485
0.0,11486
0.0,11487
0.0,11488
0.0,11489
0.0,11490
0.0,11491
0.0,11492
0.0,11493
0.0,11494
0.0,11495
0.0,11496
0.0,11497
0.0,11498
0.0,11499
0.0,11500
0.0,11501
0.0,11502
0.0,11503
0.0,11504
0.0,11505
0.0,11506
0.0,11507
0.0,11508
0.0,11509
0.0,11510
0.0,11511
0.0,11512
0.0,11513
0.0,11514
0.0,11515
0.0,11516
0.0,11517
0.0,11518
0.0,11519
0.0,11520
25.513680555685102,11521
0.0,11522
0.0,11523
0.0,11524
0.0,11525
0.0,11526
0.0,11527
0.0,11528
0.0,11529
0.0,11530
0.0,11531
0.0,11532
0.0,11533
0.0,11534
0.0,11535
0.0,11536
0.0,11537
0.0,11538
0.0,11539
0.0,11540
0.0,11541
0.0,11542
0.0,11543
0.0,11544
0.0,11545
0.0,11546
0.0,11547
0.0,11548
0.0,11549
0.0,11550
0.0,11551
0.0,11552
0.0,11553
0.0,11554
0.0,11555
100.92720066553693,11556
0.0,11557
0.0,11558
0.0,11559
0.0,11560
799.0654176612996,11561
0.0,11562
0.0,11563
0.0,11564
0.0,11565
0.0,11566
0.0,11567
0.0,11568
18.093914527534157,11569
1324.5520647887492,11570
0.0,11571
0.0,11572
0.0,11573
1088.240175143569,11574
0.0,11575
0.0,11576
1552.6633766597301,11577
327.98147875687357,11578
1481.8446438025367,11579
0.0,11580
0.0,11581
0.0,11582
0.0,11583
0.0,11584
0.0,11585
0.0,11586
0.0,11587
0.0,11588
0.0,11589
0.0,11590
0.0,11591
0.0,11592
0.0,11593
0.0,11594
0.0,11595
0.0,11596
0.0,11597
899.2799010556143,11598
0.0,11599
0.0,11600
0.0,11601
0.0,11602
0.0,11603
0.0,11604
0.0,11605
0.0,11606
0.0,11607
1014.2069900564825,11608
0.0,11609
1329.6959118782377,11610
0.0,11611
0.0,11612
0.0,11613
0.0,11614
0.0,11615
0.0,11616
0.0,11617
0.0,11618
0.0,11619
0.0,11620
0.0,11621
0.0,11622
0.0,11623
0.0,11624
0.0,11625
0.0,11626
0.0,11627
0.0,11628
0.0,11629
0.0,11630
0.0,11631
0.0,11632
0.0,11633
0.0,11634
0.0,11635
0.0,11636
0.0,11637
0.0,11638
0.0,11639
0.0,11640
0.0,11641
0.0,11642
0.0,11643
0.0,11644
0.0,11645
0.0,11646
0.0,11647
0.0,11648
0.0,11649
0.0,11650
0.0,11651
0.0,11652
0.0,11653
0.0,11654
0.0,11655
0.0,11656
0.0,11657
0.0,11658
0.0,11659
0.0,11660
0.0,11661
0.0,11662
0.0,11663
0.0,11664
0.0,11665
0.0,11666
0.0,11667
0.0,11668
0.0,11669
0.0,11670
0.0,11671
0.0,11672
0.0,11673
0.0,11674
0.0,11675
0.0,11676
0.0,11677
0.0,11678
185.79074400705724,11679
0.0,11680
0.0,11681
0.0,11682
0.0,11683
0.0,11684
0.0,11685
0.0,11686
0.0,11687
0.0,11688
0.0,11689
0.0,11690
0.0,11691
0.0,11692
0.0,11693
0.0,11694
0.0,11695
0.0,11696
0.0,11697
0.0,11698
0.0,11699
0.0,11700
0.0,11701
0.0,11702
0.0,11703
0.0,11704
0.0,11705
0.0,11706
0.0,11707
0.0,11708
0.0,11709
0.0,11710
0.0,11711
0.0,11712
0.0,11713
0.0,11714
0.0,11715
0.0,11716
0.0,11717
0.0,11718
0.0,11719
0.0,11720
0.0,11721
0.0,11722
0.0,11723
0.0,11724
0.0,11725
0.0,11726
0.0,11727
0.0,11728
0.0,11729
0.0,11730
0.0,11731
0.0,11732
0.0,11733
0.0,11734
0.0,11735
0.0,11736
0.0,11737
0.0,11738
0.0,11739
0.0,11740
0.0,11741
0.0,11742
0.0,11743
0.0,11744
0.0,11745
0.0,11746
0.0,11747
0.0,11748
0.0,11749
0.0,11750
0.0,11751
0.0,11752
0.0,11753
0.0,11754
0.0,11755
0.0,11756
0.0,11757
0.0,11758
0.0,11759
0.0,11760
717.7102113590486,11761
0.0,11762
0.0,11763
0.0,11764
0.0,11765
420.80583511296044,11766
0.0,11767
0.0,11768
0.0,11769
0.0,11770
0.0,11771
0.0,11772
0.0,11773
0.0,11774
0.0,11775
0.0,11776
0.0,11777
0.0,11778
0.0,11779
0.0,11780
0.0,11781
0.0,11782
0.0,11783
0.0,11784
0.0,11785
0.0,11786
0.0,11787
0.0,11788
0.0,11789
0.0,11790
0.0,11791
0.0,11792
0.0,11793
0.0,11794
0.0,11795
0.0,11796
0.0,11797
0.0,11798
0.0,11799
0.0,11800
0.0,11801
0.0,11802
228.4454519501709,11803
0.0,11804
0.0,11805
0.0,11806
0.0,11807
0.0,11808
621.2477335088531,11809
0.0,11810
0.0,11811
0.0,11812
0.0,11813
0.0,11814
0.0,11815
233.5471650034281,11816
0.0,11817
0.0,11818
0.0,11819
0.0,11820
0.0,11821
0.0,11822
0.0,11823
0.0,11824
0.0,11825
87.84395054400511,11826
319.2928841321395,11827
311.22457002650197,11828
0.0,11829
0.0,11830
1583.0695552417396,11831
2168.001214148996,11832
647.107138430407,11833
0.0,11834
0.0,11835
0.0,11836
0.0,11837
0.0,11838
0.0,11839
0.0,11840
0.0,11841
0.0,11842
0.0,11843
0.0,11844
325.2950691208077,11845
0.0,11846
2696.4863576455964,11847
0.0,11848
0.0,11849
69.64469249863879,11850
0.0,11851
0.0,11852
0.0,11853
0.0,11854
0.0,11855
0.0,11856
0.0,11857
0.0,11858
0.0,11859
319.36324378392675,11860
0.0,11861
549.6999336460048,11862
0.0,11863
0.0,11864
558.4267172944151,11865
473.6312691251281,11866
0.0,11867
0.0,11868
80.88039267990028,11869
0.0,11870
1256.9964006841021,11871
0.0,11872
836.6594949923402,11873
0.0,11874
85.16045804732411,11875
0.0,11876
0.0,11877
0.0,11878
104.83720065637573,11879
0.0,11880
0.0,11881
61.93058121108311,11882
0.0,11883
1244.9611758471583,11884
0.0,11885
0.0,11886
0.0,11887
4.9196697746101785,11888
838.7411308559836,11889
0.0,11890
785.6754156716676,11891
0.0,11892
0.0,11893
870.7177831843146,11894
943.9707699862471,11895
890.535383406274,11896
36.516347878320836,11897
3741.7296555338876,11898
408.15721250052525,11899
410.2899420873713,11900
1351.24199595221,11901
157.41189768674712,11902
275.23536674865454,11903
289.40136740525855,11904
178.8026936596396,11905
84.09561292060427,11906
0.0,11907
511.3997406261581,11908
0.0,11909
0.0,11910
534.7258287021232,11911
0.0,11912
0.0,11913
204.11540957223033,11914
0.0,11915
562.4644128457566,11916
0.0,11917
0.0,11918
0.0,11919
0.0,11920
35.761750970880044,11921
593.7166492812212,11922
0.0,11923
0.0,11924
0.0,11925
0.0,11926
0.0,11927
0.0,11928
56.68888729303774,11929
0.0,11930
0.0,11931
2211.664556155375,11932
0.0,11933
144.82789426744398,11934
0.0,11935
145.42051263020946,11936
4487.454164938478,11937
0.0,11938
634.8249443234714,11939
0.0,11940
0.0,11941
0.0,11942
0.0,11943
833.9182998477986,11944
0.0,11945
0.0,11946
0.0,11947
0.0,11948
1058.6916899166465,11949
0.0,11950
0.0,11951
2373.099263375307,11952
0.0,11953
0.0,11954
308.62693368057757,11955
0.0,11956
0.0,11957
0.0,11958
0.0,11959
1132.266952835759,11960
0.0,11961
0.0,11962
717.6824383274687,11963
0.0,11964
0.0,11965
0.0,11966
0.0,11967
0.0,11968
0.0,11969
0.0,11970
0.0,11971
0.0,11972
0.0,11973
0.0,11974
797.631188972656,11975
1596.4132409618414,11976
0.0,11977
0.0,11978
0.0,11979
0.0,11980
0.0,11981
894.9232483983725,11982
0.0,11983
0.0,11984
0.0,11985
0.0,11986
0.0,11987
1222.598118898389,11988
0.0,11989
1211.4667151052379,11990
0.0,11991
0.0,11992
0.0,11993
0.0,11994
0.0,11995
0.0,11996
1516.7786311888283,11997
0.0,11998
857.7724319618304,11999
0.0,12000
2062.3911624386924,12001
1410.3235816908734,12002
0.0,12003
0.0,12004
0.0,12005
4270.960945923008,12006
4279.381015410444,12007
0.0,12008
1854.541267314534,12009
2344.052356177475,12010
0.0,12011
0.0,12012
0.0,12013
0.0,12014
0.0,12015
0.0,12016
0.0,12017
0.0,12018
0.0,12019
1143.7440503809269,12020
0.0,12021
0.0,12022
0.0,12023
0.0,12024
796.3237595199274,12025
0.0,12026
0.0,12027
0.0,12028
0.0,12029
1369.6831857815407,12030
1499.4429951725588,12031
1075.3859862729691,12032
0.0,12033
1696.7015619263286,12034
1129.7207819787589,12035
1109.3314161291862,12036
0.0,12037
1091.923296542884,12038
0.0,12039
0.0,12040
0.0,12041
0.0,12042
1083.347205926898,12043
0.0,12044
0.0,12045
0.0,12046
0.0,12047
0.0,12048
0.0,12049
0.0,12050
0.0,12051
0.0,12052
0.0,12053
0.0,12054
0.0,12055
0.0,12056
0.0,12057
1011.4837523206469,12058
1017.5187295659591,12059
681.1036215631343,12060
5680.636231760292,12061
0.0,12062
0.0,12063
413.9865689205638,12064
0.0,12065
1382.887051961953,12066
598.8799365354538,12067
0.0,12068
0.0,12069
2413.7331656257393,12070
0.0,12071
642.8755561779544,12072
0.0,12073
0.0,12074
1464.246313077762,12075
1445.4179322351183,12076
1704.2605422059628,12077
746.8152638819097,12078
0.0,12079
1315.948553916857,12080
727.2899078149193,12081
976.387778424872,12082
0.0,12083
2292.6073541067085,12084
950.1438592315097,12085
929.0589761490162,12086
912.8016951869433,12087
0.0,12088
0.0,12089
639.4970217426347,12090
1230.439999456277,12091
1100.5419495854132,12092
0.0,12093
0.0,12094
0.0,12095
0.0,12096
0.0,12097
179.45232445756653,12098
1543.060283685374,12099
169.17980451505966,12100
0.0,12101
183.8889824360622,12102
200.84118942379388,12103
0.0,12104
0.0,12105
0.0,12106
298.0160482873991,12107
0.0,12108
1479.3879523221572,12109
0.0,12110
0.0,12111
0.0,12112
0.0,12113
0.0,12114
0.0,12115
0.0,12116
0.0,12117
0.0,12118
0.0,12119
0.0,12120
0.0,12121
0.0,12122
936.3363666682478,12123
0.0,12124
0.0,12125
394.242635844007,12126
0.0,12127
406.976700101193,12128
0.0,12129
0.0,12130
344.7636925903016,12131
0.0,12132
0.0,12133
0.0,12134
375.3203209004648,12135
395.1484465417499,12136
0.0,12137
0.0,12138
2490.289325597427,12139
0.0,12140
0.0,12141
745.9973415175615,12142
0.0,12143
2094.301701439364,12144
2421.732387835038,12145
0.0,12146
920.7597449406492,12147
2286.082531553809,12148
862.9397637023536,12149
376.1360078578422,12150
764.5188963865586,12151
20.908556188153785,12152
1445.3315528562014,12153
0.0,12154
1478.027250499163,12155
522.8708261977165,12156
1515.029435398109,12157
1544.57244161915,12158
1572.614526679074,12159
0.0,12160
3070.6003349728962,12161
3100.4034788549634,12162
2158.4034141938614,12163
0.0,12164
0.0,12165
3482.172655148954,12166
1313.5164220065683,12167
2682.6955632654676,12168
0.0,12169
2438.6751528909945,12170
2238.953093580838,12171
980.8888668189052,12172
990.787475279034,12173
996.7892396325652,12174
2784.7112588252885,12175
0.0,12176
0.0,12177
721.7029780700395,12178
727.8146365529738,12179
0.0,12180
2793.979473148123,12181
2571.136870738816,12182
735.2900331258354,12183
524.0654816127636,12184
0.0,12185
188.23299384911525,12186
2744.6539276309322,12187
2747.418282042576,12188
43.41502166384031,12189
2749.2840822239255,12190
2963.8795330674902,12191
0.0,12192
0.0,12193
3166.791808115573,12194
3334.432575237479,12195
3319.4634932754116,12196
3769.496747043098,12197
1517.1977897436802,12198
1711.279874193014,12199
0.0,12200
2062.7091630439522,12201
767.0804257165222,12202
0.0,12203
4027.5235372841944,12204
0.0,12205
1487.0801956144453,12206
0.0,12207
0.0,12208
0.0,12209
0.0,12210
160.22316278201146,12211
282.91239046920384,12212
0.0,12213
0.0,12214
0.0,12215
0.0,12216
0.0,12217
0.0,12218
95.56023200208406,12219
0.0,12220
1006.9250301787594,12221
0.0,12222
109.62081450763567,12223
0.0,12224
0.0,12225
0.0,12226
0.0,12227
0.0,12228
0.0,12229
0.0,12230
0.0,12231
0.0,12232
0.0,12233
0.0,12234
0.0,12235
0.0,12236
1532.5242581974223,12237
0.0,12238
0.0,12239
0.0,12240
0.0,12241
0.0,12242
0.0,12243
0.0,12244
0.0,12245
0.0,12246
353.793478675267,12247
0.0,12248
0.0,12249
0.0,12250
0.0,12251
0.0,12252
0.0,12253
0.0,12254
0.0,12255
0.0,12256
0.0,12257
0.0,12258
0.0,12259
6765.614255891561,12260
209.99561692039637,12261
0.0,12262
0.0,12263
0.0,12264
0.0,12265
0.0,12266
0.0,12267
0.0,12268
0.0,12269
0.0,12270
0.0,12271
0.0,12272
0.0,12273
1149.7218441134567,12274
0.0,12275
0.0,12276
0.0,12277
0.0,12278
0.0,12279
0.0,12280
0.0,12281
0.0,12282
0.0,12283
0.0,12284
0.0,12285
0.0,12286
0.0,12287
0.0,12288
0.0,12289
0.0,12290
0.0,12291
0.0,12292
0.0,12293
0.0,12294
0.0,12295
0.0,12296
0.0,12297
508.6154870713798,12298
0.0,12299
2241.219394955417,12300
0.0,12301
250.14786278858307,12302
0.0,12303
30.522923919670227,12304
0.0,12305
0.0,12306
0.0,12307
0.0,12308
0.0,12309
635.9035703939427,12310
0.0,12311
0.0,12312
0.0,12313
0.0,12314
272.84726086693667,12315
0.0,12316
438.0256654764751,12317
0.0,12318
0.0,12319
0.0,12320
0.0,12321
0.0,12322
0.0,12323
0.0,12324
0.0,12325
0.0,12326
0.0,12327
0.0,12328
0.0,12329
0.0,12330
0.0,12331
0.0,12332
0.0,12333
0.0,12334
0.0,12335
0.0,12336
0.0,12337
277.70921603911637,12338
0.0,12339
0.0,12340
0.0,12341
1013.0618754872567,12342
0.0,12343
0.0,12344
0.0,12345
25.24710114114121,12346
0.0,12347
56.32295466635626,12348
0.0,12349
0.0,12350
0.0,12351
0.0,12352
0.0,12353
0.0,12354
0.0,12355
247.73226779553636,12356
373.5333768945881,12357
418.3497489736242,12358
341.54459731048945,12359
106.39574907402587,12360
0.0,12361
0.0,12362
0.0,12363
0.0,12364
0.0,12365
0.0,12366
140.71822518792584,12367
349.7391509635503,12368
11.883741545847288,12369
438.63179597441325,12370
0.0,12371
961.0699621102697,12372
0.0,12373
436.5157218007035,12374
264.3032662867275,12375
56.830668607580535,12376
277.6557844705061,12377
0.0,12378
0.0,12379
0.0,12380
2110.593880331279,12381
1533.8755484511234,12382
0.0,12383
1233.135188923316,12384
1217.6526374365158,12385
0.0,12386
1236.8042875567041,12387
0.0,12388
1233.065344215894,12389
1210.0790011548854,12390
0.0,12391
0.0,12392
1220.2973418043541,12393
0.0,12394
0.0,12395
1191.7326754489861,12396
1196.3484050110726,12397
3273.199762748843,12398
1141.8605087486296,12399
534.6602243143393,12400
0.0,12401
666.0467306872501,12402
0.0,12403
0.0,12404
0.0,12405
644.6631665340236,12406
0.0,12407
0.9052712084933449,12408
80.50095096534332,12409
0.0,12410
0.0,12411
0.0,12412
0.0,12413
0.0,12414
0.0,12415
0.0,12416
0.0,12417
543.7557853695622,12418
0.0,12419
580.2449853087082,12420
0.0,12421
21.87665447305134,12422
0.0,12423
1967.9266202148196,12424
0.0,12425
0.0,12426
0.0,12427
0.0,12428
0.0,12429
0.0,12430
0.0,12431
0.0,12432
1.5506285510639666,12433
346.01048618491734,12434
0.0,12435
0.0,12436
0.0,12437
323.09373459993105,12438
0.0,12439
0.0,12440
300.8311177666705,12441
20.01630349664617,12442
705.7877299714315,12443
0.0,12444
524.2794037344065,12445
271.34050379810793,12446
0.0,12447
0.0,12448
0.0,12449
0.0,12450
0.0,12451
0.0,12452
0.0,12453
0.0,12454
0.0,12455
0.0,12456
309.21888757595656,12457
31.61481123467965,12458
293.41924954960075,12459
286.7071608778036,12460
25.611987778043506,12461
339.0264341500071,12462
0.0,12463
277.6677438171996,12464
10.999841974734323,12465
0.0,12466
5.458771829129684,12467
0.0,12468
270.7708285768376,12469
331.02914837993086,12470
505.63450268624575,12471
0.0,12472
339.7452897159877,12473
343.75724021183385,12474
0.0,12475
471.32019860890796,12476
0.0,12477
0.0,12478
0.0,12479
286.45124330466655,12480
298.52745673960425,12481
0.0,12482
16.8729488542654,12483
0.0,12484
476.67405333563323,12485
0.0,12486
323.4358869202211,12487
345.3679860225554,12488
371.9364273071034,12489
0.0,12490
461.9367948369636,12491
0.0,12492
496.9824571821771,12493
0.0,12494
0.0,12495
0.0,12496
532.400728524212,12497
481.35084928485935,12498
0.0,12499
538.068869437078,12500
624.2366700032925,12501
648.7150645694163,12502
0.0,12503
608.2246588843389,12504
621.6532205358571,12505
631.189245289866,12506
637.0699949674041,12507
725.6104112492575,12508
4979.396113123237,12509
0.0,12510
698.20861764177,12511
696.9077118068092,12512
632.7203277853716,12513
624.2232498594514,12514
614.0076050895202,12515
0.0,12516
373.2049458930642,12517
0.0,12518
144.6204339561427,12519
661.8208673261743,12520
590.7710285742917,12521
409.47874523704695,12522
0.0,12523
625.5579885472101,12524
554.0036040622597,12525
540.6026043515151,12526
556.4243982040418,12527
0.0,12528
531.3097965434154,12529
579.5883429756162,12530
570.6413464648991,12531
246.21797522243403,12532
551.6101012259929,12533
0.0,12534
0.0,12535
484.36542608138495,12536
0.0,12537
475.97619790416695,12538
468.5085985369737,12539
0.0,12540
461.88627890076833,12541
455.9938347542176,12542
450.6761041819813,12543
0.0,12544
1374.326109421615,12545
0.0,12546
0.0,12547
390.1044795367022,12548
1641.8296428932606,12549
0.0,12550
62.46576080157408,12551
120.10771862116484,12552
0.0,12553
506.1566814506186,12554
503.21816748239803,12555
0.0,12556
0.0,12557
0.0,12558
499.0743653740316,12559
493.80078847309125,12560
487.60938911523624,12561
501.7103601645718,12562
474.42234057180684,12563
391.06791261992885,12564
323.6848419252803,12565
468.32959561933586,12566
460.1709715489835,12567
391.208945646478,12568
380.2233891189539,12569
0.0,12570
430.09690877202013,12571
361.0632506147332,12572
0.0,12573
0.0,12574
350.0433881542875,12575
399.8281345769338,12576
0.0,12577
391.1247205097045,12578
1.3357682197559262,12579
0.0,12580
320.8221856480242,12581
0.0,12582
0.0,12583
308.99367864731926,12584
296.80387590368514,12585
2210.3802593999094,12586
345.08532817868775,12587
336.09412277374713,12588
266.235528498079,12589
0.0,12590
315.6108779945253,12591
0.0,12592
427.84476774369625,12593
0.0,12594
0.0,12595
0.0,12596
2294.430685356741,12597
0.0,12598
2261.0130787147755,12599
306.9630512876131,12600
0.0,12601
238.12995050147103,12602
0.0,12603
227.8690534926348,12604
0.0,12605
0.0,12606
0.0,12607
942.0015925133845,12608
587.8048350073938,12609
217.1811876444034,12610
268.77359157060556,12611
263.02292987012424,12612
197.21837697480512,12613
190.57453382054842,12614
245.6493630799349,12615
0.0,12616
0.0,12617
0.0,12618
0.0,12619
242.63088558127032,12620
1514.354779095283,12621
240.6981561056989,12622
0.0,12623
429.4770902292248,12624
715.3233842721668,12625
237.6616926841718,12626
102.48099339359977,12627
1703.4515402546947,12628
759.3909378562172,12629
759.4614107793278,12630
94.3832812947363,12631
88.1258335186253,12632
0.0,12633
0.0,12634
0.0,12635
0.0,12636
0.0,12637
0.0,12638
425.2364795054928,12639
0.0,12640
0.0,12641
0.0,12642
0.0,12643
0.0,12644
0.0,12645
1697.0673980999272,12646
0.0,12647
0.0,12648
0.0,12649
0.0,12650
0.0,12651
0.0,12652
0.0,12653
0.0,12654
0.0,12655
0.0,12656
0.0,12657
0.0,12658
0.0,12659
0.0,12660
0.0,12661
0.0,12662
0.0,12663
0.0,12664
65.43757708145552,12665
0.0,12666
0.0,12667
0.0,12668
0.0,12669
0.0,12670
0.0,12671
0.0,12672
0.0,12673
0.0,12674
0.0,12675
4680.654857351154,12676
0.0,12677
0.0,12678
0.0,12679
716.2886223353293,12680
0.0,12681
272.42120381071453,12682
0.0,12683
0.0,12684
0.0,12685
0.0,12686
0.0,12687
0.0,12688
0.0,12689
0.0,12690
0.0,12691
0.0,12692
0.0,12693
0.0,12694
0.0,12695
396.15916527150705,12696
0.0,12697
0.0,12698
46.561241587885895,12699
0.0,12700
0.0,12701
0.0,12702
403.2527685536136,12703
0.0,12704
0.0,12705
0.0,12706
642.1818759650913,12707
0.0,12708
83.73247874301957,12709
381.72134668643224,12710
394.87425003177594,12711
0.0,12712
374.8316181223877,12713
0.0,12714
0.0,12715
366.4929963269345,12716
0.0,12717
138.94601575974445,12718
0.0,12719
0.0,12720
362.3996335815936,12721
367.53503061172125,12722
0.0,12723
778.2824164170449,12724
0.0,12725
356.5585588642918,12726
0.0,12727
0.0,12728
0.0,12729
0.0,12730
0.0,12731
0.0,12732
0.0,12733
0.0,12734
0.0,12735
0.0,12736
0.0,12737
0.0,12738
0.0,12739
0.0,12740
0.0,12741
2706.47787246678,12742
0.0,12743
728.4561720106279,12744
0.0,12745
0.0,12746
277.5397217894012,12747
0.0,12748
0.0,12749
362.88186966187743,12750
0.0,12751
0.0,12752
0.0,12753
791.8752430544159,12754
0.0,12755
0.0,12756
0.0,12757
0.0,12758
0.0,12759
0.0,12760
0.0,12761
0.0,12762
0.0,12763
0.0,12764
0.0,12765
2612.298835760503,12766
0.0,12767
0.0,12768
0.0,12769
0.0,12770
0.0,12771
0.0,12772
0.0,12773
44.45184030844261,12774
0.0,12775
0.0,12776
0.0,12777
0.0,12778
0.0,12779
0.0,12780
0.0,12781
0.0,12782
1855.0768366817645,12783
0.0,12784
0.0,12785
0.0,12786
0.0,12787
0.0,12788
0.0,12789
0.0,12790
0.0,12791
0.0,12792
0.0,12793
0.0,12794
0.0,12795
0.0,12796
0.0,12797
0.0,12798
0.0,12799
3665.063580466173,12800
0.0,12801
0.0,12802
0.0,12803
0.0,12804
0.0,12805
0.0,12806
0.0,12807
733.6755989345429,12808
0.0,12809
0.0,12810
0.0,12811
0.0,12812
0.0,12813
0.0,12814
0.0,12815
0.0,12816
0.0,12817
31.302978584650283,12818
0.0,12819
0.0,12820
0.0,12821
496.5414419717005,12822
0.0,12823
0.0,12824
0.0,12825
0.0,12826
0.0,12827
0.0,12828
0.0,12829
0.0,12830
0.0,12831
0.0,12832
0.0,12833
0.0,12834
0.0,12835
0.0,12836
0.0,12837
0.0,12838
0.0,12839
0.0,12840
0.0,12841
0.0,12842
261.64679095911634,12843
2414.95599637775,12844
135.08931687044793,12845
0.0,12846
0.0,12847
0.0,12848
0.0,12849
0.0,12850
0.0,12851
0.0,12852
0.0,12853
0.0,12854
0.0,12855
0.0,12856
738.0175316239277,12857
0.0,12858
0.0,12859
0.0,12860
0.0,12861
0.0,12862
423.8935549048486,12863
0.0,12864
0.0,12865
0.0,12866
0.0,12867
0.0,12868
0.0,12869
0.0,12870
0.0,12871
0.0,12872
0.0,12873
0.0,12874
0.0,12875
0.0,12876
0.0,12877
0.0,12878
0.0,12879
0.0,12880
0.0,12881
0.0,12882
0.0,12883
0.0,12884
0.0,12885
0.0,12886
0.0,12887
0.0,12888
0.0,12889
0.0,12890
0.0,12891
0.0,12892
0.0,12893
0.0,12894
0.0,12895
0.0,12896
0.0,12897
0.0,12898
0.0,12899
0.0,12900
0.0,12901
0.0,12902
202.29793786331305,12903
0.0,12904
0.0,12905
0.0,12906
0.0,12907
0.0,12908
0.0,12909
319.7997092422693,12910
84.80119870128146,12911
543.3334563465442,12912
515.7009851362158,12913
0.0,12914
547.3669508811546,12915
1575.9099789739146,12916
0.0,12917
414.5199025124978,12918
402.6972873358688,12919
0.0,12920
450.520454241434,12921
384.50588690823145,12922
374.0091776974661,12923
1328.1728440163142,12924
0.0,12925
0.0,12926
0.0,12927
0.0,12928
0.0,12929
0.0,12930
0.0,12931
0.0,12932
0.0,12933
0.0,12934
0.0,12935
0.0,12936
0.0,12937
0.0,12938
0.0,12939
0.0,12940
0.0,12941
0.0,12942
0.0,12943
0.0,12944
0.0,12945
0.0,12946
0.0,12947
41.84702567931972,12948
0.0,12949
0.0,12950
312.44521703983884,12951
0.0,12952
0.0,12953
0.0,12954
0.0,12955
0.0,12956
1184.630044445566,12957
0.0,12958
688.2607509682854,12959
1065.0537109134016,12960
3918.4934043036274,12961
6456.4255613692985,12962
0.0,12963
0.0,12964
0.0,12965
4658.023014912261,12966
2261.798367251564,12967
0.0,12968
308.2629817091218,12969
0.0,12970
318.04145323657116,12971
3246.4503681561773,12972
0.0,12973
0.0,12974
0.0,12975
0.0,12976
0.0,12977
0.0,12978
0.0,12979
0.0,12980
0.0,12981
0.0,12982
0.0,12983
115.63564129720068,12984
0.0,12985
0.0,12986
0.0,12987
0.0,12988
1584.291034068885,12989
92.97628805726518,12990
1967.399860294815,12991
364.6145079168674,12992
344.5510205540518,12993
0.0,12994
0.0,12995
0.0,12996
0.0,12997
0.0,12998
0.0,12999
0.0,13000
0.0,13001
0.0,13002
495.0128243655721,13003
0.0,13004
0.0,13005
0.0,13006
673.6483293389249,13007
0.0,13008
0.0,13009
0.0,13010
0.0,13011
898.2569471637679,13012
0.0,13013
0.0,13014
0.0,13015
1405.9194515616568,13016
0.0,13017
0.0,13018
0.0,13019
1402.206195251054,13020
0.0,13021
0.0,13022
0.0,13023
0.0,13024
0.0,13025
1127.8344643881394,13026
482.57389653771736,13027
0.0,13028
0.0,13029
0.0,13030
0.0,13031
1300.7272407092762,13032
0.0,13033
1558.102833980165,13034
1294.8884553142013,13035
221.52679921188113,13036
210.9614236594807,13037
0.0,13038
198.20986158302424,13039
0.0,13040
0.0,13041
1190.479974272528,13042
0.0,13043
0.0,13044
2324.15645018728,13045
84.7105368608425,13046
0.0,13047
531.3344833099002,13048
0.0,13049
0.0,13050
962.7828444939807,13051
948.3224369396444,13052
0.0,13053
0.0,13054
936.3673619456534,13055
926.3295709331209,13056
708.842410998807,13057
0.0,13058
814.7407920247294,13059
867.2887968374753,13060
0.0,13061
0.0,13062
0.0,13063
0.0,13064
0.0,13065
719.3253118207084,13066
0.0,13067
896.1453582354304,13068
0.0,13069
718.5194525618757,13070
0.0,13071
0.0,13072
358.41852583055874,13073
0.0,13074
713.6490467104479,13075
0.0,13076
1108.79383785176,13077
893.3043527402359,13078
0.0,13079
0.0,13080
370.81725414569905,13081
166.7914721576372,13082
0.0,13083
0.0,13084
0.0,13085
0.0,13086
0.0,13087
99.62470498679778,13088
0.0,13089
0.0,13090
0.0,13091
0.0,13092
0.0,13093
0.0,13094
0.0,13095
0.0,13096
0.0,13097
0.0,13098
0.0,13099
0.0,13100
0.0,13101
0.0,13102
0.0,13103
0.0,13104
0.0,13105
0.0,13106
0.0,13107
0.0,13108
0.0,13109
0.0,13110
0.0,13111
0.0,13112
1652.2783144289585,13113
0.0,13114
0.0,13115
0.0,13116
0.0,13117
0.0,13118
0.0,13119
0.0,13120
0.0,13121
0.0,13122
0.0,13123
0.0,13124
82.51799695898774,13125
0.0,13126
0.0,13127
0.0,13128
0.0,13129
0.0,13130
0.0,13131
1666.9687798045602,13132
0.0,13133
0.0,13134
2555.9006145466647,13135
1187.9116617296017,13136
11.420944888529352,13137
1675.6250884588383,13138
0.0,13139
0.0,13140
0.0,13141
0.0,13142
0.0,13143
0.0,13144
0.0,13145
4854.159095480814,13146
0.0,13147
0.0,13148
0.0,13149
0.0,13150
0.0,13151
0.0,13152
0.0,13153
0.0,13154
3731.70195035597,13155
1184.5985514976223,13156
0.0,13157
0.0,13158
0.0,13159
0.0,13160
0.0,13161
0.0,13162
0.0,13163
15.088073949416914,13164
1175.6439199944439,13165
1303.0968543898357,13166
0.0,13167
0.0,13168
0.0,13169
0.0,13170
0.0,13171
0.0,13172
0.0,13173
0.0,13174
0.0,13175
639.9845924339118,13176
416.1063207648132,13177
425.03542685864426,13178
433.90309924887833,13179
1342.1319955538866,13180
1334.1034939790734,13181
509.57512367480797,13182
1331.9088956098276,13183
1321.0904708749379,13184
1435.0687132209312,13185
429.1315587769868,13186
0.0,13187
0.0,13188
0.0,13189
21.392561169541132,13190
4186.487471402017,13191
0.0,13192
0.0,13193
0.0,13194
0.0,13195
0.0,13196
0.0,13197
0.0,13198
0.0,13199
0.0,13200
0.0,13201
0.0,13202
0.0,13203
0.0,13204
0.0,13205
146.31964936183007,13206
0.0,13207
1266.6307257088527,13208
0.0,13209
0.0,13210
0.0,13211
0.0,13212
0.0,13213
0.0,13214
0.0,13215
0.0,13216
0.0,13217
0.0,13218
0.0,13219
0.0,13220
0.0,13221
0.0,13222
0.0,13223
0.0,13224
0.0,13225
0.0,13226
0.0,13227
0.0,13228
0.0,13229
0.0,13230
0.0,13231
0.0,13232
0.0,13233
0.0,13234
0.0,13235
0.0,13236
0.0,13237
0.0,13238
0.0,13239
0.0,13240
0.0,13241
0.0,13242
1306.696227106797,13243
0.0,13244
0.0,13245
0.0,13246
0.0,13247
0.0,13248
0.0,13249
0.0,13250
0.0,13251
0.0,13252
0.0,13253
0.0,13254
0.0,13255
0.0,13256
0.0,13257
0.0,13258
0.0,13259
0.0,13260
0.0,13261
0.0,13262
0.0,13263
0.0,13264
0.0,13265
0.0,13266
0.0,13267
0.0,13268
0.0,13269
0.0,13270
0.0,13271
0.0,13272
0.0,13273
0.0,13274
0.0,13275
0.0,13276
0.0,13277
0.0,13278
256.29895333097676,13279
0.0,13280
407.8743704180823,13281
307.3576216519745,13282
0.0,13283
0.0,13284
0.0,13285
233.76040409835582,13286
775.9002217408496,13287
225.58948923290257,13288
1700.9274484666114,13289
0.0,13290
207.5543505453142,13291
555.42095551721,13292
198.7774669277505,13293
546.697276711811,13294
0.0,13295
0.0,13296
188.44593256160985,13297
181.37496892716064,13298
174.9204077206061,13299
169.03993765024762,13300
163.69763922149437,13301
158.86787914236535,13302
154.5261481298378,13303
0.0,13304
0.0,13305
0.0,13306
519.487988842543,13307
0.0,13308
0.0,13309
333.86410033428194,13310
634.3276947241545,13311
0.0,13312
501.11382590915093,13313
0.0,13314
313.6043353025268,13315
912.9491860896444,13316
481.45105967825657,13317
473.04595852405544,13318
287.96243716089145,13319
0.0,13320
369.6059976519553,13321
463.75284270857725,13322
623.752649255753,13323
283.5560964648452,13324
0.0,13325
0.0,13326
1832.568221799644,13327
275.65277460820215,13328
0.0,13329
450.5890436768308,13330
443.70965909603024,13331
0.0,13332
0.0,13333
268.8282156979732,13334
270.33132780601204,13335
0.0,13336
272.7429174355699,13337
440.83180901489476,13338
273.14244932191275,13339
0.0,13340
0.0,13341
437.8523526743256,13342
433.42219618486627,13343
0.0,13344
272.252803023525,13345
0.0,13346
0.0,13347
156.24444484065845,13348
753.4442394620464,13349
745.1447981947289,13350
264.8721582140873,13351
0.0,13352
1411.0166917389001,13353
0.0,13354
1953.1218257817475,13355
0.0,13356
0.0,13357
0.0,13358
598.2953121878371,13359
0.0,13360
0.0,13361
0.0,13362
0.0,13363
0.0,13364
0.0,13365
0.0,13366
0.0,13367
0.0,13368
0.0,13369
0.0,13370
0.0,13371
0.0,13372
0.0,13373
0.0,13374
0.0,13375
0.0,13376
125.95518557766307,13377
454.7844049442615,13378
0.0,13379
0.0,13380
0.0,13381
0.0,13382
438.2631291096836,13383
0.0,13384
0.0,13385
0.0,13386
0.0,13387
0.0,13388
0.0,13389
0.0,13390
0.0,13391
537.7114569363479,13392
0.0,13393
0.0,13394
0.0,13395
0.0,13396
0.0,13397
0.0,13398
0.0,13399
0.0,13400
0.0,13401
0.0,13402
0.0,13403
0.0,13404
0.0,13405
0.0,13406
0.0,13407
0.0,13408
0.0,13409
0.0,13410
524.736154514225,13411
0.0,13412
0.0,13413
0.0,13414
0.0,13415
0.0,13416
0.0,13417
0.0,13418
1137.316311138067,13419
0.0,13420
0.0,13421
0.0,13422
0.0,13423
0.0,13424
0.0,13425
0.0,13426
0.0,13427
0.0,13428
0.0,13429
0.0,13430
0.0,13431
0.0,13432
0.0,13433
0.0,13434
518.5690086234529,13435
286.5757305621743,13436
0.0,13437
0.0,13438
918.0763686337308,13439
182.09149202562224,13440
0.0,13441
0.0,13442
639.7360775013718,13443
636.2496828877904,13444
635.1502078976799,13445
0.0,13446
0.0,13447
0.0,13448
637.0973329109751,13449
0.0,13450
0.0,13451
0.0,13452
0.0,13453
0.0,13454
0.0,13455
0.0,13456
0.0,13457
0.0,13458
0.0,13459
164.0486402085877,13460
264.8940127873597,13461
0.0,13462
0.0,13463
203.06942395991683,13464
207.70169140400537,13465
0.0,13466
0.0,13467
0.0,13468
0.0,13469
0.0,13470
0.0,13471
0.0,13472
0.0,13473
0.0,13474
0.0,13475
0.0,13476
0.0,13477
0.0,13478
0.0,13479
698.1756539506666,13480
0.0,13481
0.0,13482
0.0,13483
0.0,13484
452.5462361867021,13485
0.0,13486
0.0,13487
0.0,13488
0.0,13489
0.0,13490
0.0,13491
0.0,13492
161.05432158810595,13493
174.6216816212041,13494
0.0,13495
0.0,13496
0.0,13497
0.0,13498
0.0,13499
0.0,13500
190.4905905956463,13501
0.0,13502
0.0,13503
275.27171542528106,13504
0.0,13505
92.59822273745495,13506
0.0,13507
0.0,13508
0.0,13509
0.0,13510
0.0,13511
0.0,13512
0.0,13513
0.0,13514
0.0,13515
0.0,13516
0.0,13517
0.0,13518
0.0,13519
103.71637700278815,13520
0.0,13521
0.0,13522
0.0,13523
113.68952560211407,13524
508.43831790177745,13525
0.0,13526
0.0,13527
0.0,13528
0.0,13529
1012.0799547965978,13530
127.78684873630836,13531
0.0,13532
0.0,13533
274.3370368741991,13534
0.0,13535
137.00192588208967,13536
0.0,13537
0.0,13538
0.0,13539
0.0,13540
0.0,13541
1699.9269059049207,13542
0.0,13543
0.0,13544
0.0,13545
0.0,13546
0.0,13547
0.0,13548
141.8205138119698,13549
0.0,13550
0.0,13551
146.76973131738595,13552
150.50268878837227,13553
1380.4822491776122,13554
0.0,13555
0.0,13556
0.0,13557
0.0,13558
0.0,13559
60.06566113077721,13560
0.0,13561
0.0,13562
0.0,13563
0.0,13564
51.375164213756484,13565
0.0,13566
0.0,13567
62.200663296619865,13568
0.0,13569
0.0,13570
72.87941680575749,13571
0.0,13572
0.0,13573
82.76027883246809,13574
0.0,13575
91.42848107485611,13576
0.0,13577
98.66995156646759,13578
0.0,13579
161.79364621879782,13580
159.05010533080952,13581
538.5807889677583,13582
541.6152880801873,13583
155.2799557727847,13584
0.0,13585
0.0,13586
0.0,13587
105.69561197882628,13588
556.0227458071304,13589
107.15651113631549,13590
0.0,13591
0.0,13592
0.0,13593
208.55895469959358,13594
126.20141065994338,13595
139.8368523458618,13596
123.85248630134312,13597
137.8948196347112,13598
122.52057387072718,13599
121.9869859518577,13600
0.0,13601
0.0,13602
0.0,13603
0.0,13604
468.1564104498829,13605
0.0,13606
0.0,13607
466.2605050250143,13608
0.0,13609
0.0,13610
0.0,13611
559.4417910679439,13612
462.48537097871076,13613
0.0,13614
0.0,13615
459.70143699878525,13616
456.5361009708922,13617
0.0,13618
1157.2006099803905,13619
0.0,13620
0.0,13621
135.33393621181858,13622
0.0,13623
122.04691356233798,13624
0.0,13625
108.31886402399533,13626
0.0,13627
94.74118162851246,13628
1085.5550150250722,13629
79.82828082371536,13630
67.64050369162346,13631
414.5229208381361,13632
0.0,13633
0.0,13634
0.0,13635
0.0,13636
0.0,13637
0.0,13638
0.0,13639
326.89653455281865,13640
54.21589219850031,13641
0.0,13642
0.0,13643
0.0,13644
586.7587095463392,13645
148.716442888376,13646
43.41153179606923,13647
0.0,13648
1069.6188251130636,13649
0.0,13650
0.0,13651
0.0,13652
0.0,13653
0.0,13654
0.0,13655
35.794734387501514,13656
207.91806977076791,13657
278.97719676059387,13658
0.0,13659
0.0,13660
448.4316820882724,13661
0.0,13662
0.0,13663
0.0,13664
0.0,13665
0.0,13666
466.3271215445777,13667
0.0,13668
0.0,13669
23.614257467546846,13670
19.79800141485688,13671
16.649942998770133,13672
14.022538606445675,13673
0.0,13674
0.0,13675
11.772596005264727,13676
0.0,13677
390.09193922102475,13678
10.019626713165819,13679
8.40570425048912,13680
0.0,13681
0.0,13682
7.032755667553474,13683
0.0,13684
0.0,13685
0.0,13686
5.996405824619609,13687
5.4623754485422,13688
5.657025091210328,13689
6.849953807926422,13690
0.0,13691
0.0,13692
390.8942731598659,13693
0.0,13694
393.78214000119704,13695
0.0,13696
0.0,13697
0.0,13698
269.11755390797083,13699
0.0,13700
0.0,13701
0.0,13702
403.5512108215117,13703
0.0,13704
409.51801578534673,13705
416.6421457154255,13706
425.0425812551532,13707
443.62488798305833,13708
0.0,13709
372.697149986733,13710
0.0,13711
25.387833964631767,13712
0.0,13713
0.0,13714
385.8728802984947,13715
0.0,13716
0.0,13717
0.0,13718
441.79808822672084,13719
38.13757804162023,13720
46.49280073494629,13721
56.4509440260656,13722
1060.8243416498588,13723
0.0,13724
0.0,13725
0.0,13726
465.60183965498067,13727
82.96768779293873,13728
0.0,13729
172.82676961858823,13730
0.0,13731
188.56667277191656,13732
175.83248873809532,13733
0.0,13734
0.0,13735
487.0326598455815,13736
0.0,13737
573.6548838879806,13738
584.4279591395169,13739
0.0,13740
72.79465264919624,13741
0.0,13742
0.0,13743
4165.138179890532,13744
86.2504504748751,13745
88.75843706772076,13746
540.5651092959773,13747
81.07895001544875,13748
0.0,13749
0.0,13750
0.0,13751
0.0,13752
0.0,13753
0.0,13754
0.0,13755
637.6748231764265,13756
232.6028365708561,13757
260.43054272124607,13758
228.50771836805401,13759
0.0,13760
255.99924887330698,13761
0.0,13762
596.1631487632726,13763
0.0,13764
0.0,13765
179.29131974131698,13766
0.0,13767
171.98709117440464,13768
0.0,13769
0.0,13770
201.7539542849844,13771
0.0,13772
0.0,13773
0.0,13774
0.0,13775
0.0,13776
0.0,13777
0.0,13778
4182.754870503619,13779
0.0,13780
0.0,13781
0.0,13782
2.753459529000538,13783
1.7628028810289111,13784
0.0,13785
0.0,13786
0.0,13787
0.0,13788
0.0,13789
1.0936317260721011,13790
0.6622285367981428,13791
280.45790174333223,13792
304.1769972526928,13793
0.0,13794
0.0,13795
0.0,13796
0.0,13797
0.0,13798
1835.3242579363014,13799
0.0,13800
0.0,13801
0.0,13802
0.0,13803
0.0,13804
1602.590437830855,13805
0.0,13806
0.0,13807
0.0,13808
0.0,13809
0.0,13810
0.0,13811
0.0,13812
1907.3641881294204,13813
217.26278409816123,13814
0.0,13815
0.0,13816
1399.3423089780172,13817
0.0,13818
0.0,13819
0.0,13820
0.0,13821
0.0,13822
0.0,13823
0.0,13824
716.4999422600902,13825
0.0,13826
0.0,13827
0.0,13828
0.0,13829
0.0,13830
0.0,13831
0.0,13832
0.0,13833
159.23925611655136,13834
857.4449446048434,13835
0.0,13836
49.71311068488314,13837
0.0,13838
0.0,13839
0.0,13840
0.0,13841
334.6883695411271,13842
0.0,13843
0.0,13844
0.0,13845
0.0,13846
0.0,13847
1396.6314942285728,13848
0.0,13849
0.0,13850
0.0,13851
0.0,13852
0.0,13853
1523.426914877711,13854
0.0,13855
0.0,13856
0.0,13857
1154.6636847813902,13858
364.3111326493829,13859
0.0,13860
0.0,13861
0.0,13862
0.0,13863
1088.5149946142599,13864
0.0,13865
0.0,13866
561.9824897311756,13867
0.0,13868
0.0,13869
578.3731655300788,13870
593.9833787154071,13871
0.0,13872
0.0,13873
3934.412622264989,13874
0.0,13875
0.0,13876
0.0,13877
0.0,13878
0.0,13879
0.0,13880
0.0,13881
0.0,13882
0.0,13883
813.260339221308,13884
0.0,13885
0.0,13886
0.0,13887
0.0,13888
0.0,13889
0.0,13890
0.0,13891
0.0,13892
0.0,13893
0.0,13894
0.0,13895
0.0,13896
0.0,13897
0.0,13898
0.0,13899
200.74665259387166,13900
0.0,13901
0.0,13902
83.70534016523635,13903
0.0,13904
1241.5640478860682,13905
0.0,13906
350.4345316382868,13907
206.9032189241838,13908
0.0,13909
0.0,13910
203.5179825985317,13911
199.60364727983543,13912
196.08870176126305,13913
0.0,13914
193.58815954370843,13915
192.4408972300218,13916
0.0,13917
0.0,13918
0.0,13919
0.0,13920
0.0,13921
0.0,13922
0.0,13923
0.0,13924
0.0,13925
0.0,13926
0.0,13927
467.8355127208362,13928
0.0,13929
0.0,13930
0.0,13931
0.0,13932
413.79797256628694,13933
0.0,13934
0.0,13935
0.0,13936
0.0,13937
0.0,13938
0.0,13939
0.0,13940
398.66362965792666,13941
0.0,13942
385.88230823437283,13943
0.0,13944
1559.5467087145962,13945
0.0,13946
0.0,13947
0.0,13948
0.0,13949
192.226932833445,13950
0.0,13951
0.0,13952
0.0,13953
0.0,13954
0.0,13955
0.0,13956
0.0,13957
185.38880455064208,13958
181.65800978652123,13959
0.0,13960
0.0,13961
0.0,13962
0.0,13963
0.0,13964
0.0,13965
0.0,13966
0.0,13967
0.0,13968
0.0,13969
508.99868909127264,13970
0.0,13971
0.0,13972
0.0,13973
0.0,13974
3099.4660052309478,13975
0.0,13976
0.0,13977
0.0,13978
2032.5708610630859,13979
0.0,13980
0.0,13981
0.0,13982
0.0,13983
1642.1087467022885,13984
0.0,13985
1448.1772373551228,13986
0.0,13987
1188.166770292011,13988
0.0,13989
0.0,13990
0.0,13991
0.0,13992
248.66781300685238,13993
0.0,13994
0.0,13995
0.0,13996
499.0422503941015,13997
0.0,13998
492.7365910911411,13999
0.0,14000
569.1587140569286,14001
0.0,14002
0.0,14003
0.0,14004
0.0,14005
0.0,14006
0.0,14007
0.0,14008
0.0,14009
0.0,14010
0.0,14011
0.0,14012
0.0,14013
613.5551828975777,14014
0.0,14015
0.0,14016
1109.340030988895,14017
0.0,14018
292.8018996642846,14019
0.0,14020
0.0,14021
0.0,14022
0.0,14023
0.0,14024
0.0,14025
0.0,14026
0.0,14027
0.0,14028
0.0,14029
37.898113347066676,14030
0.0,14031
0.0,14032
0.0,14033
0.0,14034
0.0,14035
0.0,14036
0.0,14037
0.0,14038
0.0,14039
0.0,14040
0.0,14041
0.0,14042
575.9793949843252,14043
0.0,14044
0.0,14045
0.0,14046
0.0,14047
0.0,14048
672.4497657165502,14049
0.0,14050
0.0,14051
1460.121374016076,14052
0.0,14053
0.0,14054
0.0,14055
0.0,14056
0.0,14057
0.0,14058
0.0,14059
0.0,14060
624.7901706874169,14061
0.0,14062
0.0,14063
0.0,14064
0.0,14065
0.0,14066
0.0,14067
0.0,14068
0.0,14069
0.0,14070
0.0,14071
0.0,14072
0.0,14073
0.0,14074
0.0,14075
0.0,14076
0.0,14077
0.0,14078
400.6190452551614,14079
5734.20419559827,14080
1539.5800818461396,14081
547.8989275601809,14082
1453.3044407667842,14083
0.0,14084
0.0,14085
0.0,14086
0.0,14087
0.0,14088
0.0,14089
0.0,14090
0.0,14091
0.0,14092
0.0,14093
0.0,14094
1967.842343277109,14095
0.0,14096
0.0,14097
0.0,14098
0.0,14099
0.0,14100
0.0,14101
353.74139576801224,14102
0.0,14103
3835.3358416688366,14104
0.0,14105
238.93533113356358,14106
0.0,14107
0.0,14108
0.0,14109
0.0,14110
0.0,14111
840.5543844600679,14112
464.90177989002996,14113
0.0,14114
1050.9008786782367,14115
0.0,14116
80.30917236550462,14117
87.10378196747313,14118
0.0,14119
0.0,14120
0.0,14121
202.6749068376699,14122
223.54563217755796,14123
0.0,14124
0.0,14125
0.0,14126
0.0,14127
3057.8321183317685,14128
0.0,14129
0.0,14130
0.0,14131
0.0,14132
0.0,14133
0.0,14134
0.0,14135
0.0,14136
0.0,14137
0.0,14138
0.0,14139
432.4138980576524,14140
454.44570186316366,14141
0.0,14142
72.8829283559848,14143
0.0,14144
0.0,14145
67.51244656232531,14146
303.9936160852334,14147
300.8744832603023,14148
742.4852012694553,14149
0.0,14150
1312.417504931359,14151
2581.5120664413457,14152
685.6405040179816,14153
302.0523065962541,14154
3116.4294303384445,14155
1273.8484311955497,14156
0.0,14157
1271.3062226196948,14158
1335.7823702180763,14159
697.6292584972815,14160
641.2837800582938,14161
708.6461399653326,14162
772.5283219996253,14163
770.2064729723273,14164
767.155664214279,14165
0.0,14166
425.846781340677,14167
0.0,14168
870.1992681570046,14169
707.6579880197164,14170
458.4408027130164,14171
0.0,14172
0.0,14173
481.1366450489437,14174
0.0,14175
1301.6726959335094,14176
501.660698885007,14177
1380.6860322852765,14178
1377.5373809290888,14179
0.0,14180
0.0,14181
183.15211316143615,14182
820.4044863233207,14183
691.5615972743614,14184
737.9362578108503,14185
0.0,14186
0.0,14187
0.0,14188
0.0,14189
0.0,14190
0.0,14191
0.0,14192
0.0,14193
0.0,14194
0.0,14195
0.0,14196
0.0,14197
0.0,14198
0.0,14199
0.0,14200
0.0,14201
0.0,14202
0.0,14203
0.0,14204
0.0,14205
0.0,14206
0.0,14207
0.0,14208
0.0,14209
0.0,14210
0.0,14211
0.0,14212
0.0,14213
0.0,14214
0.0,14215
0.0,14216
0.0,14217
0.0,14218
0.0,14219
0.0,14220
0.0,14221
0.0,14222
0.0,14223
0.0,14224
0.0,14225
0.0,14226
0.0,14227
0.0,14228
0.0,14229
0.0,14230
0.0,14231
0.0,14232
0.0,14233
0.0,14234
0.0,14235
0.0,14236
0.0,14237
0.0,14238
0.0,14239
0.0,14240
2173.17477399774,14241
0.0,14242
0.0,14243
0.0,14244
0.0,14245
0.0,14246
0.0,14247
0.0,14248
0.0,14249
0.0,14250
0.0,14251
0.0,14252
0.0,14253
2181.9792748806763,14254
0.0,14255
0.0,14256
0.0,14257
0.0,14258
1471.396301285405,14259
0.0,14260
0.0,14261
0.0,14262
0.0,14263
0.0,14264
989.661723122431,14265
0.0,14266
0.0,14267
0.0,14268
0.0,14269
0.0,14270
0.0,14271
0.0,14272
0.0,14273
0.0,14274
0.0,14275
0.0,14276
0.0,14277
0.0,14278
0.0,14279
0.0,14280
0.0,14281
0.0,14282
0.0,14283
0.0,14284
0.0,14285
0.0,14286
0.0,14287
0.0,14288
0.0,14289
0.0,14290
0.0,14291
0.0,14292
0.0,14293
0.0,14294
0.0,14295
0.0,14296
0.0,14297
673.297019217563,14298
0.0,14299
0.0,14300
0.0,14301
709.6289289190356,14302
1216.464008488694,14303
0.0,14304
0.0,14305
0.0,14306
0.0,14307
0.0,14308
0.0,14309
0.0,14310
0.0,14311
2019.8889317429853,14312
0.0,14313
0.0,14314
0.0,14315
0.0,14316
0.0,14317
0.0,14318
2168.943462823008,14319
0.0,14320
0.0,14321
0.0,14322
0.0,14323
0.0,14324
1874.2646786647445,14325
0.0,14326
0.0,14327
0.0,14328
0.0,14329
0.0,14330
1118.6366022989287,14331
0.0,14332
0.0,14333
0.0,14334
0.0,14335
0.0,14336
0.0,14337
0.0,14338
0.0,14339
0.0,14340
0.0,14341
0.0,14342
0.0,14343
0.0,14344
4264.174707811465,14345
0.0,14346
0.0,14347
1482.9477094354656,14348
0.0,14349
0.0,14350
0.0,14351
0.0,14352
0.0,14353
0.0,14354
0.0,14355
0.0,14356
0.0,14357
0.0,14358
0.0,14359
0.0,14360
0.0,14361
0.0,14362
301.31032420199745,14363
0.0,14364
0.0,14365
0.0,14366
983.0042658424434,14367
0.0,14368
0.0,14369
0.0,14370
0.0,14371
0.0,14372
0.0,14373
0.0,14374
0.0,14375
0.0,14376
0.0,14377
0.0,14378
0.0,14379
0.0,14380
0.0,14381
0.0,14382
0.0,14383
0.0,14384
0.0,14385
0.0,14386
0.0,14387
0.0,14388
0.0,14389
0.0,14390
0.0,14391
0.0,14392
0.0,14393
0.0,14394
0.0,14395
548.6656839335712,14396
0.0,14397
0.0,14398
411.7877784669605,14399
169.77466482738987,14400
90.49334168572696,14401
1802.225636282816,14402
1841.3552233209282,14403
0.0,14404
124.31111437144442,14405
198.01717158129597,14406
0.0,14407
193.29356609116434,14408
0.0,14409
0.0,14410
0.0,14411
0.0,14412
0.0,14413
0.0,14414
0.0,14415
0.0,14416
0.0,14417
0.0,14418
0.0,14419
0.0,14420
0.0,14421
0.0,14422
0.0,14423
0.0,14424
0.0,14425
184.22677521952173,14426
87.30510241559452,14427
0.0,14428
0.0,14429
0.0,14430
0.0,14431
0.0,14432
0.0,14433
0.0,14434
0.0,14435
0.0,14436
0.0,14437
0.0,14438
0.0,14439
0.0,14440
0.0,14441
0.0,14442
0.0,14443
0.0,14444
0.0,14445
0.0,14446
0.0,14447
0.0,14448
0.0,14449
0.0,14450
0.0,14451
0.0,14452
0.0,14453
0.0,14454
0.0,14455
0.0,14456
0.0,14457
0.0,14458
0.0,14459
408.3291108196772,14460
0.0,14461
0.0,14462
0.0,14463
0.0,14464
0.0,14465
0.0,14466
0.0,14467
0.0,14468
111.0235502946332,14469
0.0,14470
0.0,14471
0.0,14472
0.0,14473
0.0,14474
0.0,14475
0.0,14476
963.8717627378022,14477
0.0,14478
0.0,14479
0.0,14480
0.0,14481
0.0,14482
0.0,14483
0.0,14484
0.0,14485
0.0,14486
0.0,14487
0.0,14488
0.0,14489
0.0,14490
0.0,14491
0.0,14492
0.0,14493
0.0,14494
0.0,14495
0.0,14496
0.0,14497
0.0,14498
0.0,14499
0.0,14500
0.0,14501
0.0,14502
0.0,14503
0.0,14504
0.0,14505
0.0,14506
0.0,14507
0.0,14508
0.0,14509
0.0,14510
0.0,14511
0.0,14512
0.0,14513
0.0,14514
9.618761611434524,14515
0.0,14516
0.0,14517
0.0,14518
0.0,14519
0.0,14520
0.0,14521
0.0,14522
0.0,14523
0.0,14524
0.0,14525
0.0,14526
0.0,14527
654.4394517330217,14528
0.0,14529
0.0,14530
0.0,14531
0.0,14532
0.0,14533
0.0,14534
696.8955543295008,14535
0.0,14536
0.0,14537
0.0,14538
0.0,14539
0.0,14540
0.0,14541
375.34492125633665,14542
0.0,14543
0.0,14544
0.0,14545
2622.751747376924,14546
0.0,14547
0.0,14548
0.0,14549
0.0,14550
0.0,14551
0.0,14552
0.0,14553
0.0,14554
0.0,14555
0.0,14556
0.0,14557
0.0,14558
244.82518690697182,14559
0.0,14560
0.0,14561
0.0,14562
223.90068556474887,14563
0.0,14564
0.0,14565
0.0,14566
0.0,14567
0.0,14568
0.0,14569
0.0,14570
188.5123284007431,14571
0.0,14572
0.0,14573
2258.907555565169,14574
1925.9667270344744,14575
1054.662937243268,14576
0.0,14577
0.0,14578
0.0,14579
0.0,14580
0.0,14581
0.0,14582
1449.155640836114,14583
0.0,14584
0.0,14585
0.0,14586
0.0,14587
0.0,14588
0.0,14589
0.0,14590
0.0,14591
0.0,14592
0.0,14593
0.0,14594
0.0,14595
0.0,14596
0.0,14597
0.0,14598
0.0,14599
0.0,14600
0.0,14601
0.0,14602
0.0,14603
0.0,14604
0.0,14605
0.0,14606
1044.366525603543,14607
0.0,14608
0.0,14609
0.0,14610
0.0,14611
0.0,14612
0.0,14613
0.0,14614
0.0,14615
885.3451328722674,14616
875.4106994435809,14617
866.3344357203762,14618
1081.8864196303882,14619
0.0,14620
0.0,14621
0.0,14622
0.0,14623
0.0,14624
0.0,14625
0.0,14626
0.0,14627
5.068699261334923,14628
0.0,14629
0.0,14630
0.0,14631
0.0,14632
0.0,14633
0.0,14634
0.0,14635
0.0,14636
0.0,14637
0.0,14638
0.0,14639
0.0,14640
0.0,14641
0.0,14642
0.0,14643
0.0,14644
0.0,14645
0.0,14646
0.0,14647
0.0,14648
0.0,14649
0.0,14650
0.0,14651
0.0,14652
0.0,14653
0.0,14654
0.0,14655
0.0,14656
0.0,14657
0.0,14658
0.0,14659
0.0,14660
0.0,14661
0.0,14662
0.0,14663
0.0,14664
850.2687686476972,14665
0.0,14666
0.0,14667
0.0,14668
0.0,14669
0.0,14670
0.0,14671
0.0,14672
0.0,14673
0.0,14674
0.0,14675
0.0,14676
0.0,14677
0.0,14678
0.0,14679
0.0,14680
0.0,14681
0.0,14682
0.0,14683
0.0,14684
0.0,14685
0.0,14686
0.0,14687
91.94509510950421,14688
0.0,14689
0.0,14690
0.0,14691
0.0,14692
0.0,14693
0.0,14694
0.0,14695
0.0,14696
0.0,14697
0.0,14698
0.0,14699
0.0,14700
1649.2103353569871,14701
0.0,14702
172.96092849895567,14703
0.0,14704
0.0,14705
0.0,14706
0.0,14707
0.0,14708
0.0,14709
0.0,14710
0.0,14711
0.0,14712
0.0,14713
0.0,14714
0.0,14715
0.0,14716
0.0,14717
0.0,14718
0.0,14719
0.0,14720
0.0,14721
0.0,14722
0.0,14723
0.0,14724
0.0,14725
0.0,14726
0.0,14727
0.0,14728
0.0,14729
0.0,14730
0.0,14731
0.0,14732
0.0,14733
0.0,14734
0.0,14735
0.0,14736
0.0,14737
0.0,14738
1459.1529492548675,14739
0.0,14740
895.5709183466208,14741
3604.301216858234,14742
0.0,14743
0.0,14744
0.0,14745
0.0,14746
0.0,14747
0.0,14748
0.0,14749
0.0,14750
156.22704280951064,14751
0.0,14752
0.0,14753
304.0805031205258,14754
0.0,14755
0.0,14756
0.0,14757
0.0,14758
0.0,14759
0.0,14760
0.0,14761
0.0,14762
0.0,14763
0.0,14764
0.0,14765
0.0,14766
0.0,14767
1257.5889683139274,14768
0.0,14769
0.0,14770
608.544180634937,14771
0.0,14772
0.0,14773
0.0,14774
0.0,14775
0.0,14776
6599.13600469778,14777
0.0,14778
0.0,14779
0.0,14780
238.66961764382845,14781
0.0,14782
0.0,14783
1394.7511403658978,14784
0.0,14785
0.0,14786
0.0,14787
0.0,14788
0.0,14789
0.0,14790
0.0,14791
0.0,14792
0.0,14793
0.0,14794
0.0,14795
0.0,14796
0.0,14797
0.0,14798
0.0,14799
0.0,14800
0.0,14801
0.0,14802
0.0,14803
0.0,14804
0.0,14805
0.0,14806
47.55353053404961,14807
0.0,14808
0.0,14809
0.0,14810
0.0,14811
8604.104439497152,14812
2341.3367213870715,14813
0.0,14814
0.0,14815
0.0,14816
0.0,14817
0.0,14818
0.0,14819
0.0,14820
0.0,14821
0.0,14822
0.0,14823
0.0,14824
0.0,14825
0.0,14826
0.0,14827
0.0,14828
0.0,14829
0.0,14830
0.0,14831
0.0,14832
0.0,14833
0.0,14834
0.0,14835
0.0,14836
0.0,14837
0.0,14838
0.0,14839
0.0,14840
0.0,14841
1540.2836374944775,14842
0.0,14843
0.0,14844
0.0,14845
0.0,14846
0.0,14847
615.0745696142817,14848
0.0,14849
0.0,14850
0.0,14851
0.0,14852
495.77910475444384,14853
0.0,14854
0.0,14855
511.1486296049281,14856
0.0,14857
0.0,14858
0.0,14859
1483.9694925130118,14860
349.29371687660995,14861
1479.48019693748,14862
1525.0674801168882,14863
0.0,14864
0.0,14865
0.0,14866
873.6265619799218,14867
1075.0552471576207,14868
0.0,14869
0.0,14870
0.0,14871
0.0,14872
0.0,14873
0.0,14874
1834.8583575730897,14875
0.0,14876
0.0,14877
0.0,14878
547.7778163867982,14879
0.0,14880
0.0,14881
254.92387749238338,14882
0.0,14883
1588.0618009541631,14884
0.0,14885
0.0,14886
0.0,14887
0.0,14888
561.2496129579214,14889
583.6945319752142,14890
0.0,14891
0.0,14892
0.0,14893
0.0,14894
0.0,14895
0.0,14896
0.0,14897
0.0,14898
94.93075620553616,14899
0.0,14900
0.0,14901
2518.1851340862713,14902
935.3661887244211,14903
196.0708199796788,14904
0.0,14905
0.0,14906
968.6721712954752,14907
1118.356547455146,14908
0.0,14909
0.0,14910
0.0,14911
0.0,14912
0.0,14913
0.0,14914
584.5643893913239,14915
0.0,14916
0.0,14917
0.0,14918
0.0,14919
0.0,14920
0.0,14921
136.0982575671574,14922
128.95198953732557,14923
0.0,14924
0.0,14925
1023.1298205906503,14926
0.0,14927
0.0,14928
0.0,14929
0.0,14930
0.0,14931
4826.718495330334,14932
0.0,14933
0.0,14934
0.0,14935
0.0,14936
0.0,14937
0.0,14938
0.0,14939
0.0,14940
0.0,14941
254.1246852260418,14942
0.0,14943
0.0,14944
2296.153391773701,14945
0.0,14946
708.596495369984,14947
115.11426271718231,14948
0.0,14949
0.0,14950
0.0,14951
0.0,14952
0.0,14953
0.0,14954
0.0,14955
0.0,14956
0.0,14957
0.0,14958
0.0,14959
0.0,14960
0.0,14961
0.0,14962
0.0,14963
0.0,14964
0.0,14965
1149.3544940915992,14966
0.0,14967
360.0695133672788,14968
0.0,14969
0.0,14970
117.17812695972442,14971
0.0,14972
1173.5601807071926,14973
173.82093485803657,14974
2277.002337508875,14975
0.0,14976
0.0,14977
0.0,14978
0.0,14979
0.0,14980
0.0,14981
0.0,14982
0.0,14983
0.0,14984
0.0,14985
0.0,14986
0.0,14987
88.38227212205274,14988
0.0,14989
0.0,14990
0.0,14991
0.0,14992
231.34650043805243,14993
0.0,14994
0.0,14995
5.666446935618541,14996
0.0,14997
0.0,14998
0.0,14999
0.0,15000
0.0,15001
0.0,15002
0.0,15003
0.0,15004
0.0,15005
0.0,15006
0.0,15007
0.0,15008
0.0,15009
1164.7306323642354,15010
327.99326876283664,15011
0.0,15012
0.0,15013
0.0,15014
0.0,15015
0.0,15016
0.0,15017
0.0,15018
0.0,15019
0.0,15020
0.0,15021
0.0,15022
0.0,15023
0.0,15024
0.0,15025
0.0,15026
0.0,15027
575.7992080688955,15028
0.0,15029
0.0,15030
0.0,15031
0.0,15032
0.0,15033
0.0,15034
0.0,15035
0.0,15036
0.0,15037
1496.8016181995881,15038
125.07511379043434,15039
0.0,15040
0.0,15041
565.4786096438912,15042
898.92533410072,15043
0.0,15044
129.09940128612553,15045
892.5202437131487,15046
675.1544808540176,15047
1230.2145413533958,15048
0.0,15049
0.0,15050
0.0,15051
737.3169090539624,15052
0.0,15053
0.0,15054
0.0,15055
0.0,15056
239.18036073955642,15057
0.0,15058
0.0,15059
0.0,15060
0.0,15061
54.31450328286005,15062
0.0,15063
0.0,15064
0.0,15065
0.0,15066
2299.7258763835544,15067
0.0,15068
0.0,15069
0.0,15070
1639.7044812070262,15071
0.0,15072
1640.8800404443364,15073
301.47307216326465,15074
0.0,15075
0.0,15076
444.4582198190456,15077
0.0,15078
0.0,15079
118.644973961554,15080
0.0,15081
0.0,15082
2545.0842874096256,15083
0.0,15084
0.0,15085
2656.9555999745294,15086
0.0,15087
0.0,15088
1823.4404535644135,15089
1614.0641960735493,15090
0.0,15091
1809.6185735341387,15092
548.8281323531484,15093
3485.598892048326,15094
1565.4381496218766,15095
0.0,15096
0.0,15097
0.0,15098
3821.886377173638,15099
0.0,15100
0.0,15101
531.3374174756606,15102
0.0,15103
0.0,15104
154.26103969534324,15105
823.6079240792694,15106
0.0,15107
2505.6319378050134,15108
2580.9958352904587,15109
2113.675980122364,15110
0.0,15111
0.0,15112
0.0,15113
0.0,15114
0.0,15115
0.0,15116
0.0,15117
0.0,15118
0.0,15119
0.0,15120
0.0,15121
0.0,15122
0.0,15123
111.7636397125062,15124
404.5334569343804,15125
0.0,15126
483.2403107519432,15127
0.0,15128
0.0,15129
0.0,15130
0.0,15131
0.0,15132
347.21378958177263,15133
0.0,15134
0.0,15135
0.0,15136
0.0,15137
0.0,15138
0.0,15139
0.0,15140
0.0,15141
0.0,15142
703.6519730117387,15143
5212.785834525737,15144
0.0,15145
696.7714465635717,15146
0.0,15147
2653.718138378993,15148
0.0,15149
0.0,15150
0.0,15151
5206.292754378206,15152
0.0,15153
0.0,15154
0.0,15155
0.0,15156
0.0,15157
4097.847155365234,15158
1927.3271908813908,15159
6142.386917783183,15160
0.0,15161
0.0,15162
0.0,15163
1140.9456501548912,15164
0.0,15165
0.0,15166
0.0,15167
2426.28037765712,15168
1562.8418715616708,15169
0.0,15170
3828.0704286197742,15171
3815.4541418079,15172
3585.7420819801982,15173
3638.8043157469865,15174
3631.409032576169,15175
1915.7327698819463,15176
0.0,15177
3070.2054299690626,15178
0.0,15179
0.0,15180
0.0,15181
0.0,15182
0.0,15183
1002.6998924791545,15184
976.8468521067585,15185
1175.434170062505,15186
66.703305771245,15187
342.4907874644833,15188
256.4198473009795,15189
0.0,15190
483.92711946696323,15191
483.7617022938061,15192
483.0282433570705,15193
287.08074821375493,15194
0.0,15195
83.56648936609349,15196
0.0,15197
195.57891805265962,15198
0.0,15199
0.0,15200
0.0,15201
0.0,15202
0.0,15203
594.8883066895231,15204
0.0,15205
578.2616838602321,15206
545.3413956194888,15207
532.1315929064684,15208
502.9899691159664,15209
450.251951814859,15210
469.3746961345077,15211
464.49830953079555,15212
0.0,15213
0.0,15214
0.0,15215
0.0,15216
0.0,15217
0.0,15218
0.0,15219
0.0,15220
0.0,15221
0.0,15222
666.246719723101,15223
0.0,15224
0.0,15225
0.0,15226
0.0,15227
0.0,15228
0.0,15229
0.0,15230
713.3127626286114,15231
497.1405018532228,15232
0.0,15233
1597.2713898554925,15234
1015.0226927368362,15235
0.0,15236
0.0,15237
0.0,15238
0.0,15239
0.0,15240
0.0,15241
6046.304558404324,15242
0.0,15243
0.0,15244
7653.720788874997,15245
1255.2401365602384,15246
0.0,15247
0.0,15248
0.0,15249
0.0,15250
0.0,15251
0.0,15252
0.0,15253
1434.3592081574275,15254
0.0,15255
594.0323948406611,15256
0.0,15257
0.0,15258
2190.161671876155,15259
0.0,15260
0.0,15261
0.0,15262
0.0,15263
0.0,15264
0.0,15265
646.064529480216,15266
0.0,15267
0.0,15268
0.0,15269
0.0,15270
1638.7269687573503,15271
0.0,15272
167.04791325893362,15273
0.0,15274
0.0,15275
887.6920109254952,15276
0.0,15277
0.0,15278
158.09330371412315,15279
0.0,15280
0.0,15281
0.0,15282
0.0,15283
0.0,15284
0.0,15285
0.0,15286
105.86400792926936,15287
0.0,15288
0.0,15289
0.0,15290
136.1235150419493,15291
0.0,15292
0.0,15293
0.0,15294
0.0,15295
0.0,15296
0.0,15297
0.0,15298
0.0,15299
0.0,15300
0.0,15301
0.0,15302
0.0,15303
0.0,15304
0.0,15305
0.0,15306
0.0,15307
0.0,15308
0.0,15309
0.0,15310
0.0,15311
0.0,15312
0.0,15313
0.0,15314
0.0,15315
0.0,15316
0.0,15317
0.0,15318
1098.190164027181,15319
0.0,15320
0.0,15321
0.0,15322
0.0,15323
260.4214014795299,15324
0.0,15325
0.0,15326
0.0,15327
0.0,15328
0.0,15329
0.0,15330
0.0,15331
0.0,15332
0.0,15333
0.0,15334
0.0,15335
0.0,15336
0.0,15337
0.0,15338
0.0,15339
0.0,15340
0.0,15341
0.0,15342
0.0,15343
0.0,15344
0.0,15345
0.0,15346
0.0,15347
0.0,15348
0.0,15349
0.0,15350
0.0,15351
0.0,15352
1511.7599337196402,15353
0.0,15354
0.0,15355
1070.0787940718697,15356
0.0,15357
0.0,15358
0.0,15359
239.74084523460212,15360
0.0,15361
0.0,15362
0.0,15363
0.0,15364
0.0,15365
0.0,15366
0.0,15367
0.0,15368
0.0,15369
0.0,15370
0.0,15371
0.0,15372
0.0,15373
0.0,15374
0.0,15375
0.0,15376
293.47882828100484,15377
0.0,15378
0.0,15379
0.0,15380
0.0,15381
0.0,15382
0.0,15383
0.0,15384
0.0,15385
0.0,15386
0.0,15387
0.0,15388
0.0,15389
0.0,15390
0.0,15391
0.0,15392
0.0,15393
0.0,15394
0.0,15395
0.0,15396
0.0,15397
0.0,15398
0.0,15399
0.0,15400
0.0,15401
0.0,15402
0.0,15403
0.0,15404
0.0,15405
0.0,15406
0.0,15407
1486.3445590546332,15408
0.0,15409
0.0,15410
0.0,15411
0.0,15412
644.002755777496,15413
0.0,15414
0.0,15415
0.0,15416
0.0,15417
0.0,15418
0.0,15419
0.0,15420
0.0,15421
0.0,15422
0.0,15423
0.0,15424
0.0,15425
0.0,15426
0.0,15427
0.0,15428
0.0,15429
0.0,15430
0.0,15431
0.0,15432
0.0,15433
0.0,15434
0.0,15435
0.0,15436
0.0,15437
238.09690012136812,15438
0.0,15439
0.0,15440
0.0,15441
0.0,15442
0.0,15443
0.0,15444
0.0,15445
0.0,15446
0.0,15447
0.0,15448
0.0,15449
0.0,15450
0.0,15451
0.0,15452
0.0,15453
0.0,15454
0.0,15455
0.0,15456
0.0,15457
0.0,15458
0.0,15459
0.0,15460
0.0,15461
0.0,15462
0.0,15463
0.0,15464
0.0,15465
0.0,15466
0.0,15467
235.3763437153279,15468
0.0,15469
0.0,15470
0.0,15471
0.0,15472
0.0,15473
0.0,15474
0.0,15475
0.0,15476
0.0,15477
0.0,15478
0.0,15479
0.0,15480
0.0,15481
0.0,15482
0.0,15483
0.0,15484
0.0,15485
0.0,15486
59.981316018363046,15487
219.0655244514955,15488
0.0,15489
0.0,15490
0.0,15491
0.0,15492
0.0,15493
0.0,15494
791.3674916454771,15495
1142.0336271840686,15496
0.0,15497
20.98963493309267,15498
0.0,15499
195.94016740190938,15500
0.0,15501
0.0,15502
0.0,15503
9.945742930013338,15504
0.0,15505
0.0,15506
0.0,15507
4.540850920709626,15508
0.0,15509
1.9818280513396285,15510
0.0,15511
0.0,15512
0.0,15513
0.0,15514
0.0,15515
0.0,15516
0.0,15517
0.0,15518
0.0,15519
1049.0511407546119,15520
568.3104167594796,15521
698.2670544187879,15522
0.0,15523
0.0,15524
0.0,15525
0.0,15526
0.0,15527
0.0,15528
0.0,15529
0.0,15530
0.0,15531
662.496306267089,15532
0.0,15533
5604.711128482437,15534
0.0,15535
0.0,15536
616.8879382071227,15537
0.0,15538
0.0,15539
987.6920902318076,15540
120.9300054041625,15541
0.0,15542
0.0,15543
0.0,15544
0.0,15545
961.4027298475495,15546
955.3747911278772,15547
0.0,15548
0.0,15549
0.0,15550
172.9238510087394,15551
0.0,15552
0.0,15553
0.0,15554
0.0,15555
0.0,15556
0.0,15557
0.0,15558
0.0,15559
0.0,15560
0.0,15561
0.0,15562
0.0,15563
0.0,15564
0.0,15565
0.0,15566
0.0,15567
0.0,15568
0.0,15569
0.0,15570
0.0,15571
0.0,15572
0.0,15573
0.0,15574
0.0,15575
0.0,15576
0.0,15577
174.618143771858,15578
0.0,15579
0.0,15580
0.0,15581
0.0,15582
479.12333528104,15583
0.0,15584
0.0,15585
0.0,15586
0.0,15587
0.0,15588
0.0,15589
0.0,15590
0.0,15591
0.0,15592
0.0,15593
0.0,15594
0.0,15595
0.0,15596
0.0,15597
0.0,15598
0.0,15599
0.0,15600
0.0,15601
0.0,15602
0.0,15603
0.0,15604
0.0,15605
0.0,15606
0.0,15607
0.0,15608
0.0,15609
0.0,15610
0.0,15611
0.0,15612
0.0,15613
0.0,15614
302.05204738504256,15615
0.0,15616
0.0,15617
0.0,15618
0.0,15619
0.0,15620
0.0,15621
0.0,15622
0.0,15623
0.0,15624
0.0,15625
0.0,15626
0.0,15627
0.0,15628
0.0,15629
0.0,15630
671.6798667040558,15631
0.0,15632
0.0,15633
0.0,15634
0.0,15635
0.0,15636
0.0,15637
0.0,15638
0.0,15639
0.0,15640
164.1638377813962,15641
0.0,15642
0.0,15643
0.0,15644
0.0,15645
325.68987037561476,15646
0.0,15647
0.0,15648
0.0,15649
0.0,15650
0.0,15651
0.0,15652
0.0,15653
0.0,15654
0.0,15655
0.0,15656
0.0,15657
0.0,15658
0.0,15659
0.0,15660
0.0,15661
496.799024503276,15662
1545.9266008030004,15663
1058.7640548025915,15664
0.0,15665
0.0,15666
0.0,15667
0.0,15668
0.0,15669
587.6728341325872,15670
0.0,15671
0.0,15672
765.9370335532187,15673
424.47651487554117,15674
0.0,15675
0.0,15676
0.0,15677
0.0,15678
0.0,15679
755.1580434523123,15680
329.0287546035717,15681
174.3996022106701,15682
784.8380686551812,15683
558.4820082077267,15684
1079.4287169407319,15685
0.0,15686
0.0,15687
876.0733581378594,15688
0.0,15689
0.0,15690
0.0,15691
0.0,15692
0.0,15693
0.0,15694
0.0,15695
0.0,15696
0.0,15697
0.0,15698
0.0,15699
0.0,15700
0.0,15701
0.0,15702
0.0,15703
0.0,15704
0.0,15705
0.0,15706
0.0,15707
0.0,15708
0.0,15709
0.0,15710
0.0,15711
0.0,15712
0.0,15713
0.0,15714
0.0,15715
0.0,15716
0.0,15717
0.0,15718
0.0,15719
0.0,15720
0.0,15721
0.0,15722
0.0,15723
0.0,15724
0.0,15725
0.0,15726
0.0,15727
0.0,15728
0.0,15729
0.0,15730
0.0,15731
0.0,15732
0.0,15733
0.0,15734
0.0,15735
0.0,15736
0.0,15737
0.0,15738
0.0,15739
0.0,15740
0.0,15741
0.0,15742
0.0,15743
0.0,15744
0.0,15745
0.0,15746
0.0,15747
0.0,15748
0.0,15749
0.0,15750
1652.2095407726385,15751
0.0,15752
2294.0876653632163,15753
0.0,15754
0.0,15755
0.0,15756
1035.0076558404967,15757
0.0,15758
0.0,15759
5846.582520878951,15760
0.0,15761
0.0,15762
0.0,15763
0.0,15764
0.0,15765
0.0,15766
0.0,15767
0.0,15768
0.0,15769
0.0,15770
0.0,15771
0.0,15772
0.0,15773
0.0,15774
0.0,15775
0.0,15776
0.0,15777
0.0,15778
0.0,15779
0.0,15780
0.0,15781
0.0,15782
1282.1342609457135,15783
0.0,15784
0.0,15785
0.0,15786
0.0,15787
0.0,15788
0.0,15789
1023.0192214567135,15790
0.0,15791
276.30591333938975,15792
0.0,15793
0.0,15794
0.0,15795
0.0,15796
0.0,15797
2536.8874421434234,15798
2527.822719448069,15799
2534.3776295552366,15800
2549.54051216837,15801
1180.740971138164,15802
1191.0320468506388,15803
0.0,15804
2443.3462316987057,15805
1255.711523163658,15806
614.3416095957505,15807
1756.1474448655067,15808
1677.7683442725247,15809
1609.3145297818783,15810
1673.4532898349503,15811
2292.211790968951,15812
0.0,15813
2271.677855912181,15814
2249.3431055316573,15815
0.0,15816
1839.7907547274283,15817
241.84624787564957,15818
247.2781666291374,15819
0.0,15820
0.0,15821
1076.2079518126525,15822
646.5720864947019,15823
417.36841958121505,15824
0.0,15825
0.0,15826
336.2830783478713,15827
326.9413344605746,15828
320.21061284728927,15829
885.8842958001043,15830
1356.0630499961242,15831
0.0,15832
0.0,15833
0.0,15834
0.0,15835
0.0,15836
0.0,15837
0.0,15838
0.0,15839
0.0,15840
0.0,15841
0.0,15842
0.0,15843
2628.2221005343117,15844
0.0,15845
0.0,15846
0.0,15847
0.0,15848
0.0,15849
0.0,15850
0.0,15851
0.0,15852
1678.6927781006,15853
0.0,15854
0.0,15855
0.0,15856
0.0,15857
0.0,15858
0.0,15859
0.0,15860
0.0,15861
0.0,15862
0.0,15863
0.0,15864
0.0,15865
0.0,15866
266.49562275949614,15867
0.0,15868
0.0,15869
0.0,15870
0.0,15871
114.12277737201404,15872
969.8129580281075,15873
0.0,15874
0.0,15875
0.0,15876
0.0,15877
0.0,15878
0.0,15879
0.0,15880
0.0,15881
0.0,15882
0.0,15883
0.0,15884
0.0,15885
0.0,15886
0.0,15887
0.0,15888
0.0,15889
0.0,15890
0.0,15891
2369.8000294504695,15892
0.0,15893
0.0,15894
0.0,15895
1102.1488362689477,15896
0.0,15897
1530.854448359919,15898
85.5249082481122,15899
0.0,15900
0.0,15901
0.0,15902
0.0,15903
0.0,15904
0.0,15905
0.0,15906
0.0,15907
0.0,15908
0.0,15909
0.0,15910
493.1978641149725,15911
0.0,15912
1127.0474262763903,15913
0.0,15914
0.0,15915
0.0,15916
0.0,15917
872.7874048971626,15918
0.0,15919
1963.7659190276722,15920
799.7834637148301,15921
795.1277112717053,15922
0.0,15923
0.0,15924
731.1970562708423,15925
0.0,15926
0.0,15927
0.0,15928
0.0,15929
705.5290081597266,15930
222.5960246269668,15931
0.0,15932
523.9243884306433,15933
163.03883620025988,15934
0.0,15935
0.0,15936
0.0,15937
0.0,15938
682.5440775179064,15939
0.0,15940
674.1331832450825,15941
0.0,15942
0.0,15943
0.0,15944
0.0,15945
20.428644446056463,15946
0.0,15947
1151.9673549317417,15948
0.0,15949
0.0,15950
0.0,15951
3521.7669986804854,15952
0.0,15953
0.0,15954
0.0,15955
0.0,15956
0.0,15957
0.0,15958
0.0,15959
0.0,15960
0.0,15961
0.0,15962
0.0,15963
0.0,15964
0.0,15965
0.0,15966
0.0,15967
0.0,15968
0.0,15969
0.0,15970
0.0,15971
0.0,15972
0.0,15973
0.0,15974
0.0,15975
0.0,15976
0.0,15977
0.0,15978
0.0,15979
0.0,15980
0.0,15981
0.0,15982
219.2380709549345,15983
597.244012795881,15984
0.0,15985
0.0,15986
0.0,15987
0.0,15988
0.0,15989
0.0,15990
0.0,15991
0.0,15992
1014.7439786976887,15993
3874.050171397225,15994
0.0,15995
0.0,15996
0.0,15997
0.0,15998
0.0,15999
0.0,16000
0.0,16001
0.0,16002
0.0,16003
0.0,16004
0.0,16005
0.0,16006
0.0,16007
0.0,16008
0.0,16009
0.0,16010
0.0,16011
0.0,16012
0.0,16013
0.0,16014
0.0,16015
0.0,16016
0.0,16017
0.0,16018
0.0,16019
0.0,16020
0.0,16021
0.0,16022
0.0,16023
0.0,16024
0.0,16025
0.0,16026
0.0,16027
0.0,16028
0.0,16029
0.0,16030
0.0,16031
0.0,16032
0.0,16033
0.0,16034
0.0,16035
0.0,16036
0.0,16037
0.0,16038
0.0,16039
0.0,16040
3293.6993722771717,16041
1422.6594702592472,16042
0.0,16043
0.0,16044
0.0,16045
0.0,16046
0.0,16047
3043.582512407096,16048
1382.161548260602,16049
0.0,16050
0.0,16051
702.2392609914401,16052
0.0,16053
0.0,16054
0.0,16055
0.0,16056
0.0,16057
0.0,16058
0.0,16059
0.0,16060
0.0,16061
0.0,16062
0.0,16063
2009.9333603729635,16064
0.0,16065
0.0,16066
0.0,16067
0.0,16068
0.0,16069
0.0,16070
0.0,16071
4342.55742919287,16072
0.0,16073
100.97688793818202,16074
0.0,16075
0.0,16076
4039.1989224076374,16077
0.0,16078
4029.1744281329206,16079
0.0,16080
2238.536219990145,16081
1987.746259092248,16082
0.0,16083
0.0,16084
1072.1165234545592,16085
362.8323662062628,16086
0.0,16087
0.0,16088
0.0,16089
0.0,16090
0.0,16091
0.0,16092
0.0,16093
0.0,16094
0.0,16095
0.0,16096
0.0,16097
0.0,16098
0.0,16099
3763.135187092348,16100
1639.041396534568,16101
0.0,16102
0.0,16103
0.0,16104
0.0,16105
0.0,16106
0.0,16107
0.0,16108
0.0,16109
0.0,16110
0.0,16111
0.0,16112
0.0,16113
0.0,16114
0.0,16115
0.0,16116
0.0,16117
0.0,16118
0.0,16119
0.0,16120
43.30583703731561,16121
0.0,16122
41.90374101844434,16123
0.0,16124
0.0,16125
0.0,16126
0.0,16127
0.0,16128
0.0,16129
0.0,16130
0.0,16131
0.0,16132
0.0,16133
0.0,16134
0.0,16135
0.0,16136
0.0,16137
0.0,16138
0.0,16139
0.0,16140
0.0,16141
0.0,16142
0.0,16143
0.0,16144
0.0,16145
0.0,16146
0.0,16147
0.0,16148
0.0,16149
0.0,16150
0.0,16151
0.0,16152
0.0,16153
0.0,16154
0.0,16155
0.0,16156
0.0,16157
0.0,16158
0.0,16159
0.0,16160
0.0,16161
0.0,16162
0.0,16163
0.0,16164
0.0,16165
0.0,16166
0.0,16167
0.0,16168
0.0,16169
0.0,16170
0.0,16171
0.0,16172
0.0,16173
0.0,16174
0.0,16175
0.0,16176
1444.6944813391135,16177
0.0,16178
76.1070296682174,16179
0.0,16180
0.0,16181
0.0,16182
395.6802959896265,16183
0.0,16184
0.0,16185
0.0,16186
0.0,16187
3947.0984501228595,16188
0.0,16189
721.4382709217266,16190
2966.437085448385,16191
0.0,16192
0.0,16193
2537.927082420375,16194
4002.1306012361792,16195
0.0,16196
2462.5213004723714,16197
0.0,16198
0.0,16199
911.2096340270057,16200
893.7546846010378,16201
1967.5432957342557,16202
1951.0597233268777,16203
0.0,16204
0.0,16205
0.0,16206
0.0,16207
3049.640039606478,16208
0.0,16209
1395.3517286741485,16210
313.86962348155555,16211
690.024322126975,16212
857.4131579318631,16213
528.0056533666377,16214
378.54595441233676,16215
719.850683004937,16216
728.5072721213595,16217
440.99348947102123,16218
0.0,16219
551.3017396827428,16220
674.8026292491253,16221
0.0,16222
0.0,16223
0.0,16224
0.0,16225
0.0,16226
136.38358026955493,16227
0.0,16228
743.1976359770097,16229
129.90578602595807,16230
0.0,16231
0.0,16232
196.36331594572366,16233
0.0,16234
0.0,16235
0.0,16236
0.0,16237
0.0,16238
0.0,16239
0.0,16240
0.0,16241
0.0,16242
0.0,16243
0.0,16244
0.0,16245
845.4612215946199,16246
666.5563426933438,16247
0.0,16248
0.0,16249
2019.8165350518286,16250
0.0,16251
0.0,16252
657.2655709876802,16253
31.106837648826314,16254
0.0,16255
361.9544705313461,16256
378.83004234033655,16257
189.5292818714799,16258
0.0,16259
718.908897714118,16260
2769.9710603387384,16261
0.0,16262
0.0,16263
0.0,16264
0.0,16265
0.0,16266
0.0,16267
0.0,16268
0.0,16269
2107.839444749048,16270
0.0,16271
0.0,16272
1797.7017734598116,16273
383.04337234284077,16274
382.97988497472335,16275
0.0,16276
232.91759972583253,16277
0.0,16278
0.0,16279
0.0,16280
0.0,16281
438.8028009006321,16282
1616.7166459452776,16283
5.1707646637409255,16284
1091.4891838627866,16285
1164.9601896819624,16286
1212.799858062166,16287
0.0,16288
0.0,16289
0.0,16290
149.3804017829998,16291
681.6053277674372,16292
0.0,16293
970.222022354505,16294
0.0,16295
0.0,16296
0.0,16297
0.0,16298
0.0,16299
0.0,16300
244.00532098441116,16301
724.5945236745998,16302
0.0,16303
0.0,16304
93.24751204534083,16305
0.0,16306
0.0,16307
0.0,16308
0.0,16309
0.0,16310
0.0,16311
946.22447891867,16312
0.0,16313
0.0,16314
687.4980236160357,16315
391.68813551133394,16316
365.31690140828107,16317
0.0,16318
0.0,16319
0.0,16320
0.0,16321
0.0,16322
0.0,16323
0.0,16324
0.0,16325
115.05846287002169,16326
1806.6652866602433,16327
115.40421971795865,16328
112.03521879661103,16329
105.20295311511241,16330
0.0,16331
988.0934307608183,16332
0.0,16333
434.350693624615,16334
372.78626940048304,16335
0.0,16336
0.0,16337
0.0,16338
0.0,16339
0.0,16340
0.0,16341
0.0,16342
0.0,16343
0.0,16344
0.0,16345
0.0,16346
0.0,16347
0.0,16348
0.0,16349
0.0,16350
0.0,16351
2720.914804772558,16352
0.0,16353
0.0,16354
0.0,16355
0.0,16356
841.6688584670896,16357
0.0,16358
0.0,16359
0.0,16360
0.0,16361
0.0,16362
0.0,16363
0.0,16364
0.0,16365
0.0,16366
0.0,16367
0.0,16368
0.0,16369
0.0,16370
0.0,16371
0.0,16372
0.0,16373
0.0,16374
0.0,16375
0.0,16376
0.0,16377
0.0,16378
0.0,16379
0.0,16380
790.3387182294473,16381
0.0,16382
0.0,16383
0.0,16384
0.0,16385
0.0,16386
0.0,16387
0.0,16388
0.0,16389
0.0,16390
0.0,16391
0.0,16392
0.0,16393
0.0,16394
0.0,16395
0.0,16396
0.0,16397
0.0,16398
0.0,16399
0.0,16400
0.0,16401
69.73025096886856,16402
0.0,16403
0.0,16404
0.0,16405
0.0,16406
0.0,16407
0.0,16408
0.0,16409
0.0,16410
0.0,16411
0.0,16412
0.0,16413
0.0,16414
1234.2918508335672,16415
0.0,16416
0.0,16417
0.0,16418
0.0,16419
0.0,16420
0.0,16421
0.0,16422
0.0,16423
0.0,16424
0.0,16425
0.0,16426
0.0,16427
0.0,16428
0.0,16429
0.0,16430
0.0,16431
0.0,16432
0.0,16433
0.0,16434
0.0,16435
0.0,16436
0.0,16437
144.6233108834796,16438
0.0,16439
0.0,16440
0.0,16441
0.0,16442
0.0,16443
0.0,16444
0.0,16445
0.0,16446
0.0,16447
0.0,16448
0.0,16449
0.0,16450
0.0,16451
0.0,16452
248.6356883881526,16453
0.0,16454
0.0,16455
0.0,16456
1834.259054114215,16457
0.0,16458
0.0,16459
0.0,16460
0.0,16461
0.0,16462
0.0,16463
0.0,16464
0.0,16465
57.96623217917829,16466
0.0,16467
0.0,16468
0.0,16469
0.0,16470
0.0,16471
0.0,16472
0.0,16473
0.0,16474
0.0,16475
94.00587111079457,16476
299.12776453022036,16477
128.34531524754337,16478
0.0,16479
0.0,16480
0.0,16481
0.0,16482
0.0,16483
0.0,16484
0.0,16485
0.0,16486
0.0,16487
0.0,16488
0.0,16489
373.63076753991385,16490
0.0,16491
0.0,16492
0.0,16493
0.0,16494
0.0,16495
0.0,16496
692.1273500864776,16497
0.0,16498
0.0,16499
0.0,16500
0.0,16501
0.0,16502
0.0,16503
1439.3935752971454,16504
0.0,16505
0.0,16506
0.0,16507
0.0,16508
0.0,16509
0.0,16510
0.0,16511
0.0,16512
0.0,16513
0.0,16514
0.0,16515
0.0,16516
0.0,16517
0.0,16518
0.0,16519
0.0,16520
0.0,16521
0.0,16522
0.0,16523
0.0,16524
0.0,16525
0.0,16526
0.0,16527
0.0,16528
0.0,16529
0.0,16530
0.0,16531
1449.484515416087,16532
0.0,16533
0.0,16534
0.0,16535
0.0,16536
0.0,16537
0.0,16538
0.0,16539
0.0,16540
0.0,16541
0.0,16542
0.0,16543
834.5843972806766,16544
0.0,16545
0.0,16546
0.0,16547
1144.0021385382315,16548
0.0,16549
0.0,16550
0.0,16551
963.1107991622154,16552
0.0,16553
0.0,16554
0.0,16555
0.0,16556
0.0,16557
0.0,16558
0.0,16559
0.0,16560
0.0,16561
0.0,16562
863.5030536324506,16563
0.0,16564
0.0,16565
0.0,16566
0.0,16567
0.0,16568
0.0,16569
0.0,16570
0.0,16571
0.0,16572
0.0,16573
0.0,16574
0.0,16575
0.0,16576
0.0,16577
0.0,16578
0.0,16579
0.0,16580
0.0,16581
0.0,16582
0.0,16583
0.0,16584
0.0,16585
0.0,16586
0.0,16587
1291.3351537607305,16588
0.0,16589
0.0,16590
2862.454354377313,16591
0.0,16592
0.0,16593
1006.2084006243887,16594
0.0,16595
0.0,16596
0.0,16597
0.0,16598
0.0,16599
613.4374131316406,16600
611.2623750658317,16601
342.5238269500919,16602
604.4313866320254,16603
333.83838620892175,16604
588.1057198245871,16605
313.8318390852746,16606
0.0,16607
0.0,16608
303.42418390910353,16609
292.3864682115953,16610
0.0,16611
454.3278572885239,16612
267.5571657231794,16613
257.72934507354853,16614
422.7304055357796,16615
567.1176218256627,16616
0.0,16617
690.8459077705328,16618
427.4602751610457,16619
363.03783572726525,16620
2121.712401933286,16621
0.0,16622
0.0,16623
0.0,16624
0.0,16625
0.0,16626
0.0,16627
0.0,16628
0.0,16629
0.0,16630
0.0,16631
0.0,16632
0.0,16633
0.0,16634
0.0,16635
0.0,16636
0.0,16637
0.0,16638
0.0,16639
0.0,16640
0.0,16641
0.0,16642
0.0,16643
0.0,16644
0.0,16645
0.0,16646
0.0,16647
0.0,16648
0.0,16649
659.869740205375,16650
0.0,16651
0.0,16652
0.0,16653
0.0,16654
1531.0924168757385,16655
0.0,16656
0.0,16657
1085.5772040959305,16658
0.0,16659
0.0,16660
0.0,16661
0.0,16662
0.0,16663
0.0,16664
0.0,16665
0.0,16666
0.0,16667
0.0,16668
0.0,16669
0.0,16670
0.0,16671
0.0,16672
0.0,16673
0.0,16674
0.0,16675
0.0,16676
0.0,16677
0.0,16678
0.0,16679
0.0,16680
0.0,16681
342.81063308644895,16682
0.0,16683
0.0,16684
0.0,16685
0.0,16686
0.0,16687
0.0,16688
0.0,16689
0.0,16690
0.0,16691
0.0,16692
0.0,16693
0.0,16694
0.0,16695
0.0,16696
0.0,16697
0.0,16698
969.0325844947856,16699
0.0,16700
0.0,16701
0.0,16702
0.0,16703
0.0,16704
0.0,16705
0.0,16706
0.0,16707
0.0,16708
0.0,16709
0.0,16710
0.0,16711
0.0,16712
0.0,16713
0.0,16714
0.0,16715
0.0,16716
0.0,16717
0.0,16718
0.0,16719
0.0,16720
0.0,16721
0.0,16722
0.0,16723
0.0,16724
0.0,16725
0.0,16726
0.0,16727
0.0,16728
0.0,16729
0.0,16730
0.0,16731
0.0,16732
0.0,16733
0.0,16734
0.0,16735
0.0,16736
0.0,16737
0.0,16738
0.0,16739
0.0,16740
0.0,16741
0.0,16742
0.0,16743
0.0,16744
0.0,16745
0.0,16746
0.0,16747
0.0,16748
0.0,16749
0.0,16750
0.0,16751
0.0,16752
0.0,16753
0.0,16754
0.0,16755
0.0,16756
0.0,16757
0.0,16758
0.0,16759
0.0,16760
0.0,16761
0.0,16762
699.5736103433698,16763
0.0,16764
0.0,16765
0.0,16766
0.0,16767
0.0,16768
0.0,16769
0.0,16770
0.0,16771
0.0,16772
0.0,16773
0.0,16774
0.0,16775
0.0,16776
0.0,16777
0.0,16778
0.0,16779
0.0,16780
0.0,16781
1493.0669597222316,16782
0.0,16783
0.0,16784
0.0,16785
0.0,16786
0.0,16787
0.0,16788
0.0,16789
0.0,16790
0.0,16791
0.0,16792
0.0,16793
0.0,16794
0.0,16795
0.0,16796
0.0,16797
0.0,16798
0.0,16799
0.0,16800
0.0,16801
0.0,16802
0.0,16803
0.0,16804
0.0,16805
0.0,16806
0.0,16807
0.0,16808
0.0,16809
0.0,16810
0.0,16811
0.0,16812
0.0,16813
0.0,16814
0.0,16815
0.0,16816
0.0,16817
0.0,16818
0.0,16819
0.0,16820
0.0,16821
0.0,16822
0.0,16823
0.0,16824
0.0,16825
0.0,16826
0.0,16827
0.0,16828
0.0,16829
0.0,16830
0.0,16831
0.0,16832
0.0,16833
0.0,16834
0.0,16835
0.0,16836
0.0,16837
0.0,16838
0.0,16839
0.0,16840
0.0,16841
0.0,16842
0.0,16843
0.0,16844
0.0,16845
0.0,16846
0.0,16847
0.0,16848
0.0,16849
0.0,16850
0.0,16851
0.0,16852
0.0,16853
0.0,16854
0.0,16855
0.0,16856
0.0,16857
0.0,16858
0.0,16859
0.0,16860
0.0,16861
0.0,16862
0.0,16863
0.0,16864
0.0,16865
1941.0568380785392,16866
0.0,16867
4261.713597018409,16868
49.65714566253629,16869
1988.2047627782133,16870
0.0,16871
0.0,16872
0.0,16873
0.0,16874
0.0,16875
0.0,16876
0.0,16877
0.0,16878
0.0,16879
0.0,16880
0.0,16881
0.0,16882
0.0,16883
0.0,16884
3621.6402621699926,16885
0.0,16886
0.0,16887
2091.3430779155633,16888
0.0,16889
0.0,16890
0.0,16891
0.0,16892
0.0,16893
0.0,16894
0.0,16895
0.0,16896
605.0687518206934,16897
0.0,16898
220.97628388107563,16899
0.0,16900
0.0,16901
0.0,16902
2241.2603963367183,16903
0.0,16904
0.0,16905
0.0,16906
0.0,16907
0.0,16908
0.0,16909
0.0,16910
0.0,16911
0.0,16912
0.0,16913
0.0,16914
0.0,16915
0.0,16916
0.0,16917
0.0,16918
0.0,16919
0.0,16920
0.0,16921
550.8381565433048,16922
0.0,16923
1911.2035607372322,16924
1909.9835599734542,16925
1909.9590571436684,16926
3292.5257841398125,16927
0.0,16928
0.0,16929
0.0,16930
1325.3283274363991,16931
1166.701537777876,16932
571.4628508879883,16933
1159.2715137072623,16934
472.84962334544537,16935
0.0,16936
0.0,16937
0.0,16938
0.0,16939
0.0,16940
0.0,16941
0.0,16942
0.0,16943
0.0,16944
0.0,16945
0.0,16946
0.0,16947
0.0,16948
0.0,16949
0.0,16950
0.0,16951
0.0,16952
0.0,16953
0.0,16954
0.0,16955
146.08099999021664,16956
0.0,16957
1854.6457478310836,16958
0.0,16959
0.0,16960
0.0,16961
0.0,16962
0.0,16963
0.0,16964
0.0,16965
0.0,16966
0.0,16967
0.0,16968
0.0,16969
0.0,16970
0.0,16971
309.5850800991765,16972
0.0,16973
0.0,16974
0.0,16975
0.0,16976
0.0,16977
0.0,16978
0.0,16979
0.0,16980
0.0,16981
0.0,16982
0.0,16983
0.0,16984
0.0,16985
0.0,16986
0.0,16987
0.0,16988
0.0,16989
0.0,16990
0.0,16991
0.0,16992
0.0,16993
0.0,16994
0.0,16995
0.0,16996
1823.6602650622547,16997
0.0,16998
3123.5037841190733,16999
0.0,17000
0.0,17001
0.0,17002
0.0,17003
0.0,17004
0.0,17005
0.0,17006
0.0,17007
0.0,17008
0.0,17009
0.0,17010
0.0,17011
0.0,17012
0.0,17013
0.0,17014
0.0,17015
0.0,17016
0.0,17017
0.0,17018
0.0,17019
0.0,17020
0.0,17021
0.0,17022
0.0,17023
0.0,17024
0.0,17025
0.0,17026
0.0,17027
0.0,17028
0.0,17029
0.0,17030
2338.8732608988807,17031
0.0,17032
48.86170103838088,17033
0.0,17034
0.0,17035
0.0,17036
79.07149018539934,17037
108.3999235284285,17038
135.94438634778766,17039
93.4135488660144,17040
0.0,17041
0.0,17042
0.0,17043
0.0,17044
0.0,17045
0.0,17046
0.0,17047
0.0,17048
0.0,17049
0.0,17050
440.6004403669946,17051
0.0,17052
0.0,17053
457.36591640570975,17054
0.0,17055
1732.5812556400988,17056
491.5969869249234,17057
371.95128921455375,17058
45.752832836059184,17059
473.5863928222885,17060
0.0,17061
0.0,17062
0.0,17063
0.0,17064
52.72823781755367,17065
0.0,17066
7840.44346147513,17067
0.0,17068
0.0,17069
0.0,17070
0.0,17071
0.0,17072
0.0,17073
722.663352792749,17074
0.0,17075
0.0,17076
0.0,17077
0.0,17078
445.9274343705594,17079
0.0,17080
0.0,17081
0.0,17082
0.0,17083
0.0,17084
646.2124045404519,17085
69.7166144854951,17086
0.0,17087
3107.216517765874,17088
0.0,17089
0.0,17090
0.0,17091
0.0,17092
118.18611644949114,17093
577.7751985899775,17094
0.0,17095
0.0,17096
2416.4854627379327,17097
0.0,17098
574.8656576454367,17099
0.0,17100
0.0,17101
0.0,17102
0.0,17103
1497.5831220200196,17104
0.0,17105
0.0,17106
0.0,17107
1367.610336539515,17108
0.0,17109
0.0,17110
0.0,17111
0.0,17112
0.0,17113
0.0,17114
0.0,17115
0.0,17116
0.0,17117
0.0,17118
700.3913046201077,17119
0.0,17120
127.7312324395356,17121
0.0,17122
0.0,17123
0.0,17124
0.0,17125
0.0,17126
0.0,17127
0.0,17128
0.0,17129
0.0,17130
0.0,17131
0.0,17132
0.0,17133
707.0925411357645,17134
0.0,17135
494.6970035339526,17136
344.2009147278639,17137
766.0305532901479,17138
0.0,17139
0.0,17140
0.0,17141
0.0,17142
0.0,17143
0.0,17144
0.0,17145
3112.6040238864452,17146
0.0,17147
1107.9682930018475,17148
0.0,17149
0.0,17150
2151.135895362925,17151
0.0,17152
0.0,17153
0.0,17154
368.7538773366496,17155
0.0,17156
0.0,17157
0.0,17158
0.0,17159
0.0,17160
0.0,17161
1101.063357915514,17162
878.2282125339426,17163
0.0,17164
784.8436893274277,17165
0.0,17166
783.2995648093066,17167
0.0,17168
0.0,17169
0.0,17170
1679.6401457062866,17171
2274.6125746027164,17172
2608.1613130029173,17173
0.0,17174
502.8677542567131,17175
0.0,17176
0.0,17177
348.1150251464436,17178
0.0,17179
0.0,17180
0.0,17181
0.0,17182
2150.6354526169334,17183
2138.8904315641175,17184
1357.638718883823,17185
2076.754452099105,17186
0.0,17187
0.0,17188
4731.659588804356,17189
4248.925124980835,17190
0.0,17191
967.4606609815669,17192
3737.479673273345,17193
0.0,17194
0.0,17195
1953.486017090527,17196
0.0,17197
0.0,17198
0.0,17199
0.0,17200
0.0,17201
0.0,17202
0.0,17203
427.7405688691213,17204
0.0,17205
0.0,17206
0.0,17207
0.0,17208
0.0,17209
0.0,17210
0.0,17211
0.0,17212
0.0,17213
980.7384513083191,17214
0.0,17215
0.0,17216
0.0,17217
0.0,17218
0.0,17219
0.0,17220
0.0,17221
0.0,17222
0.0,17223
0.0,17224
0.0,17225
0.0,17226
0.0,17227
0.0,17228
0.0,17229
0.0,17230
1224.5162718605618,17231
0.0,17232
364.4654631472611,17233
0.0,17234
0.0,17235
0.0,17236
0.0,17237
0.0,17238
0.0,17239
0.0,17240
0.0,17241
0.0,17242
0.0,17243
0.0,17244
0.0,17245
0.0,17246
0.0,17247
0.0,17248
0.0,17249
0.0,17250
0.0,17251
0.0,17252
0.0,17253
0.0,17254
0.0,17255
0.0,17256
0.0,17257
0.0,17258
0.0,17259
0.0,17260
0.0,17261
0.0,17262
0.0,17263
0.0,17264
0.0,17265
0.0,17266
1137.637203840887,17267
0.0,17268
0.0,17269
1121.0255212804577,17270
0.0,17271
0.0,17272
0.0,17273
0.0,17274
0.0,17275
0.0,17276
0.0,17277
0.0,17278
0.0,17279
0.0,17280
0.0,17281
0.0,17282
0.0,17283
0.0,17284
0.0,17285
0.0,17286
0.0,17287
0.0,17288
0.0,17289
0.0,17290
0.0,17291
0.0,17292
0.0,17293
0.0,17294
0.0,17295
0.0,17296
0.0,17297
175.69846762755478,17298
0.0,17299
0.0,17300
0.0,17301
0.0,17302
0.0,17303
0.0,17304
0.0,17305
0.0,17306
0.0,17307
109.01644481420573,17308
0.0,17309
252.02476142058987,17310
142.906323231272,17311
2586.2128863199437,17312
1803.775656421445,17313
0.0,17314
7070.826590638085,17315
4804.4384114111,17316
3974.0798282235837,17317
0.0,17318
1340.9111547145412,17319
0.0,17320
0.0,17321
0.0,17322
0.0,17323
0.0,17324
0.0,17325
1806.0721097083804,17326
0.0,17327
0.0,17328
0.0,17329
0.0,17330
320.19210613054423,17331
2459.9524047958344,17332
3954.2131965297203,17333
0.0,17334
191.28038167796856,17335
0.0,17336
0.0,17337
0.0,17338
0.0,17339
0.0,17340
0.0,17341
69.63877533610068,17342
72.80110371124121,17343
0.0,17344
0.0,17345
0.0,17346
0.0,17347
0.0,17348
0.0,17349
0.0,17350
0.0,17351
0.0,17352
0.0,17353
0.0,17354
0.0,17355
0.0,17356
0.0,17357
591.9148909057274,17358
0.0,17359
0.0,17360
0.0,17361
0.0,17362
809.9088856828204,17363
0.0,17364
801.4806075696491,17365
0.0,17366
0.0,17367
0.0,17368
0.0,17369
0.0,17370
0.0,17371
0.0,17372
0.0,17373
0.0,17374
0.0,17375
0.0,17376
0.0,17377
0.0,17378
0.0,17379
0.0,17380
0.0,17381
0.0,17382
0.0,17383
0.0,17384
3029.927561882206,17385
0.0,17386
0.0,17387
0.0,17388
0.0,17389
0.0,17390
0.0,17391
0.0,17392
599.8751477330883,17393
0.0,17394
0.0,17395
0.0,17396
0.0,17397
0.0,17398
1233.0615618693334,17399
1214.4771180828623,17400
3430.003508701399,17401
0.0,17402
2031.3433454373906,17403
0.0,17404
0.0,17405
0.0,17406
0.0,17407
0.0,17408
0.0,17409
0.0,17410
0.0,17411
0.0,17412
0.0,17413
1319.7900519008904,17414
0.0,17415
0.0,17416
0.0,17417
540.7124263260628,17418
474.48835902613314,17419
0.0,17420
0.0,17421
0.0,17422
969.1499614332436,17423
3485.3018712826997,17424
0.0,17425
0.0,17426
5321.205485983349,17427
0.0,17428
0.0,17429
0.0,17430
0.0,17431
0.0,17432
0.0,17433
0.0,17434
0.0,17435
0.0,17436
0.0,17437
0.0,17438
0.0,17439
0.0,17440
0.0,17441
1763.1565845298687,17442
0.0,17443
0.0,17444
0.0,17445
0.0,17446
0.0,17447
0.0,17448
0.0,17449
0.0,17450
1125.520601734784,17451
0.0,17452
0.0,17453
0.0,17454
0.0,17455
0.0,17456
0.0,17457
0.0,17458
0.0,17459
0.0,17460
0.0,17461
0.0,17462
0.0,17463
0.0,17464
0.0,17465
0.0,17466
0.0,17467
0.0,17468
0.0,17469
0.0,17470
0.0,17471
0.0,17472
0.0,17473
0.0,17474
0.0,17475
0.0,17476
0.0,17477
0.0,17478
0.0,17479
0.0,17480
0.0,17481
0.0,17482
0.0,17483
1689.452358619949,17484
0.0,17485
0.0,17486
0.0,17487
0.0,17488
0.0,17489
0.0,17490
0.0,17491
0.0,17492
0.0,17493
0.0,17494
0.0,17495
0.0,17496
0.0,17497
0.0,17498
0.0,17499
0.0,17500
0.0,17501
0.0,17502
228.4148596025691,17503
873.4881495782403,17504
0.0,17505
0.0,17506
689.7646642607253,17507
0.0,17508
0.0,17509
0.0,17510
0.0,17511
0.0,17512
0.0,17513
0.0,17514
0.0,17515
0.0,17516
0.0,17517
0.0,17518
0.0,17519
0.0,17520
0.0,17521
0.0,17522
0.0,17523
0.0,17524
0.0,17525
0.0,17526
0.0,17527
0.0,17528
0.0,17529
0.0,17530
0.0,17531
0.0,17532
0.0,17533
0.0,17534
0.0,17535
0.0,17536
0.0,17537
0.0,17538
0.0,17539
0.0,17540
0.0,17541
0.0,17542
0.0,17543
0.0,17544
0.0,17545
0.0,17546
0.0,17547
0.0,17548
0.0,17549
0.0,17550
0.0,17551
0.0,17552
0.0,17553
0.0,17554
0.0,17555
0.0,17556
0.0,17557
0.0,17558
0.0,17559
0.0,17560
3411.8867068195264,17561
1280.3198584643774,17562
0.0,17563
868.5963120376205,17564
0.0,17565
0.0,17566
0.0,17567
0.0,17568
0.0,17569
0.0,17570
0.0,17571
0.0,17572
0.0,17573
0.0,17574
0.0,17575
0.0,17576
0.0,17577
0.0,17578
0.0,17579
0.0,17580
0.0,17581
0.0,17582
0.0,17583
0.0,17584
0.0,17585
0.0,17586
0.0,17587
0.0,17588
0.0,17589
0.0,17590
0.0,17591
0.0,17592
0.0,17593
0.0,17594
0.0,17595
0.0,17596
0.0,17597
0.0,17598
0.0,17599
0.0,17600
0.0,17601
0.0,17602
0.0,17603
0.0,17604
0.0,17605
0.0,17606
0.0,17607
0.0,17608
0.0,17609
0.0,17610
0.0,17611
0.0,17612
0.0,17613
0.0,17614
0.0,17615
0.0,17616
0.0,17617
0.0,17618
0.0,17619
0.0,17620
0.0,17621
0.0,17622
0.0,17623
0.0,17624
0.0,17625
0.0,17626
0.0,17627
0.0,17628
0.0,17629
0.0,17630
0.0,17631
0.0,17632
310.31229901828084,17633
0.0,17634
0.0,17635
4204.112012152583,17636
2045.4853851694893,17637
0.0,17638
0.0,17639
0.0,17640
0.0,17641
0.0,17642
0.0,17643
0.0,17644
0.0,17645
0.0,17646
0.0,17647
0.0,17648
0.0,17649
0.0,17650
0.0,17651
0.0,17652
0.0,17653
0.0,17654
0.0,17655
0.0,17656
0.0,17657
0.0,17658
0.0,17659
0.0,17660
0.0,17661
0.0,17662
0.0,17663
0.0,17664
437.1238706966786,17665
0.0,17666
0.0,17667
0.0,17668
0.0,17669
0.0,17670
0.0,17671
0.0,17672
0.0,17673
0.0,17674
0.0,17675
0.0,17676
0.0,17677
2122.8210592243086,17678
0.0,17679
0.0,17680
0.0,17681
0.0,17682
0.0,17683
0.0,17684
0.0,17685
0.0,17686
0.0,17687
0.0,17688
0.0,17689
0.0,17690
0.0,17691
0.0,17692
0.0,17693
0.0,17694
0.0,17695
0.0,17696
0.0,17697
0.0,17698
0.0,17699
0.0,17700
0.0,17701
0.0,17702
0.0,17703
0.0,17704
0.0,17705
0.0,17706
0.0,17707
0.0,17708
0.0,17709
0.0,17710
172.29936778851769,17711
0.0,17712
0.0,17713
0.0,17714
200.44831044358892,17715
72.17784255372061,17716
0.0,17717
0.0,17718
0.0,17719
0.0,17720
0.0,17721
0.0,17722
0.0,17723
0.0,17724
0.0,17725
0.0,17726
0.0,17727
0.0,17728
0.0,17729
0.0,17730
0.0,17731
0.0,17732
0.0,17733
0.0,17734
0.0,17735
0.0,17736
0.0,17737
0.0,17738
0.0,17739
0.0,17740
0.0,17741
0.0,17742
0.0,17743
0.0,17744
0.0,17745
0.0,17746
0.0,17747
0.0,17748
0.0,17749
2549.492428881685,17750
0.0,17751
0.0,17752
0.0,17753
0.0,17754
0.0,17755
0.0,17756
0.0,17757
0.0,17758
1218.7146792781089,17759
0.0,17760
0.0,17761
0.0,17762
0.0,17763
0.0,17764
0.0,17765
0.0,17766
1.3881217758570803,17767
0.0,17768
0.0,17769
0.0,17770
0.0,17771
0.0,17772
0.0,17773
0.0,17774
0.0,17775
0.0,17776
0.0,17777
0.0,17778
0.0,17779
0.0,17780
0.0,17781
0.0,17782
240.8818216268179,17783
0.0,17784
80.95922451497522,17785
109.70385813302741,17786
0.0,17787
0.0,17788
0.0,17789
0.0,17790
0.0,17791
0.0,17792
0.0,17793
0.0,17794
0.0,17795
0.0,17796
0.0,17797
0.0,17798
0.0,17799
4003.9928906858468,17800
0.0,17801
3846.984179229522,17802
0.0,17803
0.0,17804
0.0,17805
0.0,17806
0.0,17807
0.0,17808
0.0,17809
0.0,17810
0.0,17811
0.0,17812
0.0,17813
0.0,17814
0.0,17815
0.0,17816
0.0,17817
0.0,17818
0.0,17819
3355.2470314269153,17820
2922.212153508798,17821
1289.6357624796653,17822
1267.33267150864,17823
1247.3178526716588,17824
193.6738716352676,17825
0.0,17826
0.0,17827
0.0,17828
1250.6110824424484,17829
0.0,17830
1238.5587225995337,17831
0.0,17832
0.0,17833
644.8409079939256,17834
0.0,17835
0.0,17836
0.0,17837
1229.8167052738165,17838
264.24211542363935,17839
275.35225292739545,17840
1147.2921988539463,17841
0.0,17842
0.0,17843
0.0,17844
0.0,17845
933.2327398200434,17846
0.0,17847
2316.4352062070425,17848
2312.146952137993,17849
0.0,17850
0.0,17851
0.0,17852
0.0,17853
0.0,17854
0.0,17855
0.0,17856
0.0,17857
415.03380162609136,17858
2978.5168819066625,17859
0.0,17860
0.0,17861
3203.77416164792,17862
0.0,17863
4756.700078429275,17864
4770.217910843013,17865
0.0,17866
5002.9144482917445,17867
4903.738666955305,17868
0.0,17869
0.0,17870
0.0,17871
5080.2132093046375,17872
0.0,17873
6627.544678114887,17874
0.0,17875
0.0,17876
930.8103838494236,17877
0.0,17878
0.0,17879
693.8644087564783,17880
5978.518291011843,17881
5968.005992169838,17882
0.0,17883
3013.4774566366864,17884
0.0,17885
0.0,17886
0.0,17887
0.0,17888
0.0,17889
0.0,17890
0.0,17891
0.0,17892
0.0,17893
0.0,17894
0.0,17895
0.0,17896
0.0,17897
0.0,17898
0.0,17899
0.0,17900
0.0,17901
0.0,17902
0.0,17903
0.0,17904
0.0,17905
0.0,17906
0.0,17907
0.0,17908
0.0,17909
0.0,17910
0.0,17911
0.0,17912
0.0,17913
259.26929971073196,17914
0.0,17915
0.0,17916
0.0,17917
0.0,17918
0.0,17919
0.0,17920
0.0,17921
0.0,17922
0.0,17923
115.43659182245976,17924
868.1999774101956,17925
0.0,17926
0.0,17927
0.0,17928
0.0,17929
0.0,17930
96.66849844653069,17931
0.0,17932
0.0,17933
0.0,17934
0.0,17935
0.0,17936
0.0,17937
0.0,17938
0.0,17939
0.0,17940
0.0,17941
0.0,17942
0.0,17943
0.0,17944
0.0,17945
0.0,17946
0.0,17947
0.0,17948
0.0,17949
588.9456241666943,17950
0.0,17951
0.0,17952
834.6158077994834,17953
0.0,17954
0.0,17955
0.0,17956
813.6624052749096,17957
0.0,17958
0.0,17959
1077.0951332115515,17960
0.0,17961
354.37514719415316,17962
0.0,17963
0.0,17964
0.0,17965
0.0,17966
0.0,17967
0.0,17968
0.0,17969
637.3258392271512,17970
0.0,17971
0.0,17972
2539.5856272646756,17973
0.0,17974
0.0,17975
0.0,17976
0.0,17977
0.0,17978
0.0,17979
0.0,17980
0.0,17981
0.0,17982
0.0,17983
0.0,17984
1029.135634015982,17985
0.0,17986
0.0,17987
0.0,17988
0.0,17989
0.0,17990
0.0,17991
0.0,17992
0.0,17993
293.2501027795451,17994
989.4462715929288,17995
0.0,17996
8338.551837091412,17997
0.0,17998
0.0,17999
0.0,18000
0.0,18001
0.0,18002
0.0,18003
0.0,18004
0.0,18005
0.0,18006
7647.505803434162,18007
0.0,18008
0.0,18009
0.0,18010
0.0,18011
108.68938364957074,18012
0.0,18013
0.0,18014
0.0,18015
0.0,18016
0.0,18017
132.6160504053355,18018
0.0,18019
0.0,18020
0.0,18021
0.0,18022
0.0,18023
0.0,18024
0.0,18025
0.0,18026
0.0,18027
0.0,18028
0.0,18029
0.0,18030
0.0,18031
9352.980875889485,18032
0.0,18033
490.09234541448336,18034
520.97389436748,18035
651.2007923966372,18036
0.0,18037
0.0,18038
0.0,18039
0.0,18040
0.0,18041
0.0,18042
0.0,18043
0.0,18044
0.0,18045
0.0,18046
0.0,18047
0.0,18048
0.0,18049
0.0,18050
0.0,18051
0.0,18052
0.0,18053
825.4253463200478,18054
0.0,18055
0.0,18056
0.0,18057
0.0,18058
0.0,18059
0.0,18060
0.0,18061
1553.094226350266,18062
0.0,18063
0.0,18064
0.0,18065
0.0,18066
1902.946247359654,18067
0.0,18068
0.0,18069
0.0,18070
0.0,18071
0.0,18072
0.0,18073
0.0,18074
0.0,18075
0.0,18076
0.0,18077
0.0,18078
0.0,18079
0.0,18080
0.0,18081
0.0,18082
0.0,18083
218.87387179949246,18084
0.0,18085
0.0,18086
0.0,18087
0.0,18088
0.0,18089
0.0,18090
0.0,18091
0.0,18092
0.0,18093
0.0,18094
4142.759069097222,18095
0.0,18096
0.0,18097
0.0,18098
0.0,18099
0.0,18100
0.0,18101
0.0,18102
0.0,18103
480.5450094483411,18104
155.04060934781523,18105
0.0,18106
925.9447897642017,18107
0.0,18108
1265.1849377796013,18109
1200.625606576987,18110
0.0,18111
541.348246899281,18112
0.0,18113
272.42648136559313,18114
278.2472736491148,18115
0.0,18116
0.0,18117
0.0,18118
0.0,18119
0.0,18120
0.0,18121
0.0,18122
162.3629745788625,18123
0.0,18124
0.0,18125
0.0,18126
0.0,18127
367.3694777922977,18128
0.0,18129
0.0,18130
0.0,18131
0.0,18132
0.0,18133
0.0,18134
0.0,18135
0.0,18136
0.0,18137
0.0,18138
0.0,18139
0.0,18140
0.0,18141
0.0,18142
0.0,18143
0.0,18144
0.0,18145
0.0,18146
0.0,18147
0.0,18148
0.0,18149
0.0,18150
0.0,18151
0.0,18152
0.0,18153
0.0,18154
0.0,18155
0.0,18156
0.0,18157
0.0,18158
0.0,18159
0.0,18160
0.0,18161
0.0,18162
0.0,18163
0.0,18164
0.0,18165
0.0,18166
6716.821743358081,18167
0.0,18168
0.0,18169
3508.2412869816826,18170
0.0,18171
0.0,18172
2101.4350192408347,18173
0.0,18174
0.0,18175
0.0,18176
0.0,18177
3691.085937783691,18178
0.0,18179
0.0,18180
2612.602837728878,18181
695.7033562562762,18182
0.0,18183
0.0,18184
0.0,18185
0.0,18186
0.0,18187
0.0,18188
0.0,18189
0.0,18190
1373.3681200809945,18191
0.0,18192
0.0,18193
0.0,18194
0.0,18195
0.0,18196
0.0,18197
0.0,18198
0.0,18199
0.0,18200
0.0,18201
0.0,18202
0.0,18203
0.0,18204
0.0,18205
0.0,18206
0.0,18207
0.0,18208
0.0,18209
0.0,18210
0.0,18211
0.0,18212
0.0,18213
0.0,18214
0.0,18215
0.0,18216
0.0,18217
0.0,18218
0.0,18219
0.0,18220
0.0,18221
0.0,18222
0.0,18223
0.0,18224
1583.3057389912542,18225
1521.638225061369,18226
0.0,18227
0.0,18228
0.0,18229
0.0,18230
0.0,18231
0.0,18232
0.0,18233
0.0,18234
0.0,18235
0.0,18236
0.0,18237
0.0,18238
0.0,18239
0.0,18240
0.0,18241
0.0,18242
0.0,18243
46.32556403402494,18244
0.0,18245
0.0,18246
491.1838525586703,18247
344.66432095210985,18248
0.0,18249
0.0,18250
0.0,18251
0.0,18252
0.0,18253
0.0,18254
0.0,18255
0.0,18256
0.0,18257
0.0,18258
0.0,18259
0.0,18260
0.0,18261
0.0,18262
0.0,18263
0.0,18264
0.0,18265
0.0,18266
0.0,18267
0.0,18268
0.0,18269
0.0,18270
0.0,18271
0.0,18272
0.0,18273
0.0,18274
0.0,18275
0.0,18276
0.0,18277
0.0,18278
68.30379672296137,18279
0.0,18280
0.0,18281
0.0,18282
0.0,18283
0.0,18284
0.0,18285
0.0,18286
330.14904373112233,18287
0.0,18288
0.0,18289
0.0,18290
0.0,18291
0.0,18292
621.453735912452,18293
0.0,18294
0.0,18295
0.0,18296
0.0,18297
0.0,18298
0.0,18299
0.0,18300
566.7832713142988,18301
0.0,18302
0.0,18303
0.0,18304
103.65351294366833,18305
1684.1780475415937,18306
0.0,18307
0.0,18308
238.56865666104076,18309
0.0,18310
0.0,18311
0.0,18312
0.0,18313
358.7263310560222,18314
399.03799306102155,18315
0.0,18316
0.0,18317
0.0,18318
379.80104978535087,18319
1118.4736204131455,18320
663.2140607237467,18321
1243.307472697573,18322
0.0,18323
0.0,18324
0.0,18325
0.0,18326
0.0,18327
0.0,18328
0.0,18329
0.0,18330
0.0,18331
0.0,18332
3226.472156383095,18333
0.0,18334
0.0,18335
0.0,18336
0.0,18337
0.0,18338
0.0,18339
0.0,18340
0.0,18341
0.0,18342
0.0,18343
0.0,18344
0.0,18345
0.0,18346
0.0,18347
0.0,18348
0.0,18349
0.0,18350
0.0,18351
0.0,18352
0.0,18353
0.0,18354
0.0,18355
0.0,18356
0.0,18357
0.0,18358
0.0,18359
0.0,18360
0.0,18361
0.0,18362
7989.491939803314,18363
0.0,18364
0.0,18365
0.0,18366
0.0,18367
0.0,18368
0.0,18369
0.0,18370
0.0,18371
0.0,18372
0.0,18373
0.0,18374
0.0,18375
0.0,18376
0.0,18377
0.0,18378
0.0,18379
595.7857189938824,18380
0.0,18381
0.0,18382
0.0,18383
0.0,18384
0.0,18385
0.0,18386
0.0,18387
3349.6089403804667,18388
344.64317096367904,18389
0.0,18390
3314.163189475032,18391
0.0,18392
0.0,18393
13.12852282513234,18394
1591.9347344845326,18395
0.0,18396
0.0,18397
0.0,18398
708.148298498884,18399
7126.016532229109,18400
0.0,18401
0.0,18402
0.0,18403
0.0,18404
0.0,18405
0.0,18406
0.0,18407
0.0,18408
779.6737205801763,18409
0.0,18410
751.2427950494648,18411
0.0,18412
0.0,18413
0.0,18414
0.0,18415
0.0,18416
0.0,18417
0.0,18418
0.0,18419
0.0,18420
0.0,18421
0.0,18422
0.0,18423
0.0,18424
0.0,18425
0.0,18426
0.0,18427
0.0,18428
0.0,18429
0.0,18430
2154.30141572268,18431
0.0,18432
0.0,18433
0.0,18434
2247.783371552427,18435
0.0,18436
0.0,18437
0.0,18438
2175.541662957134,18439
0.0,18440
0.0,18441
0.0,18442
0.0,18443
0.0,18444
0.0,18445
0.0,18446
0.0,18447
0.0,18448
2015.3351066721034,18449
0.0,18450
0.0,18451
0.0,18452
0.0,18453
0.0,18454
0.0,18455
0.0,18456
0.0,18457
0.0,18458
0.0,18459
0.0,18460
0.0,18461
0.0,18462
0.0,18463
1012.9675715486965,18464
0.0,18465
0.0,18466
0.0,18467
0.0,18468
0.0,18469
0.0,18470
0.0,18471
0.0,18472
0.0,18473
0.0,18474
0.0,18475
0.0,18476
0.0,18477
0.0,18478
0.0,18479
0.0,18480
0.0,18481
0.0,18482
2044.3701129992946,18483
0.0,18484
0.0,18485
0.0,18486
0.0,18487
0.0,18488
0.0,18489
0.0,18490
0.0,18491
0.0,18492
0.0,18493
0.0,18494
0.0,18495
0.0,18496
0.0,18497
0.0,18498
0.0,18499
0.0,18500
0.0,18501
0.0,18502
0.0,18503
0.0,18504
0.0,18505
0.0,18506
0.0,18507
0.0,18508
0.0,18509
0.0,18510
0.0,18511
0.0,18512
0.0,18513
0.0,18514
0.0,18515
0.0,18516
0.0,18517
0.0,18518
0.0,18519
0.0,18520
0.0,18521
0.0,18522
0.0,18523
0.0,18524
0.0,18525
0.0,18526
0.0,18527
0.0,18528
0.0,18529
171.69148985243552,18530
0.0,18531
0.0,18532
0.0,18533
0.0,18534
0.0,18535
0.0,18536
0.0,18537
0.0,18538
0.0,18539
0.0,18540
0.0,18541
0.0,18542
0.0,18543
0.0,18544
23.465618413809004,18545
0.0,18546
0.0,18547
0.0,18548
28.04416710487467,18549
837.551211554758,18550
3.5542470717253534,18551
0.0,18552
245.29850609533173,18553
0.0,18554
0.0,18555
0.0,18556
0.0,18557
0.0,18558
0.0,18559
0.0,18560
0.0,18561
0.0,18562
389.4852222122689,18563
0.0,18564
0.0,18565
0.0,18566
0.0,18567
0.0,18568
0.0,18569
0.0,18570
0.0,18571
0.0,18572
0.0,18573
0.0,18574
0.0,18575
0.0,18576
0.0,18577
190.8137738020158,18578
62.12405224763331,18579
176.9887696970637,18580
427.8970195998722,18581
426.4727266840199,18582
0.0,18583
0.0,18584
0.0,18585
0.0,18586
424.73848716261585,18587
422.53242952945055,18588
0.0,18589
0.0,18590
0.0,18591
419.63836608096835,18592
415.653883952014,18593
0.0,18594
0.0,18595
0.0,18596
0.0,18597
0.0,18598
0.0,18599
14.51227824851549,18600
0.0,18601
0.0,18602
0.0,18603
992.0408874757554,18604
1222.4616266528637,18605
0.0,18606
0.0,18607
973.5984895903542,18608
0.0,18609
0.0,18610
0.0,18611
0.0,18612
0.0,18613
470.659711556646,18614
0.0,18615
0.0,18616
0.0,18617
0.0,18618
0.0,18619
0.0,18620
1186.6092275413944,18621
0.0,18622
0.0,18623
0.0,18624
445.07268538178295,18625
0.0,18626
0.0,18627
0.0,18628
0.0,18629
0.0,18630
0.0,18631
0.0,18632
0.0,18633
0.0,18634
0.0,18635
0.0,18636
0.0,18637
0.0,18638
0.0,18639
0.0,18640
0.0,18641
0.0,18642
0.0,18643
0.0,18644
0.0,18645
0.0,18646
0.0,18647
0.0,18648
0.0,18649
0.0,18650
0.0,18651
0.0,18652
0.0,18653
0.0,18654
0.0,18655
0.0,18656
0.0,18657
0.0,18658
0.0,18659
226.7446100004505,18660
0.0,18661
0.0,18662
0.0,18663
0.0,18664
0.0,18665
0.0,18666
0.0,18667
0.0,18668
0.0,18669
0.0,18670
0.0,18671
0.0,18672
0.0,18673
0.0,18674
0.0,18675
0.0,18676
0.0,18677
0.0,18678
0.0,18679
0.0,18680
0.0,18681
0.0,18682
0.0,18683
0.0,18684
0.0,18685
0.0,18686
0.0,18687
0.0,18688
0.0,18689
0.0,18690
0.0,18691
0.0,18692
0.0,18693
0.0,18694
0.0,18695
0.0,18696
0.0,18697
0.0,18698
0.0,18699
1374.4373385147046,18700
0.0,18701
0.0,18702
0.0,18703
0.0,18704
0.0,18705
0.0,18706
0.0,18707
0.0,18708
5.0120870815073,18709
0.0,18710
0.0,18711
114.61652622213904,18712
173.0497165275228,18713
0.0,18714
75.59995420790027,18715
205.42979823409107,18716
0.0,18717
0.0,18718
80.12525982494816,18719
620.8527497835071,18720
353.54564074365993,18721
572.9357007763235,18722
588.9309161608841,18723
567.0069949013294,18724
572.639573093554,18725
0.0,18726
0.0,18727
0.0,18728
0.0,18729
0.0,18730
669.1199494606725,18731
584.7161821267808,18732
0.0,18733
0.0,18734
0.0,18735
0.0,18736
0.0,18737
0.0,18738
0.0,18739
0.0,18740
0.0,18741
0.0,18742
0.0,18743
0.0,18744
0.0,18745
0.0,18746
0.0,18747
0.0,18748
0.0,18749
0.0,18750
0.0,18751
0.0,18752
0.0,18753
0.0,18754
0.0,18755
0.0,18756
0.0,18757
0.0,18758
0.0,18759
0.0,18760
0.0,18761
0.0,18762
0.0,18763
0.0,18764
0.0,18765
0.0,18766
0.0,18767
0.0,18768
0.0,18769
0.0,18770
0.0,18771
0.0,18772
0.0,18773
0.0,18774
0.0,18775
0.0,18776
0.0,18777
0.0,18778
0.0,18779
0.0,18780
0.0,18781
0.0,18782
0.0,18783
0.0,18784
0.0,18785
0.0,18786
0.0,18787
0.0,18788
0.0,18789
0.0,18790
0.0,18791
0.0,18792
0.0,18793
0.0,18794
0.0,18795
0.0,18796
0.0,18797
0.0,18798
0.0,18799
0.0,18800
0.0,18801
0.0,18802
0.0,18803
0.0,18804
0.0,18805
0.0,18806
0.0,18807
0.0,18808
0.0,18809
0.0,18810
0.0,18811
2120.4840766608218,18812
1550.2713956220762,18813
1547.8093846588229,18814
1158.7109764200407,18815
0.0,18816
0.0,18817
1344.5037160701045,18818
602.0560916967221,18819
1753.212459843013,18820
1397.105908227834,18821
1316.7773897239274,18822
1023.8949364352914,18823
896.2121352690132,18824
949.9197471960435,18825
374.96716358932105,18826
915.0153048709507,18827
0.0,18828
0.0,18829
0.0,18830
0.0,18831
0.0,18832
0.0,18833
0.0,18834
0.0,18835
0.0,18836
0.0,18837
0.0,18838
0.0,18839
0.0,18840
0.0,18841
0.0,18842
0.0,18843
0.0,18844
0.0,18845
0.0,18846
0.0,18847
0.0,18848
0.0,18849
0.0,18850
0.0,18851
0.0,18852
0.0,18853
0.0,18854
0.0,18855
0.0,18856
0.0,18857
0.0,18858
0.0,18859
0.0,18860
0.0,18861
0.0,18862
0.0,18863
0.0,18864
0.0,18865
0.0,18866
0.0,18867
0.0,18868
0.0,18869
0.0,18870
0.0,18871
0.0,18872
0.0,18873
0.0,18874
0.0,18875
0.0,18876
0.0,18877
0.0,18878
0.0,18879
0.0,18880
0.0,18881
0.0,18882
0.0,18883
0.0,18884
0.0,18885
0.0,18886
0.0,18887
0.0,18888
0.0,18889
0.0,18890
0.0,18891
0.0,18892
0.0,18893
0.0,18894
0.0,18895
0.0,18896
0.0,18897
0.0,18898
0.0,18899
0.0,18900
0.0,18901
0.0,18902
0.0,18903
0.0,18904
0.0,18905
0.0,18906
99.04844482201494,18907
0.0,18908
0.0,18909
0.0,18910
0.0,18911
0.0,18912
0.0,18913
0.0,18914
0.0,18915
0.0,18916
0.0,18917
0.0,18918
0.0,18919
0.0,18920
239.23577326157925,18921
0.0,18922
0.0,18923
261.79569236821425,18924
0.0,18925
0.0,18926
0.0,18927
0.0,18928
0.0,18929
0.0,18930
0.0,18931
0.0,18932
0.0,18933
0.0,18934
0.0,18935
0.0,18936
0.0,18937
472.0147593311559,18938
0.0,18939
0.0,18940
0.0,18941
0.0,18942
0.0,18943
0.0,18944
0.0,18945
0.0,18946
0.0,18947
0.0,18948
0.0,18949
0.0,18950
0.0,18951
0.0,18952
0.0,18953
0.0,18954
0.0,18955
0.0,18956
0.0,18957
0.0,18958
0.0,18959
0.0,18960
0.0,18961
0.0,18962
0.0,18963
0.0,18964
0.0,18965
0.0,18966
0.0,18967
0.0,18968
0.0,18969
0.0,18970
0.0,18971
0.0,18972
0.0,18973
0.0,18974
0.0,18975
0.0,18976
0.0,18977
0.0,18978
0.0,18979
0.0,18980
0.0,18981
0.0,18982
0.0,18983
0.0,18984
576.1497576515555,18985
583.8331513797843,18986
591.1608058937454,18987
979.760529729222,18988
0.0,18989
423.0771459605439,18990
0.0,18991
404.7863305734162,18992
114.08254402519002,18993
177.82385297605592,18994
502.1124302385256,18995
786.8713718377171,18996
129.04355765469626,18997
0.0,18998
190.18460459832502,18999
206.56681022532553,19000
6036.3986322614055,19001
355.6790197208441,19002
0.0,19003
599.289341823048,19004
1050.4788809451748,19005
269.62841115450647,19006
0.0,19007
0.0,19008
0.0,19009
0.0,19010
618.9964163198429,19011
946.2739776141135,19012
700.199312327122,19013
0.0,19014
433.8559045496752,19015
673.2946040118479,19016
698.017858093017,19017
0.0,19018
0.0,19019
0.0,19020
0.0,19021
0.0,19022
0.0,19023
0.0,19024
0.0,19025
0.0,19026
0.0,19027
0.0,19028
0.0,19029
0.0,19030
0.0,19031
0.0,19032
0.0,19033
0.0,19034
0.0,19035
0.0,19036
0.0,19037
0.0,19038
0.0,19039
0.0,19040
0.0,19041
0.0,19042
0.0,19043
1565.2236595789207,19044
0.0,19045
0.0,19046
0.0,19047
0.0,19048
0.0,19049
0.0,19050
0.0,19051
0.0,19052
0.0,19053
0.0,19054
0.0,19055
0.0,19056
0.0,19057
0.0,19058
0.0,19059
0.0,19060
1304.985640979137,19061
0.0,19062
0.0,19063
0.0,19064
0.0,19065
1297.1260565339157,19066
0.0,19067
0.0,19068
0.0,19069
0.0,19070
0.0,19071
0.0,19072
1271.3339609120712,19073
0.0,19074
0.0,19075
0.0,19076
0.0,19077
0.0,19078
0.0,19079
0.0,19080
0.0,19081
0.0,19082
0.0,19083
0.0,19084
0.0,19085
0.0,19086
0.0,19087
0.0,19088
0.0,19089
3059.206413912702,19090
0.0,19091
0.0,19092
0.0,19093
225.88744841449528,19094
0.0,19095
0.0,19096
0.0,19097
0.0,19098
0.0,19099
0.0,19100
0.0,19101
0.0,19102
0.0,19103
179.1362189353638,19104
434.19776137842837,19105
0.0,19106
0.0,19107
0.0,19108
0.0,19109
0.0,19110
0.0,19111
0.0,19112
0.0,19113
0.0,19114
0.0,19115
0.0,19116
0.0,19117
523.0948953400828,19118
0.0,19119
0.0,19120
0.0,19121
0.0,19122
0.0,19123
0.0,19124
0.0,19125
0.0,19126
0.0,19127
0.0,19128
0.0,19129
0.0,19130
0.0,19131
0.0,19132
1362.2193750581282,19133
0.0,19134
0.0,19135
1358.6264817818621,19136
0.0,19137
0.0,19138
0.0,19139
0.0,19140
0.0,19141
0.0,19142
0.0,19143
0.0,19144
0.0,19145
0.0,19146
0.0,19147
0.0,19148
0.0,19149
0.0,19150
0.0,19151
0.0,19152
863.7851712632232,19153
0.0,19154
0.0,19155
472.6336227411112,19156
0.0,19157
0.0,19158
249.56427200009756,19159
235.62396448809332,19160
0.0,19161
0.0,19162
0.0,19163
0.0,19164
0.0,19165
0.0,19166
0.0,19167
628.9154197067742,19168
0.0,19169
0.0,19170
0.0,19171
0.0,19172
0.0,19173
0.0,19174
0.0,19175
0.0,19176
0.0,19177
0.0,19178
0.0,19179
509.7566980218107,19180
59.60947493814143,19181
0.0,19182
0.0,19183
0.0,19184
0.0,19185
0.0,19186
0.0,19187
0.0,19188
0.0,19189
0.0,19190
812.5828323210126,19191
0.0,19192
0.0,19193
0.0,19194
0.0,19195
0.0,19196
0.0,19197
0.0,19198
0.0,19199
0.0,19200
0.0,19201
0.0,19202
0.0,19203
2372.1535761942637,19204
0.0,19205
0.0,19206
0.0,19207
0.0,19208
0.0,19209
0.0,19210
1855.8900551055617,19211
218.53592853793,19212
0.0,19213
0.0,19214
0.0,19215
588.6181607753003,19216
0.0,19217
0.0,19218
0.0,19219
211.09362996924244,19220
0.0,19221
0.0,19222
0.0,19223
157.78315901094265,19224
0.0,19225
140.66381305623716,19226
918.8502259566312,19227
0.0,19228
0.0,19229
1513.8836773255907,19230
0.0,19231
6695.392970283348,19232
0.0,19233
0.0,19234
0.0,19235
1650.382505147876,19236
0.0,19237
1105.673831692712,19238
0.0,19239
0.0,19240
673.7682867316931,19241
0.0,19242
0.0,19243
0.0,19244
0.0,19245
0.0,19246
0.0,19247
0.0,19248
1563.9208413112344,19249
362.0075285484284,19250
0.0,19251
0.0,19252
0.0,19253
0.0,19254
0.0,19255
0.0,19256
0.0,19257
0.0,19258
0.0,19259
0.0,19260
0.0,19261
0.0,19262
0.0,19263
0.0,19264
0.0,19265
0.0,19266
0.0,19267
0.0,19268
0.0,19269
0.0,19270
0.0,19271
0.0,19272
0.0,19273
0.0,19274
0.0,19275
0.0,19276
0.0,19277
1663.4249335493164,19278
0.0,19279
0.0,19280
0.0,19281
0.0,19282
0.0,19283
0.0,19284
0.0,19285
9617.516738696635,19286
0.0,19287
0.0,19288
0.0,19289
0.0,19290
0.0,19291
0.0,19292
0.0,19293
0.0,19294
0.0,19295
0.0,19296
0.0,19297
0.0,19298
0.0,19299
0.0,19300
0.0,19301
0.0,19302
0.0,19303
0.0,19304
0.0,19305
0.0,19306
0.0,19307
0.0,19308
0.0,19309
0.0,19310
0.0,19311
0.0,19312
0.0,19313
0.0,19314
0.0,19315
0.0,19316
0.0,19317
1580.3301744998946,19318
0.0,19319
0.0,19320
0.0,19321
0.0,19322
0.0,19323
0.0,19324
0.0,19325
0.0,19326
0.0,19327
0.0,19328
0.0,19329
0.0,19330
0.0,19331
0.0,19332
0.0,19333
0.0,19334
0.0,19335
0.0,19336
0.0,19337
0.0,19338
0.0,19339
0.0,19340
2592.0568636940816,19341
0.0,19342
0.0,19343
0.0,19344
0.0,19345
0.0,19346
0.0,19347
0.0,19348
0.0,19349
0.0,19350
0.0,19351
0.0,19352
0.0,19353
0.0,19354
0.0,19355
0.0,19356
0.0,19357
0.0,19358
0.0,19359
0.0,19360
0.0,19361
0.0,19362
0.0,19363
0.0,19364
0.0,19365
0.0,19366
0.0,19367
0.0,19368
0.0,19369
0.0,19370
0.0,19371
0.0,19372
0.0,19373
0.0,19374
0.0,19375
0.0,19376
0.0,19377
0.0,19378
0.0,19379
0.0,19380
0.0,19381
0.0,19382
0.0,19383
0.0,19384
0.0,19385
0.0,19386
0.0,19387
0.0,19388
0.0,19389
0.0,19390
0.0,19391
0.0,19392
0.0,19393
0.0,19394
0.0,19395
0.0,19396
0.0,19397
0.0,19398
0.0,19399
0.0,19400
0.0,19401
0.0,19402
0.0,19403
0.0,19404
0.0,19405
1878.7821886463612,19406
0.0,19407
0.0,19408
0.0,19409
0.0,19410
0.0,19411
0.0,19412
0.0,19413
0.0,19414
0.0,19415
0.0,19416
0.0,19417
0.0,19418
0.0,19419
0.0,19420
0.0,19421
0.0,19422
0.0,19423
0.0,19424
0.0,19425
0.0,19426
0.0,19427
0.0,19428
0.0,19429
0.0,19430
0.0,19431
0.0,19432
0.0,19433
0.0,19434
0.0,19435
0.0,19436
0.0,19437
0.0,19438
0.0,19439
0.0,19440
0.0,19441
0.0,19442
0.0,19443
0.0,19444
0.0,19445
0.0,19446
0.0,19447
0.0,19448
0.0,19449
0.0,19450
0.0,19451
0.0,19452
0.0,19453
0.0,19454
0.0,19455
0.0,19456
0.0,19457
0.0,19458
0.0,19459
0.0,19460
0.0,19461
0.0,19462
0.0,19463
0.0,19464
0.0,19465
0.0,19466
0.0,19467
0.0,19468
0.0,19469
0.0,19470
0.0,19471
0.0,19472
0.0,19473
0.0,19474
0.0,19475
0.0,19476
0.0,19477
0.0,19478
0.0,19479
0.0,19480
0.0,19481
0.0,19482
0.0,19483
1005.6952585018057,19484
0.0,19485
0.0,19486
0.0,19487
600.7322335388179,19488
0.0,19489
0.0,19490
0.0,19491
0.0,19492
0.0,19493
0.0,19494
0.0,19495
0.0,19496
0.0,19497
0.0,19498
0.0,19499
0.0,19500
0.0,19501
0.0,19502
0.0,19503
400.92840438834514,19504
0.0,19505
0.0,19506
0.0,19507
0.0,19508
0.0,19509
0.0,19510
0.0,19511
0.0,19512
0.0,19513
0.0,19514
0.0,19515
0.0,19516
0.0,19517
0.0,19518
0.0,19519
0.0,19520
0.0,19521
0.0,19522
0.0,19523
0.0,19524
0.0,19525
0.0,19526
0.0,19527
0.0,19528
0.0,19529
0.0,19530
0.0,19531
0.0,19532
0.0,19533
0.0,19534
0.0,19535
0.0,19536
0.0,19537
0.0,19538
0.0,19539
0.0,19540
0.0,19541
0.0,19542
0.0,19543
0.0,19544
0.0,19545
0.0,19546
0.0,19547
0.0,19548
0.0,19549
0.0,19550
0.0,19551
0.0,19552
0.0,19553
0.0,19554
0.0,19555
0.0,19556
0.0,19557
0.0,19558
0.0,19559
0.0,19560
0.0,19561
0.0,19562
0.0,19563
0.0,19564
108.48913392261458,19565
0.0,19566
114.61961524578027,19567
0.0,19568
0.0,19569
0.0,19570
0.0,19571
0.0,19572
0.0,19573
0.0,19574
0.0,19575
0.0,19576
0.0,19577
743.8544960586806,19578
0.0,19579
0.0,19580
0.0,19581
0.0,19582
0.0,19583
0.0,19584
0.0,19585
0.0,19586
0.0,19587
0.0,19588
0.0,19589
0.0,19590
0.0,19591
0.0,19592
0.0,19593
0.0,19594
0.0,19595
0.0,19596
0.0,19597
0.0,19598
0.0,19599
287.4942507777485,19600
0.0,19601
0.0,19602
497.70510054953417,19603
0.0,19604
0.0,19605
0.0,19606
0.0,19607
0.0,19608
0.0,19609
0.0,19610
0.0,19611
0.0,19612
0.0,19613
0.0,19614
0.0,19615
0.0,19616
0.0,19617
0.0,19618
0.0,19619
0.0,19620
0.0,19621
0.0,19622
0.0,19623
0.0,19624
0.0,19625
0.0,19626
0.0,19627
0.0,19628
0.0,19629
0.0,19630
0.0,19631
0.0,19632
0.0,19633
0.0,19634
0.0,19635
0.0,19636
0.0,19637
0.0,19638
0.0,19639
0.0,19640
0.0,19641
0.0,19642
0.0,19643
0.0,19644
0.0,19645
0.0,19646
0.0,19647
0.0,19648
0.0,19649
0.0,19650
0.0,19651
0.0,19652
0.0,19653
0.0,19654
0.0,19655
0.0,19656
0.0,19657
0.0,19658
0.0,19659
0.0,19660
0.0,19661
0.0,19662
0.0,19663
0.0,19664
0.0,19665
0.0,19666
0.0,19667
0.0,19668
0.0,19669
0.0,19670
0.0,19671
0.0,19672
0.0,19673
0.0,19674
0.0,19675
0.0,19676
0.0,19677
0.0,19678
0.0,19679
0.0,19680
0.0,19681
0.0,19682
0.0,19683
0.0,19684
0.0,19685
0.0,19686
1134.077538479232,19687
0.0,19688
0.0,19689
0.0,19690
0.0,19691
0.0,19692
0.0,19693
0.0,19694
0.0,19695
0.0,19696
0.0,19697
0.0,19698
0.0,19699
0.0,19700
0.0,19701
0.0,19702
0.0,19703
0.0,19704
0.0,19705
0.0,19706
0.0,19707
0.0,19708
0.0,19709
0.0,19710
0.0,19711
0.0,19712
0.0,19713
0.0,19714
0.0,19715
0.0,19716
0.0,19717
0.0,19718
0.0,19719
0.0,19720
0.0,19721
0.0,19722
0.0,19723
9.94978843618182,19724
0.0,19725
0.0,19726
0.0,19727
153.15151683809805,19728
0.0,19729
0.0,19730
0.0,19731
0.0,19732
0.0,19733
0.0,19734
0.0,19735
0.0,19736
0.0,19737
0.0,19738
0.0,19739
0.0,19740
0.0,19741
0.0,19742
0.0,19743
1581.6374833491077,19744
0.0,19745
0.0,19746
0.0,19747
0.0,19748
0.0,19749
0.0,19750
0.0,19751
749.9545683514955,19752
0.0,19753
0.0,19754
0.0,19755
0.0,19756
0.0,19757
0.0,19758
0.0,19759
0.0,19760
0.0,19761
0.0,19762
0.0,19763
0.0,19764
0.0,19765
0.0,19766
0.0,19767
8535.908944546078,19768
0.0,19769
0.0,19770
0.0,19771
0.0,19772
0.0,19773
0.0,19774
0.0,19775
0.0,19776
0.0,19777
0.0,19778
0.0,19779
0.0,19780
0.0,19781
0.0,19782
0.0,19783
0.0,19784
0.0,19785
0.0,19786
0.0,19787
0.0,19788
0.0,19789
0.0,19790
0.0,19791
0.0,19792
0.0,19793
0.0,19794
0.0,19795
0.0,19796
0.0,19797
0.0,19798
0.0,19799
0.0,19800
0.0,19801
0.0,19802
0.0,19803
0.0,19804
0.0,19805
0.0,19806
0.0,19807
0.0,19808
0.0,19809
0.0,19810
0.0,19811
0.0,19812
0.0,19813
939.8071079596461,19814
0.0,19815
0.0,19816
0.0,19817
0.0,19818
0.0,19819
0.0,19820
0.0,19821
0.0,19822
0.0,19823
684.7072061060971,19824
0.0,19825
0.0,19826
0.0,19827
0.0,19828
0.0,19829
0.0,19830
0.0,19831
0.0,19832
0.0,19833
577.4849837121392,19834
0.0,19835
0.0,19836
0.0,19837
0.0,19838
0.0,19839
0.0,19840
0.0,19841
0.0,19842
0.0,19843
0.0,19844
0.0,19845
0.0,19846
0.0,19847
0.0,19848
0.0,19849
0.0,19850
0.0,19851
0.0,19852
0.0,19853
0.0,19854
0.0,19855
0.0,19856
0.0,19857
0.0,19858
237.09699017906624,19859
0.0,19860
0.0,19861
0.0,19862
0.0,19863
0.0,19864
0.0,19865
0.0,19866
0.0,19867
0.0,19868
0.0,19869
0.0,19870
3238.161556873912,19871
0.0,19872
0.0,19873
0.0,19874
0.0,19875
0.0,19876
0.0,19877
0.0,19878
0.0,19879
0.0,19880
0.0,19881
0.0,19882
0.0,19883
0.0,19884
0.0,19885
0.0,19886
0.0,19887
69.57728479482167,19888
0.0,19889
0.0,19890
0.0,19891
2005.1728912626288,19892
0.0,19893
0.0,19894
0.0,19895
0.0,19896
0.0,19897
0.0,19898
0.0,19899
0.0,19900
0.0,19901
0.0,19902
0.0,19903
0.0,19904
0.0,19905
0.0,19906
0.0,19907
0.0,19908
0.0,19909
0.0,19910
0.0,19911
0.0,19912
0.0,19913
0.0,19914
0.0,19915
0.0,19916
0.0,19917
0.0,19918
0.0,19919
1223.0351736916236,19920
0.0,19921
0.0,19922
0.0,19923
0.0,19924
0.0,19925
2090.7850564691216,19926
0.0,19927
0.0,19928
0.0,19929
0.0,19930
0.0,19931
0.0,19932
0.0,19933
0.0,19934
0.0,19935
0.0,19936
0.0,19937
1108.9932182525556,19938
0.0,19939
0.0,19940
0.0,19941
0.0,19942
0.0,19943
0.0,19944
0.0,19945
0.0,19946
0.0,19947
0.0,19948
0.0,19949
0.0,19950
0.0,19951
0.0,19952
0.0,19953
0.0,19954
0.0,19955
0.0,19956
0.0,19957
0.0,19958
0.0,19959
0.0,19960
0.0,19961
0.0,19962
0.0,19963
0.0,19964
0.0,19965
0.0,19966
0.0,19967
0.0,19968
0.0,19969
0.0,19970
4548.1433599222055,19971
0.0,19972
0.0,19973
0.0,19974
0.0,19975
0.0,19976
0.0,19977
0.0,19978
0.0,19979
0.0,19980
0.0,19981
0.0,19982
0.0,19983
0.0,19984
0.0,19985
0.0,19986
0.0,19987
0.0,19988
0.0,19989
0.0,19990
0.0,19991
0.0,19992
0.0,19993
0.0,19994
0.0,19995
0.0,19996
0.0,19997
0.0,19998
0.0,19999
0.0,20000
0.0,20001
0.0,20002
0.0,20003
0.0,20004
0.0,20005
0.0,20006
0.0,20007
0.0,20008
0.0,20009
0.0,20010
0.0,20011
0.0,20012
0.0,20013
0.0,20014
0.0,20015
0.0,20016
0.0,20017
0.0,20018
0.0,20019
0.0,20020
0.0,20021
0.0,20022
0.0,20023
0.0,20024
0.0,20025
0.0,20026
0.0,20027
0.0,20028
0.0,20029
0.0,20030
0.0,20031
0.0,20032
0.0,20033
0.0,20034
0.0,20035
0.0,20036
228.76284459923434,20037
0.0,20038
0.0,20039
971.0708012534553,20040
0.0,20041
0.0,20042
0.0,20043
664.9812350585225,20044
0.0,20045
1945.1235013472256,20046
0.0,20047
1176.6956423813974,20048
0.0,20049
0.0,20050
320.2192321039024,20051
0.0,20052
1639.8280873433268,20053
0.0,20054
0.0,20055
1970.0703774559893,20056
2702.4839254421336,20057
351.5070298146234,20058
0.0,20059
0.0,20060
0.0,20061
1996.5171203384261,20062
0.0,20063
0.0,20064
0.0,20065
0.0,20066
1550.2683250879295,20067
0.0,20068
0.0,20069
0.0,20070
0.0,20071
476.8464716197959,20072
0.0,20073
0.0,20074
0.0,20075
0.0,20076
0.0,20077
0.0,20078
0.0,20079
0.0,20080
0.0,20081
0.0,20082
0.0,20083
0.0,20084
0.0,20085
2082.883156206451,20086
0.0,20087
2601.640366289357,20088
0.0,20089
0.0,20090
0.0,20091
0.0,20092
0.0,20093
0.0,20094
779.8699909768377,20095
727.2946768869524,20096
0.0,20097
0.0,20098
0.0,20099
0.0,20100
2667.0951799327763,20101
0.0,20102
0.0,20103
0.0,20104
0.0,20105
0.0,20106
0.0,20107
0.0,20108
0.0,20109
0.0,20110
0.0,20111
0.0,20112
0.0,20113
0.0,20114
0.0,20115
0.0,20116
0.0,20117
797.107640921582,20118
0.0,20119
0.0,20120
0.0,20121
0.0,20122
459.55706108297755,20123
0.0,20124
0.0,20125
0.0,20126
0.0,20127
0.0,20128
0.0,20129
0.0,20130
0.0,20131
0.0,20132
0.0,20133
448.73963739660644,20134
0.0,20135
0.0,20136
0.0,20137
0.0,20138
0.0,20139
0.0,20140
0.0,20141
0.0,20142
0.0,20143
0.0,20144
701.749768961783,20145
0.0,20146
0.0,20147
0.0,20148
0.0,20149
0.0,20150
0.0,20151
0.0,20152
2014.5371170806043,20153
1360.857297819358,20154
3291.4588682555013,20155
0.0,20156
0.0,20157
803.9768276361382,20158
0.0,20159
0.0,20160
0.0,20161
1378.5602711348126,20162
0.0,20163
0.0,20164
0.0,20165
0.0,20166
0.0,20167
0.0,20168
0.0,20169
174.96858451428784,20170
0.0,20171
0.0,20172
0.0,20173
0.0,20174
1559.1801557393826,20175
0.0,20176
0.0,20177
0.0,20178
0.0,20179
0.0,20180
0.0,20181
0.0,20182
448.94827482921653,20183
467.5003184914199,20184
0.0,20185
0.0,20186
0.0,20187
0.0,20188
0.0,20189
0.0,20190
0.0,20191
0.0,20192
0.0,20193
0.0,20194
0.0,20195
0.0,20196
0.0,20197
0.0,20198
0.0,20199
0.0,20200
2381.8598473615853,20201
0.0,20202
0.0,20203
735.7565131512335,20204
735.996831712249,20205
0.0,20206
0.0,20207
0.0,20208
0.0,20209
0.0,20210
0.0,20211
0.0,20212
0.0,20213
0.0,20214
199.21636200171145,20215
0.0,20216
0.0,20217
0.0,20218
0.0,20219
0.0,20220
0.0,20221
0.0,20222
1083.556649079684,20223
0.0,20224
0.0,20225
0.0,20226
0.0,20227
0.0,20228
0.0,20229
0.0,20230
0.0,20231
4833.293468818531,20232
0.0,20233
2205.3901136892755,20234
0.0,20235
1933.298442774854,20236
0.0,20237
0.0,20238
806.6515133047027,20239
0.0,20240
0.0,20241
0.0,20242
4249.884015617282,20243
0.0,20244
0.0,20245
0.0,20246
0.0,20247
0.0,20248
0.0,20249
4355.721823589993,20250
0.0,20251
0.0,20252
0.0,20253
95.9232389682675,20254
0.0,20255
0.0,20256
0.0,20257
9.913697090844186,20258
4.7549963159323525,20259
0.0,20260
0.0,20261
0.0,20262
0.0,20263
0.0,20264
0.0,20265
0.0,20266
27.83456695349316,20267
0.0,20268
0.0,20269
0.0,20270
0.0,20271
0.0,20272
0.0,20273
0.0,20274
0.0,20275
3372.0164903314803,20276
3668.0822549412846,20277
0.0,20278
0.0,20279
0.0,20280
0.0,20281
0.0,20282
0.0,20283
0.0,20284
573.7126877350634,20285
1290.574370912148,20286
1619.0525463841504,20287
1245.4762478032774,20288
0.0,20289
0.0,20290
0.0,20291
0.0,20292
0.0,20293
0.0,20294
0.0,20295
0.0,20296
0.0,20297
0.0,20298
0.0,20299
0.0,20300
0.0,20301
0.0,20302
0.0,20303
0.0,20304
3300.790879869778,20305
0.0,20306
0.0,20307
0.0,20308
0.0,20309
0.0,20310
0.0,20311
0.0,20312
0.0,20313
0.0,20314
0.0,20315
0.0,20316
0.0,20317
0.0,20318
0.0,20319
0.0,20320
0.0,20321
0.0,20322
0.0,20323
0.0,20324
0.0,20325
0.0,20326
654.659114793381,20327
0.0,20328
0.0,20329
0.0,20330
0.0,20331
0.0,20332
0.0,20333
0.0,20334
0.0,20335
0.0,20336
0.0,20337
0.0,20338
0.0,20339
0.0,20340
0.0,20341
0.0,20342
0.0,20343
0.0,20344
0.0,20345
0.0,20346
0.0,20347
0.0,20348
0.0,20349
811.0795798064729,20350
0.0,20351
0.0,20352
0.0,20353
0.0,20354
0.0,20355
0.0,20356
0.0,20357
0.0,20358
0.0,20359
1752.138967837304,20360
0.0,20361
0.0,20362
0.0,20363
0.0,20364
0.0,20365
351.54971393056036,20366
0.0,20367
0.0,20368
0.0,20369
0.0,20370
0.0,20371
2951.7069909940324,20372
0.0,20373
0.0,20374
0.0,20375
155.74576519949034,20376
0.0,20377
0.0,20378
0.0,20379
328.1993792704746,20380
0.0,20381
0.0,20382
543.1878096024764,20383
0.0,20384
0.0,20385
0.0,20386
0.0,20387
0.0,20388
0.0,20389
0.0,20390
0.0,20391
0.0,20392
0.0,20393
0.0,20394
0.0,20395
0.0,20396
0.0,20397
0.0,20398
0.0,20399
0.0,20400
0.0,20401
0.0,20402
0.0,20403
0.0,20404
0.0,20405
0.0,20406
0.0,20407
0.0,20408
0.0,20409
513.1031320008404,20410
0.0,20411
3170.788234060333,20412
3167.3578739980844,20413
0.0,20414
0.0,20415
0.0,20416
0.0,20417
0.0,20418
0.0,20419
0.0,20420
0.0,20421
0.0,20422
0.0,20423
0.0,20424
0.0,20425
0.0,20426
0.0,20427
0.0,20428
0.0,20429
0.0,20430
0.0,20431
0.0,20432
0.0,20433
0.0,20434
0.0,20435
0.0,20436
0.0,20437
0.0,20438
0.0,20439
0.0,20440
0.0,20441
0.0,20442
0.0,20443
0.0,20444
0.0,20445
0.0,20446
0.0,20447
2220.2069007953837,20448
0.0,20449
790.4383023273602,20450
0.0,20451
0.0,20452
727.6828455773497,20453
0.0,20454
0.0,20455
0.0,20456
0.0,20457
0.0,20458
336.35018342426264,20459
0.0,20460
0.0,20461
0.0,20462
0.0,20463
0.0,20464
0.0,20465
0.0,20466
8303.925569482264,20467
0.0,20468
0.0,20469
796.8297270560035,20470
835.8744825248662,20471
0.0,20472
0.0,20473
0.0,20474
0.0,20475
0.0,20476
0.0,20477
0.0,20478
0.0,20479
0.0,20480
0.0,20481
0.0,20482
0.0,20483
0.0,20484
0.0,20485
0.0,20486
0.0,20487
0.0,20488
0.0,20489
0.0,20490
0.0,20491
0.0,20492
0.0,20493
0.0,20494
0.0,20495
0.0,20496
0.0,20497
0.0,20498
250.13176601334217,20499
0.0,20500
0.0,20501
210.42668022369003,20502
214.48938926801083,20503
0.0,20504
241.75691428826596,20505
605.0231157793336,20506
1030.6472624670869,20507
210.54438220588338,20508
1876.2484660954876,20509
1222.1210489177843,20510
0.0,20511
0.0,20512
0.0,20513
191.11705228302236,20514
1164.2951172615485,20515
1596.7969575591208,20516
1607.493371451542,20517
0.0,20518
938.4302569411764,20519
84.6422161233815,20520
917.9796294478098,20521
137.93255713979113,20522
262.73892661155895,20523
0.0,20524
3526.059931168582,20525
750.9927911588854,20526
3173.503635322811,20527
0.0,20528
0.0,20529
4219.6088396848245,20530
3866.67029613362,20531
0.0,20532
3871.5550743486333,20533
0.0,20534
0.0,20535
766.3206325599796,20536
0.0,20537
356.8497655920428,20538
3821.39146283638,20539
707.3657633519053,20540
3119.4084781495335,20541
3105.3078101364085,20542
273.68998099598116,20543
1751.2121320911924,20544
171.14212505385498,20545
0.0,20546
0.0,20547
3100.902857123379,20548
0.0,20549
0.0,20550
0.0,20551
0.0,20552
0.0,20553
0.0,20554
0.0,20555
388.63712603816936,20556
2638.9467193304754,20557
2675.742184140268,20558
1283.9683427932257,20559
0.0,20560
0.0,20561
1324.3445580739233,20562
3161.2358374516593,20563
0.0,20564
1292.527450780386,20565
2049.0403267823367,20566
2818.6622048033564,20567
763.6251637863274,20568
1665.5999186070856,20569
3733.4526592649736,20570
2496.913491797766,20571
1779.0647337880396,20572
1846.3666704660875,20573
0.0,20574
1785.7654176176245,20575
0.0,20576
0.0,20577
0.0,20578
0.0,20579
668.4392573522333,20580
0.0,20581
0.0,20582
0.0,20583
0.0,20584
0.0,20585
1080.833467045506,20586
0.0,20587
612.3944104388604,20588
1131.6006285414173,20589
3754.385454069875,20590
1136.525651683958,20591
4277.912272609508,20592
0.0,20593
0.0,20594
0.0,20595
0.0,20596
0.0,20597
0.0,20598
3755.29012412245,20599
3747.1516050734103,20600
0.0,20601
0.0,20602
277.5498073019245,20603
1648.629816008778,20604
720.4173853519472,20605
1000.1920084276627,20606
0.0,20607
334.06226321934975,20608
0.0,20609
4724.978854406164,20610
3368.6885435817526,20611
3353.969360500098,20612
0.0,20613
121.443578747232,20614
4139.819221432177,20615
0.0,20616
1438.9034707975015,20617
2381.450266038296,20618
0.0,20619
0.0,20620
0.0,20621
0.0,20622
0.0,20623
622.7763519786115,20624
696.3804613096797,20625
0.0,20626
661.7831581205543,20627
557.6938876425431,20628
0.0,20629
1661.4169016649967,20630
829.5893871104021,20631
0.0,20632
0.0,20633
1165.1940407326395,20634
0.0,20635
33.58815043339597,20636
8371.581626025223,20637
3236.4548731038326,20638
8738.955071952612,20639
2741.285378843311,20640
6039.272520518228,20641
0.0,20642
5990.462238455611,20643
5844.715645461603,20644
5769.531110647042,20645
2998.2660149358726,20646
466.38123480941505,20647
924.5150626143819,20648
6727.18363543678,20649
1570.1593772836504,20650
0.0,20651
3007.90082338629,20652
8225.674355969264,20653
8294.135850477362,20654
2880.5788500497224,20655
2883.5349471632026,20656
16220.771900757754,20657
5901.684925724777,20658
2408.853178780668,20659
2342.530498740766,20660
790.3628127013602,20661
2060.0694786740705,20662
2796.2704031748403,20663
3735.4216400095643,20664
3042.336870903325,20665
1318.5679677626783,20666
1289.4215956307062,20667
182.15554599822926,20668
123.52186532944994,20669
8159.526129971598,20670
611.4752502773001,20671
0.0,20672
0.0,20673
0.0,20674
0.0,20675
0.0,20676
0.0,20677
0.0,20678
0.0,20679
0.0,20680
0.0,20681
5158.798245328937,20682
0.0,20683
0.0,20684
0.0,20685
3591.860642066548,20686
0.0,20687
0.0,20688
0.0,20689
0.0,20690
0.0,20691
0.0,20692
0.0,20693
0.0,20694
0.0,20695
0.0,20696
0.0,20697
0.0,20698
1333.1351245683577,20699
0.0,20700
0.0,20701
0.0,20702
0.0,20703
0.0,20704
1146.8267042700284,20705
0.0,20706
0.0,20707
0.0,20708
0.0,20709
0.0,20710
0.0,20711
0.0,20712
0.0,20713
0.0,20714
0.0,20715
0.0,20716
1567.7401674526168,20717
0.0,20718
0.0,20719
0.0,20720
4865.433865506061,20721
0.0,20722
0.0,20723
0.0,20724
0.0,20725
0.0,20726
0.0,20727
0.0,20728
0.0,20729
0.0,20730
0.0,20731
0.0,20732
0.0,20733
0.0,20734
0.0,20735
0.0,20736
0.0,20737
0.0,20738
0.0,20739
0.0,20740
0.0,20741
0.0,20742
0.0,20743
108.50179788249937,20744
0.0,20745
0.0,20746
0.0,20747
426.0326351602565,20748
420.2142450122545,20749
0.0,20750
0.0,20751
272.94501726550425,20752
0.0,20753
0.0,20754
0.0,20755
0.0,20756
0.0,20757
0.0,20758
0.0,20759
0.0,20760
0.0,20761
2352.5982164819998,20762
0.0,20763
0.0,20764
148.737394309262,20765
0.0,20766
0.0,20767
0.0,20768
0.0,20769
0.0,20770
0.0,20771
0.0,20772
0.0,20773
0.0,20774
0.0,20775
0.0,20776
138.03532225775282,20777
126.35556037372793,20778
0.0,20779
0.0,20780
0.0,20781
0.0,20782
0.0,20783
0.0,20784
0.0,20785
0.0,20786
0.0,20787
164.1890530125122,20788
0.0,20789
0.0,20790
0.0,20791
0.0,20792
0.0,20793
0.0,20794
0.0,20795
0.0,20796
0.0,20797
0.0,20798
0.0,20799
0.0,20800
0.0,20801
0.0,20802
0.0,20803
0.0,20804
0.0,20805
0.0,20806
0.0,20807
0.0,20808
0.0,20809
0.0,20810
0.0,20811
0.0,20812
133.5246185762365,20813
0.0,20814
0.0,20815
0.0,20816
122.15227551150635,20817
0.0,20818
0.0,20819
0.0,20820
0.0,20821
4650.552208520467,20822
0.0,20823
0.0,20824
0.0,20825
0.0,20826
0.0,20827
0.0,20828
0.0,20829
0.0,20830
0.0,20831
0.0,20832
0.0,20833
0.0,20834
0.0,20835
0.0,20836
0.0,20837
0.0,20838
1129.0543998930932,20839
0.0,20840
0.0,20841
0.0,20842
0.0,20843
0.0,20844
0.0,20845
0.0,20846
0.0,20847
0.0,20848
0.0,20849
0.0,20850
1304.9273398439514,20851
0.0,20852
0.0,20853
835.7335691087047,20854
0.0,20855
0.0,20856
0.0,20857
0.0,20858
893.6614347709452,20859
0.0,20860
0.0,20861
0.0,20862
0.0,20863
0.0,20864
0.0,20865
0.0,20866
0.0,20867
0.0,20868
0.0,20869
0.0,20870
0.0,20871
0.0,20872
0.0,20873
0.0,20874
0.0,20875
0.0,20876
0.0,20877
0.0,20878
0.0,20879
0.0,20880
5277.396461804325,20881
0.0,20882
0.0,20883
4291.139009498715,20884
0.0,20885
0.0,20886
0.0,20887
5537.152743985413,20888
0.0,20889
1283.7624622828691,20890
0.0,20891
0.0,20892
0.0,20893
0.0,20894
0.0,20895
4288.42185378489,20896
4251.246753876399,20897
4216.5948384266285,20898
4185.250773421955,20899
3542.0238703881873,20900
0.0,20901
3265.617095454606,20902
2175.42066887103,20903
0.0,20904
0.0,20905
3704.035784709776,20906
980.1160844928128,20907
3688.646844276465,20908
3679.865061996552,20909
871.8781286442794,20910
5570.353314340447,20911
3401.8730679520277,20912
3401.2154791689823,20913
3522.101150116382,20914
987.4249627126691,20915
3525.4790295356984,20916
0.0,20917
0.0,20918
0.0,20919
0.0,20920
5582.882430163377,20921
1873.0087388875445,20922
0.0,20923
5595.549022436693,20924
987.1772501393876,20925
5455.596485207359,20926
5464.9369158550035,20927
1843.3476285101522,20928
5476.007728707273,20929
0.0,20930
905.5382901388652,20931
0.0,20932
0.0,20933
894.0596450554142,20934
1878.087728616347,20935
774.0788739461898,20936
0.0,20937
6445.737022736981,20938
1993.289857526667,20939
2020.4337521037603,20940
6494.722600834041,20941
1533.4443343605533,20942
5960.019115694813,20943
3580.3181157403505,20944
1510.400853722674,20945
0.0,20946
0.0,20947
1831.3088524334237,20948
6387.987619162253,20949
268.98611175727837,20950
1179.8674063218346,20951
425.5140920086112,20952
314.1252247750353,20953
469.7465365057972,20954
1440.219819074904,20955
0.0,20956
1069.9377989602344,20957
253.45955574655292,20958
0.0,20959
1154.2691767735075,20960
0.0,20961
211.55121356002687,20962
174.4988947487787,20963
182.50477537018068,20964
1430.7831106178392,20965
870.4470851258436,20966
0.0,20967
434.2963407795676,20968
0.0,20969
465.61206340109896,20970
0.0,20971
0.0,20972
0.0,20973
0.0,20974
0.0,20975
0.0,20976
0.0,20977
8.879696546327288,20978
0.0,20979
0.0,20980
0.0,20981
364.57803573190904,20982
0.0,20983
0.0,20984
0.0,20985
0.0,20986
0.0,20987
2917.4834284605345,20988
1891.1222434179112,20989
2288.7173697374897,20990
2699.4891898400588,20991
0.0,20992
1513.1943604561109,20993
121.14485563688491,20994
0.0,20995
4471.712930950058,20996
488.9987333916065,20997
3378.3200767463027,20998
2202.4527222163415,20999
731.7467990549691,21000
0.0,21001
725.8050299693895,21002
0.0,21003
2137.571581543268,21004
2781.05913074626,21005
0.0,21006
1598.9728482077514,21007
1589.7643267017738,21008
2242.0947604107546,21009
1578.8627473502677,21010
1841.9672812911074,21011
2000.9806758939744,21012
827.2525432087862,21013
2057.3819536795436,21014
0.0,21015
2054.3383321296496,21016
292.17345377860113,21017
3761.5106574941447,21018
0.0,21019
362.8452207472113,21020
1165.0426061018238,21021
0.0,21022
0.0,21023
0.0,21024
3285.434619727784,21025
0.0,21026
555.8080170976035,21027
0.0,21028
0.0,21029
0.0,21030
0.0,21031
0.0,21032
0.0,21033
0.0,21034
0.0,21035
0.0,21036
0.0,21037
0.0,21038
0.0,21039
0.0,21040
16.058075934476346,21041
0.0,21042
668.6032963715797,21043
0.0,21044
0.0,21045
0.0,21046
0.0,21047
0.0,21048
0.0,21049
3053.7672217051986,21050
3607.4342660326215,21051
0.0,21052
0.0,21053
0.0,21054
2641.40383172426,21055
0.0,21056
0.0,21057
0.0,21058
0.0,21059
3045.541164484807,21060
0.0,21061
0.0,21062
0.0,21063
843.7917649407725,21064
0.0,21065
0.0,21066
756.7764712511744,21067
324.41810345252605,21068
0.0,21069
0.0,21070
0.0,21071
0.0,21072
0.0,21073
0.0,21074
0.0,21075
0.0,21076
0.0,21077
0.0,21078
0.0,21079
0.0,21080
0.0,21081
941.819142276591,21082
0.0,21083
682.3840171707425,21084
693.6403726541184,21085
0.0,21086
0.0,21087
0.0,21088
394.2920704192014,21089
0.0,21090
893.4810809344754,21091
0.0,21092
569.7545554660619,21093
0.0,21094
0.0,21095
0.0,21096
0.0,21097
0.0,21098
0.0,21099
0.0,21100
0.0,21101
0.0,21102
109.8911578411548,21103
1218.9776024214123,21104
4558.867303090933,21105
1956.6604852252412,21106
971.1238864693129,21107
896.8982290794559,21108
874.6713820046834,21109
855.9018466190644,21110
845.8015278429814,21111
835.3189568160213,21112
0.0,21113
0.0,21114
825.048915773944,21115
815.3527042175893,21116
54.60221511867518,21117
287.56757863362196,21118
0.0,21119
0.0,21120
0.0,21121
0.0,21122
0.0,21123
0.0,21124
0.0,21125
0.0,21126
0.0,21127
0.0,21128
0.0,21129
0.0,21130
418.1129084795644,21131
0.0,21132
0.0,21133
49.3504193679037,21134
0.0,21135
0.0,21136
0.0,21137
0.0,21138
0.0,21139
0.0,21140
330.6484688852127,21141
0.0,21142
4358.330518930038,21143
3454.05030546915,21144
0.0,21145
0.0,21146
0.0,21147
0.0,21148
0.0,21149
0.0,21150
0.0,21151
1671.0918855742677,21152
0.0,21153
265.1107710660221,21154
0.0,21155
0.0,21156
0.0,21157
0.0,21158
0.0,21159
0.0,21160
3155.6063485824448,21161
0.0,21162
0.0,21163
2370.0230967964544,21164
0.0,21165
0.0,21166
0.0,21167
1821.7625227792366,21168
0.0,21169
0.0,21170
4475.5529268793025,21171
0.0,21172
0.0,21173
0.0,21174
0.0,21175
0.0,21176
957.9597200193075,21177
949.1944396276307,21178
940.4134088879229,21179
2054.5432028040964,21180
927.5494122877527,21181
2040.1245832756617,21182
2026.2964342161056,21183
2009.2555665660677,21184
1327.7124621565397,21185
887.7902778458937,21186
540.5216026153741,21187
1753.8180298678394,21188
0.0,21189
0.0,21190
690.6018948087791,21191
3382.4241143691274,21192
0.0,21193
0.0,21194
549.4676403831645,21195
0.0,21196
471.6568331934525,21197
2647.3860393225705,21198
0.0,21199
0.0,21200
0.0,21201
0.0,21202
0.0,21203
0.0,21204
703.1499758447068,21205
0.0,21206
0.0,21207
1355.415034929239,21208
0.0,21209
3322.2504315465994,21210
0.0,21211
301.4860645072889,21212
0.0,21213
0.0,21214
584.7643719276992,21215
988.930637157356,21216
1666.084562016218,21217
0.0,21218
0.0,21219
968.6469179147409,21220
0.0,21221
2082.086986149945,21222
674.7597653704913,21223
0.0,21224
0.0,21225
0.0,21226
0.0,21227
0.0,21228
0.0,21229
0.0,21230
0.0,21231
0.0,21232
0.0,21233
0.0,21234
0.0,21235
0.0,21236
11.273806415224119,21237
0.0,21238
0.0,21239
0.0,21240
0.0,21241
0.0,21242
0.0,21243
579.4320795227211,21244
0.0,21245
0.0,21246
0.0,21247
6777.817957861445,21248
0.0,21249
152.49552334399004,21250
0.0,21251
0.0,21252
0.0,21253
365.435405710957,21254
0.0,21255
0.0,21256
0.0,21257
0.0,21258
0.0,21259
0.0,21260
0.0,21261
0.0,21262
0.0,21263
217.43596640226554,21264
1941.993882448481,21265
0.0,21266
0.0,21267
0.0,21268
0.0,21269
0.0,21270
0.0,21271
0.0,21272
0.0,21273
0.0,21274
0.0,21275
0.0,21276
0.0,21277
0.0,21278
73.43304811047817,21279
0.0,21280
0.0,21281
0.0,21282
0.0,21283
0.0,21284
0.0,21285
0.0,21286
0.0,21287
0.0,21288
0.0,21289
0.0,21290
0.0,21291
0.0,21292
0.0,21293
0.0,21294
0.0,21295
0.0,21296
0.0,21297
0.0,21298
0.0,21299
0.0,21300
0.0,21301
0.0,21302
0.0,21303
0.0,21304
0.0,21305
0.0,21306
0.0,21307
0.0,21308
0.0,21309
0.0,21310
0.0,21311
0.0,21312
0.0,21313
0.0,21314
0.0,21315
0.0,21316
0.0,21317
0.0,21318
0.0,21319
0.0,21320
0.0,21321
0.0,21322
0.0,21323
0.0,21324
0.0,21325
0.0,21326
0.0,21327
0.0,21328
0.0,21329
0.0,21330
0.0,21331
206.88287147953736,21332
0.0,21333
0.0,21334
0.0,21335
0.0,21336
0.0,21337
0.0,21338
0.0,21339
605.8508345050786,21340
0.0,21341
0.0,21342
0.0,21343
0.0,21344
0.0,21345
0.0,21346
0.0,21347
283.992385326877,21348
277.0762387069183,21349
0.0,21350
0.0,21351
0.0,21352
265.9032787998549,21353
0.0,21354
0.0,21355
0.0,21356
0.0,21357
0.0,21358
0.0,21359
0.0,21360
0.0,21361
0.0,21362
825.3799449313856,21363
0.0,21364
0.0,21365
164.9070890017547,21366
922.618311606528,21367
0.0,21368
0.0,21369
0.0,21370
302.0206901130019,21371
1100.2670782335179,21372
1192.702354045904,21373
0.0,21374
0.0,21375
1829.9486591430132,21376
0.0,21377
0.0,21378
0.0,21379
0.0,21380
0.0,21381
0.0,21382
0.0,21383
0.0,21384
0.0,21385
0.0,21386
0.0,21387
0.0,21388
0.0,21389
0.0,21390
0.0,21391
0.0,21392
0.0,21393
0.0,21394
0.0,21395
1206.113927942511,21396
0.0,21397
0.0,21398
44.13332753507662,21399
0.0,21400
0.0,21401
1770.2679892138488,21402
0.0,21403
138.58609443874536,21404
0.5564560608399006,21405
2.6890584305659178,21406
73.27399598957344,21407
1806.6726677429788,21408
1813.7161620928514,21409
1045.2387164367758,21410
272.46129915591723,21411
1060.9702957463815,21412
0.0,21413
0.0,21414
1287.661281763721,21415
20.796648671169326,21416
0.0,21417
0.0,21418
940.8690031705847,21419
0.0,21420
0.0,21421
0.0,21422
0.0,21423
0.0,21424
0.0,21425
0.0,21426
0.0,21427
0.0,21428
0.0,21429
0.0,21430
0.0,21431
0.0,21432
0.0,21433
0.0,21434
3031.556511350143,21435
0.0,21436
3032.7133438690757,21437
611.7941770086471,21438
0.0,21439
592.9355069616912,21440
0.0,21441
0.0,21442
0.0,21443
0.0,21444
0.0,21445
3994.6377236547314,21446
0.0,21447
0.0,21448
3993.5508704150207,21449
0.0,21450
3990.2811260562235,21451
0.0,21452
0.0,21453
0.0,21454
0.0,21455
2727.7092237080124,21456
0.0,21457
0.0,21458
0.0,21459
0.0,21460
0.0,21461
0.0,21462
0.0,21463
0.0,21464
930.9743484737812,21465
0.0,21466
0.0,21467
0.0,21468
0.0,21469
0.0,21470
351.67853232598003,21471
0.0,21472
0.0,21473
0.0,21474
0.0,21475
0.0,21476
0.0,21477
0.0,21478
0.0,21479
0.0,21480
0.0,21481
0.0,21482
0.0,21483
0.0,21484
0.0,21485
0.0,21486
0.0,21487
0.0,21488
0.0,21489
0.0,21490
0.0,21491
0.0,21492
0.0,21493
0.0,21494
0.0,21495
0.0,21496
0.0,21497
0.0,21498
0.0,21499
0.0,21500
0.0,21501
0.0,21502
0.0,21503
0.0,21504
0.0,21505
0.0,21506
0.0,21507
0.0,21508
0.0,21509
0.0,21510
0.0,21511
0.0,21512
0.0,21513
0.0,21514
0.0,21515
0.0,21516
0.0,21517
0.0,21518
0.0,21519
11956.467668560503,21520
0.0,21521
0.0,21522
0.0,21523
0.0,21524
0.0,21525
0.0,21526
0.0,21527
0.0,21528
0.0,21529
0.0,21530
0.0,21531
0.0,21532
0.0,21533
0.0,21534
0.0,21535
2322.000041334542,21536
0.0,21537
0.0,21538
0.0,21539
0.0,21540
0.0,21541
0.0,21542
0.0,21543
0.0,21544
0.0,21545
0.0,21546
0.0,21547
0.0,21548
0.0,21549
0.0,21550
0.0,21551
0.0,21552
0.0,21553
18.104414163301744,21554
10.19974297178586,21555
0.0,21556
0.0,21557
0.0,21558
0.0,21559
0.0,21560
0.0,21561
50.06498081975175,21562
0.0,21563
703.6599552500636,21564
0.0,21565
0.0,21566
0.0,21567
388.7229796750456,21568
0.0,21569
0.0,21570
0.0,21571
0.0,21572
1016.1630102290178,21573
0.0,21574
0.0,21575
0.0,21576
312.4570182402023,21577
274.66550418024224,21578
1521.684219149949,21579
0.0,21580
416.9882193125131,21581
1019.4457460870154,21582
937.6457440409708,21583
1472.23987051706,21584
2200.6905869618467,21585
315.98491139700633,21586
916.259054095292,21587
899.5389889859587,21588
943.1019419980897,21589
922.7226981194958,21590
0.0,21591
0.0,21592
215.45341732896594,21593
0.0,21594
1351.357087308719,21595
1338.1718207995134,21596
0.0,21597
0.0,21598
0.0,21599
0.0,21600
0.0,21601
181.62523132930426,21602
1353.5294757944905,21603
0.0,21604
0.0,21605
0.0,21606
1560.4208205288833,21607
1422.8931423950164,21608
1408.428048060632,21609
0.0,21610
0.0,21611
1265.518885828459,21612
0.0,21613
0.0,21614
0.0,21615
0.0,21616
0.0,21617
0.0,21618
0.0,21619
0.0,21620
0.0,21621
1361.3969022133492,21622
264.90463199502426,21623
0.0,21624
708.6312164153206,21625
0.0,21626
0.0,21627
0.0,21628
0.0,21629
0.0,21630
0.0,21631
0.0,21632
0.0,21633
0.0,21634
800.6852542569296,21635
0.0,21636
0.0,21637
0.0,21638
737.0733462389153,21639
0.0,21640
2616.036367190055,21641
0.0,21642
0.0,21643
0.0,21644
2186.505125686569,21645
0.0,21646
901.3952738926416,21647
0.0,21648
153.54061150855833,21649
0.0,21650
0.0,21651
0.0,21652
0.0,21653
0.0,21654
0.0,21655
0.0,21656
0.0,21657
0.0,21658
0.0,21659
0.0,21660
0.0,21661
0.0,21662
0.0,21663
0.0,21664
163.32828223274782,21665
0.0,21666
0.0,21667
108.62678983321057,21668
1530.1177519357773,21669
0.0,21670
0.0,21671
0.0,21672
0.0,21673
0.0,21674
0.0,21675
0.0,21676
0.0,21677
0.0,21678
0.0,21679
0.0,21680
0.0,21681
0.0,21682
0.0,21683
609.3333395456767,21684
0.0,21685
0.0,21686
0.0,21687
0.0,21688
0.0,21689
127.08274475658357,21690
0.0,21691
0.0,21692
0.0,21693
0.0,21694
0.0,21695
0.0,21696
0.0,21697
0.0,21698
0.0,21699
0.0,21700
0.0,21701
0.0,21702
0.0,21703
0.0,21704
0.0,21705
0.0,21706
0.0,21707
0.0,21708
0.0,21709
9698.842530209648,21710
0.0,21711
0.0,21712
0.0,21713
0.0,21714
0.0,21715
0.0,21716
0.0,21717
136.99653244952646,21718
0.0,21719
0.0,21720
0.0,21721
0.0,21722
0.0,21723
0.0,21724
0.0,21725
0.0,21726
0.0,21727
0.0,21728
0.0,21729
0.0,21730
0.0,21731
0.0,21732
0.0,21733
2102.044698637132,21734
0.0,21735
0.0,21736
0.0,21737
0.0,21738
0.0,21739
0.0,21740
60.49987750512543,21741
0.0,21742
0.0,21743
97.41583715774816,21744
302.47262249798536,21745
0.0,21746
0.0,21747
0.0,21748
0.0,21749
433.4918114334356,21750
0.0,21751
311.82000963468425,21752
0.0,21753
0.0,21754
5085.281992099385,21755
0.0,21756
0.0,21757
315.01383172776684,21758
0.0,21759
0.0,21760
11312.217743232932,21761
0.0,21762
316.96969785808864,21763
0.0,21764
0.0,21765
0.0,21766
0.0,21767
0.0,21768
0.0,21769
567.3771699077125,21770
0.0,21771
0.0,21772
0.0,21773
0.0,21774
0.0,21775
0.0,21776
0.0,21777
0.0,21778
186.51693696165412,21779
0.0,21780
0.0,21781
0.0,21782
547.8647257295341,21783
0.0,21784
1529.91036448268,21785
594.0669566039543,21786
0.0,21787
0.0,21788
0.0,21789
0.0,21790
0.0,21791
0.0,21792
0.0,21793
0.0,21794
0.0,21795
0.0,21796
0.0,21797
0.0,21798
0.0,21799
0.0,21800
0.0,21801
0.0,21802
0.0,21803
0.0,21804
0.0,21805
0.0,21806
0.0,21807
0.0,21808
0.0,21809
0.0,21810
0.0,21811
0.0,21812
0.0,21813
0.0,21814
0.0,21815
0.0,21816
0.0,21817
0.0,21818
0.0,21819
0.0,21820
0.0,21821
0.0,21822
634.1710388544833,21823
0.0,21824
0.0,21825
935.7583289011903,21826
0.0,21827
0.0,21828
0.0,21829
0.0,21830
0.0,21831
0.0,21832
0.0,21833
0.0,21834
0.0,21835
0.0,21836
0.0,21837
0.0,21838
290.0642329211416,21839
0.0,21840
207.3631298086362,21841
119.74586978968856,21842
0.0,21843
0.0,21844
0.0,21845
808.8749964427867,21846
0.0,21847
0.0,21848
766.7368334743248,21849
168.11118058299783,21850
0.0,21851
153.05128391176225,21852
14.124735207690199,21853
7.83085449001965,21854
4.058491935348971,21855
0.0,21856
0.0,21857
0.0,21858
0.0,21859
0.0,21860
0.0,21861
0.0,21862
0.0,21863
0.0,21864
0.0,21865
0.0,21866
0.0,21867
0.0,21868
0.0,21869
0.0,21870
0.0,21871
0.0,21872
567.1987378046125,21873
416.9914216719014,21874
0.0,21875
0.0,21876
0.0,21877
0.0,21878
0.0,21879
0.0,21880
0.0,21881
410.9956992782841,21882
407.0077134558568,21883
0.0,21884
548.3554602829392,21885
0.0,21886
0.0,21887
0.0,21888
1136.5504590838839,21889
0.0,21890
0.0,21891
0.0,21892
0.0,21893
0.0,21894
0.0,21895
0.0,21896
0.0,21897
0.0,21898
0.0,21899
0.0,21900
0.0,21901
0.0,21902
0.0,21903
0.0,21904
0.0,21905
1208.4476439256302,21906
0.0,21907
0.0,21908
0.0,21909
0.0,21910
0.0,21911
0.0,21912
0.0,21913
0.0,21914
0.0,21915
0.0,21916
0.0,21917
0.0,21918
0.0,21919
0.0,21920
0.0,21921
0.0,21922
0.0,21923
0.0,21924
795.3184990993841,21925
0.0,21926
0.0,21927
0.0,21928
0.0,21929
0.0,21930
0.0,21931
0.0,21932
0.0,21933
0.0,21934
0.0,21935
0.0,21936
0.0,21937
0.0,21938
0.0,21939
0.0,21940
0.0,21941
0.0,21942
0.0,21943
0.0,21944
0.0,21945
0.0,21946
0.0,21947
0.0,21948
0.0,21949
0.0,21950
0.0,21951
0.0,21952
0.0,21953
0.0,21954
0.0,21955
0.0,21956
0.0,21957
0.0,21958
0.0,21959
0.0,21960
0.0,21961
0.0,21962
0.0,21963
0.0,21964
0.0,21965
0.0,21966
0.0,21967
0.0,21968
5484.738270493386,21969
0.0,21970
0.0,21971
14065.00716507107,21972
0.0,21973
0.0,21974
0.0,21975
0.0,21976
0.0,21977
324.1610340289474,21978
0.0,21979
0.0,21980
0.0,21981
0.0,21982
0.0,21983
0.0,21984
0.0,21985
0.0,21986
0.0,21987
0.0,21988
0.0,21989
0.0,21990
0.0,21991
0.0,21992
0.0,21993
960.6076663319552,21994
0.0,21995
0.0,21996
0.0,21997
0.0,21998
0.0,21999
0.0,22000
0.0,22001
0.0,22002
0.0,22003
0.0,22004
0.0,22005
0.0,22006
0.0,22007
0.0,22008
0.0,22009
0.0,22010
0.0,22011
0.0,22012
0.0,22013
0.0,22014
0.0,22015
0.0,22016
0.0,22017
0.0,22018
0.0,22019
0.0,22020
0.0,22021
0.0,22022
0.0,22023
0.0,22024
0.0,22025
0.0,22026
0.0,22027
0.0,22028
1307.672035639766,22029
0.0,22030
0.0,22031
0.0,22032
0.0,22033
0.0,22034
0.0,22035
0.0,22036
0.0,22037
0.0,22038
0.0,22039
0.0,22040
0.0,22041
0.0,22042
0.0,22043
0.0,22044
0.0,22045
0.0,22046
0.0,22047
0.0,22048
0.0,22049
0.0,22050
0.0,22051
0.0,22052
0.0,22053
0.0,22054
0.0,22055
1349.4786086407926,22056
1335.3868854196176,22057
0.0,22058
0.0,22059
0.0,22060
0.0,22061
0.0,22062
0.0,22063
0.0,22064
0.0,22065
0.0,22066
0.0,22067
0.0,22068
0.0,22069
0.0,22070
0.0,22071
0.0,22072
0.0,22073
0.0,22074
0.0,22075
0.0,22076
0.0,22077
0.0,22078
0.0,22079
0.0,22080
0.0,22081
0.0,22082
0.0,22083
0.0,22084
0.0,22085
0.0,22086
0.0,22087
0.0,22088
0.0,22089
0.0,22090
0.0,22091
0.0,22092
0.0,22093
0.0,22094
0.0,22095
0.0,22096
0.0,22097
0.0,22098
0.0,22099
1043.1329842423722,22100
0.0,22101
0.0,22102
0.0,22103
0.0,22104
0.0,22105
0.0,22106
0.0,22107
0.0,22108
0.0,22109
0.0,22110
0.0,22111
0.0,22112
0.0,22113
0.0,22114
0.0,22115
0.0,22116
0.0,22117
0.0,22118
0.0,22119
0.0,22120
0.0,22121
0.0,22122
0.0,22123
205.99314521793366,22124
0.0,22125
0.0,22126
0.0,22127
0.0,22128
0.0,22129
0.0,22130
0.0,22131
0.0,22132
0.0,22133
0.0,22134
0.0,22135
0.0,22136
0.0,22137
0.0,22138
0.0,22139
0.0,22140
0.0,22141
0.0,22142
0.0,22143
0.0,22144
0.0,22145
0.0,22146
0.0,22147
0.0,22148
0.0,22149
0.0,22150
0.0,22151
0.0,22152
0.0,22153
0.0,22154
0.0,22155
0.0,22156
0.0,22157
0.0,22158
0.0,22159
0.0,22160
0.0,22161
0.0,22162
0.0,22163
0.0,22164
0.0,22165
0.0,22166
3532.956581591659,22167
2401.2770558347083,22168
0.0,22169
0.0,22170
0.0,22171
0.0,22172
0.0,22173
0.0,22174
0.0,22175
0.0,22176
0.0,22177
0.0,22178
0.0,22179
0.0,22180
0.0,22181
0.0,22182
0.0,22183
0.0,22184
0.0,22185
0.0,22186
0.0,22187
0.0,22188
0.0,22189
1435.1610054317737,22190
0.0,22191
0.0,22192
0.0,22193
0.0,22194
0.0,22195
0.0,22196
0.0,22197
0.0,22198
0.0,22199
0.0,22200
0.0,22201
0.0,22202
0.0,22203
0.0,22204
0.0,22205
0.0,22206
0.0,22207
0.0,22208
0.0,22209
0.0,22210
0.0,22211
0.0,22212
0.0,22213
0.0,22214
0.0,22215
0.0,22216
0.0,22217
0.0,22218
0.0,22219
0.0,22220
0.0,22221
0.0,22222
0.0,22223
0.0,22224
0.0,22225
0.0,22226
0.0,22227
0.0,22228
0.0,22229
1554.761998695709,22230
2565.9876847555447,22231
82.70550231708881,22232
0.0,22233
526.7161169686369,22234
0.0,22235
0.0,22236
0.0,22237
48.09358640587499,22238
0.0,22239
0.0,22240
86.66621534996025,22241
0.0,22242
0.0,22243
85.77890816445581,22244
0.0,22245
1280.6309650633777,22246
0.0,22247
551.8523473041914,22248
0.0,22249
319.96039208440556,22250
313.15747746410483,22251
307.7035354017058,22252
0.0,22253
0.0,22254
0.0,22255
0.0,22256
0.0,22257
0.0,22258
0.0,22259
0.0,22260
0.0,22261
0.0,22262
0.0,22263
0.0,22264
0.0,22265
0.0,22266
0.0,22267
0.0,22268
0.0,22269
0.0,22270
0.0,22271
0.0,22272
0.0,22273
0.0,22274
0.0,22275
0.0,22276
0.0,22277
0.0,22278
0.0,22279
0.0,22280
148.38015513301167,22281
0.0,22282
0.0,22283
0.0,22284
0.0,22285
0.0,22286
0.0,22287
0.0,22288
462.7116278752499,22289
0.0,22290
0.0,22291
0.0,22292
0.0,22293
0.0,22294
0.0,22295
0.0,22296
0.0,22297
0.0,22298
0.0,22299
0.0,22300
0.0,22301
0.0,22302
0.0,22303
0.0,22304
0.0,22305
0.0,22306
0.0,22307
0.0,22308
0.0,22309
0.0,22310
0.0,22311
0.0,22312
0.0,22313
0.0,22314
0.0,22315
0.0,22316
0.0,22317
0.0,22318
0.0,22319
0.0,22320
0.0,22321
0.0,22322
0.0,22323
220.39492253978872,22324
0.0,22325
0.0,22326
0.0,22327
0.0,22328
0.0,22329
664.5671128249818,22330
666.8433988233919,22331
670.1553800305451,22332
0.0,22333
580.7591745135466,22334
1536.4033200798995,22335
228.29017201959027,22336
0.0,22337
676.928599435534,22338
0.0,22339
0.0,22340
0.0,22341
0.0,22342
0.0,22343
0.0,22344
0.0,22345
0.0,22346
0.0,22347
0.0,22348
0.0,22349
0.0,22350
0.0,22351
0.0,22352
0.0,22353
0.0,22354
0.0,22355
0.0,22356
0.0,22357
0.0,22358
1972.434471217439,22359
4908.419296387372,22360
0.0,22361
0.0,22362
0.0,22363
0.0,22364
0.0,22365
0.0,22366
0.0,22367
0.0,22368
0.0,22369
0.0,22370
0.0,22371
802.451617231136,22372
0.0,22373
68.49328505391118,22374
487.15311264135624,22375
293.3233079457674,22376
691.3554348325299,22377
2903.4302665943624,22378
0.0,22379
514.0614916236954,22380
0.0,22381
0.0,22382
0.0,22383
0.0,22384
0.0,22385
0.0,22386
0.0,22387
0.0,22388
948.1331347698733,22389
0.0,22390
0.0,22391
0.0,22392
0.0,22393
0.0,22394
0.0,22395
0.0,22396
0.0,22397
0.0,22398
0.0,22399
0.0,22400
0.0,22401
0.0,22402
0.0,22403
787.776556248768,22404
0.0,22405
781.5884962302712,22406
0.0,22407
0.0,22408
0.0,22409
1074.2034962572661,22410
0.0,22411
0.0,22412
0.0,22413
0.0,22414
0.0,22415
0.0,22416
737.807041639479,22417
0.0,22418
0.0,22419
0.0,22420
907.9717665524806,22421
0.0,22422
1579.9606011668295,22423
0.0,22424
892.3895730505719,22425
0.0,22426
0.0,22427
0.0,22428
0.0,22429
0.0,22430
0.0,22431
0.0,22432
0.0,22433
0.0,22434
0.0,22435
0.0,22436
0.0,22437
0.0,22438
0.0,22439
0.0,22440
0.0,22441
0.0,22442
0.0,22443
208.6959983527974,22444
1376.3382495812928,22445
2098.688122992008,22446
0.0,22447
0.0,22448
2092.64131666784,22449
528.9575978425611,22450
86.1578054632241,22451
1089.8328231396981,22452
0.0,22453
74.20451435773491,22454
202.637486137404,22455
0.0,22456
534.5558336807503,22457
866.3311180931219,22458
0.0,22459
0.0,22460
0.0,22461
0.0,22462
0.0,22463
0.0,22464
0.0,22465
0.0,22466
0.0,22467
381.7281625975639,22468
0.0,22469
0.0,22470
0.0,22471
370.88569476726,22472
0.0,22473
0.0,22474
0.0,22475
344.42775874542065,22476
0.0,22477
197.39315690908595,22478
0.0,22479
0.0,22480
0.0,22481
0.0,22482
0.0,22483
0.0,22484
313.23836543456,22485
0.0,22486
505.2899123834867,22487
21.77657984247653,22488
0.0,22489
0.0,22490
523.5979867565128,22491
6595.111062933298,22492
0.0,22493
8.484440650261798,22494
0.0,22495
0.0,22496
0.0,22497
0.0,22498
7945.44621764098,22499
0.0,22500
284.2982625625784,22501
0.0,22502
0.0,22503
0.0,22504
0.0,22505
0.0,22506
0.0,22507
0.0,22508
0.0,22509
0.0,22510
0.0,22511
0.0,22512
0.0,22513
271.59650573569934,22514
0.0,22515
0.0,22516
0.0,22517
0.0,22518
258.2072732603358,22519
0.0,22520
0.0,22521
0.0,22522
0.0,22523
0.0,22524
0.0,22525
0.0,22526
0.0,22527
0.0,22528
0.0,22529
0.0,22530
0.0,22531
3469.6010294078656,22532
0.0,22533
0.0,22534
0.0,22535
0.0,22536
0.0,22537
0.0,22538
22.519162628481833,22539
0.0,22540
0.0,22541
0.0,22542
0.0,22543
0.0,22544
0.0,22545
0.0,22546
0.0,22547
289.0838566117377,22548
0.0,22549
277.3275504606306,22550
0.0,22551
0.0,22552
55.18302128050554,22553
0.0,22554
0.0,22555
521.7617903817345,22556
249.13625345694317,22557
0.0,22558
512.1066121345935,22559
136.55744126319416,22560
0.0,22561
0.0,22562
360.7352431979503,22563
0.0,22564
0.0,22565
0.0,22566
0.0,22567
0.0,22568
0.0,22569
356.8556258309017,22570
0.0,22571
0.0,22572
0.0,22573
0.0,22574
137.03709143897157,22575
0.0,22576
0.0,22577
0.0,22578
0.0,22579
459.6187845352992,22580
0.0,22581
0.0,22582
0.0,22583
0.0,22584
0.0,22585
0.0,22586
0.0,22587
0.0,22588
818.6367094253105,22589
1763.3910995152617,22590
1270.2943488282135,22591
0.0,22592
0.0,22593
1754.9029944757804,22594
0.0,22595
0.0,22596
0.0,22597
1474.9480525585707,22598
0.0,22599
0.0,22600
1525.5746980192882,22601
0.0,22602
5.925865065836436,22603
0.0,22604
0.0,22605
0.0,22606
0.0,22607
0.0,22608
0.0,22609
0.0,22610
1970.7108235574533,22611
1433.7283836785841,22612
1452.9854836524103,22613
1475.9601000276825,22614
2055.354861942862,22615
0.0,22616
0.0,22617
0.0,22618
0.0,22619
2209.945776594574,22620
0.0,22621
0.0,22622
0.0,22623
0.0,22624
0.0,22625
332.84109643886427,22626
0.0,22627
0.0,22628
946.5272856241437,22629
1427.5630333185993,22630
0.0,22631
0.0,22632
193.43228333404483,22633
0.0,22634
437.0554730808598,22635
1108.2984980461006,22636
1490.52845777139,22637
0.0,22638
0.0,22639
0.0,22640
0.0,22641
0.0,22642
584.3835375260078,22643
0.0,22644
0.0,22645
1350.0819790544897,22646
476.40093827923795,22647
985.9602728280804,22648
255.1112800771574,22649
1242.1427944600712,22650
0.0,22651
3576.65736740825,22652
3589.1773193123317,22653
1864.844088947565,22654
0.0,22655
0.0,22656
997.1923243630445,22657
1348.349907197303,22658
1458.7987841381976,22659
0.0,22660
339.56888048358746,22661
0.0,22662
0.0,22663
911.0030702841995,22664
1440.0020062543447,22665
290.064003444689,22666
636.4083241079674,22667
622.7204857072938,22668
1421.117444136643,22669
286.4716176916389,22670
4156.656832606543,22671
0.0,22672
1036.0631480657626,22673
0.0,22674
0.0,22675
0.0,22676
0.0,22677
0.0,22678
0.0,22679
0.0,22680
4176.461223112212,22681
742.3119249918494,22682
0.0,22683
0.0,22684
1196.7938072531301,22685
0.0,22686
4194.209762706414,22687
0.0,22688
0.0,22689
0.0,22690
0.0,22691
0.0,22692
0.0,22693
0.0,22694
0.0,22695
0.0,22696
0.0,22697
2479.6600040956673,22698
0.0,22699
0.0,22700
150.79709870573663,22701
0.0,22702
0.46037492976040884,22703
563.382929504798,22704
1638.3097351859756,22705
0.0,22706
0.0,22707
643.6109680073986,22708
0.0,22709
0.0,22710
0.0,22711
0.0,22712
0.0,22713
0.0,22714
0.0,22715
0.0,22716
0.0,22717
248.73663461785196,22718
0.0,22719
0.0,22720
0.0,22721
0.0,22722
0.0,22723
2351.9975194779827,22724
0.0,22725
27.671133872504285,22726
0.0,22727
0.0,22728
0.0,22729
0.0,22730
0.0,22731
0.0,22732
0.0,22733
0.0,22734
0.0,22735
839.8485034722185,22736
0.0,22737
0.0,22738
0.0,22739
0.0,22740
0.0,22741
0.0,22742
0.0,22743
0.0,22744
0.0,22745
0.0,22746
0.0,22747
0.0,22748
0.0,22749
0.0,22750
0.0,22751
938.1229686628753,22752
0.0,22753
0.0,22754
0.0,22755
0.0,22756
0.0,22757
0.0,22758
0.0,22759
0.0,22760
0.0,22761
0.0,22762
0.0,22763
0.0,22764
0.0,22765
0.0,22766
0.0,22767
0.0,22768
628.2274304645124,22769
0.0,22770
0.0,22771
0.0,22772
433.54687514358,22773
1087.74695995253,22774
0.0,22775
559.8795688481031,22776
1857.064635689176,22777
0.0,22778
0.0,22779
0.0,22780
29.909372172507037,22781
0.0,22782
901.8069589318205,22783
0.0,22784
0.0,22785
2101.1562573883857,22786
2622.987863050665,22787
2079.1445141412914,22788
0.0,22789
628.6473583982514,22790
0.0,22791
0.0,22792
0.0,22793
0.0,22794
0.0,22795
0.0,22796
0.0,22797
2544.524695504416,22798
116.86096991470757,22799
0.0,22800
2562.061546511171,22801
0.0,22802
726.5763878453325,22803
39.69897385166968,22804
0.0,22805
0.0,22806
0.0,22807
0.0,22808
0.0,22809
0.0,22810
0.0,22811
0.0,22812
3394.674788280546,22813
0.0,22814
0.0,22815
232.39286558526442,22816
0.0,22817
0.0,22818
0.0,22819
0.0,22820
0.0,22821
0.0,22822
0.0,22823
0.0,22824
0.0,22825
0.0,22826
0.0,22827
0.0,22828
0.0,22829
0.0,22830
0.0,22831
0.0,22832
0.0,22833
0.0,22834
0.0,22835
0.0,22836
0.0,22837
0.0,22838
0.0,22839
0.0,22840
0.0,22841
0.0,22842
0.0,22843
0.0,22844
0.0,22845
0.0,22846
0.0,22847
0.0,22848
0.0,22849
292.59347530913817,22850
0.0,22851
0.0,22852
0.0,22853
0.0,22854
0.0,22855
0.0,22856
0.0,22857
0.0,22858
0.0,22859
0.0,22860
0.0,22861
0.0,22862
0.0,22863
1352.2818160344,22864
1991.3274944886841,22865
0.0,22866
0.0,22867
0.0,22868
0.0,22869
0.0,22870
0.0,22871
0.0,22872
0.0,22873
0.0,22874
0.0,22875
0.0,22876
0.0,22877
0.0,22878
642.4896260850776,22879
709.5973526320167,22880
1731.821621696266,22881
0.0,22882
929.2192287170668,22883
0.0,22884
442.8894723723939,22885
1557.6279521280799,22886
826.6022550264381,22887
0.0,22888
1180.953218236156,22889
1147.7081499140595,22890
0.0,22891
1030.236590210541,22892
0.0,22893
0.0,22894
1093.4711996168894,22895
0.0,22896
0.0,22897
297.198185516256,22898
866.1893166743748,22899
363.5531231572703,22900
0.0,22901
0.0,22902
0.0,22903
0.0,22904
0.0,22905
0.0,22906
0.0,22907
0.0,22908
0.0,22909
0.0,22910
0.0,22911
0.0,22912
0.0,22913
0.0,22914
0.0,22915
0.0,22916
0.0,22917
0.0,22918
0.0,22919
0.0,22920
0.0,22921
0.0,22922
7437.503541562397,22923
0.0,22924
12.976280112916118,22925
0.0,22926
0.0,22927
0.0,22928
372.1882027882238,22929
0.0,22930
0.0,22931
0.0,22932
4.251867353357367,22933
845.2414780323265,22934
0.0,22935
0.0,22936
0.0,22937
0.0,22938
0.0,22939
4737.455803602454,22940
0.0,22941
0.0,22942
573.5641342578879,22943
0.0,22944
1071.0384908676704,22945
0.0,22946
0.0,22947
0.0,22948
0.0,22949
0.0,22950
0.0,22951
0.0,22952
0.0,22953
0.0,22954
0.0,22955
0.0,22956
0.0,22957
0.0,22958
0.0,22959
0.0,22960
769.7383259846042,22961
0.0,22962
0.0,22963
0.0,22964
0.0,22965
0.0,22966
20.11373540627037,22967
544.5142020205292,22968
0.0,22969
0.0,22970
0.0,22971
0.0,22972
0.0,22973
0.0,22974
0.0,22975
0.0,22976
700.0333831047678,22977
0.0,22978
1592.2308295642163,22979
0.0,22980
0.0,22981
0.0,22982
0.0,22983
0.0,22984
0.0,22985
0.0,22986
0.0,22987
0.0,22988
0.0,22989
162.65145423521733,22990
0.0,22991
0.0,22992
0.0,22993
0.0,22994
121.0335716748678,22995
0.0,22996
0.0,22997
0.0,22998
0.0,22999
0.0,23000
0.0,23001
146.03057134208714,23002
0.0,23003
0.0,23004
0.0,23005
0.0,23006
0.0,23007
0.0,23008
0.0,23009
185.72710989217356,23010
0.0,23011
0.0,23012
0.0,23013
0.0,23014
0.0,23015
0.0,23016
0.0,23017
0.0,23018
85.34929584366498,23019
0.0,23020
0.0,23021
0.0,23022
63.52548521064164,23023
1675.248150839781,23024
1.279425388283545,23025
235.31582499721205,23026
34.13881881304546,23027
22.30955395939104,23028
0.0,23029
0.0,23030
0.0,23031
0.0,23032
0.0,23033
999.4995266240402,23034
0.0,23035
0.0,23036
0.0,23037
0.0,23038
0.0,23039
0.0,23040
0.0,23041
0.0,23042
0.0,23043
0.0,23044
0.0,23045
0.0,23046
0.0,23047
1476.3495998288286,23048
0.0,23049
0.0,23050
0.0,23051
0.0,23052
0.0,23053
0.0,23054
0.0,23055
0.0,23056
0.0,23057
0.0,23058
2457.3650067492154,23059
0.0,23060
4960.875875011057,23061
1799.5567331983839,23062
1797.4116306508645,23063
0.0,23064
0.0,23065
0.0,23066
1027.609727279814,23067
0.0,23068
0.0,23069
0.0,23070
2364.2631250138556,23071
0.0,23072
0.0,23073
0.0,23074
0.0,23075
0.0,23076
0.0,23077
0.0,23078
0.0,23079
0.0,23080
0.0,23081
0.0,23082
0.0,23083
0.0,23084
0.0,23085
0.0,23086
0.0,23087
0.0,23088
0.0,23089
0.0,23090
0.0,23091
0.0,23092
0.0,23093
0.0,23094
0.0,23095
0.0,23096
0.0,23097
0.0,23098
0.0,23099
0.0,23100
0.0,23101
0.0,23102
0.0,23103
0.0,23104
0.0,23105
0.0,23106
0.0,23107
0.0,23108
0.0,23109
0.0,23110
0.0,23111
295.43460317173265,23112
0.0,23113
0.0,23114
0.0,23115
0.0,23116
0.0,23117
0.0,23118
0.0,23119
0.0,23120
0.0,23121
0.0,23122
0.0,23123
0.0,23124
0.0,23125
705.7519605849103,23126
0.0,23127
0.0,23128
0.0,23129
0.0,23130
0.0,23131
0.0,23132
0.0,23133
0.0,23134
0.0,23135
0.0,23136
650.9894776015269,23137
0.0,23138
0.0,23139
0.0,23140
0.0,23141
0.0,23142
0.0,23143
0.0,23144
0.0,23145
0.0,23146
0.0,23147
0.0,23148
0.0,23149
278.670917694996,23150
0.0,23151
0.0,23152
0.0,23153
0.0,23154
0.0,23155
0.0,23156
0.0,23157
0.0,23158
0.0,23159
0.0,23160
0.0,23161
0.0,23162
0.0,23163
0.0,23164
0.0,23165
0.0,23166
0.0,23167
0.0,23168
0.0,23169
0.0,23170
508.5413174924441,23171
0.0,23172
0.0,23173
0.0,23174
0.0,23175
340.5204317660952,23176
0.0,23177
0.0,23178
0.0,23179
0.0,23180
0.0,23181
93.28517207081246,23182
5638.643554677008,23183
0.0,23184
0.0,23185
0.0,23186
0.0,23187
0.0,23188
0.0,23189
0.0,23190
107.06633288219578,23191
0.0,23192
0.0,23193
0.0,23194
0.0,23195
0.0,23196
0.0,23197
0.0,23198
0.0,23199
1014.0643624968982,23200
0.0,23201
0.0,23202
0.0,23203
0.0,23204
0.0,23205
0.0,23206
0.0,23207
0.0,23208
0.0,23209
0.0,23210
0.0,23211
0.0,23212
0.0,23213
0.0,23214
0.0,23215
0.0,23216
0.0,23217
0.0,23218
0.0,23219
0.0,23220
0.0,23221
0.0,23222
0.0,23223
0.0,23224
0.0,23225
0.0,23226
0.0,23227
0.0,23228
0.0,23229
0.0,23230
0.0,23231
0.0,23232
0.0,23233
890.8090096476825,23234
0.0,23235
0.0,23236
0.0,23237
0.0,23238
260.1313118132443,23239
0.0,23240
0.0,23241
716.7369511894967,23242
0.0,23243
0.0,23244
0.0,23245
346.5391498714906,23246
1745.0234698096106,23247
0.0,23248
0.0,23249
0.0,23250
0.0,23251
0.0,23252
0.0,23253
0.0,23254
0.0,23255
0.0,23256
1679.3367928784057,23257
0.0,23258
2450.8032145032553,23259
0.0,23260
0.0,23261
0.0,23262
1183.9017805901485,23263
0.0,23264
0.0,23265
1293.642388681928,23266
0.0,23267
1281.1391035551424,23268
1174.4798822211394,23269
0.0,23270
0.0,23271
0.0,23272
0.0,23273
0.0,23274
0.0,23275
0.0,23276
927.3459514305029,23277
0.0,23278
615.3436452253375,23279
0.0,23280
0.0,23281
0.0,23282
0.0,23283
0.0,23284
0.0,23285
364.3217762982961,23286
0.0,23287
12945.567490170683,23288
1012.1050327329501,23289
0.0,23290
0.0,23291
0.0,23292
0.0,23293
0.0,23294
0.0,23295
0.0,23296
0.0,23297
0.0,23298
0.0,23299
0.0,23300
0.0,23301
0.0,23302
0.0,23303
0.0,23304
0.0,23305
0.0,23306
0.0,23307
0.0,23308
0.0,23309
0.0,23310
0.0,23311
0.0,23312
0.0,23313
0.0,23314
0.0,23315
0.0,23316
0.0,23317
0.0,23318
0.0,23319
0.0,23320
0.0,23321
0.0,23322
0.0,23323
0.0,23324
0.0,23325
0.0,23326
0.0,23327
0.0,23328
0.0,23329
0.0,23330
0.0,23331
0.0,23332
0.0,23333
0.0,23334
0.0,23335
0.0,23336
0.0,23337
0.0,23338
0.0,23339
0.0,23340
0.0,23341
0.0,23342
0.0,23343
0.0,23344
0.0,23345
0.0,23346
0.0,23347
0.0,23348
0.0,23349
0.0,23350
0.0,23351
0.0,23352
0.0,23353
0.0,23354
0.0,23355
0.0,23356
0.0,23357
2583.628009788184,23358
0.0,23359
0.0,23360
0.0,23361
0.0,23362
1008.6368698899238,23363
0.0,23364
0.0,23365
0.0,23366
0.0,23367
0.0,23368
0.0,23369
0.0,23370
0.0,23371
0.0,23372
0.0,23373
0.0,23374
0.0,23375
0.0,23376
0.0,23377
0.0,23378
0.0,23379
0.0,23380
0.0,23381
0.0,23382
812.2401019952541,23383
0.0,23384
0.0,23385
0.0,23386
0.0,23387
0.0,23388
0.0,23389
4100.811553135629,23390
0.0,23391
0.0,23392
0.0,23393
0.0,23394
0.0,23395
0.0,23396
0.0,23397
0.0,23398
0.0,23399
0.0,23400
0.0,23401
0.0,23402
0.0,23403
0.0,23404
0.0,23405
0.0,23406
60.8322168657266,23407
0.0,23408
0.0,23409
0.0,23410
0.0,23411
0.0,23412
0.0,23413
0.0,23414
0.0,23415
0.0,23416
0.0,23417
0.0,23418
0.0,23419
0.0,23420
0.0,23421
0.0,23422
0.0,23423
0.0,23424
0.0,23425
0.0,23426
0.0,23427
0.0,23428
0.0,23429
0.0,23430
0.0,23431
0.0,23432
292.0928792794956,23433
0.0,23434
0.0,23435
0.0,23436
0.0,23437
0.0,23438
0.0,23439
0.0,23440
0.0,23441
0.0,23442
0.0,23443
0.0,23444
0.0,23445
0.0,23446
0.0,23447
0.0,23448
0.0,23449
0.0,23450
0.0,23451
0.0,23452
0.0,23453
0.0,23454
0.0,23455
0.0,23456
0.0,23457
0.0,23458
0.0,23459
0.0,23460
0.0,23461
0.0,23462
0.0,23463
0.0,23464
0.0,23465
0.0,23466
0.0,23467
0.0,23468
0.0,23469
0.0,23470
0.0,23471
0.0,23472
0.0,23473
0.0,23474
0.0,23475
0.0,23476
0.0,23477
0.0,23478
0.0,23479
0.0,23480
0.0,23481
0.0,23482
0.0,23483
0.0,23484
0.0,23485
0.0,23486
0.0,23487
0.0,23488
0.0,23489
0.0,23490
0.0,23491
0.0,23492
0.0,23493
0.0,23494
0.0,23495
0.0,23496
0.0,23497
0.0,23498
0.0,23499
0.0,23500
0.0,23501
0.0,23502
0.0,23503
0.0,23504
0.0,23505
0.0,23506
0.0,23507
0.0,23508
0.0,23509
0.0,23510
0.0,23511
0.0,23512
0.0,23513
0.0,23514
2906.3374848364706,23515
0.0,23516
0.0,23517
1364.6151018184676,23518
0.0,23519
0.0,23520
0.0,23521
0.0,23522
0.0,23523
0.0,23524
0.0,23525
0.0,23526
0.0,23527
0.0,23528
2401.414389110517,23529
0.0,23530
0.0,23531
0.0,23532
0.0,23533
2766.2329665161224,23534
0.0,23535
1223.9327371066388,23536
0.0,23537
0.0,23538
0.0,23539
0.0,23540
0.0,23541
0.0,23542
0.0,23543
0.0,23544
0.0,23545
0.0,23546
0.0,23547
0.0,23548
0.0,23549
0.0,23550
0.0,23551
0.0,23552
0.0,23553
0.0,23554
0.0,23555
0.0,23556
0.0,23557
2790.928927288204,23558
0.0,23559
0.0,23560
0.0,23561
0.0,23562
0.0,23563
0.0,23564
0.0,23565
0.0,23566
0.0,23567
0.0,23568
67.781860989506,23569
16.935345230780186,23570
0.0,23571
32.13856515978281,23572
0.0,23573
49.1363637939465,23574
0.0,23575
67.87072769336292,23576
0.0,23577
0.0,23578
0.0,23579
249.494886348649,23580
109.85043388610578,23581
0.0,23582
0.0,23583
0.0,23584
0.0,23585
0.0,23586
1788.3587262835006,23587
142.1386629645117,23588
0.0,23589
1646.5479895777921,23590
0.0,23591
246.91714171853485,23592
0.0,23593
206.763583846851,23594
0.0,23595
0.0,23596
0.0,23597
0.0,23598
53.09175393935863,23599
9.28608341836035,23600
93.64908026256494,23601
0.0,23602
0.0,23603
979.018422212689,23604
993.7044490888579,23605
0.0,23606
0.0,23607
71.75617175031506,23608
0.0,23609
0.0,23610
0.0,23611
0.0,23612
0.0,23613
215.70060980167236,23614
1932.267853987802,23615
0.0,23616
536.0828881100666,23617
0.0,23618
0.0,23619
278.08138129577685,23620
3893.2884755868895,23621
2110.1860234792553,23622
3820.2407891697308,23623
3282.360085176993,23624
290.5155471971504,23625
287.74607360264633,23626
282.67433679248074,23627
275.6783949308632,23628
632.9575368578219,23629
0.0,23630
3683.319448921535,23631
3678.427409944973,23632
258.19895393632686,23633
814.2771046588246,23634
0.0,23635
469.0995777408472,23636
2867.1604646667256,23637
0.0,23638
360.45151190391425,23639
0.0,23640
1127.565441105805,23641
0.0,23642
1396.2282723172057,23643
2445.1025608045056,23644
0.0,23645
1807.7982874600684,23646
528.9321147649902,23647
1302.700964811848,23648
3932.78399047317,23649
551.0164882866313,23650
0.0,23651
0.0,23652
1077.8706547170812,23653
3079.12079606352,23654
3082.557728713799,23655
2427.648319964434,23656
1728.3079327455375,23657
2252.802837013173,23658
2296.0208226003147,23659
0.0,23660
0.0,23661
1059.1670064172674,23662
2325.658346747703,23663
1599.2846659946129,23664
1638.8138123505998,23665
1545.9021145047388,23666
1815.8707539000552,23667
1720.3946608897877,23668
0.0,23669
1477.4706185857585,23670
1450.413481924291,23671
0.0,23672
1368.4229101629126,23673
1407.6871526125603,23674
0.0,23675
1329.6498774206802,23676
1313.4564881014442,23677
1989.889817364642,23678
0.0,23679
0.0,23680
0.0,23681
0.0,23682
0.0,23683
0.0,23684
2347.130800293055,23685
1265.8376250827052,23686
2618.936780371205,23687
0.0,23688
0.0,23689
0.0,23690
0.0,23691
786.7112793473459,23692
0.0,23693
0.0,23694
2127.656360331686,23695
0.0,23696
0.0,23697
1882.3435388526605,23698
0.0,23699
0.0,23700
0.0,23701
0.0,23702
0.0,23703
973.7232080494023,23704
1719.2262352686046,23705
396.14512571492656,23706
0.0,23707
0.0,23708
0.0,23709
0.0,23710
0.0,23711
0.0,23712
0.0,23713
0.0,23714
0.0,23715
0.0,23716
0.0,23717
0.0,23718
0.0,23719
0.0,23720
0.0,23721
0.0,23722
0.0,23723
1782.6135852948455,23724
0.0,23725
584.7310747933127,23726
0.0,23727
1375.5603835943248,23728
0.0,23729
0.0,23730
0.0,23731
0.0,23732
0.0,23733
0.0,23734
1471.4854196052272,23735
0.0,23736
0.0,23737
0.0,23738
0.0,23739
0.0,23740
847.1921955923091,23741
0.0,23742
0.0,23743
0.0,23744
0.0,23745
0.0,23746
0.0,23747
0.0,23748
0.0,23749
0.0,23750
0.0,23751
0.0,23752
0.0,23753
255.2840543144319,23754
0.0,23755
0.0,23756
0.0,23757
0.0,23758
0.0,23759
0.0,23760
0.0,23761
1786.5047714671255,23762
0.0,23763
0.0,23764
0.0,23765
0.0,23766
0.0,23767
567.6874030520044,23768
0.0,23769
903.3251246073426,23770
0.0,23771
1552.1551954893953,23772
0.0,23773
0.0,23774
0.0,23775
1285.8094556058545,23776
0.0,23777
0.0,23778
0.0,23779
0.0,23780
0.0,23781
0.0,23782
0.0,23783
0.0,23784
0.0,23785
0.0,23786
0.0,23787
0.0,23788
0.0,23789
0.0,23790
0.0,23791
0.0,23792
0.0,23793
0.0,23794
0.0,23795
11127.349998607842,23796
0.0,23797
3242.172152505792,23798
0.0,23799
0.0,23800
0.0,23801
0.0,23802
3408.5630130311624,23803
3389.0657697381766,23804
0.0,23805
4363.712753465041,23806
9643.643409330485,23807
0.0,23808
0.0,23809
0.0,23810
0.0,23811
0.0,23812
0.0,23813
0.0,23814
0.0,23815
0.0,23816
0.0,23817
0.0,23818
0.0,23819
0.0,23820
3102.0694975901706,23821
0.0,23822
0.0,23823
0.0,23824
0.0,23825
0.0,23826
0.0,23827
0.0,23828
0.0,23829
2721.0912544495245,23830
368.7674997101136,23831
0.0,23832
0.0,23833
0.0,23834
354.8818356678809,23835
0.0,23836
0.0,23837
0.0,23838
340.3991316006159,23839
291.71917131005955,23840
0.0,23841
442.12772577870186,23842
0.0,23843
0.0,23844
0.0,23845
0.0,23846
179.56321059472316,23847
0.0,23848
115.44957468833341,23849
99.10913869145836,23850
0.0,23851
0.0,23852
0.0,23853
0.0,23854
0.0,23855
0.0,23856
0.0,23857
0.0,23858
0.0,23859
0.0,23860
0.0,23861
0.0,23862
0.0,23863
0.0,23864
0.0,23865
0.0,23866
0.0,23867
0.0,23868
0.0,23869
0.0,23870
0.0,23871
0.0,23872
0.0,23873
0.0,23874
0.0,23875
0.0,23876
3245.720071004405,23877
1868.809800992339,23878
0.0,23879
2804.0972848423958,23880
2626.559334110563,23881
0.0,23882
0.0,23883
0.0,23884
0.0,23885
2457.321843754701,23886
0.0,23887
0.0,23888
0.0,23889
0.0,23890
0.0,23891
0.0,23892
0.0,23893
0.0,23894
0.0,23895
0.0,23896
0.0,23897
0.0,23898
0.0,23899
0.0,23900
2642.24443944973,23901
0.0,23902
3782.73915166704,23903
0.0,23904
0.0,23905
0.0,23906
0.0,23907
0.0,23908
0.0,23909
2865.2075417865403,23910
0.0,23911
0.0,23912
0.0,23913
1753.230716013906,23914
2553.5896739625255,23915
3944.01310580323,23916
3959.8015363129825,23917
0.0,23918
5895.350781838215,23919
0.0,23920
0.0,23921
0.0,23922
0.0,23923
0.0,23924
0.0,23925
0.0,23926
5652.833322826136,23927
0.0,23928
0.0,23929
0.0,23930
0.0,23931
0.0,23932
0.0,23933
0.0,23934
0.0,23935
0.0,23936
0.0,23937
0.0,23938
0.0,23939
0.0,23940
0.0,23941
0.0,23942
525.6068172005276,23943
0.0,23944
747.6604620052938,23945
0.0,23946
0.0,23947
0.0,23948
0.0,23949
0.0,23950
0.0,23951
0.0,23952
0.0,23953
0.0,23954
0.0,23955
1065.6321599072282,23956
1053.802855693765,23957
0.0,23958
0.0,23959
1706.3554424189408,23960
0.0,23961
0.0,23962
0.0,23963
0.0,23964
0.0,23965
0.0,23966
0.0,23967
0.0,23968
0.0,23969
0.0,23970
0.0,23971
0.0,23972
0.0,23973
0.0,23974
0.0,23975
0.0,23976
0.0,23977
0.0,23978
0.0,23979
0.0,23980
0.0,23981
0.0,23982
0.0,23983
144.24227098269972,23984
0.0,23985
0.0,23986
0.0,23987
0.0,23988
0.0,23989
0.0,23990
0.0,23991
0.0,23992
0.0,23993
0.0,23994
0.0,23995
0.0,23996
662.7478337606073,23997
0.0,23998
0.0,23999
0.0,24000
0.0,24001
0.0,24002
0.0,24003
0.0,24004
492.4223797282413,24005
195.58070726132428,24006
0.0,24007
0.0,24008
0.0,24009
0.0,24010
0.0,24011
1481.634200944665,24012
0.0,24013
0.0,24014
0.0,24015
0.0,24016
0.0,24017
0.0,24018
0.0,24019
0.0,24020
0.0,24021
0.0,24022
0.0,24023
0.0,24024
0.0,24025
0.0,24026
0.0,24027
0.0,24028
0.0,24029
0.0,24030
0.0,24031
0.0,24032
0.0,24033
0.0,24034
0.0,24035
0.0,24036
0.0,24037
0.0,24038
0.0,24039
0.0,24040
0.0,24041
0.0,24042
0.0,24043
0.0,24044
0.0,24045
0.0,24046
0.0,24047
0.0,24048
0.0,24049
0.0,24050
314.12470696457257,24051
0.0,24052
0.0,24053
438.55704013704803,24054
424.2794705620861,24055
410.02624835220587,24056
601.481401630805,24057
379.6989873325064,24058
466.5641354196967,24059
345.50164262333965,24060
0.0,24061
0.0,24062
0.0,24063
0.0,24064
0.0,24065
0.0,24066
0.0,24067
0.0,24068
0.0,24069
0.0,24070
0.0,24071
0.0,24072
0.0,24073
0.0,24074
0.0,24075
457.0495588612718,24076
0.0,24077
0.0,24078
0.0,24079
0.0,24080
0.0,24081
0.0,24082
0.0,24083
0.0,24084
0.0,24085
0.0,24086
0.0,24087
0.0,24088
0.0,24089
0.0,24090
0.0,24091
0.0,24092
0.0,24093
0.0,24094
755.1214573267309,24095
0.0,24096
743.8866520135712,24097
0.0,24098
452.53488572519444,24099
5267.816741339724,24100
0.0,24101
0.0,24102
0.0,24103
0.0,24104
0.0,24105
0.0,24106
0.0,24107
0.0,24108
0.0,24109
0.0,24110
0.0,24111
0.0,24112
0.0,24113
0.0,24114
0.0,24115
0.0,24116
0.0,24117
0.0,24118
0.0,24119
0.0,24120
0.0,24121
0.0,24122
0.0,24123
3066.733111081887,24124
0.0,24125
0.0,24126
0.0,24127
0.0,24128
0.0,24129
0.0,24130
0.0,24131
0.0,24132
0.0,24133
0.0,24134
0.0,24135
0.0,24136
0.0,24137
0.0,24138
0.0,24139
0.0,24140
0.0,24141
0.0,24142
0.0,24143
0.0,24144
0.0,24145
0.0,24146
0.0,24147
363.4356558317816,24148
0.0,24149
0.0,24150
0.0,24151
0.0,24152
0.0,24153
0.0,24154
0.0,24155
0.0,24156
0.0,24157
0.0,24158
733.9781627662439,24159
0.0,24160
0.0,24161
0.0,24162
0.0,24163
0.0,24164
0.0,24165
0.0,24166
0.0,24167
0.0,24168
0.0,24169
0.0,24170
0.0,24171
0.0,24172
0.0,24173
0.0,24174
0.0,24175
0.0,24176
1052.6320207973124,24177
0.0,24178
0.0,24179
0.0,24180
0.0,24181
0.0,24182
0.0,24183
787.3137058611113,24184
0.0,24185
0.0,24186
0.0,24187
0.0,24188
0.0,24189
0.0,24190
0.0,24191
0.0,24192
0.0,24193
0.0,24194
0.0,24195
0.0,24196
0.0,24197
0.0,24198
0.0,24199
0.0,24200
0.0,24201
0.0,24202
0.0,24203
0.0,24204
0.0,24205
0.0,24206
0.0,24207
0.0,24208
0.0,24209
0.0,24210
0.0,24211
0.0,24212
243.32222646081135,24213
0.0,24214
0.0,24215
0.0,24216
0.0,24217
0.0,24218
0.0,24219
0.0,24220
0.0,24221
0.0,24222
0.0,24223
0.0,24224
0.0,24225
0.0,24226
1106.972206614433,24227
0.0,24228
0.0,24229
0.0,24230
3737.2574687230067,24231
0.0,24232
0.0,24233
0.0,24234
0.0,24235
0.0,24236
892.9978653571155,24237
0.0,24238
0.0,24239
0.0,24240
0.0,24241
0.0,24242
0.0,24243
1097.552837596208,24244
27.294932383548986,24245
0.0,24246
6084.635046242089,24247
0.0,24248
7039.808318712773,24249
0.0,24250
1286.06126604167,24251
0.0,24252
1202.695494865176,24253
0.0,24254
154.14427111206376,24255
0.0,24256
0.0,24257
0.0,24258
0.0,24259
0.0,24260
0.0,24261
0.0,24262
0.0,24263
0.0,24264
0.0,24265
0.0,24266
931.8593517805937,24267
0.0,24268
0.0,24269
0.0,24270
94.1298987775241,24271
0.0,24272
0.0,24273
0.0,24274
1137.4292987339409,24275
0.0,24276
0.0,24277
0.0,24278
0.0,24279
0.0,24280
0.0,24281
0.0,24282
660.3804652763301,24283
0.0,24284
670.8867480941012,24285
0.0,24286
680.5369871608017,24287
0.0,24288
0.0,24289
0.0,24290
0.0,24291
0.0,24292
0.0,24293
0.0,24294
0.0,24295
0.0,24296
0.0,24297
689.199209716365,24298
0.0,24299
0.0,24300
0.0,24301
0.0,24302
670.5999138281398,24303
685.2502435171709,24304
678.4323606866852,24305
0.0,24306
1510.9450420588562,24307
0.0,24308
0.0,24309
0.0,24310
0.0,24311
0.0,24312
0.0,24313
0.0,24314
0.0,24315
0.0,24316
0.0,24317
991.0722764434997,24318
0.0,24319
0.0,24320
0.0,24321
0.0,24322
961.6605791331439,24323
0.0,24324
0.0,24325
453.1011571950546,24326
0.0,24327
3679.4128176508234,24328
630.9840669665276,24329
494.8913894036234,24330
3683.2249111453984,24331
0.0,24332
0.0,24333
946.9238081516446,24334
0.0,24335
2845.3315843462456,24336
0.0,24337
0.0,24338
0.0,24339
0.0,24340
0.0,24341
0.0,24342
0.0,24343
0.0,24344
0.0,24345
0.0,24346
0.0,24347
0.0,24348
0.0,24349
0.0,24350
851.4558919753694,24351
0.0,24352
0.0,24353
0.0,24354
0.0,24355
0.0,24356
0.0,24357
0.0,24358
0.0,24359
907.3274163488984,24360
0.0,24361
0.0,24362
0.0,24363
0.0,24364
0.0,24365
0.0,24366
0.0,24367
0.0,24368
0.0,24369
0.0,24370
0.0,24371
1251.3335706771072,24372
0.0,24373
0.0,24374
0.0,24375
586.1467813656577,24376
0.0,24377
0.0,24378
0.0,24379
0.0,24380
0.0,24381
0.0,24382
0.0,24383
0.0,24384
0.0,24385
0.0,24386
0.0,24387
0.0,24388
0.0,24389
0.0,24390
0.0,24391
0.0,24392
0.0,24393
0.0,24394
0.0,24395
0.0,24396
0.0,24397
0.0,24398
0.0,24399
0.0,24400
0.0,24401
0.0,24402
0.0,24403
0.0,24404
0.0,24405
0.0,24406
0.0,24407
0.0,24408
0.0,24409
0.0,24410
0.0,24411
0.0,24412
4249.800586339897,24413
0.0,24414
0.0,24415
0.0,24416
0.0,24417
625.0132884660189,24418
0.0,24419
603.9038198791849,24420
0.0,24421
0.0,24422
0.0,24423
0.0,24424
0.0,24425
0.0,24426
0.0,24427
0.0,24428
0.0,24429
583.6389935135292,24430
0.0,24431
0.0,24432
0.0,24433
0.0,24434
0.0,24435
0.0,24436
0.0,24437
0.0,24438
0.0,24439
0.0,24440
0.0,24441
0.0,24442
274.72817204529065,24443
0.0,24444
0.0,24445
1321.3378510540601,24446
0.0,24447
3159.794199852948,24448
0.0,24449
0.0,24450
0.0,24451
0.0,24452
0.0,24453
0.0,24454
0.0,24455
0.0,24456
0.0,24457
2108.275433842989,24458
1446.2879493797193,24459
318.8445688215401,24460
0.0,24461
0.0,24462
0.0,24463
0.0,24464
182.24079130963565,24465
0.0,24466
0.0,24467
0.0,24468
0.0,24469
0.0,24470
0.0,24471
0.0,24472
0.0,24473
0.0,24474
0.0,24475
0.0,24476
0.0,24477
0.0,24478
0.0,24479
0.0,24480
0.0,24481
0.0,24482
0.0,24483
1567.719849032602,24484
0.0,24485
0.0,24486
0.0,24487
0.0,24488
0.0,24489
0.0,24490
49.60016016113221,24491
0.0,24492
0.0,24493
0.0,24494
0.0,24495
0.0,24496
0.0,24497
0.0,24498
0.0,24499
1942.5335001390292,24500
0.0,24501
0.0,24502
0.0,24503
0.0,24504
0.0,24505
0.0,24506
1432.0279697977116,24507
1449.5738113294792,24508
12237.142745480436,24509
1974.3767808957894,24510
1998.78202547113,24511
0.0,24512
0.0,24513
1218.8391430535385,24514
0.0,24515
0.0,24516
0.0,24517
0.0,24518
0.0,24519
0.0,24520
1500.91627862887,24521
0.0,24522
0.0,24523
0.0,24524
0.0,24525
2289.9168692480775,24526
0.0,24527
0.0,24528
0.0,24529
2307.510283086071,24530
587.5248437041739,24531
0.0,24532
0.0,24533
0.0,24534
0.0,24535
0.0,24536
0.0,24537
0.0,24538
0.0,24539
0.0,24540
0.0,24541
0.0,24542
0.0,24543
0.0,24544
0.0,24545
0.0,24546
0.0,24547
0.0,24548
0.0,24549
473.4633396765474,24550
0.0,24551
243.42351391382388,24552
0.0,24553
0.0,24554
0.0,24555
0.0,24556
0.0,24557
0.0,24558
0.0,24559
0.0,24560
0.0,24561
0.0,24562
0.0,24563
1047.6476527832158,24564
0.0,24565
0.0,24566
0.0,24567
0.0,24568
0.0,24569
0.0,24570
0.0,24571
0.0,24572
2659.6974880116304,24573
0.0,24574
0.0,24575
0.0,24576
0.0,24577
0.0,24578
0.0,24579
0.0,24580
0.0,24581
0.0,24582
0.0,24583
0.0,24584
0.0,24585
0.0,24586
0.0,24587
0.0,24588
0.0,24589
0.0,24590
0.0,24591
0.0,24592
0.0,24593
0.0,24594
0.0,24595
0.0,24596
0.0,24597
0.0,24598
0.0,24599
0.0,24600
0.0,24601
0.0,24602
0.0,24603
0.0,24604
0.0,24605
0.0,24606
467.171110573563,24607
0.0,24608
0.0,24609
0.0,24610
0.0,24611
0.0,24612
0.0,24613
0.0,24614
0.0,24615
0.0,24616
0.0,24617
0.0,24618
0.0,24619
0.0,24620
0.0,24621
0.0,24622
0.0,24623
0.0,24624
0.0,24625
0.0,24626
580.4110811625975,24627
587.4502021820828,24628
0.0,24629
595.3545396013815,24630
604.3099325472169,24631
614.2079630715738,24632
691.9591065553151,24633
636.8666446941489,24634
0.0,24635
1383.1776516809864,24636
944.1486150892923,24637
1443.7793341641272,24638
0.0,24639
1446.6652885016529,24640
1383.9762403537175,24641
0.0,24642
1378.9523609832916,24643
1371.4353115067167,24644
1424.6731649572387,24645
1695.5389577514238,24646
0.0,24647
0.0,24648
5019.770935123959,24649
0.0,24650
1221.9598046592007,24651
4019.1305344860075,24652
356.2357040627807,24653
352.3071917127274,24654
312.7862479574356,24655
186.4312495909166,24656
183.98215489665677,24657
480.2037866893199,24658
0.0,24659
0.0,24660
2795.9628261561215,24661
0.0,24662
0.0,24663
2502.6827804207755,24664
0.0,24665
0.0,24666
0.0,24667
177.50722744909285,24668
261.07345583994874,24669
2112.4164177174257,24670
0.0,24671
222.4701083924642,24672
244.11939684562856,24673
0.0,24674
0.0,24675
0.0,24676
715.2983476117266,24677
0.0,24678
0.0,24679
0.0,24680
0.0,24681
0.0,24682
0.0,24683
0.0,24684
0.0,24685
0.0,24686
0.0,24687
425.28215818786276,24688
0.0,24689
0.0,24690
0.0,24691
0.0,24692
0.0,24693
0.0,24694
0.0,24695
0.0,24696
1209.4863793893774,24697
0.0,24698
0.0,24699
0.0,24700
0.0,24701
0.0,24702
0.0,24703
46.915613216188135,24704
764.9829285458322,24705
0.0,24706
0.0,24707
0.0,24708
0.0,24709
0.0,24710
0.0,24711
0.0,24712
0.0,24713
832.7215526039158,24714
0.0,24715
0.0,24716
0.0,24717
0.0,24718
0.0,24719
0.0,24720
0.0,24721
0.0,24722
0.0,24723
0.0,24724
0.0,24725
0.0,24726
0.0,24727
0.0,24728
0.0,24729
0.0,24730
0.0,24731
0.0,24732
0.0,24733
0.0,24734
0.0,24735
0.0,24736
103.269148578032,24737
0.0,24738
0.0,24739
0.0,24740
0.0,24741
0.0,24742
0.0,24743
0.0,24744
0.0,24745
0.0,24746
3308.6533251141195,24747
0.0,24748
0.0,24749
0.0,24750
0.0,24751
0.0,24752
519.4230069236283,24753
0.0,24754
1797.2240668343795,24755
2875.2128721114323,24756
5560.679473406272,24757
0.0,24758
0.0,24759
0.0,24760
0.0,24761
0.0,24762
0.0,24763
0.0,24764
0.0,24765
0.0,24766
701.8386981193914,24767
365.06946392473156,24768
772.3136289122901,24769
0.0,24770
894.982529545387,24771
898.9925211099877,24772
0.0,24773
901.998580080183,24774
0.0,24775
117.37412058626738,24776
1957.1489797271533,24777
0.0,24778
0.0,24779
244.6077240085851,24780
0.0,24781
256.4072311100183,24782
353.6717067469414,24783
0.0,24784
234.93241512967128,24785
0.0,24786
0.0,24787
0.0,24788
0.0,24789
0.0,24790
0.0,24791
0.0,24792
655.7716177734426,24793
649.8231988934532,24794
0.0,24795
849.5698459861633,24796
655.6436544717758,24797
0.0,24798
0.0,24799
836.6367118671064,24800
0.0,24801
0.0,24802
0.0,24803
216.62296857894728,24804
0.0,24805
0.0,24806
610.5391799984613,24807
18.33091346372082,24808
0.0,24809
0.0,24810
226.02332393721662,24811
0.0,24812
0.0,24813
0.0,24814
85.86955729739054,24815
0.0,24816
0.0,24817
70.23559528757714,24818
0.0,24819
0.0,24820
0.0,24821
0.0,24822
0.0,24823
0.0,24824
614.7413681776079,24825
0.0,24826
801.3423291048637,24827
65.52072627303706,24828
808.5009720701563,24829
0.0,24830
520.1740967615409,24831
0.0,24832
349.5870401532561,24833
0.0,24834
151.5248008648658,24835
178.09384089063715,24836
839.0685825055389,24837
0.0,24838
0.0,24839
662.5135495807889,24840
0.0,24841
0.0,24842
1567.2215906681017,24843
1573.6460696399295,24844
0.0,24845
0.0,24846
0.0,24847
0.0,24848
1610.0756661027488,24849
0.0,24850
0.0,24851
0.0,24852
0.0,24853
0.0,24854
0.0,24855
0.0,24856
0.0,24857
21.852346641753904,24858
0.0,24859
0.0,24860
0.0,24861
0.0,24862
0.0,24863
0.0,24864
0.0,24865
0.0,24866
0.0,24867
0.0,24868
760.5471823547092,24869
918.0735800521485,24870
0.0,24871
0.0,24872
0.0,24873
0.0,24874
1704.1607027316327,24875
254.4231183065457,24876
0.0,24877
0.0,24878
2409.5001487292348,24879
2433.7763014866887,24880
0.0,24881
1101.8933063782742,24882
1507.3559104495025,24883
3349.626735171933,24884
0.0,24885
0.0,24886
0.0,24887
1583.7105665314184,24888
0.0,24889
0.0,24890
0.0,24891
0.0,24892
1324.0778452271918,24893
0.0,24894
1479.1046499543263,24895
0.0,24896
0.0,24897
216.61819916805976,24898
0.0,24899
2385.1504819828224,24900
1112.2225524043927,24901
0.0,24902
0.0,24903
0.0,24904
42.295478838321316,24905
568.8575649865643,24906
1424.8245523164094,24907
694.5801505717258,24908
0.0,24909
0.0,24910
0.0,24911
1521.1693959055742,24912
1628.3268338463567,24913
0.0,24914
189.55249488567208,24915
2315.9142075263558,24916
0.0,24917
1447.1285087359608,24918
361.61573916729486,24919
0.0,24920
432.3016336581782,24921
0.0,24922
0.0,24923
0.0,24924
2474.729508139252,24925
0.0,24926
1093.8318687705605,24927
0.0,24928
0.0,24929
0.0,24930
0.0,24931
955.4091654303996,24932
0.0,24933
1389.1863534436338,24934
0.0,24935
1526.4293161112585,24936
0.0,24937
0.0,24938
936.4400656658268,24939
0.0,24940
0.0,24941
0.0,24942
0.0,24943
0.0,24944
0.0,24945
0.0,24946
0.0,24947
0.0,24948
0.0,24949
0.0,24950
0.0,24951
0.0,24952
0.0,24953
0.0,24954
0.0,24955
0.0,24956
0.0,24957
0.0,24958
0.0,24959
0.0,24960
0.0,24961
1085.6238786081096,24962
0.0,24963
0.0,24964
967.6122249520058,24965
0.0,24966
1867.007619169058,24967
863.0062260244015,24968
0.0,24969
0.0,24970
0.0,24971
0.0,24972
0.0,24973
0.0,24974
0.0,24975
1368.545409784946,24976
916.8907673195093,24977
0.0,24978
129.81123663645485,24979
0.0,24980
0.0,24981
0.0,24982
207.37551654444152,24983
0.0,24984
0.0,24985
0.0,24986
0.0,24987
0.0,24988
0.0,24989
0.0,24990
0.0,24991
0.0,24992
0.0,24993
0.0,24994
0.0,24995
0.0,24996
0.0,24997
0.0,24998
0.0,24999
0.0,25000
1067.288222287799,25001
0.0,25002
742.0007083957938,25003
862.4756541444259,25004
0.0,25005
0.0,25006
0.0,25007
0.0,25008
0.0,25009
0.0,25010
0.0,25011
1374.6934217327107,25012
0.0,25013
0.0,25014
0.0,25015
0.0,25016
0.0,25017
0.0,25018
0.0,25019
0.0,25020
0.0,25021
0.0,25022
0.0,25023
0.0,25024
0.0,25025
0.0,25026
0.0,25027
0.0,25028
0.0,25029
0.0,25030
0.0,25031
0.0,25032
0.0,25033
0.0,25034
0.0,25035
0.0,25036
0.0,25037
1317.436902924862,25038
0.0,25039
0.0,25040
0.0,25041
0.0,25042
0.0,25043
0.0,25044
0.0,25045
0.0,25046
0.0,25047
0.0,25048
0.0,25049
0.0,25050
0.0,25051
0.0,25052
0.0,25053
0.0,25054
0.0,25055
0.0,25056
0.0,25057
0.0,25058
0.0,25059
90.70241137778987,25060
0.0,25061
0.0,25062
0.0,25063
0.0,25064
58.837831577323364,25065
0.0,25066
0.0,25067
0.0,25068
0.0,25069
0.0,25070
0.0,25071
0.0,25072
0.0,25073
0.0,25074
0.0,25075
0.0,25076
2795.058376423337,25077
0.0,25078
0.0,25079
0.0,25080
0.0,25081
0.0,25082
0.0,25083
0.0,25084
1477.2005611016668,25085
0.0,25086
0.0,25087
0.0,25088
0.0,25089
0.0,25090
712.9315448156633,25091
600.3850911241173,25092
567.9628166810033,25093
0.0,25094
3098.057801226897,25095
0.0,25096
0.0,25097
0.0,25098
0.0,25099
1228.3852809717416,25100
0.0,25101
0.0,25102
0.0,25103
0.0,25104
0.0,25105
0.0,25106
0.0,25107
0.0,25108
0.0,25109
0.0,25110
0.0,25111
0.0,25112
0.0,25113
675.216442615893,25114
0.0,25115
0.0,25116
0.0,25117
0.0,25118
3456.3366673143014,25119
0.0,25120
0.0,25121
0.0,25122
0.0,25123
0.0,25124
0.0,25125
439.1642103903309,25126
0.0,25127
0.0,25128
0.0,25129
442.13383728697204,25130
0.0,25131
593.5224224160656,25132
0.0,25133
0.0,25134
0.0,25135
1184.3585487267362,25136
0.0,25137
0.0,25138
0.0,25139
0.0,25140
0.0,25141
0.0,25142
0.0,25143
0.0,25144
0.0,25145
0.0,25146
0.0,25147
0.0,25148
0.0,25149
0.0,25150
0.0,25151
0.0,25152
0.0,25153
1050.6565454833935,25154
0.0,25155
418.74600301974664,25156
0.0,25157
0.0,25158
0.0,25159
0.0,25160
0.0,25161
0.0,25162
0.0,25163
0.0,25164
0.0,25165
0.0,25166
0.0,25167
0.0,25168
0.0,25169
0.0,25170
0.0,25171
0.0,25172
0.0,25173
0.0,25174
0.0,25175
0.0,25176
302.58973326818466,25177
0.0,25178
0.0,25179
0.0,25180
1072.3522516611204,25181
0.0,25182
0.0,25183
0.0,25184
0.0,25185
0.0,25186
0.0,25187
150.7430506188535,25188
0.0,25189
0.0,25190
0.0,25191
0.0,25192
0.0,25193
0.0,25194
0.0,25195
0.0,25196
0.0,25197
0.0,25198
0.0,25199
0.0,25200
0.0,25201
0.0,25202
1520.5900254634903,25203
1539.956291395697,25204
2231.688197337003,25205
0.0,25206
0.0,25207
0.0,25208
0.0,25209
0.0,25210
0.0,25211
0.0,25212
0.0,25213
0.0,25214
853.6726823946034,25215
0.0,25216
0.0,25217
846.5859898460379,25218
840.0992682790968,25219
0.0,25220
0.0,25221
0.0,25222
0.0,25223
0.0,25224
0.0,25225
0.0,25226
652.7944585138083,25227
0.0,25228
0.0,25229
1102.0325714482942,25230
0.0,25231
0.0,25232
441.8830836168991,25233
0.0,25234
0.0,25235
202.6894200115836,25236
0.0,25237
0.0,25238
0.0,25239
0.0,25240
0.0,25241
0.0,25242
0.0,25243
0.0,25244
0.0,25245
0.0,25246
212.9955197692826,25247
234.3174737318265,25248
3675.8188184507494,25249
259.53391913481454,25250
0.0,25251
0.0,25252
0.0,25253
4313.9288733947,25254
0.0,25255
4324.2116938215595,25256
0.0,25257
0.0,25258
0.0,25259
0.0,25260
0.0,25261
0.0,25262
2378.8595331412903,25263
0.0,25264
0.0,25265
0.0,25266
0.0,25267
0.0,25268
0.0,25269
0.0,25270
2584.4092081729,25271
0.0,25272
0.0,25273
0.0,25274
0.0,25275
0.0,25276
0.0,25277
0.0,25278
0.0,25279
0.0,25280
4914.511162161819,25281
0.0,25282
0.0,25283
0.0,25284
0.0,25285
0.0,25286
0.0,25287
0.0,25288
0.0,25289
0.0,25290
0.0,25291
0.0,25292
0.0,25293
0.0,25294
0.0,25295
0.0,25296
0.0,25297
0.0,25298
0.0,25299
0.0,25300
0.0,25301
0.0,25302
0.0,25303
38.25696636472742,25304
76.87112881056866,25305
0.0,25306
0.0,25307
0.0,25308
0.0,25309
0.0,25310
0.0,25311
0.0,25312
0.0,25313
0.0,25314
0.0,25315
0.0,25316
0.0,25317
0.0,25318
0.0,25319
0.0,25320
0.0,25321
0.0,25322
0.0,25323
0.0,25324
0.0,25325
0.0,25326
0.0,25327
0.0,25328
0.0,25329
0.0,25330
0.0,25331
0.0,25332
143.38944696659073,25333
0.0,25334
0.0,25335
0.0,25336
0.0,25337
0.0,25338
0.0,25339
0.0,25340
0.0,25341
0.0,25342
0.0,25343
0.0,25344
0.0,25345
0.0,25346
0.0,25347
0.0,25348
0.0,25349
0.0,25350
0.0,25351
0.0,25352
0.0,25353
0.0,25354
0.0,25355
0.0,25356
0.0,25357
0.0,25358
0.0,25359
0.0,25360
0.0,25361
0.0,25362
0.0,25363
0.0,25364
0.0,25365
0.0,25366
0.0,25367
0.0,25368
0.0,25369
0.0,25370
0.0,25371
0.0,25372
0.0,25373
0.0,25374
0.0,25375
0.0,25376
0.0,25377
0.0,25378
0.0,25379
0.0,25380
0.0,25381
0.0,25382
0.0,25383
956.0048407161576,25384
0.0,25385
0.0,25386
0.0,25387
0.0,25388
0.0,25389
0.0,25390
0.0,25391
194.3982390867943,25392
0.0,25393
0.0,25394
0.0,25395
0.0,25396
0.0,25397
0.0,25398
0.0,25399
0.0,25400
1595.2803296782977,25401
0.0,25402
0.0,25403
0.0,25404
551.4148135587377,25405
0.0,25406
0.0,25407
0.0,25408
0.0,25409
0.0,25410
0.0,25411
0.0,25412
0.0,25413
0.0,25414
0.0,25415
0.0,25416
0.0,25417
0.0,25418
0.0,25419
0.0,25420
0.0,25421
0.0,25422
0.0,25423
0.0,25424
0.0,25425
0.0,25426
3582.9293593194234,25427
5040.583008163653,25428
0.0,25429
0.0,25430
0.0,25431
2642.3805197674405,25432
3257.6958227115783,25433
0.0,25434
0.0,25435
0.0,25436
0.0,25437
0.0,25438
0.0,25439
0.0,25440
0.0,25441
0.0,25442
0.0,25443
0.0,25444
150.74882034397663,25445
149.7794984491037,25446
0.0,25447
82.73413085677963,25448
0.0,25449
0.0,25450
1128.5988717264534,25451
0.0,25452
0.0,25453
0.0,25454
0.0,25455
0.0,25456
0.0,25457
0.0,25458
0.0,25459
0.0,25460
0.0,25461
0.0,25462
0.0,25463
0.0,25464
0.0,25465
0.0,25466
0.0,25467
0.0,25468
0.0,25469
0.0,25470
0.0,25471
0.0,25472
1182.735056733238,25473
0.0,25474
0.0,25475
1040.590555667511,25476
0.0,25477
0.0,25478
906.1628429971007,25479
0.0,25480
0.0,25481
0.0,25482
0.0,25483
0.0,25484
0.0,25485
0.0,25486
0.0,25487
0.0,25488
0.0,25489
0.0,25490
0.0,25491
0.0,25492
0.0,25493
0.0,25494
259.4459419296672,25495
0.0,25496
0.0,25497
0.0,25498
0.0,25499
0.0,25500
0.0,25501
448.74438916814114,25502
0.0,25503
0.0,25504
0.0,25505
0.0,25506
594.4334933307821,25507
0.0,25508
1057.1171942826177,25509
0.0,25510
0.0,25511
0.0,25512
0.0,25513
0.0,25514
0.0,25515
0.0,25516
0.0,25517
0.0,25518
0.0,25519
0.0,25520
3172.4149286999063,25521
0.0,25522
0.0,25523
0.0,25524
0.0,25525
0.0,25526
0.0,25527
1668.6894545608836,25528
0.0,25529
109.440041681564,25530
0.0,25531
0.0,25532
0.0,25533
0.0,25534
0.0,25535
24.09901682633302,25536
0.0,25537
0.0,25538
0.0,25539
0.0,25540
0.0,25541
0.0,25542
0.0,25543
0.0,25544
0.0,25545
0.0,25546
1412.0294739207536,25547
0.0,25548
0.0,25549
0.0,25550
0.0,25551
0.0,25552
0.0,25553
0.0,25554
0.0,25555
0.0,25556
0.0,25557
0.0,25558
0.0,25559
0.0,25560
0.0,25561
0.0,25562
0.0,25563
0.0,25564
0.0,25565
0.0,25566
0.0,25567
0.0,25568
0.0,25569
0.0,25570
0.0,25571
0.0,25572
1516.752829917738,25573
0.0,25574
0.0,25575
0.0,25576
0.0,25577
0.0,25578
0.0,25579
0.0,25580
0.0,25581
0.0,25582
0.0,25583
0.0,25584
0.0,25585
1155.6566461829577,25586
0.0,25587
0.0,25588
0.0,25589
0.0,25590
0.0,25591
0.0,25592
0.0,25593
0.0,25594
0.0,25595
12.857862736155607,25596
0.0,25597
0.0,25598
0.0,25599
0.0,25600
0.0,25601
0.0,25602
0.0,25603
0.0,25604
934.5489096590884,25605
0.0,25606
0.0,25607
0.0,25608
0.0,25609
0.0,25610
783.6110277053937,25611
797.9895735608095,25612
899.3192031499412,25613
622.0690297182136,25614
234.4038126733628,25615
0.0,25616
94.01311805345355,25617
2151.467593655971,25618
2149.2643383008244,25619
984.3805317507642,25620
727.6276753227211,25621
0.0,25622
0.0,25623
0.0,25624
0.0,25625
0.0,25626
0.0,25627
0.0,25628
1378.2792367501404,25629
1082.7191278907956,25630
0.0,25631
741.6123473714964,25632
2361.4822155598326,25633
2499.7431387273305,25634
0.0,25635
2591.869364048858,25636
2061.548004674629,25637
127.81927715321142,25638
0.0,25639
0.0,25640
2757.2603993419116,25641
0.0,25642
271.48293851063255,25643
0.0,25644
0.0,25645
0.0,25646
832.4596554095026,25647
0.0,25648
0.0,25649
0.0,25650
0.0,25651
0.0,25652
0.0,25653
0.0,25654
0.0,25655
0.0,25656
0.0,25657
0.0,25658
0.0,25659
0.0,25660
0.0,25661
0.0,25662
0.0,25663
1469.7600832227974,25664
1628.6839860931163,25665
0.0,25666
0.0,25667
0.0,25668
0.0,25669
121.6507408806075,25670
0.0,25671
220.88354077614346,25672
505.6936206117384,25673
209.50116414331305,25674
4632.017312527589,25675
0.0,25676
0.0,25677
96.31841677615192,25678
5439.511330000915,25679
1736.678104134375,25680
0.0,25681
1723.2987054729501,25682
0.0,25683
0.0,25684
0.0,25685
0.0,25686
3095.8122373892716,25687
236.923097011748,25688
0.0,25689
241.457819373074,25690
2737.7319720620335,25691
0.0,25692
59.99804125952251,25693
65.07588565522236,25694
139.11348880881636,25695
143.6806781789119,25696
338.98814438345545,25697
0.0,25698
2770.4415907059342,25699
0.0,25700
0.0,25701
0.0,25702
385.5427735425957,25703
0.0,25704
0.0,25705
501.2605453699057,25706
502.75485406543396,25707
382.3090210356851,25708
0.0,25709
371.4137527624618,25710
484.2766436290357,25711
230.05129482946307,25712
677.1382494694712,25713
946.8207618684015,25714
289.4223404639881,25715
1.9930626789461947,25716
640.3558645278856,25717
547.9441235175702,25718
0.0,25719
0.0,25720
0.0,25721
539.7938922706682,25722
0.0,25723
0.0,25724
0.0,25725
0.0,25726
0.0,25727
531.7531924638263,25728
0.0,25729
0.0,25730
303.2976862597788,25731
518.9821751523043,25732
0.0,25733
0.0,25734
0.0,25735
510.04348184130225,25736
0.0,25737
0.0,25738
0.0,25739
0.0,25740
382.4899489389693,25741
0.0,25742
0.0,25743
0.0,25744
0.0,25745
0.0,25746
0.0,25747
0.0,25748
0.0,25749
0.0,25750
0.0,25751
2662.888689389337,25752
0.0,25753
790.2542226464145,25754
133.55289930324562,25755
0.0,25756
0.0,25757
0.0,25758
0.0,25759
0.0,25760
0.0,25761
0.0,25762
452.68833537894307,25763
0.0,25764
0.0,25765
0.0,25766
0.0,25767
0.0,25768
0.0,25769
0.0,25770
0.0,25771
0.0,25772
0.0,25773
0.0,25774
0.0,25775
0.0,25776
0.0,25777
0.0,25778
0.0,25779
0.0,25780
0.0,25781
0.0,25782
0.0,25783
0.0,25784
0.0,25785
0.0,25786
0.0,25787
0.0,25788
0.0,25789
0.0,25790
0.0,25791
0.0,25792
0.0,25793
0.0,25794
0.0,25795
0.0,25796
0.0,25797
0.0,25798
14.31205734988311,25799
0.0,25800
0.0,25801
0.0,25802
523.3405693676266,25803
656.3319801664746,25804
0.0,25805
0.0,25806
0.0,25807
0.0,25808
0.0,25809
0.0,25810
0.0,25811
0.0,25812
0.0,25813
0.0,25814
0.0,25815
0.0,25816
0.0,25817
0.0,25818
0.0,25819
0.0,25820
0.0,25821
0.0,25822
0.0,25823
0.0,25824
0.0,25825
0.0,25826
0.0,25827
448.200384489432,25828
0.0,25829
2482.7259766947286,25830
0.0,25831
0.0,25832
0.0,25833
0.0,25834
0.0,25835
0.0,25836
0.0,25837
0.0,25838
0.0,25839
0.0,25840
0.0,25841
810.6666730082582,25842
4748.070686170657,25843
0.0,25844
0.0,25845
0.0,25846
0.0,25847
0.0,25848
0.0,25849
0.0,25850
0.0,25851
0.0,25852
1851.2391106333266,25853
0.0,25854
0.0,25855
0.0,25856
0.0,25857
0.0,25858
49.145793333102816,25859
0.0,25860
0.0,25861
0.0,25862
990.8047821128137,25863
0.0,25864
0.0,25865
0.0,25866
0.0,25867
0.0,25868
0.0,25869
0.0,25870
2475.7187594522716,25871
790.2454311849607,25872
0.0,25873
178.31311284934617,25874
423.6583008148123,25875
0.0,25876
0.0,25877
169.43556333669167,25878
0.0,25879
1567.4125238513468,25880
0.0,25881
1306.2065551567864,25882
0.0,25883
0.0,25884
0.0,25885
0.0,25886
0.0,25887
0.0,25888
1299.7966912989402,25889
0.0,25890
0.0,25891
0.0,25892
1100.6270118827008,25893
0.0,25894
0.0,25895
0.0,25896
0.0,25897
0.0,25898
0.0,25899
331.88044381684426,25900
681.5733931679209,25901
0.0,25902
0.0,25903
685.6865542001972,25904
853.6948150308721,25905
0.0,25906
1733.015868666575,25907
0.0,25908
0.0,25909
0.0,25910
153.58980076775478,25911
0.0,25912
156.64166642086352,25913
0.0,25914
159.2033962110335,25915
161.11982631396185,25916
162.4404419379103,25917
0.0,25918
0.0,25919
0.0,25920
0.0,25921
0.0,25922
0.0,25923
0.0,25924
0.0,25925
0.0,25926
0.0,25927
373.8156696062844,25928
640.1031483507008,25929
544.9692866970098,25930
0.0,25931
0.0,25932
0.0,25933
108.91944381408273,25934
0.0,25935
0.0,25936
0.0,25937
0.0,25938
0.0,25939
34.63050654593074,25940
1050.595303994653,25941
0.0,25942
0.0,25943
0.0,25944
0.0,25945
0.0,25946
0.0,25947
0.0,25948
0.0,25949
0.0,25950
0.0,25951
0.0,25952
0.0,25953
0.0,25954
0.0,25955
0.0,25956
0.0,25957
0.0,25958
0.0,25959
0.0,25960
0.0,25961
0.0,25962
0.0,25963
0.0,25964
0.0,25965
0.0,25966
0.0,25967
0.0,25968
0.0,25969
0.0,25970
0.0,25971
0.0,25972
0.0,25973
471.91068479534977,25974
0.0,25975
0.0,25976
0.0,25977
0.0,25978
0.0,25979
0.0,25980
0.0,25981
249.32731714588152,25982
0.0,25983
0.0,25984
0.0,25985
0.0,25986
0.0,25987
7394.656523095046,25988
0.0,25989
0.0,25990
1378.7230153500454,25991
0.0,25992
0.0,25993
1504.7896295109,25994
0.0,25995
0.0,25996
0.0,25997
0.0,25998
0.0,25999
0.0,26000
0.0,26001
2608.8314535660184,26002
0.0,26003
435.83014894792285,26004
0.0,26005
0.0,26006
420.8569443613457,26007
0.0,26008
1651.2648770640849,26009
0.0,26010
0.0,26011
0.0,26012
0.0,26013
0.0,26014
2752.948735293584,26015
0.0,26016
437.8737161388383,26017
0.0,26018
0.0,26019
0.0,26020
0.0,26021
0.0,26022
0.0,26023
0.0,26024
0.0,26025
0.0,26026
0.0,26027
0.0,26028
1564.7330741633957,26029
0.0,26030
0.0,26031
0.0,26032
0.0,26033
0.0,26034
3592.217671353123,26035
0.0,26036
2483.105985853809,26037
1341.6623873579342,26038
0.0,26039
0.0,26040
0.912258258898895,26041
0.0,26042
0.0,26043
0.0,26044
0.0,26045
1995.2674308086564,26046
0.0,26047
0.0,26048
0.0,26049
0.0,26050
0.0,26051
0.0,26052
0.0,26053
0.0,26054
0.0,26055
0.0,26056
52.66882630046442,26057
0.0,26058
0.0,26059
0.0,26060
0.0,26061
0.0,26062
0.0,26063
0.0,26064
0.0,26065
0.0,26066
0.0,26067
0.0,26068
0.0,26069
1393.340938231666,26070
3781.3715981968126,26071
0.0,26072
0.0,26073
0.0,26074
0.0,26075
0.0,26076
0.0,26077
0.0,26078
0.0,26079
0.0,26080
0.0,26081
0.0,26082
0.0,26083
0.0,26084
0.0,26085
0.0,26086
0.0,26087
0.0,26088
0.0,26089
2546.143022019718,26090
0.0,26091
0.0,26092
0.0,26093
2546.5128881491364,26094
2128.6766875285884,26095
0.0,26096
0.0,26097
0.0,26098
3087.1713755765304,26099
0.0,26100
0.0,26101
0.0,26102
0.0,26103
0.0,26104
0.0,26105
0.0,26106
0.0,26107
0.0,26108
0.0,26109
0.0,26110
0.0,26111
0.0,26112
0.0,26113
0.0,26114
0.0,26115
0.0,26116
0.0,26117
0.0,26118
0.0,26119
0.0,26120
0.0,26121
0.0,26122
0.0,26123
0.0,26124
0.0,26125
0.0,26126
0.0,26127
0.0,26128
0.0,26129
0.0,26130
0.0,26131
0.0,26132
0.0,26133
0.0,26134
0.0,26135
0.0,26136
0.0,26137
0.0,26138
0.0,26139
0.0,26140
0.0,26141
0.0,26142
0.0,26143
3079.21939880146,26144
0.0,26145
0.0,26146
3065.0953687339893,26147
0.0,26148
0.0,26149
0.0,26150
0.0,26151
0.0,26152
0.0,26153
1643.4779227377114,26154
0.0,26155
0.0,26156
0.0,26157
0.0,26158
0.0,26159
0.0,26160
0.0,26161
0.0,26162
0.0,26163
0.0,26164
1238.0551742715943,26165
0.0,26166
0.0,26167
0.0,26168
0.0,26169
0.0,26170
0.0,26171
0.0,26172
0.0,26173
0.0,26174
0.0,26175
0.0,26176
0.0,26177
0.0,26178
1892.3811776727098,26179
0.0,26180
0.0,26181
1356.7286436565691,26182
3260.1847993557835,26183
0.0,26184
0.0,26185
0.0,26186
0.0,26187
0.0,26188
0.0,26189
263.27439343189604,26190
0.0,26191
0.0,26192
0.0,26193
0.0,26194
0.0,26195
0.0,26196
0.0,26197
0.0,26198
0.0,26199
2554.7727442734354,26200
0.0,26201
0.0,26202
0.0,26203
0.0,26204
0.0,26205
0.0,26206
0.0,26207
0.0,26208
615.7825776725352,26209
4510.688754383395,26210
0.0,26211
0.0,26212
0.0,26213
0.0,26214
0.0,26215
0.0,26216
0.0,26217
0.0,26218
587.2940704261207,26219
42.827192834693996,26220
637.6436410682795,26221
0.0,26222
0.0,26223
6.61766371607915,26224
0.0,26225
3331.3779156995156,26226
0.0,26227
43.776661626327204,26228
0.0,26229
666.3450477938059,26230
0.0,26231
0.0,26232
0.0,26233
0.0,26234
0.0,26235
1075.162713981936,26236
4906.125978341344,26237
584.9285748975757,26238
3432.9623769410605,26239
478.23944513879246,26240
0.0,26241
0.0,26242
0.0,26243
0.0,26244
2524.4288743828765,26245
0.0,26246
0.0,26247
1275.4611127336918,26248
0.0,26249
48.78147158320451,26250
0.0,26251
0.0,26252
0.0,26253
0.0,26254
1607.2652548933918,26255
0.0,26256
0.0,26257
0.0,26258
0.0,26259
0.0,26260
404.2324219894592,26261
0.0,26262
2639.7198022750035,26263
0.0,26264
0.0,26265
0.0,26266
0.0,26267
0.0,26268
0.0,26269
0.0,26270
0.0,26271
0.0,26272
0.0,26273
0.0,26274
0.0,26275
0.0,26276
0.0,26277
0.0,26278
0.0,26279
0.0,26280
0.0,26281
0.0,26282
0.0,26283
0.0,26284
0.0,26285
0.0,26286
0.0,26287
0.0,26288
1907.8911225852355,26289
5377.751187275257,26290
0.0,26291
0.0,26292
0.0,26293
0.0,26294
1709.299292789204,26295
0.0,26296
0.0,26297
0.0,26298
0.0,26299
0.0,26300
254.98659074764103,26301
0.0,26302
0.0,26303
0.0,26304
0.0,26305
909.020318284986,26306
0.0,26307
0.0,26308
0.0,26309
1082.4617840274689,26310
0.0,26311
0.0,26312
0.0,26313
0.0,26314
0.0,26315
0.0,26316
0.0,26317
0.0,26318
0.0,26319
0.0,26320
0.0,26321
0.0,26322
0.0,26323
0.0,26324
0.0,26325
0.0,26326
0.0,26327
0.0,26328
2061.7041442864975,26329
0.0,26330
0.0,26331
0.0,26332
0.0,26333
0.0,26334
0.0,26335
0.0,26336
0.0,26337
0.0,26338
0.0,26339
0.0,26340
0.0,26341
0.0,26342
0.0,26343
0.0,26344
0.0,26345
0.0,26346
0.0,26347
0.0,26348
736.3575585856637,26349
0.0,26350
0.0,26351
0.0,26352
1817.0015095213087,26353
0.0,26354
0.0,26355
0.0,26356
0.0,26357
531.5638263908718,26358
0.0,26359
0.0,26360
0.0,26361
0.0,26362
0.0,26363
0.0,26364
0.0,26365
0.0,26366
0.0,26367
0.0,26368
0.0,26369
0.0,26370
0.0,26371
0.0,26372
0.0,26373
0.0,26374
0.0,26375
0.0,26376
0.0,26377
1154.7412750326337,26378
0.0,26379
0.0,26380
0.0,26381
0.0,26382
145.23612069631486,26383
0.0,26384
0.0,26385
0.0,26386
0.0,26387
0.0,26388
0.0,26389
0.0,26390
0.0,26391
0.0,26392
3429.045982915562,26393
0.0,26394
0.0,26395
143.68059755792322,26396
0.0,26397
0.0,26398
59.7566218710109,26399
0.0,26400
0.0,26401
0.0,26402
0.0,26403
0.0,26404
0.0,26405
0.0,26406
0.0,26407
0.0,26408
0.0,26409
0.0,26410
0.0,26411
0.0,26412
1067.579021966529,26413
0.0,26414
2916.291968090395,26415
0.0,26416
0.0,26417
0.0,26418
0.0,26419
533.8060803223271,26420
3090.3649411196716,26421
1102.3026301264783,26422
0.0,26423
2220.8900885889857,26424
0.0,26425
3287.919002501884,26426
0.0,26427
0.0,26428
0.0,26429
3744.9243204677755,26430
2213.0389103228463,26431
0.0,26432
0.0,26433
0.0,26434
0.0,26435
0.0,26436
4775.9590076213135,26437
0.0,26438
2107.757092407434,26439
2153.671637327586,26440
1294.3344974785757,26441
0.0,26442
0.0,26443
0.0,26444
0.0,26445
0.0,26446
0.0,26447
0.0,26448
0.0,26449
1946.782015630735,26450
0.0,26451
0.0,26452
2870.94790383155,26453
0.0,26454
694.4211926781559,26455
0.0,26456
328.8718552207334,26457
0.0,26458
2782.701474848514,26459
0.0,26460
0.0,26461
0.0,26462
0.0,26463
0.0,26464
0.0,26465
0.0,26466
0.0,26467
0.0,26468
0.0,26469
0.0,26470
0.0,26471
0.0,26472
0.0,26473
802.0308604753761,26474
0.0,26475
0.0,26476
0.0,26477
0.0,26478
0.0,26479
0.0,26480
0.0,26481
0.0,26482
0.0,26483
0.0,26484
0.0,26485
0.0,26486
0.0,26487
150.64466061427572,26488
0.0,26489
0.0,26490
0.0,26491
136.49557198144194,26492
0.0,26493
1516.5005475965925,26494
2436.7362051073933,26495
1511.4864579510008,26496
1622.4682350056228,26497
1500.9910947162766,26498
1601.3581917762324,26499
1791.7922438275252,26500
1590.5455049637342,26501
0.0,26502
0.0,26503
0.0,26504
1652.0426527548125,26505
0.0,26506
0.0,26507
717.6855039273726,26508
1164.8482790051871,26509
1158.2286252104166,26510
743.8741088175663,26511
0.0,26512
193.40436696617436,26513
0.0,26514
1027.0155206226893,26515
0.0,26516
0.0,26517
911.6165007616593,26518
1167.4717281821302,26519
913.176707742794,26520
1170.5921543529782,26521
0.0,26522
0.0,26523
0.0,26524
0.0,26525
0.0,26526
1122.7813339939612,26527
3842.7109736692837,26528
0.0,26529
4536.2165245416645,26530
0.0,26531
0.0,26532
2563.6599922486685,26533
0.0,26534
2057.0923707953557,26535
2076.435825608753,26536
2095.5026407085247,26537
1534.4404633623858,26538
0.0,26539
1326.0870437658855,26540
0.0,26541
1536.6968923155273,26542
1539.3637920659162,26543
0.0,26544
1858.494974294913,26545
3037.099446145858,26546
0.0,26547
0.0,26548
1257.4856256653968,26549
1255.8461422152818,26550
0.0,26551
1395.614518405589,26552
0.0,26553
2716.9346340436027,26554
1367.9683293819533,26555
0.0,26556
0.0,26557
0.0,26558
474.6273496383698,26559
3115.4451421085437,26560
0.0,26561
2470.567879635021,26562
0.0,26563
0.0,26564
0.0,26565
0.0,26566
0.0,26567
0.0,26568
0.0,26569
1577.2675759856993,26570
0.0,26571
0.0,26572
0.0,26573
0.0,26574
1521.8258436427486,26575
0.0,26576
0.0,26577
3463.6112679346807,26578
3489.509520294061,26579
4185.6521994081,26580
0.0,26581
0.0,26582
0.0,26583
0.0,26584
720.4460309579857,26585
0.0,26586
0.0,26587
0.0,26588
0.0,26589
0.0,26590
0.0,26591
0.0,26592
0.0,26593
0.0,26594
0.0,26595
0.0,26596
0.0,26597
2264.995723368894,26598
0.0,26599
0.0,26600
0.0,26601
0.0,26602
0.0,26603
0.0,26604
0.0,26605
0.0,26606
0.0,26607
0.0,26608
0.0,26609
0.0,26610
0.0,26611
0.0,26612
0.0,26613
0.0,26614
0.0,26615
0.0,26616
0.0,26617
0.0,26618
0.0,26619
0.0,26620
0.0,26621
0.0,26622
0.0,26623
0.0,26624
0.0,26625
0.0,26626
0.0,26627
0.0,26628
0.0,26629
0.0,26630
0.0,26631
0.0,26632
0.0,26633
0.0,26634
0.0,26635
0.0,26636
0.0,26637
0.0,26638
0.0,26639
0.0,26640
0.0,26641
0.0,26642
0.0,26643
1177.8711010205484,26644
0.0,26645
0.0,26646
0.0,26647
0.0,26648
0.0,26649
0.0,26650
187.30426340706984,26651
0.0,26652
0.0,26653
0.0,26654
0.0,26655
0.0,26656
0.0,26657
1581.6303663103681,26658
0.0,26659
0.0,26660
0.0,26661
0.0,26662
0.0,26663
0.0,26664
0.0,26665
0.0,26666
0.0,26667
0.0,26668
0.0,26669
0.0,26670
5.850204788118123,26671
0.0,26672
0.0,26673
0.0,26674
0.0,26675
0.0,26676
0.0,26677
0.0,26678
0.0,26679
0.0,26680
115.63323064041393,26681
0.0,26682
0.0,26683
0.0,26684
0.0,26685
0.0,26686
0.0,26687
0.0,26688
0.0,26689
0.0,26690
0.0,26691
0.0,26692
0.0,26693
0.0,26694
0.0,26695
0.0,26696
0.0,26697
0.0,26698
0.0,26699
0.0,26700
0.0,26701
0.0,26702
0.0,26703
0.0,26704
0.0,26705
0.0,26706
0.0,26707
0.0,26708
0.0,26709
0.0,26710
0.0,26711
0.0,26712
0.0,26713
0.0,26714
0.0,26715
0.0,26716
0.0,26717
0.0,26718
0.0,26719
0.0,26720
0.0,26721
0.0,26722
0.0,26723
0.0,26724
0.0,26725
0.0,26726
0.0,26727
0.0,26728
0.0,26729
0.0,26730
0.0,26731
0.0,26732
0.0,26733
0.0,26734
0.0,26735
0.0,26736
0.0,26737
0.0,26738
0.0,26739
0.0,26740
0.0,26741
0.0,26742
0.0,26743
0.0,26744
0.0,26745
0.0,26746
0.0,26747
0.0,26748
0.0,26749
0.0,26750
0.0,26751
0.0,26752
0.0,26753
0.0,26754
0.0,26755
0.0,26756
0.0,26757
0.0,26758
0.0,26759
0.0,26760
0.0,26761
0.0,26762
0.0,26763
0.0,26764
0.0,26765
0.0,26766
0.0,26767
0.0,26768
0.0,26769
0.0,26770
0.0,26771
0.0,26772
0.0,26773
0.0,26774
0.0,26775
0.0,26776
0.0,26777
0.0,26778
0.0,26779
0.0,26780
0.0,26781
0.0,26782
0.0,26783
0.0,26784
0.0,26785
0.0,26786
0.0,26787
0.0,26788
0.0,26789
0.0,26790
0.0,26791
0.0,26792
0.0,26793
0.0,26794
0.0,26795
0.0,26796
0.0,26797
0.0,26798
0.0,26799
0.0,26800
0.0,26801
0.0,26802
0.0,26803
0.0,26804
0.0,26805
0.0,26806
0.0,26807
0.0,26808
0.0,26809
0.0,26810
0.0,26811
0.0,26812
0.0,26813
0.0,26814
0.0,26815
0.0,26816
0.0,26817
0.0,26818
0.0,26819
0.0,26820
0.0,26821
0.0,26822
0.0,26823
0.0,26824
0.0,26825
0.0,26826
0.0,26827
0.0,26828
0.0,26829
0.0,26830
0.0,26831
0.0,26832
0.0,26833
0.0,26834
0.0,26835
0.0,26836
0.0,26837
0.0,26838
0.0,26839
0.0,26840
0.0,26841
0.0,26842
0.0,26843
0.0,26844
0.0,26845
6384.462771217635,26846
0.0,26847
0.0,26848
0.0,26849
0.0,26850
0.0,26851
0.0,26852
0.0,26853
0.0,26854
0.0,26855
0.0,26856
0.0,26857
0.0,26858
0.0,26859
0.0,26860
0.0,26861
598.6394651787639,26862
0.0,26863
0.0,26864
0.0,26865
0.0,26866
2321.720486714084,26867
0.0,26868
0.0,26869
0.0,26870
0.0,26871
0.0,26872
0.0,26873
0.0,26874
0.0,26875
0.0,26876
0.0,26877
0.0,26878
0.0,26879
0.0,26880
0.0,26881
0.0,26882
0.0,26883
0.0,26884
0.0,26885
590.5841258351918,26886
3427.555502283909,26887
495.5006959551693,26888
13.280759318734592,26889
4417.180271604287,26890
0.0,26891
0.0,26892
0.0,26893
0.0,26894
0.0,26895
0.0,26896
0.0,26897
1185.7590987850517,26898
0.0,26899
0.0,26900
348.63062761025594,26901
0.0,26902
0.0,26903
0.0,26904
0.0,26905
0.0,26906
0.0,26907
0.0,26908
0.0,26909
565.3966477375601,26910
0.0,26911
488.42226623505667,26912
0.0,26913
0.0,26914
1037.7501708118104,26915
0.0,26916
0.0,26917
504.7379688249005,26918
6335.996078007129,26919
0.0,26920
3128.9462036925047,26921
0.0,26922
3528.8483037318742,26923
306.0563162342067,26924
0.0,26925
233.9510764389044,26926
245.3056267496955,26927
0.0,26928
256.4694290576066,26929
0.0,26930
0.0,26931
1745.6941721184426,26932
1085.1966227305618,26933
0.0,26934
0.0,26935
0.0,26936
0.0,26937
0.0,26938
0.0,26939
0.0,26940
0.0,26941
0.0,26942
0.0,26943
0.0,26944
0.0,26945
0.0,26946
0.0,26947
0.0,26948
0.0,26949
0.0,26950
0.0,26951
0.0,26952
0.0,26953
0.0,26954
0.0,26955
0.0,26956
0.0,26957
0.0,26958
0.0,26959
0.0,26960
0.0,26961
0.0,26962
0.0,26963
0.0,26964
0.0,26965
0.0,26966
0.0,26967
0.0,26968
0.0,26969
0.0,26970
463.0935945128623,26971
0.0,26972
1662.6127318794381,26973
0.0,26974
2347.165778004531,26975
0.0,26976
4115.157786551514,26977
0.0,26978
0.0,26979
0.0,26980
0.0,26981
0.0,26982
0.0,26983
0.0,26984
0.0,26985
0.0,26986
0.0,26987
0.0,26988
0.0,26989
0.0,26990
0.0,26991
0.0,26992
0.0,26993
0.0,26994
0.0,26995
0.0,26996
0.0,26997
0.0,26998
0.0,26999
0.0,27000
0.0,27001
0.0,27002
0.0,27003
0.0,27004
0.0,27005
274.8172886112458,27006
386.08565938619677,27007
0.0,27008
3658.150066085205,27009
0.0,27010
0.0,27011
0.0,27012
0.0,27013
0.0,27014
0.0,27015
1513.095322890037,27016
693.0814366063673,27017
538.7894858156434,27018
0.0,27019
0.0,27020
0.0,27021
0.0,27022
0.0,27023
0.0,27024
705.828781603726,27025
0.0,27026
0.0,27027
0.0,27028
0.0,27029
0.0,27030
0.0,27031
0.0,27032
0.0,27033
0.0,27034
0.0,27035
0.0,27036
287.0688102017847,27037
0.0,27038
545.592910123685,27039
0.0,27040
0.0,27041
926.3146788472061,27042
0.0,27043
0.0,27044
0.0,27045
0.0,27046
0.0,27047
0.0,27048
0.0,27049
1389.1337871612025,27050
1441.161437442362,27051
588.5783732511209,27052
0.0,27053
2255.6608667850924,27054
0.0,27055
0.0,27056
0.0,27057
0.0,27058
0.0,27059
0.0,27060
0.0,27061
1312.0932099355682,27062
0.0,27063
0.0,27064
0.0,27065
0.0,27066
0.0,27067
0.0,27068
0.0,27069
0.0,27070
0.0,27071
0.0,27072
0.0,27073
0.0,27074
0.0,27075
0.0,27076
0.0,27077
0.0,27078
0.0,27079
0.0,27080
0.0,27081
0.0,27082
0.0,27083
0.0,27084
0.0,27085
0.0,27086
0.0,27087
0.0,27088
0.0,27089
0.0,27090
323.02000993258866,27091
0.0,27092
0.0,27093
0.0,27094
0.0,27095
0.0,27096
0.0,27097
0.0,27098
0.0,27099
0.0,27100
0.0,27101
0.0,27102
0.0,27103
0.0,27104
0.0,27105
1943.567611715972,27106
0.0,27107
1397.38247754413,27108
1946.4817688923229,27109
0.0,27110
0.0,27111
0.0,27112
1421.6804965356353,27113
0.0,27114
0.0,27115
0.0,27116
0.0,27117
0.0,27118
0.0,27119
0.0,27120
0.0,27121
0.0,27122
0.0,27123
0.0,27124
0.0,27125
0.0,27126
0.0,27127
0.0,27128
0.0,27129
0.0,27130
0.0,27131
4301.807741669232,27132
0.0,27133
0.0,27134
0.0,27135
4310.8205910246415,27136
0.0,27137
952.3108258591603,27138
2326.7960424715075,27139
0.0,27140
0.0,27141
0.0,27142
0.0,27143
0.0,27144
0.0,27145
0.0,27146
0.0,27147
0.0,27148
0.0,27149
0.0,27150
3151.228952822255,27151
0.0,27152
0.0,27153
0.0,27154
0.0,27155
0.0,27156
0.0,27157
0.0,27158
0.0,27159
0.0,27160
0.0,27161
0.0,27162
0.0,27163
0.0,27164
0.0,27165
0.0,27166
0.0,27167
0.0,27168
0.0,27169
0.0,27170
0.0,27171
0.0,27172
0.0,27173
0.0,27174
0.0,27175
0.0,27176
0.0,27177
0.0,27178
441.1213246506946,27179
0.0,27180
0.0,27181
0.0,27182
0.0,27183
0.0,27184
0.0,27185
63.09064274325079,27186
0.0,27187
0.0,27188
0.0,27189
0.0,27190
0.0,27191
0.0,27192
0.0,27193
0.0,27194
0.0,27195
0.0,27196
0.0,27197
0.0,27198
0.0,27199
0.0,27200
0.0,27201
0.0,27202
0.0,27203
0.0,27204
0.0,27205
0.0,27206
0.0,27207
0.0,27208
0.0,27209
0.0,27210
0.0,27211
0.0,27212
0.0,27213
0.0,27214
0.0,27215
0.0,27216
1325.523303759983,27217
0.0,27218
0.0,27219
0.0,27220
0.0,27221
0.0,27222
0.0,27223
0.0,27224
0.0,27225
0.0,27226
0.0,27227
0.0,27228
0.0,27229
0.0,27230
0.0,27231
2094.775383055768,27232
1993.1255816858345,27233
2166.7759070441625,27234
0.0,27235
1926.306689273351,27236
2039.2241253980478,27237
1922.5228085963888,27238
0.0,27239
0.0,27240
0.0,27241
0.0,27242
0.0,27243
580.5180194246811,27244
0.0,27245
705.3022480630019,27246
0.0,27247
2087.256329241595,27248
0.0,27249
1443.8137323543872,27250
0.0,27251
0.0,27252
0.0,27253
0.0,27254
0.0,27255
0.0,27256
0.0,27257
1535.664019164486,27258
2122.9291939035743,27259
0.0,27260
1187.3174152198415,27261
1253.53399392782,27262
0.0,27263
1391.883712794958,27264
0.0,27265
1173.3626619790382,27266
1165.6415748296276,27267
1156.3768836539584,27268
0.0,27269
0.0,27270
0.0,27271
0.0,27272
746.0850557329754,27273
0.0,27274
0.0,27275
0.0,27276
0.0,27277
0.0,27278
1204.488640977022,27279
0.0,27280
4047.1471526784376,27281
0.0,27282
0.0,27283
0.0,27284
248.7585900313174,27285
0.0,27286
0.0,27287
0.0,27288
0.0,27289
0.0,27290
0.0,27291
0.0,27292
0.0,27293
0.0,27294
0.0,27295
0.0,27296
0.0,27297
1518.2629694098894,27298
386.96096694350194,27299
0.0,27300
0.0,27301
0.0,27302
0.0,27303
0.0,27304
0.0,27305
0.0,27306
0.0,27307
366.7534686695876,27308
0.0,27309
878.978651627241,27310
0.0,27311
0.0,27312
2779.5250764400034,27313
0.0,27314
0.0,27315
2767.861989197894,27316
3161.6669498724896,27317
1144.408783282698,27318
1221.6745569512839,27319
0.0,27320
1196.0908781573096,27321
0.0,27322
0.0,27323
0.0,27324
0.0,27325
0.0,27326
0.0,27327
0.0,27328
0.0,27329
0.0,27330
6065.583494123763,27331
0.0,27332
0.0,27333
0.0,27334
0.0,27335
0.0,27336
3733.3331908064274,27337
0.0,27338
0.0,27339
0.0,27340
0.0,27341
1803.098675155194,27342
0.0,27343
398.5377799318844,27344
0.0,27345
0.0,27346
0.0,27347
0.0,27348
0.0,27349
0.0,27350
414.36110752913663,27351
0.0,27352
0.0,27353
403.9669954000521,27354
0.0,27355
0.0,27356
395.0245149209872,27357
0.0,27358
387.48545269051533,27359
0.0,27360
0.0,27361
0.0,27362
0.0,27363
0.0,27364
0.0,27365
0.0,27366
0.0,27367
0.0,27368
0.0,27369
0.0,27370
0.0,27371
0.0,27372
0.0,27373
0.0,27374
0.0,27375
0.0,27376
0.0,27377
0.0,27378
0.0,27379
0.0,27380
113.14089162111651,27381
300.120636299269,27382
0.0,27383
0.0,27384
0.0,27385
0.0,27386
0.0,27387
0.0,27388
0.0,27389
0.0,27390
0.0,27391
0.0,27392
0.0,27393
2539.6810995577703,27394
0.0,27395
0.0,27396
0.0,27397
0.0,27398
0.0,27399
0.0,27400
0.0,27401
0.0,27402
0.0,27403
0.0,27404
0.0,27405
0.0,27406
0.0,27407
0.0,27408
0.0,27409
0.0,27410
0.0,27411
0.0,27412
0.0,27413
0.0,27414
0.0,27415
0.0,27416
0.0,27417
0.0,27418
0.0,27419
0.0,27420
0.0,27421
0.0,27422
0.0,27423
0.0,27424
0.0,27425
0.0,27426
0.0,27427
0.0,27428
0.0,27429
0.0,27430
0.0,27431
313.67317347160326,27432
0.0,27433
0.0,27434
0.0,27435
0.0,27436
0.0,27437
0.0,27438
0.0,27439
3524.3223295209195,27440
0.0,27441
0.0,27442
0.0,27443
0.0,27444
0.0,27445
0.0,27446
0.0,27447
0.0,27448
0.0,27449
0.0,27450
0.0,27451
0.0,27452
0.0,27453
0.0,27454
0.0,27455
0.0,27456
0.0,27457
0.0,27458
0.0,27459
0.0,27460
0.0,27461
0.0,27462
0.0,27463
0.0,27464
0.0,27465
5650.517015622086,27466
0.0,27467
0.0,27468
0.0,27469
0.0,27470
0.0,27471
0.0,27472
0.0,27473
0.0,27474
0.0,27475
0.0,27476
0.0,27477
0.0,27478
0.0,27479
0.0,27480
0.0,27481
0.0,27482
0.0,27483
0.0,27484
0.0,27485
0.0,27486
0.0,27487
0.0,27488
0.0,27489
0.0,27490
0.0,27491
0.0,27492
0.0,27493
0.0,27494
0.0,27495
0.0,27496
0.0,27497
0.0,27498
0.0,27499
0.0,27500
0.0,27501
0.0,27502
0.0,27503
0.0,27504
0.0,27505
0.0,27506
0.0,27507
0.0,27508
0.0,27509
0.0,27510
0.0,27511
0.0,27512
0.0,27513
0.0,27514
0.0,27515
0.0,27516
0.0,27517
0.0,27518
0.0,27519
0.0,27520
0.0,27521
0.0,27522
0.0,27523
0.0,27524
0.0,27525
0.0,27526
0.0,27527
0.0,27528
0.0,27529
2489.609688519975,27530
0.0,27531
0.0,27532
0.0,27533
0.0,27534
0.0,27535
0.0,27536
0.0,27537
0.0,27538
0.0,27539
0.0,27540
0.0,27541
0.0,27542
0.0,27543
0.0,27544
0.0,27545
0.0,27546
0.0,27547
0.0,27548
0.0,27549
0.0,27550
0.0,27551
0.0,27552
0.0,27553
0.0,27554
0.0,27555
0.0,27556
0.0,27557
0.0,27558
0.0,27559
0.0,27560
0.0,27561
0.0,27562
0.0,27563
0.0,27564
0.0,27565
0.0,27566
0.0,27567
0.0,27568
0.0,27569
0.0,27570
0.0,27571
0.0,27572
0.0,27573
0.0,27574
0.0,27575
0.0,27576
0.0,27577
0.0,27578
0.0,27579
0.0,27580
0.0,27581
0.0,27582
0.0,27583
0.0,27584
0.0,27585
0.0,27586
0.0,27587
0.0,27588
0.0,27589
0.0,27590
0.0,27591
0.0,27592
0.0,27593
0.0,27594
0.0,27595
0.0,27596
0.0,27597
0.0,27598
0.0,27599
0.0,27600
0.0,27601
0.0,27602
0.0,27603
0.0,27604
0.0,27605
0.0,27606
0.0,27607
0.0,27608
0.0,27609
0.0,27610
0.0,27611
0.0,27612
0.0,27613
0.0,27614
0.0,27615
0.0,27616
0.0,27617
0.0,27618
0.0,27619
0.0,27620
0.0,27621
0.0,27622
0.0,27623
0.0,27624
0.0,27625
0.0,27626
0.0,27627
0.0,27628
0.0,27629
0.0,27630
0.0,27631
0.0,27632
0.0,27633
0.0,27634
0.0,27635
0.0,27636
0.0,27637
0.0,27638
0.0,27639
0.0,27640
0.0,27641
0.0,27642
0.0,27643
0.0,27644
0.0,27645
0.0,27646
0.0,27647
0.0,27648
0.0,27649
0.0,27650
0.0,27651
0.0,27652
0.0,27653
0.0,27654
0.0,27655
0.0,27656
0.0,27657
0.0,27658
5038.149185133257,27659
0.0,27660
0.0,27661
0.0,27662
0.0,27663
290.4964758396672,27664
0.0,27665
0.0,27666
37.69309303009433,27667
0.0,27668
2188.9979438029313,27669
0.0,27670
181.66963594745138,27671
0.0,27672
0.0,27673
0.0,27674
0.0,27675
0.0,27676
0.0,27677
0.0,27678
0.0,27679
0.0,27680
0.0,27681
0.0,27682
0.0,27683
0.0,27684
0.0,27685
0.0,27686
0.0,27687
0.0,27688
0.0,27689
0.0,27690
0.0,27691
0.0,27692
0.0,27693
0.0,27694
0.0,27695
0.0,27696
0.0,27697
0.0,27698
0.0,27699
0.0,27700
0.0,27701
0.0,27702
0.0,27703
0.0,27704
0.0,27705
0.0,27706
0.0,27707
0.0,27708
0.0,27709
0.0,27710
0.0,27711
0.0,27712
1128.522762653445,27713
0.0,27714
2533.9332259531584,27715
0.0,27716
0.0,27717
0.0,27718
69.28205263713836,27719
0.0,27720
0.0,27721
0.0,27722
0.0,27723
0.0,27724
0.0,27725
0.0,27726
0.0,27727
0.0,27728
0.0,27729
0.0,27730
0.0,27731
0.0,27732
0.0,27733
0.0,27734
0.0,27735
0.0,27736
0.0,27737
0.0,27738
0.0,27739
0.0,27740
0.0,27741
0.0,27742
0.0,27743
0.0,27744
0.0,27745
0.0,27746
0.0,27747
0.0,27748
0.0,27749
0.0,27750
0.0,27751
0.0,27752
0.0,27753
0.0,27754
0.0,27755
0.0,27756
0.0,27757
0.0,27758
0.0,27759
0.0,27760
0.0,27761
0.0,27762
1453.9036013387451,27763
1509.353921207716,27764
0.0,27765
384.7606700273521,27766
2818.607084216728,27767
0.0,27768
0.0,27769
0.0,27770
0.0,27771
0.0,27772
0.0,27773
0.0,27774
0.0,27775
0.0,27776
0.0,27777
284.82655977294706,27778
260.80317387046324,27779
0.0,27780
0.0,27781
0.0,27782
0.0,27783
1681.8128778449825,27784
0.0,27785
0.0,27786
0.0,27787
0.0,27788
0.0,27789
0.0,27790
0.0,27791
0.0,27792
5.13689787916363,27793
0.0,27794
605.4509281776225,27795
0.0,27796
342.7554549862713,27797
0.0,27798
0.0,27799
0.0,27800
181.30482861356725,27801
0.0,27802
0.0,27803
0.0,27804
0.0,27805
0.23072206873202936,27806
0.0,27807
0.0,27808
0.0,27809
0.0,27810
0.0,27811
0.0,27812
181.7113045804759,27813
1451.3654836364801,27814
94.94923915986551,27815
0.0,27816
231.67496903358554,27817
1145.272758037704,27818
0.0,27819
0.0,27820
0.0,27821
68.28394090529962,27822
0.0,27823
67.75981080827022,27824
0.0,27825
0.0,27826
0.0,27827
243.8874588776543,27828
0.0,27829
0.0,27830
0.0,27831
0.0,27832
0.0,27833
0.0,27834
0.0,27835
0.0,27836
557.1306605071221,27837
0.0,27838
0.0,27839
0.0,27840
0.0,27841
0.0,27842
0.0,27843
0.0,27844
0.0,27845
0.0,27846
0.0,27847
130.05065374777683,27848
0.0,27849
0.0,27850
0.0,27851
0.0,27852
0.0,27853
0.0,27854
0.0,27855
2028.7563768064442,27856
0.0,27857
0.0,27858
0.0,27859
0.0,27860
0.0,27861
0.0,27862
0.0,27863
0.0,27864
0.0,27865
0.0,27866
0.0,27867
0.0,27868
0.0,27869
0.0,27870
0.0,27871
0.0,27872
0.0,27873
467.9666291931719,27874
0.0,27875
0.0,27876
0.0,27877
0.0,27878
0.0,27879
0.0,27880
0.0,27881
0.0,27882
0.0,27883
0.0,27884
351.3841289978131,27885
1717.7225802395465,27886
0.0,27887
1620.7224339532183,27888
0.0,27889
0.0,27890
0.0,27891
0.0,27892
0.0,27893
0.0,27894
0.0,27895
0.0,27896
0.0,27897
0.0,27898
0.0,27899
0.0,27900
0.0,27901
0.0,27902
0.0,27903
0.0,27904
0.0,27905
0.0,27906
0.0,27907
0.0,27908
0.0,27909
0.0,27910
0.0,27911
0.0,27912
347.2694859283879,27913
0.0,27914
0.0,27915
0.0,27916
0.0,27917
0.0,27918
0.0,27919
0.0,27920
0.0,27921
454.02020305154525,27922
0.0,27923
0.0,27924
0.0,27925
0.0,27926
0.0,27927
0.0,27928
0.0,27929
0.0,27930
145.98768450165937,27931
298.54463788878076,27932
0.0,27933
0.0,27934
0.0,27935
0.0,27936
0.0,27937
0.0,27938
0.0,27939
0.0,27940
0.0,27941
0.0,27942
0.0,27943
0.0,27944
0.0,27945
0.0,27946
0.0,27947
0.0,27948
0.0,27949
0.0,27950
0.0,27951
0.0,27952
0.0,27953
0.0,27954
0.0,27955
0.0,27956
0.0,27957
0.0,27958
0.0,27959
0.0,27960
0.0,27961
0.0,27962
0.0,27963
0.0,27964
0.0,27965
0.0,27966
0.0,27967
0.0,27968
342.2360916974064,27969
0.0,27970
0.0,27971
0.0,27972
0.0,27973
36.56325461913059,27974
0.0,27975
0.0,27976
0.0,27977
0.0,27978
0.0,27979
0.0,27980
0.0,27981
0.0,27982
0.0,27983
0.0,27984
0.0,27985
0.0,27986
0.0,27987
0.0,27988
0.0,27989
0.0,27990
0.0,27991
0.0,27992
0.0,27993
0.0,27994
0.0,27995
0.0,27996
0.0,27997
0.0,27998
0.0,27999
0.0,28000
0.0,28001
0.0,28002
0.0,28003
0.0,28004
0.0,28005
0.0,28006
0.0,28007
0.0,28008
0.0,28009
0.0,28010
0.0,28011
0.0,28012
0.0,28013
0.0,28014
0.0,28015
0.0,28016
0.0,28017
0.0,28018
0.0,28019
0.0,28020
0.0,28021
0.0,28022
0.0,28023
0.0,28024
0.0,28025
0.0,28026
631.8218163316558,28027
0.0,28028
0.0,28029
0.0,28030
4064.957356721937,28031
0.0,28032
0.0,28033
0.0,28034
0.0,28035
0.0,28036
0.0,28037
0.0,28038
0.0,28039
0.0,28040
0.0,28041
0.0,28042
0.0,28043
0.0,28044
0.0,28045
0.0,28046
0.0,28047
0.0,28048
0.0,28049
0.0,28050
0.0,28051
0.0,28052
0.0,28053
0.0,28054
1609.8138330492525,28055
0.0,28056
118.34768373757791,28057
796.1319766561539,28058
0.0,28059
0.0,28060
0.0,28061
0.0,28062
0.0,28063
0.0,28064
0.0,28065
0.0,28066
1078.349425085039,28067
0.0,28068
0.0,28069
0.0,28070
0.0,28071
0.0,28072
0.0,28073
0.0,28074
0.0,28075
0.0,28076
0.0,28077
0.0,28078
0.0,28079
0.0,28080
0.0,28081
0.0,28082
0.0,28083
0.0,28084
0.0,28085
0.0,28086
0.0,28087
0.0,28088
0.0,28089
0.0,28090
0.0,28091
0.0,28092
0.0,28093
0.0,28094
0.0,28095
0.0,28096
0.0,28097
0.0,28098
0.0,28099
0.0,28100
0.0,28101
0.0,28102
0.0,28103
0.0,28104
0.0,28105
0.0,28106
0.0,28107
0.0,28108
0.0,28109
0.0,28110
0.0,28111
0.0,28112
0.0,28113
0.0,28114
0.0,28115
0.0,28116
0.0,28117
0.0,28118
0.0,28119
0.0,28120
0.0,28121
0.0,28122
0.0,28123
0.0,28124
0.0,28125
0.0,28126
9372.08400339948,28127
0.0,28128
0.0,28129
0.0,28130
0.0,28131
0.0,28132
0.0,28133
0.0,28134
0.0,28135
0.0,28136
0.0,28137
0.0,28138
0.0,28139
0.0,28140
0.0,28141
0.0,28142
0.0,28143
0.0,28144
892.0434669144194,28145
0.0,28146
0.0,28147
0.0,28148
0.0,28149
0.0,28150
0.0,28151
0.0,28152
0.0,28153
0.0,28154
0.0,28155
0.0,28156
0.0,28157
0.0,28158
0.0,28159
0.0,28160
0.0,28161
0.0,28162
0.0,28163
0.0,28164
0.0,28165
0.0,28166
0.0,28167
0.0,28168
0.0,28169
0.0,28170
0.0,28171
0.0,28172
0.0,28173
0.0,28174
0.0,28175
0.0,28176
0.0,28177
0.0,28178
0.0,28179
0.0,28180
0.0,28181
0.0,28182
0.0,28183
0.0,28184
0.0,28185
0.0,28186
0.0,28187
0.0,28188
0.0,28189
0.0,28190
0.0,28191
0.0,28192
0.0,28193
0.0,28194
0.0,28195
0.0,28196
0.0,28197
0.0,28198
0.0,28199
0.0,28200
0.0,28201
0.0,28202
0.0,28203
0.0,28204
0.0,28205
0.0,28206
0.0,28207
0.0,28208
0.0,28209
0.0,28210
0.0,28211
0.0,28212
0.0,28213
0.0,28214
0.0,28215
0.0,28216
0.0,28217
0.0,28218
0.0,28219
0.0,28220
0.0,28221
0.0,28222
0.0,28223
0.0,28224
0.0,28225
0.0,28226
0.0,28227
0.0,28228
0.0,28229
0.0,28230
0.0,28231
0.0,28232
0.0,28233
0.0,28234
0.0,28235
0.0,28236
0.0,28237
0.0,28238
0.0,28239
0.0,28240
0.0,28241
0.0,28242
0.0,28243
0.0,28244
0.0,28245
0.0,28246
0.0,28247
0.0,28248
0.0,28249
0.0,28250
0.0,28251
0.0,28252
0.0,28253
0.0,28254
0.0,28255
0.0,28256
0.0,28257
0.0,28258
0.0,28259
0.0,28260
0.0,28261
0.0,28262
0.0,28263
0.0,28264
0.0,28265
0.0,28266
0.0,28267
0.0,28268
0.0,28269
0.0,28270
0.0,28271
0.0,28272
0.0,28273
0.0,28274
0.0,28275
0.0,28276
0.0,28277
0.0,28278
0.0,28279
0.0,28280
0.0,28281
0.0,28282
0.0,28283
0.0,28284
0.0,28285
0.0,28286
0.0,28287
0.0,28288
0.0,28289
0.0,28290
0.0,28291
0.0,28292
0.0,28293
0.0,28294
0.0,28295
0.0,28296
0.0,28297
0.0,28298
1306.8298304028508,28299
1296.9829811255977,28300
0.0,28301
0.0,28302
0.0,28303
0.0,28304
1287.8214966271642,28305
0.0,28306
0.0,28307
0.0,28308
0.0,28309
0.0,28310
0.0,28311
0.0,28312
0.0,28313
0.0,28314
0.0,28315
0.0,28316
0.0,28317
0.0,28318
0.0,28319
0.0,28320
0.0,28321
0.0,28322
0.0,28323
0.0,28324
0.0,28325
0.0,28326
0.0,28327
0.0,28328
0.0,28329
0.0,28330
0.0,28331
0.0,28332
0.0,28333
0.0,28334
0.0,28335
0.0,28336
0.0,28337
0.0,28338
0.0,28339
0.0,28340
0.0,28341
0.0,28342
0.0,28343
0.0,28344
831.9668354647252,28345
0.0,28346
0.0,28347
0.0,28348
0.0,28349
0.0,28350
0.0,28351
0.0,28352
0.0,28353
0.0,28354
0.0,28355
0.0,28356
0.0,28357
0.0,28358
0.0,28359
0.0,28360
0.0,28361
8983.383966203595,28362
0.0,28363
0.0,28364
0.0,28365
0.0,28366
0.0,28367
0.0,28368
0.0,28369
0.0,28370
0.0,28371
0.0,28372
0.0,28373
0.0,28374
0.0,28375
0.0,28376
0.0,28377
0.0,28378
0.0,28379
0.0,28380
0.0,28381
0.0,28382
1367.5122772394086,28383
0.0,28384
0.0,28385
1310.7975593198973,28386
0.0,28387
0.0,28388
0.0,28389
275.56111546426024,28390
0.0,28391
0.0,28392
0.0,28393
0.0,28394
0.0,28395
0.0,28396
0.0,28397
0.0,28398
0.0,28399
0.0,28400
0.0,28401
0.0,28402
0.0,28403
0.0,28404
0.0,28405
0.0,28406
0.0,28407
0.0,28408
0.0,28409
0.0,28410
0.0,28411
0.0,28412
0.0,28413
358.84147070213083,28414
2546.4789228629284,28415
0.0,28416
0.0,28417
0.0,28418
0.0,28419
0.0,28420
0.0,28421
0.0,28422
0.0,28423
776.2105338735513,28424
0.0,28425
0.0,28426
1451.1562693989279,28427
0.0,28428
0.0,28429
0.0,28430
0.0,28431
0.0,28432
0.0,28433
0.0,28434
990.6820525918054,28435
0.0,28436
0.0,28437
286.1066629306351,28438
1043.8232392117018,28439
0.0,28440
0.0,28441
954.0403174284631,28442
944.3416221722662,28443
0.0,28444
0.0,28445
0.0,28446
0.0,28447
0.0,28448
0.0,28449
0.0,28450
0.0,28451
0.0,28452
1794.8875373852525,28453
0.0,28454
496.49717404048283,28455
1018.9409716184947,28456
0.0,28457
2217.575267940774,28458
0.0,28459
360.6928914090043,28460
0.0,28461
698.8694916501697,28462
0.0,28463
0.0,28464
0.0,28465
359.15874162715977,28466
0.0,28467
0.0,28468
264.30736512142175,28469
0.0,28470
0.0,28471
0.0,28472
0.0,28473
0.0,28474
974.879803218905,28475
0.0,28476
0.0,28477
0.0,28478
739.9528066185356,28479
0.0,28480
0.0,28481
0.0,28482
77.21428225896692,28483
0.0,28484
0.0,28485
4068.9198432059493,28486
0.0,28487
222.87718021992123,28488
2802.6453808841457,28489
0.0,28490
84.05741997845107,28491
0.0,28492
0.0,28493
0.0,28494
0.0,28495
0.0,28496
0.0,28497
0.0,28498
0.0,28499
0.0,28500
0.0,28501
0.0,28502
0.0,28503
0.0,28504
0.0,28505
0.0,28506
0.0,28507
0.0,28508
0.0,28509
191.37384949255645,28510
0.0,28511
0.0,28512
0.0,28513
0.0,28514
0.0,28515
0.0,28516
0.0,28517
0.0,28518
0.0,28519
0.0,28520
0.0,28521
0.0,28522
1714.0454636573925,28523
1301.7986030051436,28524
0.0,28525
0.0,28526
3052.28193704485,28527
2640.274010781262,28528
0.0,28529
0.0,28530
0.0,28531
0.0,28532
0.0,28533
0.0,28534
0.0,28535
0.0,28536
0.0,28537
0.0,28538
0.0,28539
0.0,28540
0.0,28541
0.0,28542
0.0,28543
0.0,28544
0.0,28545
0.0,28546
0.0,28547
0.0,28548
0.0,28549
0.0,28550
0.0,28551
0.0,28552
0.0,28553
0.0,28554
0.0,28555
0.0,28556
0.0,28557
0.0,28558
0.0,28559
0.0,28560
0.0,28561
0.0,28562
0.0,28563
814.9401420094074,28564
0.0,28565
0.0,28566
288.3386690429866,28567
0.0,28568
0.0,28569
0.0,28570
0.0,28571
0.0,28572
0.0,28573
0.0,28574
0.0,28575
0.0,28576
0.0,28577
0.0,28578
0.0,28579
0.0,28580
0.0,28581
0.0,28582
0.0,28583
0.0,28584
0.0,28585
0.0,28586
1071.3972035834697,28587
0.0,28588
1093.2038945058323,28589
0.0,28590
0.0,28591
0.0,28592
0.0,28593
0.0,28594
0.0,28595
0.0,28596
0.0,28597
0.0,28598
0.0,28599
0.0,28600
0.0,28601
0.0,28602
0.0,28603
746.1498838902819,28604
0.0,28605
0.0,28606
0.0,28607
0.0,28608
0.0,28609
0.0,28610
0.0,28611
0.0,28612
0.0,28613
0.0,28614
0.0,28615
0.0,28616
0.0,28617
0.0,28618
0.0,28619
0.0,28620
0.0,28621
0.0,28622
0.0,28623
0.0,28624
0.0,28625
0.0,28626
0.0,28627
0.0,28628
1658.6246456132762,28629
0.0,28630
0.0,28631
0.0,28632
0.0,28633
0.0,28634
0.0,28635
0.0,28636
1656.309386111042,28637
538.9917681782324,28638
0.0,28639
137.9393610655412,28640
0.0,28641
0.0,28642
0.0,28643
0.0,28644
0.0,28645
0.0,28646
0.0,28647
0.0,28648
0.0,28649
0.0,28650
0.0,28651
0.0,28652
0.0,28653
0.0,28654
865.3950981628155,28655
0.0,28656
0.0,28657
0.0,28658
597.7946408365165,28659
0.0,28660
0.0,28661
0.0,28662
0.0,28663
0.0,28664
0.0,28665
0.0,28666
0.0,28667
906.275680570083,28668
0.0,28669
0.0,28670
0.0,28671
0.0,28672
0.0,28673
0.0,28674
0.0,28675
0.0,28676
0.0,28677
0.0,28678
0.0,28679
0.0,28680
0.0,28681
0.0,28682
0.0,28683
0.0,28684
0.0,28685
880.5851784671278,28686
2278.894927797925,28687
2343.3409071964884,28688
1798.1267091218508,28689
3514.0576510573096,28690
0.0,28691
0.0,28692
1717.6225970228923,28693
0.0,28694
964.4465086471932,28695
0.0,28696
0.0,28697
0.0,28698
0.0,28699
0.0,28700
434.42399438822895,28701
1279.4567856078922,28702
0.0,28703
0.0,28704
0.0,28705
0.0,28706
0.0,28707
0.0,28708
0.0,28709
0.0,28710
0.0,28711
0.0,28712
0.0,28713
0.0,28714
0.0,28715
0.0,28716
0.0,28717
0.0,28718
0.0,28719
0.0,28720
0.0,28721
0.0,28722
0.0,28723
0.0,28724
0.0,28725
0.0,28726
0.0,28727
0.0,28728
0.0,28729
0.0,28730
0.0,28731
0.0,28732
0.0,28733
0.0,28734
0.0,28735
0.0,28736
0.0,28737
0.0,28738
0.0,28739
0.0,28740
1547.8486321653677,28741
0.0,28742
0.0,28743
3088.9349020266477,28744
4633.568973183375,28745
0.0,28746
0.0,28747
0.0,28748
0.0,28749
0.0,28750
0.0,28751
0.0,28752
0.0,28753
0.0,28754
0.0,28755
0.0,28756
24.197301303036475,28757
0.0,28758
0.0,28759
358.8598251704272,28760
360.03973293930056,28761
0.0,28762
678.7714020208911,28763
182.3594982135367,28764
0.0,28765
0.0,28766
0.0,28767
0.0,28768
490.6305461422657,28769
0.0,28770
0.0,28771
0.0,28772
0.0,28773
0.0,28774
0.0,28775
0.0,28776
0.0,28777
0.0,28778
0.0,28779
0.0,28780
0.0,28781
0.0,28782
6714.553629020788,28783
0.0,28784
0.0,28785
0.0,28786
0.0,28787
0.0,28788
0.0,28789
0.0,28790
0.0,28791
890.0604093967382,28792
1304.779550614661,28793
0.0,28794
0.0,28795
0.0,28796
0.0,28797
0.0,28798
0.0,28799
143.96686729803298,28800
0.0,28801
0.0,28802
0.0,28803
0.0,28804
54.13961694310891,28805
1424.6987176732785,28806
0.0,28807
0.0,28808
0.0,28809
0.0,28810
0.0,28811
436.9360403557253,28812
1621.458947848069,28813
158.73868066126025,28814
1651.2782931322756,28815
0.0,28816
0.0,28817
0.0,28818
0.0,28819
0.0,28820
0.0,28821
1149.7273073355925,28822
0.0,28823
0.0,28824
2497.7670551565648,28825
0.0,28826
0.0,28827
0.0,28828
0.0,28829
0.0,28830
0.0,28831
0.0,28832
0.0,28833
2212.1317703774507,28834
0.0,28835
397.2637231126775,28836
0.0,28837
0.0,28838
1119.2919077497827,28839
0.0,28840
1017.2760745882565,28841
2628.1207790307053,28842
0.0,28843
0.0,28844
0.0,28845
0.0,28846
0.0,28847
0.0,28848
0.0,28849
739.205058377655,28850
3791.032569443395,28851
0.0,28852
0.0,28853
0.0,28854
0.0,28855
2520.250533822435,28856
3637.0415253452056,28857
2458.8560353573494,28858
0.0,28859
422.0487238253258,28860
0.0,28861
732.1874289661359,28862
724.3078708894465,28863
0.0,28864
0.0,28865
0.0,28866
0.0,28867
579.0344420769463,28868
582.0549697637898,28869
0.0,28870
1512.381046793203,28871
0.0,28872
0.0,28873
832.730433255416,28874
841.1864017958344,28875
77.34953443792726,28876
0.0,28877
0.0,28878
0.0,28879
0.0,28880
0.0,28881
0.0,28882
0.0,28883
0.0,28884
0.0,28885
0.0,28886
0.0,28887
0.0,28888
0.0,28889
16.975087890783648,28890
0.0,28891
0.0,28892
0.0,28893
0.0,28894
0.0,28895
296.8139122618507,28896
613.0333462403545,28897
1107.2279154597015,28898
541.4947227082625,28899
2330.7533511533866,28900
0.0,28901
1439.213575356753,28902
865.8448086566174,28903
0.0,28904
2240.1063670293183,28905
0.0,28906
0.0,28907
367.43181613783423,28908
0.0,28909
0.0,28910
987.382308792989,28911
0.0,28912
0.0,28913
0.0,28914
0.0,28915
0.0,28916
0.0,28917
0.0,28918
0.0,28919
0.0,28920
0.0,28921
0.0,28922
0.0,28923
0.0,28924
0.0,28925
0.0,28926
0.0,28927
0.0,28928
0.0,28929
0.0,28930
0.0,28931
0.0,28932
0.0,28933
0.0,28934
0.0,28935
0.0,28936
0.0,28937
0.0,28938
0.0,28939
0.0,28940
0.0,28941
0.0,28942
0.0,28943
0.0,28944
0.0,28945
0.0,28946
0.0,28947
0.0,28948
0.0,28949
0.0,28950
0.0,28951
0.0,28952
0.0,28953
0.0,28954
0.0,28955
0.0,28956
0.0,28957
0.0,28958
0.0,28959
0.0,28960
0.0,28961
0.0,28962
0.0,28963
0.0,28964
0.0,28965
0.0,28966
4849.964085254681,28967
0.0,28968
0.0,28969
0.0,28970
0.0,28971
0.0,28972
0.0,28973
0.0,28974
1537.1622559193872,28975
0.0,28976
0.0,28977
0.0,28978
0.0,28979
0.0,28980
0.0,28981
0.0,28982
0.0,28983
0.0,28984
0.0,28985
0.0,28986
0.0,28987
595.4428189596658,28988
0.0,28989
0.0,28990
401.28550982953374,28991
0.0,28992
0.0,28993
0.0,28994
0.0,28995
0.0,28996
0.0,28997
0.0,28998
0.0,28999
0.0,29000
0.0,29001
0.0,29002
0.0,29003
0.0,29004
0.0,29005
0.0,29006
0.0,29007
0.0,29008
0.0,29009
0.0,29010
0.0,29011
0.0,29012
0.0,29013
0.0,29014
0.0,29015
0.0,29016
0.0,29017
0.0,29018
0.0,29019
0.0,29020
0.0,29021
0.0,29022
0.0,29023
0.0,29024
0.0,29025
0.0,29026
0.0,29027
0.0,29028
0.0,29029
0.0,29030
0.0,29031
0.0,29032
0.0,29033
0.0,29034
4525.041024778144,29035
0.0,29036
0.0,29037
0.0,29038
0.0,29039
0.0,29040
494.5403731797745,29041
0.0,29042
0.0,29043
0.0,29044
0.0,29045
0.0,29046
0.0,29047
0.0,29048
0.0,29049
0.0,29050
0.0,29051
0.0,29052
0.0,29053
0.0,29054
0.0,29055
1043.9658733604017,29056
0.0,29057
0.0,29058
0.0,29059
0.0,29060
0.0,29061
0.0,29062
0.0,29063
0.0,29064
0.0,29065
0.0,29066
0.0,29067
0.0,29068
0.0,29069
0.0,29070
0.0,29071
0.0,29072
0.0,29073
0.0,29074
0.0,29075
0.0,29076
313.59864137384426,29077
0.0,29078
0.0,29079
0.0,29080
0.0,29081
0.0,29082
0.0,29083
0.0,29084
0.0,29085
0.0,29086
0.0,29087
0.0,29088
0.0,29089
0.0,29090
0.0,29091
0.0,29092
0.0,29093
0.0,29094
0.0,29095
0.0,29096
0.0,29097
0.0,29098
0.0,29099
0.0,29100
0.0,29101
0.0,29102
0.0,29103
0.0,29104
0.0,29105
387.69324179634725,29106
0.0,29107
0.0,29108
0.0,29109
0.0,29110
0.0,29111
0.0,29112
0.0,29113
0.0,29114
0.0,29115
0.0,29116
0.0,29117
0.0,29118
0.0,29119
0.0,29120
0.0,29121
0.0,29122
0.0,29123
0.0,29124
0.0,29125
0.0,29126
0.0,29127
0.0,29128
0.0,29129
923.1893954252212,29130
0.0,29131
0.0,29132
0.0,29133
0.0,29134
894.3928632285468,29135
0.0,29136
0.0,29137
0.0,29138
0.0,29139
0.0,29140
0.0,29141
0.0,29142
0.0,29143
0.0,29144
0.0,29145
0.0,29146
0.0,29147
0.0,29148
0.0,29149
0.0,29150
0.0,29151
0.0,29152
0.0,29153
0.0,29154
0.0,29155
0.0,29156
0.0,29157
0.0,29158
733.2829016627884,29159
0.0,29160
0.0,29161
0.0,29162
0.0,29163
0.0,29164
239.86951721363383,29165
0.0,29166
0.0,29167
0.0,29168
0.0,29169
0.0,29170
0.0,29171
0.0,29172
0.0,29173
0.0,29174
0.0,29175
0.0,29176
0.0,29177
0.0,29178
0.0,29179
0.0,29180
0.0,29181
0.0,29182
0.0,29183
0.0,29184
0.0,29185
0.0,29186
0.0,29187
0.0,29188
0.0,29189
0.0,29190
0.0,29191
0.0,29192
0.0,29193
0.0,29194
0.0,29195
0.0,29196
0.0,29197
0.0,29198
0.0,29199
0.0,29200
0.0,29201
0.0,29202
0.0,29203
0.0,29204
0.0,29205
0.0,29206
0.0,29207
0.0,29208
0.0,29209
0.0,29210
0.0,29211
0.0,29212
0.0,29213
0.0,29214
0.0,29215
0.0,29216
0.0,29217
0.0,29218
0.0,29219
0.0,29220
0.0,29221
324.0065335195537,29222
0.0,29223
0.0,29224
0.0,29225
0.0,29226
0.0,29227
0.0,29228
0.0,29229
0.0,29230
0.0,29231
0.0,29232
0.0,29233
0.0,29234
0.0,29235
0.0,29236
0.0,29237
0.0,29238
0.0,29239
0.0,29240
0.0,29241
0.0,29242
0.0,29243
0.0,29244
0.0,29245
0.0,29246
0.0,29247
0.0,29248
0.0,29249
0.0,29250
0.0,29251
0.0,29252
0.0,29253
192.40600229507194,29254
0.0,29255
0.0,29256
0.0,29257
0.0,29258
0.0,29259
0.0,29260
0.0,29261
0.0,29262
2525.463929639185,29263
0.0,29264
0.0,29265
2501.3921335485907,29266
0.0,29267
0.0,29268
0.0,29269
0.0,29270
0.0,29271
0.0,29272
0.0,29273
0.0,29274
0.0,29275
0.0,29276
0.0,29277
1220.8904379561488,29278
0.0,29279
463.75066259952973,29280
0.0,29281
0.0,29282
0.0,29283
0.0,29284
0.0,29285
0.0,29286
0.0,29287
0.0,29288
0.0,29289
0.0,29290
0.0,29291
0.0,29292
0.0,29293
0.0,29294
0.0,29295
0.0,29296
0.0,29297
0.0,29298
0.0,29299
0.0,29300
0.0,29301
0.0,29302
0.0,29303
0.0,29304
0.0,29305
0.0,29306
0.0,29307
0.0,29308
0.0,29309
0.0,29310
0.0,29311
0.0,29312
0.0,29313
0.0,29314
0.0,29315
0.0,29316
0.0,29317
0.0,29318
0.0,29319
270.5401629465459,29320
0.0,29321
0.0,29322
219.4935558322337,29323
0.0,29324
0.0,29325
0.0,29326
0.0,29327
0.0,29328
0.0,29329
0.0,29330
0.0,29331
0.0,29332
0.0,29333
0.0,29334
0.0,29335
0.0,29336
0.0,29337
0.0,29338
0.0,29339
44.29950746191748,29340
0.0,29341
0.0,29342
0.0,29343
489.6405092386065,29344
0.0,29345
310.7565780417823,29346
0.0,29347
0.0,29348
0.0,29349
0.0,29350
0.0,29351
0.0,29352
0.0,29353
0.0,29354
0.0,29355
0.0,29356
0.0,29357
0.0,29358
0.0,29359
0.0,29360
1089.5054957943403,29361
0.0,29362
1096.7905789809672,29363
0.0,29364
312.3815679029418,29365
0.0,29366
895.4011228556253,29367
0.0,29368
0.0,29369
0.0,29370
1568.516757277883,29371
0.0,29372
0.0,29373
0.0,29374
1172.0578274558188,29375
0.0,29376
0.0,29377
888.6999822178157,29378
925.9820504009698,29379
0.0,29380
1572.234580440828,29381
0.0,29382
0.0,29383
0.0,29384
359.939305347362,29385
0.0,29386
0.0,29387
0.0,29388
0.0,29389
0.0,29390
0.0,29391
0.0,29392
0.0,29393
0.0,29394
0.0,29395
219.0042656183956,29396
0.0,29397
0.0,29398
0.0,29399
0.0,29400
0.0,29401
0.0,29402
0.0,29403
0.0,29404
0.0,29405
0.0,29406
0.0,29407
0.0,29408
0.0,29409
0.0,29410
0.0,29411
0.0,29412
0.0,29413
0.0,29414
0.0,29415
0.0,29416
0.0,29417
0.0,29418
0.0,29419
0.0,29420
0.0,29421
0.0,29422
0.0,29423
0.0,29424
0.0,29425
0.0,29426
0.0,29427
0.0,29428
0.0,29429
0.0,29430
0.0,29431
0.0,29432
0.0,29433
0.0,29434
0.0,29435
0.0,29436
0.0,29437
0.0,29438
0.0,29439
0.0,29440
0.0,29441
0.0,29442
0.0,29443
0.0,29444
0.0,29445
0.0,29446
0.0,29447
0.0,29448
0.0,29449
0.0,29450
0.0,29451
0.0,29452
0.0,29453
0.0,29454
0.0,29455
0.0,29456
0.0,29457
4316.445717075847,29458
0.0,29459
0.0,29460
744.9377170153715,29461
715.7550560202681,29462
0.0,29463
0.0,29464
0.0,29465
0.0,29466
0.0,29467
0.0,29468
0.0,29469
0.0,29470
0.0,29471
878.7768898640866,29472
0.0,29473
0.0,29474
0.0,29475
0.0,29476
0.0,29477
0.0,29478
0.0,29479
0.0,29480
0.0,29481
0.0,29482
0.0,29483
0.0,29484
0.0,29485
0.0,29486
0.0,29487
3197.108425023063,29488
0.0,29489
0.0,29490
0.0,29491
0.0,29492
0.0,29493
0.0,29494
0.0,29495
0.0,29496
0.0,29497
0.0,29498
0.0,29499
0.0,29500
0.0,29501
0.0,29502
0.0,29503
0.0,29504
0.0,29505
0.0,29506
0.0,29507
0.0,29508
0.0,29509
0.0,29510
0.0,29511
0.0,29512
0.0,29513
0.0,29514
0.0,29515
0.0,29516
0.0,29517
0.0,29518
0.0,29519
0.0,29520
0.0,29521
0.0,29522
0.0,29523
0.0,29524
0.0,29525
0.0,29526
0.0,29527
0.0,29528
0.0,29529
0.0,29530
0.0,29531
0.0,29532
0.0,29533
0.0,29534
0.0,29535
0.0,29536
0.0,29537
4112.811637519696,29538
0.0,29539
4599.440138656633,29540
0.0,29541
0.0,29542
0.0,29543
4662.377335038322,29544
0.0,29545
0.0,29546
0.0,29547
0.0,29548
0.0,29549
0.0,29550
0.0,29551
0.0,29552
0.0,29553
0.0,29554
0.0,29555
0.0,29556
0.0,29557
0.0,29558
0.0,29559
0.0,29560
0.0,29561
0.0,29562
0.0,29563
0.0,29564
0.0,29565
0.0,29566
0.0,29567
1485.676096119443,29568
0.0,29569
0.0,29570
0.0,29571
0.0,29572
0.0,29573
484.7314868025495,29574
0.0,29575
0.0,29576
0.0,29577
0.0,29578
0.0,29579
0.0,29580
175.2749373841819,29581
0.0,29582
0.0,29583
0.0,29584
0.0,29585
0.0,29586
0.0,29587
0.0,29588
0.0,29589
0.0,29590
0.0,29591
0.0,29592
0.0,29593
0.0,29594
0.0,29595
0.0,29596
0.0,29597
0.0,29598
0.0,29599
1865.2302360707051,29600
0.0,29601
0.0,29602
0.0,29603
0.0,29604
1497.9554831618357,29605
0.0,29606
0.0,29607
0.0,29608
0.0,29609
0.0,29610
0.0,29611
0.0,29612
0.0,29613
0.0,29614
0.0,29615
0.0,29616
0.0,29617
0.0,29618
0.0,29619
0.0,29620
0.0,29621
0.0,29622
0.0,29623
0.0,29624
0.0,29625
0.0,29626
0.0,29627
0.0,29628
0.0,29629
0.0,29630
0.0,29631
0.0,29632
0.0,29633
0.0,29634
0.0,29635
0.0,29636
0.0,29637
0.0,29638
0.0,29639
0.0,29640
0.0,29641
0.0,29642
0.0,29643
0.0,29644
0.0,29645
0.0,29646
0.0,29647
0.0,29648
0.0,29649
0.0,29650
0.0,29651
0.0,29652
0.0,29653
0.0,29654
0.0,29655
0.0,29656
0.0,29657
0.0,29658
0.0,29659
0.0,29660
0.0,29661
0.0,29662
0.0,29663
0.0,29664
0.0,29665
0.0,29666
0.0,29667
0.0,29668
0.0,29669
0.0,29670
835.0664797112023,29671
0.0,29672
822.9879540308699,29673
0.0,29674
0.0,29675
800.2513171520765,29676
0.0,29677
0.0,29678
0.0,29679
0.0,29680
0.0,29681
0.0,29682
0.0,29683
0.0,29684
0.0,29685
0.0,29686
0.0,29687
0.0,29688
0.0,29689
0.0,29690
0.0,29691
0.0,29692
0.0,29693
0.0,29694
0.0,29695
0.0,29696
0.0,29697
0.0,29698
0.0,29699
233.3992026935561,29700
0.0,29701
0.0,29702
0.0,29703
0.0,29704
0.0,29705
0.0,29706
373.6657408436298,29707
560.4059976051681,29708
0.0,29709
0.0,29710
0.0,29711
0.0,29712
0.0,29713
0.0,29714
0.0,29715
632.2469235663262,29716
303.9062599750501,29717
345.7277199271967,29718
0.0,29719
0.0,29720
0.0,29721
0.0,29722
0.0,29723
0.0,29724
0.0,29725
0.0,29726
0.0,29727
0.0,29728
0.0,29729
0.0,29730
0.0,29731
0.0,29732
0.0,29733
0.0,29734
0.0,29735
0.0,29736
0.0,29737
0.0,29738
880.9024132313905,29739
0.0,29740
0.0,29741
0.0,29742
0.0,29743
0.0,29744
0.0,29745
0.0,29746
0.0,29747
0.0,29748
0.0,29749
0.0,29750
0.0,29751
0.0,29752
0.0,29753
0.0,29754
0.0,29755
0.0,29756
0.0,29757
0.0,29758
0.0,29759
0.0,29760
0.0,29761
0.0,29762
403.41764146905905,29763
0.0,29764
0.0,29765
0.0,29766
0.0,29767
0.0,29768
0.0,29769
0.0,29770
0.0,29771
0.0,29772
0.0,29773
0.0,29774
0.0,29775
0.0,29776
0.0,29777
0.0,29778
0.0,29779
0.0,29780
0.0,29781
0.0,29782
0.0,29783
0.0,29784
0.0,29785
0.0,29786
0.0,29787
0.0,29788
0.0,29789
0.0,29790
0.0,29791
0.0,29792
96.07300770058178,29793
0.0,29794
0.0,29795
0.0,29796
0.0,29797
0.0,29798
2213.4220692208105,29799
0.0,29800
0.0,29801
0.0,29802
0.0,29803
0.0,29804
0.0,29805
0.0,29806
0.0,29807
0.0,29808
946.8640694914718,29809
0.0,29810
0.0,29811
0.0,29812
0.0,29813
0.0,29814
0.0,29815
0.0,29816
0.0,29817
0.0,29818
0.0,29819
0.0,29820
0.0,29821
0.0,29822
0.0,29823
0.0,29824
4546.76061141124,29825
0.0,29826
0.0,29827
0.0,29828
0.0,29829
0.0,29830
0.0,29831
2244.705885997396,29832
2414.4274081990793,29833
0.0,29834
0.0,29835
0.0,29836
0.0,29837
0.0,29838
0.0,29839
0.0,29840
0.0,29841
0.0,29842
0.0,29843
0.0,29844
0.0,29845
232.67754934537732,29846
0.0,29847
0.0,29848
0.0,29849
0.0,29850
0.0,29851
0.0,29852
0.0,29853
0.0,29854
0.0,29855
0.0,29856
0.0,29857
0.0,29858
0.0,29859
0.0,29860
0.0,29861
0.0,29862
0.0,29863
0.0,29864
235.0391359421286,29865
0.0,29866
0.0,29867
0.0,29868
0.0,29869
0.0,29870
0.0,29871
0.0,29872
0.0,29873
0.0,29874
2390.283778944781,29875
2132.574467595595,29876
0.0,29877
0.0,29878
0.0,29879
0.0,29880
0.0,29881
0.0,29882
0.0,29883
0.0,29884
0.0,29885
0.0,29886
0.0,29887
0.0,29888
0.0,29889
0.0,29890
0.0,29891
0.0,29892
0.0,29893
0.0,29894
0.0,29895
0.0,29896
0.0,29897
0.0,29898
567.6584820282523,29899
1321.5034030822928,29900
0.0,29901
0.0,29902
0.0,29903
0.0,29904
0.0,29905
0.0,29906
0.0,29907
0.0,29908
0.0,29909
0.0,29910
0.0,29911
0.0,29912
0.0,29913
0.0,29914
0.0,29915
0.0,29916
0.0,29917
0.0,29918
0.0,29919
0.0,29920
0.0,29921
0.0,29922
0.0,29923
0.0,29924
0.0,29925
0.0,29926
0.0,29927
0.0,29928
0.0,29929
0.0,29930
0.0,29931
0.0,29932
0.0,29933
0.0,29934
0.0,29935
0.0,29936
0.0,29937
811.5668542998549,29938
0.0,29939
0.0,29940
0.0,29941
0.0,29942
0.0,29943
0.0,29944
0.0,29945
0.0,29946
0.0,29947
0.0,29948
0.0,29949
0.0,29950
0.0,29951
0.0,29952
0.0,29953
0.0,29954
0.0,29955
0.0,29956
0.0,29957
0.0,29958
2710.678906192875,29959
0.0,29960
0.0,29961
0.0,29962
0.0,29963
0.0,29964
0.0,29965
0.0,29966
0.0,29967
0.0,29968
0.0,29969
0.0,29970
0.0,29971
0.0,29972
0.0,29973
0.0,29974
0.0,29975
0.0,29976
0.0,29977
0.0,29978
0.0,29979
0.0,29980
0.0,29981
4434.339705700693,29982
0.0,29983
566.7005432971133,29984
0.0,29985
215.33291755853787,29986
0.0,29987
473.63556480990076,29988
0.0,29989
0.0,29990
0.0,29991
806.9872295871444,29992
0.0,29993
0.0,29994
228.76705033551173,29995
138.25782230837285,29996
0.0,29997
235.8801682307875,29998
0.0,29999
3358.3517742678637,30000
0.0,30001
0.0,30002
0.0,30003
0.0,30004
533.8450615224467,30005
2.909730347035043,30006
738.4437449796758,30007
0.0,30008
0.0,30009
0.0,30010
0.0,30011
0.0,30012
0.0,30013
2081.8412096254337,30014
625.1921828873163,30015
64.44826908905017,30016
0.0,30017
0.0,30018
1328.3976823932514,30019
0.0,30020
0.0,30021
0.0,30022
2054.5226982330405,30023
875.9728863722407,30024
938.8235857224272,30025
1029.0496046411536,30026
2582.942035302023,30027
0.0,30028
0.0,30029
493.95388883174667,30030
0.0,30031
1323.732825527969,30032
1371.8035476473226,30033
0.0,30034
344.53066306701004,30035
0.0,30036
761.8746637844572,30037
162.41807591127994,30038
0.0,30039
0.0,30040
0.0,30041
0.0,30042
0.0,30043
0.0,30044
0.0,30045
0.0,30046
0.0,30047
0.0,30048
0.0,30049
0.0,30050
0.0,30051
0.0,30052
0.0,30053
0.0,30054
0.0,30055
767.194598094509,30056
0.0,30057
0.0,30058
0.0,30059
0.0,30060
0.0,30061
0.0,30062
0.0,30063
5655.558418836469,30064
0.0,30065
0.0,30066
0.0,30067
0.0,30068
0.0,30069
0.0,30070
0.0,30071
0.0,30072
0.0,30073
0.0,30074
0.0,30075
0.0,30076
0.0,30077
0.0,30078
0.0,30079
0.0,30080
0.0,30081
0.0,30082
0.0,30083
0.0,30084
0.0,30085
0.0,30086
0.0,30087
0.0,30088
0.0,30089
0.0,30090
0.0,30091
0.0,30092
0.0,30093
0.0,30094
0.0,30095
0.0,30096
0.0,30097
0.0,30098
0.0,30099
0.0,30100
0.0,30101
0.0,30102
0.0,30103
0.0,30104
0.0,30105
0.0,30106
0.0,30107
0.0,30108
3489.8311194619046,30109
0.0,30110
2106.9813971914696,30111
0.0,30112
0.0,30113
1918.3223492393925,30114
0.0,30115
0.0,30116
0.0,30117
0.0,30118
3270.2368571538063,30119
2262.669934243579,30120
0.0,30121
0.0,30122
0.0,30123
0.0,30124
0.0,30125
0.0,30126
0.0,30127
0.0,30128
0.0,30129
118.99261860363002,30130
1298.7433218076526,30131
0.0,30132
0.0,30133
547.8602627864495,30134
0.0,30135
0.0,30136
0.0,30137
0.0,30138
0.0,30139
0.0,30140
0.0,30141
0.0,30142
0.0,30143
0.0,30144
0.0,30145
0.0,30146
0.0,30147
0.0,30148
0.0,30149
0.0,30150
0.0,30151
0.0,30152
0.0,30153
0.0,30154
18.694956261709102,30155
0.0,30156
0.0,30157
0.0,30158
0.0,30159
0.0,30160
717.1340913136003,30161
722.9246890986409,30162
134.11333090313835,30163
1038.28886616355,30164
0.0,30165
940.600311812927,30166
425.2615671088062,30167
138.90781932639837,30168
1035.4180181943054,30169
995.445796210629,30170
1346.3766758334066,30171
0.0,30172
0.0,30173
0.0,30174
0.0,30175
633.824826676194,30176
0.0,30177
0.0,30178
0.0,30179
0.0,30180
0.0,30181
0.0,30182
0.0,30183
0.0,30184
0.0,30185
0.0,30186
0.0,30187
0.0,30188
0.0,30189
0.0,30190
0.0,30191
0.0,30192
0.0,30193
307.7370167975064,30194
2372.9161341712793,30195
0.0,30196
2155.4242510135723,30197
0.0,30198
2751.3755157058063,30199
0.0,30200
2310.985520036967,30201
0.0,30202
0.0,30203
0.0,30204
0.0,30205
0.0,30206
77.57808378258655,30207
0.0,30208
0.0,30209
0.0,30210
138.34594625145164,30211
0.0,30212
2984.7321363853457,30213
0.0,30214
2633.347525650485,30215
1043.9684512831657,30216
0.0,30217
0.0,30218
0.0,30219
2672.723119986263,30220
2340.092018423553,30221
0.0,30222
0.0,30223
1673.9854312758291,30224
0.0,30225
0.0,30226
2149.9866003358,30227
2626.9457793537977,30228
0.0,30229
2599.6008890151215,30230
0.0,30231
0.0,30232
0.0,30233
0.0,30234
0.0,30235
0.0,30236
0.0,30237
0.0,30238
5241.285669204046,30239
0.0,30240
0.0,30241
0.0,30242
2436.7527516717646,30243
1718.8876537321323,30244
0.0,30245
1752.016127213492,30246
1949.5134436660455,30247
1312.5288254796296,30248
1284.3622524176455,30249
1408.8958970794124,30250
1311.1582846814158,30251
972.3600275017892,30252
0.0,30253
1131.003396097263,30254
1911.9109879567966,30255
0.0,30256
0.0,30257
1914.2839629873233,30258
80.9876834502794,30259
1923.4355939746015,30260
1921.2169268809112,30261
0.0,30262
0.0,30263
0.0,30264
0.0,30265
0.0,30266
5098.542710515621,30267
0.0,30268
0.0,30269
0.0,30270
0.0,30271
1079.8397808960651,30272
0.0,30273
91.33918417571779,30274
0.0,30275
0.0,30276
390.2930420430903,30277
0.0,30278
2748.996596531009,30279
0.0,30280
0.0,30281
0.0,30282
0.0,30283
0.0,30284
0.0,30285
0.0,30286
0.0,30287
0.0,30288
0.0,30289
0.0,30290
857.9389730939833,30291
1233.3129128098617,30292
0.0,30293
0.0,30294
2188.6322577821093,30295
1739.7061939355588,30296
316.6883736686463,30297
0.0,30298
0.0,30299
1119.8189501095267,30300
0.0,30301
310.5035411206132,30302
6.140628514837714,30303
0.0,30304
304.7924684418525,30305
0.0,30306
0.0,30307
0.0,30308
1967.259564292125,30309
71.74610149362003,30310
63.98413143091219,30311
0.0,30312
0.0,30313
0.0,30314
0.0,30315
0.0,30316
0.0,30317
0.0,30318
0.0,30319
0.0,30320
271.5987649914851,30321
0.0,30322
0.0,30323
2213.171404492691,30324
0.0,30325
937.7281245151033,30326
0.0,30327
0.0,30328
0.0,30329
0.0,30330
87.07883162201702,30331
0.0,30332
0.0,30333
0.0,30334
0.0,30335
0.0,30336
0.0,30337
0.0,30338
2669.9398928096984,30339
0.0,30340
1214.5678463719746,30341
0.0,30342
1693.024298802862,30343
574.8099589406426,30344
0.0,30345
0.0,30346
0.0,30347
0.0,30348
0.0,30349
0.0,30350
0.0,30351
0.0,30352
0.0,30353
0.0,30354
0.0,30355
0.0,30356
0.0,30357
0.0,30358
1267.6874391774347,30359
0.0,30360
828.9708564721469,30361
0.0,30362
0.0,30363
1122.1065963327069,30364
0.0,30365
0.0,30366
0.0,30367
0.0,30368
0.0,30369
0.0,30370
0.0,30371
0.0,30372
0.0,30373
0.0,30374
0.0,30375
0.0,30376
59.09249380440692,30377
0.0,30378
2778.940136066537,30379
0.0,30380
0.0,30381
0.0,30382
0.0,30383
0.0,30384
1791.7148412180254,30385
0.0,30386
0.0,30387
0.0,30388
0.0,30389
0.0,30390
0.0,30391
1796.225604602398,30392
0.0,30393
0.0,30394
0.0,30395
227.98790075046145,30396
0.0,30397
0.0,30398
1799.4710504728766,30399
0.0,30400
514.5157655132272,30401
1447.7247168222664,30402
219.9059911696524,30403
0.0,30404
0.0,30405
0.0,30406
0.0,30407
0.0,30408
0.0,30409
0.0,30410
0.0,30411
0.0,30412
0.0,30413
0.0,30414
0.0,30415
0.0,30416
0.0,30417
11.54988357483492,30418
0.0,30419
0.0,30420
0.0,30421
63.218373166023135,30422
0.0,30423
0.0,30424
0.0,30425
0.0,30426
0.0,30427
0.0,30428
0.0,30429
0.0,30430
0.0,30431
0.0,30432
0.0,30433
0.0,30434
0.0,30435
0.0,30436
6.196610576024671,30437
0.0,30438
0.0,30439
0.0,30440
0.0,30441
0.0,30442
0.0,30443
0.0,30444
5520.5753155069615,30445
1455.3922410289595,30446
0.0,30447
0.0,30448
0.0,30449
0.0,30450
0.0,30451
0.0,30452
0.0,30453
0.0,30454
0.0,30455
0.0,30456
0.0,30457
1146.5376477943175,30458
0.0,30459
14.167269867258701,30460
1144.471257422761,30461
0.0,30462
0.0,30463
0.0,30464
1141.2054947901875,30465
0.0,30466
0.0,30467
0.0,30468
0.0,30469
12.744394079409805,30470
1130.6411657584777,30471
0.0,30472
60.584696381789925,30473
45.397076142905874,30474
0.0,30475
0.0,30476
0.0,30477
0.0,30478
0.0,30479
0.0,30480
0.0,30481
0.0,30482
0.0,30483
0.0,30484
0.0,30485
496.1773228061392,30486
0.0,30487
0.0,30488
0.0,30489
0.0,30490
0.0,30491
0.0,30492
0.0,30493
0.0,30494
0.0,30495
0.0,30496
0.0,30497
0.0,30498
0.0,30499
0.0,30500
469.24867881513944,30501
0.0,30502
1097.373948614823,30503
0.0,30504
0.0,30505
0.0,30506
0.0,30507
0.0,30508
0.0,30509
1084.8585242509819,30510
1069.0394946887711,30511
0.0,30512
0.0,30513
1049.2223029858314,30514
1025.3288727591569,30515
3350.0158870400974,30516
0.0,30517
0.0,30518
0.0,30519
0.0,30520
0.0,30521
0.0,30522
0.0,30523
0.0,30524
0.0,30525
2265.859762313013,30526
0.0,30527
969.7759316064299,30528
0.0,30529
0.0,30530
936.8306815357807,30531
902.4091461973536,30532
0.0,30533
0.0,30534
620.1928761416926,30535
0.0,30536
1656.7257945596284,30537
833.6261991979887,30538
365.78567320257565,30539
0.0,30540
0.0,30541
0.0,30542
0.0,30543
0.0,30544
0.0,30545
0.0,30546
0.0,30547
800.3940889826084,30548
0.0,30549
768.1882759102907,30550
738.3139210645865,30551
0.0,30552
0.0,30553
0.0,30554
711.1955451371059,30555
0.0,30556
0.0,30557
0.0,30558
0.0,30559
0.0,30560
0.0,30561
0.0,30562
0.0,30563
0.0,30564
0.0,30565
0.0,30566
0.0,30567
0.0,30568
0.0,30569
0.0,30570
0.0,30571
0.0,30572
0.0,30573
0.0,30574
3156.0478143801365,30575
0.0,30576
0.0,30577
0.0,30578
0.0,30579
0.0,30580
0.0,30581
0.0,30582
0.0,30583
1.5504545246105577,30584
0.0,30585
0.0,30586
0.0,30587
0.0,30588
0.0,30589
4553.707465292772,30590
0.0,30591
0.0,30592
0.0,30593
31.819775937650263,30594
0.0,30595
0.0,30596
0.0,30597
0.0,30598
0.0,30599
0.0,30600
0.0,30601
0.0,30602
0.0,30603
0.0,30604
18.110096373337576,30605
9.65630955159294,30606
0.0,30607
0.0,30608
4.891570169064677,30609
0.0,30610
0.0,30611
0.0,30612
0.0,30613
0.0,30614
0.0,30615
0.0,30616
0.0,30617
0.0,30618
0.0,30619
0.0,30620
0.0,30621
0.0,30622
0.0,30623
0.0,30624
0.0,30625
0.0,30626
0.0,30627
0.0,30628
0.0,30629
0.0,30630
0.0,30631
0.0,30632
0.0,30633
0.0,30634
157.35242210247551,30635
0.0,30636
673.0857084075229,30637
842.0602576631222,30638
791.3168354252942,30639
1202.6181930985008,30640
0.0,30641
859.8540082638091,30642
2585.6547437116724,30643
0.0,30644
72.29510675063192,30645
0.0,30646
0.0,30647
0.0,30648
0.0,30649
0.0,30650
0.0,30651
0.0,30652
0.0,30653
0.0,30654
0.0,30655
0.0,30656
0.0,30657
0.0,30658
0.0,30659
0.0,30660
0.0,30661
0.0,30662
0.0,30663
0.0,30664
0.0,30665
0.0,30666
0.0,30667
0.0,30668
0.0,30669
0.0,30670
0.0,30671
425.2848865164517,30672
0.0,30673
0.0,30674
437.01099577956586,30675
0.0,30676
448.86651622396914,30677
0.0,30678
339.42764914958343,30679
0.0,30680
0.0,30681
0.0,30682
493.13909924571806,30683
0.0,30684
0.0,30685
0.0,30686
0.0,30687
0.0,30688
0.0,30689
0.0,30690
0.0,30691
0.0,30692
0.0,30693
0.0,30694
0.0,30695
871.2970011301469,30696
0.0,30697
774.5259006808988,30698
0.0,30699
0.0,30700
0.0,30701
769.6222607165913,30702
0.0,30703
0.0,30704
0.0,30705
0.0,30706
0.0,30707
0.0,30708
0.0,30709
0.0,30710
0.0,30711
0.0,30712
0.0,30713
0.0,30714
0.0,30715
0.0,30716
0.0,30717
0.0,30718
1159.6465190847687,30719
0.0,30720
0.0,30721
0.0,30722
0.0,30723
3216.3136371540536,30724
0.0,30725
647.7402885849081,30726
0.0,30727
0.0,30728
0.0,30729
0.0,30730
0.0,30731
0.0,30732
0.0,30733
0.0,30734
0.0,30735
0.0,30736
0.0,30737
0.0,30738
0.0,30739
0.0,30740
0.0,30741
4492.653084902936,30742
660.0671651892048,30743
598.6862170964581,30744
1279.1022122404845,30745
600.9976653131059,30746
0.0,30747
0.0,30748
0.0,30749
0.0,30750
110.72206233976594,30751
0.0,30752
795.4534103237206,30753
103.93921874330655,30754
99.08224136799846,30755
0.0,30756
0.0,30757
0.0,30758
0.0,30759
930.8811461448275,30760
0.0,30761
0.0,30762
0.0,30763
0.0,30764
0.0,30765
0.0,30766
0.0,30767
0.0,30768
0.0,30769
0.0,30770
0.0,30771
0.0,30772
0.0,30773
0.0,30774
0.0,30775
0.0,30776
0.0,30777
0.0,30778
0.0,30779
0.0,30780
0.0,30781
0.0,30782
0.0,30783
0.0,30784
0.0,30785
0.0,30786
0.0,30787
933.2993412221355,30788
0.0,30789
693.7468178165583,30790
623.8480990977904,30791
0.0,30792
0.0,30793
0.0,30794
0.0,30795
0.0,30796
0.0,30797
0.0,30798
0.0,30799
0.0,30800
0.0,30801
0.0,30802
0.0,30803
0.0,30804
1044.441247051894,30805
0.0,30806
0.0,30807
0.0,30808
0.0,30809
0.0,30810
4198.541909050948,30811
0.0,30812
0.0,30813
0.0,30814
0.0,30815
0.0,30816
0.0,30817
0.0,30818
0.0,30819
0.0,30820
0.0,30821
0.0,30822
0.0,30823
271.61083685507043,30824
0.0,30825
697.5555979511507,30826
0.0,30827
330.28417595219685,30828
0.0,30829
22.271687170500957,30830
0.0,30831
0.0,30832
0.0,30833
0.0,30834
0.0,30835
0.0,30836
0.0,30837
0.0,30838
0.0,30839
0.0,30840
0.0,30841
0.0,30842
0.0,30843
0.0,30844
0.0,30845
0.0,30846
0.0,30847
368.46044004624446,30848
0.0,30849
814.0528914614645,30850
0.0,30851
0.0,30852
844.2150557423125,30853
0.0,30854
0.0,30855
0.0,30856
201.6640952497377,30857
781.4285878391032,30858
0.0,30859
2359.9631315593933,30860
0.0,30861
0.0,30862
0.0,30863
0.0,30864
0.0,30865
0.0,30866
0.0,30867
0.0,30868
0.0,30869
0.0,30870
0.0,30871
0.0,30872
0.0,30873
0.0,30874
0.0,30875
0.0,30876
739.9505890246285,30877
0.0,30878
0.0,30879
742.2895109858327,30880
0.0,30881
0.0,30882
0.0,30883
0.0,30884
4232.897875256096,30885
0.0,30886
0.0,30887
0.0,30888
0.0,30889
0.0,30890
0.0,30891
0.0,30892
1076.5694843064055,30893
0.0,30894
0.0,30895
0.0,30896
0.0,30897
0.0,30898
0.0,30899
0.0,30900
0.0,30901
0.0,30902
0.0,30903
0.0,30904
0.0,30905
0.0,30906
0.0,30907
0.0,30908
0.0,30909
0.0,30910
0.0,30911
0.0,30912
0.0,30913
0.0,30914
1169.9387239113157,30915
0.0,30916
0.0,30917
0.0,30918
745.363710081304,30919
0.0,30920
0.0,30921
0.0,30922
0.0,30923
0.0,30924
0.0,30925
201.44981825752018,30926
0.0,30927
0.0,30928
0.0,30929
321.29658551649203,30930
0.0,30931
0.0,30932
2579.0592421672004,30933
636.6176822112144,30934
656.635174824992,30935
0.0,30936
0.0,30937
2593.7777765430233,30938
0.0,30939
0.0,30940
0.0,30941
0.0,30942
0.0,30943
0.0,30944
0.0,30945
0.0,30946
0.0,30947
0.0,30948
0.0,30949
0.0,30950
3976.1260334711346,30951
0.0,30952
211.22265488954366,30953
0.0,30954
0.0,30955
0.0,30956
0.0,30957
0.0,30958
0.0,30959
0.0,30960
0.0,30961
0.0,30962
0.0,30963
59.51969077225565,30964
0.0,30965
0.0,30966
0.0,30967
0.0,30968
0.0,30969
0.0,30970
0.0,30971
0.0,30972
0.0,30973
0.0,30974
0.0,30975
0.0,30976
0.0,30977
0.0,30978
5664.960194945351,30979
0.0,30980
0.0,30981
0.0,30982
5195.017994878238,30983
0.0,30984
0.0,30985
5197.849173141138,30986
0.0,30987
5202.569279685013,30988
0.0,30989
0.0,30990
0.0,30991
0.0,30992
0.0,30993
0.0,30994
0.0,30995
0.0,30996
0.0,30997
0.0,30998
0.0,30999
0.0,31000
0.0,31001
0.0,31002
0.0,31003
0.0,31004
0.0,31005
0.0,31006
0.0,31007
0.0,31008
0.0,31009
0.0,31010
0.0,31011
0.0,31012
0.0,31013
0.0,31014
0.0,31015
0.0,31016
0.0,31017
0.0,31018
0.0,31019
0.0,31020
0.0,31021
0.0,31022
0.0,31023
0.0,31024
0.0,31025
0.0,31026
0.0,31027
0.0,31028
0.0,31029
0.0,31030
0.0,31031
0.0,31032
0.0,31033
0.0,31034
0.0,31035
278.92216053677214,31036
0.0,31037
0.0,31038
0.0,31039
165.36536395485328,31040
0.0,31041
0.0,31042
0.0,31043
0.0,31044
0.0,31045
266.33855668919557,31046
316.7144633003888,31047
0.0,31048
308.5602641430366,31049
0.0,31050
0.0,31051
30.80177663259661,31052
0.0,31053
0.0,31054
0.0,31055
0.0,31056
0.0,31057
0.0,31058
0.0,31059
302.23219770574406,31060
0.0,31061
0.0,31062
1092.476264587677,31063
0.0,31064
0.0,31065
108.9858269854073,31066
0.0,31067
0.0,31068
0.0,31069
0.0,31070
0.0,31071
0.0,31072
0.0,31073
0.0,31074
0.0,31075
0.0,31076
0.0,31077
0.0,31078
0.0,31079
0.0,31080
0.0,31081
368.47115726301524,31082
0.0,31083
0.0,31084
0.0,31085
0.0,31086
0.0,31087
371.9280604340729,31088
0.0,31089
0.0,31090
0.0,31091
0.0,31092
0.0,31093
0.0,31094
0.0,31095
0.0,31096
0.0,31097
0.0,31098
0.0,31099
240.23220461522408,31100
135.7685502933816,31101
120.40479300636537,31102
105.32642928027882,31103
162.0622553803297,31104
0.0,31105
217.12257268380492,31106
0.0,31107
0.0,31108
0.0,31109
0.0,31110
0.0,31111
0.0,31112
0.0,31113
308.8529158088015,31114
0.0,31115
0.0,31116
0.0,31117
395.589590560848,31118
0.0,31119
0.0,31120
0.0,31121
0.0,31122
0.0,31123
0.0,31124
0.0,31125
0.0,31126
0.0,31127
0.0,31128
0.0,31129
0.0,31130
0.0,31131
0.0,31132
0.0,31133
0.0,31134
238.74249707486325,31135
0.0,31136
0.0,31137
0.0,31138
0.0,31139
0.0,31140
0.0,31141
0.0,31142
0.0,31143
0.0,31144
0.0,31145
0.0,31146
0.0,31147
0.0,31148
0.0,31149
0.0,31150
0.0,31151
0.0,31152
0.0,31153
0.0,31154
0.0,31155
0.0,31156
0.0,31157
0.0,31158
0.0,31159
0.0,31160
0.0,31161
0.0,31162
0.0,31163
0.0,31164
0.0,31165
0.0,31166
0.0,31167
0.0,31168
0.0,31169
0.0,31170
0.0,31171
0.0,31172
0.0,31173
0.0,31174
0.0,31175
0.0,31176
0.0,31177
0.0,31178
0.0,31179
0.0,31180
0.0,31181
0.0,31182
0.0,31183
0.0,31184
0.0,31185
0.0,31186
0.0,31187
0.0,31188
0.0,31189
0.0,31190
0.0,31191
0.0,31192
0.0,31193
0.0,31194
0.0,31195
0.0,31196
0.0,31197
0.0,31198
0.0,31199
0.0,31200
0.0,31201
0.0,31202
0.0,31203
0.0,31204
0.0,31205
0.0,31206
0.0,31207
0.0,31208
0.0,31209
0.0,31210
3425.3084721437745,31211
0.0,31212
0.0,31213
0.0,31214
0.0,31215
0.0,31216
0.0,31217
0.0,31218
0.0,31219
0.0,31220
0.0,31221
861.0278797183033,31222
0.0,31223
0.0,31224
870.3791548938204,31225
1258.9351221356924,31226
0.0,31227
0.0,31228
0.0,31229
0.0,31230
0.0,31231
0.0,31232
0.0,31233
0.0,31234
549.3412929600277,31235
0.0,31236
0.0,31237
0.0,31238
0.0,31239
854.6357013138784,31240
0.0,31241
0.0,31242
0.0,31243
0.0,31244
325.4958196150825,31245
0.0,31246
0.0,31247
253.02817867549945,31248
0.0,31249
0.0,31250
0.0,31251
0.0,31252
0.0,31253
0.0,31254
0.0,31255
363.2035784318611,31256
0.0,31257
0.0,31258
0.0,31259
0.0,31260
0.0,31261
0.0,31262
0.0,31263
0.0,31264
0.0,31265
0.0,31266
0.0,31267
0.0,31268
0.0,31269
0.0,31270
0.0,31271
0.0,31272
0.0,31273
0.0,31274
0.0,31275
0.0,31276
0.0,31277
0.0,31278
0.0,31279
0.0,31280
0.0,31281
0.0,31282
0.0,31283
0.0,31284
0.0,31285
0.0,31286
0.0,31287
0.0,31288
0.0,31289
0.0,31290
0.0,31291
0.0,31292
0.0,31293
0.0,31294
0.0,31295
0.0,31296
0.0,31297
0.0,31298
0.0,31299
0.0,31300
0.0,31301
0.0,31302
0.0,31303
6113.970466936648,31304
0.0,31305
0.0,31306
0.0,31307
0.0,31308
0.0,31309
0.0,31310
0.0,31311
7238.401614679042,31312
0.0,31313
0.0,31314
0.0,31315
0.0,31316
0.0,31317
0.0,31318
0.0,31319
0.0,31320
0.0,31321
0.0,31322
0.0,31323
0.0,31324
0.0,31325
1176.7938271271828,31326
0.0,31327
0.0,31328
0.0,31329
0.0,31330
0.0,31331
0.0,31332
0.0,31333
0.0,31334
0.0,31335
0.0,31336
758.9360528433411,31337
0.0,31338
0.0,31339
0.0,31340
0.0,31341
1136.5374308558173,31342
0.0,31343
0.0,31344
0.0,31345
0.0,31346
0.0,31347
0.0,31348
0.0,31349
0.0,31350
0.0,31351
0.0,31352
0.0,31353
0.0,31354
0.0,31355
0.0,31356
0.0,31357
0.0,31358
0.0,31359
0.0,31360
0.0,31361
0.0,31362
0.0,31363
0.0,31364
0.0,31365
0.0,31366
0.0,31367
0.0,31368
0.0,31369
0.0,31370
0.0,31371
0.0,31372
0.0,31373
0.0,31374
0.0,31375
0.0,31376
0.0,31377
0.0,31378
0.0,31379
0.0,31380
0.0,31381
0.0,31382
0.0,31383
0.0,31384
0.0,31385
0.0,31386
0.0,31387
0.0,31388
0.0,31389
0.0,31390
0.0,31391
0.0,31392
0.0,31393
0.0,31394
0.0,31395
0.0,31396
0.0,31397
0.0,31398
0.0,31399
0.0,31400
0.0,31401
0.0,31402
0.0,31403
0.0,31404
0.0,31405
564.055867232138,31406
0.0,31407
0.0,31408
0.0,31409
0.0,31410
0.0,31411
0.0,31412
0.0,31413
0.0,31414
0.0,31415
0.0,31416
0.0,31417
0.0,31418
119.22516986427001,31419
0.0,31420
0.0,31421
0.0,31422
0.0,31423
0.0,31424
0.0,31425
0.0,31426
0.0,31427
0.0,31428
0.0,31429
0.0,31430
0.0,31431
0.0,31432
0.0,31433
1412.3303290638826,31434
0.0,31435
0.0,31436
0.0,31437
0.0,31438
0.0,31439
0.0,31440
0.0,31441
731.7223088934139,31442
0.0,31443
0.0,31444
0.0,31445
0.0,31446
0.0,31447
0.0,31448
0.0,31449
0.0,31450
0.0,31451
0.0,31452
0.0,31453
0.0,31454
0.0,31455
0.0,31456
0.0,31457
0.0,31458
0.0,31459
0.0,31460
0.0,31461
0.0,31462
0.0,31463
182.20736876627254,31464
0.0,31465
0.0,31466
0.0,31467
0.0,31468
0.0,31469
0.0,31470
0.0,31471
0.0,31472
0.0,31473
0.0,31474
0.0,31475
0.0,31476
0.0,31477
0.0,31478
0.0,31479
0.0,31480
0.0,31481
0.0,31482
0.0,31483
0.0,31484
0.0,31485
0.0,31486
0.0,31487
0.0,31488
0.0,31489
0.0,31490
0.0,31491
0.0,31492
0.0,31493
0.0,31494
0.0,31495
0.0,31496
0.0,31497
0.0,31498
343.22641889310995,31499
0.0,31500
0.0,31501
0.0,31502
0.0,31503
0.0,31504
0.0,31505
0.0,31506
0.0,31507
0.0,31508
0.0,31509
0.0,31510
0.0,31511
0.0,31512
2613.903611350481,31513
1692.2396324281615,31514
0.0,31515
0.0,31516
0.0,31517
5717.507066299563,31518
4502.427989540682,31519
1613.228768059042,31520
0.0,31521
0.0,31522
0.0,31523
0.0,31524
0.0,31525
0.0,31526
0.0,31527
0.0,31528
0.0,31529
0.0,31530
0.0,31531
0.0,31532
0.0,31533
0.0,31534
0.0,31535
0.0,31536
0.0,31537
0.0,31538
0.0,31539
0.0,31540
645.4747972377301,31541
0.0,31542
0.0,31543
645.4831946877274,31544
0.0,31545
0.0,31546
0.0,31547
0.0,31548
0.0,31549
0.0,31550
0.0,31551
0.0,31552
0.0,31553
0.0,31554
0.0,31555
0.0,31556
0.0,31557
0.0,31558
0.0,31559
0.0,31560
0.0,31561
0.0,31562
0.0,31563
0.0,31564
117.76674764068218,31565
0.0,31566
0.0,31567
0.0,31568
0.0,31569
0.0,31570
0.0,31571
0.0,31572
0.0,31573
0.0,31574
0.0,31575
421.16572282360977,31576
0.0,31577
0.0,31578
0.0,31579
0.0,31580
474.61445456213795,31581
217.51415647628636,31582
0.0,31583
0.0,31584
972.0273363755666,31585
0.0,31586
0.0,31587
0.0,31588
642.8136711103758,31589
0.0,31590
0.0,31591
0.0,31592
0.0,31593
0.0,31594
0.0,31595
0.0,31596
0.0,31597
0.0,31598
0.0,31599
0.0,31600
2858.5555429076503,31601
521.0465488322434,31602
812.1394358485339,31603
340.7965032219111,31604
311.68167552109986,31605
0.0,31606
0.0,31607
562.88965552249,31608
852.4139070092273,31609
0.0,31610
0.0,31611
56.98315558710108,31612
59.89413185259954,31613
41.61042059738559,31614
173.33269682591364,31615
54.48520351742198,31616
433.2131714488831,31617
421.92733498755894,31618
659.7256666798027,31619
942.7758180640923,31620
775.0681886916078,31621
918.526223806196,31622
0.0,31623
0.0,31624
8.290564507301312,31625
0.0,31626
0.0,31627
668.8275918981305,31628
0.0,31629
0.0,31630
0.0,31631
0.0,31632
0.0,31633
0.0,31634
0.0,31635
0.0,31636
5622.568378833967,31637
0.0,31638
0.0,31639
0.0,31640
0.0,31641
0.0,31642
0.0,31643
0.0,31644
0.0,31645
0.0,31646
0.0,31647
0.0,31648
0.0,31649
0.0,31650
0.0,31651
0.0,31652
0.0,31653
0.0,31654
0.0,31655
0.0,31656
0.0,31657
0.0,31658
0.0,31659
0.0,31660
0.0,31661
0.0,31662
0.0,31663
0.0,31664
0.0,31665
0.0,31666
1289.4772710534016,31667
0.0,31668
0.0,31669
0.0,31670
0.0,31671
0.0,31672
0.0,31673
0.0,31674
0.0,31675
0.0,31676
0.0,31677
0.0,31678
873.7157364665065,31679
0.0,31680
0.0,31681
0.0,31682
0.0,31683
0.0,31684
0.0,31685
0.0,31686
528.8701821107452,31687
560.8270678874939,31688
0.0,31689
0.0,31690
0.0,31691
0.0,31692
0.0,31693
0.0,31694
1109.621013109354,31695
0.0,31696
0.0,31697
0.0,31698
0.0,31699
0.0,31700
0.0,31701
0.0,31702
0.0,31703
0.0,31704
0.0,31705
0.0,31706
0.0,31707
0.0,31708
0.0,31709
0.0,31710
0.0,31711
0.0,31712
0.0,31713
0.0,31714
0.0,31715
0.0,31716
0.0,31717
0.0,31718
0.0,31719
0.0,31720
0.0,31721
0.0,31722
0.0,31723
0.0,31724
0.0,31725
0.0,31726
0.0,31727
0.0,31728
0.0,31729
0.0,31730
0.0,31731
0.0,31732
0.0,31733
0.0,31734
0.0,31735
0.0,31736
0.0,31737
0.0,31738
0.0,31739
0.0,31740
0.0,31741
0.0,31742
0.0,31743
1930.3797869235211,31744
820.8319500383885,31745
1053.0614826297517,31746
0.0,31747
1677.1627579762853,31748
796.038565780589,31749
1438.5147462870275,31750
1468.5592207867057,31751
1824.0314832263603,31752
1529.3146350834804,31753
554.1767417775275,31754
543.6745626392991,31755
2703.9348055263035,31756
754.692221694048,31757
2160.268740094164,31758
671.7855580242285,31759
727.0433463270215,31760
781.4725768073132,31761
0.0,31762
941.7658479491306,31763
1257.8772880455997,31764
0.0,31765
0.0,31766
721.2305791608227,31767
0.0,31768
1303.3322283601203,31769
0.0,31770
804.5009431697638,31771
6755.630566834673,31772
0.0,31773
2071.9891585336695,31774
2105.877206452163,31775
1121.1297327793154,31776
2202.3600862341937,31777
0.0,31778
1178.0374474237456,31779
1202.0785122014536,31780
1222.138038355904,31781
1238.014292765324,31782
1835.5710951094031,31783
1739.873895165102,31784
1258.436501472966,31785
391.47238628977664,31786
0.0,31787
1018.7071849630453,31788
0.0,31789
337.5653740101763,31790
1018.0457750493689,31791
0.0,31792
0.0,31793
0.0,31794
0.0,31795
887.7658603168985,31796
0.0,31797
0.0,31798
0.0,31799
0.0,31800
134.5918841336605,31801
0.0,31802
0.0,31803
0.0,31804
286.3619042966314,31805
0.0,31806
2030.3232951857892,31807
0.0,31808
655.2151411780279,31809
0.0,31810
0.0,31811
0.0,31812
0.0,31813
0.0,31814
0.0,31815
0.0,31816
0.0,31817
0.0,31818
0.0,31819
0.0,31820
2146.0543832536855,31821
1239.563947332003,31822
0.0,31823
0.0,31824
0.0,31825
0.0,31826
0.0,31827
0.0,31828
0.0,31829
0.0,31830
0.0,31831
0.0,31832
0.0,31833
0.0,31834
0.0,31835
0.0,31836
0.0,31837
0.0,31838
0.0,31839
0.0,31840
0.0,31841
0.0,31842
0.0,31843
0.0,31844
0.0,31845
1721.2415847886991,31846
0.0,31847
2272.595358152422,31848
0.0,31849
0.0,31850
1110.3380889092389,31851
1572.3345452515407,31852
0.0,31853
1295.5622012565332,31854
0.0,31855
138.10382589622122,31856
87.83028668954317,31857
154.54000955868256,31858
0.0,31859
0.0,31860
0.0,31861
0.0,31862
0.0,31863
0.0,31864
0.0,31865
0.0,31866
0.0,31867
0.0,31868
0.0,31869
0.0,31870
0.0,31871
0.0,31872
0.0,31873
0.0,31874
0.0,31875
0.0,31876
0.0,31877
0.0,31878
0.0,31879
0.0,31880
0.0,31881
0.0,31882
0.0,31883
0.0,31884
0.0,31885
0.0,31886
0.0,31887
0.0,31888
0.0,31889
1345.3044385775397,31890
0.0,31891
3159.2549508483226,31892
0.0,31893
407.51065243903633,31894
395.77211186423955,31895
455.172385324962,31896
375.55231663450957,31897
363.1256869736806,31898
0.0,31899
0.0,31900
0.0,31901
832.2497608530434,31902
0.0,31903
0.0,31904
0.0,31905
549.9195313945689,31906
903.9693365794576,31907
0.0,31908
2538.5511308232108,31909
0.0,31910
0.0,31911
208.3620674391678,31912
0.0,31913
740.7909582690883,31914
0.0,31915
0.0,31916
0.0,31917
225.10958607915632,31918
0.0,31919
0.0,31920
240.36443044202613,31921
258.8133608579115,31922
117.49379844379273,31923
392.44055262135765,31924
1052.9400384641892,31925
901.4160124549849,31926
923.3883462726868,31927
832.4674645010814,31928
0.0,31929
1140.7010250459184,31930
1541.404033350674,31931
1097.7213096119376,31932
0.0,31933
1718.987664968585,31934
891.5873385473998,31935
1897.3838773474351,31936
0.0,31937
923.5271816068584,31938
1527.0148198834506,31939
0.0,31940
0.0,31941
1286.0055262074716,31942
0.0,31943
7817.975525825704,31944
1152.5828698550476,31945
0.0,31946
1465.5852189691407,31947
1391.6552528043408,31948
0.0,31949
937.5070013930525,31950
8.851168157761167,31951
1544.0397527037064,31952
0.0,31953
43.28994405524317,31954
1426.0074820455004,31955
101.23366184124932,31956
1414.0353953577835,31957
757.7255235263034,31958
0.0,31959
0.0,31960
0.0,31961
0.0,31962
0.0,31963
0.0,31964
547.0791665771205,31965
523.0004256098193,31966
0.0,31967
497.95248762285235,31968
537.7417779889702,31969
512.4934777705471,31970
0.0,31971
0.0,31972
191.12667540158083,31973
168.16359647734578,31974
0.0,31975
382.04197995077163,31976
0.0,31977
1172.9067640264443,31978
0.0,31979
0.0,31980
0.0,31981
0.0,31982
0.0,31983
0.0,31984
0.0,31985
0.0,31986
0.0,31987
0.0,31988
0.0,31989
0.0,31990
0.0,31991
0.0,31992
0.0,31993
0.0,31994
0.0,31995
0.0,31996
0.0,31997
10.982992430319849,31998
0.0,31999
0.0,32000
361.9024319581928,32001
0.0,32002
0.0,32003
342.7042241249604,32004
0.0,32005
55.180506670464844,32006
950.9647965071518,32007
0.0,32008
0.0,32009
0.0,32010
0.0,32011
0.0,32012
0.0,32013
0.0,32014
0.0,32015
0.0,32016
0.0,32017
0.0,32018
0.0,32019
0.0,32020
0.0,32021
0.0,32022
0.0,32023
1215.9227285285629,32024
0.0,32025
0.0,32026
0.0,32027
719.0057700134768,32028
0.0,32029
0.0,32030
0.0,32031
0.0,32032
0.0,32033
0.0,32034
0.0,32035
0.0,32036
0.0,32037
0.0,32038
770.0127870180471,32039
0.0,32040
0.0,32041
756.1764160444778,32042
0.0,32043
0.0,32044
0.0,32045
0.0,32046
0.0,32047
0.0,32048
0.0,32049
0.0,32050
0.0,32051
0.0,32052
0.0,32053
0.0,32054
0.0,32055
0.0,32056
0.0,32057
0.0,32058
0.0,32059
2674.382972323798,32060
0.0,32061
0.0,32062
0.0,32063
0.0,32064
1957.872852889741,32065
0.0,32066
1968.6648142442477,32067
0.0,32068
1980.4934742397531,32069
1683.208025550297,32070
0.0,32071
0.0,32072
0.0,32073
0.0,32074
0.0,32075
4007.6605968515246,32076
2059.732872726071,32077
79.61413982982953,32078
188.84937169868135,32079
2209.644247802822,32080
0.0,32081
2215.796980528956,32082
10437.443373360637,32083
2092.444474836537,32084
2219.189324628809,32085
1619.3368199432061,32086
59.31672836916884,32087
1286.5531582629987,32088
0.0,32089
0.0,32090
0.0,32091
473.20396106597366,32092
3196.6270124728,32093
3193.3010506708656,32094
776.0206364869301,32095
0.0,32096
0.0,32097
0.0,32098
3335.393182201059,32099
12.485805418683993,32100
0.0,32101
1104.3160879053848,32102
0.0,32103
3314.8114628470375,32104
0.0,32105
0.0,32106
0.0,32107
608.7620090848324,32108
719.6878594679636,32109
30.649854319534743,32110
3355.5930580275913,32111
3330.989808285734,32112
3313.2699782145955,32113
0.0,32114
978.5101105532249,32115
0.0,32116
385.6694483576273,32117
1036.558415226469,32118
0.0,32119
0.0,32120
0.0,32121
0.0,32122
3205.67208403821,32123
0.0,32124
0.0,32125
1843.5592527990584,32126
2720.3113842782836,32127
0.0,32128
0.0,32129
0.0,32130
0.0,32131
2370.7731003469335,32132
0.0,32133
0.0,32134
2890.9404714557727,32135
1447.8659864583724,32136
1225.662033344172,32137
920.6550561352484,32138
913.5301961955831,32139
0.0,32140
0.0,32141
0.0,32142
2997.7192263146535,32143
0.0,32144
1783.1874440123902,32145
2983.4902280186566,32146
795.1144461083201,32147
2802.7672088383947,32148
0.0,32149
0.0,32150
903.3497613151151,32151
0.0,32152
483.796042132422,32153
0.0,32154
0.0,32155
400.92002394804854,32156
932.5217421426645,32157
0.0,32158
0.0,32159
436.2432764582942,32160
0.0,32161
0.0,32162
0.0,32163
0.0,32164
0.0,32165
0.0,32166
1039.2743155988344,32167
0.0,32168
0.0,32169
0.0,32170
0.0,32171
0.0,32172
0.0,32173
0.0,32174
0.0,32175
0.0,32176
0.0,32177
0.0,32178
0.0,32179
0.0,32180
2549.2513533639726,32181
0.0,32182
0.0,32183
324.66878065792076,32184
0.0,32185
3219.2822731899605,32186
0.0,32187
0.0,32188
0.0,32189
0.0,32190
404.50395131847523,32191
0.0,32192
0.0,32193
0.0,32194
0.0,32195
2770.803438898018,32196
2185.9716359212266,32197
505.18583959978304,32198
0.0,32199
0.0,32200
0.0,32201
0.0,32202
0.0,32203
1118.7150917173924,32204
0.0,32205
0.0,32206
1953.771037881205,32207
0.0,32208
0.0,32209
0.0,32210
0.0,32211
0.0,32212
237.16997860079678,32213
2227.1030655178515,32214
1967.5822644072068,32215
0.0,32216
1973.5756179050509,32217
0.0,32218
0.0,32219
0.0,32220
0.0,32221
0.0,32222
0.0,32223
0.0,32224
0.0,32225
0.0,32226
0.0,32227
0.0,32228
0.0,32229
0.0,32230
708.6017442305272,32231
0.0,32232
0.0,32233
0.0,32234
0.0,32235
0.0,32236
705.8518640166749,32237
0.0,32238
0.0,32239
0.0,32240
0.0,32241
0.0,32242
0.0,32243
0.0,32244
0.0,32245
0.0,32246
0.0,32247
0.0,32248
0.0,32249
0.0,32250
0.0,32251
0.0,32252
0.0,32253
0.0,32254
0.0,32255
0.0,32256
0.0,32257
0.0,32258
0.0,32259
0.0,32260
818.7776406557084,32261
0.0,32262
0.0,32263
0.0,32264
1050.9952259706304,32265
447.36847867646276,32266
0.0,32267
2869.591397459805,32268
0.0,32269
0.0,32270
0.0,32271
0.0,32272
0.0,32273
2670.4365470787243,32274
384.74645562757826,32275
0.0,32276
0.0,32277
3950.4297418230813,32278
900.1339235385252,32279
0.0,32280
0.0,32281
0.0,32282
0.0,32283
0.0,32284
1426.5460090551614,32285
3360.338570219929,32286
0.0,32287
0.0,32288
1423.766712841969,32289
0.0,32290
0.0,32291
0.0,32292
0.0,32293
0.0,32294
0.0,32295
0.0,32296
0.0,32297
0.0,32298
0.0,32299
0.0,32300
0.0,32301
0.0,32302
301.3658041011458,32303
0.0,32304
53.10312864015455,32305
0.0,32306
0.0,32307
3952.7827348709284,32308
1368.1157870444665,32309
0.0,32310
0.0,32311
0.0,32312
0.0,32313
0.0,32314
0.0,32315
149.8561667040657,32316
0.0,32317
0.0,32318
0.0,32319
0.0,32320
0.0,32321
0.0,32322
0.0,32323
0.0,32324
0.0,32325
0.0,32326
0.0,32327
0.0,32328
0.0,32329
0.0,32330
0.0,32331
0.0,32332
0.0,32333
0.0,32334
0.0,32335
0.0,32336
0.0,32337
0.0,32338
0.0,32339
0.0,32340
0.0,32341
0.0,32342
0.0,32343
0.0,32344
0.0,32345
0.0,32346
0.0,32347
0.0,32348
0.0,32349
0.0,32350
0.0,32351
0.0,32352
0.0,32353
0.0,32354
0.0,32355
0.0,32356
0.0,32357
0.0,32358
0.0,32359
0.0,32360
0.0,32361
0.0,32362
0.0,32363
0.0,32364
0.0,32365
0.0,32366
0.0,32367
0.0,32368
0.0,32369
0.0,32370
0.0,32371
0.0,32372
0.0,32373
0.0,32374
0.0,32375
0.0,32376
0.0,32377
0.0,32378
0.0,32379
0.0,32380
0.0,32381
0.0,32382
0.0,32383
0.0,32384
0.0,32385
0.0,32386
0.0,32387
0.0,32388
0.0,32389
0.0,32390
0.0,32391
0.0,32392
0.0,32393
0.0,32394
0.0,32395
0.0,32396
0.0,32397
0.0,32398
0.0,32399
0.0,32400
0.0,32401
0.0,32402
0.0,32403
0.0,32404
0.0,32405
0.0,32406
0.0,32407
0.0,32408
0.0,32409
0.0,32410
0.0,32411
0.0,32412
0.0,32413
0.0,32414
0.0,32415
0.0,32416
0.0,32417
0.0,32418
0.0,32419
0.0,32420
0.0,32421
172.5789175863255,32422
0.0,32423
3829.7882901200096,32424
0.0,32425
0.0,32426
195.96441989102846,32427
10075.302710834385,32428
0.0,32429
0.0,32430
0.0,32431
695.6703581891453,32432
0.0,32433
0.0,32434
680.5360040848614,32435
6066.948110983356,32436
0.0,32437
0.0,32438
0.0,32439
0.0,32440
0.0,32441
0.0,32442
0.0,32443
0.0,32444
0.0,32445
0.0,32446
0.0,32447
0.0,32448
0.0,32449
0.0,32450
0.0,32451
0.0,32452
0.0,32453
0.0,32454
0.0,32455
0.0,32456
0.0,32457
0.0,32458
0.0,32459
1266.5473896136507,32460
0.0,32461
0.0,32462
0.0,32463
0.0,32464
0.0,32465
0.0,32466
0.0,32467
0.0,32468
0.0,32469
0.0,32470
0.0,32471
76.63773140270766,32472
59.72193639644622,32473
0.0,32474
0.0,32475
0.0,32476
0.0,32477
0.0,32478
0.0,32479
0.0,32480
0.0,32481
0.0,32482
0.0,32483
0.0,32484
0.0,32485
0.0,32486
0.0,32487
0.0,32488
0.0,32489
0.0,32490
0.0,32491
0.0,32492
0.0,32493
0.0,32494
0.0,32495
0.0,32496
0.0,32497
0.0,32498
0.0,32499
0.0,32500
0.0,32501
0.0,32502
0.0,32503
0.0,32504
0.0,32505
0.0,32506
0.0,32507
0.0,32508
0.0,32509
8772.926132519984,32510
1919.3765412940734,32511
0.0,32512
401.19842083078373,32513
0.0,32514
0.0,32515
0.0,32516
0.0,32517
0.0,32518
0.0,32519
0.0,32520
1623.1786047607814,32521
0.0,32522
0.0,32523
0.0,32524
0.0,32525
0.0,32526
0.0,32527
0.0,32528
0.0,32529
0.0,32530
2362.2704265960756,32531
0.0,32532
0.0,32533
0.0,32534
0.0,32535
1094.4695425388238,32536
0.0,32537
0.0,32538
0.0,32539
0.0,32540
0.0,32541
0.0,32542
0.0,32543
0.0,32544
0.0,32545
4510.844497751929,32546
0.0,32547
0.0,32548
0.0,32549
0.0,32550
0.0,32551
0.0,32552
0.0,32553
0.0,32554
0.0,32555
0.0,32556
0.0,32557
0.0,32558
0.0,32559
0.0,32560
0.0,32561
1951.1171275773688,32562
0.0,32563
0.0,32564
0.0,32565
0.0,32566
2092.3296916930426,32567
0.0,32568
0.0,32569
0.0,32570
0.0,32571
0.0,32572
0.0,32573
0.0,32574
0.0,32575
0.0,32576
0.0,32577
0.0,32578
709.6748854682378,32579
0.0,32580
0.0,32581
0.0,32582
0.0,32583
0.0,32584
0.0,32585
0.0,32586
0.0,32587
0.0,32588
0.0,32589
0.0,32590
0.0,32591
0.0,32592
0.0,32593
0.0,32594
0.0,32595
0.0,32596
0.0,32597
0.0,32598
0.0,32599
0.0,32600
0.0,32601
0.0,32602
0.0,32603
0.0,32604
0.0,32605
0.0,32606
0.0,32607
0.0,32608
0.0,32609
0.0,32610
0.0,32611
0.0,32612
0.0,32613
0.0,32614
0.0,32615
0.0,32616
0.0,32617
0.0,32618
0.0,32619
0.0,32620
0.0,32621
0.0,32622
0.0,32623
0.0,32624
0.0,32625
0.0,32626
0.0,32627
0.0,32628
0.0,32629
0.0,32630
0.0,32631
0.0,32632
12597.026011483196,32633
0.0,32634
0.0,32635
0.0,32636
0.0,32637
0.0,32638
0.0,32639
0.0,32640
0.0,32641
0.0,32642
0.0,32643
0.0,32644
0.0,32645
0.0,32646
0.0,32647
0.0,32648
64.40978617846369,32649
0.0,32650
0.0,32651
0.0,32652
0.0,32653
0.0,32654
0.0,32655
0.0,32656
0.0,32657
0.0,32658
0.0,32659
0.0,32660
0.0,32661
0.0,32662
0.0,32663
0.0,32664
0.0,32665
0.0,32666
0.0,32667
0.0,32668
0.0,32669
0.0,32670
0.0,32671
0.0,32672
0.0,32673
0.0,32674
0.0,32675
0.0,32676
0.0,32677
0.0,32678
0.0,32679
0.0,32680
0.0,32681
0.0,32682
0.0,32683
0.0,32684
0.0,32685
550.5715713891877,32686
0.0,32687
0.0,32688
0.0,32689
1514.0324054366315,32690
0.0,32691
0.0,32692
0.0,32693
0.0,32694
0.0,32695
0.0,32696
0.0,32697
0.0,32698
0.0,32699
0.0,32700
0.0,32701
485.47477267944714,32702
1101.9966262612024,32703
0.0,32704
0.0,32705
0.0,32706
0.0,32707
0.0,32708
2465.759246711205,32709
0.0,32710
0.0,32711
444.22720300981894,32712
0.0,32713
0.0,32714
0.0,32715
0.0,32716
0.0,32717
613.2550832797182,32718
0.0,32719
524.8457563572143,32720
0.0,32721
0.0,32722
0.0,32723
0.0,32724
0.0,32725
0.0,32726
0.0,32727
0.0,32728
0.0,32729
3773.897685844696,32730
0.0,32731
0.0,32732
824.2776687095109,32733
0.0,32734
0.0,32735
0.0,32736
0.0,32737
125.07972521768134,32738
0.0,32739
0.0,32740
320.584141854873,32741
0.0,32742
0.0,32743
0.0,32744
0.0,32745
0.0,32746
0.0,32747
0.0,32748
0.0,32749
3777.0255123829998,32750
0.0,32751
0.0,32752
0.0,32753
0.0,32754
0.0,32755
2838.516078375828,32756
0.0,32757
0.0,32758
0.0,32759
0.0,32760
0.0,32761
0.0,32762
0.0,32763
0.0,32764
4793.412715042806,32765
0.0,32766
5349.333083777081,32767
0.0,32768
0.0,32769
0.0,32770
0.0,32771
0.0,32772
0.0,32773
0.0,32774
0.0,32775
0.0,32776
0.0,32777
0.0,32778
0.0,32779
0.0,32780
0.0,32781
95.0517118800669,32782
0.0,32783
0.0,32784
0.0,32785
3686.2222330839545,32786
136.24998203801337,32787
0.0,32788
597.1228576503196,32789
0.0,32790
0.0,32791
0.0,32792
0.0,32793
0.0,32794
0.0,32795
0.0,32796
0.0,32797
0.0,32798
0.0,32799
0.0,32800
0.0,32801
0.0,32802
0.0,32803
113.15197184597953,32804
0.0,32805
0.0,32806
0.0,32807
1349.8877522053313,32808
0.0,32809
0.0,32810
0.0,32811
0.0,32812
0.0,32813
1329.4651435246424,32814
0.0,32815
0.0,32816
0.0,32817
572.0190337686624,32818
0.0,32819
0.0,32820
0.0,32821
0.0,32822
0.0,32823
0.0,32824
570.8304847162344,32825
5240.865025116648,32826
0.0,32827
0.0,32828
0.0,32829
0.0,32830
0.0,32831
0.0,32832
650.3382337718012,32833
179.26958535894863,32834
0.0,32835
0.0,32836
0.0,32837
0.0,32838
0.0,32839
0.0,32840
0.0,32841
0.0,32842
0.0,32843
0.0,32844
0.0,32845
673.6939229211717,32846
0.0,32847
0.0,32848
5666.942222750472,32849
0.0,32850
0.0,32851
0.0,32852
0.0,32853
0.0,32854
0.0,32855
0.0,32856
0.0,32857
0.0,32858
1113.9392493504708,32859
0.0,32860
0.0,32861
0.0,32862
0.0,32863
0.0,32864
0.0,32865
0.0,32866
0.0,32867
0.0,32868
0.0,32869
569.741867244029,32870
1208.7079835336951,32871
554.8494775797295,32872
0.0,32873
0.0,32874
332.59322955461533,32875
1237.2326114716557,32876
0.0,32877
0.0,32878
0.0,32879
0.0,32880
536.3349533096936,32881
0.0,32882
0.0,32883
0.0,32884
0.0,32885
371.7288896876395,32886
0.0,32887
0.0,32888
0.0,32889
1382.8707832572595,32890
0.0,32891
861.3517803379872,32892
0.0,32893
0.0,32894
0.0,32895
0.0,32896
111.66254868377524,32897
8.201167772985263,32898
0.0,32899
0.0,32900
0.0,32901
0.0,32902
0.0,32903
2286.0617895875307,32904
0.0,32905
525.6934603940555,32906
0.0,32907
0.0,32908
0.0,32909
0.0,32910
0.0,32911
0.0,32912
0.0,32913
0.0,32914
0.0,32915
0.0,32916
0.0,32917
0.0,32918
0.0,32919
0.0,32920
0.0,32921
0.0,32922
2650.3394515607956,32923
0.0,32924
0.0,32925
0.0,32926
0.0,32927
0.0,32928
0.0,32929
0.0,32930
0.0,32931
0.0,32932
0.0,32933
0.0,32934
0.0,32935
0.0,32936
0.0,32937
0.0,32938
0.0,32939
0.0,32940
0.0,32941
1876.7607917640048,32942
0.0,32943
0.0,32944
0.0,32945
95.65882385048805,32946
0.0,32947
12.031120176739686,32948
0.0,32949
384.10689486762993,32950
0.0,32951
0.0,32952
0.0,32953
0.0,32954
1307.7681764829927,32955
0.0,32956
0.0,32957
0.0,32958
139.98652080379182,32959
0.0,32960
0.0,32961
0.0,32962
0.0,32963
400.9785441696269,32964
0.0,32965
0.0,32966
0.0,32967
0.0,32968
0.0,32969
0.0,32970
0.0,32971
0.0,32972
0.0,32973
0.0,32974
0.0,32975
0.0,32976
0.0,32977
356.8910718343758,32978
0.0,32979
0.0,32980
0.0,32981
0.0,32982
0.0,32983
0.0,32984
0.0,32985
341.59464552617084,32986
0.0,32987
0.0,32988
699.5631007667064,32989
0.0,32990
0.0,32991
0.0,32992
0.0,32993
0.0,32994
0.0,32995
0.0,32996
0.0,32997
0.0,32998
0.0,32999
0.0,33000
0.0,33001
0.0,33002
0.0,33003
0.0,33004
0.0,33005
0.0,33006
0.0,33007
0.0,33008
0.0,33009
0.0,33010
27.296278980149907,33011
0.0,33012
0.0,33013
0.0,33014
0.0,33015
0.0,33016
0.0,33017
0.0,33018
0.0,33019
0.0,33020
0.0,33021
0.0,33022
1610.8010558338915,33023
0.0,33024
0.0,33025
1215.8771379575721,33026
0.0,33027
17.625384795318514,33028
1528.9441703013615,33029
0.0,33030
376.34904542895555,33031
60.25306076867393,33032
0.0,33033
415.09484320349196,33034
0.0,33035
0.0,33036
510.5269209813119,33037
0.0,33038
300.6721398777622,33039
0.0,33040
0.0,33041
0.0,33042
149.56144068386865,33043
0.0,33044
0.0,33045
298.31564845694515,33046
0.0,33047
0.0,33048
0.0,33049
0.0,33050
0.0,33051
0.0,33052
0.0,33053
0.0,33054
0.0,33055
0.0,33056
0.0,33057
0.0,33058
0.0,33059
0.0,33060
0.0,33061
0.0,33062
0.0,33063
0.0,33064
0.0,33065
0.0,33066
0.0,33067
1255.711080879991,33068
0.0,33069
0.0,33070
2474.3208309677307,33071
0.0,33072
3549.339060920881,33073
2457.95390504707,33074
2698.7376571813343,33075
3229.628351698741,33076
3215.418236337516,33077
0.0,33078
4338.164859524425,33079
0.0,33080
84.66129586158924,33081
3002.3315459693795,33082
2816.3049380988637,33083
961.6658747538511,33084
3246.779473190145,33085
2585.9523194190897,33086
1735.2686402951492,33087
1731.2394840198567,33088
1551.3401000497386,33089
4405.110084227188,33090
3185.8776673891816,33091
4383.296426390738,33092
2288.2076922360916,33093
0.0,33094
0.0,33095
0.0,33096
2183.9635951793175,33097
0.0,33098
0.0,33099
546.8933447723904,33100
241.47233066435425,33101
0.0,33102
625.6024158685428,33103
0.0,33104
759.1890276362496,33105
0.0,33106
231.32647097666066,33107
0.0,33108
0.0,33109
0.0,33110
0.0,33111
0.0,33112
0.0,33113
0.0,33114
0.0,33115
0.0,33116
0.0,33117
0.0,33118
0.0,33119
1897.0533948240202,33120
2.334561243991263,33121
0.0,33122
529.3278487113525,33123
0.0,33124
528.4915247699104,33125
0.0,33126
0.0,33127
0.0,33128
0.0,33129
3019.321065268735,33130
0.0,33131
0.0,33132
0.0,33133
1083.9233020732183,33134
0.0,33135
2843.1843341887025,33136
2680.4946689983994,33137
0.0,33138
0.0,33139
0.0,33140
0.0,33141
0.0,33142
0.0,33143
0.0,33144
0.0,33145
0.0,33146
0.0,33147
165.92480498557865,33148
0.0,33149
0.0,33150
833.3913667953069,33151
0.0,33152
0.0,33153
4676.463547067246,33154
165.32716618459915,33155
1841.9294100585096,33156
0.0,33157
841.6334785720522,33158
0.0,33159
2538.142012975454,33160
0.0,33161
0.0,33162
0.0,33163
2.39349660472218,33164
0.0,33165
0.0,33166
0.0,33167
0.0,33168
1683.7200274676275,33169
2336.132631138318,33170
0.0,33171
1408.825276603255,33172
0.0,33173
0.0,33174
0.0,33175
0.0,33176
0.0,33177
0.0,33178
0.0,33179
0.0,33180
0.0,33181
0.0,33182
0.0,33183
2474.7229493478717,33184
0.0,33185
0.0,33186
0.0,33187
0.0,33188
0.0,33189
777.8991346189615,33190
0.0,33191
0.0,33192
0.0,33193
0.0,33194
0.0,33195
0.0,33196
0.0,33197
0.0,33198
0.0,33199
0.0,33200
0.0,33201
0.0,33202
0.0,33203
0.0,33204
0.0,33205
0.0,33206
1977.6613916855042,33207
0.0,33208
0.0,33209
0.0,33210
0.0,33211
125.97661014655459,33212
813.5235843603886,33213
0.0,33214
106.20118272320062,33215
0.0,33216
0.0,33217
0.0,33218
0.0,33219
0.0,33220
0.0,33221
0.0,33222
0.0,33223
0.0,33224
0.0,33225
135.0556324054552,33226
104.3790541479291,33227
926.894740067103,33228
0.0,33229
141.29811894551864,33230
0.0,33231
0.0,33232
912.4705378189368,33233
0.0,33234
0.0,33235
497.20790209259803,33236
0.0,33237
0.0,33238
1272.9777769391656,33239
0.0,33240
0.0,33241
0.0,33242
0.0,33243
0.0,33244
0.0,33245
269.1443807108379,33246
0.0,33247
0.0,33248
0.0,33249
0.0,33250
0.0,33251
0.0,33252
0.0,33253
0.0,33254
0.0,33255
0.0,33256
0.0,33257
0.0,33258
0.0,33259
0.0,33260
0.0,33261
0.0,33262
143.42993025710155,33263
0.0,33264
0.0,33265
0.0,33266
146.16116439986544,33267
0.0,33268
0.0,33269
0.0,33270
51.405807028538284,33271
119.83196640673653,33272
316.5213010684072,33273
0.0,33274
121.08654789263589,33275
0.0,33276
122.82912222221051,33277
0.0,33278
0.0,33279
0.0,33280
132.57953846335985,33281
0.0,33282
1961.1154614297054,33283
0.0,33284
441.0229043069305,33285
103.20720672212308,33286
106.62836331426882,33287
0.0,33288
0.0,33289
109.53194223755466,33290
7187.790459051166,33291
0.0,33292
0.0,33293
0.0,33294
112.76250551370167,33295
0.0,33296
0.0,33297
2020.1376604434174,33298
208.731535347118,33299
0.0,33300
0.0,33301
0.0,33302
706.2047324510921,33303
1364.1550870029107,33304
0.0,33305
0.0,33306
0.0,33307
0.0,33308
0.0,33309
0.0,33310
0.0,33311
0.0,33312
0.0,33313
0.0,33314
913.8800510207417,33315
0.0,33316
0.0,33317
620.7856165939751,33318
415.63122689143734,33319
0.0,33320
0.0,33321
0.0,33322
0.0,33323
564.2744462161891,33324
123.15511086836344,33325
0.0,33326
0.0,33327
0.0,33328
0.0,33329
0.0,33330
0.0,33331
0.0,33332
3236.737989840935,33333
0.0,33334
0.0,33335
0.0,33336
0.0,33337
2345.543144193827,33338
0.0,33339
0.0,33340
429.10239644135487,33341
0.0,33342
233.45851624745032,33343
0.0,33344
0.0,33345
1041.795845553877,33346
1031.1674543892786,33347
0.0,33348
760.7805309961554,33349
0.0,33350
1016.0501876874729,33351
1006.3259144967622,33352
1199.692614736346,33353
0.0,33354
988.5789638405794,33355
985.6361761254101,33356
538.4976974435284,33357
0.0,33358
536.7870377717305,33359
0.0,33360
3307.960172645886,33361
656.1361615233982,33362
0.0,33363
0.0,33364
0.0,33365
0.0,33366
0.0,33367
0.0,33368
0.0,33369
0.0,33370
0.0,33371
0.0,33372
0.0,33373
2441.2982524791946,33374
1744.652799544425,33375
0.0,33376
227.87909543185796,33377
410.4439797397981,33378
235.26422066153918,33379
0.0,33380
0.0,33381
0.0,33382
702.0320634942476,33383
243.56887546771566,33384
0.0,33385
0.0,33386
0.0,33387
0.0,33388
0.0,33389
0.0,33390
0.0,33391
495.7992773515328,33392
0.0,33393
0.0,33394
508.20160449111063,33395
411.6907686114668,33396
0.0,33397
862.3163561523249,33398
957.8382127644865,33399
0.0,33400
960.1427881099033,33401
0.0,33402
1437.6289518212066,33403
0.0,33404
0.0,33405
0.0,33406
0.0,33407
212.0406346133637,33408
0.0,33409
217.89956748220513,33410
0.0,33411
769.3092216775141,33412
0.0,33413
775.7129686504073,33414
0.0,33415
1397.2570057170963,33416
0.0,33417
0.0,33418
912.8990557603269,33419
0.0,33420
0.0,33421
0.0,33422
864.6207544960333,33423
1250.8256688810586,33424
0.0,33425
0.0,33426
15.787482672223156,33427
0.0,33428
0.0,33429
0.0,33430
0.0,33431
387.8931276300024,33432
0.0,33433
0.0,33434
0.0,33435
0.0,33436
0.0,33437
0.0,33438
165.63107146457543,33439
253.58819328933058,33440
0.0,33441
926.085014632227,33442
0.0,33443
0.0,33444
0.0,33445
2670.251831131365,33446
0.0,33447
0.0,33448
0.0,33449
0.0,33450
0.0,33451
0.0,33452
0.0,33453
314.28091100409245,33454
77.39272879323833,33455
873.2738937772449,33456
229.99038815818392,33457
0.0,33458
1125.8257716839366,33459
0.0,33460
543.1421165633423,33461
1312.3820022169614,33462
37.752150847640756,33463
1238.2246219883696,33464
0.0,33465
0.0,33466
0.0,33467
0.0,33468
0.0,33469
0.0,33470
1666.429428510455,33471
0.0,33472
567.301691798933,33473
416.5987309729626,33474
684.3573038286938,33475
0.0,33476
0.0,33477
1039.6279014609954,33478
0.0,33479
0.0,33480
0.0,33481
0.0,33482
978.0562022344685,33483
451.2459897997465,33484
0.0,33485
0.0,33486
0.0,33487
392.1729067125195,33488
0.0,33489
536.2874599636775,33490
0.0,33491
0.0,33492
0.0,33493
0.0,33494
1291.4544445801141,33495
735.441212806165,33496
1835.4488077054002,33497
0.0,33498
2277.6876948564723,33499
0.0,33500
0.0,33501
0.0,33502
55.43264084674686,33503
0.0,33504
0.0,33505
0.0,33506
0.0,33507
0.0,33508
0.0,33509
0.0,33510
0.0,33511
0.0,33512
0.0,33513
159.40910948045428,33514
0.0,33515
3828.9768327636984,33516
3.065955067059872,33517
0.0,33518
0.0,33519
0.0,33520
0.0,33521
0.0,33522
0.0,33523
0.0,33524
0.0,33525
1769.7964818969663,33526
864.8747723370269,33527
3113.8582892110417,33528
0.0,33529
0.0,33530
817.2148820662318,33531
717.7238361670904,33532
0.0,33533
0.0,33534
516.3180019040119,33535
0.0,33536
0.0,33537
0.0,33538
1662.2145604673467,33539
519.6720459465809,33540
0.0,33541
0.0,33542
0.0,33543
0.0,33544
0.0,33545
0.0,33546
0.0,33547
0.0,33548
0.0,33549
0.0,33550
0.0,33551
0.0,33552
0.0,33553
0.0,33554
1068.7468821472173,33555
0.0,33556
0.0,33557
0.0,33558
0.0,33559
0.0,33560
0.0,33561
0.0,33562
0.0,33563
0.0,33564
1076.944170840189,33565
0.0,33566
0.0,33567
1302.3627954207382,33568
0.0,33569
0.0,33570
0.0,33571
0.0,33572
0.0,33573
0.0,33574
0.0,33575
0.0,33576
0.0,33577
0.0,33578
0.0,33579
0.0,33580
0.0,33581
0.0,33582
0.0,33583
0.0,33584
0.0,33585
0.0,33586
0.0,33587
0.0,33588
0.0,33589
0.0,33590
0.0,33591
0.0,33592
0.0,33593
0.0,33594
0.0,33595
0.0,33596
0.0,33597
0.0,33598
0.0,33599
556.3393864033236,33600
557.4301528379433,33601
0.0,33602
0.0,33603
560.4079345565099,33604
0.0,33605
631.4739983098085,33606
539.7065526427552,33607
1923.1947872451578,33608
0.0,33609
0.0,33610
905.3677616912319,33611
0.0,33612
0.0,33613
0.0,33614
0.0,33615
0.0,33616
824.3457231347405,33617
882.8560937020974,33618
0.0,33619
0.0,33620
890.1562233228427,33621
0.0,33622
0.0,33623
1141.3820422084045,33624
0.0,33625
0.0,33626
1094.9632741586577,33627
0.0,33628
0.0,33629
838.9262382469487,33630
0.0,33631
1103.955713653929,33632
0.0,33633
965.889961172123,33634
713.0696176097587,33635
0.0,33636
0.0,33637
0.0,33638
0.0,33639
0.0,33640
0.0,33641
0.0,33642
0.0,33643
27.2180862088132,33644
0.0,33645
0.0,33646
476.2385004856144,33647
460.22419547270914,33648
0.0,33649
0.0,33650
0.0,33651
0.0,33652
0.0,33653
2033.5613713356972,33654
0.0,33655
2030.4030727413156,33656
2842.4691871936625,33657
0.0,33658
0.0,33659
0.0,33660
0.0,33661
0.0,33662
0.0,33663
0.0,33664
0.0,33665
0.0,33666
0.0,33667
0.0,33668
0.0,33669
0.0,33670
4196.114731360166,33671
0.0,33672
0.0,33673
3915.188543686922,33674
0.0,33675
0.0,33676
0.0,33677
0.0,33678
0.0,33679
2726.0640289502403,33680
2712.6724213931143,33681
0.0,33682
480.42803954423965,33683
3799.3877058303465,33684
0.0,33685
0.0,33686
1953.5253074837162,33687
1931.6080095058055,33688
0.0,33689
1909.9425922051123,33690
0.0,33691
2163.475762698813,33692
598.9243486122296,33693
1865.5270382760725,33694
0.0,33695
0.0,33696
0.0,33697
0.0,33698
0.0,33699
0.0,33700
1849.9371158654194,33701
2840.9952625854553,33702
1833.7910656732079,33703
0.0,33704
0.0,33705
0.0,33706
0.0,33707
0.0,33708
0.0,33709
0.0,33710
0.0,33711
1542.54354719235,33712
681.3430099165851,33713
0.0,33714
311.3002266981208,33715
0.0,33716
0.0,33717
0.0,33718
675.2936141036298,33719
669.1429036046231,33720
0.0,33721
0.0,33722
661.9039191029993,33723
1124.45928048001,33724
0.0,33725
0.0,33726
676.3501415359073,33727
0.0,33728
0.0,33729
0.0,33730
403.0087737815895,33731
334.08812611491555,33732
0.0,33733
0.0,33734
67.15097190709288,33735
0.0,33736
0.0,33737
0.0,33738
0.0,33739
0.0,33740
0.0,33741
0.0,33742
0.0,33743
0.0,33744
0.0,33745
0.0,33746
1165.7701058723437,33747
3231.0094229081146,33748
0.0,33749
0.0,33750
861.675946648394,33751
0.0,33752
0.0,33753
93.85777444301404,33754
145.4527951153799,33755
1281.399083718892,33756
1259.9288707549993,33757
218.76669246596637,33758
40.332806998628485,33759
221.48547567516718,33760
224.54207918393294,33761
2402.8770357337344,33762
1537.7990627001197,33763
1535.9949686949353,33764
2755.5024688855374,33765
1511.6493051734017,33766
1098.7103226306795,33767
1882.7937376788366,33768
0.0,33769
584.1873780230779,33770
569.7802412700279,33771
552.5110172056872,33772
0.0,33773
0.0,33774
0.0,33775
0.0,33776
0.0,33777
0.0,33778
0.0,33779
0.0,33780
0.0,33781
0.0,33782
0.0,33783
0.0,33784
0.0,33785
0.0,33786
0.0,33787
0.0,33788
0.0,33789
0.0,33790
0.0,33791
0.0,33792
0.0,33793
0.0,33794
0.0,33795
0.0,33796
0.0,33797
0.0,33798
0.0,33799
0.0,33800
2322.367168281381,33801
0.0,33802
0.0,33803
529.9535859726176,33804
3552.230667570332,33805
0.0,33806
0.0,33807
0.0,33808
0.0,33809
0.0,33810
1557.6066103896783,33811
0.0,33812
1308.3013085646412,33813
0.0,33814
1313.8749125439922,33815
1320.9551209731756,33816
0.0,33817
0.0,33818
1330.209692344959,33819
257.73552423582237,33820
721.583963839308,33821
917.8657936090177,33822
1341.3685183587072,33823
0.0,33824
1355.5342217733023,33825
4237.716189714558,33826
4264.783586836442,33827
0.0,33828
0.0,33829
0.0,33830
703.6305444173553,33831
1371.8116854866662,33832
0.0,33833
143.6767031075461,33834
0.0,33835
0.0,33836
0.0,33837
0.0,33838
0.0,33839
0.0,33840
355.2751743395467,33841
0.0,33842
43.86768726356653,33843
1416.0163466790955,33844
0.0,33845
0.0,33846
0.0,33847
0.0,33848
0.0,33849
0.0,33850
844.540106392923,33851
858.1146281116384,33852
872.9839643061093,33853
0.0,33854
888.5506416063687,33855
903.9873690952217,33856
2683.315476389574,33857
2373.6565243140703,33858
921.8171750319507,33859
0.0,33860
933.8439114194662,33861
943.2234194475059,33862
2357.7694157354363,33863
0.0,33864
951.3801656039789,33865
1252.313319698573,33866
957.4577454544801,33867
0.0,33868
958.8221131941606,33869
0.0,33870
2685.8978498583538,33871
2122.2223789394957,33872
954.5855907429277,33873
952.0838478772246,33874
948.9437075757107,33875
0.0,33876
0.0,33877
945.737711808207,33878
0.0,33879
0.0,33880
0.0,33881
0.0,33882
0.0,33883
0.0,33884
0.0,33885
2807.771785477143,33886
0.0,33887
0.0,33888
0.0,33889
0.0,33890
0.0,33891
0.0,33892
2760.369923398273,33893
0.0,33894
0.0,33895
0.0,33896
0.0,33897
0.0,33898
0.0,33899
0.0,33900
0.0,33901
0.0,33902
36.68903126519784,33903
0.0,33904
0.0,33905
1772.3316156658004,33906
251.94354170938922,33907
251.17634921508954,33908
850.2814969238419,33909
847.9408995430775,33910
0.0,33911
846.4995431766437,33912
5219.725121752933,33913
0.0,33914
0.0,33915
99.56814107455243,33916
1786.9451965974583,33917
0.0,33918
0.0,33919
0.0,33920
0.0,33921
0.0,33922
115.20610909269516,33923
0.0,33924
0.0,33925
356.7302800638145,33926
0.0,33927
0.0,33928
0.0,33929
0.0,33930
0.0,33931
0.0,33932
835.3971412425917,33933
0.0,33934
0.0,33935
0.0,33936
333.46517078713265,33937
0.0,33938
0.0,33939
1280.072590891163,33940
1283.1193487856758,33941
1349.9454849175395,33942
1572.6598991898913,33943
0.0,33944
0.0,33945
1349.8919242413635,33946
5369.661205508197,33947
261.0290150218299,33948
1349.6652704651453,33949
0.0,33950
344.48319859826404,33951
0.0,33952
0.0,33953
0.0,33954
0.0,33955
2495.911371044951,33956
346.70498276571533,33957
479.3690531919213,33958
2832.8166584094793,33959
52.22030229173091,33960
321.1574638157524,33961
0.0,33962
1606.9203719359746,33963
0.0,33964
313.564200247993,33965
0.0,33966
1202.8617793417513,33967
570.5908891971077,33968
0.0,33969
1189.155313770407,33970
0.0,33971
1140.5705361949783,33972
1146.0686470097637,33973
0.0,33974
1042.7169659475207,33975
1081.5166019758585,33976
811.5224752932885,33977
506.83117418528946,33978
600.6144679953433,33979
586.1920047189667,33980
1392.4193034368614,33981
1759.4428664459351,33982
1000.5422912442792,33983
989.2931089851866,33984
1064.7616297131385,33985
544.6238023026696,33986
973.0161503399394,33987
3600.564865188556,33988
964.4883315555636,33989
0.0,33990
519.2790883441372,33991
0.0,33992
1101.3109922224764,33993
0.0,33994
604.1606930156754,33995
934.2815112576917,33996
926.5875160960569,33997
0.0,33998
0.0,33999
0.0,34000
0.0,34001
0.0,34002
0.0,34003
0.0,34004
0.0,34005
0.0,34006
0.0,34007
0.0,34008
0.0,34009
0.0,34010
0.0,34011
0.0,34012
0.0,34013
0.0,34014
0.0,34015
0.0,34016
0.0,34017
0.0,34018
0.0,34019
0.0,34020
0.0,34021
0.0,34022
0.0,34023
0.0,34024
0.0,34025
0.0,34026
0.0,34027
0.0,34028
0.0,34029
741.6023949128122,34030
0.0,34031
0.0,34032
0.0,34033
0.0,34034
0.0,34035
0.0,34036
0.0,34037
0.0,34038
0.0,34039
0.0,34040
0.0,34041
0.0,34042
0.0,34043
0.0,34044
0.0,34045
0.0,34046
0.0,34047
0.0,34048
0.0,34049
0.0,34050
0.0,34051
0.0,34052
0.0,34053
305.8419177626729,34054
0.0,34055
0.0,34056
0.0,34057
0.0,34058
0.0,34059
299.1779324885557,34060
0.0,34061
0.0,34062
0.0,34063
0.0,34064
0.0,34065
0.0,34066
0.0,34067
0.0,34068
0.0,34069
0.0,34070
0.0,34071
0.0,34072
0.0,34073
528.4324151801342,34074
2185.168357397654,34075
0.0,34076
0.0,34077
0.0,34078
0.0,34079
289.72455924339744,34080
0.0,34081
278.6259359070482,34082
884.4250477449816,34083
0.0,34084
0.0,34085
0.0,34086
0.0,34087
8190.176304864835,34088
0.0,34089
0.0,34090
0.0,34091
0.0,34092
0.0,34093
0.0,34094
0.0,34095
0.0,34096
0.0,34097
5717.618243884466,34098
0.0,34099
5728.35338302779,34100
0.0,34101
5737.756730270099,34102
0.0,34103
483.7495461836609,34104
69.76740403440458,34105
0.0,34106
0.0,34107
0.0,34108
0.0,34109
6151.819755108197,34110
0.0,34111
0.0,34112
6156.22607523301,34113
0.0,34114
6158.668563495455,34115
6159.129625817119,34116
6157.7010453856365,34117
0.0,34118
0.0,34119
6450.444557754524,34120
0.0,34121
0.0,34122
0.0,34123
1.1989453828015544,34124
3014.5210889892082,34125
0.0,34126
994.0537972025767,34127
0.0,34128
0.0,34129
0.0,34130
0.0,34131
0.0,34132
0.0,34133
0.0,34134
562.0608869828613,34135
0.0,34136
757.6183067237662,34137
617.0172950935602,34138
0.0,34139
0.0,34140
0.0,34141
0.0,34142
0.0,34143
0.0,34144
0.0,34145
0.0,34146
0.0,34147
745.1685894133809,34148
0.0,34149
0.0,34150
0.0,34151
0.0,34152
824.6316427623099,34153
0.0,34154
0.0,34155
0.0,34156
0.0,34157
0.0,34158
1039.3170334651338,34159
0.0,34160
2769.1811752572426,34161
0.0,34162
2173.0189193846227,34163
1117.646244277737,34164
0.0,34165
1486.213262295949,34166
0.0,34167
0.0,34168
0.0,34169
0.0,34170
0.0,34171
0.0,34172
1353.3593360802051,34173
0.0,34174
346.1559343715621,34175
0.0,34176
0.0,34177
124.93419919483723,34178
0.0,34179
0.0,34180
0.0,34181
0.0,34182
613.1577373814642,34183
0.0,34184
376.97588862128725,34185
0.0,34186
0.0,34187
0.0,34188
0.0,34189
596.8282667974338,34190
0.0,34191
0.0,34192
0.0,34193
0.0,34194
0.0,34195
0.0,34196
0.0,34197
0.0,34198
0.0,34199
0.0,34200
0.0,34201
0.0,34202
0.0,34203
1417.8684324374346,34204
0.0,34205
5539.532592707888,34206
0.0,34207
4789.615099645186,34208
1929.469746694378,34209
2084.619341731953,34210
1292.834123965384,34211
1244.5891425684679,34212
1229.302804889802,34213
2975.6263384704357,34214
0.0,34215
268.3680179909496,34216
0.0,34217
3896.7970091734883,34218
0.0,34219
0.0,34220
0.0,34221
914.8982057668511,34222
2092.90798483944,34223
0.0,34224
762.2758418527893,34225
460.4646265642644,34226
0.0,34227
2208.7088504584635,34228
961.9062982059944,34229
0.0,34230
2274.274493378252,34231
0.0,34232
3147.6168506752374,34233
4205.503213813953,34234
0.0,34235
0.0,34236
2560.154813585308,34237
1356.9522107823038,34238
0.0,34239
2786.935773559701,34240
0.0,34241
301.8338661443829,34242
2931.139114510945,34243
3189.199027471556,34244
1598.5643314475913,34245
885.5993312191433,34246
0.0,34247
3384.8631863424243,34248
0.0,34249
2898.0104459632257,34250
0.0,34251
0.0,34252
0.0,34253
1568.3854097743306,34254
0.0,34255
0.0,34256
2092.064926295605,34257
0.0,34258
1063.108795247713,34259
1054.8690669744597,34260
0.0,34261
1110.9609133119138,34262
0.0,34263
0.0,34264
0.0,34265
444.46122710485696,34266
347.95827811181874,34267
767.7626329425557,34268
0.0,34269
460.70105792267117,34270
770.678043418854,34271
768.1870036633783,34272
2382.6601415405185,34273
971.2607765894119,34274
1157.1476841796596,34275
2143.5559617489675,34276
0.0,34277
2390.0752751081523,34278
0.0,34279
0.0,34280
1219.1911210275741,34281
1217.353381608283,34282
0.0,34283
0.0,34284
0.0,34285
0.0,34286
0.0,34287
2123.0644355952722,34288
0.0,34289
0.0,34290
1226.9856854503328,34291
0.0,34292
0.0,34293
1225.6791812487086,34294
0.0,34295
0.0,34296
5769.407663726908,34297
2190.6048580269658,34298
0.0,34299
0.0,34300
1613.2263263005314,34301
0.0,34302
0.0,34303
0.0,34304
0.0,34305
0.0,34306
0.0,34307
2303.365785071427,34308
2287.1349398022617,34309
0.0,34310
0.0,34311
0.0,34312
0.0,34313
0.0,34314
1586.7017294062068,34315
107.16783186533834,34316
0.0,34317
0.0,34318
0.0,34319
0.0,34320
0.0,34321
0.0,34322
0.0,34323
0.0,34324
0.0,34325
0.0,34326
0.0,34327
0.0,34328
0.0,34329
0.0,34330
0.0,34331
0.0,34332
0.0,34333
0.0,34334
0.0,34335
0.0,34336
0.0,34337
0.0,34338
0.0,34339
0.0,34340
164.06993676306837,34341
918.1570541794541,34342
0.0,34343
0.0,34344
0.0,34345
0.0,34346
0.0,34347
0.0,34348
0.0,34349
0.0,34350
0.0,34351
0.0,34352
0.0,34353
0.0,34354
0.0,34355
0.0,34356
0.0,34357
0.0,34358
0.0,34359
0.0,34360
0.0,34361
0.0,34362
0.0,34363
0.0,34364
0.0,34365
0.0,34366
13.956304287665027,34367
0.0,34368
1059.3175502964832,34369
0.0,34370
0.0,34371
1015.0458925639215,34372
0.0,34373
0.0,34374
0.0,34375
50.2608419392871,34376
0.0,34377
0.0,34378
0.0,34379
0.0,34380
0.0,34381
0.0,34382
2120.7987370824826,34383
845.0678169783249,34384
0.0,34385
3105.7231046577353,34386
1768.7148597558705,34387
0.0,34388
0.0,34389
2129.578952472836,34390
0.0,34391
16.861661545642793,34392
0.0,34393
0.0,34394
0.0,34395
0.0,34396
0.0,34397
0.0,34398
0.0,34399
0.0,34400
170.74822743358862,34401
0.0,34402
77.58369821802515,34403
0.0,34404
78.34023819581563,34405
146.37172852093133,34406
0.0,34407
34.0367055467626,34408
0.0,34409
0.0,34410
0.0,34411
1715.132818386369,34412
0.0,34413
0.0,34414
996.1772258385997,34415
0.0,34416
0.0,34417
305.42350536025634,34418
0.0,34419
0.0,34420
0.0,34421
0.0,34422
0.0,34423
0.0,34424
0.0,34425
1212.9232573979143,34426
0.0,34427
223.52790456287732,34428
0.0,34429
1045.1231068602538,34430
0.0,34431
0.0,34432
1867.9779793138523,34433
0.0,34434
1540.3414383731622,34435
0.0,34436
359.2244386687545,34437
0.0,34438
47.06457072554017,34439
0.0,34440
0.0,34441
0.0,34442
0.0,34443
0.0,34444
0.0,34445
622.8887830896776,34446
0.0,34447
0.0,34448
0.0,34449
0.0,34450
0.0,34451
0.0,34452
0.0,34453
0.0,34454
0.0,34455
0.0,34456
620.6530688222251,34457
904.3780529840875,34458
0.0,34459
0.0,34460
0.0,34461
752.1948123278537,34462
105.94877041616388,34463
0.0,34464
0.0,34465
1741.2194719503877,34466
267.53031345711935,34467
429.76727474566536,34468
3198.205554566177,34469
0.0,34470
0.0,34471
0.0,34472
1256.5039971616138,34473
0.0,34474
0.0,34475
0.0,34476
0.0,34477
0.0,34478
682.9773892049351,34479
2458.0685609147063,34480
0.0,34481
0.0,34482
0.0,34483
0.0,34484
0.0,34485
0.0,34486
0.0,34487
3064.82238620727,34488
0.0,34489
0.0,34490
0.0,34491
293.2775074728845,34492
1955.8159124250903,34493
0.0,34494
897.3384213284929,34495
472.09165557227414,34496
2051.3925878659097,34497
0.5851131867656761,34498
0.0,34499
2000.7799056642982,34500
0.0,34501
0.0,34502
2340.8298614180762,34503
0.0,34504
1545.0276579207875,34505
0.0,34506
0.0,34507
0.0,34508
398.3566793685862,34509
736.0864861556856,34510
487.67447636513685,34511
0.0,34512
0.0,34513
0.0,34514
998.3300853688183,34515
22.058876768231002,34516
0.0,34517
0.0,34518
0.0,34519
0.0,34520
0.0,34521
0.0,34522
1352.7441612747996,34523
0.0,34524
0.0,34525
1803.3651830516915,34526
0.0,34527
0.0,34528
0.0,34529
0.0,34530
0.0,34531
0.0,34532
0.0,34533
1166.0571220058393,34534
2827.511270352791,34535
0.0,34536
1173.1844943176502,34537
0.0,34538
612.5792801190136,34539
0.0,34540
0.0,34541
0.0,34542
0.0,34543
4265.027311609886,34544
1447.5107095229057,34545
1106.355828542042,34546
1488.573227767637,34547
0.0,34548
0.0,34549
0.0,34550
0.0,34551
2809.8625387242555,34552
1202.0741434744104,34553
2387.331733892989,34554
2235.007003333277,34555
1357.4276058598512,34556
0.0,34557
0.0,34558
0.0,34559
61.315488862774,34560
2206.1688223864985,34561
0.0,34562
0.0,34563
0.0,34564
0.0,34565
154.21448432775648,34566
577.0840382956691,34567
0.0,34568
0.0,34569
0.0,34570
0.0,34571
0.0,34572
0.0,34573
0.0,34574
3856.307537078914,34575
0.0,34576
0.0,34577
4113.477261562662,34578
0.0,34579
0.0,34580
0.0,34581
2742.4376772364203,34582
0.0,34583
0.0,34584
5420.04493928869,34585
2933.7921458062015,34586
617.7792410218416,34587
4766.811794492872,34588
93.31202152094296,34589
0.0,34590
0.0,34591
0.0,34592
0.0,34593
0.0,34594
3074.6494699282334,34595
0.0,34596
0.0,34597
0.0,34598
0.0,34599
0.0,34600
0.0,34601
0.0,34602
435.8934017972029,34603
0.0,34604
201.76666065550367,34605
0.0,34606
0.0,34607
845.0189503337582,34608
0.0,34609
0.0,34610
0.0,34611
0.0,34612
0.0,34613
0.0,34614
3454.242700386072,34615
2794.327632706018,34616
0.0,34617
0.0,34618
5271.164276020763,34619
0.0,34620
0.0,34621
1525.1402829345484,34622
0.0,34623
1490.6739165751537,34624
0.0,34625
0.0,34626
0.0,34627
494.97163881037307,34628
0.0,34629
6178.304924173415,34630
2422.7192599814402,34631
0.0,34632
876.5508886876729,34633
1093.2064936317224,34634
0.0,34635
0.0,34636
3006.3361182909775,34637
0.0,34638
0.0,34639
6460.213103545983,34640
2854.218886831425,34641
4587.963950741112,34642
0.0,34643
2352.150642626921,34644
1867.042840806658,34645
0.0,34646
0.0,34647
0.0,34648
0.0,34649
0.0,34650
0.0,34651
0.0,34652
0.0,34653
0.0,34654
0.0,34655
0.0,34656
0.0,34657
0.0,34658
0.0,34659
0.0,34660
0.0,34661
0.0,34662
0.0,34663
0.0,34664
848.1477076835208,34665
0.0,34666
0.0,34667
1275.7681859365662,34668
2363.486294708606,34669
0.0,34670
2607.0267725910335,34671
1386.719946125554,34672
0.0,34673
0.0,34674
0.0,34675
0.0,34676
832.642098064664,34677
0.0,34678
2288.6544736366227,34679
791.7339557898931,34680
3504.9020917608177,34681
0.0,34682
0.0,34683
248.28613810210902,34684
0.0,34685
0.0,34686
0.0,34687
3643.4976268113787,34688
375.9202930126644,34689
0.0,34690
0.0,34691
0.0,34692
0.0,34693
0.0,34694
0.0,34695
580.0514402262131,34696
0.0,34697
1070.1412627253349,34698
1047.7828023652744,34699
0.0,34700
0.0,34701
0.0,34702
0.0,34703
0.0,34704
0.0,34705
0.0,34706
0.0,34707
0.0,34708
0.0,34709
0.0,34710
0.0,34711
0.0,34712
0.0,34713
0.0,34714
0.0,34715
0.0,34716
0.0,34717
0.0,34718
0.0,34719
0.0,34720
0.0,34721
0.0,34722
0.0,34723
0.0,34724
0.0,34725
0.0,34726
0.0,34727
0.0,34728
0.0,34729
901.6339774698165,34730
990.0440754027974,34731
0.0,34732
742.3575402399516,34733
0.0,34734
0.0,34735
0.0,34736
0.0,34737
0.0,34738
0.0,34739
0.0,34740
0.0,34741
0.0,34742
0.0,34743
0.0,34744
0.0,34745
0.0,34746
0.0,34747
2057.461098433657,34748
0.0,34749
0.0,34750
0.0,34751
0.0,34752
0.0,34753
213.15194538855127,34754
224.24621698261322,34755
0.0,34756
0.0,34757
0.0,34758
0.0,34759
0.0,34760
0.0,34761
0.0,34762
0.0,34763
0.0,34764
0.0,34765
0.0,34766
0.0,34767
318.2750697230073,34768
0.0,34769
0.0,34770
0.0,34771
0.0,34772
0.0,34773
0.0,34774
0.0,34775
0.0,34776
0.0,34777
0.0,34778
473.50334575250315,34779
824.9797376953611,34780
426.17428010918366,34781
0.0,34782
0.0,34783
0.0,34784
0.0,34785
0.0,34786
539.9521823365985,34787
0.0,34788
0.0,34789
0.0,34790
0.0,34791
0.0,34792
0.0,34793
0.0,34794
0.0,34795
0.0,34796
0.0,34797
0.0,34798
0.0,34799
0.0,34800
0.0,34801
0.0,34802
0.0,34803
0.0,34804
0.0,34805
0.0,34806
1397.4780843088445,34807
0.0,34808
0.0,34809
0.0,34810
0.0,34811
0.0,34812
0.0,34813
0.0,34814
0.0,34815
0.0,34816
0.0,34817
0.0,34818
0.0,34819
0.0,34820
0.0,34821
0.0,34822
0.0,34823
0.0,34824
0.0,34825
0.0,34826
0.0,34827
0.0,34828
0.0,34829
0.0,34830
0.0,34831
0.0,34832
0.0,34833
0.0,34834
0.0,34835
0.0,34836
0.0,34837
5663.323529911248,34838
0.0,34839
0.0,34840
0.0,34841
0.0,34842
0.0,34843
0.0,34844
0.0,34845
0.0,34846
0.0,34847
0.0,34848
0.0,34849
0.0,34850
0.0,34851
0.0,34852
0.0,34853
0.0,34854
0.0,34855
0.0,34856
0.0,34857
0.0,34858
0.0,34859
0.0,34860
0.0,34861
0.0,34862
0.0,34863
0.0,34864
0.0,34865
0.0,34866
0.0,34867
0.0,34868
0.0,34869
0.0,34870
0.0,34871
0.0,34872
0.0,34873
0.0,34874
0.0,34875
0.0,34876
0.0,34877
0.0,34878
0.0,34879
0.0,34880
0.0,34881
0.0,34882
0.0,34883
0.0,34884
0.0,34885
0.0,34886
0.0,34887
0.0,34888
0.0,34889
0.0,34890
0.0,34891
0.0,34892
0.0,34893
0.0,34894
0.0,34895
0.0,34896
0.0,34897
0.0,34898
0.0,34899
0.0,34900
0.0,34901
0.0,34902
0.0,34903
0.0,34904
0.0,34905
0.0,34906
0.0,34907
0.0,34908
0.0,34909
0.0,34910
5834.647614170883,34911
181.74050143465368,34912
768.2403944134302,34913
0.0,34914
0.0,34915
0.0,34916
0.0,34917
327.552050525188,34918
0.0,34919
0.0,34920
0.0,34921
0.0,34922
0.0,34923
0.0,34924
0.0,34925
0.0,34926
0.0,34927
0.0,34928
4586.171784267419,34929
0.0,34930
38.801064530476545,34931
0.0,34932
0.0,34933
0.0,34934
0.0,34935
0.0,34936
1251.3202272981973,34937
0.0,34938
0.0,34939
0.0,34940
0.0,34941
0.0,34942
0.0,34943
0.0,34944
0.0,34945
2296.8282981464745,34946
0.0,34947
0.0,34948
0.0,34949
0.0,34950
0.0,34951
0.0,34952
0.0,34953
0.0,34954
0.0,34955
0.0,34956
618.0493259151037,34957
0.0,34958
0.0,34959
0.0,34960
0.0,34961
0.0,34962
987.2540667362002,34963
969.6321262101978,34964
641.3168337170158,34965
2328.678151350254,34966
804.3187841338504,34967
0.0,34968
0.0,34969
1624.8586395128254,34970
609.0109444100044,34971
64.75718838772868,34972
0.0,34973
0.0,34974
0.0,34975
815.2760519869003,34976
0.0,34977
580.718590018307,34978
0.0,34979
0.0,34980
685.460295402793,34981
697.5630190829397,34982
711.2840443285096,34983
0.0,34984
0.0,34985
0.0,34986
0.0,34987
0.0,34988
0.0,34989
746.5676186444698,34990
0.0,34991
0.0,34992
26.84434243655185,34993
0.0,34994
0.0,34995
0.0,34996
0.0,34997
0.0,34998
0.0,34999
0.0,35000
0.0,35001
0.0,35002
134.88314273738857,35003
0.0,35004
2817.667949697894,35005
0.0,35006
0.0,35007
0.0,35008
0.0,35009
0.0,35010
849.8596932065988,35011
1523.2931527557844,35012
0.0,35013
0.0,35014
0.0,35015
0.0,35016
0.0,35017
0.0,35018
0.0,35019
0.0,35020
0.0,35021
0.0,35022
0.0,35023
0.0,35024
2576.4634256021614,35025
0.0,35026
0.0,35027
0.0,35028
299.5941844801874,35029
0.0,35030
670.0282515170929,35031
0.0,35032
0.0,35033
0.0,35034
0.0,35035
0.0,35036
0.0,35037
4743.306147607566,35038
0.0,35039
0.0,35040
0.0,35041
0.0,35042
0.0,35043
0.0,35044
0.0,35045
0.0,35046
0.0,35047
0.0,35048
0.0,35049
0.0,35050
0.0,35051
0.0,35052
428.7070844380261,35053
0.0,35054
761.6363411342679,35055
0.0,35056
455.8883786024143,35057
444.5334831377726,35058
0.0,35059
583.2311297812512,35060
675.1515231366645,35061
0.0,35062
668.3648022017065,35063
0.0,35064
0.0,35065
0.0,35066
0.0,35067
0.0,35068
0.0,35069
0.0,35070
0.0,35071
0.0,35072
0.0,35073
2596.4516302388383,35074
0.0,35075
0.0,35076
0.0,35077
0.0,35078
0.0,35079
0.0,35080
0.0,35081
0.0,35082
0.0,35083
0.0,35084
0.0,35085
0.0,35086
0.0,35087
150.8098823300559,35088
0.0,35089
0.0,35090
0.0,35091
0.0,35092
0.0,35093
0.0,35094
0.0,35095
0.0,35096
0.0,35097
0.0,35098
0.0,35099
0.0,35100
0.0,35101
0.0,35102
0.0,35103
0.0,35104
0.0,35105
0.0,35106
0.0,35107
0.0,35108
0.0,35109
0.0,35110
0.0,35111
0.0,35112
0.0,35113
0.0,35114
0.0,35115
326.16817126636647,35116
0.0,35117
0.0,35118
0.0,35119
0.0,35120
0.0,35121
0.0,35122
0.0,35123
0.0,35124
0.0,35125
3953.2369481558703,35126
0.0,35127
0.0,35128
0.0,35129
0.0,35130
0.0,35131
0.0,35132
0.0,35133
0.0,35134
0.0,35135
0.0,35136
266.46233558466594,35137
0.0,35138
0.0,35139
0.0,35140
66.47435577057375,35141
0.0,35142
0.0,35143
550.7920466908813,35144
0.0,35145
0.0,35146
0.0,35147
0.0,35148
0.0,35149
0.0,35150
0.0,35151
0.0,35152
0.0,35153
0.0,35154
0.0,35155
0.0,35156
0.0,35157
0.0,35158
0.0,35159
0.0,35160
0.0,35161
0.0,35162
791.1976585909476,35163
0.0,35164
0.0,35165
0.0,35166
0.0,35167
0.0,35168
94.87023087596071,35169
0.0,35170
91.00466123421435,35171
2530.419242443197,35172
1445.2376504320607,35173
0.0,35174
0.0,35175
0.0,35176
0.0,35177
0.0,35178
0.0,35179
0.0,35180
0.0,35181
5579.222109065641,35182
733.2004377178763,35183
0.0,35184
407.50748877451133,35185
1138.5857634208198,35186
439.14985688955403,35187
2947.794362695751,35188
0.0,35189
0.0,35190
868.3313350916692,35191
0.0,35192
0.0,35193
863.16795485195,35194
1568.5086495391456,35195
0.0,35196
0.0,35197
0.0,35198
4309.76656859684,35199
0.0,35200
0.0,35201
0.0,35202
0.0,35203
0.0,35204
0.0,35205
2142.3527107119635,35206
1177.7353159898516,35207
0.0,35208
4455.890141355326,35209
0.0,35210
872.2127305485417,35211
0.0,35212
368.3973476049882,35213
609.4920403546352,35214
0.0,35215
0.0,35216
0.0,35217
0.0,35218
0.0,35219
325.9284977762369,35220
0.0,35221
0.0,35222
0.0,35223
0.0,35224
0.0,35225
0.0,35226
553.6376333885538,35227
0.0,35228
0.0,35229
0.0,35230
0.0,35231
0.0,35232
0.0,35233
0.0,35234
0.0,35235
432.0538041672443,35236
0.0,35237
0.0,35238
578.386300161941,35239
0.0,35240
0.0,35241
0.0,35242
0.0,35243
0.0,35244
0.0,35245
0.0,35246
414.780461795791,35247
395.7394109524331,35248
164.56109152666093,35249
0.0,35250
0.0,35251
0.0,35252
0.0,35253
0.0,35254
0.0,35255
0.0,35256
0.0,35257
0.0,35258
0.0,35259
0.0,35260
0.0,35261
0.0,35262
0.0,35263
0.0,35264
0.0,35265
0.0,35266
0.0,35267
0.0,35268
0.0,35269
0.0,35270
0.0,35271
0.0,35272
658.4555479932094,35273
0.0,35274
0.0,35275
0.0,35276
319.9018584247242,35277
0.0,35278
0.0,35279
0.0,35280
0.0,35281
1654.9833707289786,35282
0.0,35283
0.0,35284
0.0,35285
0.0,35286
0.0,35287
0.0,35288
0.0,35289
0.0,35290
0.0,35291
0.0,35292
0.0,35293
0.0,35294
458.34167906227725,35295
0.0,35296
0.0,35297
0.0,35298
0.0,35299
0.0,35300
0.0,35301
2734.101419114572,35302
674.7589484178344,35303
0.0,35304
0.0,35305
0.0,35306
0.0,35307
0.0,35308
3356.1675189723674,35309
0.0,35310
3647.3166194472665,35311
0.0,35312
0.0,35313
0.0,35314
3487.4247270126166,35315
0.0,35316
0.0,35317
0.0,35318
0.0,35319
3386.6186628872783,35320
3515.8253435320207,35321
0.0,35322
0.0,35323
0.0,35324
0.0,35325
0.0,35326
4093.329337034742,35327
0.0,35328
2577.423432658065,35329
0.0,35330
0.0,35331
4202.371163956229,35332
0.0,35333
1440.9802366873087,35334
3449.4587877204,35335
112.60893948673295,35336
0.0,35337
1050.5728856029036,35338
752.2810601652768,35339
3454.9011237407326,35340
0.0,35341
2159.841798703329,35342
0.0,35343
0.0,35344
0.0,35345
0.0,35346
3445.3941340183937,35347
3250.059329198596,35348
3679.1459336215903,35349
3680.9433001288967,35350
0.0,35351
0.0,35352
3443.161247246079,35353
0.0,35354
3438.1340978927574,35355
3559.2331856537185,35356
3536.902649235965,35357
0.0,35358
0.0,35359
2954.9829980186037,35360
0.0,35361
0.0,35362
0.0,35363
0.0,35364
0.0,35365
0.0,35366
0.0,35367
0.0,35368
0.0,35369
0.0,35370
0.0,35371
0.0,35372
0.0,35373
0.0,35374
0.0,35375
0.0,35376
0.0,35377
0.0,35378
0.0,35379
0.0,35380
0.0,35381
0.0,35382
0.0,35383
0.0,35384
0.0,35385
0.0,35386
0.0,35387
0.0,35388
0.0,35389
0.0,35390
0.0,35391
0.0,35392
0.0,35393
0.0,35394
0.0,35395
0.0,35396
0.0,35397
0.0,35398
1158.0521362179582,35399
0.0,35400
0.0,35401
0.0,35402
1111.0735441936843,35403
907.273306724629,35404
0.0,35405
0.0,35406
0.0,35407
0.0,35408
373.43594920421117,35409
0.0,35410
0.0,35411
0.0,35412
0.0,35413
0.0,35414
0.0,35415
0.0,35416
0.0,35417
0.0,35418
0.0,35419
0.0,35420
0.0,35421
0.0,35422
0.0,35423
0.0,35424
0.0,35425
0.0,35426
0.0,35427
0.0,35428
0.0,35429
0.0,35430
0.0,35431
7150.009614156478,35432
0.0,35433
0.0,35434
0.0,35435
0.0,35436
0.0,35437
0.0,35438
0.0,35439
493.8601501542683,35440
0.0,35441
0.0,35442
0.0,35443
0.0,35444
0.0,35445
251.46896510693992,35446
0.0,35447
0.0,35448
0.0,35449
0.0,35450
0.0,35451
0.0,35452
0.0,35453
0.0,35454
0.0,35455
0.0,35456
0.0,35457
0.0,35458
0.0,35459
0.0,35460
44.5880890215277,35461
0.0,35462
0.0,35463
0.0,35464
0.0,35465
0.0,35466
0.0,35467
0.0,35468
0.0,35469
0.0,35470
0.0,35471
0.0,35472
0.0,35473
351.4039621191631,35474
0.0,35475
1643.9397936738153,35476
0.0,35477
0.0,35478
0.0,35479
0.0,35480
355.6544051820956,35481
0.0,35482
0.0,35483
0.0,35484
0.0,35485
0.0,35486
0.0,35487
0.0,35488
0.0,35489
0.0,35490
0.0,35491
1661.892157415273,35492
0.0,35493
0.0,35494
0.0,35495
0.0,35496
0.0,35497
0.0,35498
2285.50257035577,35499
0.0,35500
0.0,35501
1677.8712533174526,35502
0.0,35503
0.0,35504
0.0,35505
0.0,35506
0.0,35507
0.0,35508
0.0,35509
0.0,35510
0.0,35511
0.0,35512
0.0,35513
0.0,35514
98.15680431822965,35515
1418.0776510620374,35516
708.5935174157829,35517
0.0,35518
0.0,35519
438.28122112249173,35520
442.2238466503931,35521
0.0,35522
325.7459913732197,35523
441.1649813653583,35524
437.60097891425124,35525
431.82957182561864,35526
0.0,35527
0.0,35528
185.99613258793804,35529
0.0,35530
0.0,35531
0.0,35532
691.0632654115849,35533
0.0,35534
0.0,35535
961.4988594440464,35536
0.0,35537
0.0,35538
1749.2857101669886,35539
0.0,35540
344.5611364463642,35541
0.0,35542
0.0,35543
0.0,35544
0.0,35545
0.0,35546
0.0,35547
0.0,35548
0.0,35549
0.0,35550
0.0,35551
0.0,35552
0.0,35553
0.0,35554
0.0,35555
0.0,35556
1604.9004195887458,35557
545.7429148712201,35558
0.0,35559
0.0,35560
540.3838232237047,35561
0.0,35562
0.0,35563
0.0,35564
0.0,35565
0.0,35566
0.0,35567
0.0,35568
0.0,35569
0.0,35570
0.0,35571
0.0,35572
0.0,35573
0.0,35574
0.0,35575
0.0,35576
0.0,35577
0.0,35578
0.0,35579
0.0,35580
0.0,35581
0.0,35582
0.0,35583
0.0,35584
0.0,35585
0.0,35586
0.0,35587
0.0,35588
0.0,35589
147.1033373575118,35590
0.0,35591
0.0,35592
0.0,35593
0.0,35594
0.0,35595
773.8856226756653,35596
0.0,35597
0.0,35598
0.0,35599
751.1014942771459,35600
0.0,35601
0.0,35602
0.0,35603
0.0,35604
0.0,35605
0.0,35606
0.0,35607
0.0,35608
0.0,35609
0.0,35610
0.0,35611
1610.9953611556919,35612
0.0,35613
2895.9408650166447,35614
0.0,35615
0.0,35616
0.0,35617
0.0,35618
769.4170839758295,35619
0.0,35620
0.0,35621
0.0,35622
0.0,35623
0.0,35624
0.0,35625
0.0,35626
0.0,35627
0.0,35628
0.0,35629
0.0,35630
0.0,35631
0.0,35632
0.0,35633
0.0,35634
1391.864679730514,35635
0.0,35636
1617.772167070088,35637
0.0,35638
0.0,35639
0.0,35640
0.0,35641
0.0,35642
0.0,35643
0.0,35644
0.0,35645
0.0,35646
0.0,35647
0.0,35648
0.0,35649
0.0,35650
0.0,35651
0.0,35652
2128.8603741836673,35653
0.0,35654
0.0,35655
0.0,35656
0.0,35657
0.0,35658
0.0,35659
1632.0211987081004,35660
0.0,35661
0.0,35662
0.0,35663
0.0,35664
0.0,35665
0.0,35666
0.0,35667
0.0,35668
51.080961752822724,35669
765.6069384195663,35670
0.0,35671
0.0,35672
0.0,35673
0.0,35674
0.0,35675
0.0,35676
0.0,35677
783.4549102062862,35678
0.0,35679
66.23677481517724,35680
0.0,35681
0.0,35682
0.0,35683
51.55261535666133,35684
0.0,35685
0.0,35686
38.0568920758775,35687
0.0,35688
0.0,35689
0.0,35690
0.0,35691
0.0,35692
0.0,35693
26.637939593394837,35694
0.0,35695
17.72464177656089,35696
0.0,35697
0.0,35698
0.0,35699
11.255866123109397,35700
0.0,35701
0.0,35702
0.0,35703
0.0,35704
0.0,35705
0.0,35706
0.0,35707
0.0,35708
0.0,35709
0.0,35710
0.0,35711
0.0,35712
0.0,35713
6.851590337626235,35714
4.014714325573715,35715
0.0,35716
0.0,35717
0.0,35718
0.0,35719
2.273341516228611,35720
0.0,35721
0.0,35722
0.0,35723
0.0,35724
1.2483632601414438,35725
0.0,35726
0.0,35727
0.0,35728
0.0,35729
0.0,35730
0.0,35731
0.6668457239943356,35732
0.0,35733
0.0,35734
0.0,35735
0.0,35736
0.0,35737
0.3474520415840908,35738
829.7673517496814,35739
1.6389995852279535,35740
0.0,35741
0.0,35742
0.0,35743
0.0,35744
0.0,35745
0.0,35746
0.0,35747
0.0,35748
0.0,35749
0.0,35750
0.0,35751
1681.2066503012395,35752
0.0,35753
641.6939079114094,35754
0.0,35755
1810.548621422702,35756
0.0,35757
0.0,35758
0.0,35759
0.0,35760
0.0,35761
562.8225801771899,35762
0.0,35763
0.0,35764
0.0,35765
0.0,35766
2494.0369796724262,35767
0.0,35768
0.0,35769
0.0,35770
2895.9043586423945,35771
5909.977445692707,35772
6370.741609710766,35773
0.0,35774
0.0,35775
2170.5684769659124,35776
2014.6101839394062,35777
1182.8868577289006,35778
2823.0561388552496,35779
2714.425178936015,35780
0.0,35781
2770.518460485369,35782
1278.1290492734663,35783
2901.1243412933895,35784
668.6451663667754,35785
0.0,35786
2731.632644304382,35787
2894.307426294674,35788
2869.0171248245574,35789
0.0,35790
0.0,35791
0.0,35792
0.0,35793
3187.8759824078097,35794
230.46419548120045,35795
64.93931768918401,35796
3055.1939028503234,35797
1028.7693136093233,35798
0.0,35799
2440.54652370773,35800
2429.0146637386383,35801
559.1616331190687,35802
91.29868196470898,35803
0.0,35804
0.0,35805
0.0,35806
0.0,35807
0.0,35808
0.0,35809
0.0,35810
38.9603186112375,35811
0.0,35812
0.0,35813
0.0,35814
0.0,35815
32.87565726306989,35816
0.0,35817
0.0,35818
0.0,35819
0.0,35820
5276.794721328773,35821
0.5132412680607713,35822
0.0,35823
25.90464090634962,35824
0.0,35825
0.0,35826
0.0,35827
0.0,35828
0.0,35829
0.0,35830
21.079055907148085,35831
0.0,35832
0.0,35833
0.0,35834
16.731085835878957,35835
0.0,35836
0.0,35837
0.0,35838
0.0,35839
0.0,35840
0.0,35841
12.953368074252182,35842
0.0,35843
109.8006385172547,35844
0.0,35845
105.97737883410463,35846
0.0,35847
1930.6630931682314,35848
0.0,35849
242.55664069432444,35850
6.694873949804436,35851
3.738972483427003,35852
0.0,35853
0.0,35854
0.0,35855
0.0,35856
0.0,35857
0.0,35858
0.0,35859
0.0,35860
0.0,35861
0.0,35862
0.0,35863
0.0,35864
0.0,35865
0.0,35866
0.0,35867
0.0,35868
0.0,35869
0.0,35870
0.0,35871
971.4896557008617,35872
0.0,35873
0.0,35874
817.2394903952555,35875
1254.2197301267188,35876
964.3001539456433,35877
0.0,35878
0.0,35879
949.4486811326245,35880
0.0,35881
0.0,35882
0.0,35883
0.0,35884
0.0,35885
0.0,35886
0.0,35887
0.0,35888
0.0,35889
0.0,35890
0.0,35891
0.0,35892
0.0,35893
0.0,35894
0.0,35895
0.0,35896
0.0,35897
0.0,35898
0.0,35899
0.0,35900
0.0,35901
0.0,35902
0.0,35903
0.0,35904
0.0,35905
0.0,35906
0.0,35907
1607.2310936448025,35908
0.0,35909
0.0,35910
0.0,35911
0.0,35912
0.0,35913
0.0,35914
0.0,35915
732.4838650664755,35916
1975.0523232469736,35917
5389.55348746736,35918
5270.5093439689645,35919
0.0,35920
0.0,35921
0.0,35922
0.0,35923
0.0,35924
5372.67665559279,35925
0.0,35926
0.0,35927
0.0,35928
0.0,35929
0.0,35930
0.0,35931
0.0,35932
0.0,35933
0.0,35934
0.0,35935
0.0,35936
61.556741172490725,35937
637.7457808835949,35938
0.0,35939
746.3987108869766,35940
64.60282690142563,35941
1482.9102463026315,35942
1352.2478968587943,35943
1334.9418475815098,35944
200.9224434198293,35945
0.0,35946
398.2626351848262,35947
214.34355781193085,35948
0.0,35949
0.0,35950
0.0,35951
0.0,35952
0.0,35953
0.0,35954
0.0,35955
0.0,35956
0.0,35957
0.0,35958
0.0,35959
2162.0659625965786,35960
2038.45661773627,35961
0.0,35962
0.0,35963
0.0,35964
0.0,35965
0.0,35966
2257.0460377514073,35967
1636.316755190378,35968
1465.910991978015,35969
1484.7407733507926,35970
0.0,35971
0.0,35972
2442.136307299526,35973
341.49047029612433,35974
0.0,35975
3874.392092604455,35976
2595.164454206844,35977
1650.9708660200813,35978
1469.4121131826969,35979
0.0,35980
1634.209211028507,35981
2227.248032893479,35982
0.0,35983
2199.76178937003,35984
1870.322650352244,35985
1502.3508474563107,35986
1516.088012607377,35987
1492.9771826350657,35988
1631.231015662497,35989
4159.909274212967,35990
0.0,35991
0.0,35992
1617.1577157481963,35993
1384.7104859869753,35994
0.0,35995
2915.485831668114,35996
0.0,35997
326.4711302589269,35998
1744.9278494854025,35999
0.0,36000
324.33796456242453,36001
1161.4058357509753,36002
1795.516774688321,36003
0.0,36004
0.0,36005
0.0,36006
104.85353383336574,36007
2424.4953944217405,36008
0.0,36009
1410.011552913851,36010
1098.0177968115497,36011
0.0,36012
1117.9200230243284,36013
1168.4987473464766,36014
954.2430983348878,36015
1212.6506319230425,36016
0.0,36017
0.0,36018
3557.0449752299423,36019
3890.4252903049696,36020
1245.0796811585517,36021
3170.8437331891278,36022
1013.8626140364256,36023
1856.1530376853273,36024
771.7352170756596,36025
0.0,36026
544.1411933148553,36027
1250.0947290705824,36028
734.0796691612541,36029
2482.172831960387,36030
0.0,36031
0.0,36032
0.0,36033
627.7447665970891,36034
0.0,36035
0.0,36036
621.2470081822898,36037
700.6904767721126,36038
303.6200723664908,36039
896.3986250860564,36040
325.17586425876755,36041
0.0,36042
0.0,36043
0.0,36044
346.3957744196146,36045
0.0,36046
636.7339775999187,36047
650.8723728375048,36048
0.0,36049
0.0,36050
0.0,36051
0.0,36052
0.0,36053
0.0,36054
0.0,36055
0.0,36056
0.0,36057
0.0,36058
0.0,36059
188.76996392120896,36060
201.29481802810247,36061
213.20094608070895,36062
0.0,36063
0.0,36064
0.0,36065
0.0,36066
0.0,36067
0.0,36068
0.0,36069
0.0,36070
5678.328287408103,36071
726.5010410195403,36072
0.0,36073
0.0,36074
0.0,36075
0.0,36076
0.0,36077
0.0,36078
0.0,36079
2084.3628220003015,36080
0.0,36081
1350.9903197621634,36082
1701.4608252055893,36083
2830.5743803214145,36084
1303.9066782598645,36085
805.8371406426539,36086
1308.5264091078946,36087
1001.1526221742552,36088
1288.5769016188788,36089
2485.7263162528184,36090
1350.4050984925168,36091
1366.5103801227717,36092
1426.787986490713,36093
0.0,36094
0.0,36095
2122.781413718466,36096
1730.8858217201157,36097
0.0,36098
726.9540707985885,36099
762.988914481687,36100
0.0,36101
0.0,36102
0.0,36103
0.0,36104
0.0,36105
0.0,36106
0.0,36107
0.0,36108
0.0,36109
553.1723194737167,36110
0.0,36111
0.0,36112
0.0,36113
0.0,36114
0.0,36115
0.0,36116
0.0,36117
241.29160239351734,36118
0.0,36119
0.0,36120
0.0,36121
0.0,36122
0.0,36123
794.1058829275202,36124
1243.9197376475686,36125
0.0,36126
0.0,36127
0.0,36128
0.0,36129
178.5899873510461,36130
0.0,36131
0.0,36132
0.0,36133
0.0,36134
0.0,36135
0.0,36136
0.0,36137
0.0,36138
0.0,36139
1200.6883977624298,36140
0.0,36141
0.0,36142
0.0,36143
0.0,36144
0.0,36145
0.0,36146
0.0,36147
0.0,36148
0.0,36149
0.0,36150
0.0,36151
0.0,36152
0.0,36153
0.0,36154
0.0,36155
0.0,36156
0.0,36157
0.0,36158
0.0,36159
0.0,36160
0.0,36161
0.0,36162
587.9449368651614,36163
0.0,36164
0.0,36165
473.7294842564217,36166
0.0,36167
225.13542436642115,36168
0.0,36169
0.0,36170
0.0,36171
0.0,36172
0.0,36173
0.0,36174
0.0,36175
0.0,36176
0.0,36177
0.0,36178
0.0,36179
1714.6002762993107,36180
0.0,36181
0.0,36182
0.0,36183
0.0,36184
0.0,36185
0.0,36186
0.0,36187
0.0,36188
0.0,36189
982.2654862976544,36190
3175.5351856234283,36191
973.6883218106958,36192
0.0,36193
1106.6974954813038,36194
550.7538986792672,36195
1460.219515453522,36196
0.0,36197
1912.8234072776147,36198
0.0,36199
1416.4115497070043,36200
3148.2732487315325,36201
2230.738297176451,36202
3314.8591008237495,36203
4212.119573701489,36204
0.0,36205
3921.1368031455686,36206
1238.0060234528944,36207
0.0,36208
1317.1641987762291,36209
0.0,36210
2185.309834391707,36211
0.0,36212
3650.7395459246486,36213
1038.8174746219645,36214
1671.1467051517861,36215
1715.8216990066976,36216
752.8580014896434,36217
1587.0927209577414,36218
0.0,36219
1744.3421787655668,36220
0.0,36221
0.0,36222
2361.856235525457,36223
1808.0381455659788,36224
0.0,36225
1470.7190832672827,36226
0.0,36227
0.0,36228
0.0,36229
0.0,36230
0.0,36231
0.0,36232
0.0,36233
0.0,36234
177.06369401010167,36235
0.0,36236
0.0,36237
0.0,36238
0.0,36239
0.0,36240
0.0,36241
0.0,36242
0.0,36243
0.0,36244
0.0,36245
863.5996171440597,36246
0.0,36247
0.0,36248
0.0,36249
0.0,36250
0.0,36251
0.0,36252
0.0,36253
0.0,36254
0.0,36255
0.0,36256
0.0,36257
0.0,36258
0.0,36259
0.0,36260
0.0,36261
0.0,36262
0.0,36263
0.0,36264
0.0,36265
0.0,36266
0.0,36267
0.0,36268
0.0,36269
0.0,36270
0.0,36271
0.0,36272
0.0,36273
0.0,36274
0.0,36275
0.0,36276
0.0,36277
0.0,36278
0.0,36279
0.0,36280
0.0,36281
0.0,36282
0.0,36283
0.0,36284
0.0,36285
0.0,36286
0.0,36287
0.0,36288
0.0,36289
0.0,36290
95.54496309134086,36291
3070.3908575594014,36292
0.0,36293
0.0,36294
0.0,36295
0.0,36296
0.0,36297
0.0,36298
0.0,36299
1670.2661220838595,36300
0.0,36301
3164.6523836681044,36302
1306.2187774660108,36303
1586.7833602895773,36304
1280.6715739936424,36305
207.82946086792458,36306
0.0,36307
0.0,36308
0.0,36309
876.9832362471863,36310
0.0,36311
0.0,36312
0.0,36313
0.0,36314
0.0,36315
0.0,36316
0.0,36317
0.0,36318
0.0,36319
0.0,36320
0.0,36321
0.0,36322
0.0,36323
0.0,36324
0.0,36325
2560.808028310318,36326
4532.932990204997,36327
0.0,36328
0.0,36329
1346.3494278529047,36330
0.0,36331
0.0,36332
0.0,36333
0.0,36334
0.0,36335
0.0,36336
396.01502714029067,36337
0.0,36338
0.0,36339
0.0,36340
792.9664182554855,36341
0.0,36342
1330.8362633706608,36343
0.0,36344
0.0,36345
0.0,36346
0.0,36347
0.0,36348
0.0,36349
0.0,36350
0.0,36351
0.0,36352
0.0,36353
0.0,36354
0.0,36355
491.8928733170879,36356
0.0,36357
0.0,36358
0.0,36359
55.15797063565726,36360
5510.56229233176,36361
1762.13644438389,36362
0.0,36363
5485.717278536387,36364
0.0,36365
0.0,36366
0.0,36367
1535.5292424609597,36368
0.0,36369
0.0,36370
0.0,36371
0.0,36372
0.0,36373
0.0,36374
0.0,36375
251.30409919070573,36376
0.0,36377
0.0,36378
914.2911124385262,36379
1431.2218556906187,36380
797.6253934532369,36381
0.0,36382
0.0,36383
4712.605426712846,36384
0.0,36385
163.80187664305927,36386
0.0,36387
0.0,36388
6.867143245117574,36389
2.701662232194006,36390
0.0,36391
0.0,36392
0.0,36393
0.0,36394
0.0,36395
497.5646806890982,36396
0.0,36397
0.0,36398
0.0,36399
0.0,36400
0.0,36401
0.0,36402
0.0,36403
0.0,36404
0.0,36405
0.0,36406
0.0,36407
0.0,36408
0.0,36409
0.0,36410
254.6919582399174,36411
0.0,36412
0.0,36413
0.0,36414
0.0,36415
183.1425830820015,36416
0.0,36417
0.0,36418
0.0,36419
0.0,36420
0.0,36421
0.0,36422
0.0,36423
1404.6822938311245,36424
0.0,36425
2270.9130639343925,36426
0.0,36427
1296.4420086761002,36428
0.0,36429
0.0,36430
0.0,36431
0.0,36432
0.0,36433
137.03406451972393,36434
0.0,36435
2302.946991883381,36436
0.0,36437
0.0,36438
0.0,36439
111.94172284242423,36440
244.4542520106821,36441
0.0,36442
0.0,36443
0.0,36444
0.0,36445
0.0,36446
0.0,36447
0.0,36448
0.0,36449
0.0,36450
0.0,36451
0.0,36452
0.0,36453
0.0,36454
0.0,36455
0.0,36456
0.0,36457
0.0,36458
0.0,36459
0.0,36460
0.0,36461
0.0,36462
0.0,36463
0.0,36464
0.0,36465
245.45614754715203,36466
294.7320169327164,36467
0.0,36468
0.0,36469
0.0,36470
0.0,36471
0.0,36472
0.0,36473
0.0,36474
0.0,36475
0.0,36476
0.0,36477
0.0,36478
0.0,36479
0.0,36480
0.0,36481
0.0,36482
0.0,36483
0.0,36484
0.0,36485
0.0,36486
0.0,36487
0.0,36488
0.0,36489
0.0,36490
0.0,36491
0.0,36492
0.0,36493
0.0,36494
0.0,36495
417.2781565304732,36496
0.0,36497
0.0,36498
0.0,36499
0.0,36500
0.0,36501
0.0,36502
0.0,36503
0.0,36504
0.0,36505
0.0,36506
0.0,36507
453.2382065060619,36508
39.356528375187494,36509
0.0,36510
0.0,36511
0.0,36512
0.0,36513
0.0,36514
588.0050714144663,36515
0.0,36516
0.0,36517
568.7175644661636,36518
0.0,36519
0.0,36520
0.0,36521
0.0,36522
0.0,36523
0.0,36524
0.0,36525
0.0,36526
0.0,36527
0.0,36528
0.0,36529
0.0,36530
0.0,36531
0.0,36532
0.0,36533
0.0,36534
666.4070381773764,36535
0.0,36536
0.0,36537
0.0,36538
0.0,36539
0.0,36540
0.0,36541
0.0,36542
0.0,36543
0.0,36544
0.0,36545
0.0,36546
0.0,36547
0.0,36548
2241.297001196272,36549
2311.789857378227,36550
1948.669130997261,36551
0.0,36552
0.0,36553
0.0,36554
0.0,36555
2142.2882541550466,36556
2150.5144423392603,36557
0.0,36558
0.0,36559
938.6540160894524,36560
0.0,36561
0.0,36562
0.0,36563
0.0,36564
0.0,36565
0.0,36566
0.0,36567
0.0,36568
0.0,36569
0.0,36570
0.0,36571
0.0,36572
0.0,36573
0.0,36574
0.0,36575
0.0,36576
0.0,36577
0.0,36578
225.79516426963633,36579
0.0,36580
0.0,36581
0.0,36582
0.0,36583
0.0,36584
43.532099928592764,36585
0.0,36586
0.0,36587
39.5086765175982,36588
0.0,36589
0.0,36590
0.0,36591
0.0,36592
0.0,36593
0.0,36594
0.0,36595
0.0,36596
0.0,36597
0.0,36598
0.0,36599
0.0,36600
0.0,36601
0.0,36602
0.0,36603
0.0,36604
0.0,36605
1862.9703514510793,36606
0.0,36607
0.0,36608
0.0,36609
0.0,36610
0.0,36611
0.0,36612
0.0,36613
0.0,36614
0.0,36615
0.0,36616
0.0,36617
0.0,36618
0.0,36619
0.0,36620
0.0,36621
0.0,36622
0.0,36623
0.0,36624
0.0,36625
0.0,36626
0.0,36627
0.0,36628
0.0,36629
0.0,36630
0.0,36631
0.0,36632
0.0,36633
0.0,36634
0.0,36635
0.0,36636
0.0,36637
0.0,36638
0.0,36639
0.0,36640
0.0,36641
0.0,36642
0.0,36643
0.0,36644
0.0,36645
0.0,36646
0.0,36647
0.0,36648
0.0,36649
0.0,36650
0.0,36651
0.0,36652
0.0,36653
0.0,36654
0.0,36655
589.1136383586874,36656
0.0,36657
0.0,36658
0.0,36659
1841.2969526267261,36660
0.0,36661
0.0,36662
297.2340257505047,36663
0.0,36664
1050.247049360667,36665
0.0,36666
0.0,36667
2173.336033482338,36668
1316.0373990593635,36669
0.0,36670
2229.0173077493723,36671
2155.4403681848985,36672
2184.51729820365,36673
2315.9962759734476,36674
2237.8113626713803,36675
2363.6299690688875,36676
2278.9302164430032,36677
2065.279001047294,36678
2223.6923805829856,36679
2335.653173545641,36680
3079.5824092997454,36681
14354.14961059267,36682
1038.8868610192874,36683
0.0,36684
0.0,36685
0.0,36686
0.0,36687
0.0,36688
0.0,36689
0.0,36690
0.0,36691
0.0,36692
381.8218173075756,36693
0.0,36694
0.0,36695
0.0,36696
0.0,36697
0.0,36698
0.0,36699
0.0,36700
1422.468211865703,36701
0.0,36702
0.0,36703
0.0,36704
0.0,36705
6715.175974185654,36706
0.0,36707
0.0,36708
11583.817298104115,36709
0.0,36710
0.0,36711
231.22557969713907,36712
0.0,36713
0.0,36714
2.05031042696914,36715
0.0,36716
0.0,36717
0.0,36718
0.0,36719
0.0,36720
0.0,36721
0.0,36722
0.0,36723
0.0,36724
0.0,36725
0.0,36726
4960.466777603442,36727
0.0,36728
0.0,36729
0.0,36730
0.0,36731
0.0,36732
0.0,36733
0.0,36734
0.0,36735
285.0286592551389,36736
0.0,36737
0.0,36738
0.0,36739
0.0,36740
0.0,36741
0.0,36742
0.0,36743
0.0,36744
0.0,36745
0.0,36746
0.0,36747
0.0,36748
0.0,36749
0.0,36750
0.0,36751
0.0,36752
0.0,36753
0.0,36754
6176.1193576414535,36755
0.0,36756
0.0,36757
0.0,36758
0.0,36759
0.0,36760
0.0,36761
0.0,36762
0.0,36763
0.0,36764
0.0,36765
2684.189174754715,36766
0.0,36767
0.0,36768
0.0,36769
0.0,36770
0.0,36771
0.0,36772
0.0,36773
0.0,36774
0.0,36775
0.0,36776
0.0,36777
0.0,36778
0.0,36779
0.0,36780
0.0,36781
0.0,36782
0.0,36783
0.0,36784
0.0,36785
0.0,36786
0.0,36787
0.0,36788
0.0,36789
0.0,36790
0.0,36791
0.0,36792
0.0,36793
0.0,36794
0.0,36795
0.0,36796
0.0,36797
0.0,36798
0.0,36799
0.0,36800
0.0,36801
0.0,36802
0.0,36803
0.0,36804
0.0,36805
0.0,36806
0.0,36807
0.0,36808
0.0,36809
0.0,36810
0.0,36811
0.0,36812
0.0,36813
0.0,36814
0.0,36815
0.0,36816
0.0,36817
0.0,36818
0.0,36819
0.0,36820
0.0,36821
0.0,36822
0.0,36823
0.0,36824
0.0,36825
1189.8527555888115,36826
0.0,36827
0.0,36828
0.0,36829
0.0,36830
0.0,36831
0.0,36832
0.0,36833
0.0,36834
0.0,36835
0.0,36836
0.0,36837
0.0,36838
0.0,36839
0.0,36840
225.85405411180133,36841
10419.844038263025,36842
692.286357857992,36843
0.0,36844
0.0,36845
0.0,36846
0.0,36847
0.0,36848
0.0,36849
2965.296511748094,36850
758.7400670524555,36851
0.0,36852
0.0,36853
0.0,36854
0.0,36855
0.0,36856
0.0,36857
0.0,36858
0.0,36859
0.0,36860
0.0,36861
0.0,36862
0.0,36863
0.0,36864
0.0,36865
0.0,36866
0.0,36867
0.0,36868
0.0,36869
0.0,36870
0.0,36871
0.0,36872
0.0,36873
0.0,36874
0.0,36875
0.0,36876
0.0,36877
0.0,36878
0.0,36879
0.0,36880
0.0,36881
0.0,36882
0.0,36883
0.0,36884
0.0,36885
0.0,36886
0.0,36887
902.2316663227518,36888
0.0,36889
0.0,36890
0.0,36891
0.0,36892
0.0,36893
0.0,36894
0.0,36895
2241.932035999265,36896
0.0,36897
0.0,36898
0.0,36899
0.0,36900
