cs,index
0.0,0
0.0,1
0.0,2
0.0,3
0.0,4
0.0,5
0.0,6
0.0,7
0.0,8
0.0,9
0.0,10
0.0,11
447.77883703900756,12
0.0,13
0.0,14
1017.8984273285364,15
0.0,16
0.0,17
0.0,18
0.0,19
0.0,20
0.0,21
0.0,22
0.0,23
0.0,24
0.0,25
0.0,26
0.0,27
0.0,28
931.3336299104657,29
0.0,30
0.0,31
0.0,32
0.0,33
0.0,34
625.3760746900901,35
0.0,36
0.0,37
0.0,38
0.0,39
1544.9793274592614,40
0.0,41
0.0,42
0.0,43
0.0,44
0.0,45
0.0,46
0.0,47
4.005523498424168,48
0.0,49
0.0,50
0.0,51
1046.80215693575,52
0.0,53
0.0,54
715.782253625808,55
0.0,56
0.0,57
0.0,58
0.0,59
0.0,60
0.0,61
0.0,62
0.0,63
0.0,64
417.3175567818184,65
577.189711939305,66
0.0,67
343.3678824546627,68
0.0,69
2011.5983129912743,70
0.0,71
0.0,72
2657.158155568385,73
0.0,74
994.6390148136311,75
1685.1808832848174,76
1724.4667066364555,77
0.0,78
0.0,79
0.0,80
0.0,81
0.0,82
0.0,83
0.0,84
0.0,85
0.0,86
0.0,87
0.0,88
2501.129191799933,89
0.0,90
0.0,91
0.0,92
0.0,93
4537.774702261359,94
5435.779879806824,95
0.0,96
6752.110671609367,97
0.0,98
380.4646295357861,99
3176.3894656721327,100
5431.7958553758,101
1508.316373730044,102
0.0,103
1519.4596881079096,104
3007.144952003876,105
8711.249929019727,106
0.0,107
0.0,108
0.0,109
0.0,110
0.0,111
324.60626199716756,112
37.43206505761287,113
4884.478540103774,114
0.0,115
0.0,116
79.00604184288012,117
0.0,118
0.0,119
2149.5156129614697,120
424.8047382351135,121
0.0,122
0.0,123
1979.7086679667182,124
0.0,125
4769.566666743975,126
3652.5512632692044,127
5071.9333496507525,128
3660.971740376106,129
4750.250837610117,130
0.0,131
2463.3332430848827,132
0.0,133
0.0,134
0.0,135
340.01631771048955,136
0.0,137
0.0,138
0.0,139
0.0,140
0.0,141
0.0,142
0.0,143
0.0,144
0.0,145
839.8675791649492,146
0.0,147
0.0,148
292.0579013570518,149
287.52784214891335,150
283.1428285156315,151
3167.723856596445,152
0.0,153
1563.2511940254562,154
2122.885284435332,155
0.0,156
4801.1541182353385,157
0.0,158
3048.0887733886857,159
13.402878383932235,160
2620.286997720232,161
0.0,162
0.0,163
0.0,164
0.0,165
0.0,166
0.0,167
0.0,168
0.0,169
0.0,170
0.0,171
0.0,172
0.0,173
0.0,174
0.0,175
0.0,176
0.0,177
0.0,178
0.0,179
476.0009473334842,180
107.0259620920228,181
0.0,182
0.0,183
0.0,184
0.0,185
0.0,186
0.0,187
0.0,188
0.0,189
0.0,190
0.0,191
0.0,192
0.0,193
0.0,194
6632.615441262806,195
0.0,196
0.0,197
1063.2674056264016,198
0.0,199
0.0,200
0.0,201
0.0,202
0.0,203
0.0,204
0.0,205
0.0,206
453.68311483351283,207
1426.3599327276008,208
0.0,209
0.0,210
0.0,211
0.0,212
0.0,213
213.0438550541201,214
0.0,215
0.0,216
0.0,217
0.0,218
0.0,219
0.0,220
0.0,221
0.0,222
0.0,223
0.0,224
0.0,225
0.0,226
0.0,227
0.0,228
0.0,229
410.1937671723424,230
0.0,231
0.0,232
0.0,233
0.0,234
0.0,235
0.0,236
0.0,237
136.5038724386326,238
0.0,239
604.7344690114681,240
0.0,241
0.0,242
0.0,243
0.0,244
596.8162480720558,245
0.0,246
0.0,247
0.0,248
0.0,249
2887.5298709717304,250
0.0,251
0.0,252
0.0,253
0.0,254
0.0,255
0.0,256
0.0,257
1870.0100895930093,258
24.73833352056904,259
0.0,260
22.029484370743738,261
129.86920559975144,262
26.206635682277387,263
0.0,264
0.0,265
0.0,266
23.57614362689746,267
20.833648085761666,268
439.8532770170292,269
17.556114699696916,270
14.599145004003171,271
0.0,272
0.0,273
0.0,274
0.0,275
0.0,276
0.0,277
0.0,278
0.0,279
0.0,280
0.0,281
0.0,282
0.0,283
0.0,284
0.0,285
0.0,286
0.0,287
0.0,288
0.0,289
79.23695935046761,290
80.7828066097411,291
0.0,292
0.0,293
1624.8708782532917,294
868.3487660858037,295
0.0,296
0.0,297
0.0,298
0.0,299
0.0,300
0.0,301
3022.9854173344975,302
0.0,303
0.963815517777986,304
0.0,305
0.0,306
0.0,307
0.0,308
908.1662003983344,309
0.0,310
0.0,311
0.0,312
0.0,313
0.0,314
0.0,315
0.0,316
0.0,317
1245.3586603606059,318
0.0,319
0.0,320
0.0,321
597.011440802599,322
0.0,323
0.0,324
0.0,325
0.0,326
0.0,327
179.21231648472602,328
0.0,329
0.0,330
0.0,331
0.0,332
0.0,333
0.0,334
0.0,335
0.0,336
0.0,337
0.0,338
0.0,339
0.0,340
0.0,341
0.0,342
0.0,343
0.0,344
0.0,345
0.0,346
0.0,347
0.0,348
0.0,349
0.0,350
0.0,351
601.6229417507956,352
0.0,353
0.0,354
0.0,355
0.0,356
0.0,357
0.0,358
2045.4191377314773,359
1624.7247351404326,360
0.0,361
0.0,362
0.0,363
0.0,364
0.0,365
0.0,366
2646.896244630107,367
0.0,368
0.0,369
0.0,370
7765.362602005362,371
0.0,372
6609.8559505841795,373
0.0,374
0.0,375
2354.425340829176,376
2936.6494704083316,377
0.0,378
0.0,379
0.0,380
0.0,381
0.0,382
0.0,383
0.0,384
0.0,385
0.0,386
0.0,387
0.0,388
0.0,389
0.0,390
0.0,391
0.0,392
0.0,393
397.3976290204192,394
0.0,395
0.0,396
0.0,397
0.0,398
0.0,399
0.0,400
0.0,401
0.0,402
2180.429549881085,403
1108.5244492020245,404
0.0,405
0.0,406
0.0,407
0.0,408
0.0,409
1509.2069656505178,410
0.0,411
0.0,412
0.0,413
0.0,414
0.0,415
0.0,416
0.0,417
0.0,418
0.0,419
0.0,420
685.6845227633875,421
643.5406459473458,422
0.0,423
658.7964639231295,424
0.0,425
0.0,426
0.0,427
0.0,428
0.0,429
0.0,430
9.803549812451148,431
0.0,432
686.8958879606827,433
0.0,434
0.0,435
0.0,436
0.0,437
0.0,438
844.1678613942685,439
0.0,440
0.0,441
0.0,442
0.0,443
0.0,444
0.0,445
0.0,446
0.0,447
0.0,448
0.0,449
336.13844859058764,450
0.0,451
821.0298640107544,452
890.2380860548875,453
951.3362266646853,454
1006.1647318309346,455
0.0,456
0.0,457
0.0,458
0.0,459
0.0,460
0.0,461
0.0,462
0.0,463
0.0,464
0.0,465
0.0,466
0.0,467
0.0,468
0.0,469
348.4304410887807,470
0.0,471
0.0,472
0.0,473
0.0,474
0.0,475
0.0,476
0.0,477
0.0,478
0.0,479
0.0,480
0.0,481
0.0,482
0.0,483
0.0,484
0.0,485
0.0,486
837.9619603500882,487
0.0,488
0.0,489
780.9783747550239,490
0.0,491
785.3492667083651,492
0.0,493
874.3847096835638,494
860.3587066801038,495
325.58834996550576,496
1268.5062174747911,497
628.1653031313461,498
1634.0491918081177,499
0.0,500
0.0,501
0.0,502
0.0,503
0.0,504
0.0,505
0.0,506
0.0,507
0.0,508
0.0,509
0.0,510
0.0,511
413.2662607905368,512
576.7560356698176,513
0.0,514
0.0,515
0.0,516
0.0,517
0.0,518
0.0,519
0.0,520
0.0,521
0.0,522
0.0,523
0.0,524
0.0,525
0.0,526
0.0,527
0.0,528
0.0,529
0.0,530
0.0,531
0.0,532
335.46985732394563,533
0.0,534
0.0,535
0.0,536
0.0,537
0.0,538
0.0,539
0.0,540
0.0,541
0.0,542
0.0,543
0.0,544
0.0,545
0.0,546
0.0,547
0.0,548
0.0,549
0.0,550
0.0,551
0.0,552
0.0,553
0.0,554
0.0,555
112.29775932270448,556
0.0,557
0.0,558
0.0,559
0.0,560
0.0,561
0.0,562
0.0,563
0.0,564
0.0,565
0.0,566
0.0,567
0.0,568
0.0,569
0.0,570
0.0,571
0.0,572
0.0,573
0.0,574
0.0,575
2547.332611236348,576
0.0,577
0.0,578
1250.486531567952,579
0.0,580
0.0,581
0.0,582
0.0,583
447.63452600706626,584
0.0,585
0.0,586
417.22721810273265,587
4070.335240060013,588
0.0,589
0.0,590
412.9233171899941,591
0.0,592
0.0,593
244.03437905296934,594
0.0,595
0.0,596
0.0,597
416.72880592021664,598
0.0,599
384.9717317040567,600
0.0,601
0.0,602
0.0,603
0.0,604
0.0,605
0.0,606
0.0,607
0.0,608
0.0,609
0.0,610
0.0,611
0.0,612
0.0,613
0.0,614
0.0,615
0.0,616
0.0,617
0.0,618
1581.0803510682658,619
0.0,620
1547.8614944328863,621
0.0,622
0.0,623
0.0,624
861.5684073539683,625
0.0,626
0.0,627
0.0,628
0.0,629
0.0,630
1517.4264887167637,631
595.3248581261964,632
555.513320744544,633
0.0,634
0.0,635
0.0,636
0.0,637
89.98479003638167,638
0.0,639
0.0,640
0.0,641
419.21461475899457,642
0.0,643
0.0,644
0.0,645
263.71235206906294,646
0.0,647
0.0,648
0.0,649
0.0,650
0.0,651
0.0,652
0.0,653
0.0,654
0.0,655
0.0,656
0.0,657
0.0,658
369.3308907454315,659
0.0,660
0.0,661
0.0,662
145.45989036367723,663
0.0,664
87.91058963602791,665
392.1167580559454,666
0.0,667
0.0,668
1492.1646711462822,669
7314.703068208854,670
0.0,671
0.0,672
1832.3119759700041,673
1129.7243419942108,674
0.0,675
0.0,676
546.5646419109083,677
0.0,678
342.6318974935708,679
1685.5196615188675,680
0.0,681
0.0,682
0.0,683
478.7796994937841,684
0.0,685
0.0,686
0.0,687
0.0,688
0.0,689
0.0,690
1263.4807244168487,691
0.0,692
0.0,693
0.0,694
0.0,695
0.0,696
0.0,697
729.8396250747405,698
0.0,699
0.0,700
0.0,701
0.0,702
0.0,703
0.0,704
0.0,705
0.0,706
763.5899808830128,707
0.0,708
0.0,709
0.0,710
0.0,711
0.0,712
0.0,713
0.0,714
0.0,715
0.0,716
0.0,717
0.0,718
0.0,719
0.0,720
0.0,721
429.73618537977455,722
2339.122976646432,723
0.0,724
414.6802025042376,725
0.0,726
2431.4474111556633,727
0.0,728
0.0,729
84.79562348530474,730
0.0,731
458.40739942746296,732
2605.8019341291774,733
468.3630463113313,734
7601.8961083984,735
0.0,736
0.0,737
0.0,738
0.0,739
0.0,740
0.0,741
0.0,742
3.4360148666095363,743
0.0,744
0.0,745
0.0,746
0.0,747
0.0,748
0.0,749
0.0,750
0.0,751
0.0,752
0.0,753
0.0,754
0.0,755
0.0,756
0.0,757
804.6371332823223,758
0.0,759
0.0,760
0.0,761
0.0,762
1178.7270598774805,763
0.0,764
801.488015472434,765
0.0,766
0.0,767
1476.1841397913838,768
0.0,769
0.0,770
612.7363035435534,771
1255.1059117163284,772
0.0,773
0.0,774
0.0,775
0.0,776
0.0,777
0.0,778
0.0,779
0.0,780
0.0,781
0.0,782
2334.8073621489293,783
0.0,784
546.6326326935089,785
0.0,786
0.0,787
0.0,788
0.0,789
0.0,790
0.0,791
400.2120767890333,792
2108.707165217008,793
0.0,794
490.77014939017835,795
2749.7130673500687,796
1995.6315152343534,797
0.0,798
0.0,799
0.0,800
0.0,801
2037.0600523451644,802
1873.3518203583783,803
0.0,804
275.8695712269694,805
0.0,806
0.0,807
0.0,808
0.0,809
0.0,810
0.0,811
0.0,812
0.0,813
1382.5319111850174,814
124.78469131872129,815
0.0,816
0.0,817
504.3232355596457,818
0.0,819
0.0,820
472.1397695424651,821
0.0,822
0.0,823
1036.116495266079,824
0.0,825
0.0,826
0.0,827
0.0,828
0.0,829
0.0,830
0.0,831
0.0,832
0.0,833
0.0,834
0.0,835
661.7028102541111,836
0.0,837
0.0,838
0.0,839
0.0,840
0.0,841
0.0,842
0.0,843
0.0,844
0.0,845
0.0,846
0.0,847
0.0,848
0.0,849
0.0,850
0.0,851
0.0,852
0.0,853
0.0,854
0.0,855
0.0,856
0.0,857
0.0,858
0.0,859
0.0,860
0.0,861
0.0,862
0.0,863
0.0,864
0.0,865
0.0,866
0.0,867
0.0,868
0.0,869
0.0,870
0.0,871
0.0,872
0.0,873
0.0,874
0.0,875
0.0,876
0.0,877
0.0,878
0.0,879
0.0,880
0.0,881
0.0,882
616.527749125401,883
0.0,884
0.0,885
0.0,886
2252.084380410725,887
4137.561076357873,888
0.0,889
0.0,890
916.3766170866826,891
0.0,892
0.0,893
1383.2759981102176,894
0.0,895
0.0,896
1328.3790150631169,897
0.0,898
0.0,899
1439.593995749919,900
0.0,901
1384.6333120789916,902
0.0,903
2265.6613486647307,904
0.0,905
0.0,906
0.0,907
0.0,908
0.0,909
0.0,910
0.0,911
0.0,912
1022.9134206028826,913
0.0,914
264.16528529745136,915
4387.368010371303,916
0.0,917
990.3087775644725,918
626.3763254903604,919
273.1099372045009,920
0.0,921
383.85961919499005,922
398.24454192066787,923
0.0,924
2834.24019474315,925
0.0,926
0.0,927
0.0,928
0.0,929
0.0,930
0.0,931
0.0,932
0.0,933
0.0,934
0.0,935
0.0,936
0.0,937
0.0,938
0.0,939
0.0,940
0.0,941
0.0,942
0.0,943
0.0,944
0.0,945
0.0,946
0.0,947
0.0,948
0.0,949
0.0,950
192.0818946156704,951
218.47583175796245,952
0.0,953
0.0,954
0.0,955
833.4434013469421,956
0.0,957
0.0,958
0.0,959
0.0,960
0.0,961
0.0,962
0.0,963
0.0,964
0.0,965
0.0,966
0.0,967
0.0,968
0.0,969
0.0,970
0.0,971
0.0,972
0.0,973
0.0,974
0.0,975
0.0,976
0.0,977
0.0,978
0.0,979
0.0,980
0.0,981
0.0,982
0.0,983
0.0,984
0.0,985
0.0,986
0.0,987
0.0,988
0.0,989
0.0,990
0.0,991
0.0,992
0.0,993
0.0,994
0.0,995
0.0,996
0.0,997
0.0,998
0.0,999
0.0,1000
0.0,1001
1215.7054542667552,1002
0.0,1003
0.0,1004
1338.691414625628,1005
1188.9869901337709,1006
0.0,1007
0.0,1008
318.59163005961005,1009
0.0,1010
0.0,1011
0.0,1012
0.0,1013
0.0,1014
0.0,1015
0.0,1016
0.0,1017
0.0,1018
1.1679092774766624,1019
0.0,1020
0.0,1021
0.0,1022
0.0,1023
0.0,1024
0.0,1025
0.0,1026
0.0,1027
0.0,1028
0.0,1029
0.0,1030
1828.0713709819047,1031
0.0,1032
0.0,1033
0.0,1034
0.0,1035
0.0,1036
0.0,1037
0.0,1038
0.0,1039
0.0,1040
0.0,1041
0.0,1042
0.0,1043
0.0,1044
0.0,1045
0.0,1046
0.0,1047
0.0,1048
0.0,1049
0.0,1050
0.0,1051
0.0,1052
0.0,1053
0.0,1054
629.4860118200053,1055
0.0,1056
0.0,1057
0.0,1058
0.0,1059
0.0,1060
0.0,1061
0.0,1062
0.0,1063
0.0,1064
0.0,1065
0.0,1066
0.0,1067
0.0,1068
0.0,1069
0.0,1070
0.0,1071
0.0,1072
0.0,1073
0.0,1074
0.0,1075
0.0,1076
0.0,1077
0.0,1078
0.0,1079
0.0,1080
0.0,1081
0.0,1082
0.0,1083
0.0,1084
0.0,1085
0.0,1086
0.0,1087
0.0,1088
0.0,1089
0.0,1090
0.0,1091
0.0,1092
0.0,1093
0.0,1094
0.0,1095
0.0,1096
0.0,1097
0.0,1098
0.0,1099
1812.043660392823,1100
0.0,1101
0.0,1102
0.0,1103
0.0,1104
0.0,1105
0.0,1106
0.0,1107
0.0,1108
0.0,1109
0.0,1110
0.0,1111
0.0,1112
0.0,1113
2444.0299548406238,1114
0.0,1115
0.0,1116
0.0,1117
0.0,1118
0.0,1119
0.0,1120
0.0,1121
0.0,1122
0.0,1123
0.0,1124
0.0,1125
0.0,1126
0.0,1127
0.0,1128
0.0,1129
0.0,1130
0.0,1131
0.0,1132
0.0,1133
0.0,1134
0.0,1135
0.0,1136
0.0,1137
0.0,1138
0.0,1139
0.0,1140
77.75384052300006,1141
0.0,1142
0.0,1143
0.0,1144
0.0,1145
1465.7466282348798,1146
0.0,1147
0.0,1148
0.0,1149
0.0,1150
0.0,1151
0.0,1152
0.0,1153
0.0,1154
0.0,1155
0.0,1156
0.0,1157
2289.3844076291552,1158
0.0,1159
0.0,1160
0.0,1161
0.0,1162
0.0,1163
0.0,1164
0.0,1165
0.0,1166
0.0,1167
0.0,1168
0.0,1169
0.0,1170
0.0,1171
0.0,1172
0.0,1173
0.0,1174
0.0,1175
0.0,1176
0.0,1177
0.0,1178
0.0,1179
2565.4623033761322,1180
0.0,1181
0.0,1182
0.0,1183
0.0,1184
0.0,1185
0.0,1186
0.0,1187
0.0,1188
0.0,1189
0.0,1190
0.0,1191
0.0,1192
0.0,1193
0.0,1194
0.0,1195
0.0,1196
0.0,1197
0.0,1198
1379.9533987409854,1199
0.0,1200
0.0,1201
0.0,1202
0.0,1203
0.0,1204
0.0,1205
0.0,1206
2589.452779447171,1207
966.6442705441674,1208
0.0,1209
0.0,1210
0.0,1211
984.5262301979773,1212
456.47864211657605,1213
0.0,1214
0.0,1215
0.0,1216
0.0,1217
1004.2920605000979,1218
0.0,1219
0.0,1220
231.23617706807383,1221
0.0,1222
0.0,1223
0.0,1224
0.0,1225
0.0,1226
0.0,1227
0.0,1228
0.0,1229
0.0,1230
0.0,1231
0.0,1232
0.0,1233
0.0,1234
1023.2669285183852,1235
0.0,1236
0.0,1237
0.0,1238
0.0,1239
0.0,1240
0.0,1241
0.0,1242
0.0,1243
1124.1902755945825,1244
902.9463671314618,1245
0.0,1246
0.0,1247
0.0,1248
0.0,1249
0.0,1250
0.0,1251
0.0,1252
0.0,1253
0.0,1254
0.0,1255
430.87424179687304,1256
0.0,1257
0.0,1258
0.0,1259
0.0,1260
0.0,1261
0.0,1262
428.18482416940117,1263
322.59393926554424,1264
0.0,1265
0.0,1266
422.67669048287695,1267
426.6409740190908,1268
0.0,1269
0.0,1270
0.0,1271
1467.6755237735952,1272
0.0,1273
0.0,1274
0.0,1275
0.0,1276
0.0,1277
0.0,1278
0.0,1279
1345.4929046233365,1280
0.0,1281
0.0,1282
0.0,1283
0.0,1284
569.6393832117508,1285
0.0,1286
1336.5131935473735,1287
1471.782417851824,1288
1329.139826700776,1289
0.0,1290
0.0,1291
0.0,1292
0.0,1293
0.0,1294
1315.988189170878,1295
0.0,1296
0.0,1297
1471.2677854903664,1298
1801.8924622668783,1299
136.642014875389,1300
1283.387958612526,1301
0.0,1302
0.0,1303
0.0,1304
570.3405709653717,1305
0.0,1306
0.0,1307
0.0,1308
0.0,1309
0.0,1310
442.05954082675265,1311
0.0,1312
0.0,1313
0.0,1314
0.0,1315
412.1822926296838,1316
0.0,1317
0.0,1318
484.67765702943495,1319
506.9911649890357,1320
529.0211564425979,1321
550.3677209026877,1322
1602.8357409012583,1323
221.83121275248834,1324
0.0,1325
1609.4983502364262,1326
0.0,1327
407.69080883348,1328
0.0,1329
216.0548614523615,1330
0.0,1331
1613.9295378981249,1332
1630.1877431106304,1333
1646.219448033995,1334
1662.0054364332382,1335
1677.552720949989,1336
0.0,1337
1692.8958285179826,1338
1708.108957827449,1339
1723.3149840393487,1340
1738.6829449990585,1341
1117.9559103073298,1342
0.0,1343
321.6577524488644,1344
0.0,1345
338.60478431346525,1346
0.0,1347
0.0,1348
0.0,1349
0.0,1350
0.0,1351
0.0,1352
0.0,1353
356.3037569386379,1354
0.0,1355
0.0,1356
0.0,1357
0.0,1358
0.0,1359
0.0,1360
0.0,1361
0.0,1362
374.9403745455458,1363
0.0,1364
0.0,1365
394.56137011552005,1366
0.0,1367
0.0,1368
0.0,1369
1154.3999575119303,1370
0.0,1371
0.0,1372
0.0,1373
0.0,1374
0.0,1375
0.0,1376
0.0,1377
0.0,1378
0.0,1379
0.0,1380
0.0,1381
0.0,1382
0.0,1383
12.5221551129675,1384
0.0,1385
1501.3160903965997,1386
9941.050653488717,1387
0.0,1388
468.5626716768412,1389
0.0,1390
503.04061808435773,1391
0.0,1392
0.0,1393
1364.8366751740134,1394
405.9058169335423,1395
598.0561636302303,1396
0.0,1397
0.0,1398
0.0,1399
0.0,1400
0.0,1401
1225.1118637649222,1402
627.5252280772906,1403
1242.5834660305368,1404
655.1377296038562,1405
0.0,1406
0.0,1407
1258.411085568007,1408
0.0,1409
0.0,1410
0.0,1411
683.3296833916884,1412
712.8013729668801,1413
0.0,1414
0.0,1415
0.0,1416
748.260532295662,1417
2423.5176175092874,1418
433.93395109923193,1419
0.0,1420
0.0,1421
1578.133124554431,1422
0.0,1423
0.0,1424
0.0,1425
1675.1208489004928,1426
0.0,1427
0.0,1428
0.0,1429
0.0,1430
0.0,1431
0.0,1432
991.8244968879313,1433
939.5448186832144,1434
0.0,1435
0.0,1436
0.0,1437
1168.5858692240572,1438
1174.6889745549029,1439
0.0,1440
104.53326924543029,1441
1208.6820561389957,1442
0.0,1443
1186.289217572688,1444
1166.830856213039,1445
1149.0882835548002,1446
0.0,1447
1132.4786002248684,1448
1116.863762013621,1449
1102.2906560571832,1450
121.82994809623052,1451
179.25995368874143,1452
1139.3210924137484,1453
0.0,1454
0.0,1455
0.0,1456
8829.420915845574,1457
0.0,1458
0.0,1459
0.0,1460
0.0,1461
1108.3210234559017,1462
1093.817494861325,1463
0.0,1464
1081.9531159747385,1465
1321.2599088896432,1466
1317.2039184326431,1467
1306.3622703681492,1468
1292.0163474873602,1469
1276.8623306040483,1470
0.0,1471
0.0,1472
203.14901877010246,1473
0.0,1474
1258.1349738317251,1475
1076.2928065275482,1476
1242.55048069203,1477
0.0,1478
4474.744324284165,1479
1076.696279919382,1480
0.0,1481
1226.2814178116698,1482
1063.0634462808314,1483
0.0,1484
1216.5721225519135,1485
0.0,1486
266.4713253835529,1487
302.0189387724136,1488
1086.0855295834047,1489
1075.4080501388096,1490
1066.76030016484,1491
573.5648864426477,1492
314.666887515188,1493
343.4358776627463,1494
0.0,1495
0.0,1496
0.0,1497
0.0,1498
1076.6468549546319,1499
0.0,1500
362.9265493138911,1501
0.0,1502
0.0,1503
0.0,1504
0.0,1505
1077.0115962175923,1506
1065.6678105986198,1507
0.0,1508
373.5783724959675,1509
0.0,1510
0.0,1511
1064.2372983045227,1512
0.0,1513
0.0,1514
0.0,1515
0.0,1516
0.0,1517
2807.513957693169,1518
0.0,1519
0.0,1520
0.0,1521
193.54259095058828,1522
0.0,1523
4990.097568281889,1524
2583.847283485077,1525
0.0,1526
1710.509554625437,1527
1711.2514837426863,1528
0.0,1529
197.83939469343048,1530
0.0,1531
0.0,1532
204.12717680566232,1533
0.0,1534
0.0,1535
207.70291584808615,1536
0.0,1537
0.0,1538
447.75841671782445,1539
0.0,1540
0.0,1541
1116.8420873054774,1542
0.0,1543
1116.0799794140964,1544
0.0,1545
0.0,1546
0.0,1547
0.0,1548
562.7064885429767,1549
0.0,1550
0.0,1551
559.4564983842159,1552
0.0,1553
0.0,1554
0.0,1555
0.0,1556
781.3348495783641,1557
0.0,1558
777.0544538983626,1559
0.0,1560
0.0,1561
0.0,1562
771.608261234907,1563
1167.142440101383,1564
765.4162772600785,1565
756.9359523114457,1566
747.9270789748324,1567
738.5466588439149,1568
0.0,1569
0.0,1570
0.0,1571
0.0,1572
0.0,1573
0.0,1574
0.0,1575
0.0,1576
0.0,1577
0.0,1578
787.3625819872069,1579
0.0,1580
0.0,1581
0.0,1582
0.0,1583
0.0,1584
614.246245651583,1585
0.0,1586
0.0,1587
0.0,1588
0.0,1589
0.0,1590
0.0,1591
0.0,1592
0.0,1593
0.0,1594
0.0,1595
0.0,1596
0.0,1597
0.0,1598
0.0,1599
0.0,1600
0.0,1601
0.0,1602
0.0,1603
0.0,1604
0.0,1605
0.0,1606
0.0,1607
0.0,1608
0.0,1609
0.0,1610
0.0,1611
0.0,1612
0.0,1613
0.0,1614
0.0,1615
0.0,1616
0.0,1617
0.0,1618
0.0,1619
0.0,1620
408.9494914754803,1621
0.0,1622
0.0,1623
0.0,1624
0.0,1625
0.0,1626
0.0,1627
0.0,1628
0.0,1629
0.0,1630
0.0,1631
0.0,1632
0.0,1633
0.0,1634
0.0,1635
0.0,1636
0.0,1637
0.0,1638
0.0,1639
0.0,1640
0.0,1641
0.0,1642
0.0,1643
0.0,1644
530.1082225849195,1645
0.0,1646
282.57028921012716,1647
496.186189842706,1648
0.0,1649
0.0,1650
0.0,1651
126.05397461562897,1652
0.0,1653
0.0,1654
0.0,1655
0.0,1656
0.0,1657
0.0,1658
0.0,1659
0.0,1660
0.0,1661
0.0,1662
0.0,1663
0.0,1664
0.0,1665
0.0,1666
0.0,1667
0.0,1668
0.0,1669
0.0,1670
0.0,1671
0.0,1672
0.0,1673
0.0,1674
0.0,1675
0.0,1676
0.0,1677
0.0,1678
0.0,1679
0.0,1680
0.0,1681
0.0,1682
0.0,1683
0.0,1684
0.0,1685
0.0,1686
0.0,1687
0.0,1688
0.0,1689
0.0,1690
0.0,1691
0.0,1692
4.079008352204958,1693
0.0,1694
0.0,1695
0.0,1696
0.0,1697
0.0,1698
2682.222127819764,1699
0.0,1700
0.0,1701
0.0,1702
0.0,1703
0.0,1704
0.0,1705
0.0,1706
0.0,1707
0.0,1708
0.0,1709
0.0,1710
0.0,1711
0.0,1712
0.0,1713
0.0,1714
0.0,1715
0.0,1716
0.0,1717
0.0,1718
0.0,1719
0.0,1720
0.0,1721
0.0,1722
0.0,1723
0.0,1724
0.0,1725
0.0,1726
0.0,1727
0.0,1728
0.0,1729
0.0,1730
0.0,1731
229.98672701469064,1732
1043.0551917755306,1733
0.0,1734
0.0,1735
0.0,1736
79.92288596175572,1737
0.0,1738
0.0,1739
0.0,1740
0.0,1741
0.0,1742
0.0,1743
0.0,1744
0.0,1745
0.0,1746
0.0,1747
0.0,1748
0.0,1749
0.0,1750
0.0,1751
0.0,1752
0.0,1753
0.0,1754
0.0,1755
0.0,1756
0.0,1757
0.0,1758
0.0,1759
0.0,1760
0.0,1761
0.0,1762
0.0,1763
0.0,1764
0.0,1765
0.0,1766
0.0,1767
0.0,1768
0.0,1769
0.0,1770
0.0,1771
0.0,1772
0.0,1773
0.0,1774
0.0,1775
0.0,1776
0.0,1777
0.0,1778
0.0,1779
0.0,1780
0.0,1781
0.0,1782
0.0,1783
0.0,1784
0.0,1785
0.0,1786
0.0,1787
0.0,1788
0.0,1789
0.0,1790
0.0,1791
0.0,1792
0.0,1793
0.0,1794
0.0,1795
0.0,1796
0.0,1797
0.0,1798
0.0,1799
0.0,1800
0.0,1801
0.0,1802
0.0,1803
0.0,1804
0.0,1805
0.0,1806
0.0,1807
0.0,1808
0.0,1809
0.0,1810
0.0,1811
0.0,1812
0.0,1813
0.0,1814
0.0,1815
1711.1788274532,1816
0.0,1817
0.0,1818
0.0,1819
0.0,1820
0.0,1821
0.0,1822
0.0,1823
0.0,1824
0.0,1825
0.0,1826
324.6851787621041,1827
868.181128689889,1828
0.0,1829
15.08369606032839,1830
0.0,1831
448.280824402877,1832
97.67591052836987,1833
0.0,1834
3.613048710370133,1835
1.3085073500279278,1836
0.0,1837
0.0,1838
0.0,1839
0.0,1840
0.0,1841
0.0,1842
0.0,1843
1038.064443092126,1844
104.52321758938609,1845
0.0,1846
0.0,1847
237.9988994249096,1848
249.6921052037578,1849
0.0,1850
0.0,1851
0.0,1852
0.0,1853
9117.889999669265,1854
0.0,1855
0.0,1856
1404.9180142274588,1857
2645.4990382884375,1858
0.0,1859
0.0,1860
2633.3836770207517,1861
0.0,1862
0.0,1863
0.0,1864
0.0,1865
0.0,1866
0.0,1867
1406.939020970746,1868
1418.2628010064295,1869
507.7137239361798,1870
0.0,1871
1396.9458820126883,1872
0.0,1873
0.0,1874
333.00130041472664,1875
1002.5817622287517,1876
0.0,1877
70.05208703964283,1878
0.0,1879
1017.4169574666628,1880
0.0,1881
0.0,1882
0.0,1883
44.99493009603024,1884
0.0,1885
0.0,1886
0.0,1887
0.0,1888
50.41938907550807,1889
0.0,1890
0.0,1891
0.0,1892
0.0,1893
0.0,1894
537.7884678856412,1895
0.0,1896
0.0,1897
0.0,1898
289.94299767489565,1899
0.0,1900
0.0,1901
242.66835173483366,1902
169.013709301518,1903
1788.462473719249,1904
0.0,1905
754.0664088120434,1906
163.5423763054342,1907
2351.0273179775804,1908
2295.057501133732,1909
0.0,1910
0.0,1911
0.0,1912
0.0,1913
0.0,1914
0.0,1915
0.0,1916
0.0,1917
0.0,1918
0.0,1919
0.0,1920
0.0,1921
0.0,1922
0.0,1923
0.0,1924
0.0,1925
0.0,1926
0.0,1927
0.0,1928
0.0,1929
0.0,1930
0.0,1931
0.0,1932
0.0,1933
5912.2750417147445,1934
0.0,1935
0.0,1936
42.7143170726808,1937
0.0,1938
1007.1001416263853,1939
0.0,1940
0.0,1941
46.48278766405831,1942
43.02990070818826,1943
1485.044232645486,1944
1957.1258644504906,1945
0.0,1946
0.0,1947
0.0,1948
744.0194537557691,1949
40.047799718939814,1950
37.58478310234279,1951
843.0992932267268,1952
0.0,1953
1767.689373596139,1954
0.0,1955
741.7191688033255,1956
40.672123881511986,1957
0.0,1958
0.0,1959
41.35431949570703,1960
0.0,1961
0.0,1962
0.0,1963
42.877469139075934,1964
31.454645851454668,1965
419.4906904494018,1966
45.659281454549436,1967
49.81656790835638,1968
0.0,1969
304.07802260994697,1970
59.38071785860632,1971
0.0,1972
0.0,1973
0.0,1974
0.0,1975
0.0,1976
0.0,1977
0.0,1978
0.0,1979
967.2649094523329,1980
0.0,1981
0.0,1982
0.0,1983
0.0,1984
0.0,1985
1058.5440856630798,1986
0.0,1987
0.0,1988
2785.0233609632696,1989
0.0,1990
849.2861715224636,1991
0.0,1992
0.0,1993
0.0,1994
0.0,1995
0.0,1996
0.0,1997
0.0,1998
0.0,1999
0.0,2000
0.0,2001
0.0,2002
0.0,2003
0.0,2004
0.0,2005
0.0,2006
0.0,2007
0.0,2008
0.0,2009
0.0,2010
0.0,2011
0.0,2012
0.0,2013
0.0,2014
0.0,2015
0.0,2016
0.0,2017
0.0,2018
0.0,2019
0.0,2020
0.0,2021
0.0,2022
0.0,2023
0.0,2024
0.0,2025
0.0,2026
0.0,2027
0.0,2028
0.0,2029
0.0,2030
0.0,2031
0.0,2032
0.0,2033
0.0,2034
0.0,2035
0.0,2036
0.0,2037
0.0,2038
64.73026934320824,2039
0.0,2040
0.0,2041
0.0,2042
0.0,2043
0.0,2044
822.0304265695363,2045
0.0,2046
5443.759442124495,2047
0.0,2048
0.0,2049
0.0,2050
0.0,2051
0.0,2052
938.2475950105073,2053
723.052550364562,2054
929.3468182755123,2055
0.0,2056
595.7533667340117,2057
0.0,2058
519.243598700887,2059
0.0,2060
0.0,2061
0.0,2062
0.0,2063
0.0,2064
0.0,2065
0.0,2066
0.0,2067
0.0,2068
0.0,2069
0.0,2070
0.0,2071
0.0,2072
0.0,2073
0.0,2074
0.0,2075
0.0,2076
0.0,2077
0.0,2078
0.0,2079
0.0,2080
0.0,2081
0.0,2082
0.0,2083
0.0,2084
0.0,2085
3909.8115913491943,2086
0.0,2087
0.0,2088
0.0,2089
0.0,2090
0.0,2091
0.0,2092
0.0,2093
0.0,2094
0.0,2095
0.0,2096
0.0,2097
0.0,2098
0.0,2099
0.0,2100
357.3315038815489,2101
0.0,2102
0.0,2103
0.0,2104
917.8824606880396,2105
0.0,2106
0.0,2107
0.0,2108
0.0,2109
0.0,2110
0.0,2111
0.0,2112
0.0,2113
0.0,2114
491.67986307987644,2115
645.1969613092226,2116
0.0,2117
730.9915312736551,2118
1021.7930901598071,2119
0.0,2120
0.0,2121
0.0,2122
376.6053911987641,2123
0.0,2124
0.0,2125
0.0,2126
15.268107098578856,2127
2596.109583078976,2128
0.0,2129
150.3381532096031,2130
0.0,2131
0.0,2132
0.0,2133
0.0,2134
3296.1858831339505,2135
2785.2889366432537,2136
0.0,2137
392.86697003713834,2138
0.0,2139
0.0,2140
0.0,2141
0.0,2142
0.0,2143
0.0,2144
0.0,2145
0.0,2146
754.3178355747433,2147
0.0,2148
0.0,2149
0.0,2150
0.0,2151
0.0,2152
0.0,2153
0.0,2154
0.0,2155
105.7324418085578,2156
0.0,2157
0.0,2158
0.0,2159
121.39728531684746,2160
0.0,2161
0.0,2162
0.0,2163
0.0,2164
0.0,2165
0.0,2166
0.0,2167
0.0,2168
0.0,2169
0.0,2170
0.0,2171
0.0,2172
0.0,2173
0.0,2174
0.0,2175
0.0,2176
0.0,2177
0.0,2178
0.0,2179
0.0,2180
0.0,2181
0.0,2182
0.0,2183
0.0,2184
0.0,2185
0.0,2186
0.0,2187
0.0,2188
0.0,2189
0.0,2190
0.0,2191
0.0,2192
0.0,2193
0.0,2194
0.0,2195
1062.9957388636576,2196
483.20215007431864,2197
0.0,2198
0.0,2199
0.0,2200
1472.0808012953148,2201
0.0,2202
0.0,2203
2625.8722668355153,2204
0.0,2205
0.0,2206
0.0,2207
0.0,2208
0.0,2209
0.0,2210
0.0,2211
0.0,2212
0.0,2213
0.0,2214
75.43534790067834,2215
345.62686335737186,2216
0.0,2217
1216.2536149264233,2218
4354.66471237833,2219
1207.231407196848,2220
3902.8731140324103,2221
2950.1279671420466,2222
0.0,2223
2564.4723917335164,2224
0.0,2225
2578.2581244009207,2226
2759.544180420125,2227
0.0,2228
376.11162281610655,2229
0.0,2230
0.0,2231
1404.1335875895604,2232
0.0,2233
1352.9149692929604,2234
1291.363261272638,2235
1368.18661496311,2236
0.0,2237
790.7396335903326,2238
0.0,2239
3368.2085348747764,2240
0.0,2241
0.0,2242
0.0,2243
254.74845649729002,2244
0.0,2245
0.0,2246
0.0,2247
0.0,2248
378.01673807421406,2249
961.1676596463957,2250
0.0,2251
0.0,2252
0.0,2253
0.0,2254
0.0,2255
0.0,2256
79.60910274267997,2257
0.0,2258
0.0,2259
0.0,2260
0.0,2261
0.0,2262
0.0,2263
0.0,2264
0.0,2265
0.0,2266
0.0,2267
185.89397298491366,2268
0.0,2269
0.0,2270
0.0,2271
0.0,2272
0.0,2273
0.0,2274
0.0,2275
5458.591354206741,2276
0.0,2277
0.0,2278
0.0,2279
0.0,2280
0.0,2281
0.0,2282
0.0,2283
0.0,2284
0.0,2285
0.0,2286
0.0,2287
0.0,2288
0.0,2289
0.0,2290
3637.4480634025535,2291
0.0,2292
0.0,2293
0.0,2294
0.0,2295
0.0,2296
0.0,2297
0.0,2298
0.0,2299
0.0,2300
0.0,2301
0.0,2302
0.0,2303
0.0,2304
0.0,2305
0.0,2306
0.0,2307
0.0,2308
0.0,2309
826.8973258674988,2310
0.0,2311
0.0,2312
0.0,2313
1317.0526503968558,2314
0.0,2315
0.0,2316
0.0,2317
0.0,2318
0.0,2319
0.0,2320
0.0,2321
0.0,2322
0.0,2323
0.0,2324
0.0,2325
0.0,2326
0.0,2327
0.0,2328
0.0,2329
0.0,2330
0.0,2331
0.0,2332
0.0,2333
0.0,2334
0.0,2335
0.0,2336
0.0,2337
0.0,2338
0.0,2339
0.0,2340
0.0,2341
0.0,2342
0.0,2343
0.0,2344
0.0,2345
0.0,2346
0.0,2347
0.0,2348
0.0,2349
0.0,2350
0.0,2351
0.0,2352
0.0,2353
0.0,2354
0.0,2355
0.0,2356
0.0,2357
0.0,2358
0.0,2359
0.0,2360
0.0,2361
0.0,2362
0.0,2363
0.0,2364
0.0,2365
0.0,2366
0.0,2367
0.0,2368
0.0,2369
0.0,2370
0.0,2371
0.0,2372
0.0,2373
0.0,2374
0.0,2375
0.0,2376
0.0,2377
0.0,2378
0.0,2379
0.0,2380
3603.019223901349,2381
0.0,2382
0.0,2383
0.0,2384
0.0,2385
0.0,2386
0.0,2387
0.0,2388
0.0,2389
0.0,2390
0.0,2391
3370.8133837332634,2392
0.0,2393
0.0,2394
0.0,2395
0.0,2396
0.0,2397
0.0,2398
0.0,2399
0.0,2400
0.0,2401
0.0,2402
0.0,2403
366.0755172548155,2404
0.0,2405
0.0,2406
3275.4793452676327,2407
0.0,2408
0.0,2409
0.0,2410
0.0,2411
0.0,2412
0.0,2413
0.0,2414
0.0,2415
0.0,2416
0.0,2417
0.0,2418
0.0,2419
0.0,2420
0.0,2421
0.0,2422
0.0,2423
378.0124236696895,2424
0.0,2425
0.0,2426
0.0,2427
3274.0939925811276,2428
0.0,2429
0.0,2430
0.0,2431
0.0,2432
0.0,2433
0.0,2434
0.0,2435
0.0,2436
0.0,2437
0.0,2438
0.0,2439
0.0,2440
0.0,2441
0.0,2442
0.0,2443
0.0,2444
0.0,2445
0.0,2446
0.0,2447
0.0,2448
0.0,2449
0.0,2450
0.0,2451
0.0,2452
0.0,2453
0.0,2454
0.0,2455
0.0,2456
0.0,2457
0.0,2458
0.0,2459
0.0,2460
266.74657556700845,2461
289.90395787668325,2462
0.0,2463
0.0,2464
476.42371299829364,2465
0.0,2466
314.4201202461921,2467
0.0,2468
469.93171459223606,2469
0.0,2470
0.0,2471
0.0,2472
890.7661752436479,2473
0.0,2474
0.0,2475
0.0,2476
401.1751828197165,2477
0.0,2478
0.0,2479
0.0,2480
0.0,2481
0.0,2482
0.0,2483
0.0,2484
0.0,2485
0.0,2486
0.0,2487
0.0,2488
0.0,2489
0.0,2490
463.8895191584005,2491
0.0,2492
0.0,2493
0.0,2494
3027.614766324867,2495
1089.576586947593,2496
0.0,2497
2919.133618600348,2498
3246.8556909698314,2499
847.4783451433993,2500
0.0,2501
0.0,2502
0.0,2503
806.4303514141483,2504
3263.4293413342043,2505
1600.5901829344887,2506
0.0,2507
0.0,2508
395.32881316816713,2509
387.3562567337331,2510
639.4977489234567,2511
0.0,2512
0.0,2513
0.0,2514
0.0,2515
0.0,2516
0.0,2517
0.0,2518
142.9739897488522,2519
0.0,2520
0.0,2521
0.0,2522
1663.7670091073624,2523
1665.5487599643031,2524
1668.4716278807896,2525
1229.540263549991,2526
2542.982681529485,2527
0.0,2528
0.0,2529
2604.63818387032,2530
0.0,2531
2617.196940888647,2532
2556.231891963649,2533
0.0,2534
0.0,2535
2631.4428749403464,2536
3147.0200839442914,2537
0.0,2538
0.0,2539
0.0,2540
0.0,2541
0.0,2542
0.0,2543
0.0,2544
0.0,2545
0.0,2546
182.79783982709787,2547
0.0,2548
0.0,2549
0.0,2550
0.0,2551
0.0,2552
92.95012555387812,2553
0.0,2554
0.0,2555
1548.8080245551748,2556
2637.255791657108,2557
851.4490231374592,2558
0.0,2559
1491.487250733196,2560
0.0,2561
0.0,2562
0.0,2563
1497.5080357051277,2564
1105.4197926503014,2565
0.0,2566
0.0,2567
0.0,2568
0.0,2569
0.0,2570
0.0,2571
0.0,2572
1094.848192648645,2573
0.0,2574
0.0,2575
0.0,2576
0.0,2577
0.0,2578
0.0,2579
4290.226849127867,2580
0.0,2581
0.0,2582
0.0,2583
0.0,2584
0.0,2585
0.0,2586
0.0,2587
0.0,2588
0.0,2589
0.0,2590
0.0,2591
518.511448697383,2592
0.0,2593
0.0,2594
0.0,2595
0.0,2596
0.0,2597
0.0,2598
0.0,2599
0.0,2600
0.0,2601
0.0,2602
0.0,2603
0.0,2604
0.0,2605
0.0,2606
0.0,2607
0.0,2608
0.0,2609
0.0,2610
0.0,2611
0.0,2612
0.0,2613
0.0,2614
466.3185790805997,2615
0.0,2616
0.0,2617
0.0,2618
0.0,2619
0.0,2620
0.0,2621
0.0,2622
0.0,2623
0.0,2624
0.0,2625
6137.581294614154,2626
220.14225789996144,2627
0.0,2628
0.0,2629
1220.704833870003,2630
0.0,2631
0.0,2632
0.0,2633
0.0,2634
0.0,2635
0.0,2636
0.0,2637
0.0,2638
0.0,2639
0.0,2640
0.0,2641
0.0,2642
0.0,2643
0.0,2644
5191.180333734185,2645
0.0,2646
0.0,2647
465.2320660241215,2648
0.0,2649
247.16939247002063,2650
0.0,2651
0.0,2652
0.0,2653
0.0,2654
0.0,2655
0.0,2656
0.0,2657
0.0,2658
913.9409947415895,2659
0.0,2660
0.0,2661
0.0,2662
0.0,2663
0.0,2664
0.0,2665
0.0,2666
0.0,2667
0.0,2668
0.0,2669
0.0,2670
355.6633514294964,2671
0.0,2672
0.0,2673
0.0,2674
0.0,2675
0.0,2676
0.0,2677
0.0,2678
0.0,2679
0.0,2680
0.0,2681
0.0,2682
0.0,2683
0.0,2684
337.2092366314653,2685
0.0,2686
0.0,2687
423.1914354645269,2688
0.0,2689
0.0,2690
0.0,2691
0.0,2692
0.0,2693
0.0,2694
0.0,2695
0.0,2696
7303.427783310708,2697
0.0,2698
0.0,2699
0.0,2700
0.0,2701
0.0,2702
0.0,2703
0.0,2704
0.0,2705
0.0,2706
0.0,2707
0.0,2708
0.0,2709
0.0,2710
0.0,2711
0.0,2712
0.0,2713
0.0,2714
0.0,2715
0.0,2716
0.0,2717
0.0,2718
0.0,2719
0.0,2720
0.0,2721
0.0,2722
0.0,2723
0.0,2724
0.0,2725
0.0,2726
0.0,2727
0.0,2728
0.0,2729
0.0,2730
0.0,2731
0.0,2732
0.0,2733
0.0,2734
0.0,2735
0.0,2736
0.0,2737
0.0,2738
0.0,2739
0.0,2740
0.0,2741
0.0,2742
0.0,2743
0.0,2744
0.0,2745
731.5559956154175,2746
0.0,2747
2827.857975074238,2748
0.0,2749
0.0,2750
0.0,2751
0.0,2752
0.0,2753
0.0,2754
0.0,2755
0.0,2756
0.0,2757
0.0,2758
0.0,2759
1080.5359991662706,2760
0.0,2761
0.0,2762
0.0,2763
0.0,2764
0.0,2765
0.0,2766
0.0,2767
0.0,2768
3.9642002392270665,2769
0.0,2770
0.0,2771
7836.177284390877,2772
0.0,2773
0.0,2774
0.0,2775
0.0,2776
0.0,2777
0.0,2778
0.0,2779
0.0,2780
0.0,2781
0.0,2782
0.0,2783
0.0,2784
0.0,2785
0.0,2786
0.0,2787
0.0,2788
0.0,2789
0.0,2790
0.0,2791
0.0,2792
0.0,2793
0.0,2794
0.0,2795
0.0,2796
0.0,2797
0.0,2798
1394.1822594001749,2799
798.2970531523316,2800
0.0,2801
0.0,2802
0.0,2803
0.0,2804
0.0,2805
0.0,2806
0.0,2807
0.0,2808
0.0,2809
0.0,2810
0.0,2811
0.0,2812
0.0,2813
0.0,2814
0.0,2815
0.0,2816
0.0,2817
0.0,2818
0.0,2819
0.0,2820
0.0,2821
0.0,2822
0.0,2823
0.0,2824
13.963497478078075,2825
0.0,2826
0.0,2827
990.052605755546,2828
0.0,2829
0.0,2830
0.0,2831
0.0,2832
0.0,2833
0.0,2834
0.0,2835
0.0,2836
0.0,2837
0.0,2838
0.0,2839
0.0,2840
0.0,2841
0.0,2842
0.0,2843
0.0,2844
0.0,2845
0.0,2846
0.0,2847
0.0,2848
0.0,2849
0.0,2850
0.0,2851
0.0,2852
0.0,2853
0.0,2854
601.6329631053725,2855
0.0,2856
0.0,2857
0.0,2858
0.0,2859
0.0,2860
0.0,2861
0.0,2862
1226.2311747240137,2863
0.0,2864
0.0,2865
0.0,2866
0.0,2867
0.0,2868
0.0,2869
0.0,2870
0.0,2871
0.0,2872
0.0,2873
0.0,2874
0.0,2875
0.0,2876
0.0,2877
0.0,2878
0.0,2879
0.0,2880
0.0,2881
0.0,2882
0.0,2883
0.0,2884
0.0,2885
0.0,2886
0.0,2887
0.0,2888
0.0,2889
0.0,2890
0.0,2891
0.0,2892
0.0,2893
0.0,2894
0.0,2895
0.0,2896
0.0,2897
0.0,2898
0.0,2899
0.0,2900
0.0,2901
0.0,2902
0.0,2903
0.0,2904
0.0,2905
0.0,2906
0.0,2907
0.0,2908
0.0,2909
605.8467594629926,2910
0.0,2911
0.0,2912
0.0,2913
0.0,2914
0.0,2915
0.0,2916
0.0,2917
0.0,2918
0.0,2919
0.0,2920
0.0,2921
0.0,2922
0.0,2923
0.0,2924
0.0,2925
1115.2883410557897,2926
0.0,2927
0.0,2928
107.07602304279152,2929
0.0,2930
0.0,2931
0.0,2932
0.0,2933
0.0,2934
0.0,2935
0.0,2936
0.0,2937
0.0,2938
0.0,2939
0.0,2940
0.0,2941
221.30155985983708,2942
0.0,2943
0.0,2944
0.0,2945
1413.8269173185229,2946
0.0,2947
1431.9763721759261,2948
0.0,2949
0.0,2950
0.0,2951
0.0,2952
0.0,2953
0.0,2954
0.0,2955
0.0,2956
0.0,2957
0.0,2958
0.0,2959
0.0,2960
0.0,2961
1155.3924397494725,2962
0.0,2963
0.0,2964
0.0,2965
0.0,2966
0.0,2967
0.0,2968
0.0,2969
0.0,2970
0.0,2971
0.0,2972
0.0,2973
0.0,2974
4842.425467972683,2975
3055.4934087255283,2976
671.1013022952735,2977
1460.9916647084437,2978
0.0,2979
0.0,2980
0.0,2981
0.0,2982
0.0,2983
0.0,2984
2072.5454064735104,2985
2896.665991154499,2986
1688.6607433063352,2987
1105.6637597512463,2988
1677.0646612287042,2989
1127.9036485274055,2990
0.0,2991
639.0892451978091,2992
0.0,2993
0.0,2994
0.0,2995
0.0,2996
0.0,2997
0.0,2998
0.0,2999
0.0,3000
0.0,3001
0.0,3002
0.0,3003
0.0,3004
0.0,3005
0.0,3006
0.0,3007
0.0,3008
0.0,3009
0.0,3010
0.0,3011
0.0,3012
0.0,3013
0.0,3014
0.0,3015
788.1730414353744,3016
1188.0499458595677,3017
0.0,3018
0.0,3019
0.0,3020
0.0,3021
0.0,3022
21.16243100984303,3023
28.54339625558152,3024
0.0,3025
0.0,3026
0.0,3027
0.0,3028
0.0,3029
1655.9339120575412,3030
0.0,3031
0.0,3032
0.0,3033
0.0,3034
0.0,3035
0.0,3036
0.0,3037
0.0,3038
2937.1438713226053,3039
0.0,3040
2923.62813799171,3041
1850.8743614526688,3042
0.0,3043
0.0,3044
0.0,3045
0.0,3046
2251.7950673244013,3047
2244.1196167849735,3048
0.0,3049
0.0,3050
0.0,3051
0.0,3052
0.0,3053
0.0,3054
0.0,3055
0.0,3056
0.0,3057
0.0,3058
0.0,3059
0.0,3060
205.48056391955853,3061
0.0,3062
0.0,3063
0.0,3064
0.0,3065
0.0,3066
0.0,3067
0.0,3068
0.0,3069
0.0,3070
0.0,3071
0.0,3072
1186.1776976296228,3073
0.0,3074
2284.6518608313686,3075
0.0,3076
0.0,3077
0.0,3078
0.0,3079
0.0,3080
0.0,3081
0.0,3082
0.0,3083
3055.5641851078535,3084
0.0,3085
1119.797275559529,3086
0.0,3087
1440.2213702400152,3088
3312.6388652321602,3089
0.0,3090
131.00051137044426,3091
0.0,3092
0.0,3093
0.0,3094
0.0,3095
0.0,3096
0.0,3097
0.0,3098
0.0,3099
0.0,3100
0.0,3101
2841.304861639473,3102
2843.9015372763233,3103
902.860958801645,3104
0.0,3105
530.6598016176847,3106
1538.6096310466216,3107
0.0,3108
0.0,3109
1324.878891497631,3110
3132.865688284663,3111
0.0,3112
0.0,3113
0.0,3114
0.0,3115
0.0,3116
0.0,3117
2378.105584283844,3118
0.0,3119
0.0,3120
0.0,3121
0.0,3122
0.0,3123
0.0,3124
214.68652872606216,3125
0.0,3126
0.0,3127
0.0,3128
0.0,3129
0.0,3130
0.0,3131
0.0,3132
0.0,3133
0.0,3134
0.0,3135
0.0,3136
0.0,3137
0.0,3138
0.0,3139
0.0,3140
0.0,3141
5445.642877404105,3142
0.0,3143
0.0,3144
0.0,3145
0.0,3146
0.0,3147
0.0,3148
0.0,3149
0.0,3150
0.0,3151
0.0,3152
0.0,3153
0.0,3154
0.0,3155
0.0,3156
0.0,3157
574.524240429969,3158
574.057228869189,3159
584.6089192852643,3160
726.7735624264998,3161
0.0,3162
635.0112553163012,3163
0.0,3164
649.5910476004912,3165
0.0,3166
0.0,3167
465.8483143286937,3168
0.0,3169
106.96160134270798,3170
0.0,3171
0.0,3172
0.0,3173
0.0,3174
0.0,3175
0.0,3176
0.0,3177
0.0,3178
0.0,3179
0.0,3180
0.0,3181
0.0,3182
0.0,3183
0.0,3184
0.0,3185
4.586677032924604,3186
21.977791765174373,3187
0.0,3188
0.0,3189
0.0,3190
0.0,3191
0.0,3192
0.0,3193
0.0,3194
0.0,3195
0.0,3196
0.0,3197
0.0,3198
0.0,3199
0.0,3200
0.0,3201
0.0,3202
0.0,3203
0.0,3204
0.0,3205
0.0,3206
0.0,3207
0.0,3208
0.0,3209
0.0,3210
0.0,3211
0.0,3212
0.0,3213
0.0,3214
0.0,3215
0.0,3216
124.85430051171646,3217
0.0,3218
0.0,3219
0.0,3220
1226.5061458634066,3221
0.0,3222
0.0,3223
463.38224422816705,3224
1825.4205580905452,3225
0.0,3226
2860.560275698607,3227
0.0,3228
0.0,3229
0.0,3230
0.0,3231
0.0,3232
1369.8509454795048,3233
879.1846871019746,3234
0.0,3235
0.0,3236
1385.9948860010707,3237
3125.4523009563495,3238
0.0,3239
1312.2370977426338,3240
0.0,3241
422.2646169593672,3242
0.0,3243
0.0,3244
2480.1111527735293,3245
629.3769165108347,3246
7040.134718961277,3247
0.0,3248
0.0,3249
0.0,3250
0.0,3251
1530.4648902749802,3252
1017.8204062116345,3253
0.0,3254
0.0,3255
0.0,3256
2951.4516533871683,3257
3243.09798566051,3258
0.0,3259
0.0,3260
0.0,3261
3014.0604961967415,3262
3022.104726509189,3263
0.0,3264
3242.5287949869976,3265
0.0,3266
0.0,3267
0.0,3268
390.4144529684055,3269
3297.6164149944125,3270
529.891475687963,3271
0.0,3272
0.0,3273
2237.8331971972293,3274
0.0,3275
0.0,3276
0.0,3277
273.41135903159767,3278
0.0,3279
0.0,3280
4.750281547448018,3281
0.0,3282
0.0,3283
0.0,3284
0.0,3285
0.0,3286
2311.9965751207965,3287
693.2472579749576,3288
0.0,3289
0.0,3290
0.0,3291
0.0,3292
305.43116048629605,3293
2347.4455053857423,3294
2003.7374585210616,3295
4416.840808361324,3296
0.0,3297
2555.9468184884436,3298
0.0,3299
2305.878329007749,3300
1952.094053452431,3301
0.0,3302
3959.8602970015795,3303
6350.420440833396,3304
0.0,3305
4341.365865742129,3306
0.0,3307
0.0,3308
0.0,3309
0.0,3310
0.0,3311
0.0,3312
0.0,3313
0.0,3314
0.0,3315
0.0,3316
0.0,3317
0.0,3318
0.0,3319
0.0,3320
9757.531124034651,3321
0.0,3322
0.0,3323
0.0,3324
0.0,3325
0.0,3326
0.0,3327
0.0,3328
0.0,3329
0.0,3330
0.0,3331
0.0,3332
0.0,3333
0.0,3334
348.0797091700276,3335
0.0,3336
0.0,3337
58.08776290332128,3338
0.0,3339
0.0,3340
0.0,3341
0.0,3342
5980.8282420832375,3343
0.0,3344
0.0,3345
0.0,3346
0.0,3347
1614.1188213462199,3348
0.0,3349
0.0,3350
0.0,3351
0.0,3352
0.0,3353
2180.0660407510763,3354
0.0,3355
69.44076734330947,3356
0.0,3357
1498.5508178406465,3358
1498.010634506851,3359
3354.85341398748,3360
3355.4059326185156,3361
0.0,3362
0.0,3363
209.21702658571527,3364
0.0,3365
0.0,3366
514.9069665801743,3367
1198.6948720412176,3368
0.0,3369
0.0,3370
597.8555875561674,3371
0.0,3372
0.0,3373
0.0,3374
509.5868743741661,3375
0.0,3376
0.0,3377
0.0,3378
0.0,3379
0.0,3380
0.0,3381
0.0,3382
0.0,3383
0.0,3384
0.0,3385
0.0,3386
0.0,3387
1554.1738264319067,3388
895.6863316657069,3389
1871.7531697888396,3390
0.0,3391
0.0,3392
0.0,3393
0.0,3394
0.0,3395
0.0,3396
0.0,3397
0.0,3398
0.0,3399
0.0,3400
0.0,3401
0.0,3402
0.0,3403
0.0,3404
0.0,3405
0.0,3406
0.0,3407
0.0,3408
0.0,3409
0.0,3410
0.0,3411
0.0,3412
0.0,3413
0.0,3414
0.0,3415
657.828463080143,3416
0.0,3417
0.0,3418
0.0,3419
0.0,3420
481.89174459672256,3421
0.0,3422
0.0,3423
0.0,3424
0.0,3425
0.0,3426
0.0,3427
0.0,3428
0.0,3429
0.0,3430
0.0,3431
0.0,3432
0.0,3433
0.0,3434
0.0,3435
0.0,3436
0.0,3437
0.0,3438
0.0,3439
0.0,3440
0.0,3441
0.0,3442
0.0,3443
0.0,3444
0.0,3445
0.0,3446
0.0,3447
0.0,3448
0.0,3449
0.0,3450
0.0,3451
0.0,3452
0.0,3453
0.0,3454
0.0,3455
0.0,3456
0.0,3457
0.0,3458
0.0,3459
2429.388795322276,3460
2781.1226064614216,3461
0.0,3462
0.0,3463
0.0,3464
0.0,3465
0.0,3466
0.0,3467
0.0,3468
0.0,3469
0.0,3470
190.71636588154504,3471
0.0,3472
0.0,3473
0.0,3474
0.0,3475
0.0,3476
0.0,3477
0.0,3478
0.0,3479
0.0,3480
0.0,3481
0.0,3482
0.0,3483
0.0,3484
0.0,3485
0.0,3486
0.0,3487
0.0,3488
0.0,3489
0.0,3490
0.0,3491
0.0,3492
0.0,3493
0.0,3494
0.0,3495
0.0,3496
0.0,3497
0.0,3498
13.039236477162719,3499
0.0,3500
0.0,3501
55.267994779585884,3502
0.0,3503
0.0,3504
405.80537604463177,3505
411.66449555697767,3506
0.0,3507
1209.0283300638127,3508
0.0,3509
0.0,3510
0.0,3511
0.0,3512
0.0,3513
0.0,3514
0.0,3515
0.0,3516
0.0,3517
539.1681770961662,3518
0.0,3519
0.0,3520
2046.04671392874,3521
0.0,3522
0.0,3523
0.0,3524
0.0,3525
0.0,3526
0.0,3527
0.0,3528
846.2215296485638,3529
348.91631076036685,3530
0.0,3531
0.0,3532
0.0,3533
0.0,3534
0.0,3535
0.0,3536
150.07612777106982,3537
0.0,3538
2053.807854907259,3539
0.0,3540
83.28903973417783,3541
0.0,3542
0.0,3543
752.0939352652949,3544
0.0,3545
0.0,3546
746.9194700629088,3547
542.657067662345,3548
0.0,3549
1181.9097419926147,3550
0.0,3551
0.0,3552
0.0,3553
738.1238907234118,3554
0.0,3555
0.0,3556
395.25885474763385,3557
0.0,3558
75.26618491701646,3559
0.0,3560
0.0,3561
0.0,3562
1133.7862568357752,3563
0.0,3564
0.0,3565
730.5664281769876,3566
258.1852315850172,3567
79.51759872977871,3568
609.4542317823525,3569
112.45981976242122,3570
0.0,3571
0.0,3572
0.0,3573
0.0,3574
0.0,3575
0.0,3576
0.0,3577
0.0,3578
0.0,3579
0.0,3580
0.0,3581
1944.4665732510482,3582
0.0,3583
0.0,3584
0.0,3585
0.0,3586
0.0,3587
0.0,3588
0.0,3589
203.90175426412722,3590
0.0,3591
0.0,3592
90.94225176510943,3593
0.0,3594
0.0,3595
402.12351375619505,3596
0.0,3597
0.0,3598
0.0,3599
0.0,3600
0.0,3601
2275.2459085716964,3602
392.0702130409363,3603
0.0,3604
0.0,3605
0.0,3606
0.0,3607
0.0,3608
0.0,3609
1533.0207477577712,3610
829.3424480333256,3611
0.0,3612
0.0,3613
0.0,3614
0.0,3615
0.0,3616
0.0,3617
0.0,3618
0.0,3619
718.9421623130162,3620
1783.3362664850308,3621
1559.6591254810476,3622
0.0,3623
352.79300354203286,3624
0.0,3625
0.0,3626
0.0,3627
3648.7221912673394,3628
0.0,3629
0.0,3630
0.0,3631
0.0,3632
0.0,3633
0.0,3634
0.0,3635
2092.213265577472,3636
0.0,3637
1316.0080822330654,3638
0.0,3639
0.0,3640
0.0,3641
0.0,3642
4063.803419471905,3643
0.0,3644
1882.879312792167,3645
0.0,3646
0.0,3647
0.0,3648
510.066091595869,3649
702.2083769632274,3650
0.0,3651
1390.6619403358475,3652
0.0,3653
0.0,3654
0.0,3655
0.0,3656
3838.3797256330345,3657
0.0,3658
0.0,3659
325.05384881807265,3660
0.0,3661
0.0,3662
5249.380609466281,3663
559.6032924616875,3664
0.0,3665
0.0,3666
0.0,3667
0.0,3668
0.0,3669
0.0,3670
0.0,3671
0.0,3672
0.0,3673
0.0,3674
0.0,3675
0.0,3676
0.0,3677
0.0,3678
0.0,3679
0.0,3680
0.0,3681
0.0,3682
0.0,3683
0.0,3684
0.0,3685
0.0,3686
0.0,3687
0.0,3688
0.0,3689
0.0,3690
0.0,3691
0.0,3692
0.0,3693
642.3689188931128,3694
0.0,3695
0.0,3696
0.0,3697
0.0,3698
467.0597008805985,3699
0.0,3700
0.0,3701
1036.7494449851774,3702
0.0,3703
0.0,3704
0.0,3705
994.7988920988205,3706
0.0,3707
0.0,3708
0.0,3709
294.04697310154467,3710
0.0,3711
9.619239151787927,3712
0.0,3713
0.0,3714
511.38537152874835,3715
0.0,3716
4274.194386829678,3717
0.0,3718
1727.7193920176476,3719
344.41105195854345,3720
0.0,3721
0.0,3722
1679.7095918292,3723
0.0,3724
0.0,3725
0.0,3726
1633.3936978610755,3727
504.2506636603577,3728
0.0,3729
0.0,3730
1789.5585549117848,3731
0.0,3732
34.80572760388753,3733
3472.8004873842738,3734
0.0,3735
1613.9868093096716,3736
0.0,3737
0.0,3738
1764.4840774974407,3739
973.2778749703773,3740
1774.7048257192341,3741
1608.1792887797412,3742
1613.041648094631,3743
194.74794197296922,3744
0.0,3745
0.0,3746
0.0,3747
0.0,3748
0.0,3749
0.0,3750
1231.4109374840355,3751
0.0,3752
609.3406877820826,3753
0.0,3754
668.1963582674746,3755
0.0,3756
0.0,3757
0.0,3758
0.0,3759
0.0,3760
0.0,3761
0.0,3762
0.0,3763
747.5895331552243,3764
0.0,3765
0.0,3766
0.0,3767
0.0,3768
0.0,3769
0.0,3770
0.0,3771
0.0,3772
0.0,3773
0.0,3774
0.0,3775
0.0,3776
1302.580605069243,3777
0.0,3778
0.0,3779
1304.5631320057653,3780
0.0,3781
1867.726755717655,3782
0.0,3783
0.0,3784
0.0,3785
0.0,3786
0.0,3787
0.0,3788
1552.7337480444626,3789
0.0,3790
0.0,3791
0.0,3792
0.0,3793
0.0,3794
1555.0287963847093,3795
0.0,3796
0.0,3797
0.0,3798
0.0,3799
0.0,3800
0.0,3801
0.0,3802
278.4979553344155,3803
0.0,3804
0.0,3805
0.0,3806
0.0,3807
2144.6902542290677,3808
0.0,3809
0.0,3810
1831.3205079693998,3811
0.0,3812
539.652051126714,3813
449.7090663315819,3814
0.0,3815
2314.1016422294956,3816
0.0,3817
1287.7597283414866,3818
0.0,3819
0.0,3820
0.0,3821
0.0,3822
0.0,3823
0.0,3824
0.0,3825
0.0,3826
0.0,3827
2057.69235356316,3828
0.0,3829
0.0,3830
0.0,3831
0.0,3832
0.0,3833
0.0,3834
0.0,3835
0.0,3836
0.0,3837
0.0,3838
0.0,3839
46.76431154968917,3840
0.0,3841
0.0,3842
0.0,3843
0.0,3844
0.0,3845
0.0,3846
0.0,3847
0.0,3848
0.0,3849
0.0,3850
2849.6499668576903,3851
0.0,3852
0.0,3853
0.0,3854
0.0,3855
0.0,3856
0.0,3857
0.0,3858
0.0,3859
0.0,3860
0.0,3861
0.0,3862
0.0,3863
0.0,3864
0.0,3865
0.0,3866
0.0,3867
0.0,3868
0.0,3869
0.0,3870
2987.636462518988,3871
0.0,3872
0.0,3873
0.0,3874
0.0,3875
0.0,3876
0.0,3877
0.0,3878
0.0,3879
0.0,3880
0.0,3881
1341.4990869194123,3882
0.0,3883
0.0,3884
456.8157602616263,3885
0.0,3886
0.0,3887
4067.2596800875654,3888
0.0,3889
0.0,3890
0.0,3891
0.0,3892
0.0,3893
0.0,3894
0.0,3895
0.0,3896
0.0,3897
0.0,3898
3529.771763268662,3899
0.0,3900
0.0,3901
0.0,3902
0.0,3903
0.0,3904
0.0,3905
0.0,3906
0.0,3907
0.0,3908
3409.8120023221713,3909
0.0,3910
1538.7215754207486,3911
0.0,3912
0.0,3913
0.0,3914
0.0,3915
0.0,3916
0.0,3917
0.0,3918
0.0,3919
0.0,3920
0.0,3921
0.0,3922
0.0,3923
0.0,3924
0.0,3925
0.0,3926
0.0,3927
0.0,3928
0.0,3929
0.0,3930
0.0,3931
0.0,3932
0.0,3933
539.3733117289615,3934
0.0,3935
0.0,3936
0.0,3937
0.0,3938
0.0,3939
0.0,3940
0.0,3941
0.0,3942
0.0,3943
0.0,3944
0.0,3945
0.0,3946
0.0,3947
0.0,3948
0.0,3949
0.0,3950
0.0,3951
0.0,3952
0.0,3953
0.0,3954
0.0,3955
0.0,3956
0.0,3957
446.43179376633975,3958
0.0,3959
0.0,3960
467.108461454452,3961
0.0,3962
0.0,3963
0.0,3964
0.0,3965
0.0,3966
0.0,3967
0.0,3968
0.0,3969
0.0,3970
0.0,3971
0.0,3972
0.0,3973
0.0,3974
0.0,3975
0.0,3976
0.0,3977
0.0,3978
0.0,3979
0.0,3980
0.0,3981
0.0,3982
0.0,3983
0.0,3984
0.0,3985
0.0,3986
0.0,3987
0.0,3988
0.0,3989
0.0,3990
0.0,3991
0.0,3992
0.0,3993
0.0,3994
0.0,3995
0.0,3996
0.0,3997
0.0,3998
1185.356762939312,3999
0.0,4000
0.0,4001
0.0,4002
0.0,4003
0.0,4004
0.0,4005
0.0,4006
0.0,4007
0.0,4008
0.0,4009
0.0,4010
0.0,4011
0.0,4012
0.0,4013
0.0,4014
0.0,4015
0.0,4016
0.0,4017
0.0,4018
0.0,4019
0.0,4020
0.0,4021
274.1929560659443,4022
0.0,4023
0.0,4024
1892.2108660072045,4025
2102.419291083023,4026
0.0,4027
0.0,4028
0.0,4029
0.0,4030
2024.4569670803876,4031
0.0,4032
0.0,4033
0.0,4034
0.0,4035
0.0,4036
0.0,4037
1931.2658747441988,4038
1992.2702174950978,4039
0.0,4040
0.0,4041
0.0,4042
0.0,4043
0.0,4044
0.0,4045
804.7635174811855,4046
0.0,4047
0.0,4048
0.0,4049
0.0,4050
0.0,4051
0.0,4052
0.0,4053
0.0,4054
0.0,4055
0.0,4056
0.0,4057
0.0,4058
0.0,4059
0.0,4060
0.0,4061
0.0,4062
0.0,4063
0.0,4064
0.0,4065
0.0,4066
0.0,4067
0.0,4068
0.0,4069
0.0,4070
864.5268675552911,4071
0.0,4072
0.0,4073
0.0,4074
0.0,4075
0.0,4076
0.0,4077
0.0,4078
0.0,4079
0.0,4080
0.0,4081
0.0,4082
0.0,4083
0.0,4084
0.0,4085
0.0,4086
5430.978572436367,4087
0.0,4088
0.0,4089
0.0,4090
1276.1604373602609,4091
0.0,4092
0.0,4093
323.68127401716197,4094
320.7343065774876,4095
0.0,4096
0.0,4097
336.2686993289391,4098
0.0,4099
0.0,4100
0.0,4101
0.0,4102
0.0,4103
0.0,4104
0.0,4105
0.0,4106
0.0,4107
0.0,4108
0.0,4109
0.0,4110
0.0,4111
0.0,4112
0.0,4113
0.0,4114
0.0,4115
0.0,4116
0.0,4117
0.0,4118
0.0,4119
0.0,4120
0.0,4121
0.0,4122
0.0,4123
0.0,4124
0.0,4125
832.0605192336268,4126
0.0,4127
0.0,4128
0.0,4129
0.0,4130
0.0,4131
0.0,4132
0.0,4133
0.0,4134
0.0,4135
0.0,4136
0.0,4137
0.0,4138
0.0,4139
0.0,4140
0.0,4141
0.0,4142
0.0,4143
0.0,4144
0.0,4145
0.0,4146
0.0,4147
88.5252178382929,4148
0.0,4149
0.0,4150
1651.6190261620309,4151
0.0,4152
0.0,4153
0.0,4154
0.0,4155
0.0,4156
0.0,4157
948.7917821613204,4158
0.0,4159
0.0,4160
0.0,4161
0.0,4162
0.0,4163
0.0,4164
0.0,4165
0.0,4166
0.0,4167
0.0,4168
0.0,4169
0.0,4170
0.0,4171
0.0,4172
0.0,4173
0.0,4174
0.0,4175
0.0,4176
0.0,4177
0.0,4178
0.0,4179
851.7454938633792,4180
0.0,4181
859.1421871897551,4182
1134.185817784318,4183
0.0,4184
853.3279476456557,4185
2340.8015738818326,4186
0.0,4187
814.9721817421571,4188
644.1602463174714,4189
475.9828537739729,4190
2148.0651937508446,4191
614.4362665606579,4192
501.58509429536593,4193
512.5462584514178,4194
0.0,4195
524.2089050268854,4196
794.0109388202324,4197
766.498198510859,4198
0.0,4199
4.028886883435696,4200
510.4406921204313,4201
2182.1769694923173,4202
0.0,4203
1240.224511745158,4204
527.6899053847521,4205
539.9229606340025,4206
0.0,4207
748.252459292281,4208
0.0,4209
0.0,4210
2174.264107314463,4211
977.9865867760242,4212
0.0,4213
0.0,4214
0.0,4215
0.0,4216
0.0,4217
987.4300069228926,4218
0.0,4219
2526.9335610991816,4220
277.1718882996176,4221
0.0,4222
2314.9628808872008,4223
0.0,4224
0.0,4225
0.0,4226
0.0,4227
0.0,4228
2324.4137613727016,4229
0.0,4230
0.0,4231
0.0,4232
0.0,4233
0.0,4234
0.0,4235
90.11374700249105,4236
0.0,4237
0.0,4238
28.873523443696264,4239
0.0,4240
0.0,4241
2990.466628591132,4242
0.0,4243
2496.765832359841,4244
0.0,4245
0.0,4246
0.0,4247
0.0,4248
1688.1409205828138,4249
0.0,4250
0.0,4251
8264.965098801322,4252
0.0,4253
1795.742647711362,4254
2979.4700789897106,4255
0.0,4256
495.1512121224006,4257
0.0,4258
2982.932780160724,4259
290.0454680020727,4260
770.2969515340465,4261
0.0,4262
0.0,4263
0.0,4264
0.0,4265
0.0,4266
0.0,4267
0.0,4268
0.0,4269
0.0,4270
0.0,4271
0.0,4272
7694.202460990431,4273
1227.4791951554755,4274
6356.156633407401,4275
1773.5000108232211,4276
0.0,4277
2298.6346727999976,4278
0.0,4279
0.0,4280
15308.289338945475,4281
0.0,4282
0.0,4283
2412.2060607960493,4284
1328.0346413684229,4285
463.75264899272423,4286
0.0,4287
0.0,4288
0.0,4289
0.0,4290
0.0,4291
500.38013464497425,4292
0.0,4293
0.0,4294
0.0,4295
0.0,4296
0.0,4297
0.0,4298
0.0,4299
505.3642293862971,4300
0.0,4301
0.0,4302
0.0,4303
0.0,4304
509.7491157014272,4305
0.0,4306
1067.7843508829606,4307
0.0,4308
1070.5499935983073,4309
0.0,4310
0.0,4311
1072.9033400445664,4312
0.0,4313
753.4689779628353,4314
0.0,4315
607.2834751436062,4316
0.0,4317
1056.6088698143035,4318
0.0,4319
0.0,4320
0.0,4321
0.0,4322
603.0204625751221,4323
0.0,4324
0.0,4325
0.0,4326
0.0,4327
0.0,4328
0.0,4329
0.0,4330
0.0,4331
0.0,4332
0.0,4333
0.0,4334
0.0,4335
0.0,4336
598.1284202544136,4337
0.0,4338
0.0,4339
0.0,4340
0.0,4341
0.0,4342
0.0,4343
0.0,4344
0.0,4345
0.0,4346
0.0,4347
0.0,4348
0.0,4349
241.23054785403278,4350
0.0,4351
234.86478170976378,4352
0.0,4353
0.0,4354
0.0,4355
0.0,4356
438.216972667825,4357
0.0,4358
80.35686504861613,4359
0.0,4360
0.0,4361
0.0,4362
337.0507623375567,4363
0.0,4364
0.0,4365
0.0,4366
0.0,4367
0.0,4368
0.0,4369
0.0,4370
0.0,4371
0.0,4372
0.0,4373
0.0,4374
331.7279765324079,4375
0.0,4376
0.0,4377
0.0,4378
0.0,4379
0.0,4380
397.76750813455305,4381
0.0,4382
1035.8372917714537,4383
0.0,4384
525.6907274741516,4385
463.8636151986397,4386
2162.514905060155,4387
0.0,4388
0.0,4389
0.0,4390
1604.6963488857139,4391
56.06469632919596,4392
0.0,4393
0.0,4394
0.0,4395
0.0,4396
0.0,4397
0.0,4398
0.0,4399
0.0,4400
0.0,4401
1536.561581597888,4402
2131.6671691961274,4403
0.0,4404
0.0,4405
0.0,4406
481.48305218764506,4407
489.3004421056172,4408
0.0,4409
1875.0543087521305,4410
0.0,4411
1824.7520993526527,4412
0.0,4413
0.0,4414
2604.573394664616,4415
589.8349755392833,4416
0.0,4417
0.0,4418
0.0,4419
0.0,4420
0.0,4421
0.0,4422
0.0,4423
1568.0424825550513,4424
0.0,4425
1543.1470610666204,4426
0.0,4427
812.2806742991652,4428
1028.5295576379701,4429
5.8231629986978914,4430
0.0,4431
1515.2966091106293,4432
0.0,4433
0.0,4434
220.82768613857056,4435
59.43272918141594,4436
0.0,4437
0.0,4438
0.0,4439
0.0,4440
442.09809344206025,4441
0.0,4442
0.0,4443
0.0,4444
0.0,4445
0.0,4446
0.0,4447
0.0,4448
0.0,4449
0.0,4450
0.0,4451
0.0,4452
0.0,4453
0.0,4454
0.0,4455
0.0,4456
0.0,4457
0.0,4458
0.0,4459
0.0,4460
0.0,4461
0.0,4462
0.0,4463
0.0,4464
0.0,4465
2063.30810295474,4466
1113.9514542862091,4467
3390.5033394109546,4468
0.0,4469
3228.421415746042,4470
0.0,4471
26.193937753051134,4472
0.0,4473
0.0,4474
0.0,4475
0.0,4476
0.0,4477
0.0,4478
0.0,4479
766.2248776539196,4480
1133.5795539345977,4481
0.0,4482
0.0,4483
0.0,4484
0.0,4485
4218.998443524236,4486
0.0,4487
0.0,4488
0.0,4489
0.0,4490
0.0,4491
1805.7039030793562,4492
0.0,4493
1790.5555255500872,4494
0.0,4495
0.0,4496
1151.4950801167827,4497
0.0,4498
0.0,4499
0.0,4500
1040.0666643305722,4501
1377.971139637463,4502
1769.2739230471736,4503
1028.2548968318904,4504
0.0,4505
0.0,4506
0.0,4507
0.0,4508
0.0,4509
0.0,4510
0.0,4511
0.0,4512
0.0,4513
0.0,4514
0.0,4515
0.0,4516
0.0,4517
1471.1711810047057,4518
0.0,4519
0.0,4520
8511.70795307364,4521
0.0,4522
0.0,4523
6538.341328480706,4524
0.0,4525
0.0,4526
0.0,4527
10.93755636159973,4528
0.0,4529
3199.400070974508,4530
3923.4676693321176,4531
0.0,4532
7.8519026472916424,4533
7381.859535548096,4534
261.56677631738785,4535
2.1482765077949515,4536
0.9149488224164771,4537
0.0,4538
0.0,4539
0.37703606272573287,4540
0.0,4541
0.0,4542
144.39426371904182,4543
0.0,4544
0.0,4545
0.0,4546
0.0,4547
0.0,4548
0.0,4549
0.0,4550
0.0,4551
0.0,4552
0.0,4553
0.0,4554
0.0,4555
0.0,4556
0.0,4557
0.0,4558
0.0,4559
0.0,4560
0.0,4561
0.0,4562
0.0,4563
0.0,4564
0.0,4565
0.0,4566
0.0,4567
0.0,4568
0.0,4569
0.0,4570
0.0,4571
0.0,4572
0.0,4573
0.0,4574
0.0,4575
0.0,4576
279.38413824170414,4577
0.0,4578
0.0,4579
0.0,4580
0.0,4581
0.0,4582
0.0,4583
0.0,4584
0.0,4585
0.0,4586
0.0,4587
0.0,4588
0.0,4589
0.0,4590
0.0,4591
0.0,4592
0.0,4593
0.0,4594
0.0,4595
0.0,4596
0.0,4597
0.0,4598
0.0,4599
0.0,4600
0.0,4601
0.0,4602
0.0,4603
0.0,4604
0.0,4605
0.0,4606
172.67473135147196,4607
0.0,4608
1129.650813466303,4609
0.0,4610
0.0,4611
156.25213254388328,4612
0.0,4613
0.0,4614
0.0,4615
0.0,4616
0.0,4617
0.0,4618
0.0,4619
143.46068864936947,4620
0.0,4621
0.0,4622
0.0,4623
0.0,4624
0.0,4625
0.0,4626
0.0,4627
76.52325996431608,4628
0.0,4629
0.0,4630
0.0,4631
0.0,4632
3286.260183171531,4633
0.0,4634
1236.0238761232447,4635
0.0,4636
0.0,4637
0.0,4638
64.26398668390316,4639
0.0,4640
0.0,4641
0.0,4642
0.0,4643
0.0,4644
0.0,4645
0.0,4646
0.0,4647
0.0,4648
0.0,4649
0.0,4650
0.0,4651
0.0,4652
0.0,4653
317.88586612213373,4654
306.4926550941505,4655
0.0,4656
0.0,4657
0.0,4658
3366.423617239745,4659
0.0,4660
0.0,4661
0.0,4662
1144.1955630467085,4663
0.0,4664
0.0,4665
0.0,4666
0.0,4667
0.0,4668
0.0,4669
0.0,4670
1184.9750635266937,4671
1190.4056614279773,4672
0.0,4673
0.0,4674
34.6644160263117,4675
0.0,4676
0.0,4677
0.0,4678
0.0,4679
24.943481767906608,4680
0.0,4681
0.0,4682
0.0,4683
0.0,4684
0.0,4685
0.0,4686
0.0,4687
283.36600573206397,4688
0.0,4689
0.0,4690
0.0,4691
0.0,4692
276.7139549953753,4693
0.0,4694
0.0,4695
0.0,4696
0.0,4697
0.0,4698
0.0,4699
253.89319954428734,4700
0.0,4701
270.07556456596546,4702
0.0,4703
0.0,4704
0.0,4705
0.0,4706
0.0,4707
0.0,4708
0.0,4709
0.0,4710
0.0,4711
0.0,4712
280.2173437398111,4713
0.0,4714
0.0,4715
0.0,4716
0.0,4717
0.0,4718
0.0,4719
0.0,4720
0.0,4721
71.6828187342696,4722
0.0,4723
0.0,4724
0.0,4725
737.7895414725531,4726
0.0,4727
0.0,4728
0.0,4729
52.96813883318753,4730
0.0,4731
0.0,4732
0.0,4733
0.0,4734
0.0,4735
0.0,4736
0.0,4737
0.0,4738
0.0,4739
0.0,4740
2156.0137122407527,4741
0.0,4742
0.0,4743
0.0,4744
0.0,4745
0.0,4746
0.0,4747
0.0,4748
0.0,4749
0.0,4750
653.4613873118456,4751
0.0,4752
0.0,4753
0.0,4754
0.0,4755
0.0,4756
0.0,4757
0.0,4758
0.0,4759
612.3411021044534,4760
0.0,4761
318.4804168457259,4762
1291.9030975482513,4763
0.0,4764
0.0,4765
0.0,4766
0.0,4767
0.0,4768
0.0,4769
0.0,4770
0.0,4771
0.0,4772
0.0,4773
0.0,4774
0.0,4775
0.0,4776
1849.7833664296998,4777
0.0,4778
0.0,4779
0.0,4780
0.0,4781
0.0,4782
0.0,4783
0.0,4784
2543.2059319788164,4785
0.0,4786
0.0,4787
0.0,4788
0.0,4789
0.0,4790
0.0,4791
2548.8837407861865,4792
0.0,4793
0.0,4794
0.0,4795
0.0,4796
0.0,4797
385.9782637502991,4798
0.0,4799
2551.6372400934756,4800
0.0,4801
3583.181463173706,4802
0.0,4803
0.0,4804
0.0,4805
0.0,4806
2558.1906401711663,4807
0.0,4808
0.0,4809
0.0,4810
0.0,4811
0.0,4812
0.0,4813
0.0,4814
0.0,4815
0.0,4816
0.0,4817
0.0,4818
0.0,4819
0.0,4820
0.0,4821
0.0,4822
0.0,4823
0.0,4824
0.0,4825
0.0,4826
0.0,4827
0.0,4828
0.0,4829
0.0,4830
0.0,4831
0.0,4832
0.0,4833
0.0,4834
0.0,4835
0.0,4836
0.0,4837
205.0067015624292,4838
0.0,4839
637.7711820149326,4840
0.0,4841
0.0,4842
0.0,4843
0.0,4844
0.0,4845
0.0,4846
0.0,4847
0.0,4848
0.0,4849
0.0,4850
0.0,4851
1147.9142813407575,4852
118.91331291096544,4853
0.0,4854
0.0,4855
3560.277632092832,4856
0.0,4857
0.0,4858
0.0,4859
0.0,4860
0.0,4861
0.0,4862
0.0,4863
101.90934467245614,4864
92.56636522617156,4865
1231.8101198101779,4866
0.0,4867
580.5014233122222,4868
0.0,4869
0.0,4870
574.8084444817706,4871
569.4642382422127,4872
0.0,4873
0.0,4874
770.6541697789394,4875
0.0,4876
0.0,4877
0.0,4878
0.0,4879
0.0,4880
1569.5837612210012,4881
1516.477761347191,4882
1528.4057361583318,4883
0.0,4884
0.0,4885
0.0,4886
0.0,4887
0.0,4888
0.0,4889
0.0,4890
0.0,4891
2453.490035921982,4892
0.0,4893
0.0,4894
0.0,4895
0.0,4896
0.0,4897
0.0,4898
0.0,4899
0.0,4900
0.0,4901
0.0,4902
0.0,4903
0.0,4904
0.0,4905
0.0,4906
530.0925467643236,4907
0.0,4908
0.0,4909
0.0,4910
86.44305366362295,4911
100.14985222671572,4912
0.0,4913
0.0,4914
0.0,4915
56.319116299251526,4916
0.0,4917
0.0,4918
0.0,4919
0.0,4920
0.0,4921
0.0,4922
0.0,4923
0.0,4924
0.0,4925
0.0,4926
0.0,4927
0.0,4928
0.0,4929
0.0,4930
0.0,4931
0.0,4932
0.0,4933
0.0,4934
0.0,4935
0.0,4936
2829.5261641330962,4937
0.0,4938
0.0,4939
0.0,4940
0.0,4941
0.0,4942
5.150270266346312,4943
0.0,4944
0.0,4945
0.0,4946
0.0,4947
0.0,4948
0.0,4949
0.0,4950
6133.371501675279,4951
0.0,4952
0.0,4953
0.0,4954
0.0,4955
0.0,4956
0.0,4957
0.0,4958
0.0,4959
852.2770319438571,4960
292.3934843089931,4961
0.0,4962
0.0,4963
0.0,4964
0.0,4965
0.0,4966
0.0,4967
0.0,4968
0.0,4969
0.0,4970
0.0,4971
0.0,4972
0.0,4973
0.0,4974
0.0,4975
0.0,4976
1231.8943189182855,4977
636.8827460664305,4978
0.0,4979
0.0,4980
0.0,4981
296.616143668777,4982
0.0,4983
225.1398452628519,4984
0.0,4985
0.0,4986
0.0,4987
0.0,4988
0.0,4989
0.0,4990
0.0,4991
0.0,4992
926.2771748324104,4993
914.2130676601703,4994
0.0,4995
0.0,4996
0.0,4997
0.0,4998
0.0,4999
0.0,5000
0.0,5001
0.0,5002
0.0,5003
0.0,5004
0.0,5005
0.0,5006
0.0,5007
5305.644423396952,5008
5306.460135556774,5009
0.0,5010
0.0,5011
0.0,5012
0.0,5013
0.0,5014
0.0,5015
2246.2323349698922,5016
948.5392459498875,5017
262.1187402962744,5018
277.8575191381179,5019
721.2871398516259,5020
0.0,5021
3433.857079557699,5022
0.0,5023
0.0,5024
0.0,5025
0.0,5026
0.0,5027
0.0,5028
3342.7652054731175,5029
0.0,5030
1703.6241379419798,5031
2963.3237383020905,5032
2785.572895786287,5033
0.0,5034
0.0,5035
2428.426508143062,5036
2741.04174689832,5037
0.0,5038
3021.4631141558307,5039
0.0,5040
0.0,5041
0.0,5042
0.0,5043
0.0,5044
0.0,5045
0.0,5046
0.0,5047
0.0,5048
0.0,5049
0.0,5050
0.0,5051
0.0,5052
0.0,5053
0.0,5054
0.0,5055
0.0,5056
0.0,5057
0.0,5058
0.0,5059
3108.7667307894835,5060
558.0085561396126,5061
0.0,5062
729.8621845459875,5063
476.1142563892917,5064
0.0,5065
580.0327095520712,5066
481.9478176054298,5067
1069.1899494541226,5068
0.0,5069
0.0,5070
0.0,5071
753.7196183514135,5072
0.0,5073
433.18712142420065,5074
0.0,5075
1921.5522402426927,5076
1078.937034208561,5077
0.0,5078
0.0,5079
0.0,5080
0.0,5081
0.0,5082
0.0,5083
0.0,5084
0.0,5085
0.0,5086
0.0,5087
1192.6446087275965,5088
0.0,5089
2926.5156385395007,5090
0.0,5091
0.0,5092
0.0,5093
674.2011194959074,5094
662.6808331955757,5095
0.0,5096
0.0,5097
0.0,5098
2062.2996640973524,5099
953.290957003469,5100
0.0,5101
2386.5862421227102,5102
2038.5940415492653,5103
0.0,5104
0.0,5105
1118.9871448516747,5106
0.0,5107
0.0,5108
0.0,5109
1588.5727042394583,5110
2284.4359909707723,5111
1669.7442571118524,5112
469.20056679678885,5113
401.88404430883156,5114
2148.462354046736,5115
1640.662595015219,5116
370.9522306048347,5117
0.0,5118
0.0,5119
0.0,5120
482.751470507932,5121
361.85263904169426,5122
335.31098297954,5123
0.0,5124
1423.2201392231068,5125
958.1537344859861,5126
262.26406858137545,5127
274.97138068636855,5128
0.0,5129
287.5484245913814,5130
970.8019758218345,5131
0.0,5132
0.0,5133
0.0,5134
0.0,5135
0.0,5136
0.0,5137
331.44143950375087,5138
0.0,5139
0.0,5140
0.0,5141
0.0,5142
0.0,5143
0.0,5144
0.0,5145
0.0,5146
468.4890046582637,5147
0.0,5148
1181.790016009309,5149
1189.3354481919475,5150
1196.612573901347,5151
0.0,5152
0.0,5153
0.0,5154
0.0,5155
0.0,5156
0.0,5157
0.0,5158
1685.3845344128842,5159
1695.7061541033088,5160
0.0,5161
0.0,5162
0.0,5163
0.0,5164
0.0,5165
1119.5677774386963,5166
0.0,5167
0.0,5168
0.0,5169
0.0,5170
4043.3194044313773,5171
1422.5724078298358,5172
0.0,5173
0.0,5174
0.0,5175
4197.5748114443295,5176
0.0,5177
0.0,5178
0.0,5179
0.0,5180
3728.3015683756253,5181
0.0,5182
0.0,5183
0.0,5184
115.41050784198012,5185
0.0,5186
0.0,5187
0.0,5188
0.0,5189
0.0,5190
0.0,5191
0.0,5192
0.0,5193
0.0,5194
0.0,5195
0.0,5196
0.0,5197
0.0,5198
0.0,5199
0.0,5200
0.0,5201
0.0,5202
0.0,5203
0.0,5204
0.0,5205
0.0,5206
0.0,5207
0.0,5208
0.0,5209
0.0,5210
0.0,5211
0.0,5212
0.0,5213
0.0,5214
0.0,5215
0.0,5216
0.0,5217
0.0,5218
0.0,5219
0.0,5220
0.0,5221
0.0,5222
0.0,5223
0.0,5224
0.0,5225
0.0,5226
0.0,5227
0.0,5228
0.0,5229
0.0,5230
0.0,5231
314.5827975016682,5232
0.0,5233
0.0,5234
0.0,5235
0.0,5236
0.0,5237
0.0,5238
0.0,5239
3.802946317498485,5240
0.0,5241
0.0,5242
0.0,5243
0.0,5244
0.0,5245
0.0,5246
0.0,5247
0.0,5248
0.0,5249
0.0,5250
3273.4450890020084,5251
0.0,5252
0.0,5253
0.0,5254
0.0,5255
0.0,5256
0.0,5257
0.0,5258
0.0,5259
0.0,5260
0.0,5261
0.0,5262
0.0,5263
0.0,5264
0.0,5265
0.0,5266
0.0,5267
0.0,5268
0.0,5269
0.0,5270
0.0,5271
0.0,5272
0.0,5273
0.0,5274
0.0,5275
0.0,5276
0.0,5277
0.0,5278
1370.031557642975,5279
0.0,5280
0.0,5281
0.0,5282
2078.125607447752,5283
0.0,5284
0.0,5285
1230.368794456648,5286
0.0,5287
0.0,5288
0.0,5289
0.0,5290
0.0,5291
0.0,5292
0.0,5293
3904.3163988331294,5294
0.0,5295
0.0,5296
0.0,5297
0.0,5298
0.0,5299
0.0,5300
0.0,5301
0.0,5302
0.0,5303
0.0,5304
0.0,5305
0.0,5306
0.0,5307
0.0,5308
0.0,5309
0.0,5310
0.0,5311
0.0,5312
0.0,5313
0.0,5314
0.0,5315
0.0,5316
0.0,5317
0.0,5318
0.0,5319
39.47345046558249,5320
54.3602448666211,5321
0.0,5322
0.0,5323
372.2214596759762,5324
0.0,5325
0.0,5326
0.0,5327
0.0,5328
0.0,5329
1563.4404718525357,5330
2373.549380914353,5331
2381.067841982995,5332
0.0,5333
0.0,5334
0.0,5335
0.0,5336
0.0,5337
0.0,5338
0.0,5339
326.7015997086025,5340
0.0,5341
0.0,5342
0.0,5343
0.0,5344
0.0,5345
0.0,5346
0.0,5347
0.0,5348
0.0,5349
1622.9824387226242,5350
0.0,5351
0.0,5352
0.0,5353
106.98152223871784,5354
0.0,5355
0.0,5356
0.0,5357
0.0,5358
254.69885246447154,5359
93.10474456627601,5360
0.0,5361
78.19513015233122,5362
818.3105785356456,5363
0.0,5364
0.0,5365
0.0,5366
0.0,5367
1616.054427832688,5368
0.0,5369
0.0,5370
0.0,5371
0.0,5372
468.3012041851116,5373
0.0,5374
0.0,5375
0.0,5376
0.0,5377
844.5644223863134,5378
425.1337629888632,5379
2127.8356849452157,5380
0.0,5381
0.0,5382
0.0,5383
0.0,5384
244.2305376778653,5385
2212.723991648916,5386
0.0,5387
0.0,5388
0.0,5389
2205.470544804321,5390
0.0,5391
0.0,5392
0.0,5393
0.0,5394
0.0,5395
0.0,5396
0.0,5397
1769.2686214212429,5398
0.0,5399
0.0,5400
0.0,5401
0.0,5402
0.0,5403
83.66137896115335,5404
0.0,5405
0.0,5406
0.0,5407
3471.0515395212383,5408
0.0,5409
847.671125759444,5410
0.0,5411
0.0,5412
0.0,5413
629.0489353057686,5414
0.0,5415
1283.1361480718258,5416
0.0,5417
0.0,5418
0.0,5419
0.0,5420
76.3086551583837,5421
0.0,5422
0.0,5423
0.0,5424
0.0,5425
0.0,5426
0.0,5427
0.0,5428
0.0,5429
3479.13605256853,5430
0.0,5431
0.0,5432
1108.7321503218966,5433
0.0,5434
1033.7822966822555,5435
0.0,5436
0.0,5437
0.0,5438
0.0,5439
0.0,5440
0.0,5441
0.0,5442
0.0,5443
0.0,5444
0.0,5445
0.0,5446
0.0,5447
0.0,5448
0.0,5449
2270.902155711647,5450
0.0,5451
2761.5625870214185,5452
2297.1558873900076,5453
4348.863186426317,5454
0.0,5455
0.0,5456
0.0,5457
0.0,5458
0.0,5459
0.0,5460
0.0,5461
0.0,5462
0.0,5463
0.0,5464
0.0,5465
0.0,5466
0.0,5467
0.0,5468
0.0,5469
0.0,5470
0.0,5471
0.0,5472
0.0,5473
190.0721849285612,5474
0.0,5475
1292.1610386598513,5476
493.4587589926217,5477
496.4632943782561,5478
0.0,5479
1378.8282852341752,5480
0.0,5481
0.0,5482
917.3111344778002,5483
0.0,5484
0.0,5485
0.0,5486
0.0,5487
0.0,5488
0.0,5489
0.0,5490
0.0,5491
0.0,5492
0.0,5493
232.61362986167862,5494
0.0,5495
1108.9029054057462,5496
1247.887497856946,5497
0.0,5498
1119.039146869508,5499
0.0,5500
0.0,5501
0.0,5502
2695.4445497951374,5503
0.0,5504
3013.6889847430916,5505
3804.7595249614283,5506
0.0,5507
570.6307480461184,5508
0.0,5509
293.59377800730357,5510
63.623456192815944,5511
784.7142419722618,5512
0.0,5513
786.008639670543,5514
0.0,5515
81.33376883542707,5516
0.0,5517
818.5986057855501,5518
0.0,5519
0.0,5520
0.0,5521
0.0,5522
0.0,5523
0.0,5524
789.4740805905254,5525
313.14234166813253,5526
0.0,5527
1206.0450664473963,5528
1056.8730226218156,5529
0.0,5530
0.0,5531
422.04082735650906,5532
0.0,5533
1206.329768843809,5534
0.0,5535
0.0,5536
0.0,5537
0.0,5538
0.0,5539
117.23920257716169,5540
0.0,5541
0.0,5542
0.0,5543
0.0,5544
2824.2476458028477,5545
327.57032840682274,5546
0.0,5547
0.0,5548
0.0,5549
1593.2697419916128,5550
2067.361730641517,5551
0.0,5552
0.0,5553
2807.641308436605,5554
0.0,5555
783.9314858578796,5556
778.9009596935445,5557
0.0,5558
0.0,5559
4485.676288544725,5560
2022.2861746415776,5561
759.3332800245155,5562
0.0,5563
468.39057766047,5564
0.0,5565
0.0,5566
722.8448687663312,5567
0.0,5568
0.0,5569
165.33948217894078,5570
775.4691952823619,5571
0.0,5572
0.0,5573
216.35380722459107,5574
0.0,5575
3338.104962633533,5576
3361.2324528302597,5577
267.3550499282706,5578
0.0,5579
0.0,5580
0.0,5581
0.0,5582
213.40470395218262,5583
0.0,5584
0.0,5585
0.0,5586
821.6206792111609,5587
0.0,5588
0.0,5589
837.8195088127634,5590
673.2091114871218,5591
0.0,5592
462.13630831082804,5593
0.0,5594
0.0,5595
3652.4810576040577,5596
755.7833079194661,5597
0.0,5598
0.0,5599
0.0,5600
0.0,5601
0.0,5602
0.0,5603
0.0,5604
0.0,5605
0.0,5606
0.0,5607
0.0,5608
0.0,5609
0.0,5610
0.0,5611
785.2955514780064,5612
0.0,5613
0.0,5614
0.0,5615
127.11460354385767,5616
0.0,5617
0.0,5618
0.0,5619
967.1036819999691,5620
0.0,5621
3019.3932682059512,5622
0.0,5623
0.0,5624
0.0,5625
129.36330490162848,5626
1977.313186376044,5627
586.2410132460424,5628
0.0,5629
676.7612638943477,5630
0.0,5631
0.0,5632
0.0,5633
0.0,5634
0.0,5635
0.0,5636
0.0,5637
500.50455763617055,5638
0.0,5639
0.0,5640
506.85309071544594,5641
0.0,5642
0.0,5643
462.0943158779202,5644
0.0,5645
0.0,5646
0.0,5647
0.0,5648
0.0,5649
0.0,5650
0.0,5651
1333.961437809851,5652
0.0,5653
0.0,5654
872.2519698590154,5655
1211.6385574944409,5656
876.6095488301148,5657
0.0,5658
0.0,5659
0.0,5660
0.0,5661
356.8860598612321,5662
0.0,5663
1317.6314032483556,5664
0.0,5665
0.0,5666
1323.5214435861712,5667
0.0,5668
18955.828282828694,5669
370.561497813018,5670
1335.4852689420727,5671
0.0,5672
1345.518052494596,5673
394.4528986831582,5674
0.0,5675
0.0,5676
0.0,5677
0.0,5678
0.0,5679
526.3838830524226,5680
0.0,5681
0.0,5682
0.0,5683
0.0,5684
0.0,5685
0.0,5686
534.1536791085787,5687
0.0,5688
0.0,5689
0.0,5690
0.0,5691
0.0,5692
0.0,5693
0.0,5694
0.0,5695
0.0,5696
0.0,5697
0.0,5698
0.0,5699
0.0,5700
0.0,5701
0.0,5702
254.14724283206297,5703
0.0,5704
0.0,5705
0.0,5706
544.2479193592186,5707
0.0,5708
0.0,5709
270.0621025936658,5710
0.0,5711
0.0,5712
118.75051505580831,5713
0.0,5714
127.98147514045941,5715
0.0,5716
0.0,5717
0.0,5718
0.0,5719
490.7840771405849,5720
2218.062361262627,5721
0.0,5722
393.48014574232485,5723
403.28685034252106,5724
0.0,5725
0.0,5726
684.440420833365,5727
2213.4088861648165,5728
0.0,5729
477.55637208221344,5730
0.0,5731
0.0,5732
0.0,5733
0.0,5734
0.0,5735
1206.8350550990456,5736
0.0,5737
0.0,5738
0.0,5739
0.0,5740
0.0,5741
0.0,5742
0.0,5743
0.0,5744
0.0,5745
0.0,5746
51.38523974755605,5747
0.0,5748
0.0,5749
0.0,5750
0.0,5751
0.0,5752
0.0,5753
0.0,5754
0.0,5755
0.0,5756
0.0,5757
0.0,5758
0.0,5759
0.0,5760
0.0,5761
0.0,5762
0.0,5763
0.0,5764
0.0,5765
0.0,5766
0.0,5767
0.0,5768
0.0,5769
0.0,5770
0.0,5771
0.0,5772
0.0,5773
0.0,5774
0.0,5775
0.0,5776
0.0,5777
0.0,5778
0.0,5779
0.0,5780
0.0,5781
0.0,5782
0.0,5783
0.0,5784
794.6816894678283,5785
0.0,5786
0.0,5787
0.0,5788
0.0,5789
0.0,5790
0.0,5791
0.0,5792
0.0,5793
0.0,5794
0.0,5795
0.0,5796
0.0,5797
0.0,5798
0.0,5799
0.0,5800
0.0,5801
0.0,5802
0.0,5803
0.0,5804
0.0,5805
0.0,5806
0.0,5807
0.0,5808
0.0,5809
0.0,5810
0.0,5811
0.0,5812
0.0,5813
0.0,5814
0.0,5815
0.0,5816
0.0,5817
0.0,5818
0.0,5819
0.0,5820
0.0,5821
0.0,5822
0.0,5823
0.0,5824
0.0,5825
0.0,5826
0.0,5827
0.0,5828
0.0,5829
0.0,5830
0.0,5831
0.0,5832
0.0,5833
0.0,5834
0.0,5835
0.0,5836
0.0,5837
0.0,5838
0.0,5839
0.0,5840
0.0,5841
0.0,5842
0.0,5843
0.0,5844
0.0,5845
0.0,5846
0.0,5847
0.0,5848
0.0,5849
0.0,5850
0.0,5851
0.0,5852
0.0,5853
0.0,5854
0.0,5855
0.0,5856
0.0,5857
0.0,5858
0.0,5859
0.0,5860
0.0,5861
0.0,5862
0.0,5863
0.0,5864
2484.723538554919,5865
0.0,5866
0.0,5867
0.0,5868
0.0,5869
0.0,5870
0.0,5871
2039.379962864162,5872
0.0,5873
0.0,5874
1406.9019711355913,5875
0.0,5876
0.0,5877
0.0,5878
0.0,5879
0.0,5880
2667.6218248888804,5881
0.0,5882
0.0,5883
0.0,5884
0.0,5885
0.0,5886
0.0,5887
0.0,5888
0.0,5889
0.0,5890
0.0,5891
0.0,5892
0.0,5893
0.0,5894
0.0,5895
0.0,5896
0.0,5897
0.0,5898
0.0,5899
0.0,5900
0.0,5901
0.0,5902
0.0,5903
2147.510749932052,5904
0.0,5905
0.0,5906
0.0,5907
0.0,5908
0.0,5909
0.0,5910
0.0,5911
0.0,5912
5004.974298829173,5913
0.0,5914
0.0,5915
0.0,5916
796.4499209649032,5917
0.0,5918
0.0,5919
0.0,5920
0.0,5921
2672.7191600953806,5922
0.0,5923
0.0,5924
0.0,5925
0.0,5926
463.4055545767914,5927
0.0,5928
0.0,5929
0.0,5930
0.0,5931
0.0,5932
0.0,5933
0.0,5934
0.0,5935
0.0,5936
0.0,5937
0.0,5938
0.0,5939
0.0,5940
0.0,5941
1083.024153900773,5942
0.0,5943
0.0,5944
18983.487684586205,5945
0.0,5946
0.0,5947
0.0,5948
0.0,5949
0.0,5950
0.0,5951
0.0,5952
0.0,5953
0.0,5954
0.0,5955
0.0,5956
0.0,5957
0.0,5958
364.3737699589287,5959
0.0,5960
352.5341954376108,5961
0.0,5962
682.0666063203707,5963
509.24772172629366,5964
0.0,5965
0.0,5966
514.0984187358417,5967
0.0,5968
519.8454138942762,5969
0.0,5970
526.5045538204438,5971
0.0,5972
0.0,5973
0.0,5974
3655.1718220967255,5975
0.0,5976
0.0,5977
0.0,5978
0.0,5979
0.0,5980
0.0,5981
0.0,5982
509.87404984418356,5983
0.0,5984
0.0,5985
0.0,5986
0.0,5987
0.0,5988
426.98450312685765,5989
551.0059755670378,5990
0.0,5991
0.0,5992
0.0,5993
0.0,5994
0.0,5995
0.0,5996
0.0,5997
0.0,5998
562.5836603200145,5999
0.0,6000
0.0,6001
0.0,6002
0.0,6003
1465.5402060905783,6004
0.0,6005
0.0,6006
0.0,6007
0.0,6008
0.0,6009
0.0,6010
0.0,6011
0.0,6012
0.0,6013
0.0,6014
0.0,6015
0.0,6016
0.0,6017
0.0,6018
0.0,6019
0.0,6020
0.0,6021
0.0,6022
0.0,6023
0.0,6024
0.0,6025
0.0,6026
0.0,6027
0.0,6028
574.5408762488752,6029
0.0,6030
587.9231123359839,6031
0.0,6032
896.4731071575744,6033
0.0,6034
0.0,6035
612.0886395081154,6036
626.7854577518204,6037
6847.22231630036,6038
0.0,6039
0.0,6040
136.69625217296857,6041
0.0,6042
468.3237831707812,6043
0.0,6044
0.0,6045
736.467296665746,6046
695.7461901424451,6047
105.15922590406106,6048
0.0,6049
0.0,6050
0.0,6051
0.0,6052
0.0,6053
0.0,6054
0.0,6055
0.0,6056
0.0,6057
0.0,6058
0.0,6059
0.0,6060
1777.9822406730843,6061
0.0,6062
0.0,6063
0.0,6064
0.0,6065
0.0,6066
0.0,6067
14.461101008710122,6068
0.0,6069
0.0,6070
0.0,6071
0.0,6072
0.0,6073
0.0,6074
0.0,6075
0.0,6076
0.0,6077
0.0,6078
0.0,6079
0.0,6080
0.0,6081
0.0,6082
119.7156769870256,6083
0.0,6084
0.0,6085
0.0,6086
0.0,6087
430.0384161135707,6088
1777.5858028143712,6089
0.0,6090
0.0,6091
0.0,6092
282.4293108314172,6093
0.0,6094
0.0,6095
0.0,6096
0.0,6097
0.0,6098
0.0,6099
0.0,6100
0.0,6101
0.0,6102
0.0,6103
0.0,6104
0.0,6105
0.0,6106
0.0,6107
0.0,6108
0.0,6109
0.0,6110
0.0,6111
0.0,6112
0.0,6113
0.0,6114
0.0,6115
0.0,6116
0.0,6117
0.0,6118
0.0,6119
0.0,6120
0.0,6121
0.0,6122
208.08844384133442,6123
0.0,6124
190.5552797147087,6125
0.0,6126
0.0,6127
0.0,6128
0.0,6129
0.0,6130
94.99702368587694,6131
0.0,6132
232.0030878586178,6133
237.5457645445384,6134
0.0,6135
0.0,6136
0.0,6137
0.0,6138
0.0,6139
0.0,6140
0.0,6141
0.0,6142
0.0,6143
0.0,6144
197.36857096950592,6145
249.99359435038463,6146
0.0,6147
250.7756463860237,6148
211.0874464920485,6149
0.0,6150
0.0,6151
0.0,6152
0.0,6153
0.0,6154
1542.4743750364078,6155
0.0,6156
257.40436486521105,6157
0.0,6158
254.62119622619883,6159
0.0,6160
0.0,6161
0.0,6162
0.0,6163
0.0,6164
0.0,6165
0.0,6166
0.0,6167
0.0,6168
0.0,6169
0.0,6170
0.0,6171
0.0,6172
0.0,6173
0.0,6174
0.0,6175
0.0,6176
0.0,6177
0.0,6178
0.0,6179
0.0,6180
0.0,6181
0.0,6182
0.0,6183
0.0,6184
0.0,6185
0.0,6186
0.0,6187
0.0,6188
0.0,6189
0.0,6190
0.0,6191
0.0,6192
119.88826330325647,6193
0.0,6194
652.4368627583481,6195
0.0,6196
0.0,6197
0.0,6198
0.0,6199
0.0,6200
0.0,6201
0.0,6202
0.0,6203
0.0,6204
0.0,6205
0.0,6206
0.0,6207
0.0,6208
0.0,6209
0.0,6210
0.0,6211
0.0,6212
0.0,6213
0.0,6214
0.0,6215
0.0,6216
0.0,6217
0.0,6218
0.0,6219
0.0,6220
0.0,6221
0.0,6222
0.0,6223
0.0,6224
0.0,6225
243.00162586792652,6226
0.0,6227
0.0,6228
0.0,6229
701.6836589711804,6230
0.0,6231
0.0,6232
0.0,6233
0.0,6234
0.0,6235
0.0,6236
0.0,6237
0.0,6238
0.0,6239
191.808676974808,6240
0.0,6241
0.0,6242
0.0,6243
0.0,6244
13.395772003708926,6245
0.0,6246
0.0,6247
0.0,6248
209.66752077693855,6249
0.0,6250
0.0,6251
0.0,6252
0.0,6253
0.0,6254
0.0,6255
0.0,6256
0.0,6257
0.0,6258
0.0,6259
0.0,6260
0.0,6261
0.0,6262
0.0,6263
0.0,6264
0.0,6265
0.0,6266
226.0933488284165,6267
0.0,6268
580.6735732586857,6269
3919.1017489027086,6270
253.21176028823578,6271
0.0,6272
0.0,6273
0.0,6274
0.0,6275
0.0,6276
0.0,6277
0.0,6278
0.0,6279
0.0,6280
0.0,6281
0.0,6282
0.0,6283
0.0,6284
0.0,6285
0.0,6286
0.0,6287
0.0,6288
0.0,6289
0.0,6290
0.0,6291
0.0,6292
0.0,6293
0.0,6294
0.0,6295
0.0,6296
0.0,6297
0.0,6298
0.0,6299
0.0,6300
0.0,6301
0.0,6302
0.0,6303
0.0,6304
0.0,6305
0.0,6306
0.0,6307
0.0,6308
0.0,6309
0.0,6310
0.0,6311
0.0,6312
0.0,6313
0.0,6314
0.0,6315
0.0,6316
0.0,6317
0.0,6318
0.0,6319
0.0,6320
0.0,6321
0.0,6322
0.0,6323
0.0,6324
0.0,6325
0.0,6326
0.0,6327
0.0,6328
0.0,6329
0.0,6330
0.0,6331
0.0,6332
0.0,6333
0.0,6334
0.0,6335
0.0,6336
0.0,6337
0.0,6338
0.0,6339
0.0,6340
0.0,6341
0.0,6342
0.0,6343
0.0,6344
0.0,6345
0.0,6346
0.0,6347
0.0,6348
0.0,6349
0.0,6350
0.0,6351
0.0,6352
0.0,6353
0.0,6354
0.0,6355
0.0,6356
0.0,6357
0.0,6358
0.0,6359
0.0,6360
0.0,6361
0.0,6362
0.0,6363
0.0,6364
0.0,6365
0.0,6366
0.0,6367
0.0,6368
0.0,6369
0.0,6370
0.0,6371
0.0,6372
0.0,6373
0.0,6374
267.3697053138526,6375
257.49356597674813,6376
247.25925426708125,6377
0.0,6378
178.8497377618997,6379
0.0,6380
0.0,6381
548.933773184089,6382
0.0,6383
0.0,6384
224.59153929083865,6385
254.72984224159762,6386
106.31062383851007,6387
52.331186590417865,6388
0.0,6389
2585.790060245958,6390
994.0085019387909,6391
0.0,6392
0.0,6393
0.0,6394
0.0,6395
0.0,6396
217.06505876159096,6397
0.0,6398
0.0,6399
0.0,6400
0.0,6401
0.0,6402
0.0,6403
0.0,6404
0.0,6405
0.0,6406
0.0,6407
678.7125746270943,6408
839.2594105318811,6409
0.0,6410
0.0,6411
0.0,6412
0.0,6413
0.0,6414
0.0,6415
0.0,6416
0.0,6417
921.8257844951752,6418
0.0,6419
0.0,6420
0.0,6421
0.0,6422
0.0,6423
0.0,6424
1871.077512612483,6425
1219.3067323097696,6426
0.0,6427
0.0,6428
0.0,6429
280.10515703967155,6430
0.0,6431
0.0,6432
0.0,6433
280.57847465066885,6434
0.0,6435
1494.857854624765,6436
0.0,6437
2751.797929639864,6438
149.2504938694312,6439
0.0,6440
0.0,6441
0.0,6442
0.0,6443
1296.7946414312023,6444
154.06045201136521,6445
158.37325828205786,6446
0.0,6447
1301.1287380007152,6448
0.0,6449
0.0,6450
0.0,6451
1428.4607295074657,6452
1299.8937825743892,6453
159.2079826925955,6454
285.75813592960293,6455
0.0,6456
1300.3455694065703,6457
0.0,6458
0.0,6459
0.0,6460
0.0,6461
0.0,6462
0.0,6463
0.0,6464
0.0,6465
0.0,6466
0.0,6467
0.0,6468
0.0,6469
0.0,6470
0.0,6471
0.0,6472
0.0,6473
0.0,6474
0.0,6475
0.0,6476
0.0,6477
0.0,6478
250.90105260785978,6479
0.0,6480
0.0,6481
0.0,6482
85.22303296472285,6483
2738.7175521991744,6484
585.0364055888176,6485
104.22821575893249,6486
0.0,6487
0.0,6488
0.0,6489
0.0,6490
0.0,6491
0.0,6492
0.0,6493
1756.8886005344566,6494
0.0,6495
0.0,6496
131.54422027275913,6497
0.0,6498
0.0,6499
0.0,6500
0.0,6501
0.0,6502
0.0,6503
0.0,6504
0.0,6505
0.0,6506
0.0,6507
0.0,6508
0.0,6509
0.0,6510
0.0,6511
0.0,6512
3040.7671761251763,6513
0.0,6514
0.0,6515
0.0,6516
0.0,6517
0.0,6518
0.0,6519
0.0,6520
0.0,6521
0.0,6522
0.0,6523
0.0,6524
0.0,6525
0.0,6526
749.037711811448,6527
0.0,6528
5332.84891120063,6529
230.43921753883666,6530
363.76498090142195,6531
1039.4576411724263,6532
0.0,6533
0.0,6534
2054.990154425531,6535
2619.4476925663553,6536
2282.3254168704048,6537
1599.3058179905054,6538
2404.6204011115783,6539
0.0,6540
0.0,6541
2407.5563912405632,6542
112.72386223566427,6543
3055.466355807066,6544
0.0,6545
1676.1210335407075,6546
0.0,6547
0.0,6548
0.0,6549
0.0,6550
0.0,6551
0.0,6552
0.0,6553
1904.8812230693213,6554
1670.0144670199152,6555
0.0,6556
1210.2656656898484,6557
2963.5529023439226,6558
0.0,6559
0.0,6560
2734.283913271075,6561
528.3822152857354,6562
0.0,6563
3543.8852162066337,6564
0.0,6565
552.395516008662,6566
0.0,6567
784.6531743340678,6568
0.0,6569
0.0,6570
1744.3547523230693,6571
0.0,6572
0.0,6573
0.0,6574
269.0324368406881,6575
0.0,6576
0.0,6577
0.0,6578
0.0,6579
2397.893222081461,6580
3197.3306933023046,6581
0.0,6582
521.9275012723974,6583
1311.0534587698671,6584
180.76235136878037,6585
0.0,6586
0.0,6587
0.0,6588
0.0,6589
1108.4437390759476,6590
549.4077649470321,6591
0.0,6592
993.0244345265924,6593
0.0,6594
999.4195339443057,6595
0.0,6596
0.0,6597
1842.577909299151,6598
0.0,6599
0.0,6600
0.0,6601
0.0,6602
0.0,6603
0.0,6604
0.0,6605
0.0,6606
0.0,6607
0.0,6608
0.0,6609
0.0,6610
0.0,6611
0.0,6612
0.0,6613
0.0,6614
0.0,6615
0.0,6616
0.0,6617
538.2134457129833,6618
0.0,6619
0.0,6620
0.0,6621
0.0,6622
0.0,6623
0.0,6624
0.0,6625
0.0,6626
0.0,6627
0.0,6628
0.0,6629
0.0,6630
0.0,6631
0.0,6632
0.0,6633
0.0,6634
0.0,6635
0.0,6636
2191.2672790768875,6637
0.0,6638
0.0,6639
0.0,6640
0.0,6641
1219.2444088122647,6642
0.0,6643
0.0,6644
0.0,6645
0.0,6646
0.0,6647
0.0,6648
0.0,6649
0.0,6650
0.0,6651
0.0,6652
0.0,6653
0.0,6654
0.0,6655
0.0,6656
0.0,6657
0.0,6658
0.0,6659
0.0,6660
0.0,6661
0.0,6662
0.0,6663
0.0,6664
0.0,6665
0.0,6666
0.0,6667
0.0,6668
0.0,6669
0.0,6670
0.0,6671
0.0,6672
0.0,6673
0.0,6674
0.0,6675
391.5539346888147,6676
0.0,6677
0.0,6678
0.0,6679
0.0,6680
0.0,6681
0.0,6682
0.0,6683
0.0,6684
0.0,6685
0.0,6686
227.87494757071096,6687
0.0,6688
0.0,6689
991.9467840049804,6690
1457.140209390867,6691
1473.175334196018,6692
0.0,6693
0.0,6694
0.0,6695
754.3336843202045,6696
0.0,6697
0.0,6698
2274.283014628503,6699
0.0,6700
0.0,6701
0.0,6702
0.0,6703
0.0,6704
0.0,6705
0.0,6706
0.0,6707
0.0,6708
0.0,6709
0.0,6710
0.0,6711
0.0,6712
0.0,6713
0.0,6714
0.0,6715
1649.2220883622942,6716
683.9307581051862,6717
0.0,6718
0.0,6719
0.0,6720
0.0,6721
194.88529098830418,6722
0.0,6723
0.0,6724
834.5558020480127,6725
0.0,6726
0.0,6727
0.0,6728
0.0,6729
669.109490194078,6730
2127.0173679965487,6731
0.0,6732
218.72752568319802,6733
0.0,6734
0.0,6735
4165.148940295082,6736
0.0,6737
0.0,6738
0.0,6739
0.0,6740
0.0,6741
0.0,6742
0.0,6743
0.0,6744
403.0060023888553,6745
0.0,6746
0.0,6747
0.0,6748
36.629929084419295,6749
411.32216157209854,6750
0.0,6751
0.0,6752
0.0,6753
0.0,6754
0.0,6755
856.4784108494766,6756
0.0,6757
0.0,6758
234.55310210220117,6759
0.0,6760
0.0,6761
0.0,6762
880.4834387041142,6763
0.0,6764
1980.6464139072452,6765
0.0,6766
7440.705770274052,6767
0.0,6768
0.0,6769
0.0,6770
0.0,6771
482.7292733075333,6772
750.3046382393256,6773
0.0,6774
462.63123647516517,6775
732.369503139988,6776
101.96360554924269,6777
722.4981368547681,6778
0.0,6779
0.0,6780
0.0,6781
0.0,6782
471.98121546895925,6783
131.1767342252236,6784
0.0,6785
0.0,6786
798.7955869727037,6787
810.8524927850162,6788
0.0,6789
0.0,6790
2849.368610584988,6791
0.0,6792
0.0,6793
0.0,6794
0.0,6795
0.0,6796
0.0,6797
0.0,6798
0.0,6799
0.0,6800
0.0,6801
0.0,6802
0.0,6803
0.0,6804
0.0,6805
55.955566530133645,6806
4016.313406753959,6807
55.726212201070574,6808
1401.839566629042,6809
2545.685197666732,6810
4723.6935511248985,6811
0.0,6812
3161.4341918552695,6813
0.0,6814
0.0,6815
118.59143496700405,6816
879.4733274239952,6817
0.0,6818
0.0,6819
0.0,6820
2789.900536574362,6821
1734.4925224197007,6822
0.0,6823
1725.3597346728864,6824
1612.4264590914588,6825
801.7847432376243,6826
3729.1287950264805,6827
0.0,6828
783.1365549205633,6829
891.1114769420651,6830
4029.3769269147924,6831
892.9346353693176,6832
0.0,6833
1386.830970402583,6834
0.0,6835
1261.8711565021556,6836
4038.4712062140693,6837
0.0,6838
4408.99644421447,6839
0.0,6840
0.0,6841
0.0,6842
0.0,6843
0.0,6844
0.0,6845
0.0,6846
0.0,6847
0.0,6848
0.0,6849
0.0,6850
0.0,6851
0.0,6852
0.0,6853
0.0,6854
0.0,6855
0.0,6856
0.0,6857
0.0,6858
0.0,6859
0.0,6860
0.0,6861
582.22757061758,6862
0.0,6863
6107.908177599693,6864
0.0,6865
0.0,6866
1272.1015319569428,6867
0.0,6868
0.0,6869
0.0,6870
863.4451010950121,6871
0.0,6872
0.0,6873
0.0,6874
0.0,6875
0.0,6876
0.0,6877
0.0,6878
0.0,6879
2965.4112165525003,6880
0.0,6881
0.0,6882
0.0,6883
0.0,6884
0.0,6885
396.23453644372165,6886
0.0,6887
389.5185064851036,6888
0.0,6889
0.0,6890
0.0,6891
0.0,6892
0.0,6893
0.0,6894
0.0,6895
0.0,6896
0.0,6897
0.0,6898
0.0,6899
0.0,6900
0.0,6901
0.0,6902
1126.6373939988323,6903
0.0,6904
0.0,6905
0.0,6906
0.0,6907
0.0,6908
0.0,6909
0.0,6910
370.29561801626926,6911
0.0,6912
1908.9283063426933,6913
865.2417631841403,6914
0.0,6915
0.0,6916
0.0,6917
0.0,6918
0.0,6919
0.0,6920
0.0,6921
0.0,6922
0.0,6923
0.0,6924
0.0,6925
0.0,6926
0.0,6927
0.0,6928
0.0,6929
0.0,6930
0.0,6931
3199.2567976302435,6932
0.0,6933
0.0,6934
0.0,6935
0.0,6936
0.0,6937
0.0,6938
0.0,6939
0.0,6940
0.0,6941
0.0,6942
0.0,6943
0.0,6944
0.0,6945
0.0,6946
0.0,6947
0.0,6948
0.0,6949
0.0,6950
0.0,6951
1210.830868904019,6952
1276.9481718260804,6953
1231.5038754578675,6954
0.0,6955
0.0,6956
707.460892681321,6957
0.0,6958
0.0,6959
0.0,6960
0.0,6961
0.0,6962
690.7920635406605,6963
0.0,6964
0.0,6965
0.0,6966
0.0,6967
0.0,6968
0.0,6969
0.0,6970
0.0,6971
0.0,6972
0.0,6973
0.0,6974
0.0,6975
0.0,6976
0.0,6977
0.0,6978
0.0,6979
0.0,6980
0.0,6981
0.0,6982
36.064076732932655,6983
0.0,6984
0.0,6985
0.0,6986
0.0,6987
1120.8440320709337,6988
0.0,6989
0.0,6990
0.0,6991
1972.9545592150228,6992
0.0,6993
0.0,6994
0.0,6995
0.0,6996
0.0,6997
0.0,6998
0.0,6999
0.0,7000
0.0,7001
0.0,7002
0.0,7003
0.0,7004
0.0,7005
0.0,7006
0.0,7007
0.0,7008
0.0,7009
0.0,7010
0.0,7011
0.0,7012
0.0,7013
0.0,7014
0.0,7015
2201.9104878464177,7016
0.0,7017
628.071020017934,7018
630.2956574291322,7019
54.02715243390259,7020
0.0,7021
0.0,7022
0.0,7023
0.0,7024
0.0,7025
0.0,7026
0.0,7027
0.0,7028
0.0,7029
0.0,7030
0.0,7031
0.0,7032
0.0,7033
0.0,7034
0.0,7035
0.0,7036
0.0,7037
0.0,7038
0.0,7039
0.0,7040
0.0,7041
0.0,7042
0.0,7043
0.0,7044
0.0,7045
0.0,7046
0.0,7047
0.0,7048
0.0,7049
0.0,7050
0.0,7051
0.0,7052
0.0,7053
0.0,7054
1711.1006768812729,7055
0.0,7056
0.0,7057
0.0,7058
0.0,7059
0.0,7060
0.0,7061
0.0,7062
0.0,7063
0.0,7064
0.0,7065
0.0,7066
0.0,7067
325.13239439718154,7068
0.0,7069
0.0,7070
0.0,7071
0.0,7072
0.0,7073
0.0,7074
0.0,7075
0.0,7076
0.0,7077
0.0,7078
0.0,7079
0.0,7080
0.0,7081
0.0,7082
0.0,7083
0.0,7084
0.0,7085
0.0,7086
0.0,7087
0.0,7088
0.0,7089
0.0,7090
0.0,7091
0.0,7092
0.0,7093
0.0,7094
0.0,7095
0.0,7096
0.0,7097
0.0,7098
0.0,7099
677.6982222026141,7100
0.0,7101
0.0,7102
0.0,7103
0.0,7104
462.92238194058734,7105
0.0,7106
0.0,7107
0.0,7108
0.0,7109
0.0,7110
1544.2824155442518,7111
0.0,7112
633.5991718984685,7113
624.669954829545,7114
271.3351791536458,7115
0.0,7116
5323.666809311329,7117
317.6140984828008,7118
0.0,7119
0.0,7120
0.0,7121
0.0,7122
0.0,7123
0.0,7124
0.0,7125
0.0,7126
0.0,7127
0.0,7128
0.0,7129
782.7139655902267,7130
0.0,7131
0.0,7132
0.0,7133
0.0,7134
0.0,7135
0.0,7136
376.32866649339974,7137
0.0,7138
0.0,7139
2831.9330474937433,7140
0.0,7141
299.40016925298903,7142
0.0,7143
0.0,7144
0.0,7145
0.0,7146
0.0,7147
0.0,7148
0.0,7149
0.0,7150
0.0,7151
74.22934021921598,7152
0.0,7153
0.0,7154
0.0,7155
0.0,7156
0.0,7157
0.0,7158
0.0,7159
0.0,7160
9903.464016110895,7161
0.0,7162
0.0,7163
667.4156820865513,7164
0.0,7165
0.0,7166
0.0,7167
0.0,7168
0.0,7169
0.0,7170
0.0,7171
0.0,7172
0.0,7173
0.0,7174
0.0,7175
94.05976695520144,7176
0.0,7177
0.0,7178
0.0,7179
224.16363625907343,7180
0.0,7181
0.0,7182
0.0,7183
0.0,7184
0.0,7185
0.0,7186
0.0,7187
0.0,7188
0.0,7189
0.0,7190
0.0,7191
0.0,7192
0.0,7193
0.0,7194
0.0,7195
1031.3024202708932,7196
1039.2231915208258,7197
0.0,7198
0.0,7199
0.0,7200
0.0,7201
0.0,7202
0.0,7203
0.0,7204
0.0,7205
0.0,7206
0.0,7207
0.0,7208
0.0,7209
0.0,7210
0.0,7211
0.0,7212
0.0,7213
0.0,7214
0.0,7215
0.0,7216
0.0,7217
0.0,7218
0.0,7219
0.0,7220
0.0,7221
0.0,7222
0.0,7223
0.0,7224
0.0,7225
0.0,7226
0.0,7227
5036.525725540681,7228
0.0,7229
0.0,7230
0.0,7231
0.0,7232
0.0,7233
0.0,7234
0.0,7235
304.40258268635506,7236
0.0,7237
0.0,7238
0.0,7239
0.0,7240
0.0,7241
2393.0451114245257,7242
2391.7999584519775,7243
2390.8094659675526,7244
0.0,7245
0.0,7246
0.0,7247
2390.4473656296313,7248
2390.9344977979977,7249
0.0,7250
0.0,7251
0.0,7252
2853.040825248599,7253
2631.7541791173503,7254
2464.291768465904,7255
0.0,7256
0.0,7257
0.0,7258
0.0,7259
0.0,7260
0.0,7261
0.0,7262
0.0,7263
0.0,7264
0.0,7265
0.0,7266
0.0,7267
0.0,7268
0.0,7269
0.0,7270
0.0,7271
0.0,7272
0.0,7273
0.0,7274
0.0,7275
0.0,7276
35.49133782103414,7277
0.0,7278
107.37765005592621,7279
0.0,7280
0.0,7281
0.0,7282
0.0,7283
0.0,7284
0.0,7285
0.0,7286
0.0,7287
0.0,7288
0.0,7289
3520.625881256176,7290
1047.017800489589,7291
0.0,7292
0.0,7293
0.0,7294
0.0,7295
0.0,7296
0.0,7297
0.0,7298
0.0,7299
0.0,7300
0.0,7301
0.0,7302
0.0,7303
0.0,7304
0.0,7305
0.0,7306
0.0,7307
0.0,7308
0.0,7309
0.0,7310
0.0,7311
0.0,7312
0.0,7313
0.0,7314
0.0,7315
0.0,7316
0.0,7317
0.0,7318
0.0,7319
0.0,7320
0.0,7321
0.0,7322
0.0,7323
0.0,7324
0.0,7325
0.0,7326
0.0,7327
0.0,7328
0.0,7329
0.0,7330
2409.8136693422543,7331
0.0,7332
0.0,7333
0.0,7334
0.0,7335
0.0,7336
0.0,7337
0.0,7338
0.0,7339
0.0,7340
0.0,7341
0.0,7342
0.0,7343
0.0,7344
0.0,7345
0.0,7346
0.0,7347
0.0,7348
0.0,7349
0.0,7350
0.0,7351
3756.3176761542272,7352
2823.4045460453863,7353
0.0,7354
0.0,7355
0.0,7356
0.0,7357
0.0,7358
0.0,7359
0.0,7360
0.0,7361
0.0,7362
0.0,7363
0.0,7364
0.0,7365
0.0,7366
0.0,7367
0.0,7368
936.7435336148042,7369
0.0,7370
177.6955174018811,7371
0.0,7372
0.0,7373
0.0,7374
0.0,7375
0.0,7376
0.0,7377
0.0,7378
0.0,7379
988.7951877867469,7380
0.0,7381
0.0,7382
790.8935411105447,7383
0.0,7384
0.0,7385
767.4219169396491,7386
1653.8484967168579,7387
0.0,7388
258.6405301722321,7389
0.0,7390
0.0,7391
0.0,7392
0.0,7393
0.0,7394
0.0,7395
0.0,7396
0.0,7397
0.0,7398
0.0,7399
0.0,7400
68.36333815789096,7401
0.0,7402
0.0,7403
0.0,7404
0.0,7405
0.0,7406
101.01249165285174,7407
92.18038616851877,7408
0.0,7409
0.0,7410
0.0,7411
0.0,7412
0.0,7413
0.0,7414
0.0,7415
0.0,7416
0.0,7417
0.0,7418
0.0,7419
102.08991632332217,7420
0.0,7421
0.0,7422
0.0,7423
0.0,7424
708.3573214285033,7425
1518.761559172722,7426
0.0,7427
341.0837040893355,7428
44.49502589652134,7429
0.0,7430
0.0,7431
474.5408355410704,7432
0.0,7433
0.0,7434
0.0,7435
0.0,7436
0.0,7437
0.0,7438
0.0,7439
0.0,7440
0.0,7441
0.0,7442
0.0,7443
0.0,7444
0.0,7445
0.0,7446
2963.247555258531,7447
0.0,7448
0.0,7449
0.0,7450
0.0,7451
0.0,7452
0.0,7453
0.0,7454
223.0031916432663,7455
474.59801648153956,7456
0.0,7457
0.0,7458
0.0,7459
0.0,7460
0.0,7461
0.0,7462
0.0,7463
0.0,7464
0.0,7465
0.0,7466
0.0,7467
0.0,7468
0.0,7469
0.0,7470
0.0,7471
0.0,7472
0.0,7473
0.0,7474
0.0,7475
0.0,7476
0.0,7477
0.0,7478
0.0,7479
538.7335441527161,7480
0.0,7481
0.0,7482
0.0,7483
0.0,7484
0.0,7485
0.0,7486
0.0,7487
0.0,7488
0.0,7489
2777.7906811811536,7490
0.0,7491
0.0,7492
0.0,7493
0.0,7494
0.0,7495
0.0,7496
0.0,7497
0.0,7498
0.0,7499
0.0,7500
0.0,7501
0.0,7502
0.0,7503
0.0,7504
0.0,7505
0.0,7506
0.0,7507
0.0,7508
0.0,7509
0.0,7510
467.31686704264564,7511
0.0,7512
0.0,7513
0.0,7514
0.0,7515
0.0,7516
0.0,7517
0.0,7518
0.0,7519
0.0,7520
0.0,7521
0.0,7522
0.0,7523
0.0,7524
180.24179469268915,7525
0.0,7526
0.0,7527
0.0,7528
0.0,7529
337.73080268354727,7530
841.4133561924539,7531
0.0,7532
0.0,7533
0.0,7534
0.0,7535
0.0,7536
0.0,7537
0.0,7538
0.0,7539
0.0,7540
0.0,7541
0.0,7542
0.0,7543
0.0,7544
0.0,7545
0.0,7546
0.0,7547
0.0,7548
0.0,7549
0.0,7550
0.0,7551
0.0,7552
0.0,7553
328.83607966511585,7554
0.0,7555
0.0,7556
0.0,7557
0.0,7558
0.0,7559
0.0,7560
0.0,7561
0.0,7562
0.0,7563
846.8888948509924,7564
0.0,7565
0.0,7566
0.0,7567
0.0,7568
121.8204151346944,7569
0.0,7570
114.67974284948927,7571
0.0,7572
0.0,7573
0.0,7574
230.23979697013186,7575
0.0,7576
0.0,7577
114.19710919198575,7578
1727.9057738842023,7579
2924.2494799483056,7580
429.47911099559093,7581
0.0,7582
79.84500913266122,7583
0.0,7584
962.4472040094689,7585
488.8307559235305,7586
0.0,7587
0.0,7588
1345.1945905186517,7589
0.0,7590
0.0,7591
1333.909234851528,7592
1294.060450316289,7593
0.0,7594
1321.495549030907,7595
0.0,7596
0.0,7597
1311.742432111635,7598
1301.4081974819562,7599
2128.632889422939,7600
2793.2647509746735,7601
0.0,7602
2594.6002590035873,7603
0.0,7604
552.4080833595737,7605
0.0,7606
0.0,7607
0.0,7608
0.0,7609
0.0,7610
0.0,7611
756.1688770902895,7612
0.0,7613
0.0,7614
0.0,7615
0.0,7616
0.0,7617
0.0,7618
0.0,7619
0.0,7620
0.0,7621
0.0,7622
0.0,7623
0.0,7624
0.0,7625
0.0,7626
0.0,7627
2724.158957742119,7628
0.0,7629
0.0,7630
0.0,7631
3026.120085946827,7632
0.0,7633
0.0,7634
0.0,7635
0.0,7636
0.0,7637
0.0,7638
0.0,7639
0.0,7640
919.377071345504,7641
0.0,7642
0.0,7643
0.0,7644
0.0,7645
0.0,7646
0.0,7647
0.0,7648
0.0,7649
0.0,7650
0.0,7651
0.0,7652
0.0,7653
0.0,7654
0.0,7655
0.0,7656
0.0,7657
0.0,7658
0.0,7659
0.0,7660
0.0,7661
0.0,7662
0.0,7663
1681.9588985874516,7664
0.0,7665
47.72654949074196,7666
0.0,7667
0.0,7668
0.0,7669
0.0,7670
0.0,7671
0.0,7672
0.0,7673
228.87090437170826,7674
226.1656698644029,7675
1362.7777594914712,7676
3800.8869565940936,7677
0.0,7678
0.0,7679
0.0,7680
0.0,7681
0.0,7682
0.0,7683
0.0,7684
0.0,7685
0.0,7686
0.0,7687
0.0,7688
0.0,7689
0.0,7690
0.0,7691
0.0,7692
1972.2304239521413,7693
0.0,7694
0.0,7695
0.0,7696
0.0,7697
0.0,7698
0.0,7699
0.0,7700
0.0,7701
0.0,7702
0.0,7703
0.0,7704
0.0,7705
0.0,7706
0.0,7707
0.0,7708
0.0,7709
177.72332581732124,7710
0.0,7711
0.0,7712
0.0,7713
0.0,7714
0.0,7715
0.0,7716
0.0,7717
0.0,7718
0.0,7719
0.0,7720
0.0,7721
0.0,7722
0.0,7723
0.0,7724
0.0,7725
0.0,7726
0.0,7727
0.0,7728
0.0,7729
0.0,7730
0.0,7731
0.0,7732
0.0,7733
915.005415065376,7734
0.0,7735
0.0,7736
0.0,7737
0.0,7738
0.0,7739
0.0,7740
0.0,7741
0.0,7742
0.0,7743
0.0,7744
0.0,7745
0.0,7746
0.0,7747
0.0,7748
0.0,7749
0.0,7750
0.0,7751
0.0,7752
0.0,7753
0.0,7754
0.0,7755
0.0,7756
0.0,7757
0.0,7758
0.0,7759
0.0,7760
0.0,7761
0.0,7762
0.0,7763
0.0,7764
0.0,7765
0.0,7766
0.0,7767
0.0,7768
0.0,7769
0.0,7770
0.0,7771
0.0,7772
0.0,7773
0.0,7774
0.0,7775
0.0,7776
0.0,7777
0.0,7778
0.0,7779
0.0,7780
0.0,7781
0.0,7782
0.0,7783
0.0,7784
0.0,7785
0.0,7786
0.0,7787
0.0,7788
0.0,7789
0.0,7790
0.0,7791
0.0,7792
0.0,7793
0.0,7794
0.0,7795
0.0,7796
0.0,7797
0.0,7798
0.0,7799
0.0,7800
1371.7077318816691,7801
0.0,7802
0.0,7803
0.0,7804
0.0,7805
0.0,7806
0.0,7807
0.0,7808
0.0,7809
0.0,7810
0.0,7811
0.0,7812
0.0,7813
0.0,7814
0.0,7815
0.0,7816
6154.610370023421,7817
0.0,7818
0.0,7819
0.0,7820
0.0,7821
0.0,7822
0.0,7823
0.0,7824
0.0,7825
0.0,7826
0.0,7827
0.0,7828
0.0,7829
0.0,7830
0.0,7831
0.0,7832
0.0,7833
0.0,7834
10614.162518916262,7835
0.0,7836
0.0,7837
0.0,7838
0.0,7839
0.0,7840
0.0,7841
0.0,7842
0.0,7843
0.0,7844
0.0,7845
0.0,7846
0.0,7847
0.0,7848
0.0,7849
0.0,7850
2523.835590809014,7851
0.0,7852
0.0,7853
0.0,7854
0.0,7855
0.0,7856
0.0,7857
0.0,7858
0.0,7859
0.0,7860
0.0,7861
0.0,7862
0.0,7863
0.0,7864
0.0,7865
0.0,7866
0.0,7867
0.0,7868
0.0,7869
0.0,7870
0.0,7871
0.0,7872
0.0,7873
0.0,7874
0.0,7875
0.0,7876
0.0,7877
0.0,7878
0.0,7879
0.0,7880
0.0,7881
0.0,7882
0.0,7883
0.0,7884
0.0,7885
0.0,7886
0.0,7887
0.0,7888
0.0,7889
2815.1070576900925,7890
0.0,7891
0.0,7892
0.0,7893
0.0,7894
0.0,7895
0.0,7896
0.0,7897
0.0,7898
0.0,7899
0.0,7900
0.0,7901
0.0,7902
0.0,7903
0.0,7904
0.0,7905
0.0,7906
0.0,7907
0.0,7908
0.0,7909
0.0,7910
782.5482133057335,7911
0.0,7912
0.0,7913
0.0,7914
0.0,7915
1939.6393788048454,7916
1931.1472094344977,7917
0.0,7918
0.0,7919
1922.388672371755,7920
0.0,7921
0.0,7922
0.0,7923
0.0,7924
0.0,7925
1641.0835799543968,7926
1626.5930871995304,7927
0.0,7928
0.0,7929
1611.601014332656,7930
0.0,7931
0.0,7932
1853.4623577402913,7933
0.0,7934
1840.8110664627432,7935
0.0,7936
0.0,7937
1828.1701540026802,7938
0.0,7939
1815.654160669971,7940
0.0,7941
0.0,7942
1803.337830085346,7943
0.0,7944
0.0,7945
2982.150079083921,7946
0.0,7947
0.0,7948
0.0,7949
0.0,7950
0.0,7951
0.0,7952
0.0,7953
107.07391763266446,7954
0.0,7955
0.0,7956
503.20564588527554,7957
28.00218463385487,7958
0.0,7959
0.0,7960
0.0,7961
0.0,7962
0.0,7963
0.0,7964
0.0,7965
0.0,7966
0.0,7967
7245.1126529446765,7968
0.0,7969
0.0,7970
0.0,7971
0.0,7972
0.0,7973
0.0,7974
0.0,7975
0.0,7976
129.8495904462035,7977
0.0,7978
0.0,7979
411.3858154817368,7980
0.0,7981
0.0,7982
0.0,7983
0.0,7984
0.0,7985
0.0,7986
0.0,7987
0.0,7988
0.0,7989
0.0,7990
0.0,7991
0.0,7992
697.5488372159904,7993
0.0,7994
0.0,7995
0.0,7996
0.0,7997
0.0,7998
0.0,7999
0.0,8000
0.0,8001
0.0,8002
0.0,8003
0.0,8004
0.0,8005
0.0,8006
0.0,8007
0.0,8008
0.0,8009
0.0,8010
0.0,8011
0.0,8012
0.0,8013
0.0,8014
0.0,8015
0.0,8016
0.0,8017
0.0,8018
6517.102468557705,8019
381.2535769133425,8020
0.0,8021
0.0,8022
0.0,8023
0.0,8024
0.0,8025
944.4279354260303,8026
1935.7195176384669,8027
0.0,8028
0.0,8029
0.0,8030
0.0,8031
0.0,8032
0.0,8033
0.0,8034
0.0,8035
0.0,8036
0.0,8037
0.0,8038
0.0,8039
1967.031122067134,8040
0.0,8041
0.0,8042
0.0,8043
247.19607027908202,8044
0.0,8045
0.0,8046
0.0,8047
0.0,8048
2752.969633716169,8049
0.0,8050
0.0,8051
0.0,8052
0.0,8053
0.0,8054
0.0,8055
0.0,8056
0.0,8057
0.0,8058
0.0,8059
1448.2291711788198,8060
0.0,8061
0.0,8062
0.0,8063
0.0,8064
0.0,8065
2148.3726182550326,8066
0.0,8067
0.0,8068
786.389071524234,8069
0.0,8070
263.188326099016,8071
0.0,8072
1167.6156405036293,8073
0.0,8074
0.0,8075
2058.301554521332,8076
0.0,8077
0.0,8078
0.0,8079
0.0,8080
0.0,8081
0.0,8082
0.0,8083
0.0,8084
0.0,8085
0.0,8086
0.0,8087
0.0,8088
0.0,8089
0.0,8090
0.0,8091
0.0,8092
0.0,8093
0.0,8094
0.0,8095
0.0,8096
0.0,8097
0.0,8098
0.0,8099
0.0,8100
0.0,8101
0.0,8102
0.0,8103
0.0,8104
927.1078335438256,8105
0.0,8106
0.0,8107
0.0,8108
0.0,8109
0.0,8110
0.0,8111
0.0,8112
623.796189068922,8113
0.8566356947551705,8114
4338.2595912667575,8115
551.5897542378577,8116
0.0,8117
533.415366514245,8118
0.0,8119
0.0,8120
0.0,8121
0.0,8122
0.0,8123
0.0,8124
0.0,8125
0.0,8126
0.0,8127
0.0,8128
1248.1073339432176,8129
0.0,8130
0.0,8131
0.0,8132
0.0,8133
0.0,8134
0.0,8135
1092.62514122139,8136
0.0,8137
0.0,8138
0.0,8139
0.0,8140
0.0,8141
0.0,8142
0.0,8143
0.0,8144
0.0,8145
0.0,8146
0.0,8147
0.0,8148
0.0,8149
0.0,8150
0.0,8151
1046.2999050872413,8152
0.0,8153
0.0,8154
0.0,8155
600.9633136237012,8156
592.4440832352934,8157
0.0,8158
0.0,8159
0.0,8160
437.2472261650558,8161
0.0,8162
57.37817334237017,8163
127.40862874696899,8164
0.0,8165
0.0,8166
0.0,8167
437.0260645898805,8168
0.0,8169
0.0,8170
0.0,8171
0.0,8172
0.0,8173
0.0,8174
0.0,8175
438.0915713541319,8176
0.0,8177
0.0,8178
0.0,8179
0.0,8180
2089.504725922781,8181
0.0,8182
0.0,8183
0.0,8184
0.0,8185
0.0,8186
0.0,8187
0.0,8188
0.0,8189
0.0,8190
0.0,8191
0.0,8192
0.0,8193
0.0,8194
0.0,8195
0.0,8196
0.0,8197
0.0,8198
2418.31430117788,8199
0.0,8200
0.0,8201
0.0,8202
0.0,8203
0.0,8204
0.0,8205
0.0,8206
0.0,8207
0.0,8208
0.0,8209
0.0,8210
0.0,8211
0.0,8212
0.0,8213
2044.589484885167,8214
0.0,8215
0.0,8216
0.0,8217
0.0,8218
0.0,8219
0.0,8220
0.0,8221
0.0,8222
0.0,8223
1298.4472288990391,8224
0.0,8225
680.3910457119806,8226
0.0,8227
0.0,8228
0.0,8229
0.0,8230
936.2442798345821,8231
0.0,8232
941.4057684319604,8233
0.0,8234
935.0752472381035,8235
0.0,8236
0.0,8237
0.0,8238
0.0,8239
0.0,8240
0.0,8241
887.7574928189429,8242
0.0,8243
892.036570899599,8244
0.0,8245
0.0,8246
0.0,8247
0.0,8248
0.0,8249
0.0,8250
0.0,8251
634.4533363764183,8252
621.9991244126352,8253
0.0,8254
0.0,8255
0.0,8256
0.0,8257
0.0,8258
285.07268191154697,8259
0.0,8260
0.0,8261
0.0,8262
0.0,8263
0.0,8264
0.0,8265
0.0,8266
0.0,8267
0.0,8268
0.0,8269
0.0,8270
848.4274333743135,8271
72.19795568184716,8272
0.0,8273
0.0,8274
954.0638821414167,8275
725.0610780790048,8276
0.0,8277
0.0,8278
0.0,8279
0.0,8280
0.0,8281
0.0,8282
0.0,8283
0.0,8284
0.0,8285
2731.719094539367,8286
80.30942149617535,8287
0.0,8288
0.0,8289
8.15905708937408,8290
65.06940003683562,8291
0.0,8292
1778.5676788111664,8293
0.0,8294
0.0,8295
0.0,8296
0.0,8297
0.0,8298
0.0,8299
0.0,8300
0.0,8301
0.0,8302
0.0,8303
0.0,8304
0.0,8305
0.0,8306
0.0,8307
0.0,8308
0.0,8309
0.0,8310
0.0,8311
0.0,8312
0.0,8313
122.10780037859583,8314
0.0,8315
607.5260230378627,8316
0.0,8317
0.0,8318
0.0,8319
0.0,8320
1531.8987900757343,8321
0.0,8322
0.0,8323
918.7528991142952,8324
1050.377400113276,8325
0.0,8326
0.0,8327
0.0,8328
0.0,8329
0.0,8330
916.8866497062265,8331
1114.762132865314,8332
0.0,8333
0.0,8334
0.0,8335
1746.9910723775822,8336
666.5168426335076,8337
2484.2845705311574,8338
1737.515305668074,8339
0.0,8340
646.94376607272,8341
0.0,8342
0.0,8343
0.0,8344
0.0,8345
0.0,8346
0.0,8347
0.0,8348
0.0,8349
0.0,8350
0.0,8351
28.747029685067755,8352
0.0,8353
0.0,8354
0.0,8355
524.7047941514477,8356
0.0,8357
0.0,8358
0.0,8359
0.0,8360
0.0,8361
0.0,8362
0.0,8363
0.0,8364
0.0,8365
0.0,8366
0.0,8367
0.0,8368
3077.152196356276,8369
0.0,8370
0.0,8371
338.2012708083055,8372
0.0,8373
0.0,8374
0.0,8375
0.0,8376
66.11128259008429,8377
0.0,8378
0.0,8379
0.0,8380
1179.3449023187345,8381
0.0,8382
0.0,8383
1728.7347448511084,8384
0.0,8385
0.0,8386
1360.1896552795827,8387
650.0030454619277,8388
1407.2972489801332,8389
0.0,8390
352.69379949943306,8391
1495.9890649535466,8392
0.0,8393
0.0,8394
0.0,8395
0.0,8396
0.0,8397
30.250271474758776,8398
796.5556916319994,8399
0.0,8400
0.0,8401
838.7850363253987,8402
0.0,8403
0.0,8404
0.0,8405
0.0,8406
0.0,8407
0.0,8408
1038.8846535504172,8409
0.0,8410
957.12257834905,8411
0.0,8412
0.0,8413
0.0,8414
0.0,8415
0.0,8416
367.3658071314466,8417
0.0,8418
0.0,8419
0.0,8420
436.840341472761,8421
2430.7113848053236,8422
0.0,8423
0.0,8424
0.0,8425
3070.13055484536,8426
0.0,8427
1521.7949739494222,8428
0.0,8429
1236.1769748127008,8430
1019.0486381751678,8431
0.0,8432
0.0,8433
1390.697311602308,8434
0.0,8435
506.30199150463534,8436
0.0,8437
162.48125454378163,8438
160.60531729063368,8439
0.0,8440
0.0,8441
0.0,8442
156.3912931820572,8443
0.0,8444
828.9885152696202,8445
0.0,8446
0.0,8447
0.0,8448
1432.9038142001598,8449
0.0,8450
0.0,8451
0.0,8452
0.0,8453
0.0,8454
0.0,8455
0.0,8456
0.0,8457
0.0,8458
0.0,8459
0.0,8460
0.0,8461
0.0,8462
0.0,8463
0.0,8464
0.0,8465
0.0,8466
0.0,8467
0.0,8468
0.0,8469
0.0,8470
2038.0077385022564,8471
0.0,8472
0.0,8473
909.7856521284266,8474
918.8295691229885,8475
0.0,8476
2616.4253012637782,8477
942.3307238476402,8478
369.80990412817056,8479
531.815633517355,8480
1411.7168150985212,8481
200.60032831133003,8482
0.0,8483
2306.572020854113,8484
403.00582320393175,8485
0.0,8486
0.0,8487
0.0,8488
164.59115546783164,8489
462.9811860287747,8490
486.01969227245314,8491
509.4244532700382,8492
0.0,8493
833.3749551231916,8494
0.0,8495
0.0,8496
0.0,8497
0.0,8498
0.0,8499
0.0,8500
265.28303152266716,8501
1703.033508996244,8502
0.0,8503
916.9149720523159,8504
0.0,8505
0.0,8506
0.0,8507
3928.031091964672,8508
869.5976117914313,8509
632.5125119384613,8510
0.0,8511
1112.1829487756206,8512
0.0,8513
0.0,8514
0.0,8515
0.0,8516
0.0,8517
0.0,8518
0.0,8519
0.0,8520
0.0,8521
0.0,8522
0.0,8523
0.0,8524
0.0,8525
0.0,8526
0.0,8527
0.0,8528
0.0,8529
161.890020843982,8530
3166.4141957913116,8531
0.0,8532
0.0,8533
0.0,8534
0.0,8535
0.0,8536
0.0,8537
0.0,8538
0.0,8539
0.0,8540
3721.5703850208392,8541
0.0,8542
0.0,8543
10.425635158415728,8544
0.0,8545
0.0,8546
0.0,8547
0.0,8548
0.0,8549
0.0,8550
0.0,8551
0.0,8552
0.0,8553
0.0,8554
0.0,8555
0.0,8556
0.0,8557
0.0,8558
0.0,8559
0.0,8560
0.0,8561
0.0,8562
0.0,8563
0.0,8564
0.0,8565
0.0,8566
0.0,8567
0.0,8568
0.0,8569
0.0,8570
4015.035757510934,8571
851.9850283256211,8572
0.0,8573
0.0,8574
0.0,8575
0.0,8576
0.0,8577
0.0,8578
0.0,8579
0.0,8580
0.0,8581
725.7376480819669,8582
0.0,8583
0.0,8584
0.0,8585
0.0,8586
0.0,8587
0.0,8588
0.0,8589
320.45687154668013,8590
0.0,8591
0.0,8592
0.0,8593
0.0,8594
2241.751760338183,8595
2761.7867906948354,8596
1332.9171991700227,8597
0.0,8598
0.0,8599
661.8103506359158,8600
639.2946477727614,8601
0.0,8602
0.0,8603
0.0,8604
0.0,8605
0.0,8606
0.0,8607
0.0,8608
0.0,8609
0.0,8610
0.0,8611
0.0,8612
2542.326814410311,8613
0.0,8614
0.0,8615
0.0,8616
0.0,8617
0.0,8618
2535.947564742162,8619
0.0,8620
0.0,8621
0.0,8622
0.0,8623
2530.992697224198,8624
0.0,8625
0.0,8626
0.0,8627
0.0,8628
75.14003655399327,8629
0.0,8630
0.0,8631
882.326474715721,8632
403.2079463291599,8633
874.6630285451139,8634
871.1149893366863,8635
0.0,8636
3982.8112995278047,8637
891.7938609432506,8638
0.0,8639
0.0,8640
578.5408629798277,8641
0.0,8642
0.0,8643
0.0,8644
0.0,8645
2879.9559113879727,8646
2842.509487908981,8647
0.0,8648
2474.0810262082364,8649
2471.6676745748773,8650
0.0,8651
0.0,8652
0.0,8653
1092.2408841694182,8654
0.0,8655
0.0,8656
0.0,8657
0.0,8658
0.0,8659
0.0,8660
0.0,8661
1248.1225529185178,8662
0.0,8663
0.0,8664
0.0,8665
0.0,8666
0.0,8667
0.0,8668
0.0,8669
0.0,8670
0.0,8671
0.0,8672
0.0,8673
0.0,8674
0.0,8675
1694.4938514201583,8676
180.02716709847255,8677
0.0,8678
0.0,8679
0.0,8680
0.0,8681
1702.3863865492378,8682
0.0,8683
0.0,8684
124.5399990938957,8685
0.0,8686
1029.6080474594617,8687
0.0,8688
633.7640383819759,8689
0.0,8690
624.4223699680699,8691
168.76325308728042,8692
0.0,8693
0.0,8694
0.0,8695
0.0,8696
0.0,8697
0.0,8698
0.0,8699
722.2517325521004,8700
0.0,8701
724.8576096676903,8702
0.0,8703
0.0,8704
0.0,8705
0.0,8706
0.0,8707
0.0,8708
0.0,8709
2574.411703523351,8710
0.0,8711
0.0,8712
0.0,8713
0.0,8714
0.0,8715
0.0,8716
0.0,8717
0.0,8718
0.0,8719
0.0,8720
1057.2282585605944,8721
0.0,8722
0.0,8723
0.0,8724
0.0,8725
0.0,8726
0.0,8727
392.41361881001103,8728
321.28225481978905,8729
321.9151514259331,8730
0.0,8731
0.0,8732
700.6439299442642,8733
291.4634877162499,8734
0.0,8735
0.0,8736
0.0,8737
0.0,8738
170.62971969485062,8739
0.0,8740
2614.9443831637877,8741
0.0,8742
0.0,8743
0.0,8744
0.0,8745
0.0,8746
0.0,8747
0.0,8748
0.0,8749
263.4978530925444,8750
0.0,8751
0.0,8752
0.0,8753
791.950809448508,8754
477.41009526018627,8755
0.0,8756
0.0,8757
0.0,8758
0.0,8759
1002.8799263526089,8760
181.73000606754448,8761
3291.179882401694,8762
0.0,8763
0.0,8764
0.0,8765
372.26720931634196,8766
0.0,8767
0.0,8768
0.0,8769
1819.2137222167803,8770
0.0,8771
0.0,8772
0.0,8773
0.0,8774
0.0,8775
0.0,8776
0.0,8777
0.0,8778
756.2240701819354,8779
0.0,8780
0.0,8781
0.0,8782
410.75499323305365,8783
2245.600446897735,8784
0.0,8785
0.0,8786
0.0,8787
0.0,8788
0.0,8789
941.0065394581284,8790
13614.043624382604,8791
693.5765397291685,8792
0.0,8793
3108.3137161838126,8794
10514.973153594086,8795
0.0,8796
0.0,8797
826.2406685272476,8798
0.0,8799
0.0,8800
1547.0237123951038,8801
1443.6282425160978,8802
0.0,8803
0.0,8804
2315.3470769490696,8805
0.0,8806
1735.8695660009873,8807
0.0,8808
253.9042823710075,8809
0.0,8810
0.0,8811
0.0,8812
0.0,8813
0.0,8814
0.0,8815
0.0,8816
0.0,8817
0.0,8818
0.0,8819
0.0,8820
75.3083898739231,8821
111.64571490710512,8822
0.0,8823
3015.8516418111517,8824
0.0,8825
0.0,8826
157.2951783302344,8827
1111.6900928536656,8828
1174.014548022002,8829
1881.0463095909602,8830
8205.620667266603,8831
0.0,8832
376.76228819285285,8833
4693.930680549161,8834
1807.8504010756672,8835
0.0,8836
850.3496809824082,8837
4828.48110193086,8838
4725.412235965805,8839
0.0,8840
0.0,8841
0.0,8842
0.0,8843
0.0,8844
729.2623477948142,8845
450.4768091852348,8846
1206.0636498590436,8847
1971.082594213656,8848
3108.201005619716,8849
2618.8088853472073,8850
0.0,8851
357.34918316509385,8852
0.0,8853
0.0,8854
0.0,8855
0.0,8856
525.9957848190755,8857
0.0,8858
0.0,8859
0.0,8860
816.1305325435773,8861
0.0,8862
0.0,8863
0.0,8864
2064.6851989005977,8865
0.0,8866
0.0,8867
3971.126140319246,8868
0.0,8869
330.5912555768947,8870
0.0,8871
0.0,8872
0.0,8873
0.0,8874
0.0,8875
179.6952590020237,8876
0.0,8877
186.7013782940723,8878
0.0,8879
0.0,8880
0.0,8881
0.0,8882
0.0,8883
0.0,8884
0.0,8885
0.0,8886
0.0,8887
0.0,8888
0.0,8889
0.0,8890
0.0,8891
605.8815596457283,8892
2156.554643808175,8893
1698.0034717817541,8894
3788.4782108651116,8895
0.0,8896
2067.742855879653,8897
662.7992175605149,8898
0.0,8899
0.0,8900
0.0,8901
1574.3283229592062,8902
3573.311571940596,8903
0.0,8904
0.0,8905
0.0,8906
1752.954701989319,8907
4093.6786387981783,8908
3440.818229659963,8909
0.0,8910
0.0,8911
0.0,8912
0.0,8913
0.0,8914
0.0,8915
0.0,8916
0.0,8917
0.0,8918
0.0,8919
0.0,8920
0.0,8921
0.0,8922
3442.3284846005076,8923
299.7295657630443,8924
0.0,8925
0.0,8926
0.0,8927
0.0,8928
0.0,8929
0.0,8930
0.0,8931
0.0,8932
0.0,8933
0.0,8934
1827.8927043548456,8935
254.62728413554203,8936
0.0,8937
0.0,8938
0.0,8939
93.58726130398732,8940
0.0,8941
0.0,8942
0.0,8943
0.0,8944
0.0,8945
0.0,8946
0.0,8947
2385.884951126609,8948
0.0,8949
0.0,8950
0.0,8951
0.0,8952
2391.7342514147917,8953
0.0,8954
0.0,8955
0.0,8956
0.0,8957
0.0,8958
4440.562242412353,8959
0.0,8960
0.0,8961
2843.0050341559795,8962
3111.607289407144,8963
0.0,8964
0.0,8965
3490.5884355443236,8966
767.1376759664623,8967
0.0,8968
0.0,8969
0.0,8970
2719.803784642953,8971
0.0,8972
0.0,8973
0.0,8974
0.0,8975
0.0,8976
0.0,8977
0.0,8978
0.0,8979
0.0,8980
0.0,8981
0.0,8982
0.0,8983
0.0,8984
0.0,8985
0.0,8986
0.0,8987
0.0,8988
0.0,8989
0.0,8990
0.0,8991
0.0,8992
0.0,8993
0.0,8994
0.0,8995
0.0,8996
0.0,8997
0.0,8998
0.0,8999
0.0,9000
0.0,9001
0.0,9002
1713.783001505873,9003
0.0,9004
0.0,9005
0.0,9006
0.0,9007
0.0,9008
0.0,9009
0.0,9010
0.0,9011
0.0,9012
0.0,9013
0.0,9014
0.0,9015
0.0,9016
0.0,9017
0.0,9018
0.0,9019
0.0,9020
0.0,9021
0.0,9022
853.3612495052319,9023
0.0,9024
0.0,9025
0.0,9026
0.0,9027
0.0,9028
445.05338710324037,9029
0.0,9030
434.7726633677301,9031
424.1991309515054,9032
0.0,9033
2137.4252553049537,9034
0.0,9035
458.8284300863708,9036
0.0,9037
460.00471286287393,9038
750.6778751880493,9039
0.0,9040
0.0,9041
0.0,9042
0.0,9043
565.225710782044,9044
0.0,9045
576.4553802094586,9046
0.0,9047
0.0,9048
0.0,9049
0.0,9050
0.0,9051
0.0,9052
0.0,9053
0.0,9054
0.0,9055
0.0,9056
0.0,9057
0.0,9058
0.0,9059
0.0,9060
0.0,9061
0.0,9062
0.0,9063
0.0,9064
0.0,9065
856.3807194649851,9066
0.0,9067
618.0378968669991,9068
0.0,9069
1668.1053745341387,9070
0.0,9071
0.0,9072
0.0,9073
0.0,9074
2174.0421718667817,9075
1696.3313999874433,9076
303.3600563131639,9077
1457.4946327832502,9078
0.0,9079
0.0,9080
0.0,9081
0.0,9082
0.0,9083
1155.7881936030192,9084
760.5859874371602,9085
1139.3668923303312,9086
0.0,9087
0.0,9088
673.0587129948198,9089
0.0,9090
0.0,9091
0.0,9092
743.6636847462026,9093
0.0,9094
0.0,9095
0.0,9096
0.0,9097
0.0,9098
0.0,9099
0.0,9100
0.0,9101
0.0,9102
0.0,9103
1876.7870517997353,9104
0.0,9105
0.0,9106
0.0,9107
0.0,9108
0.0,9109
0.0,9110
981.6274800836019,9111
0.0,9112
0.0,9113
0.0,9114
970.3033015963042,9115
959.6151570604849,9116
1297.6419935979648,9117
0.0,9118
0.0,9119
1477.84030642371,9120
0.0,9121
0.0,9122
0.0,9123
0.0,9124
0.0,9125
0.0,9126
0.0,9127
0.0,9128
0.0,9129
0.0,9130
0.0,9131
0.0,9132
0.0,9133
0.0,9134
0.0,9135
0.0,9136
0.0,9137
0.0,9138
0.0,9139
0.0,9140
0.0,9141
0.0,9142
761.7530400804906,9143
0.0,9144
0.0,9145
0.0,9146
0.0,9147
0.0,9148
0.0,9149
817.0459967246397,9150
0.0,9151
0.0,9152
0.0,9153
0.0,9154
0.0,9155
0.0,9156
547.7779319223113,9157
0.0,9158
0.0,9159
407.0584518960591,9160
0.0,9161
0.0,9162
0.0,9163
0.0,9164
0.0,9165
0.0,9166
0.0,9167
3995.4969431180066,9168
0.0,9169
0.0,9170
0.0,9171
0.0,9172
0.0,9173
0.0,9174
0.0,9175
0.0,9176
0.0,9177
0.0,9178
0.0,9179
0.0,9180
0.0,9181
0.0,9182
0.0,9183
5267.602107632937,9184
736.0129060787905,9185
0.0,9186
0.0,9187
0.0,9188
0.0,9189
0.0,9190
2885.542125802113,9191
0.0,9192
0.0,9193
0.0,9194
163.47225490114263,9195
0.0,9196
0.0,9197
0.0,9198
0.0,9199
0.0,9200
1222.8587719966208,9201
0.0,9202
0.0,9203
0.0,9204
0.0,9205
3317.9343802201074,9206
0.0,9207
0.0,9208
0.0,9209
0.0,9210
0.0,9211
0.0,9212
2057.2310950293067,9213
0.0,9214
0.0,9215
0.0,9216
0.0,9217
0.0,9218
0.0,9219
0.0,9220
0.0,9221
0.0,9222
0.0,9223
0.0,9224
0.0,9225
0.0,9226
0.0,9227
0.0,9228
0.0,9229
4625.153785626046,9230
0.0,9231
0.0,9232
0.0,9233
0.0,9234
0.0,9235
0.0,9236
0.0,9237
3280.281903591201,9238
0.0,9239
0.0,9240
6568.816197187112,9241
0.0,9242
0.0,9243
0.0,9244
0.0,9245
0.0,9246
0.0,9247
0.0,9248
5268.414975893523,9249
0.0,9250
0.0,9251
0.0,9252
0.0,9253
0.0,9254
0.0,9255
0.0,9256
1634.9509420037575,9257
0.0,9258
0.0,9259
0.0,9260
0.0,9261
0.0,9262
0.0,9263
0.0,9264
0.0,9265
0.0,9266
0.0,9267
0.0,9268
0.0,9269
0.0,9270
0.0,9271
0.0,9272
0.0,9273
0.0,9274
0.0,9275
0.0,9276
3364.116653012932,9277
0.0,9278
0.0,9279
0.0,9280
0.0,9281
0.0,9282
0.0,9283
0.0,9284
0.0,9285
0.0,9286
0.0,9287
0.0,9288
0.0,9289
0.0,9290
0.0,9291
13333.232890831428,9292
0.0,9293
0.0,9294
0.0,9295
0.0,9296
0.0,9297
0.0,9298
0.0,9299
0.0,9300
0.0,9301
0.0,9302
0.0,9303
0.0,9304
0.0,9305
0.0,9306
0.0,9307
0.0,9308
0.0,9309
0.0,9310
0.0,9311
0.0,9312
0.0,9313
0.0,9314
0.0,9315
0.0,9316
0.0,9317
0.0,9318
0.0,9319
0.0,9320
0.0,9321
0.0,9322
0.0,9323
0.0,9324
0.0,9325
0.0,9326
0.0,9327
0.0,9328
0.0,9329
0.0,9330
0.0,9331
0.0,9332
0.0,9333
0.0,9334
0.0,9335
2103.1217233445104,9336
0.0,9337
0.0,9338
0.0,9339
0.0,9340
0.0,9341
3691.602849623204,9342
0.0,9343
1469.9128730176944,9344
7570.7371693394225,9345
0.0,9346
0.0,9347
0.0,9348
0.0,9349
0.0,9350
0.0,9351
0.0,9352
5457.503465586436,9353
0.0,9354
0.0,9355
0.0,9356
2302.0677970291736,9357
0.0,9358
0.0,9359
0.0,9360
0.0,9361
5371.0413094345195,9362
1294.5051988101663,9363
0.0,9364
0.0,9365
0.0,9366
0.0,9367
0.0,9368
0.0,9369
0.0,9370
0.0,9371
0.0,9372
2052.444777138793,9373
2050.48101358853,9374
72.78881996768075,9375
0.0,9376
0.0,9377
0.0,9378
0.0,9379
0.0,9380
0.0,9381
74.07257541308395,9382
75.05976143732761,9383
0.0,9384
0.0,9385
594.7671731686532,9386
0.0,9387
0.0,9388
221.20224119719612,9389
221.1860114263416,9390
220.69629961910707,9391
219.64986800126292,9392
0.0,9393
217.96057616349896,9394
2046.044406967564,9395
214.0577923331348,9396
210.7186651179532,9397
0.0,9398
0.0,9399
0.0,9400
206.65022600839026,9401
201.9851749737287,9402
0.0,9403
114.63984050987942,9404
191.37539538036418,9405
1075.8272097036229,9406
268.31002822311194,9407
1783.845802323994,9408
259.127487601789,9409
0.0,9410
0.0,9411
523.3628229055416,9412
518.4065773245383,9413
513.2736586079044,9414
0.0,9415
0.0,9416
1216.3366094716823,9417
1947.176810477482,9418
0.0,9419
0.0,9420
0.0,9421
0.0,9422
0.0,9423
0.0,9424
0.0,9425
645.401511109864,9426
0.0,9427
0.0,9428
1560.7424369849764,9429
0.0,9430
1731.4483183517527,9431
0.0,9432
0.0,9433
0.0,9434
0.0,9435
0.0,9436
0.0,9437
0.0,9438
0.0,9439
0.0,9440
0.0,9441
1751.6878344783934,9442
0.0,9443
0.0,9444
0.0,9445
0.0,9446
0.0,9447
0.0,9448
0.0,9449
0.0,9450
0.0,9451
0.0,9452
0.0,9453
0.0,9454
0.0,9455
0.0,9456
0.0,9457
0.0,9458
0.0,9459
0.0,9460
0.0,9461
0.0,9462
0.0,9463
0.0,9464
0.0,9465
0.0,9466
0.0,9467
0.0,9468
0.0,9469
0.0,9470
0.0,9471
5667.852917294024,9472
6927.926999610587,9473
0.0,9474
0.0,9475
0.0,9476
0.0,9477
0.0,9478
0.0,9479
0.0,9480
0.0,9481
0.0,9482
5657.889709396014,9483
2263.9813879927924,9484
4815.806559069102,9485
4817.00987559864,9486
3017.3381725387285,9487
0.0,9488
0.0,9489
0.0,9490
0.0,9491
0.0,9492
0.0,9493
0.0,9494
0.0,9495
2223.2146268540782,9496
2222.7541128553416,9497
3112.826560358798,9498
2223.3019791213233,9499
0.0,9500
0.0,9501
2551.286587165239,9502
432.8095318748889,9503
0.0,9504
0.0,9505
0.0,9506
0.0,9507
0.0,9508
2369.701729456618,9509
0.0,9510
0.0,9511
535.162205082523,9512
0.0,9513
531.3985335672328,9514
0.0,9515
0.0,9516
8273.911855550296,9517
0.0,9518
0.0,9519
1193.2344352503587,9520
438.66136236523806,9521
0.0,9522
0.0,9523
0.0,9524
0.0,9525
154.52648343962446,9526
0.0,9527
2246.6023124846574,9528
0.0,9529
0.0,9530
0.0,9531
572.8287244162086,9532
565.6045353515914,9533
557.9007690017572,9534
0.0,9535
0.0,9536
0.0,9537
0.0,9538
0.0,9539
0.0,9540
0.0,9541
0.0,9542
0.0,9543
0.0,9544
0.0,9545
0.0,9546
0.0,9547
0.0,9548
0.0,9549
0.0,9550
0.0,9551
0.0,9552
0.0,9553
154.15401155428813,9554
0.0,9555
0.0,9556
0.0,9557
0.0,9558
0.0,9559
0.0,9560
0.0,9561
0.0,9562
204.22481527870224,9563
0.0,9564
0.0,9565
0.0,9566
0.0,9567
0.0,9568
205.5216082997179,9569
0.0,9570
0.0,9571
0.0,9572
0.0,9573
205.67952337200833,9574
0.0,9575
0.0,9576
0.0,9577
0.0,9578
0.0,9579
0.0,9580
0.0,9581
0.0,9582
0.0,9583
0.0,9584
0.0,9585
0.0,9586
925.1016285926873,9587
466.2520582299238,9588
0.0,9589
0.0,9590
0.0,9591
270.59833319568736,9592
272.1651716536579,9593
0.0,9594
0.0,9595
0.0,9596
0.0,9597
0.0,9598
818.3679149939223,9599
0.0,9600
0.0,9601
0.0,9602
0.0,9603
0.0,9604
413.72089845896846,9605
0.0,9606
420.33403001718216,9607
0.0,9608
0.0,9609
0.0,9610
0.0,9611
0.0,9612
0.0,9613
0.0,9614
0.0,9615
0.0,9616
0.0,9617
0.0,9618
0.0,9619
0.0,9620
0.0,9621
0.0,9622
426.1671139911801,9623
0.0,9624
0.0,9625
0.0,9626
0.0,9627
0.0,9628
0.0,9629
0.0,9630
0.0,9631
0.0,9632
0.0,9633
0.0,9634
1435.9640776523902,9635
0.0,9636
399.6409086808873,9637
0.0,9638
0.0,9639
0.0,9640
0.0,9641
0.0,9642
0.0,9643
0.0,9644
0.0,9645
2580.6396337421647,9646
0.0,9647
0.0,9648
0.0,9649
0.0,9650
0.0,9651
968.4558985193395,9652
0.0,9653
0.0,9654
13.733308224217172,9655
0.0,9656
0.0,9657
0.0,9658
0.0,9659
0.0,9660
0.0,9661
0.0,9662
0.0,9663
0.0,9664
0.0,9665
0.0,9666
0.0,9667
0.0,9668
0.0,9669
0.0,9670
0.0,9671
0.0,9672
5983.11995382506,9673
0.0,9674
0.0,9675
0.0,9676
0.0,9677
185.97158272293223,9678
0.0,9679
0.0,9680
0.0,9681
0.0,9682
2654.9675600181545,9683
854.1602453993285,9684
0.0,9685
0.0,9686
0.0,9687
0.0,9688
0.0,9689
0.0,9690
0.0,9691
0.0,9692
0.0,9693
0.0,9694
0.0,9695
0.0,9696
0.0,9697
0.0,9698
0.0,9699
0.0,9700
0.0,9701
0.0,9702
0.0,9703
0.0,9704
0.0,9705
0.0,9706
0.0,9707
0.0,9708
0.0,9709
0.0,9710
0.0,9711
0.0,9712
0.0,9713
0.0,9714
0.0,9715
0.0,9716
0.0,9717
0.0,9718
0.0,9719
0.0,9720
0.0,9721
0.0,9722
0.0,9723
856.1195400436565,9724
0.0,9725
0.0,9726
0.0,9727
0.0,9728
0.0,9729
0.0,9730
0.0,9731
0.0,9732
0.0,9733
0.0,9734
0.0,9735
0.0,9736
0.0,9737
0.0,9738
0.0,9739
0.0,9740
0.0,9741
0.0,9742
0.0,9743
0.0,9744
0.0,9745
2641.9868693908466,9746
0.0,9747
0.0,9748
0.0,9749
0.0,9750
0.0,9751
0.0,9752
0.0,9753
0.0,9754
0.0,9755
0.0,9756
0.0,9757
0.0,9758
0.0,9759
0.0,9760
0.0,9761
0.0,9762
0.0,9763
0.0,9764
0.0,9765
0.0,9766
0.0,9767
0.0,9768
0.0,9769
0.0,9770
0.0,9771
0.0,9772
0.0,9773
0.0,9774
0.0,9775
0.0,9776
0.0,9777
0.0,9778
0.0,9779
0.0,9780
0.0,9781
0.0,9782
3310.3663688980755,9783
0.0,9784
0.0,9785
0.0,9786
0.0,9787
0.0,9788
0.0,9789
0.0,9790
0.0,9791
0.0,9792
0.0,9793
0.0,9794
0.0,9795
0.0,9796
0.0,9797
0.0,9798
0.0,9799
0.0,9800
0.0,9801
0.0,9802
0.0,9803
0.0,9804
0.0,9805
0.0,9806
0.0,9807
0.0,9808
0.0,9809
0.0,9810
0.0,9811
0.0,9812
0.0,9813
0.0,9814
0.0,9815
0.0,9816
0.0,9817
0.0,9818
0.0,9819
0.0,9820
0.0,9821
0.0,9822
0.0,9823
0.0,9824
0.0,9825
0.0,9826
0.0,9827
0.0,9828
0.0,9829
0.0,9830
0.0,9831
0.0,9832
632.5178309462347,9833
0.0,9834
0.0,9835
0.0,9836
0.0,9837
0.0,9838
0.0,9839
0.0,9840
0.0,9841
0.0,9842
0.0,9843
0.0,9844
0.0,9845
0.0,9846
0.0,9847
0.0,9848
0.0,9849
0.0,9850
0.0,9851
0.0,9852
0.0,9853
0.0,9854
0.0,9855
0.0,9856
245.75093035093875,9857
0.0,9858
0.0,9859
0.0,9860
0.0,9861
0.0,9862
2094.597735374462,9863
0.0,9864
0.0,9865
0.0,9866
0.0,9867
0.0,9868
0.0,9869
1348.9138030560198,9870
0.0,9871
0.0,9872
0.0,9873
0.0,9874
0.0,9875
0.0,9876
0.0,9877
0.0,9878
0.0,9879
0.0,9880
0.0,9881
0.0,9882
0.0,9883
0.0,9884
0.0,9885
0.0,9886
1547.6783974131781,9887
0.0,9888
0.0,9889
0.0,9890
0.0,9891
0.0,9892
0.0,9893
0.0,9894
0.0,9895
0.0,9896
0.0,9897
0.0,9898
0.0,9899
0.0,9900
0.0,9901
0.0,9902
0.0,9903
0.0,9904
0.0,9905
0.0,9906
0.0,9907
0.0,9908
0.0,9909
0.0,9910
0.0,9911
0.0,9912
0.0,9913
0.0,9914
0.0,9915
0.0,9916
886.5339292114903,9917
0.0,9918
0.0,9919
0.0,9920
0.0,9921
0.0,9922
0.0,9923
0.0,9924
0.0,9925
0.0,9926
0.0,9927
0.0,9928
0.0,9929
0.0,9930
512.6757105733296,9931
0.0,9932
0.0,9933
0.0,9934
0.0,9935
0.0,9936
0.0,9937
0.0,9938
0.0,9939
0.0,9940
198.20572907897233,9941
1787.2081924394104,9942
0.0,9943
0.0,9944
0.0,9945
0.0,9946
1239.4185019085814,9947
0.0,9948
295.05019348578577,9949
0.0,9950
0.0,9951
0.0,9952
0.0,9953
354.00231984824757,9954
0.0,9955
0.0,9956
0.0,9957
71.05866135492158,9958
0.0,9959
0.0,9960
494.3210156566234,9961
485.7419300253806,9962
0.0,9963
1229.4062711030288,9964
0.0,9965
0.0,9966
0.0,9967
0.0,9968
2792.999805126226,9969
26.683026810165472,9970
0.0,9971
3760.271296165459,9972
1696.8805935586984,9973
1681.8930017799332,9974
411.489704545676,9975
19.416169738565127,9976
1334.5056451835803,9977
0.0,9978
0.0,9979
1539.9936770376223,9980
386.7182546689236,9981
0.0,9982
0.0,9983
0.0,9984
0.0,9985
0.0,9986
0.0,9987
0.0,9988
0.0,9989
0.0,9990
0.0,9991
0.0,9992
0.0,9993
0.0,9994
0.0,9995
0.0,9996
1625.2109482543826,9997
50.321948932867485,9998
0.0,9999
154.0746015680746,10000
0.0,10001
0.0,10002
0.0,10003
0.0,10004
3118.874416017921,10005
0.0,10006
0.0,10007
0.0,10008
0.0,10009
0.0,10010
0.0,10011
0.0,10012
0.0,10013
0.0,10014
0.0,10015
0.0,10016
1845.415639021679,10017
0.0,10018
0.0,10019
0.0,10020
0.0,10021
0.0,10022
55.32385765978676,10023
1474.9134662905728,10024
0.0,10025
3776.572540465015,10026
0.0,10027
952.7375529258496,10028
0.0,10029
0.0,10030
0.0,10031
3199.319572559914,10032
1496.2977122659945,10033
0.0,10034
0.0,10035
846.6615000034495,10036
480.80434182705125,10037
0.0,10038
0.0,10039
0.0,10040
0.0,10041
0.0,10042
0.0,10043
0.0,10044
4662.137879885522,10045
0.0,10046
2675.699001193147,10047
0.0,10048
0.0,10049
0.0,10050
0.0,10051
0.0,10052
0.0,10053
0.0,10054
299.0765901520564,10055
0.0,10056
0.0,10057
4647.473905936148,10058
0.0,10059
0.0,10060
0.0,10061
0.0,10062
0.0,10063
0.0,10064
0.0,10065
0.0,10066
0.0,10067
0.0,10068
0.0,10069
0.0,10070
0.0,10071
0.0,10072
0.0,10073
787.9087353009601,10074
0.0,10075
0.0,10076
0.0,10077
0.0,10078
360.78949869955153,10079
0.0,10080
0.0,10081
0.0,10082
195.01898102841025,10083
1371.7035534841932,10084
0.0,10085
0.0,10086
0.0,10087
0.0,10088
0.0,10089
0.0,10090
0.0,10091
0.0,10092
0.0,10093
0.0,10094
0.0,10095
0.0,10096
0.0,10097
0.0,10098
506.3424521167364,10099
73.76787752927893,10100
0.0,10101
492.86238977227646,10102
498.9968700973343,10103
501.41909635984644,10104
501.1525621889275,10105
502.62279406369055,10106
0.0,10107
0.0,10108
889.1422653501378,10109
0.0,10110
588.2356725423698,10111
0.0,10112
0.0,10113
1844.469752070076,10114
1783.4362421860546,10115
0.0,10116
959.4915494186046,10117
0.0,10118
2561.2914567469297,10119
0.0,10120
916.544422144331,10121
0.0,10122
924.1363493991105,10123
0.0,10124
0.0,10125
3308.57746364044,10126
0.0,10127
0.0,10128
0.0,10129
0.0,10130
0.0,10131
0.0,10132
1141.992420344606,10133
1291.2808412837421,10134
0.0,10135
0.0,10136
338.6149349425905,10137
0.0,10138
322.4920023991092,10139
0.0,10140
1017.4962653796875,10141
1016.7531231121726,10142
0.0,10143
5785.096643337869,10144
0.0,10145
0.0,10146
4704.549216087852,10147
153.65765519750263,10148
0.0,10149
865.4444052464454,10150
0.0,10151
0.0,10152
1143.8642228611661,10153
0.0,10154
1575.1965517753965,10155
1152.8893480180582,10156
2363.1732106269956,10157
1107.993900328653,10158
974.8515124392599,10159
3696.142593735931,10160
513.6777982235958,10161
0.0,10162
1458.0342730712555,10163
0.0,10164
0.0,10165
3724.66669883489,10166
48.4045635200606,10167
265.5141218626248,10168
0.0,10169
61.56791696799889,10170
890.1371855926566,10171
255.32603175648785,10172
872.2764295886593,10173
0.0,10174
3467.765459885522,10175
0.0,10176
54.325937885372234,10177
43.125040226456996,10178
0.0,10179
0.0,10180
0.0,10181
226.80518892042699,10182
772.5690222674334,10183
0.0,10184
0.0,10185
20.67597074651098,10186
0.0,10187
0.0,10188
0.0,10189
0.0,10190
0.0,10191
0.0,10192
0.0,10193
0.0,10194
2458.8822537518463,10195
799.852253660735,10196
350.91116760571214,10197
0.0,10198
0.0,10199
550.4074598460224,10200
0.0,10201
332.4558418775655,10202
0.0,10203
0.0,10204
0.0,10205
0.0,10206
0.0,10207
0.0,10208
0.0,10209
0.0,10210
1164.3392236126977,10211
0.0,10212
0.0,10213
5910.530262241278,10214
0.0,10215
0.0,10216
941.0841233286025,10217
0.0,10218
0.0,10219
0.0,10220
0.0,10221
0.0,10222
0.0,10223
0.0,10224
0.0,10225
0.0,10226
0.0,10227
0.0,10228
0.0,10229
0.0,10230
0.0,10231
0.0,10232
0.0,10233
0.0,10234
838.9948473910729,10235
0.0,10236
0.0,10237
0.0,10238
0.0,10239
0.0,10240
0.0,10241
0.0,10242
0.0,10243
0.0,10244
0.0,10245
0.0,10246
0.0,10247
0.0,10248
0.0,10249
0.0,10250
801.9336764650548,10251
0.0,10252
0.0,10253
0.0,10254
1397.9731429355245,10255
0.0,10256
0.0,10257
0.0,10258
0.0,10259
0.0,10260
5179.461454393049,10261
0.0,10262
0.0,10263
0.0,10264
0.0,10265
0.0,10266
0.0,10267
0.0,10268
0.0,10269
0.0,10270
0.0,10271
0.0,10272
0.0,10273
0.0,10274
0.0,10275
200.72709886874466,10276
0.0,10277
0.0,10278
0.0,10279
0.0,10280
0.0,10281
0.0,10282
0.0,10283
0.0,10284
0.0,10285
0.0,10286
0.0,10287
0.0,10288
0.0,10289
0.0,10290
0.0,10291
969.4244225015862,10292
0.0,10293
0.0,10294
0.0,10295
0.0,10296
0.0,10297
0.0,10298
0.0,10299
0.0,10300
0.0,10301
0.0,10302
0.0,10303
0.0,10304
0.0,10305
0.0,10306
0.0,10307
0.0,10308
0.0,10309
0.0,10310
0.0,10311
0.0,10312
0.0,10313
0.0,10314
0.0,10315
0.0,10316
0.0,10317
0.0,10318
0.0,10319
0.0,10320
0.0,10321
0.0,10322
0.0,10323
0.0,10324
0.0,10325
0.0,10326
1318.5066326553,10327
0.0,10328
0.0,10329
0.0,10330
0.0,10331
0.0,10332
0.0,10333
0.0,10334
0.0,10335
0.0,10336
0.0,10337
0.0,10338
105.80210765442536,10339
6416.999002499073,10340
1016.6634026301034,10341
1106.315436227077,10342
0.0,10343
168.07683614371942,10344
0.0,10345
0.0,10346
0.0,10347
527.8172812454924,10348
529.409268224602,10349
0.0,10350
0.0,10351
0.0,10352
0.0,10353
0.0,10354
0.0,10355
0.0,10356
0.0,10357
699.6601465742131,10358
0.0,10359
0.0,10360
0.0,10361
0.0,10362
0.0,10363
0.0,10364
0.0,10365
0.0,10366
0.0,10367
0.0,10368
0.0,10369
0.0,10370
0.0,10371
0.0,10372
0.0,10373
0.0,10374
0.0,10375
0.0,10376
0.0,10377
0.0,10378
0.0,10379
0.0,10380
0.0,10381
0.0,10382
0.0,10383
1457.3520200562482,10384
0.0,10385
0.0,10386
0.0,10387
0.0,10388
0.0,10389
0.0,10390
0.0,10391
0.0,10392
0.0,10393
0.0,10394
3697.8465347844167,10395
0.0,10396
0.0,10397
0.0,10398
0.0,10399
0.0,10400
1374.161512093196,10401
0.0,10402
0.0,10403
0.0,10404
0.0,10405
0.0,10406
0.0,10407
0.0,10408
0.0,10409
0.0,10410
780.9850492515119,10411
0.0,10412
0.0,10413
0.0,10414
3555.3373579175222,10415
427.49498484137536,10416
0.0,10417
0.0,10418
0.0,10419
2449.8330624296823,10420
0.0,10421
3555.7740879742255,10422
3555.735349860917,10423
3556.274324429821,10424
0.0,10425
340.0593244473604,10426
2726.3228617336613,10427
332.3841047301045,10428
7939.098013369395,10429
0.0,10430
0.0,10431
3472.0699212570985,10432
0.0,10433
0.0,10434
0.0,10435
814.8439558194026,10436
2485.795506628969,10437
0.0,10438
631.6697855110295,10439
0.0,10440
139.0477212302458,10441
0.0,10442
0.0,10443
0.0,10444
0.0,10445
1413.8506293425492,10446
0.0,10447
0.0,10448
0.0,10449
0.0,10450
0.0,10451
0.0,10452
0.0,10453
1458.139309468803,10454
0.0,10455
0.0,10456
1456.2508747184745,10457
0.0,10458
1453.0543940090115,10459
0.0,10460
878.346701235966,10461
0.0,10462
0.0,10463
853.3624124458693,10464
959.4467660809931,10465
0.0,10466
0.0,10467
0.0,10468
0.0,10469
1528.2363908570478,10470
2038.9364700634312,10471
0.0,10472
961.279947815289,10473
0.0,10474
0.0,10475
0.0,10476
0.0,10477
0.0,10478
0.0,10479
0.0,10480
0.0,10481
0.0,10482
0.0,10483
0.0,10484
0.0,10485
0.0,10486
0.0,10487
0.0,10488
0.0,10489
706.0111325819256,10490
0.0,10491
0.0,10492
337.9177175164963,10493
915.7233064359668,10494
0.0,10495
0.0,10496
0.0,10497
0.0,10498
719.1853819982844,10499
640.0392429609537,10500
0.0,10501
991.3882104279662,10502
0.0,10503
952.530208680196,10504
0.0,10505
0.0,10506
4167.018807941572,10507
0.0,10508
0.0,10509
227.6431707921473,10510
0.0,10511
2054.6144434043954,10512
162.1184948335372,10513
0.0,10514
0.0,10515
0.0,10516
0.0,10517
0.0,10518
0.0,10519
0.0,10520
0.0,10521
0.0,10522
0.0,10523
1090.8128736745273,10524
0.0,10525
1088.3519265025184,10526
0.0,10527
1086.8871175208067,10528
1087.2555355713394,10529
819.1847831354846,10530
0.0,10531
346.0923401375022,10532
378.1539822515556,10533
388.8674926875376,10534
0.0,10535
0.0,10536
0.0,10537
0.0,10538
411.61141357812556,10539
0.0,10540
0.0,10541
0.0,10542
0.0,10543
0.0,10544
0.0,10545
0.0,10546
0.0,10547
0.0,10548
0.0,10549
0.0,10550
0.0,10551
0.0,10552
0.0,10553
0.0,10554
0.0,10555
0.0,10556
0.0,10557
0.0,10558
0.0,10559
173.4587428438222,10560
0.0,10561
0.0,10562
0.0,10563
0.0,10564
0.0,10565
0.0,10566
0.0,10567
0.0,10568
0.0,10569
0.0,10570
0.0,10571
0.0,10572
0.0,10573
0.0,10574
0.0,10575
0.0,10576
0.0,10577
0.0,10578
0.0,10579
0.0,10580
12537.052994457319,10581
0.0,10582
0.0,10583
0.0,10584
0.0,10585
0.0,10586
0.0,10587
0.0,10588
0.0,10589
0.0,10590
0.0,10591
0.0,10592
0.0,10593
159.05444605780923,10594
0.0,10595
0.0,10596
0.0,10597
943.476306739721,10598
0.0,10599
0.0,10600
0.0,10601
0.0,10602
1003.128412377824,10603
36.509732151543716,10604
0.0,10605
0.0,10606
0.0,10607
0.0,10608
0.0,10609
0.0,10610
0.0,10611
0.0,10612
0.0,10613
0.0,10614
0.0,10615
136.26308932210154,10616
0.0,10617
0.0,10618
0.0,10619
0.0,10620
0.0,10621
0.0,10622
0.0,10623
0.0,10624
0.0,10625
0.0,10626
0.0,10627
0.0,10628
0.0,10629
0.0,10630
0.0,10631
0.0,10632
0.0,10633
382.4760977082533,10634
0.0,10635
0.0,10636
0.0,10637
0.0,10638
64.56279172387346,10639
251.51172361857402,10640
0.0,10641
0.0,10642
3167.199384209258,10643
0.0,10644
363.50408138498835,10645
404.9668817995384,10646
0.0,10647
0.0,10648
0.0,10649
0.0,10650
0.0,10651
432.9314353450841,10652
453.9958236756204,10653
546.831668546579,10654
1032.0818710987203,10655
0.0,10656
1052.8528794776066,10657
0.0,10658
0.0,10659
512.3481574324562,10660
3223.4040154354147,10661
526.4056046424287,10662
532.6643013602713,10663
1041.090002512398,10664
0.0,10665
529.7864293431395,10666
0.0,10667
0.0,10668
543.188575779562,10669
550.8987981499406,10670
554.6809448753393,10671
0.0,10672
0.0,10673
430.3122442710848,10674
1036.523410971823,10675
1507.2273591438702,10676
450.7040120983815,10677
0.0,10678
1048.79747288355,10679
1545.5823941818476,10680
985.6084559613369,10681
215.36307601260697,10682
0.0,10683
847.4005116583833,10684
854.9572235868267,10685
2769.4779267812523,10686
2773.3956473166363,10687
871.084841056431,10688
0.0,10689
3270.5694512008035,10690
2794.274524239701,10691
888.2357309419023,10692
889.7258844813745,10693
1314.2169084208074,10694
889.6098662506645,10695
2790.650582949152,10696
0.0,10697
870.4388985968909,10698
1104.831053851338,10699
856.4229839770609,10700
849.2838351411207,10701
842.3904070346812,10702
0.0,10703
835.6315093328225,10704
2646.6900544305136,10705
1176.7688358952748,10706
0.0,10707
3689.469617464575,10708
829.4113406711626,10709
0.0,10710
0.0,10711
0.0,10712
820.5618765098202,10713
0.0,10714
1372.8156842366031,10715
1360.6976967537496,10716
1348.8378962644006,10717
1337.1186185388258,10718
728.6608002376024,10719
0.0,10720
384.3898410570971,10721
1143.2662389375857,10722
104.16076911275519,10723
264.173907238016,10724
911.9606742888915,10725
0.0,10726
0.0,10727
0.0,10728
0.0,10729
376.11800343920993,10730
0.0,10731
172.9319357719941,10732
154.28514778742291,10733
140.3993821072126,10734
0.0,10735
129.83060412464482,10736
121.01270935528541,10737
112.84851457309394,10738
104.73792551195338,10739
0.0,10740
2377.4613420128417,10741
0.0,10742
0.0,10743
0.0,10744
0.0,10745
467.73253998343523,10746
187.11788670648266,10747
0.0,10748
448.9390086404468,10749
1306.0017781384656,10750
433.3846512389912,10751
0.0,10752
0.0,10753
0.0,10754
0.0,10755
0.0,10756
0.0,10757
0.0,10758
0.0,10759
0.0,10760
0.0,10761
2448.5413279913873,10762
1322.2725716155842,10763
0.0,10764
328.03947920551445,10765
1578.508636561256,10766
0.0,10767
1013.4681065798841,10768
0.0,10769
0.0,10770
0.0,10771
0.0,10772
0.0,10773
273.48591282542594,10774
0.0,10775
241.7139633894725,10776
303.5496281668682,10777
533.5987918413396,10778
0.0,10779
0.0,10780
508.14489475324046,10781
276.8047995035914,10782
140.28294652128335,10783
276.9106087968345,10784
410.41032307018804,10785
144.2185855953131,10786
0.0,10787
0.0,10788
0.0,10789
0.0,10790
0.0,10791
0.0,10792
0.0,10793
0.0,10794
0.0,10795
0.0,10796
0.0,10797
0.0,10798
0.0,10799
0.0,10800
0.0,10801
0.0,10802
0.0,10803
72.11568016422795,10804
0.0,10805
0.0,10806
0.0,10807
0.0,10808
0.0,10809
0.0,10810
0.0,10811
0.0,10812
0.0,10813
0.0,10814
33.14634645353011,10815
235.32816749560652,10816
0.0,10817
0.0,10818
0.0,10819
0.0,10820
0.0,10821
1916.3502499041592,10822
0.0,10823
0.0,10824
0.0,10825
1088.8437048760275,10826
1086.0603938377062,10827
0.0,10828
0.0,10829
1907.0373897477764,10830
0.0,10831
1905.2710394600272,10832
0.0,10833
0.0,10834
0.0,10835
0.0,10836
834.1760798413446,10837
0.0,10838
0.0,10839
0.0,10840
0.0,10841
0.0,10842
0.0,10843
0.0,10844
0.0,10845
0.0,10846
0.0,10847
0.0,10848
0.0,10849
0.0,10850
0.0,10851
0.0,10852
0.0,10853
0.0,10854
0.0,10855
0.0,10856
0.0,10857
0.0,10858
0.0,10859
0.0,10860
0.0,10861
0.0,10862
0.0,10863
0.0,10864
0.0,10865
0.0,10866
0.0,10867
0.0,10868
0.0,10869
0.0,10870
0.0,10871
0.0,10872
0.0,10873
0.0,10874
0.0,10875
0.0,10876
0.0,10877
0.0,10878
1064.960227584573,10879
1728.335340157138,10880
1905.258842677383,10881
0.0,10882
0.0,10883
46.72819214430532,10884
0.0,10885
0.0,10886
1074.227201966261,10887
0.0,10888
0.0,10889
0.0,10890
0.0,10891
0.0,10892
2614.035038385094,10893
0.0,10894
0.0,10895
0.0,10896
0.0,10897
0.0,10898
13034.161044079323,10899
0.0,10900
0.0,10901
1117.8576972356573,10902
0.0,10903
76.0924547374565,10904
1611.3712851802632,10905
0.0,10906
0.0,10907
0.0,10908
0.0,10909
896.5301920133744,10910
0.0,10911
0.0,10912
311.0697622089231,10913
293.98918909000827,10914
494.6558176983566,10915
0.0,10916
0.0,10917
900.4706910151721,10918
907.5038678338105,10919
2667.1247852548986,10920
1129.0605368090592,10921
779.8039285189659,10922
606.6381222636101,10923
0.0,10924
0.0,10925
594.4148447236458,10926
276.0005708006701,10927
293.56643384547283,10928
610.6906768793249,10929
155.69024527679912,10930
1209.2589205563784,10931
1641.4244206460025,10932
0.0,10933
0.0,10934
1647.0422954748246,10935
2961.4347447484824,10936
642.3036355374225,10937
790.4546181012224,10938
0.0,10939
1664.5382246615764,10940
2103.322758220934,10941
0.0,10942
0.0,10943
576.7800358669078,10944
0.0,10945
0.0,10946
0.0,10947
306.9280886002199,10948
0.0,10949
0.0,10950
443.6303124833067,10951
0.0,10952
0.0,10953
0.0,10954
0.0,10955
0.0,10956
0.0,10957
0.0,10958
0.0,10959
0.0,10960
0.0,10961
0.0,10962
0.0,10963
0.0,10964
613.9245037881478,10965
623.604637499445,10966
0.0,10967
0.0,10968
0.0,10969
2747.898883085038,10970
0.0,10971
637.4996083215775,10972
650.3712417448273,10973
0.0,10974
663.6126561196405,10975
0.0,10976
0.0,10977
0.0,10978
0.0,10979
1518.5928186889294,10980
1834.9385416235227,10981
0.0,10982
1873.228267222122,10983
677.1992656314305,10984
691.2548330007214,10985
0.0,10986
0.0,10987
1278.1865777496673,10988
1293.483793466996,10989
1307.9396646003136,10990
1320.7838629868565,10991
1341.3535174238048,10992
1349.8019809312857,10993
476.761673170896,10994
280.14973506200414,10995
0.0,10996
778.045460883342,10997
0.0,10998
1386.2719241190184,10999
1702.8512194486357,11000
1705.8609254335843,11001
582.6100593030698,11002
587.5662945600332,11003
986.3237392874387,11004
1522.470764365116,11005
663.7224216976074,11006
2107.519726859044,11007
167.00529277154493,11008
0.0,11009
1712.4317803466834,11010
1726.0061110168156,11011
1568.698945339182,11012
0.0,11013
1069.1993301938703,11014
1708.5117625681773,11015
1708.0823775117904,11016
1277.46150258806,11017
0.0,11018
1748.544316000775,11019
1282.9416613692993,11020
1755.6612540738392,11021
766.7309851474199,11022
0.0,11023
356.4713865428093,11024
226.6860962786511,11025
228.58285399768576,11026
422.05194386166363,11027
1164.9873323578352,11028
0.0,11029
233.59294683516504,11030
0.0,11031
0.0,11032
2245.194075656692,11033
0.0,11034
2374.228807425425,11035
6262.593310126295,11036
1136.5849832424085,11037
1793.807679326042,11038
1589.0206533307535,11039
1798.4615756921971,11040
0.0,11041
0.0,11042
1801.1257975260273,11043
0.0,11044
1803.976232155265,11045
1807.0886389469904,11046
0.0,11047
1810.4581193880047,11048
0.0,11049
1814.0276978793354,11050
0.0,11051
0.0,11052
2167.8322096249176,11053
1375.6609114509847,11054
86.46588351627479,11055
1231.7310784891656,11056
518.5222039631186,11057
297.1583337095045,11058
0.0,11059
201.23915660103987,11060
1489.7759316959123,11061
0.0,11062
257.5926050445648,11063
0.0,11064
0.0,11065
0.0,11066
2035.4936885388533,11067
0.0,11068
1665.123021855666,11069
1671.618079382006,11070
1252.8686416822902,11071
1249.2238252691125,11072
0.0,11073
1669.5199310656149,11074
2666.055202331715,11075
334.39554335182135,11076
1802.4534021569848,11077
1808.4064211238801,11078
5747.696323271011,11079
1381.7141177880562,11080
1852.5911558006057,11081
1556.5011269668296,11082
0.0,11083
1815.5979016138447,11084
2232.771503879086,11085
0.0,11086
1810.087780139422,11087
229.76596113561595,11088
1802.8178940948042,11089
1801.690923400378,11090
0.0,11091
544.2819680132677,11092
218.3765499061143,11093
0.0,11094
0.0,11095
0.0,11096
1144.4375016388444,11097
0.0,11098
0.0,11099
1969.3113400640118,11100
0.0,11101
1609.5848707281548,11102
0.0,11103
2181.780282350582,11104
0.0,11105
0.0,11106
1250.9733996517848,11107
1252.0140250261916,11108
0.0,11109
0.0,11110
495.7659415465957,11111
1258.7798688312434,11112
0.0,11113
38.87370345279189,11114
6282.151222846795,11115
483.1984453088741,11116
582.2927598882932,11117
581.2853799478901,11118
0.0,11119
0.0,11120
0.0,11121
0.0,11122
0.0,11123
0.0,11124
0.0,11125
0.0,11126
0.0,11127
0.0,11128
0.0,11129
1517.6410879373466,11130
0.0,11131
0.0,11132
0.0,11133
0.0,11134
0.0,11135
197.2620129387058,11136
198.92531545501248,11137
89.71509276315847,11138
200.25494348275265,11139
203.64366925511058,11140
0.0,11141
207.01228057256026,11142
210.1235486112235,11143
0.0,11144
0.0,11145
0.0,11146
0.0,11147
0.0,11148
0.0,11149
0.0,11150
0.0,11151
0.0,11152
0.0,11153
0.0,11154
0.0,11155
0.0,11156
0.0,11157
0.0,11158
0.0,11159
0.0,11160
0.22646494222708838,11161
0.0,11162
0.0,11163
0.0,11164
0.0,11165
0.0,11166
0.0,11167
0.0,11168
0.0,11169
0.0,11170
0.0,11171
0.0,11172
0.0,11173
462.5379984566206,11174
0.0,11175
0.0,11176
0.0,11177
0.0,11178
0.0,11179
0.0,11180
0.0,11181
0.0,11182
0.0,11183
0.0,11184
0.0,11185
0.0,11186
0.0,11187
0.0,11188
0.0,11189
0.0,11190
0.0,11191
0.0,11192
0.0,11193
0.0,11194
0.0,11195
0.0,11196
0.0,11197
0.0,11198
0.0,11199
0.0,11200
1312.0479837157168,11201
6453.974019435881,11202
0.0,11203
0.0,11204
0.0,11205
0.0,11206
0.0,11207
0.0,11208
486.04400243072917,11209
198.57271799706174,11210
0.0,11211
0.0,11212
0.0,11213
0.0,11214
1375.871157158785,11215
778.8019849216626,11216
502.64043301740196,11217
0.0,11218
0.0,11219
0.0,11220
0.0,11221
0.0,11222
50.4924265130248,11223
0.0,11224
159.2729742019769,11225
0.0,11226
0.0,11227
0.0,11228
0.0,11229
0.0,11230
173.7645003947005,11231
0.0,11232
0.0,11233
0.0,11234
0.0,11235
0.0,11236
0.0,11237
0.0,11238
0.0,11239
0.0,11240
0.0,11241
0.0,11242
0.0,11243
0.0,11244
0.0,11245
0.0,11246
3967.9513835365715,11247
0.0,11248
0.0,11249
0.0,11250
0.0,11251
466.80665309224236,11252
0.0,11253
471.9110152916029,11254
477.4398662240636,11255
1429.9892818523138,11256
481.3389455502798,11257
0.0,11258
1041.1733279758519,11259
960.3951650369502,11260
489.86753290893904,11261
2464.3616527436766,11262
0.0,11263
594.2279414684918,11264
0.0,11265
497.96314416727415,11266
1881.322768467506,11267
229.2935642896179,11268
2464.971886161756,11269
0.0,11270
231.43885581183446,11271
0.0,11272
0.0,11273
0.0,11274
0.0,11275
0.0,11276
342.6861627536452,11277
0.0,11278
0.0,11279
0.0,11280
0.0,11281
0.0,11282
222.31642900869994,11283
0.0,11284
0.0,11285
0.0,11286
5365.058774724822,11287
0.0,11288
0.0,11289
0.0,11290
798.4911632310326,11291
0.0,11292
264.987572663337,11293
0.0,11294
848.9011370278358,11295
1355.0547888040674,11296
278.3753118207601,11297
0.0,11298
0.0,11299
0.0,11300
0.0,11301
0.0,11302
0.0,11303
0.0,11304
0.0,11305
0.0,11306
0.0,11307
0.0,11308
0.0,11309
0.0,11310
489.2428432537962,11311
0.0,11312
0.0,11313
0.0,11314
0.0,11315
0.0,11316
0.0,11317
0.0,11318
0.0,11319
845.3548521047948,11320
0.0,11321
0.0,11322
0.0,11323
0.0,11324
0.0,11325
1958.8297213110661,11326
0.0,11327
0.0,11328
0.0,11329
0.0,11330
0.0,11331
0.0,11332
280.72685836752237,11333
0.0,11334
0.0,11335
0.0,11336
0.0,11337
0.0,11338
0.0,11339
0.0,11340
0.0,11341
0.0,11342
0.0,11343
0.0,11344
0.0,11345
0.0,11346
0.0,11347
0.0,11348
0.0,11349
0.0,11350
0.0,11351
0.0,11352
0.0,11353
0.0,11354
0.0,11355
0.0,11356
0.0,11357
0.0,11358
0.0,11359
0.0,11360
0.0,11361
74.10406663465514,11362
0.0,11363
1781.6460693022118,11364
0.0,11365
0.0,11366
0.0,11367
0.0,11368
0.0,11369
0.0,11370
0.0,11371
1778.3421342287693,11372
0.0,11373
0.0,11374
0.0,11375
0.0,11376
1775.2521385738155,11377
0.0,11378
0.0,11379
1400.3948534169397,11380
0.0,11381
0.0,11382
0.0,11383
0.0,11384
0.0,11385
0.0,11386
0.0,11387
0.0,11388
0.0,11389
0.0,11390
0.0,11391
0.0,11392
0.0,11393
0.0,11394
0.0,11395
0.0,11396
1537.3340810086368,11397
0.0,11398
0.0,11399
0.0,11400
0.0,11401
1530.3744949761847,11402
0.0,11403
0.0,11404
0.0,11405
0.0,11406
0.0,11407
0.0,11408
0.0,11409
0.0,11410
0.0,11411
0.0,11412
0.0,11413
0.0,11414
2137.662358544797,11415
1959.1270164747727,11416
0.0,11417
57.214136801852575,11418
53.81707055935749,11419
0.0,11420
0.0,11421
0.0,11422
0.0,11423
3597.604080779068,11424
0.0,11425
3783.504595224456,11426
0.0,11427
0.0,11428
0.0,11429
0.0,11430
0.0,11431
0.0,11432
2230.3881190228135,11433
0.0,11434
0.0,11435
0.0,11436
0.0,11437
0.0,11438
0.0,11439
2227.520513485018,11440
0.0,11441
0.0,11442
3086.873120153018,11443
0.0,11444
0.0,11445
0.0,11446
0.0,11447
2154.0669863559497,11448
0.0,11449
0.0,11450
0.0,11451
1875.2369963235049,11452
0.0,11453
0.0,11454
0.0,11455
0.0,11456
0.0,11457
0.0,11458
0.0,11459
0.0,11460
0.0,11461
797.5549244934995,11462
0.0,11463
0.0,11464
0.0,11465
0.0,11466
0.0,11467
0.0,11468
0.0,11469
0.0,11470
0.0,11471
0.0,11472
0.0,11473
0.0,11474
1496.3757566864047,11475
0.0,11476
0.0,11477
0.0,11478
0.0,11479
0.0,11480
0.0,11481
0.0,11482
0.0,11483
0.0,11484
0.0,11485
0.0,11486
0.0,11487
0.0,11488
0.0,11489
0.0,11490
0.0,11491
0.0,11492
0.0,11493
0.0,11494
0.0,11495
0.0,11496
0.0,11497
0.0,11498
0.0,11499
0.0,11500
0.0,11501
0.0,11502
0.0,11503
0.0,11504
0.0,11505
0.0,11506
0.0,11507
0.0,11508
0.0,11509
0.0,11510
0.0,11511
0.0,11512
0.0,11513
0.0,11514
0.0,11515
0.0,11516
0.0,11517
0.0,11518
0.0,11519
0.0,11520
11412.239471636287,11521
0.0,11522
0.0,11523
0.0,11524
0.0,11525
0.0,11526
0.0,11527
0.0,11528
0.0,11529
0.0,11530
0.0,11531
0.0,11532
0.0,11533
0.0,11534
0.0,11535
0.0,11536
0.0,11537
0.0,11538
0.0,11539
0.0,11540
0.0,11541
0.0,11542
555.2882682116888,11543
0.0,11544
0.0,11545
0.0,11546
0.0,11547
0.0,11548
0.0,11549
0.0,11550
3174.0617642536963,11551
0.0,11552
0.0,11553
0.0,11554
0.0,11555
0.0,11556
0.0,11557
0.0,11558
0.0,11559
0.0,11560
350.3320773513454,11561
0.0,11562
0.0,11563
0.0,11564
834.109394353459,11565
0.0,11566
0.0,11567
344.33455452466006,11568
0.0,11569
2624.684565219759,11570
324.5428290655866,11571
313.9704495123523,11572
342.2728783652935,11573
0.0,11574
337.48712583546023,11575
0.0,11576
0.0,11577
0.0,11578
2593.3641691086696,11579
0.0,11580
0.0,11581
0.0,11582
0.0,11583
0.0,11584
0.0,11585
204.71616364385818,11586
0.0,11587
0.0,11588
0.0,11589
0.0,11590
0.0,11591
0.0,11592
0.0,11593
0.0,11594
0.0,11595
0.0,11596
0.0,11597
0.0,11598
0.0,11599
0.0,11600
0.0,11601
0.0,11602
0.0,11603
0.0,11604
0.0,11605
0.0,11606
0.0,11607
1738.149564324832,11608
0.0,11609
1077.1703702568593,11610
0.0,11611
0.0,11612
0.0,11613
0.0,11614
0.0,11615
0.0,11616
0.0,11617
0.0,11618
0.0,11619
0.0,11620
0.0,11621
679.8298540526881,11622
0.0,11623
0.0,11624
0.0,11625
0.0,11626
0.0,11627
0.0,11628
0.0,11629
0.0,11630
0.0,11631
0.0,11632
0.0,11633
0.0,11634
384.7559594905503,11635
0.0,11636
439.0997385734465,11637
0.0,11638
34.1615353946733,11639
0.0,11640
98.90705078388682,11641
159.42784349836901,11642
0.0,11643
34.0773617879974,11644
0.0,11645
0.0,11646
0.0,11647
0.0,11648
0.0,11649
0.0,11650
0.0,11651
0.0,11652
20.82088934780685,11653
79.35066305751693,11654
126.73888745579548,11655
0.0,11656
0.0,11657
0.0,11658
169.625119118236,11659
210.52192685595756,11660
0.0,11661
0.0,11662
0.0,11663
0.0,11664
0.0,11665
0.0,11666
250.47663111692404,11667
0.0,11668
0.0,11669
290.03572791038226,11670
0.0,11671
329.41489626429467,11672
0.0,11673
0.0,11674
546.7229913252335,11675
586.2948498614824,11676
624.5142955496156,11677
0.0,11678
0.0,11679
449.4476019910774,11680
0.0,11681
676.8038454856174,11682
709.9274334208694,11683
0.0,11684
0.0,11685
0.0,11686
0.0,11687
0.0,11688
0.0,11689
0.0,11690
0.0,11691
0.0,11692
0.0,11693
0.0,11694
0.0,11695
0.0,11696
0.0,11697
0.0,11698
0.0,11699
0.0,11700
0.0,11701
0.0,11702
0.0,11703
0.0,11704
0.0,11705
0.0,11706
0.0,11707
0.0,11708
0.0,11709
0.0,11710
0.0,11711
0.0,11712
0.0,11713
0.0,11714
0.0,11715
0.0,11716
0.0,11717
0.0,11718
0.0,11719
0.0,11720
0.0,11721
0.0,11722
0.0,11723
0.0,11724
0.0,11725
0.0,11726
0.0,11727
0.0,11728
0.0,11729
0.0,11730
0.0,11731
0.0,11732
0.0,11733
0.0,11734
0.0,11735
0.0,11736
0.0,11737
0.0,11738
0.0,11739
0.0,11740
0.0,11741
0.0,11742
0.0,11743
0.0,11744
0.0,11745
0.0,11746
0.0,11747
0.0,11748
0.0,11749
0.0,11750
1355.8598771756856,11751
0.0,11752
0.0,11753
0.0,11754
0.0,11755
0.0,11756
0.0,11757
0.0,11758
0.0,11759
0.0,11760
0.0,11761
0.0,11762
0.0,11763
0.0,11764
0.0,11765
0.0,11766
0.0,11767
0.0,11768
0.0,11769
0.0,11770
0.0,11771
0.0,11772
0.0,11773
467.57396478881935,11774
0.0,11775
310.4293939945934,11776
320.1595604327657,11777
0.0,11778
0.0,11779
0.0,11780
0.0,11781
0.0,11782
0.0,11783
0.0,11784
0.0,11785
0.0,11786
0.0,11787
0.0,11788
0.0,11789
0.0,11790
0.0,11791
0.0,11792
0.0,11793
0.0,11794
0.0,11795
0.0,11796
0.0,11797
0.0,11798
0.0,11799
0.0,11800
0.0,11801
0.0,11802
0.0,11803
0.0,11804
467.4590140751695,11805
0.0,11806
1367.8826296640987,11807
0.0,11808
0.0,11809
0.0,11810
0.0,11811
0.0,11812
0.0,11813
0.0,11814
0.0,11815
0.0,11816
0.0,11817
0.0,11818
0.0,11819
959.7018232821447,11820
0.0,11821
0.0,11822
0.0,11823
0.0,11824
0.0,11825
0.0,11826
0.0,11827
0.0,11828
0.0,11829
0.0,11830
0.0,11831
0.0,11832
0.0,11833
0.0,11834
0.0,11835
0.0,11836
0.0,11837
0.0,11838
0.0,11839
0.0,11840
0.0,11841
0.0,11842
0.0,11843
0.0,11844
2020.534572819623,11845
0.0,11846
0.0,11847
0.0,11848
0.0,11849
0.0,11850
0.0,11851
0.0,11852
0.0,11853
0.0,11854
0.0,11855
0.0,11856
0.0,11857
0.0,11858
0.0,11859
0.0,11860
0.0,11861
0.0,11862
0.0,11863
0.0,11864
0.0,11865
0.0,11866
0.0,11867
1567.6513201953055,11868
0.0,11869
0.0,11870
398.4457407673462,11871
0.0,11872
0.0,11873
0.0,11874
511.72394306160805,11875
1827.348489132391,11876
0.0,11877
1225.1782126109197,11878
2653.832971295027,11879
1118.1837909953763,11880
0.0,11881
0.0,11882
335.87956295158176,11883
0.0,11884
0.0,11885
0.0,11886
0.0,11887
0.0,11888
0.0,11889
0.0,11890
0.0,11891
0.0,11892
0.0,11893
0.0,11894
0.0,11895
0.0,11896
0.0,11897
0.0,11898
0.0,11899
0.0,11900
0.0,11901
0.0,11902
0.0,11903
0.0,11904
0.0,11905
0.0,11906
577.8616853270437,11907
0.0,11908
0.0,11909
0.0,11910
0.0,11911
469.41827143200567,11912
149.92258925144145,11913
0.0,11914
0.0,11915
0.0,11916
0.0,11917
25.48890627367838,11918
608.8134595186193,11919
0.0,11920
0.0,11921
0.0,11922
372.87784293006314,11923
0.0,11924
161.05591554970206,11925
0.0,11926
0.0,11927
0.0,11928
0.0,11929
0.0,11930
0.0,11931
0.0,11932
257.78043677480633,11933
0.0,11934
0.0,11935
1676.8933441882848,11936
0.0,11937
0.0,11938
0.0,11939
0.0,11940
0.0,11941
0.0,11942
0.0,11943
0.0,11944
0.0,11945
0.0,11946
0.0,11947
0.0,11948
0.0,11949
192.61246295942223,11950
0.0,11951
0.0,11952
0.0,11953
0.0,11954
0.0,11955
183.8996373358994,11956
174.35356133452262,11957
0.0,11958
0.0,11959
0.0,11960
0.0,11961
0.0,11962
0.0,11963
1509.0828834964775,11964
0.0,11965
0.0,11966
0.0,11967
0.0,11968
0.0,11969
0.0,11970
0.0,11971
0.0,11972
0.0,11973
0.0,11974
0.0,11975
1746.0353807015422,11976
0.0,11977
0.0,11978
0.0,11979
0.0,11980
0.0,11981
0.0,11982
5726.122327484585,11983
5707.539178559706,11984
0.0,11985
0.0,11986
0.0,11987
2725.795763269355,11988
5450.269943994311,11989
2734.98126501908,11990
0.0,11991
0.0,11992
0.0,11993
0.0,11994
0.0,11995
0.0,11996
0.0,11997
2606.3003549047994,11998
0.0,11999
547.6375378939421,12000
0.0,12001
0.0,12002
937.2722867280332,12003
0.0,12004
757.4696407863381,12005
0.0,12006
0.0,12007
0.0,12008
0.0,12009
0.0,12010
2731.37157875725,12011
0.0,12012
0.0,12013
0.0,12014
0.0,12015
0.0,12016
1838.4563929858462,12017
0.0,12018
917.8764085274718,12019
4200.7461234839275,12020
2403.288475491049,12021
2474.0394280430605,12022
0.0,12023
0.0,12024
0.0,12025
0.0,12026
0.0,12027
0.0,12028
0.0,12029
0.0,12030
0.0,12031
0.0,12032
0.0,12033
0.0,12034
0.0,12035
0.0,12036
0.0,12037
0.0,12038
0.0,12039
0.0,12040
0.0,12041
0.0,12042
0.0,12043
0.0,12044
187.86541195364217,12045
0.0,12046
0.0,12047
0.0,12048
0.0,12049
0.0,12050
0.0,12051
0.0,12052
0.0,12053
0.0,12054
0.0,12055
0.0,12056
0.0,12057
0.0,12058
0.0,12059
0.0,12060
22046.029214696053,12061
0.0,12062
1896.059554690616,12063
0.0,12064
1892.66869099891,12065
0.0,12066
0.0,12067
0.0,12068
2544.311912971518,12069
4644.372569512228,12070
0.0,12071
0.0,12072
1703.753829694952,12073
1701.708222129539,12074
0.0,12075
0.0,12076
0.0,12077
0.0,12078
0.0,12079
0.0,12080
0.0,12081
0.0,12082
0.0,12083
0.0,12084
0.0,12085
0.0,12086
0.0,12087
1626.048176343736,12088
0.0,12089
0.0,12090
0.0,12091
0.0,12092
0.0,12093
0.0,12094
2461.8304698356424,12095
814.0952794901382,12096
0.0,12097
0.0,12098
0.0,12099
0.0,12100
1590.43126985166,12101
0.0,12102
0.0,12103
1650.0339489453288,12104
902.2518998303692,12105
561.5269823312776,12106
0.0,12107
0.0,12108
2017.548765453883,12109
0.0,12110
0.0,12111
893.067400209109,12112
0.0,12113
2930.7395058945726,12114
1546.3892601315479,12115
0.0,12116
0.0,12117
1185.1142069146747,12118
0.0,12119
0.0,12120
0.0,12121
0.0,12122
0.0,12123
0.0,12124
0.0,12125
0.0,12126
0.0,12127
0.0,12128
0.0,12129
0.0,12130
0.0,12131
0.0,12132
0.0,12133
932.6926900150024,12134
363.904241424081,12135
370.8797000859926,12136
0.0,12137
0.0,12138
0.0,12139
2352.8445475978383,12140
0.0,12141
0.0,12142
0.0,12143
0.0,12144
0.0,12145
0.0,12146
107.63026001835047,12147
1736.2909741849364,12148
0.0,12149
2659.440047277304,12150
0.0,12151
3606.0358541732126,12152
0.0,12153
0.0,12154
0.0,12155
2463.5198421323075,12156
0.0,12157
0.0,12158
0.0,12159
0.0,12160
445.5298873261223,12161
428.41751531685895,12162
1053.669557822183,12163
0.0,12164
20793.849863881434,12165
0.0,12166
0.0,12167
0.0,12168
0.0,12169
0.0,12170
0.0,12171
0.0,12172
0.0,12173
0.0,12174
0.0,12175
0.0,12176
0.0,12177
0.0,12178
0.0,12179
0.0,12180
0.0,12181
0.0,12182
0.0,12183
0.0,12184
0.0,12185
1423.1256621404373,12186
0.0,12187
0.0,12188
0.0,12189
0.0,12190
413.3294271696685,12191
0.0,12192
0.0,12193
3973.72092783876,12194
42.45357851643121,12195
46.58634459233873,12196
0.0,12197
0.0,12198
1242.1281296600655,12199
0.0,12200
0.0,12201
0.0,12202
0.0,12203
0.0,12204
0.0,12205
4665.711748744237,12206
0.0,12207
0.0,12208
0.0,12209
0.0,12210
0.0,12211
4100.036182401443,12212
4887.589664774761,12213
6647.164973099069,12214
4883.6840275583745,12215
4123.393915219682,12216
0.0,12217
4252.216221850698,12218
7195.6620925983425,12219
607.7297927540682,12220
4778.385189121437,12221
0.0,12222
0.0,12223
0.0,12224
1520.7843765591633,12225
5801.683042208416,12226
0.0,12227
0.0,12228
0.0,12229
0.0,12230
0.0,12231
3647.9427651619985,12232
4599.941866784247,12233
12.020859700536324,12234
0.0,12235
45.849532600782965,12236
0.0,12237
5500.746915470682,12238
433.99495014842864,12239
101.2269379945626,12240
4642.721337415236,12241
6628.923302916083,12242
1989.574537451218,12243
0.0,12244
1050.5939515876455,12245
5024.257895796464,12246
708.5150799448,12247
3082.1524390158233,12248
1294.9452664223268,12249
0.0,12250
1796.5371845730078,12251
2415.299383736606,12252
3096.6210767773287,12253
93.13219777269589,12254
1314.5890674126576,12255
2296.127030691724,12256
3018.9446444180735,12257
0.0,12258
78.98182693399264,12259
0.0,12260
3616.299616103861,12261
434.0716205239355,12262
1246.6696662154013,12263
303.786589358357,12264
0.0,12265
0.0,12266
1360.0550746818963,12267
2190.8534497091027,12268
0.0,12269
0.0,12270
840.7430229671548,12271
0.0,12272
1278.3652552519218,12273
2962.6025021333403,12274
0.0,12275
467.0413465974907,12276
1746.4598846635624,12277
0.0,12278
952.8185184077857,12279
0.0,12280
0.0,12281
0.0,12282
1613.131047221488,12283
1613.8971931512742,12284
0.0,12285
1332.9033145787153,12286
0.0,12287
0.0,12288
0.0,12289
0.0,12290
0.0,12291
0.0,12292
0.0,12293
0.0,12294
0.0,12295
1762.1853550124133,12296
0.0,12297
1850.0976245854674,12298
2389.9056767733837,12299
0.0,12300
360.2570206269616,12301
1741.6015838195806,12302
1261.2656154835545,12303
170.66666166680315,12304
128.21687190737165,12305
113.89730209813969,12306
377.64316033571475,12307
0.0,12308
0.0,12309
0.0,12310
0.0,12311
0.0,12312
0.0,12313
0.0,12314
0.0,12315
0.0,12316
426.0173688563115,12317
0.0,12318
0.0,12319
0.0,12320
0.0,12321
0.0,12322
0.0,12323
880.1395930586572,12324
860.8426227758457,12325
1140.9823440499708,12326
0.0,12327
545.9509419186751,12328
0.0,12329
0.0,12330
0.0,12331
528.9241089068731,12332
171.6412281686966,12333
0.0,12334
45.444324568594844,12335
29.13836597772682,12336
17.348450087197268,12337
0.0,12338
0.0,12339
0.0,12340
484.5381787874915,12341
0.0,12342
0.0,12343
208.34257294705145,12344
455.5403089122083,12345
0.0,12346
0.0,12347
0.0,12348
216.25403627215823,12349
0.0,12350
0.0,12351
0.0,12352
0.0,12353
0.0,12354
0.0,12355
0.0,12356
0.0,12357
0.0,12358
0.0,12359
0.0,12360
0.0,12361
0.0,12362
0.0,12363
0.0,12364
0.0,12365
0.0,12366
0.0,12367
0.0,12368
0.0,12369
0.0,12370
0.0,12371
0.0,12372
0.0,12373
0.0,12374
0.0,12375
0.0,12376
0.0,12377
0.0,12378
0.0,12379
0.0,12380
0.0,12381
0.0,12382
0.0,12383
0.0,12384
0.0,12385
0.0,12386
0.0,12387
0.0,12388
0.0,12389
0.0,12390
0.0,12391
0.0,12392
0.0,12393
0.0,12394
0.0,12395
0.0,12396
0.0,12397
0.0,12398
0.0,12399
0.0,12400
104.52252676968777,12401
0.0,12402
0.0,12403
0.0,12404
0.0,12405
0.0,12406
0.0,12407
0.0,12408
0.0,12409
0.0,12410
0.0,12411
0.0,12412
0.0,12413
0.0,12414
0.0,12415
0.0,12416
0.0,12417
471.35207893336724,12418
0.0,12419
0.0,12420
0.0,12421
0.0,12422
0.0,12423
0.0,12424
0.0,12425
0.0,12426
0.0,12427
0.0,12428
0.0,12429
0.0,12430
0.0,12431
0.0,12432
0.0,12433
0.0,12434
0.0,12435
0.0,12436
0.0,12437
0.0,12438
0.0,12439
0.0,12440
0.0,12441
0.0,12442
0.0,12443
0.0,12444
0.0,12445
0.0,12446
1066.5403637493957,12447
57.366083113356645,12448
0.0,12449
0.0,12450
0.0,12451
0.0,12452
0.0,12453
0.0,12454
0.0,12455
0.0,12456
0.0,12457
150.15926917795062,12458
0.0,12459
0.0,12460
0.0,12461
0.0,12462
0.0,12463
0.0,12464
127.34863645802466,12465
394.1555449495251,12466
94.6819351850135,12467
748.1516129090079,12468
0.0,12469
0.0,12470
0.0,12471
368.5167733908889,12472
0.0,12473
0.0,12474
0.0,12475
0.0,12476
358.86252941696983,12477
0.0,12478
351.6741103609737,12479
0.0,12480
0.0,12481
0.0,12482
61.75099740025372,12483
336.4605387598795,12484
0.0,12485
0.0,12486
0.0,12487
0.0,12488
0.0,12489
0.0,12490
0.0,12491
331.10375836734744,12492
0.0,12493
126.35518260384316,12494
0.0,12495
404.4193982557157,12496
0.0,12497
0.0,12498
0.0,12499
0.0,12500
0.0,12501
0.0,12502
316.616245227886,12503
0.0,12504
107.59959508354596,12505
103.97628772668347,12506
98.96922969859581,12507
0.0,12508
0.0,12509
299.66308033677234,12510
0.0,12511
0.0,12512
0.0,12513
0.0,12514
0.0,12515
0.0,12516
0.0,12517
290.15050660356405,12518
9.762336000449412,12519
0.0,12520
0.0,12521
0.0,12522
0.0,12523
0.0,12524
0.0,12525
0.0,12526
0.0,12527
0.0,12528
0.0,12529
0.0,12530
0.0,12531
0.0,12532
0.0,12533
277.00659144302705,12534
0.0,12535
0.0,12536
0.0,12537
0.0,12538
0.0,12539
644.7292458697605,12540
0.0,12541
0.0,12542
0.0,12543
0.0,12544
471.65106038840065,12545
253.02393917207908,12546
0.0,12547
0.0,12548
515.8864111013957,12549
0.0,12550
0.0,12551
0.0,12552
0.0,12553
0.0,12554
0.0,12555
234.14841824806413,12556
220.58868979174093,12557
206.52253478313895,12558
0.0,12559
0.0,12560
0.0,12561
0.0,12562
0.0,12563
0.0,12564
902.7757189386258,12565
0.0,12566
0.0,12567
0.0,12568
0.0,12569
195.4477361345738,12570
0.0,12571
0.0,12572
183.0057641851389,12573
0.0,12574
0.0,12575
0.0,12576
170.66698120882975,12577
0.0,12578
0.0,12579
0.0,12580
0.0,12581
158.4596713014101,12582
146.43532521654654,12583
0.0,12584
0.0,12585
6569.64131942979,12586
0.0,12587
0.0,12588
0.0,12589
4656.2829906887255,12590
0.0,12591
304.73289690845826,12592
0.0,12593
0.0,12594
0.0,12595
0.0,12596
0.0,12597
0.0,12598
0.0,12599
0.0,12600
115.73330547764078,12601
0.0,12602
0.0,12603
0.0,12604
105.90007534238121,12605
96.73088867338298,12606
0.0,12607
0.0,12608
0.0,12609
0.0,12610
0.0,12611
0.0,12612
0.0,12613
0.0,12614
0.0,12615
0.0,12616
0.0,12617
88.36509047369131,12618
0.0,12619
0.0,12620
0.0,12621
0.0,12622
542.9933846776262,12623
0.0,12624
0.0,12625
0.0,12626
0.0,12627
537.9220993110785,12628
45.085154524716586,12629
42.94079372234232,12630
0.0,12631
0.0,12632
153.96375702330462,12633
566.0942534506123,12634
0.0,12635
689.2793080698804,12636
0.0,12637
0.0,12638
0.0,12639
0.0,12640
0.0,12641
0.0,12642
0.0,12643
0.0,12644
486.85980171419936,12645
0.0,12646
0.0,12647
0.0,12648
495.4892281291412,12649
0.0,12650
0.0,12651
0.0,12652
0.0,12653
0.0,12654
0.0,12655
0.0,12656
0.0,12657
0.0,12658
0.0,12659
0.0,12660
0.0,12661
0.0,12662
0.0,12663
0.0,12664
0.0,12665
0.0,12666
0.0,12667
0.0,12668
0.0,12669
0.0,12670
0.0,12671
0.0,12672
0.0,12673
0.0,12674
0.0,12675
51.77023675980832,12676
0.0,12677
0.0,12678
0.0,12679
0.0,12680
0.0,12681
0.0,12682
0.0,12683
0.0,12684
0.0,12685
0.0,12686
0.0,12687
0.0,12688
0.0,12689
0.0,12690
0.0,12691
0.0,12692
0.0,12693
0.0,12694
0.0,12695
0.0,12696
0.0,12697
0.0,12698
0.0,12699
0.0,12700
0.0,12701
0.0,12702
0.0,12703
0.0,12704
0.0,12705
0.0,12706
0.0,12707
0.0,12708
0.0,12709
0.0,12710
0.0,12711
0.0,12712
0.0,12713
0.0,12714
0.0,12715
0.0,12716
0.0,12717
0.0,12718
0.0,12719
0.0,12720
0.0,12721
0.0,12722
0.0,12723
0.0,12724
0.0,12725
0.0,12726
0.0,12727
0.0,12728
0.0,12729
0.0,12730
0.0,12731
1309.8892737147112,12732
0.0,12733
0.0,12734
0.0,12735
0.0,12736
0.0,12737
0.0,12738
0.0,12739
0.0,12740
0.0,12741
0.0,12742
0.0,12743
0.0,12744
0.0,12745
0.0,12746
0.0,12747
0.0,12748
0.0,12749
0.0,12750
0.0,12751
0.0,12752
0.0,12753
0.0,12754
0.0,12755
0.0,12756
0.0,12757
0.0,12758
0.0,12759
0.0,12760
0.0,12761
0.0,12762
0.0,12763
0.0,12764
0.0,12765
0.0,12766
0.0,12767
0.0,12768
0.0,12769
0.0,12770
0.0,12771
0.0,12772
2131.4580181432084,12773
0.0,12774
0.0,12775
0.0,12776
0.0,12777
0.0,12778
0.0,12779
0.0,12780
0.0,12781
0.0,12782
0.0,12783
0.0,12784
0.0,12785
0.0,12786
0.0,12787
0.0,12788
0.0,12789
0.0,12790
0.0,12791
0.0,12792
0.0,12793
0.0,12794
0.0,12795
392.69202846430704,12796
0.0,12797
0.0,12798
0.0,12799
0.0,12800
0.0,12801
0.0,12802
0.0,12803
0.0,12804
0.0,12805
0.0,12806
0.0,12807
0.0,12808
0.0,12809
0.0,12810
0.0,12811
0.0,12812
0.0,12813
7574.988511753662,12814
0.0,12815
0.0,12816
0.0,12817
0.0,12818
0.0,12819
0.0,12820
0.0,12821
0.0,12822
0.0,12823
0.0,12824
0.0,12825
0.0,12826
0.0,12827
0.0,12828
0.0,12829
0.0,12830
0.0,12831
0.0,12832
0.0,12833
0.0,12834
0.0,12835
0.0,12836
0.0,12837
0.0,12838
0.0,12839
0.0,12840
0.0,12841
0.0,12842
0.0,12843
0.0,12844
1979.118119267185,12845
154.08949906480203,12846
366.8971803192434,12847
0.0,12848
0.0,12849
960.7757443014785,12850
1087.0434838917115,12851
722.8668155841069,12852
24.900638010784256,12853
35.9273068184974,12854
0.0,12855
0.0,12856
0.0,12857
0.0,12858
684.6739277780529,12859
1774.7685892906704,12860
0.0,12861
0.0,12862
1525.9564244548924,12863
0.0,12864
0.0,12865
224.57493323121238,12866
0.0,12867
0.0,12868
0.0,12869
0.0,12870
0.0,12871
0.0,12872
0.0,12873
0.0,12874
0.0,12875
0.0,12876
0.0,12877
0.0,12878
0.0,12879
0.0,12880
0.0,12881
0.0,12882
0.0,12883
0.0,12884
0.0,12885
450.46032170015246,12886
0.0,12887
453.21150203506164,12888
186.4027620821762,12889
2013.792816132013,12890
1996.7820894226336,12891
169.9642877733009,12892
0.0,12893
2650.6982259676884,12894
0.0,12895
0.0,12896
0.0,12897
0.0,12898
0.0,12899
0.0,12900
0.0,12901
0.0,12902
0.0,12903
171.15297738039285,12904
0.0,12905
0.0,12906
0.0,12907
0.0,12908
0.0,12909
0.0,12910
0.0,12911
295.2244717244708,12912
280.15117291570755,12913
0.0,12914
0.0,12915
0.0,12916
0.0,12917
0.0,12918
0.0,12919
0.0,12920
0.0,12921
0.0,12922
0.0,12923
0.0,12924
0.0,12925
0.0,12926
0.0,12927
0.0,12928
508.17864716899805,12929
0.0,12930
0.0,12931
506.87834710012436,12932
487.23905845123176,12933
0.0,12934
0.0,12935
0.0,12936
0.0,12937
0.0,12938
0.0,12939
0.0,12940
0.0,12941
1.3047914971164432,12942
0.0,12943
0.0,12944
0.0,12945
165.96497690115243,12946
1120.1023712776537,12947
0.0,12948
1243.9059021930732,12949
0.0,12950
0.0,12951
1218.0303573029541,12952
2067.299204012616,12953
2385.6738831611206,12954
0.0,12955
633.9135224065757,12956
0.0,12957
0.0,12958
0.0,12959
0.0,12960
0.0,12961
116.37083879113905,12962
3528.0325897594457,12963
0.0,12964
0.0,12965
720.0989403900668,12966
1505.4573016251788,12967
0.0,12968
0.0,12969
0.0,12970
0.0,12971
15855.931592587698,12972
1653.9368569075252,12973
656.8019663263073,12974
0.0,12975
0.0,12976
0.0,12977
0.0,12978
0.0,12979
0.0,12980
0.0,12981
0.0,12982
0.0,12983
0.0,12984
0.0,12985
0.0,12986
0.0,12987
0.0,12988
0.0,12989
0.0,12990
0.0,12991
0.0,12992
0.0,12993
0.0,12994
0.0,12995
0.0,12996
0.0,12997
0.0,12998
0.0,12999
0.0,13000
0.0,13001
0.0,13002
443.7805248093989,13003
0.0,13004
0.0,13005
0.0,13006
298.07582015603396,13007
0.0,13008
0.0,13009
0.0,13010
0.0,13011
0.0,13012
0.0,13013
0.0,13014
0.0,13015
0.0,13016
0.0,13017
0.0,13018
0.0,13019
0.0,13020
0.0,13021
0.0,13022
0.0,13023
0.0,13024
0.0,13025
0.0,13026
0.0,13027
0.0,13028
0.0,13029
0.0,13030
0.0,13031
0.0,13032
0.0,13033
0.0,13034
0.0,13035
0.0,13036
0.0,13037
0.0,13038
0.0,13039
0.0,13040
0.0,13041
0.0,13042
0.0,13043
0.0,13044
0.0,13045
0.0,13046
0.0,13047
0.0,13048
557.770256513818,13049
0.0,13050
0.0,13051
0.0,13052
0.0,13053
0.0,13054
0.0,13055
0.0,13056
275.5695037146715,13057
0.0,13058
454.3515770365605,13059
0.0,13060
0.0,13061
2448.2931379109345,13062
0.0,13063
0.0,13064
0.0,13065
0.0,13066
0.0,13067
0.0,13068
1963.3554360682526,13069
0.0,13070
0.0,13071
0.0,13072
0.0,13073
1975.6897419837028,13074
0.0,13075
0.0,13076
0.0,13077
0.0,13078
0.0,13079
0.0,13080
0.0,13081
0.0,13082
0.0,13083
0.0,13084
0.0,13085
0.0,13086
0.0,13087
0.0,13088
0.0,13089
0.0,13090
0.0,13091
0.0,13092
0.0,13093
0.0,13094
0.0,13095
0.0,13096
0.0,13097
0.0,13098
0.0,13099
0.0,13100
0.0,13101
0.0,13102
203.41276911970962,13103
0.0,13104
0.0,13105
0.0,13106
0.0,13107
0.0,13108
0.0,13109
0.0,13110
0.0,13111
0.0,13112
0.0,13113
0.0,13114
0.0,13115
0.0,13116
0.0,13117
0.0,13118
0.0,13119
0.0,13120
0.0,13121
0.0,13122
0.0,13123
0.0,13124
0.0,13125
0.0,13126
0.0,13127
0.0,13128
0.0,13129
0.0,13130
0.0,13131
0.0,13132
0.0,13133
0.0,13134
0.0,13135
0.0,13136
0.0,13137
0.0,13138
0.0,13139
0.0,13140
0.0,13141
0.0,13142
0.0,13143
0.0,13144
0.0,13145
0.0,13146
0.0,13147
0.0,13148
0.0,13149
3401.615960198934,13150
0.0,13151
0.0,13152
0.0,13153
0.0,13154
970.7714972096984,13155
0.0,13156
0.0,13157
0.0,13158
0.0,13159
0.0,13160
0.0,13161
0.0,13162
0.0,13163
0.0,13164
0.0,13165
0.0,13166
0.0,13167
0.0,13168
0.0,13169
0.0,13170
0.0,13171
0.0,13172
0.0,13173
0.0,13174
0.0,13175
0.0,13176
0.0,13177
0.0,13178
0.0,13179
0.0,13180
0.0,13181
0.0,13182
0.0,13183
0.0,13184
0.0,13185
0.0,13186
0.0,13187
0.0,13188
0.0,13189
0.0,13190
2684.6957593323577,13191
0.0,13192
0.0,13193
0.0,13194
0.0,13195
0.0,13196
0.0,13197
0.0,13198
0.0,13199
0.0,13200
0.0,13201
0.0,13202
0.0,13203
0.0,13204
0.0,13205
0.0,13206
0.0,13207
0.0,13208
0.0,13209
0.0,13210
1041.6048264601231,13211
0.0,13212
0.0,13213
1320.7706590182063,13214
0.0,13215
0.0,13216
0.0,13217
0.0,13218
0.0,13219
0.0,13220
0.0,13221
0.0,13222
0.0,13223
0.0,13224
0.0,13225
0.0,13226
0.0,13227
0.0,13228
0.0,13229
642.457994039948,13230
0.0,13231
0.0,13232
0.0,13233
0.0,13234
0.0,13235
0.0,13236
4741.111583683966,13237
0.0,13238
0.0,13239
0.0,13240
0.0,13241
0.0,13242
0.0,13243
0.0,13244
0.0,13245
0.0,13246
0.0,13247
0.0,13248
0.0,13249
0.0,13250
0.0,13251
0.0,13252
0.0,13253
0.0,13254
0.0,13255
0.0,13256
0.0,13257
0.0,13258
0.0,13259
0.0,13260
0.0,13261
0.0,13262
0.0,13263
0.0,13264
0.0,13265
0.0,13266
0.0,13267
0.0,13268
0.0,13269
0.0,13270
0.0,13271
0.0,13272
0.0,13273
0.0,13274
0.0,13275
0.0,13276
0.0,13277
0.0,13278
0.0,13279
0.0,13280
0.0,13281
0.0,13282
0.0,13283
0.0,13284
0.0,13285
0.0,13286
0.0,13287
0.0,13288
0.0,13289
0.0,13290
0.0,13291
0.0,13292
0.0,13293
0.0,13294
0.0,13295
0.0,13296
0.0,13297
0.0,13298
0.0,13299
0.0,13300
0.0,13301
0.0,13302
0.0,13303
0.0,13304
0.0,13305
0.0,13306
0.0,13307
0.0,13308
0.0,13309
0.0,13310
0.0,13311
0.0,13312
0.0,13313
0.0,13314
0.0,13315
0.0,13316
0.0,13317
0.0,13318
0.0,13319
0.0,13320
0.0,13321
0.0,13322
0.0,13323
0.0,13324
0.0,13325
0.0,13326
0.0,13327
0.0,13328
0.0,13329
0.0,13330
0.0,13331
0.0,13332
0.0,13333
0.0,13334
0.0,13335
0.0,13336
0.0,13337
0.0,13338
0.0,13339
0.0,13340
0.0,13341
0.0,13342
0.0,13343
0.0,13344
0.0,13345
0.0,13346
0.0,13347
0.0,13348
0.0,13349
0.0,13350
0.0,13351
0.0,13352
0.0,13353
0.0,13354
0.0,13355
0.0,13356
0.0,13357
0.0,13358
0.0,13359
0.0,13360
0.0,13361
0.0,13362
0.0,13363
0.0,13364
0.0,13365
0.0,13366
0.0,13367
0.0,13368
0.0,13369
0.0,13370
0.0,13371
0.0,13372
0.0,13373
0.0,13374
0.0,13375
0.0,13376
0.0,13377
0.0,13378
0.0,13379
0.0,13380
0.0,13381
0.0,13382
0.0,13383
0.0,13384
0.0,13385
0.0,13386
0.0,13387
0.0,13388
0.0,13389
0.0,13390
0.0,13391
0.0,13392
0.0,13393
0.0,13394
0.0,13395
0.0,13396
0.0,13397
0.0,13398
0.0,13399
0.0,13400
0.0,13401
0.0,13402
0.0,13403
0.0,13404
0.0,13405
0.0,13406
0.0,13407
0.0,13408
0.0,13409
0.0,13410
0.0,13411
0.0,13412
0.0,13413
0.0,13414
0.0,13415
0.0,13416
0.0,13417
0.0,13418
0.0,13419
0.0,13420
0.0,13421
0.0,13422
0.0,13423
0.0,13424
0.0,13425
0.0,13426
0.0,13427
0.0,13428
0.0,13429
0.0,13430
0.0,13431
0.0,13432
0.0,13433
0.0,13434
0.0,13435
0.0,13436
0.0,13437
0.0,13438
0.0,13439
0.0,13440
0.0,13441
0.0,13442
0.0,13443
0.0,13444
0.0,13445
0.0,13446
0.0,13447
0.0,13448
0.0,13449
0.0,13450
0.0,13451
0.0,13452
0.0,13453
0.0,13454
0.0,13455
0.0,13456
0.0,13457
0.0,13458
0.0,13459
0.0,13460
0.0,13461
0.0,13462
0.0,13463
0.0,13464
0.0,13465
0.0,13466
0.0,13467
0.0,13468
0.0,13469
0.0,13470
0.0,13471
0.0,13472
0.0,13473
0.0,13474
0.0,13475
0.0,13476
0.0,13477
0.0,13478
0.0,13479
0.0,13480
0.0,13481
0.0,13482
0.0,13483
0.0,13484
0.0,13485
0.0,13486
0.0,13487
0.0,13488
0.0,13489
0.0,13490
0.0,13491
0.0,13492
0.0,13493
0.0,13494
0.0,13495
0.0,13496
0.0,13497
0.0,13498
0.0,13499
0.0,13500
0.0,13501
3271.456411713583,13502
0.0,13503
0.0,13504
0.0,13505
0.0,13506
0.0,13507
0.0,13508
0.0,13509
0.0,13510
0.0,13511
0.0,13512
0.0,13513
0.0,13514
0.0,13515
0.0,13516
0.0,13517
0.0,13518
0.0,13519
0.0,13520
0.0,13521
0.0,13522
0.0,13523
0.0,13524
0.0,13525
0.0,13526
0.0,13527
0.0,13528
0.0,13529
413.075805455092,13530
0.0,13531
0.0,13532
0.0,13533
0.0,13534
0.0,13535
0.0,13536
0.0,13537
0.0,13538
0.0,13539
0.0,13540
0.0,13541
0.0,13542
0.0,13543
0.0,13544
0.0,13545
0.0,13546
0.0,13547
0.0,13548
0.0,13549
0.0,13550
0.0,13551
0.0,13552
0.0,13553
0.0,13554
0.0,13555
0.0,13556
0.0,13557
0.0,13558
0.0,13559
0.0,13560
0.0,13561
0.0,13562
0.0,13563
0.0,13564
0.0,13565
3400.6908910741004,13566
0.0,13567
0.0,13568
0.0,13569
0.0,13570
0.0,13571
0.0,13572
0.0,13573
0.0,13574
0.0,13575
0.0,13576
0.0,13577
0.0,13578
0.0,13579
0.0,13580
0.0,13581
0.0,13582
0.0,13583
0.0,13584
0.0,13585
0.0,13586
0.0,13587
0.0,13588
0.0,13589
0.0,13590
0.0,13591
0.0,13592
0.0,13593
0.0,13594
0.0,13595
0.0,13596
0.0,13597
0.0,13598
0.0,13599
0.0,13600
0.0,13601
0.0,13602
0.0,13603
0.0,13604
0.0,13605
0.0,13606
2890.8717866159122,13607
0.0,13608
0.0,13609
0.0,13610
0.0,13611
0.0,13612
0.0,13613
0.0,13614
240.67827155342712,13615
0.0,13616
0.0,13617
0.0,13618
0.0,13619
0.0,13620
0.0,13621
0.0,13622
0.0,13623
0.0,13624
0.0,13625
0.0,13626
0.0,13627
0.0,13628
0.0,13629
0.0,13630
0.0,13631
0.0,13632
0.0,13633
0.0,13634
0.0,13635
0.0,13636
0.0,13637
0.0,13638
0.0,13639
0.0,13640
0.0,13641
0.0,13642
0.0,13643
0.0,13644
0.0,13645
0.0,13646
0.0,13647
0.0,13648
0.0,13649
0.0,13650
0.0,13651
0.0,13652
0.0,13653
0.0,13654
0.0,13655
0.0,13656
0.0,13657
0.0,13658
0.0,13659
0.0,13660
0.0,13661
0.0,13662
0.0,13663
0.0,13664
0.0,13665
0.0,13666
0.0,13667
0.0,13668
0.0,13669
0.0,13670
0.0,13671
0.0,13672
0.0,13673
0.0,13674
0.0,13675
0.0,13676
0.0,13677
0.0,13678
0.0,13679
0.0,13680
0.0,13681
0.0,13682
0.0,13683
0.0,13684
0.0,13685
0.0,13686
0.0,13687
0.0,13688
0.0,13689
0.0,13690
0.0,13691
0.0,13692
0.0,13693
0.0,13694
0.0,13695
0.0,13696
0.0,13697
0.0,13698
0.0,13699
0.0,13700
0.0,13701
0.0,13702
0.0,13703
0.0,13704
0.0,13705
0.0,13706
0.0,13707
0.0,13708
0.0,13709
0.0,13710
0.0,13711
0.0,13712
0.0,13713
0.0,13714
0.0,13715
0.0,13716
0.0,13717
0.0,13718
0.0,13719
0.0,13720
0.0,13721
0.0,13722
139.28870895507572,13723
0.0,13724
0.0,13725
0.0,13726
0.0,13727
0.0,13728
0.0,13729
0.0,13730
0.0,13731
0.0,13732
0.0,13733
0.0,13734
0.0,13735
0.0,13736
201.7998242983101,13737
0.0,13738
0.0,13739
0.0,13740
0.0,13741
3348.2699804561707,13742
0.0,13743
6184.536419828115,13744
0.0,13745
0.0,13746
0.0,13747
0.0,13748
0.0,13749
0.0,13750
0.0,13751
0.0,13752
0.0,13753
0.0,13754
0.0,13755
0.0,13756
0.0,13757
0.0,13758
0.0,13759
0.0,13760
0.0,13761
0.0,13762
0.0,13763
0.0,13764
0.0,13765
0.0,13766
0.0,13767
0.0,13768
0.0,13769
0.0,13770
0.0,13771
0.0,13772
0.0,13773
0.0,13774
0.0,13775
0.0,13776
0.0,13777
0.0,13778
5720.306736005138,13779
0.0,13780
0.0,13781
0.0,13782
0.0,13783
0.0,13784
0.0,13785
0.0,13786
0.0,13787
0.0,13788
0.0,13789
0.0,13790
0.0,13791
0.0,13792
0.0,13793
0.0,13794
0.0,13795
0.0,13796
0.0,13797
0.0,13798
828.012082723995,13799
0.0,13800
0.0,13801
0.0,13802
0.0,13803
0.0,13804
0.0,13805
0.0,13806
0.0,13807
0.0,13808
0.0,13809
0.0,13810
0.0,13811
0.0,13812
0.0,13813
0.0,13814
0.0,13815
0.0,13816
0.0,13817
0.0,13818
0.0,13819
0.0,13820
0.0,13821
0.0,13822
0.0,13823
0.0,13824
0.0,13825
0.0,13826
134.94910622717262,13827
0.0,13828
732.7121919250892,13829
0.0,13830
0.0,13831
0.0,13832
0.0,13833
0.0,13834
0.0,13835
0.0,13836
0.0,13837
0.0,13838
0.0,13839
0.0,13840
0.0,13841
0.0,13842
0.0,13843
0.0,13844
0.0,13845
0.0,13846
0.0,13847
0.0,13848
0.0,13849
0.0,13850
0.0,13851
0.0,13852
0.0,13853
791.581008036705,13854
0.0,13855
0.0,13856
0.0,13857
1307.8112690947178,13858
469.22050670654477,13859
0.0,13860
0.0,13861
0.0,13862
0.0,13863
1453.3519277358796,13864
0.0,13865
0.0,13866
135.55103785918033,13867
401.9618751202995,13868
0.0,13869
98.882429406867,13870
81.54325205191951,13871
0.0,13872
0.0,13873
0.0,13874
0.0,13875
0.0,13876
0.0,13877
0.0,13878
0.0,13879
0.0,13880
0.0,13881
0.0,13882
0.0,13883
0.0,13884
0.0,13885
0.0,13886
0.0,13887
0.0,13888
0.0,13889
0.0,13890
0.0,13891
0.0,13892
0.0,13893
0.0,13894
0.0,13895
0.0,13896
0.0,13897
0.0,13898
0.0,13899
0.0,13900
0.0,13901
17.49274788233318,13902
0.0,13903
0.0,13904
0.0,13905
0.0,13906
0.0,13907
0.0,13908
0.0,13909
0.0,13910
0.0,13911
0.0,13912
0.0,13913
0.0,13914
0.0,13915
0.0,13916
0.0,13917
0.0,13918
0.0,13919
0.0,13920
0.0,13921
0.0,13922
0.0,13923
0.0,13924
0.0,13925
0.0,13926
0.0,13927
0.0,13928
0.0,13929
0.0,13930
0.0,13931
0.0,13932
0.0,13933
0.0,13934
0.0,13935
0.0,13936
0.0,13937
0.0,13938
0.0,13939
0.0,13940
0.0,13941
0.0,13942
0.0,13943
0.0,13944
783.2236650035841,13945
0.0,13946
0.0,13947
0.0,13948
0.0,13949
89.72197543801093,13950
0.0,13951
0.0,13952
0.0,13953
0.0,13954
0.0,13955
0.0,13956
0.0,13957
97.09329634297089,13958
106.33857287946498,13959
0.0,13960
0.0,13961
0.0,13962
0.0,13963
0.0,13964
0.0,13965
0.0,13966
0.0,13967
0.0,13968
0.0,13969
0.0,13970
0.0,13971
0.0,13972
0.0,13973
0.0,13974
1515.165889539495,13975
1067.126927146923,13976
0.0,13977
0.0,13978
2545.937292411179,13979
0.0,13980
0.0,13981
460.42046225441146,13982
0.0,13983
2963.0719044975467,13984
1442.4198266594904,13985
0.0,13986
0.0,13987
229.7027689314999,13988
0.0,13989
0.0,13990
0.0,13991
0.0,13992
0.0,13993
0.0,13994
0.0,13995
0.0,13996
1232.41579870396,13997
566.2814795615494,13998
1222.2037937222694,13999
551.3752979533084,14000
1212.437020657775,14001
0.0,14002
0.0,14003
0.0,14004
3624.9908818838417,14005
0.0,14006
0.0,14007
0.0,14008
0.0,14009
0.0,14010
0.0,14011
0.0,14012
361.9351414147852,14013
303.4732473939852,14014
0.0,14015
0.0,14016
2169.0470989098594,14017
0.0,14018
0.0,14019
0.0,14020
108.08458406495883,14021
0.0,14022
0.0,14023
0.0,14024
0.0,14025
0.0,14026
0.0,14027
0.0,14028
0.0,14029
0.0,14030
0.0,14031
0.0,14032
0.0,14033
0.0,14034
0.0,14035
0.0,14036
0.0,14037
0.0,14038
0.0,14039
0.0,14040
729.2918297717466,14041
0.0,14042
577.7198015297802,14043
0.0,14044
0.0,14045
0.0,14046
0.0,14047
0.0,14048
405.7882375557821,14049
742.155441641759,14050
0.0,14051
0.0,14052
0.0,14053
0.0,14054
0.0,14055
750.1157906371382,14056
0.0,14057
0.0,14058
0.0,14059
0.0,14060
3019.722384712215,14061
0.0,14062
0.0,14063
0.0,14064
0.0,14065
0.0,14066
0.0,14067
0.0,14068
0.0,14069
0.0,14070
0.0,14071
0.0,14072
0.0,14073
0.0,14074
0.0,14075
0.0,14076
0.0,14077
0.0,14078
0.0,14079
3051.204225093768,14080
0.0,14081
0.0,14082
0.0,14083
0.0,14084
0.0,14085
0.0,14086
0.0,14087
0.0,14088
0.0,14089
0.0,14090
0.0,14091
0.0,14092
0.0,14093
0.0,14094
0.0,14095
0.0,14096
0.0,14097
0.0,14098
0.0,14099
0.0,14100
0.0,14101
0.0,14102
0.0,14103
0.0,14104
0.0,14105
2029.6367407628868,14106
0.0,14107
0.0,14108
0.0,14109
3608.15917429336,14110
0.0,14111
0.0,14112
0.0,14113
0.0,14114
0.0,14115
0.0,14116
0.0,14117
0.0,14118
0.0,14119
0.0,14120
0.0,14121
0.0,14122
0.0,14123
0.0,14124
0.0,14125
0.0,14126
0.0,14127
0.0,14128
0.0,14129
0.0,14130
0.0,14131
0.0,14132
0.0,14133
0.0,14134
0.0,14135
0.0,14136
0.0,14137
0.0,14138
0.0,14139
0.0,14140
0.0,14141
0.0,14142
0.0,14143
0.0,14144
0.0,14145
0.0,14146
0.0,14147
0.0,14148
0.0,14149
0.0,14150
0.0,14151
0.0,14152
0.0,14153
0.0,14154
0.0,14155
0.0,14156
0.0,14157
0.0,14158
0.0,14159
0.0,14160
216.6166315748303,14161
0.0,14162
0.0,14163
0.0,14164
0.0,14165
0.0,14166
0.0,14167
0.0,14168
0.0,14169
0.0,14170
825.7904625567282,14171
0.0,14172
508.47888136803317,14173
811.1347926852133,14174
0.0,14175
0.0,14176
799.5789077595596,14177
0.0,14178
0.0,14179
0.0,14180
0.0,14181
459.3809406462076,14182
0.0,14183
1005.464694131412,14184
0.0,14185
0.0,14186
0.0,14187
0.0,14188
0.0,14189
0.0,14190
0.0,14191
5058.967957081788,14192
0.0,14193
0.0,14194
0.0,14195
0.0,14196
0.0,14197
0.0,14198
0.0,14199
0.0,14200
0.0,14201
0.0,14202
0.0,14203
0.0,14204
0.0,14205
0.0,14206
0.0,14207
0.0,14208
0.0,14209
0.0,14210
0.0,14211
2711.378399180065,14212
0.0,14213
1320.1997415069595,14214
0.0,14215
2925.771685842833,14216
1921.6308827646396,14217
592.28111590405,14218
0.0,14219
0.0,14220
1905.6677091941299,14221
0.0,14222
158.18902118382928,14223
0.0,14224
0.0,14225
0.0,14226
0.0,14227
2481.8784610071502,14228
0.0,14229
3487.180609412522,14230
0.0,14231
0.0,14232
0.0,14233
0.0,14234
0.0,14235
0.0,14236
0.0,14237
0.0,14238
0.0,14239
0.0,14240
0.0,14241
0.0,14242
0.0,14243
0.0,14244
0.0,14245
0.0,14246
0.0,14247
0.0,14248
0.0,14249
0.0,14250
0.0,14251
0.0,14252
0.0,14253
0.0,14254
0.0,14255
0.0,14256
0.0,14257
0.0,14258
369.01980674130783,14259
4948.381533321053,14260
0.0,14261
0.0,14262
0.0,14263
0.0,14264
0.0,14265
0.0,14266
0.0,14267
0.0,14268
213.20683332333047,14269
0.0,14270
0.0,14271
0.0,14272
0.0,14273
0.0,14274
0.0,14275
0.0,14276
0.0,14277
0.0,14278
0.0,14279
0.0,14280
0.0,14281
0.0,14282
0.0,14283
0.0,14284
0.0,14285
0.0,14286
0.0,14287
0.0,14288
0.0,14289
0.0,14290
0.0,14291
0.0,14292
0.0,14293
0.0,14294
0.0,14295
0.0,14296
0.0,14297
1547.313386010432,14298
0.0,14299
0.0,14300
0.0,14301
0.0,14302
0.0,14303
0.0,14304
0.0,14305
0.0,14306
0.0,14307
0.0,14308
0.0,14309
0.0,14310
0.0,14311
974.2616648930082,14312
0.0,14313
0.0,14314
0.0,14315
0.0,14316
0.0,14317
0.0,14318
0.0,14319
0.0,14320
0.0,14321
132.11957979720052,14322
0.0,14323
0.0,14324
0.0,14325
0.0,14326
0.0,14327
0.0,14328
0.0,14329
0.0,14330
0.0,14331
0.0,14332
0.0,14333
0.0,14334
0.0,14335
2034.6004754344306,14336
0.0,14337
0.0,14338
0.0,14339
0.0,14340
0.0,14341
0.0,14342
0.0,14343
0.0,14344
0.0,14345
0.0,14346
0.0,14347
2232.962337339132,14348
0.0,14349
0.0,14350
0.0,14351
0.0,14352
0.0,14353
0.0,14354
0.0,14355
0.0,14356
0.0,14357
0.0,14358
0.0,14359
0.0,14360
0.0,14361
0.0,14362
2419.572725500865,14363
0.0,14364
146.09219594964995,14365
0.0,14366
393.10792014869696,14367
0.0,14368
0.0,14369
0.0,14370
0.0,14371
0.0,14372
0.0,14373
0.0,14374
528.670514474303,14375
0.0,14376
0.0,14377
0.0,14378
0.0,14379
0.0,14380
0.0,14381
0.0,14382
0.0,14383
0.0,14384
238.36634094220935,14385
0.0,14386
0.0,14387
0.0,14388
95.70577885701529,14389
0.0,14390
0.0,14391
0.0,14392
0.0,14393
0.0,14394
0.0,14395
536.0119300947371,14396
261.20250093784693,14397
281.52747440833247,14398
0.0,14399
0.0,14400
0.0,14401
0.0,14402
0.0,14403
0.0,14404
436.5494184716677,14405
427.04962479629273,14406
0.0,14407
414.9761665666857,14408
208.05847237481214,14409
0.0,14410
0.0,14411
402.01798715882006,14412
0.0,14413
0.0,14414
0.0,14415
0.0,14416
0.0,14417
0.0,14418
0.0,14419
0.0,14420
0.0,14421
0.0,14422
0.0,14423
0.0,14424
0.0,14425
759.5743432650731,14426
774.5369377205294,14427
449.48061267576975,14428
0.0,14429
0.0,14430
1682.998440485932,14431
0.0,14432
1526.2484350751963,14433
0.0,14434
0.0,14435
0.0,14436
1810.1162905939304,14437
0.0,14438
0.0,14439
0.0,14440
0.0,14441
0.0,14442
0.0,14443
0.0,14444
0.0,14445
0.0,14446
0.0,14447
0.0,14448
0.0,14449
0.0,14450
0.0,14451
0.0,14452
0.0,14453
0.0,14454
0.0,14455
0.0,14456
0.0,14457
0.0,14458
0.0,14459
0.0,14460
0.0,14461
0.0,14462
0.0,14463
0.0,14464
296.64543894084017,14465
303.0458653969506,14466
307.4608196606234,14467
0.0,14468
0.0,14469
0.0,14470
0.0,14471
0.0,14472
0.0,14473
0.0,14474
0.0,14475
0.0,14476
0.0,14477
0.0,14478
0.0,14479
0.0,14480
0.0,14481
0.0,14482
0.0,14483
0.0,14484
0.0,14485
0.0,14486
0.0,14487
0.0,14488
0.0,14489
0.0,14490
0.0,14491
0.0,14492
65.3196988216266,14493
0.0,14494
0.0,14495
0.0,14496
0.0,14497
0.0,14498
0.0,14499
0.0,14500
0.0,14501
0.0,14502
0.0,14503
0.0,14504
0.0,14505
0.0,14506
0.0,14507
0.0,14508
0.0,14509
0.0,14510
0.0,14511
0.0,14512
0.0,14513
0.0,14514
402.3921233110441,14515
332.06348305225305,14516
0.0,14517
0.0,14518
0.0,14519
0.0,14520
0.0,14521
0.0,14522
0.0,14523
0.0,14524
0.0,14525
498.0710805921549,14526
0.0,14527
514.4973029440679,14528
70.24046280693842,14529
507.38086028175456,14530
0.0,14531
519.6744999775758,14532
353.6013987446329,14533
0.0,14534
0.0,14535
0.0,14536
0.0,14537
0.0,14538
0.0,14539
709.4835048511653,14540
0.0,14541
0.0,14542
0.0,14543
0.0,14544
0.0,14545
10893.08586835512,14546
1017.4305242554489,14547
25.262081340607857,14548
0.0,14549
0.0,14550
0.0,14551
0.0,14552
0.0,14553
1050.3793077063638,14554
161.41831449432163,14555
0.0,14556
0.0,14557
1069.7889665079035,14558
0.0,14559
0.0,14560
0.0,14561
0.0,14562
0.0,14563
0.0,14564
0.0,14565
1722.8985963053915,14566
1063.495992561609,14567
1753.8320652905038,14568
0.0,14569
0.0,14570
0.0,14571
0.0,14572
0.0,14573
0.0,14574
0.0,14575
5573.347730605955,14576
0.0,14577
3763.447795671102,14578
0.0,14579
3244.8921430631003,14580
0.0,14581
692.1982223412401,14582
274.38428724239736,14583
0.0,14584
3528.1642656568997,14585
0.0,14586
0.0,14587
0.0,14588
692.9811125820175,14589
692.1278023049988,14590
2296.3080220401557,14591
0.0,14592
0.0,14593
939.3041909966827,14594
746.0208241652363,14595
1265.253380562784,14596
0.0,14597
0.0,14598
903.0696988763789,14599
402.9037595037827,14600
620.355443123983,14601
0.0,14602
0.0,14603
0.0,14604
0.0,14605
0.0,14606
0.0,14607
0.0,14608
0.0,14609
0.0,14610
0.0,14611
0.0,14612
0.0,14613
420.8863182097607,14614
0.0,14615
0.0,14616
0.0,14617
0.0,14618
0.0,14619
0.0,14620
3120.584722025351,14621
0.0,14622
0.0,14623
0.0,14624
0.0,14625
0.0,14626
0.0,14627
0.0,14628
3380.984618301181,14629
600.6599389336349,14630
599.7166589060489,14631
2870.832226205095,14632
0.0,14633
0.0,14634
0.0,14635
0.0,14636
0.0,14637
0.0,14638
0.0,14639
0.0,14640
0.0,14641
0.0,14642
0.0,14643
0.0,14644
793.4740497366096,14645
572.4868379011361,14646
0.0,14647
0.0,14648
0.0,14649
0.0,14650
0.0,14651
0.0,14652
0.0,14653
0.0,14654
0.0,14655
0.0,14656
0.0,14657
0.0,14658
0.0,14659
0.0,14660
0.0,14661
0.0,14662
0.0,14663
0.0,14664
0.0,14665
0.0,14666
903.0579609713111,14667
0.0,14668
0.0,14669
1120.9265812737985,14670
0.0,14671
0.0,14672
0.0,14673
0.0,14674
0.0,14675
0.0,14676
219.0338734622993,14677
1083.6654384261901,14678
94.01272221165273,14679
69.5378357560937,14680
0.0,14681
0.0,14682
0.0,14683
306.35049441936343,14684
1039.177376058347,14685
311.12431741444516,14686
0.0,14687
5626.431155721241,14688
0.0,14689
0.0,14690
0.0,14691
0.0,14692
0.0,14693
1041.8155036783496,14694
0.0,14695
0.0,14696
0.0,14697
0.0,14698
1056.9489126284122,14699
0.0,14700
2131.684268901716,14701
0.0,14702
0.0,14703
0.0,14704
0.0,14705
0.0,14706
0.0,14707
767.0921231899449,14708
1990.2007674725296,14709
0.0,14710
0.0,14711
103.75383368830653,14712
0.0,14713
0.0,14714
545.9614676427351,14715
2350.445432905725,14716
0.0,14717
0.0,14718
767.9800796413626,14719
0.0,14720
0.0,14721
0.0,14722
0.0,14723
402.23605477464633,14724
1933.0047564657661,14725
0.0,14726
383.21743933732324,14727
0.0,14728
0.0,14729
0.0,14730
0.0,14731
0.0,14732
1537.049085504957,14733
341.8676781644484,14734
1045.635038194761,14735
0.0,14736
0.0,14737
0.0,14738
0.0,14739
0.0,14740
0.0,14741
0.0,14742
3259.421481854901,14743
0.0,14744
0.0,14745
0.0,14746
0.0,14747
0.0,14748
0.0,14749
0.0,14750
0.0,14751
0.0,14752
6301.710311822113,14753
3829.7092481517266,14754
0.0,14755
0.0,14756
1096.624824433889,14757
277.551017897977,14758
0.0,14759
32.285205762328715,14760
0.0,14761
0.0,14762
0.0,14763
0.0,14764
463.2288239941606,14765
0.0,14766
0.0,14767
369.31074681305824,14768
0.0,14769
1364.3997205438225,14770
721.8918321835458,14771
6457.602334866733,14772
0.0,14773
0.0,14774
0.0,14775
0.0,14776
5101.611989902277,14777
0.0,14778
0.0,14779
0.0,14780
0.0,14781
7.728491772817759,14782
0.0,14783
0.0,14784
0.0,14785
0.0,14786
0.0,14787
0.0,14788
0.0,14789
0.0,14790
1333.3108622911097,14791
0.0,14792
0.0,14793
0.0,14794
0.0,14795
0.0,14796
0.0,14797
176.82836897727609,14798
161.2889207213907,14799
575.9381161641732,14800
2332.059661703135,14801
0.0,14802
0.0,14803
0.0,14804
0.0,14805
671.8764743235356,14806
1265.0738313277216,14807
0.0,14808
412.16163486174037,14809
0.0,14810
98.56125961372175,14811
12352.703862418402,14812
476.3362988351526,14813
0.0,14814
559.5105618804428,14815
0.0,14816
1308.5988680803428,14817
0.0,14818
0.0,14819
0.0,14820
80.46098871167935,14821
176.62281032355355,14822
325.070896514139,14823
1343.683705455782,14824
1162.0125482949425,14825
0.0,14826
0.0,14827
0.0,14828
3416.630979870141,14829
0.0,14830
3444.0807338621607,14831
3541.2242039443317,14832
3043.3512392139373,14833
164.14927013955224,14834
0.0,14835
0.0,14836
0.0,14837
20.392413234294363,14838
0.0,14839
0.0,14840
0.0,14841
0.0,14842
0.0,14843
0.0,14844
0.0,14845
0.0,14846
96.54233278433614,14847
0.0,14848
0.0,14849
2149.552580743146,14850
0.0,14851
0.0,14852
0.0,14853
1723.5293162892308,14854
1896.6661301494782,14855
396.33306573216953,14856
0.0,14857
1560.6026734283842,14858
498.2732228679522,14859
0.0,14860
0.0,14861
0.0,14862
3146.6770993947575,14863
620.148940413296,14864
0.0,14865
0.0,14866
0.0,14867
0.0,14868
1615.8453478531676,14869
1613.7740260363055,14870
1623.157044300222,14871
1607.2527129083142,14872
0.0,14873
4287.368902639636,14874
0.0,14875
3300.1903007875117,14876
0.0,14877
0.0,14878
0.0,14879
0.0,14880
0.0,14881
0.0,14882
0.0,14883
564.5279278600012,14884
1421.5096398599626,14885
1997.8893542599023,14886
1563.5853374605654,14887
0.0,14888
0.0,14889
0.0,14890
0.0,14891
0.0,14892
1108.8921844961444,14893
0.0,14894
0.0,14895
0.0,14896
0.0,14897
0.0,14898
0.0,14899
248.59059571730793,14900
0.0,14901
0.0,14902
0.0,14903
615.9377796194559,14904
0.0,14905
0.0,14906
0.0,14907
0.0,14908
1397.8303728010094,14909
0.0,14910
0.0,14911
0.0,14912
0.0,14913
0.0,14914
2746.526623328931,14915
0.0,14916
1209.2897324720348,14917
0.0,14918
0.0,14919
209.87432151250096,14920
3130.65543346877,14921
1362.1486700758442,14922
1354.828794134401,14923
0.0,14924
1749.3468657239155,14925
1.529941356408402,14926
2686.1984510286984,14927
150.52055250492353,14928
438.7178807137917,14929
0.0,14930
0.0,14931
1340.9192603416502,14932
0.0,14933
0.0,14934
0.0,14935
0.0,14936
2000.912496418453,14937
1604.511459531343,14938
281.2985120139419,14939
0.0,14940
971.025259888671,14941
0.0,14942
55.96064774533897,14943
53.03096026237604,14944
0.0,14945
324.85933377284545,14946
27.87416008556342,14947
0.0,14948
0.0,14949
0.0,14950
1689.7806776292155,14951
0.0,14952
1158.7761385881893,14953
1156.7971145876122,14954
2302.268585699451,14955
1575.3853316193506,14956
0.0,14957
2028.55104607234,14958
0.0,14959
0.0,14960
0.0,14961
0.0,14962
0.0,14963
0.0,14964
0.0,14965
0.0,14966
0.0,14967
2148.113139147397,14968
0.0,14969
0.0,14970
1409.8291984673604,14971
2051.3473195682873,14972
0.0,14973
0.0,14974
0.0,14975
603.0185640356258,14976
0.0,14977
0.0,14978
0.0,14979
0.0,14980
0.0,14981
2518.688514093648,14982
0.0,14983
0.0,14984
0.0,14985
121.55298172569522,14986
0.0,14987
1689.8054591977736,14988
1085.8412042330717,14989
1.8699020502845711,14990
0.0,14991
0.0,14992
1742.9837139701497,14993
1090.3676346402026,14994
1462.8854201953825,14995
0.0,14996
1985.672432408035,14997
0.0,14998
3006.937979579458,14999
0.0,15000
0.0,15001
0.0,15002
8627.109238898016,15003
68.09947824244927,15004
0.0,15005
0.0,15006
0.0,15007
0.0,15008
0.0,15009
7382.953129808789,15010
116.86365070654479,15011
241.97266968915773,15012
0.0,15013
0.0,15014
0.0,15015
4960.067721351975,15016
0.0,15017
3170.493465625953,15018
0.0,15019
1607.1037513330748,15020
0.0,15021
325.4687125627677,15022
0.0,15023
0.0,15024
323.0259562671259,15025
0.0,15026
0.0,15027
0.0,15028
0.0,15029
0.0,15030
0.0,15031
3741.754305840262,15032
4949.320971089586,15033
483.45869400076606,15034
0.0,15035
0.0,15036
0.0,15037
0.0,15038
0.0,15039
3516.9367165627236,15040
3129.698343134979,15041
0.0,15042
0.0,15043
0.0,15044
0.0,15045
0.0,15046
0.0,15047
0.0,15048
0.0,15049
1242.5314242368763,15050
0.0,15051
0.0,15052
810.9459948221397,15053
815.031416013197,15054
818.5079429041858,15055
0.0,15056
1745.6768187478704,15057
2260.199878511042,15058
826.4007970022042,15059
0.0,15060
0.0,15061
719.4848278054192,15062
0.0,15063
0.0,15064
0.0,15065
4.711269193757546,15066
691.3255963176605,15067
0.0,15068
0.0,15069
940.2042702094705,15070
424.76751268066,15071
0.0,15072
423.58483885545826,15073
1190.1152746771356,15074
0.0,15075
0.0,15076
0.0,15077
0.0,15078
0.0,15079
1228.3174138082784,15080
1535.062833205812,15081
446.0782941283088,15082
0.0,15083
0.0,15084
0.0,15085
0.0,15086
130.2679257405371,15087
0.0,15088
0.0,15089
307.9804259044084,15090
0.0,15091
0.0,15092
0.0,15093
0.0,15094
0.0,15095
0.0,15096
0.0,15097
1118.1721567684722,15098
0.0,15099
0.0,15100
0.0,15101
818.0774436171386,15102
1847.8636128707974,15103
344.2732640543302,15104
0.0,15105
0.0,15106
0.0,15107
0.0,15108
6066.520981011525,15109
0.0,15110
0.0,15111
0.0,15112
0.0,15113
0.0,15114
929.6676112470059,15115
935.4681521663099,15116
0.0,15117
0.0,15118
0.0,15119
0.0,15120
0.0,15121
0.0,15122
0.0,15123
0.0,15124
0.0,15125
0.0,15126
0.0,15127
0.0,15128
0.0,15129
0.0,15130
0.0,15131
0.0,15132
0.0,15133
0.0,15134
0.0,15135
0.0,15136
0.0,15137
0.0,15138
0.0,15139
0.0,15140
0.0,15141
0.0,15142
0.0,15143
3206.4897056172445,15144
0.0,15145
0.0,15146
0.0,15147
0.0,15148
0.0,15149
0.0,15150
0.0,15151
2451.651906301351,15152
0.0,15153
0.0,15154
0.0,15155
0.0,15156
0.0,15157
953.1457449118836,15158
0.0,15159
298.71428145243294,15160
0.0,15161
1257.0176022674718,15162
1243.8540577284498,15163
0.0,15164
0.0,15165
0.0,15166
0.0,15167
0.0,15168
0.0,15169
0.0,15170
395.1079244941259,15171
425.71748466213825,15172
0.0,15173
0.0,15174
0.0,15175
0.0,15176
1053.4733260072521,15177
0.0,15178
0.0,15179
0.0,15180
1029.3464340548644,15181
0.0,15182
1226.8483818526984,15183
0.0,15184
0.0,15185
0.0,15186
0.0,15187
0.0,15188
0.0,15189
0.0,15190
313.3784084077924,15191
344.59431766613324,15192
376.8350976397453,15193
0.0,15194
0.0,15195
0.0,15196
1368.9374036692502,15197
0.0,15198
744.3523799325171,15199
0.0,15200
423.8786916869396,15201
0.0,15202
482.32212399991585,15203
0.0,15204
0.0,15205
0.0,15206
0.0,15207
0.0,15208
0.0,15209
0.0,15210
0.0,15211
0.0,15212
1744.5000805499967,15213
1747.4019919442846,15214
0.0,15215
1773.4702910499252,15216
0.0,15217
1797.345570914428,15218
0.0,15219
0.0,15220
0.0,15221
0.0,15222
0.0,15223
0.0,15224
0.0,15225
0.0,15226
1819.2877497144382,15227
1839.5302201156808,15228
0.0,15229
0.0,15230
0.0,15231
284.8739700130033,15232
3007.772969752064,15233
0.0,15234
0.0,15235
0.0,15236
0.0,15237
0.0,15238
0.0,15239
0.0,15240
0.0,15241
2760.596485315128,15242
0.0,15243
923.9019551973843,15244
0.0,15245
0.0,15246
0.0,15247
0.0,15248
0.0,15249
0.0,15250
1500.658750791791,15251
0.0,15252
0.0,15253
0.0,15254
0.0,15255
0.0,15256
0.0,15257
0.0,15258
0.0,15259
0.0,15260
0.0,15261
0.0,15262
0.0,15263
0.0,15264
3254.3415107198075,15265
0.0,15266
0.0,15267
0.0,15268
0.0,15269
0.0,15270
0.0,15271
1769.595235174451,15272
0.0,15273
0.0,15274
0.0,15275
941.1338558918484,15276
0.0,15277
1655.1870448642994,15278
0.0,15279
0.0,15280
0.0,15281
0.0,15282
0.0,15283
1457.772528066859,15284
0.0,15285
0.0,15286
0.0,15287
0.0,15288
0.0,15289
0.0,15290
0.0,15291
0.0,15292
0.0,15293
0.0,15294
0.0,15295
2207.634092792179,15296
0.0,15297
0.0,15298
0.0,15299
0.0,15300
0.0,15301
0.0,15302
0.0,15303
0.0,15304
0.0,15305
0.0,15306
0.0,15307
0.0,15308
0.0,15309
290.68374462351665,15310
120.19906691031682,15311
0.0,15312
0.0,15313
0.0,15314
0.0,15315
0.0,15316
0.0,15317
0.0,15318
1165.4833715471395,15319
0.0,15320
0.0,15321
0.0,15322
0.0,15323
0.0,15324
0.0,15325
0.0,15326
0.0,15327
0.0,15328
0.0,15329
2946.9808150047297,15330
0.0,15331
557.9390191303803,15332
4689.588787310884,15333
562.6725827144863,15334
514.269281248708,15335
498.88460371613166,15336
483.6205830745267,15337
372.60941414858434,15338
1348.2636435783083,15339
484.5472392357406,15340
0.0,15341
0.0,15342
340.69406922311896,15343
1336.253561815648,15344
0.0,15345
0.0,15346
0.0,15347
303.322650956043,15348
2073.504259275313,15349
1339.687806011549,15350
293.11119426048555,15351
0.0,15352
5081.581019901647,15353
0.0,15354
0.0,15355
0.0,15356
0.0,15357
0.0,15358
0.0,15359
0.0,15360
0.0,15361
1343.2411797168597,15362
1242.0372253389235,15363
0.0,15364
2063.520648553806,15365
2391.751817299134,15366
0.0,15367
2842.845774045461,15368
2850.4822584671047,15369
8.80029693282194,15370
0.0,15371
317.15505231475663,15372
0.0,15373
445.9227876995336,15374
0.0,15375
23.23625584229511,15376
711.277172150168,15377
2008.202963548009,15378
0.0,15379
2015.1652865913052,15380
2021.8283719150788,15381
0.0,15382
2028.3584679925268,15383
435.4142670868468,15384
2025.6263688856013,15385
1581.5850254469362,15386
0.0,15387
1587.0253156059753,15388
1591.8779194485337,15389
675.9882260720433,15390
1584.9459417191106,15391
2363.2839232807505,15392
0.0,15393
554.0715886215687,15394
560.0162641646191,15395
0.0,15396
656.1614348044649,15397
0.0,15398
553.7992362757714,15399
0.0,15400
0.0,15401
558.026023952689,15402
0.0,15403
0.0,15404
0.0,15405
561.7913226182134,15406
2045.9998558679097,15407
1068.6241129970904,15408
0.0,15409
0.0,15410
0.0,15411
4390.9982538578215,15412
0.0,15413
581.2718911368167,15414
583.7128549791043,15415
0.0,15416
585.1941373769567,15417
586.0077794253978,15418
0.0,15419
586.345297075452,15420
0.0,15421
586.3168865372129,15422
0.0,15423
0.0,15424
585.9724919041417,15425
585.3234000533591,15426
0.0,15427
0.0,15428
584.3605672667886,15429
0.0,15430
0.0,15431
583.0673626895464,15432
581.4267215877833,15433
579.4241488793476,15434
0.0,15435
0.0,15436
0.0,15437
0.0,15438
577.0483562091268,15439
0.0,15440
0.0,15441
574.2909595174493,15442
0.0,15443
0.0,15444
0.0,15445
0.0,15446
0.0,15447
0.0,15448
0.0,15449
0.0,15450
571.1460817802373,15451
567.6101972393558,15452
647.4077292927415,15453
575.8366105730121,15454
0.0,15455
452.06635539505606,15456
0.0,15457
0.0,15458
0.0,15459
0.0,15460
0.0,15461
0.0,15462
563.3249728166144,15463
557.3904391922695,15464
0.0,15465
0.0,15466
551.2944933727837,15467
0.0,15468
544.9377087132651,15469
0.0,15470
0.0,15471
0.0,15472
0.0,15473
0.0,15474
0.0,15475
0.0,15476
538.2638575644229,15477
0.0,15478
0.0,15479
0.0,15480
0.0,15481
0.0,15482
0.0,15483
990.6048836511064,15484
559.20477243099,15485
0.0,15486
192.07336049220444,15487
0.0,15488
511.68523086499295,15489
0.0,15490
505.30023842923,15491
0.0,15492
499.0245306727862,15493
1141.4906910741204,15494
0.0,15495
0.0,15496
0.0,15497
150.82992178044603,15498
473.08793155294524,15499
0.0,15500
0.0,15501
0.0,15502
468.38042331721334,15503
118.69484673351901,15504
0.0,15505
0.0,15506
2.890758673311464,15507
78.71811910406836,15508
0.0,15509
56.70701987170678,15510
62.548540590172074,15511
0.0,15512
0.0,15513
0.0,15514
0.0,15515
0.0,15516
1969.9598657876147,15517
447.3640779627747,15518
0.0,15519
0.0,15520
0.0,15521
0.0,15522
0.0,15523
315.2900397513358,15524
439.18323291087506,15525
28.99389666245848,15526
432.33230195168994,15527
430.85963409295346,15528
0.0,15529
0.0,15530
0.0,15531
2340.223549533607,15532
49.89895990619958,15533
3179.624158428146,15534
0.0,15535
0.0,15536
297.6428972947685,15537
3.709971793346402,15538
0.0,15539
0.0,15540
0.0,15541
1.467894700796785,15542
0.0,15543
0.0,15544
271.2085553107109,15545
0.0,15546
0.0,15547
0.03689995907629448,15548
0.0,15549
0.01227536176152879,15550
1657.8557097615242,15551
0.0,15552
0.0,15553
0.0,15554
2.7473876991740385,15555
2927.668184690617,15556
0.11815418784349395,15557
0.0,15558
0.0,15559
0.03930588097343943,15560
0.0,15561
268.97342879632004,15562
270.39225943301824,15563
0.0,15564
0.0,15565
272.27214641044446,15566
0.0,15567
0.0,15568
274.4448548732654,15569
0.0,15570
0.0,15571
0.0,15572
0.0,15573
318.77882617952855,15574
0.0,15575
282.79174158406283,15576
0.0,15577
1666.9648987534197,15578
0.0,15579
0.0,15580
283.62371753781633,15581
3765.8542401106724,15582
851.1859266586503,15583
787.3110923456811,15584
788.0318584405641,15585
0.0,15586
790.2176457301551,15587
1721.219622261223,15588
0.0,15589
0.0,15590
0.0,15591
755.4714408110899,15592
0.0,15593
122.93104753490624,15594
0.0,15595
0.0,15596
120.0252177850788,15597
0.0,15598
0.0,15599
0.0,15600
0.0,15601
0.0,15602
114.98924332985254,15603
0.0,15604
0.0,15605
0.0,15606
0.0,15607
0.0,15608
0.0,15609
108.4041210501512,15610
0.0,15611
0.0,15612
1913.243765383636,15613
840.6329370331598,15614
1013.662992900828,15615
0.0,15616
0.0,15617
0.0,15618
0.0,15619
0.0,15620
0.0,15621
0.0,15622
0.0,15623
0.0,15624
0.0,15625
0.0,15626
0.0,15627
0.0,15628
0.0,15629
0.0,15630
3749.8890258472384,15631
0.0,15632
0.0,15633
1538.7801373162722,15634
1662.2038548795226,15635
519.1942545821896,15636
2.8367315686058006,15637
0.0,15638
2194.640981804864,15639
0.0,15640
3636.1433342151768,15641
0.0,15642
605.5694375418097,15643
613.9144166542748,15644
161.01357561667186,15645
140.92120938137867,15646
856.1869058562689,15647
0.0,15648
65.28588623179905,15649
1372.5895047517474,15650
0.0,15651
1552.306631390805,15652
1538.7720983628594,15653
1524.8038816294984,15654
0.0,15655
0.0,15656
0.0,15657
1729.075807601711,15658
0.0,15659
0.0,15660
211.20364556756465,15661
0.0,15662
1189.271188479319,15663
751.9663755311137,15664
0.0,15665
0.0,15666
0.0,15667
950.0637445543548,15668
1405.46977006346,15669
0.0,15670
2088.0101639296927,15671
116.82843600849948,15672
1219.061412501373,15673
2732.065182075251,15674
0.0,15675
0.0,15676
268.3542983637085,15677
3967.2679933634054,15678
0.0,15679
1208.9788874580306,15680
1559.1759703600824,15681
2585.521603846601,15682
968.2971893819961,15683
0.0,15684
2241.595613105955,15685
1928.6850691659479,15686
2694.9201035268925,15687
1073.1544160003805,15688
1129.5909782603244,15689
1726.84157140459,15690
0.0,15691
1719.967232413806,15692
3321.133508086462,15693
1284.9726271677955,15694
678.7153321642862,15695
0.0,15696
0.0,15697
0.0,15698
46.95130498733091,15699
0.0,15700
0.0,15701
8.428907521929077,15702
1697.3735667020435,15703
1687.0110962829306,15704
0.0,15705
0.0,15706
477.51575841535316,15707
0.0,15708
1044.075123795479,15709
482.5831436202371,15710
0.0,15711
0.0,15712
277.0773487967956,15713
0.0,15714
0.0,15715
0.0,15716
0.0,15717
0.0,15718
0.0,15719
0.0,15720
0.0,15721
1733.6057972368333,15722
1735.3886535659078,15723
1735.6020990475724,15724
0.0,15725
0.0,15726
0.0,15727
1014.6599973595098,15728
0.0,15729
0.0,15730
0.0,15731
2294.6499146493206,15732
0.0,15733
297.4455319786964,15734
0.0,15735
2294.3018682725183,15736
0.0,15737
0.0,15738
0.0,15739
2295.9174170840847,15740
2296.8791125514936,15741
3836.1933426551195,15742
2298.4823936127173,15743
3190.640715922702,15744
0.0,15745
0.0,15746
0.0,15747
0.0,15748
0.0,15749
0.0,15750
0.0,15751
0.0,15752
0.0,15753
1223.147547928583,15754
0.0,15755
0.0,15756
0.0,15757
0.0,15758
0.0,15759
0.0,15760
0.0,15761
0.0,15762
0.0,15763
0.0,15764
0.0,15765
0.0,15766
0.0,15767
0.0,15768
0.0,15769
0.0,15770
0.0,15771
0.0,15772
0.0,15773
0.0,15774
0.0,15775
0.0,15776
6164.792303759074,15777
0.0,15778
0.0,15779
0.0,15780
0.0,15781
0.0,15782
1938.3093947233187,15783
678.713244644792,15784
89.53810012505383,15785
0.0,15786
0.0,15787
0.0,15788
73.35604983114972,15789
1046.9509230450071,15790
50.142686866976824,15791
0.0,15792
0.0,15793
0.0,15794
0.0,15795
0.0,15796
0.0,15797
0.0,15798
0.0,15799
0.0,15800
0.0,15801
0.0,15802
0.0,15803
0.0,15804
0.0,15805
0.0,15806
0.0,15807
0.0,15808
0.0,15809
1163.9382248296986,15810
0.0,15811
0.0,15812
0.0,15813
0.0,15814
0.0,15815
0.0,15816
0.0,15817
1779.0161002864622,15818
1789.4238308820916,15819
0.0,15820
0.0,15821
0.0,15822
0.0,15823
0.0,15824
0.0,15825
2021.6303180797088,15826
0.0,15827
0.0,15828
0.0,15829
2994.188645208283,15830
2021.982305827409,15831
0.0,15832
0.0,15833
0.0,15834
0.0,15835
0.0,15836
0.0,15837
0.0,15838
0.0,15839
0.0,15840
0.0,15841
0.0,15842
0.0,15843
561.8708141029927,15844
0.0,15845
0.0,15846
0.0,15847
0.0,15848
0.0,15849
0.0,15850
2603.7923898781637,15851
0.0,15852
0.0,15853
1475.9892210349808,15854
1490.671369346248,15855
1507.2571669244574,15856
1299.8897298666118,15857
0.0,15858
1203.8319051982724,15859
0.0,15860
0.0,15861
0.0,15862
946.3316742627532,15863
952.2378436110739,15864
1041.0095816837159,15865
0.0,15866
845.8023968075598,15867
0.0,15868
963.8317393289647,15869
964.825202808343,15870
0.0,15871
101.92878302536872,15872
424.49236718682977,15873
0.0,15874
0.0,15875
0.0,15876
0.0,15877
0.0,15878
1889.975636847866,15879
0.0,15880
0.0,15881
2013.0204836999212,15882
0.0,15883
1426.061581641063,15884
0.0,15885
0.0,15886
1461.8021131176743,15887
0.0,15888
1466.9688368745572,15889
1371.6355184362749,15890
412.308934351135,15891
0.0,15892
0.0,15893
0.0,15894
0.0,15895
0.0,15896
0.0,15897
0.0,15898
0.0,15899
0.0,15900
801.2614607217649,15901
0.0,15902
839.0248745936966,15903
1074.2876089056588,15904
0.0,15905
1589.05038784961,15906
1602.4471601602859,15907
1617.0675070971067,15908
1384.5993402371662,15909
0.0,15910
0.0,15911
0.0,15912
0.0,15913
0.0,15914
0.0,15915
0.0,15916
0.0,15917
0.0,15918
0.0,15919
0.0,15920
0.0,15921
0.0,15922
0.0,15923
0.0,15924
0.0,15925
0.0,15926
0.0,15927
0.0,15928
75.92439509153398,15929
0.0,15930
0.0,15931
0.0,15932
0.0,15933
0.0,15934
0.0,15935
0.0,15936
0.0,15937
0.0,15938
0.0,15939
0.0,15940
0.0,15941
0.0,15942
0.0,15943
2.466902546593695,15944
1693.8614637986773,15945
4762.598807768405,15946
0.0,15947
787.6586401036132,15948
0.0,15949
0.0,15950
0.0,15951
0.0,15952
0.0,15953
0.0,15954
0.0,15955
0.0,15956
0.0,15957
0.0,15958
0.0,15959
0.0,15960
0.0,15961
0.0,15962
0.0,15963
0.0,15964
0.0,15965
0.0,15966
0.0,15967
0.0,15968
0.0,15969
0.0,15970
0.0,15971
0.0,15972
0.0,15973
0.0,15974
0.0,15975
0.0,15976
0.0,15977
0.0,15978
0.0,15979
0.0,15980
0.0,15981
0.0,15982
0.0,15983
0.0,15984
0.0,15985
0.0,15986
0.0,15987
0.0,15988
0.0,15989
0.0,15990
0.0,15991
0.0,15992
295.50781077690255,15993
0.0,15994
0.0,15995
0.0,15996
0.0,15997
0.0,15998
0.0,15999
0.0,16000
0.0,16001
0.0,16002
0.0,16003
0.0,16004
0.0,16005
0.0,16006
0.0,16007
0.0,16008
0.0,16009
0.0,16010
0.0,16011
0.0,16012
0.0,16013
0.0,16014
0.0,16015
0.0,16016
0.0,16017
0.0,16018
0.0,16019
0.0,16020
0.0,16021
0.0,16022
0.0,16023
0.0,16024
0.0,16025
0.0,16026
0.0,16027
0.0,16028
0.0,16029
0.0,16030
0.0,16031
0.0,16032
0.0,16033
0.0,16034
0.0,16035
0.0,16036
0.0,16037
0.0,16038
0.0,16039
0.0,16040
1825.626056801871,16041
695.5583865107482,16042
0.0,16043
0.0,16044
0.0,16045
0.0,16046
0.0,16047
1311.7322443534006,16048
0.0,16049
0.0,16050
0.0,16051
0.0,16052
0.0,16053
0.0,16054
0.0,16055
0.0,16056
0.0,16057
0.0,16058
0.0,16059
0.0,16060
0.0,16061
0.0,16062
0.0,16063
0.0,16064
0.0,16065
0.0,16066
0.0,16067
0.0,16068
0.0,16069
0.0,16070
0.0,16071
1249.9623939546527,16072
0.0,16073
0.0,16074
0.0,16075
0.0,16076
0.0,16077
0.0,16078
0.0,16079
0.0,16080
0.0,16081
0.0,16082
0.0,16083
500.41445358933356,16084
0.0,16085
0.0,16086
0.0,16087
487.9803160092733,16088
0.0,16089
0.0,16090
0.0,16091
0.0,16092
0.0,16093
0.0,16094
0.0,16095
0.0,16096
0.0,16097
457.87952322918187,16098
0.0,16099
0.0,16100
0.0,16101
0.0,16102
0.0,16103
0.0,16104
0.0,16105
2874.982790807468,16106
2860.6000782679353,16107
0.0,16108
291.620694653774,16109
296.2232331559597,16110
302.29778173271694,16111
309.31903641570494,16112
1586.4756547481284,16113
0.0,16114
0.0,16115
0.0,16116
0.0,16117
0.0,16118
0.0,16119
0.0,16120
0.0,16121
0.0,16122
0.0,16123
0.0,16124
0.0,16125
0.0,16126
0.0,16127
0.0,16128
0.0,16129
0.0,16130
0.0,16131
0.0,16132
0.0,16133
0.0,16134
0.0,16135
0.0,16136
0.0,16137
893.1452583897969,16138
662.0820331096139,16139
0.0,16140
0.0,16141
0.0,16142
0.0,16143
0.0,16144
0.0,16145
0.0,16146
0.0,16147
0.0,16148
0.0,16149
0.0,16150
0.0,16151
3317.0540480008103,16152
0.0,16153
0.0,16154
0.0,16155
0.0,16156
0.0,16157
0.0,16158
760.4018634428521,16159
0.0,16160
0.0,16161
0.0,16162
0.0,16163
0.0,16164
0.0,16165
0.0,16166
0.0,16167
0.0,16168
0.0,16169
0.0,16170
0.0,16171
12747.738825762097,16172
0.0,16173
0.0,16174
270.51399941925695,16175
0.0,16176
2812.4155359432084,16177
0.0,16178
0.0,16179
0.0,16180
0.0,16181
0.0,16182
0.0,16183
0.0,16184
0.0,16185
0.0,16186
0.0,16187
0.0,16188
0.0,16189
38.594186913722815,16190
0.0,16191
179.77451975473147,16192
0.0,16193
212.85025219952402,16194
0.0,16195
0.0,16196
437.8405917809248,16197
0.0,16198
249.3985843949903,16199
0.0,16200
0.0,16201
1445.4912231885003,16202
1428.6917151552866,16203
0.0,16204
0.0,16205
801.6011522330894,16206
2206.1178563937483,16207
0.0,16208
0.0,16209
756.8394008637409,16210
0.0,16211
0.0,16212
0.0,16213
0.0,16214
0.0,16215
0.0,16216
0.0,16217
0.0,16218
0.0,16219
0.0,16220
0.0,16221
65.32002179109662,16222
0.0,16223
0.0,16224
0.0,16225
0.0,16226
0.0,16227
0.0,16228
0.0,16229
0.0,16230
0.0,16231
0.0,16232
0.0,16233
0.0,16234
0.0,16235
0.0,16236
0.0,16237
0.07198456674360199,16238
0.023946817832069818,16239
0.007966292084616008,16240
0.0,16241
810.1682985433076,16242
0.0,16243
0.0,16244
271.9415527705892,16245
0.0,16246
0.0,16247
0.0,16248
0.0,16249
0.0,16250
0.0,16251
0.0,16252
0.0,16253
0.0,16254
0.0,16255
0.0,16256
0.0,16257
0.0,16258
360.96649937053513,16259
0.0,16260
652.6120452520775,16261
711.9819727658746,16262
0.0,16263
347.02563159546133,16264
0.0,16265
0.0,16266
350.3863792202898,16267
463.98911085195977,16268
0.0,16269
2948.2160920100173,16270
0.0,16271
656.8881685036532,16272
24.3046534629037,16273
0.0,16274
0.0,16275
111.54449408518038,16276
998.0852189808535,16277
0.0,16278
0.0,16279
5201.03060266453,16280
4980.535634435312,16281
1486.2316423486561,16282
0.0,16283
0.0,16284
1667.1279075038176,16285
0.0,16286
1097.9830566130606,16287
2187.0335192719117,16288
0.0,16289
0.0,16290
0.0,16291
0.0,16292
0.0,16293
0.0,16294
0.0,16295
0.0,16296
0.0,16297
0.0,16298
0.0,16299
0.0,16300
0.0,16301
0.0,16302
360.8483010262044,16303
0.0,16304
0.0,16305
0.0,16306
0.0,16307
0.0,16308
0.0,16309
0.0,16310
0.0,16311
0.0,16312
0.0,16313
0.0,16314
0.0,16315
0.0,16316
0.0,16317
0.0,16318
0.0,16319
0.0,16320
0.0,16321
0.0,16322
0.0,16323
0.0,16324
0.0,16325
0.0,16326
0.0,16327
0.0,16328
0.0,16329
0.0,16330
0.0,16331
0.0,16332
531.9380101161231,16333
0.0,16334
0.0,16335
0.0,16336
35.281635386318,16337
0.0,16338
44.36289096696324,16339
0.0,16340
1495.5151521676326,16341
1208.3781692585671,16342
0.0,16343
1040.8233290757669,16344
2542.1714626502685,16345
1418.8440552309926,16346
1418.2269859855655,16347
0.0,16348
2311.0692290151237,16349
2545.406533740154,16350
1670.2071458880202,16351
48.28802030775973,16352
0.0,16353
0.0,16354
0.0,16355
0.0,16356
4176.772880443699,16357
0.0,16358
0.0,16359
0.0,16360
0.0,16361
0.0,16362
0.0,16363
0.0,16364
0.0,16365
157.2646570616341,16366
0.0,16367
0.0,16368
0.0,16369
0.0,16370
1374.9721780675586,16371
0.0,16372
0.0,16373
361.54940063995673,16374
3278.531446483514,16375
855.0884655647307,16376
0.0,16377
1944.0894215608046,16378
0.0,16379
0.0,16380
0.0,16381
356.9927162742809,16382
0.0,16383
0.0,16384
0.0,16385
0.0,16386
0.0,16387
0.0,16388
0.0,16389
0.0,16390
0.0,16391
0.0,16392
0.0,16393
0.0,16394
0.0,16395
0.0,16396
0.0,16397
0.0,16398
0.0,16399
0.0,16400
0.0,16401
229.03139181112456,16402
1227.6999782092653,16403
0.0,16404
669.4182695695923,16405
0.0,16406
0.0,16407
2027.7955252083627,16408
0.0,16409
2109.1575592388435,16410
535.951693123366,16411
0.0,16412
0.0,16413
0.0,16414
0.0,16415
0.0,16416
0.0,16417
0.0,16418
0.0,16419
1528.7653438982416,16420
0.0,16421
0.0,16422
0.0,16423
2205.1094651218673,16424
2784.782097013945,16425
0.0,16426
0.0,16427
0.0,16428
0.0,16429
0.0,16430
0.0,16431
563.66638031875,16432
0.0,16433
1611.823324814597,16434
0.0,16435
2492.3415902211223,16436
0.0,16437
0.0,16438
0.0,16439
0.0,16440
0.0,16441
0.0,16442
0.0,16443
0.0,16444
0.0,16445
0.0,16446
3938.91082588758,16447
0.0,16448
465.72151636053763,16449
0.0,16450
0.0,16451
2753.9580674242457,16452
0.0,16453
538.6613047924245,16454
252.96680701333395,16455
246.920655982417,16456
0.0,16457
0.0,16458
3704.9094929151247,16459
0.0,16460
0.0,16461
308.0739434496898,16462
0.0,16463
0.0,16464
0.0,16465
2858.2341070714324,16466
489.6623307902606,16467
0.0,16468
361.05960549617356,16469
493.82056069393116,16470
375.42370570285436,16471
391.21201110721125,16472
405.66700309686973,16473
0.0,16474
0.0,16475
2917.7083353315797,16476
2899.9591842268073,16477
2879.8880618412545,16478
191.34667268108166,16479
208.13913115299277,16480
149.1123123138915,16481
0.0,16482
0.0,16483
0.0,16484
0.0,16485
0.0,16486
0.0,16487
0.0,16488
0.0,16489
0.0,16490
0.0,16491
0.0,16492
0.0,16493
0.0,16494
0.0,16495
0.0,16496
0.0,16497
0.0,16498
0.0,16499
0.0,16500
0.0,16501
301.7030853575039,16502
0.0,16503
0.0,16504
0.0,16505
0.0,16506
0.0,16507
0.0,16508
0.0,16509
0.0,16510
0.0,16511
0.0,16512
0.0,16513
0.0,16514
0.0,16515
0.0,16516
0.0,16517
0.0,16518
0.0,16519
0.0,16520
2881.1885888599872,16521
0.0,16522
0.0,16523
1671.4392458076738,16524
0.0,16525
0.0,16526
0.0,16527
2403.293266776278,16528
0.0,16529
203.15060700322357,16530
0.0,16531
0.0,16532
5231.469936140168,16533
0.0,16534
907.2434902116481,16535
0.0,16536
0.0,16537
0.0,16538
729.1255107391014,16539
0.0,16540
0.0,16541
1671.3995464686552,16542
0.0,16543
0.0,16544
0.0,16545
1666.1135359173622,16546
0.0,16547
0.0,16548
0.0,16549
291.87571543836304,16550
1144.3209472455417,16551
1302.8158079402058,16552
1156.0715155850844,16553
1906.2414188538555,16554
2410.463483042641,16555
0.0,16556
0.0,16557
0.0,16558
0.0,16559
54.98403066259242,16560
1399.0442449414186,16561
330.21279503077125,16562
0.0,16563
1425.2011552402198,16564
988.8717386245125,16565
0.0,16566
0.0,16567
0.0,16568
0.0,16569
0.0,16570
545.0602843329455,16571
1004.8524108375431,16572
0.0,16573
0.0,16574
1015.1080931534798,16575
0.0,16576
0.0,16577
0.0,16578
0.0,16579
0.0,16580
0.0,16581
0.0,16582
1025.7427341739153,16583
0.0,16584
0.0,16585
0.0,16586
0.0,16587
0.0,16588
0.0,16589
792.9492335285674,16590
0.0,16591
0.0,16592
0.0,16593
0.0,16594
0.0,16595
0.0,16596
0.0,16597
0.0,16598
0.0,16599
0.0,16600
0.0,16601
0.0,16602
0.0,16603
0.0,16604
0.0,16605
0.0,16606
0.0,16607
0.0,16608
0.0,16609
0.0,16610
0.0,16611
0.0,16612
0.0,16613
0.0,16614
0.0,16615
0.0,16616
0.0,16617
0.0,16618
0.0,16619
0.0,16620
2146.308832139389,16621
0.0,16622
0.0,16623
0.0,16624
0.0,16625
0.0,16626
0.0,16627
0.0,16628
0.0,16629
0.0,16630
0.0,16631
0.0,16632
0.0,16633
1603.9741654989527,16634
0.0,16635
0.0,16636
0.0,16637
0.0,16638
0.0,16639
0.0,16640
0.0,16641
0.0,16642
0.0,16643
0.0,16644
0.0,16645
0.0,16646
0.0,16647
0.0,16648
0.0,16649
119.47102079774669,16650
0.0,16651
0.0,16652
0.0,16653
0.0,16654
487.68225268396213,16655
1922.5248415530943,16656
3950.9571586193615,16657
0.0,16658
418.73503187282614,16659
0.0,16660
0.0,16661
0.0,16662
0.0,16663
0.0,16664
0.0,16665
0.0,16666
0.0,16667
0.0,16668
0.0,16669
0.0,16670
0.0,16671
0.0,16672
0.0,16673
0.0,16674
0.0,16675
0.0,16676
0.0,16677
0.0,16678
0.0,16679
0.0,16680
0.0,16681
2929.522431838953,16682
0.0,16683
0.0,16684
0.0,16685
0.0,16686
0.0,16687
0.0,16688
198.3038399723486,16689
0.0,16690
0.0,16691
0.0,16692
0.0,16693
0.0,16694
0.0,16695
0.0,16696
0.0,16697
0.0,16698
0.0,16699
0.0,16700
0.0,16701
0.0,16702
0.0,16703
0.0,16704
0.0,16705
0.0,16706
0.0,16707
0.0,16708
0.0,16709
0.0,16710
0.0,16711
0.0,16712
0.0,16713
0.0,16714
0.0,16715
0.0,16716
0.0,16717
0.0,16718
0.0,16719
0.0,16720
0.0,16721
0.0,16722
0.0,16723
0.0,16724
0.0,16725
0.0,16726
0.0,16727
2645.56786630336,16728
0.0,16729
0.0,16730
0.0,16731
0.0,16732
0.0,16733
0.0,16734
0.0,16735
0.0,16736
0.0,16737
0.0,16738
0.0,16739
0.0,16740
0.0,16741
1388.0159948039463,16742
0.0,16743
0.0,16744
0.0,16745
0.0,16746
0.0,16747
348.8398086637705,16748
989.0810365445069,16749
353.3105973044927,16750
0.0,16751
0.0,16752
1772.3737222061118,16753
0.0,16754
0.0,16755
0.0,16756
495.0782261214272,16757
2353.3174514788984,16758
0.0,16759
0.0,16760
2356.2576782931515,16761
2185.717861365149,16762
663.4253845266866,16763
0.0,16764
0.0,16765
0.0,16766
0.0,16767
0.0,16768
0.0,16769
362.2151103191917,16770
343.8087836473358,16771
0.0,16772
0.0,16773
0.0,16774
0.0,16775
0.0,16776
746.9587499442234,16777
0.0,16778
0.0,16779
0.0,16780
0.0,16781
2829.8489114576737,16782
555.0970398272423,16783
509.118094248559,16784
0.0,16785
0.0,16786
0.0,16787
5.342540061581805,16788
0.0,16789
0.0,16790
0.0,16791
0.0,16792
0.0,16793
0.0,16794
0.0,16795
0.0,16796
0.0,16797
0.0,16798
0.0,16799
0.0,16800
0.0,16801
0.0,16802
0.0,16803
0.0,16804
0.0,16805
0.0,16806
0.0,16807
0.0,16808
0.0,16809
0.0,16810
0.0,16811
0.0,16812
0.0,16813
0.0,16814
0.0,16815
0.0,16816
0.0,16817
0.0,16818
0.0,16819
0.0,16820
0.0,16821
0.0,16822
0.0,16823
0.0,16824
0.0,16825
0.0,16826
0.0,16827
0.0,16828
0.0,16829
0.0,16830
0.0,16831
268.4779905013697,16832
0.0,16833
0.0,16834
0.0,16835
0.0,16836
0.0,16837
0.0,16838
0.0,16839
0.0,16840
0.0,16841
0.0,16842
0.0,16843
0.0,16844
0.0,16845
0.0,16846
0.0,16847
0.0,16848
0.0,16849
355.8218471042917,16850
0.0,16851
0.0,16852
0.0,16853
0.0,16854
0.0,16855
0.0,16856
30.593832414404886,16857
0.0,16858
0.0,16859
0.0,16860
0.0,16861
0.0,16862
0.0,16863
0.0,16864
0.0,16865
0.0,16866
0.0,16867
20505.22784862931,16868
306.27824623826325,16869
0.0,16870
0.0,16871
0.0,16872
0.0,16873
0.0,16874
0.0,16875
0.0,16876
0.0,16877
0.0,16878
0.0,16879
0.0,16880
0.0,16881
0.0,16882
0.0,16883
0.0,16884
0.0,16885
0.0,16886
0.0,16887
0.0,16888
0.0,16889
1872.8472673549559,16890
0.0,16891
0.0,16892
260.957704411355,16893
0.0,16894
0.0,16895
0.0,16896
0.0,16897
0.0,16898
1264.0293114227559,16899
0.0,16900
0.0,16901
0.0,16902
1896.8391150928846,16903
0.0,16904
0.0,16905
0.0,16906
0.0,16907
0.0,16908
0.0,16909
0.0,16910
0.0,16911
0.0,16912
0.0,16913
0.0,16914
0.0,16915
0.0,16916
0.0,16917
0.0,16918
0.0,16919
944.2796150175724,16920
0.0,16921
850.7052003067399,16922
0.0,16923
635.4294197006869,16924
637.141660477307,16925
638.9700396142584,16926
0.0,16927
0.0,16928
0.0,16929
0.0,16930
727.8897274825374,16931
382.3547751018171,16932
0.0,16933
390.1339324636785,16934
1542.0771279154997,16935
0.0,16936
0.0,16937
84.62398562064121,16938
0.0,16939
0.0,16940
0.0,16941
0.0,16942
0.0,16943
0.0,16944
0.0,16945
0.0,16946
1007.7136520820366,16947
0.0,16948
0.0,16949
0.0,16950
0.0,16951
0.0,16952
0.0,16953
0.0,16954
0.0,16955
0.0,16956
0.0,16957
327.70794373708145,16958
0.0,16959
0.0,16960
0.0,16961
0.0,16962
0.0,16963
0.0,16964
0.0,16965
0.0,16966
0.0,16967
0.0,16968
0.0,16969
0.0,16970
0.0,16971
0.0,16972
0.0,16973
0.0,16974
0.0,16975
0.0,16976
0.0,16977
0.0,16978
0.0,16979
0.0,16980
0.0,16981
0.0,16982
0.0,16983
0.0,16984
0.0,16985
0.0,16986
0.0,16987
0.0,16988
0.0,16989
0.0,16990
0.0,16991
0.0,16992
0.0,16993
0.0,16994
0.0,16995
0.0,16996
0.0,16997
0.0,16998
191.33020589958878,16999
1605.379059157305,17000
1589.578047033616,17001
1573.026781605706,17002
0.0,17003
0.0,17004
620.9055722890314,17005
0.0,17006
0.0,17007
650.3740760518992,17008
0.0,17009
418.76502652407424,17010
0.0,17011
0.0,17012
0.0,17013
0.0,17014
0.0,17015
0.0,17016
0.0,17017
0.0,17018
0.0,17019
0.0,17020
0.0,17021
0.0,17022
0.0,17023
0.0,17024
0.0,17025
177.06724142324904,17026
0.0,17027
377.45912845367,17028
0.0,17029
0.0,17030
0.0,17031
0.0,17032
0.0,17033
0.0,17034
0.0,17035
0.0,17036
0.0,17037
0.0,17038
0.0,17039
0.0,17040
0.0,17041
2276.203399556052,17042
0.0,17043
0.0,17044
0.0,17045
2154.2232373418174,17046
514.0535133153403,17047
0.0,17048
0.0,17049
0.0,17050
0.0,17051
0.0,17052
1222.6580810003336,17053
0.0,17054
0.0,17055
0.0,17056
0.0,17057
0.0,17058
0.0,17059
0.0,17060
955.9724206817822,17061
0.0,17062
0.0,17063
0.0,17064
0.0,17065
0.0,17066
0.0,17067
3877.145406461977,17068
2761.9697148949103,17069
5463.62193921432,17070
5357.571589750431,17071
1187.204511261261,17072
1194.5533255800012,17073
0.0,17074
0.0,17075
333.3277226206271,17076
0.0,17077
0.0,17078
0.0,17079
1344.1317920683218,17080
0.0,17081
0.0,17082
0.0,17083
0.0,17084
2825.6067365437093,17085
0.0,17086
0.0,17087
0.0,17088
761.3044549633568,17089
0.0,17090
0.0,17091
748.1283046662193,17092
0.0,17093
0.0,17094
3713.3267101665697,17095
2623.7510339194228,17096
782.8850154293897,17097
2368.6039791405838,17098
0.0,17099
0.0,17100
0.0,17101
0.0,17102
3506.958653161884,17103
0.0,17104
0.0,17105
0.0,17106
0.0,17107
0.0,17108
2396.8276484633384,17109
0.0,17110
574.0191723403519,17111
392.69942358062684,17112
4779.142756424467,17113
3274.0279074652153,17114
3890.8967828543837,17115
2368.0472030242167,17116
1732.0035606707925,17117
0.0,17118
7648.574269921122,17119
0.0,17120
0.0,17121
0.0,17122
0.0,17123
299.611087476996,17124
2019.5120492121684,17125
761.1470334795306,17126
0.0,17127
641.3896004044273,17128
0.0,17129
0.0,17130
1130.5253096967435,17131
0.0,17132
0.0,17133
0.0,17134
0.0,17135
0.0,17136
0.0,17137
0.0,17138
0.0,17139
0.0,17140
0.0,17141
0.0,17142
882.3954093518104,17143
2277.2522595446444,17144
2707.5375425379057,17145
0.0,17146
2592.661972693077,17147
0.0,17148
0.0,17149
185.33855358151166,17150
0.0,17151
0.0,17152
0.0,17153
0.0,17154
509.16499084870884,17155
0.0,17156
2865.8265488072097,17157
138.37675488971212,17158
1055.2809793026192,17159
0.0,17160
0.0,17161
1257.0847698296486,17162
0.0,17163
1514.0571363954327,17164
0.0,17165
1670.2995720664908,17166
0.0,17167
1947.4762225384243,17168
0.0,17169
0.0,17170
0.0,17171
1698.2390550805405,17172
0.0,17173
2980.630914928766,17174
0.0,17175
655.736180884822,17176
2756.563302633519,17177
1325.8638317285636,17178
2822.867435105924,17179
2541.0786083718344,17180
0.0,17181
0.0,17182
0.0,17183
0.0,17184
0.0,17185
0.0,17186
0.0,17187
2388.636762024408,17188
1538.7268915121606,17189
0.0,17190
2000.0302543668083,17191
0.0,17192
621.5043592268521,17193
0.0,17194
3054.966006942557,17195
1511.3717959019548,17196
0.0,17197
1173.0789659637096,17198
0.0,17199
1008.8857760806272,17200
390.6480181297862,17201
0.0,17202
15.522388900416862,17203
0.0,17204
754.567052055322,17205
0.0,17206
269.1722358842545,17207
0.0,17208
0.0,17209
0.0,17210
0.0,17211
0.0,17212
84.34023887066564,17213
902.7154890784232,17214
0.0,17215
0.0,17216
0.0,17217
0.0,17218
0.0,17219
0.0,17220
0.0,17221
0.0,17222
0.0,17223
0.0,17224
456.1943970571074,17225
1748.764418616811,17226
2078.6190676701544,17227
0.0,17228
0.0,17229
2026.5932324560654,17230
0.0,17231
0.0,17232
4798.415377855839,17233
1432.603780387506,17234
0.0,17235
1187.8477336195986,17236
2009.2335527266944,17237
648.2801364490655,17238
643.9296024274038,17239
0.0,17240
568.2071064476203,17241
90.1649997565378,17242
165.6636496574041,17243
0.0,17244
0.0,17245
0.0,17246
95.37132442568226,17247
0.0,17248
0.0,17249
0.0,17250
0.0,17251
541.7513666647919,17252
0.0,17253
372.0664515604454,17254
0.0,17255
0.0,17256
0.0,17257
0.0,17258
0.0,17259
0.0,17260
0.0,17261
0.0,17262
2024.962700379635,17263
2071.834018854974,17264
0.0,17265
768.7943377852441,17266
479.61328019710436,17267
0.0,17268
0.0,17269
474.0819016950462,17270
0.0,17271
472.83891059132446,17272
3058.5449805039234,17273
0.0,17274
3691.6022619161913,17275
0.0,17276
0.0,17277
795.7839394485045,17278
0.0,17279
1182.8471157171182,17280
2950.5746294308515,17281
1041.6659723940704,17282
2856.5599703341304,17283
2869.538080165736,17284
2048.5042292555736,17285
2089.106498932894,17286
1999.5172403028612,17287
0.0,17288
620.557848702041,17289
2116.351144521827,17290
15.082560643179622,17291
35.25588885348324,17292
617.0459027585921,17293
48.907790215600436,17294
2188.9420972761764,17295
0.0,17296
2198.628909860065,17297
882.6067853636637,17298
0.0,17299
0.0,17300
260.4109502467695,17301
0.0,17302
0.0,17303
0.0,17304
0.0,17305
0.0,17306
0.0,17307
0.0,17308
0.0,17309
0.0,17310
0.0,17311
0.0,17312
0.0,17313
0.0,17314
0.0,17315
0.0,17316
0.0,17317
0.0,17318
0.0,17319
0.0,17320
0.0,17321
0.0,17322
289.33402261958724,17323
0.0,17324
0.0,17325
0.0,17326
285.12885914164906,17327
0.0,17328
0.0,17329
0.0,17330
0.0,17331
0.0,17332
206.54743194265768,17333
131.30017010324988,17334
0.0,17335
0.0,17336
0.0,17337
0.0,17338
0.0,17339
0.0,17340
0.0,17341
0.0,17342
0.0,17343
0.0,17344
0.0,17345
0.0,17346
0.0,17347
73.69404209352145,17348
114.95790092085443,17349
1564.5325367446558,17350
125.44214431432208,17351
748.5934128307059,17352
514.4630651698664,17353
754.0766961761776,17354
1326.8078002019477,17355
2904.395178794959,17356
3450.704867008404,17357
1633.073442087526,17358
1309.861931923261,17359
0.0,17360
0.0,17361
0.0,17362
0.0,17363
0.0,17364
0.0,17365
0.0,17366
0.0,17367
0.0,17368
0.0,17369
0.0,17370
0.0,17371
2472.9853867975417,17372
0.0,17373
0.0,17374
0.0,17375
6265.364297430284,17376
0.0,17377
0.0,17378
4570.127750057058,17379
0.0,17380
4489.946871804425,17381
0.0,17382
4569.141251744971,17383
4860.107714496881,17384
5580.013501496562,17385
1476.949549643632,17386
1480.5773270420493,17387
2675.719941620884,17388
2070.066906670016,17389
0.0,17390
0.0,17391
3886.0515122899146,17392
2789.9277834516424,17393
0.0,17394
0.0,17395
0.0,17396
0.0,17397
0.0,17398
0.0,17399
0.0,17400
3130.143745536904,17401
0.0,17402
0.0,17403
0.0,17404
0.0,17405
0.0,17406
0.0,17407
0.0,17408
0.0,17409
0.0,17410
0.0,17411
0.0,17412
0.0,17413
616.2589214482367,17414
0.0,17415
0.0,17416
0.0,17417
0.0,17418
0.0,17419
0.0,17420
0.0,17421
0.0,17422
597.8255622480403,17423
0.0,17424
472.90949212237024,17425
0.0,17426
634.988727655644,17427
0.0,17428
0.0,17429
0.0,17430
456.21011854583884,17431
0.0,17432
0.0,17433
0.0,17434
2478.095550914416,17435
0.0,17436
0.0,17437
0.0,17438
0.0,17439
0.0,17440
0.0,17441
0.0,17442
0.0,17443
0.0,17444
0.0,17445
0.0,17446
0.0,17447
0.0,17448
0.0,17449
0.0,17450
0.0,17451
0.0,17452
0.0,17453
0.0,17454
0.0,17455
0.0,17456
0.0,17457
0.0,17458
0.0,17459
0.0,17460
152.3209327727821,17461
0.0,17462
163.72215085722777,17463
0.0,17464
0.0,17465
0.0,17466
0.0,17467
0.0,17468
0.0,17469
0.0,17470
0.0,17471
0.0,17472
0.0,17473
0.0,17474
0.0,17475
0.0,17476
0.0,17477
0.0,17478
0.0,17479
186.09745672283964,17480
0.0,17481
0.0,17482
0.0,17483
857.2121632601412,17484
0.0,17485
0.0,17486
0.0,17487
0.0,17488
0.0,17489
0.0,17490
0.0,17491
0.0,17492
0.0,17493
0.0,17494
0.0,17495
0.0,17496
0.0,17497
0.0,17498
9915.195447932048,17499
0.0,17500
0.0,17501
0.0,17502
0.0,17503
0.0,17504
0.0,17505
0.0,17506
0.0,17507
0.0,17508
0.0,17509
0.0,17510
0.0,17511
0.0,17512
0.0,17513
0.0,17514
0.0,17515
0.0,17516
0.0,17517
0.0,17518
0.0,17519
0.0,17520
0.0,17521
0.0,17522
0.0,17523
0.0,17524
0.0,17525
0.0,17526
0.0,17527
0.0,17528
0.0,17529
0.0,17530
0.0,17531
0.0,17532
0.0,17533
0.0,17534
0.0,17535
0.0,17536
0.0,17537
12119.956483655582,17538
0.0,17539
0.0,17540
0.0,17541
0.0,17542
0.0,17543
0.0,17544
0.0,17545
0.0,17546
0.0,17547
0.0,17548
0.0,17549
0.0,17550
0.0,17551
0.0,17552
0.0,17553
0.0,17554
0.0,17555
0.0,17556
0.0,17557
0.0,17558
0.0,17559
0.0,17560
0.0,17561
812.2915738705965,17562
0.0,17563
0.0,17564
0.0,17565
0.0,17566
0.0,17567
4467.0757461215835,17568
0.0,17569
0.0,17570
0.0,17571
0.0,17572
0.0,17573
148.176988725164,17574
0.0,17575
0.0,17576
0.0,17577
0.0,17578
0.0,17579
0.0,17580
0.0,17581
0.0,17582
0.0,17583
0.0,17584
0.0,17585
0.0,17586
0.0,17587
0.0,17588
0.0,17589
1624.4453218840656,17590
0.0,17591
0.0,17592
0.0,17593
0.0,17594
0.0,17595
0.0,17596
0.0,17597
0.0,17598
0.0,17599
0.0,17600
0.0,17601
0.0,17602
0.0,17603
0.0,17604
0.0,17605
0.0,17606
4797.654867581551,17607
0.0,17608
0.0,17609
0.0,17610
0.0,17611
0.0,17612
0.0,17613
0.0,17614
0.0,17615
0.0,17616
0.0,17617
0.0,17618
0.0,17619
0.0,17620
72.68190202919646,17621
0.0,17622
0.0,17623
0.0,17624
0.0,17625
0.0,17626
0.0,17627
0.0,17628
0.0,17629
0.0,17630
0.0,17631
0.0,17632
0.0,17633
0.0,17634
0.0,17635
510.59296262697524,17636
2485.432862804124,17637
0.0,17638
0.0,17639
0.0,17640
1165.5783480767577,17641
0.0,17642
520.1351140437555,17643
0.0,17644
0.0,17645
0.0,17646
0.0,17647
0.0,17648
0.0,17649
0.0,17650
1066.4412354040953,17651
0.0,17652
0.0,17653
0.0,17654
0.0,17655
0.0,17656
0.0,17657
0.0,17658
0.0,17659
176.31164642382572,17660
0.0,17661
0.0,17662
0.0,17663
0.0,17664
2455.1230182538266,17665
1508.8649424944263,17666
4415.208898466536,17667
0.0,17668
465.20015255578824,17669
0.0,17670
0.0,17671
2815.627916799823,17672
0.0,17673
3067.045280323291,17674
0.0,17675
30.37662266949141,17676
0.0,17677
0.0,17678
0.0,17679
0.0,17680
35.62797565695261,17681
0.0,17682
274.41769513543073,17683
0.0,17684
0.0,17685
0.0,17686
0.0,17687
0.0,17688
1208.754245736318,17689
0.0,17690
0.0,17691
591.8578716142531,17692
0.0,17693
16.080445032708617,17694
0.0,17695
0.0,17696
0.0,17697
0.0,17698
650.3440026777216,17699
0.0,17700
2917.36608230399,17701
0.0,17702
654.839347412518,17703
0.0,17704
658.0841059215824,17705
0.0,17706
0.0,17707
0.0,17708
0.0,17709
0.0,17710
2513.4896489841885,17711
0.0,17712
0.0,17713
743.4929319206375,17714
0.0,17715
0.0,17716
0.0,17717
391.95264140972006,17718
362.373999204377,17719
0.0,17720
0.0,17721
0.0,17722
257.4026069994295,17723
0.0,17724
0.0,17725
0.0,17726
0.0,17727
0.0,17728
0.0,17729
0.0,17730
0.0,17731
0.0,17732
0.0,17733
0.0,17734
2825.97359917675,17735
0.0,17736
0.0,17737
0.0,17738
0.0,17739
0.0,17740
1091.1623805344618,17741
0.0,17742
0.0,17743
0.0,17744
4379.59372457537,17745
0.0,17746
42.5445640138361,17747
0.0,17748
2093.4866106226045,17749
0.0,17750
1453.4179773384458,17751
0.0,17752
485.59611641641317,17753
0.0,17754
0.0,17755
0.0,17756
0.0,17757
0.0,17758
0.0,17759
0.0,17760
0.0,17761
0.0,17762
0.0,17763
0.0,17764
0.0,17765
0.0,17766
0.0,17767
0.0,17768
0.0,17769
0.0,17770
0.0,17771
0.0,17772
1735.9296544555316,17773
0.0,17774
0.0,17775
0.0,17776
0.0,17777
0.0,17778
0.0,17779
0.0,17780
497.70751044605174,17781
0.0,17782
0.0,17783
530.303667446251,17784
161.9002249468425,17785
159.46909282694816,17786
0.0,17787
0.0,17788
0.0,17789
0.0,17790
0.0,17791
0.0,17792
0.0,17793
0.0,17794
0.0,17795
0.0,17796
0.0,17797
0.0,17798
0.0,17799
0.0,17800
0.0,17801
0.0,17802
0.0,17803
0.0,17804
0.0,17805
0.0,17806
0.0,17807
0.0,17808
0.0,17809
0.0,17810
0.0,17811
0.0,17812
0.0,17813
0.0,17814
0.0,17815
0.0,17816
0.0,17817
0.0,17818
0.0,17819
0.0,17820
0.0,17821
0.0,17822
0.0,17823
0.0,17824
0.0,17825
0.0,17826
0.0,17827
0.0,17828
0.0,17829
0.0,17830
0.0,17831
0.0,17832
0.0,17833
0.0,17834
0.0,17835
0.0,17836
0.0,17837
0.0,17838
0.0,17839
0.0,17840
0.0,17841
0.0,17842
0.0,17843
0.0,17844
0.0,17845
0.0,17846
0.0,17847
0.0,17848
0.0,17849
0.0,17850
0.0,17851
0.0,17852
0.0,17853
0.0,17854
0.0,17855
0.0,17856
0.0,17857
0.0,17858
0.0,17859
486.2647392625932,17860
777.8400299012889,17861
0.0,17862
0.0,17863
0.0,17864
0.0,17865
0.0,17866
0.0,17867
0.0,17868
0.0,17869
874.3782793649546,17870
0.0,17871
0.0,17872
0.0,17873
0.0,17874
811.6387109974991,17875
962.3589016895411,17876
0.0,17877
1452.024406658959,17878
967.9862497742039,17879
0.0,17880
0.0,17881
0.0,17882
3238.7852285364124,17883
0.0,17884
0.0,17885
215.2524494158214,17886
3778.615024802994,17887
0.0,17888
0.0,17889
0.0,17890
0.0,17891
3250.5689622167947,17892
0.0,17893
0.0,17894
0.0,17895
0.0,17896
0.0,17897
0.0,17898
0.0,17899
0.0,17900
0.0,17901
0.0,17902
1798.9844712511042,17903
0.0,17904
0.0,17905
0.0,17906
0.0,17907
0.0,17908
0.0,17909
0.0,17910
0.0,17911
0.0,17912
0.0,17913
425.5007432127827,17914
0.0,17915
265.07118328123545,17916
782.4276493521404,17917
549.6792277738856,17918
1872.4774428028347,17919
389.93278146373996,17920
2175.519820472417,17921
534.4792026567911,17922
229.9974278970232,17923
0.0,17924
0.0,17925
0.0,17926
218.78713570233901,17927
0.0,17928
0.0,17929
0.0,17930
0.0,17931
0.0,17932
0.0,17933
1205.7871743543415,17934
0.0,17935
771.7997915519344,17936
766.6534554465062,17937
761.4110999906103,17938
1375.0440979711464,17939
0.0,17940
274.349181882397,17941
0.0,17942
0.0,17943
0.0,17944
0.0,17945
0.0,17946
0.0,17947
0.0,17948
0.0,17949
0.0,17950
0.0,17951
0.0,17952
0.0,17953
0.0,17954
0.0,17955
0.0,17956
0.0,17957
0.0,17958
0.0,17959
0.0,17960
0.0,17961
0.0,17962
0.0,17963
0.0,17964
0.0,17965
0.0,17966
0.0,17967
0.0,17968
0.0,17969
0.0,17970
0.0,17971
0.0,17972
0.0,17973
0.0,17974
0.0,17975
203.38788383936534,17976
0.0,17977
0.0,17978
152.90145927389315,17979
0.0,17980
0.0,17981
0.0,17982
0.0,17983
0.0,17984
0.0,17985
0.0,17986
0.0,17987
0.0,17988
1969.6132340355039,17989
0.0,17990
0.0,17991
0.0,17992
0.0,17993
0.0,17994
0.0,17995
0.0,17996
5540.642709450388,17997
0.0,17998
0.0,17999
633.773059858471,18000
0.0,18001
0.0,18002
632.2933617601345,18003
1710.4809351008576,18004
2043.8387790071918,18005
660.196141997546,18006
7218.6924208040855,18007
0.0,18008
0.0,18009
2042.4413407524396,18010
0.0,18011
0.0,18012
0.0,18013
0.0,18014
0.0,18015
0.0,18016
1544.060327613437,18017
0.0,18018
0.0,18019
0.0,18020
0.0,18021
0.0,18022
0.0,18023
0.0,18024
0.0,18025
0.0,18026
0.0,18027
0.0,18028
0.0,18029
0.0,18030
0.0,18031
194.2997718282995,18032
0.0,18033
0.0,18034
0.0,18035
0.0,18036
0.0,18037
0.0,18038
0.0,18039
0.0,18040
0.0,18041
0.0,18042
0.0,18043
577.3888069398257,18044
0.0,18045
0.0,18046
0.0,18047
0.0,18048
0.0,18049
0.0,18050
0.0,18051
0.0,18052
0.0,18053
0.0,18054
0.0,18055
0.0,18056
0.0,18057
0.0,18058
0.0,18059
1926.5591168530882,18060
0.0,18061
0.0,18062
0.0,18063
0.0,18064
0.0,18065
0.0,18066
0.0,18067
0.0,18068
0.0,18069
0.0,18070
0.0,18071
0.0,18072
411.01075197214846,18073
0.0,18074
0.0,18075
0.0,18076
0.0,18077
0.0,18078
0.0,18079
0.0,18080
0.0,18081
0.0,18082
0.0,18083
0.0,18084
380.613471129732,18085
2484.848092833344,18086
0.0,18087
0.0,18088
2495.8383566327834,18089
0.0,18090
0.0,18091
0.0,18092
0.0,18093
0.0,18094
0.0,18095
0.0,18096
1135.2742978457884,18097
587.0062582916091,18098
0.0,18099
0.0,18100
0.0,18101
0.0,18102
0.0,18103
651.8375269621637,18104
1239.2897273976773,18105
0.0,18106
955.6782419978288,18107
0.0,18108
1410.6551430839222,18109
1403.740353664918,18110
0.0,18111
622.2513964871157,18112
0.0,18113
909.1814514659244,18114
898.7170848445836,18115
0.0,18116
0.0,18117
0.0,18118
0.0,18119
0.0,18120
0.0,18121
0.0,18122
0.0,18123
0.0,18124
0.0,18125
413.8592510823288,18126
0.0,18127
0.0,18128
0.0,18129
0.0,18130
0.0,18131
0.0,18132
0.0,18133
0.0,18134
0.0,18135
0.0,18136
0.0,18137
0.0,18138
0.0,18139
0.0,18140
0.0,18141
0.0,18142
0.0,18143
0.0,18144
0.0,18145
0.0,18146
0.0,18147
0.0,18148
0.0,18149
0.0,18150
0.0,18151
306.2869538901944,18152
702.1918645773956,18153
0.0,18154
0.0,18155
0.0,18156
0.0,18157
0.0,18158
0.0,18159
0.0,18160
0.0,18161
0.0,18162
0.0,18163
0.0,18164
0.0,18165
0.0,18166
0.0,18167
0.0,18168
0.0,18169
0.0,18170
0.0,18171
0.0,18172
276.0419417927511,18173
0.0,18174
0.0,18175
0.0,18176
0.0,18177
0.0,18178
0.0,18179
0.0,18180
0.0,18181
0.0,18182
0.0,18183
0.0,18184
0.0,18185
67.32657058092684,18186
0.0,18187
0.0,18188
0.0,18189
0.0,18190
0.0,18191
0.0,18192
0.0,18193
0.0,18194
176.41803983484124,18195
0.0,18196
0.0,18197
0.0,18198
0.0,18199
0.0,18200
0.0,18201
0.0,18202
0.0,18203
0.0,18204
0.0,18205
0.0,18206
0.0,18207
0.0,18208
0.0,18209
0.0,18210
0.0,18211
0.0,18212
0.0,18213
0.0,18214
0.0,18215
0.0,18216
557.2264804623348,18217
559.0801673280979,18218
558.4961986642444,18219
556.6397463034772,18220
554.5078575100254,18221
175.24983244901804,18222
0.0,18223
0.0,18224
3330.169674667968,18225
0.0,18226
1271.8297539815753,18227
0.0,18228
1265.8945751139227,18229
1261.513667056893,18230
1050.8422886176018,18231
233.21882052847778,18232
222.94050394292685,18233
0.0,18234
0.0,18235
0.0,18236
0.0,18237
0.0,18238
0.0,18239
0.0,18240
0.0,18241
0.0,18242
0.0,18243
0.0,18244
0.0,18245
0.0,18246
0.0,18247
0.0,18248
0.0,18249
0.0,18250
0.0,18251
0.0,18252
0.0,18253
285.64261468340965,18254
0.0,18255
0.0,18256
0.0,18257
0.0,18258
1337.448586013462,18259
1339.4499374863417,18260
0.0,18261
1889.976945357233,18262
781.9913487565644,18263
775.8046913439038,18264
0.0,18265
769.1432216770872,18266
762.1964232335084,18267
0.0,18268
0.0,18269
627.4013841027788,18270
565.924383283149,18271
745.705084964098,18272
0.0,18273
383.17625677641274,18274
0.0,18275
1012.7338850986171,18276
352.0691485781298,18277
0.0,18278
4263.050240149634,18279
0.0,18280
0.0,18281
0.0,18282
0.0,18283
0.0,18284
0.0,18285
0.0,18286
0.0,18287
0.0,18288
0.0,18289
0.0,18290
712.9297409068249,18291
0.0,18292
0.0,18293
0.0,18294
944.7602809358299,18295
0.0,18296
1786.9323423460212,18297
0.0,18298
0.0,18299
0.0,18300
0.0,18301
0.0,18302
0.0,18303
0.0,18304
0.0,18305
0.0,18306
0.0,18307
0.0,18308
882.0443979915301,18309
0.0,18310
0.0,18311
953.8511403748574,18312
0.0,18313
0.0,18314
0.0,18315
0.0,18316
0.0,18317
0.0,18318
0.0,18319
0.0,18320
0.0,18321
456.45841071383757,18322
0.0,18323
0.0,18324
1032.902996774523,18325
0.0,18326
3014.892384777203,18327
0.0,18328
0.0,18329
0.0,18330
0.0,18331
0.0,18332
0.0,18333
0.0,18334
0.0,18335
0.0,18336
0.0,18337
0.0,18338
0.0,18339
0.0,18340
0.0,18341
0.0,18342
0.0,18343
0.0,18344
0.0,18345
0.0,18346
0.0,18347
0.0,18348
0.0,18349
0.0,18350
255.73505704866196,18351
743.270488430181,18352
684.7805888432512,18353
0.0,18354
0.0,18355
0.0,18356
0.0,18357
0.0,18358
0.0,18359
682.3265481522027,18360
695.4217316002279,18361
0.0,18362
6541.705324747214,18363
800.0789912740447,18364
0.0,18365
0.0,18366
0.0,18367
0.0,18368
0.0,18369
0.0,18370
1327.8518283814085,18371
0.0,18372
924.9155030835101,18373
0.0,18374
0.0,18375
931.1008113454279,18376
0.0,18377
0.0,18378
1619.693505524799,18379
0.0,18380
1545.5267368276259,18381
0.0,18382
0.0,18383
0.0,18384
0.0,18385
0.0,18386
0.0,18387
691.4652830341022,18388
0.0,18389
0.0,18390
347.0998117953847,18391
0.0,18392
0.0,18393
0.0,18394
0.0,18395
0.0,18396
0.0,18397
0.0,18398
0.0,18399
0.0,18400
0.0,18401
0.0,18402
0.0,18403
767.1401717145218,18404
2326.961508500311,18405
0.0,18406
0.0,18407
0.0,18408
0.0,18409
0.0,18410
0.0,18411
0.0,18412
0.0,18413
0.0,18414
0.0,18415
0.0,18416
0.0,18417
0.0,18418
0.0,18419
0.0,18420
0.0,18421
0.0,18422
0.0,18423
0.0,18424
0.0,18425
0.0,18426
0.0,18427
0.0,18428
0.0,18429
0.0,18430
0.0,18431
0.0,18432
0.0,18433
0.0,18434
0.0,18435
256.1100277018129,18436
0.0,18437
0.0,18438
0.0,18439
0.0,18440
550.1123809212298,18441
0.0,18442
719.245338322714,18443
0.0,18444
0.0,18445
0.0,18446
0.0,18447
0.0,18448
0.0,18449
0.0,18450
0.0,18451
0.0,18452
0.0,18453
0.0,18454
0.0,18455
0.0,18456
0.0,18457
0.0,18458
0.0,18459
0.0,18460
0.0,18461
0.0,18462
0.0,18463
0.0,18464
0.0,18465
0.0,18466
0.0,18467
0.0,18468
0.0,18469
0.0,18470
3224.5754445070233,18471
0.0,18472
0.0,18473
0.0,18474
0.0,18475
0.0,18476
0.0,18477
0.0,18478
0.0,18479
0.0,18480
0.0,18481
1157.3529736875287,18482
0.0,18483
0.0,18484
0.0,18485
0.0,18486
0.0,18487
0.0,18488
0.0,18489
0.0,18490
0.0,18491
0.0,18492
0.0,18493
0.0,18494
0.0,18495
0.0,18496
0.0,18497
0.0,18498
0.0,18499
0.0,18500
0.0,18501
0.0,18502
0.0,18503
0.0,18504
679.7906660761906,18505
0.0,18506
0.0,18507
0.0,18508
0.0,18509
0.0,18510
0.0,18511
0.0,18512
0.0,18513
0.0,18514
0.0,18515
0.0,18516
0.0,18517
0.0,18518
0.0,18519
0.0,18520
0.0,18521
0.0,18522
0.0,18523
0.0,18524
0.0,18525
234.30260918059923,18526
0.0,18527
0.0,18528
0.0,18529
0.0,18530
0.0,18531
0.0,18532
0.0,18533
0.0,18534
0.0,18535
0.0,18536
0.0,18537
0.0,18538
0.0,18539
0.0,18540
0.0,18541
0.0,18542
0.0,18543
0.0,18544
0.0,18545
0.0,18546
0.0,18547
0.0,18548
0.0,18549
1419.14786188348,18550
0.0,18551
0.0,18552
0.0,18553
0.0,18554
0.0,18555
0.0,18556
0.0,18557
0.0,18558
0.0,18559
0.0,18560
0.0,18561
0.0,18562
0.0,18563
0.0,18564
0.0,18565
0.0,18566
0.0,18567
0.0,18568
0.0,18569
548.0799208267289,18570
0.0,18571
0.0,18572
0.0,18573
0.0,18574
0.0,18575
0.0,18576
0.0,18577
0.0,18578
0.0,18579
0.0,18580
0.0,18581
0.0,18582
0.0,18583
0.0,18584
0.0,18585
0.0,18586
0.0,18587
0.0,18588
0.0,18589
0.0,18590
0.0,18591
0.0,18592
0.0,18593
0.0,18594
0.0,18595
0.0,18596
0.0,18597
0.0,18598
0.0,18599
0.0,18600
0.0,18601
0.0,18602
0.0,18603
0.0,18604
0.0,18605
0.0,18606
0.0,18607
0.0,18608
0.0,18609
0.0,18610
0.0,18611
0.0,18612
0.0,18613
0.0,18614
0.0,18615
0.0,18616
0.0,18617
0.0,18618
0.0,18619
0.0,18620
0.0,18621
0.0,18622
0.0,18623
0.0,18624
0.0,18625
0.0,18626
0.0,18627
0.0,18628
0.0,18629
0.0,18630
0.0,18631
0.0,18632
0.0,18633
0.0,18634
0.0,18635
0.0,18636
0.0,18637
0.0,18638
0.0,18639
0.0,18640
0.0,18641
0.0,18642
0.0,18643
0.0,18644
0.0,18645
0.0,18646
0.0,18647
0.0,18648
0.0,18649
1254.9915868191424,18650
1849.297651613643,18651
0.0,18652
0.0,18653
0.0,18654
0.0,18655
0.0,18656
0.0,18657
0.0,18658
0.0,18659
2364.746371271238,18660
0.0,18661
0.0,18662
0.0,18663
0.0,18664
0.0,18665
0.0,18666
0.0,18667
0.0,18668
0.0,18669
0.0,18670
0.0,18671
0.0,18672
0.0,18673
0.0,18674
627.6445574194428,18675
0.0,18676
0.0,18677
0.0,18678
0.0,18679
0.0,18680
266.03450265208363,18681
0.0,18682
0.0,18683
0.0,18684
0.0,18685
0.0,18686
0.0,18687
0.0,18688
1903.4512751359384,18689
0.0,18690
0.0,18691
0.0,18692
0.0,18693
0.0,18694
0.0,18695
0.0,18696
0.0,18697
0.0,18698
0.0,18699
0.0,18700
0.0,18701
0.0,18702
0.0,18703
0.0,18704
0.0,18705
0.0,18706
0.0,18707
0.0,18708
0.0,18709
0.0,18710
4092.9684510190223,18711
0.0,18712
0.0,18713
0.0,18714
0.0,18715
0.0,18716
0.0,18717
0.0,18718
0.0,18719
0.0,18720
0.0,18721
0.0,18722
10621.168429123787,18723
0.0,18724
0.0,18725
0.0,18726
0.0,18727
0.0,18728
0.0,18729
0.0,18730
0.0,18731
0.0,18732
0.0,18733
0.0,18734
0.0,18735
0.0,18736
0.0,18737
0.0,18738
0.0,18739
0.0,18740
0.0,18741
0.0,18742
0.0,18743
0.0,18744
0.0,18745
0.0,18746
0.0,18747
0.0,18748
0.0,18749
0.0,18750
0.0,18751
0.0,18752
0.0,18753
0.0,18754
0.0,18755
71.2448965141865,18756
0.0,18757
0.0,18758
0.0,18759
0.0,18760
0.0,18761
0.0,18762
0.0,18763
0.0,18764
0.0,18765
0.0,18766
0.0,18767
0.0,18768
0.0,18769
0.0,18770
0.0,18771
0.0,18772
0.0,18773
0.0,18774
0.0,18775
0.0,18776
0.0,18777
0.0,18778
0.0,18779
0.0,18780
0.0,18781
0.0,18782
0.0,18783
0.0,18784
0.0,18785
0.0,18786
0.0,18787
0.0,18788
0.0,18789
0.0,18790
458.45989582029955,18791
0.0,18792
0.0,18793
0.0,18794
0.0,18795
0.0,18796
0.0,18797
0.0,18798
0.0,18799
0.0,18800
0.0,18801
0.0,18802
0.0,18803
0.0,18804
1697.5919787262562,18805
0.0,18806
0.0,18807
0.0,18808
0.0,18809
0.0,18810
0.0,18811
0.0,18812
0.0,18813
0.0,18814
0.0,18815
0.0,18816
0.0,18817
0.0,18818
0.0,18819
0.0,18820
0.0,18821
0.0,18822
0.0,18823
0.0,18824
0.0,18825
0.0,18826
0.0,18827
0.0,18828
877.433176984653,18829
0.0,18830
0.0,18831
0.0,18832
0.0,18833
2262.6247129387534,18834
0.0,18835
0.0,18836
0.0,18837
0.0,18838
0.0,18839
0.0,18840
0.0,18841
0.0,18842
0.0,18843
0.0,18844
0.0,18845
0.0,18846
0.0,18847
0.0,18848
0.0,18849
0.0,18850
1974.7080896263874,18851
0.0,18852
0.0,18853
0.0,18854
0.0,18855
0.0,18856
0.0,18857
0.0,18858
0.0,18859
0.0,18860
0.0,18861
0.0,18862
0.0,18863
43.07337771191488,18864
0.0,18865
0.0,18866
0.0,18867
0.0,18868
1168.0556447956703,18869
0.0,18870
1156.633483399594,18871
0.0,18872
0.0,18873
0.0,18874
0.0,18875
0.0,18876
0.0,18877
0.0,18878
0.0,18879
0.0,18880
66.22937418850528,18881
0.0,18882
0.0,18883
0.0,18884
0.0,18885
0.0,18886
0.0,18887
0.0,18888
2021.4614635834732,18889
0.0,18890
0.0,18891
0.0,18892
0.0,18893
0.0,18894
0.0,18895
0.0,18896
817.8751330748686,18897
816.6883493487846,18898
139.09920720523706,18899
820.3887882352165,18900
0.0,18901
0.0,18902
0.0,18903
0.0,18904
0.0,18905
0.0,18906
0.0,18907
0.0,18908
0.0,18909
244.41658752674272,18910
0.0,18911
0.0,18912
250.75209573081816,18913
0.0,18914
0.0,18915
0.0,18916
844.1529347747039,18917
0.0,18918
0.0,18919
0.0,18920
597.9667099671433,18921
0.0,18922
0.0,18923
0.0,18924
0.0,18925
0.0,18926
0.0,18927
0.0,18928
2325.4678949498525,18929
0.0,18930
0.0,18931
262.6165765319348,18932
0.0,18933
0.0,18934
0.0,18935
0.0,18936
274.23834711155206,18937
245.61817138585204,18938
0.0,18939
0.0,18940
0.0,18941
0.0,18942
0.0,18943
0.0,18944
0.0,18945
0.0,18946
0.0,18947
0.0,18948
0.0,18949
0.0,18950
0.0,18951
0.0,18952
0.0,18953
0.0,18954
0.0,18955
0.0,18956
0.0,18957
0.0,18958
0.0,18959
0.0,18960
0.0,18961
0.0,18962
0.0,18963
0.0,18964
0.0,18965
569.7439888121116,18966
0.0,18967
0.0,18968
0.0,18969
0.0,18970
0.0,18971
0.0,18972
0.0,18973
0.0,18974
0.0,18975
0.0,18976
0.0,18977
0.0,18978
0.0,18979
0.0,18980
0.0,18981
508.8024598230988,18982
0.0,18983
0.0,18984
0.0,18985
0.0,18986
0.0,18987
122.23243047175923,18988
0.0,18989
0.0,18990
0.0,18991
0.0,18992
0.0,18993
0.0,18994
0.0,18995
179.3567534515839,18996
0.0,18997
0.0,18998
0.0,18999
0.0,19000
0.0,19001
0.0,19002
0.0,19003
269.3319918654843,19004
0.0,19005
864.716055675805,19006
0.0,19007
0.0,19008
0.0,19009
380.6965019316144,19010
0.0,19011
0.0,19012
0.0,19013
0.0,19014
0.0,19015
0.0,19016
0.0,19017
0.0,19018
0.0,19019
260.4403326113568,19020
0.0,19021
0.0,19022
0.0,19023
0.0,19024
3308.8463788917406,19025
0.0,19026
0.0,19027
911.3346307336557,19028
0.0,19029
0.0,19030
1798.520736451766,19031
1780.0534333273604,19032
0.0,19033
0.0,19034
0.0,19035
0.0,19036
0.0,19037
0.0,19038
0.0,19039
0.0,19040
0.0,19041
0.0,19042
0.0,19043
8307.383176370065,19044
0.0,19045
0.0,19046
0.0,19047
0.0,19048
0.0,19049
0.0,19050
0.0,19051
0.0,19052
0.0,19053
0.0,19054
0.0,19055
0.0,19056
0.0,19057
0.0,19058
0.0,19059
0.0,19060
1714.0255054302538,19061
0.0,19062
0.0,19063
0.0,19064
0.0,19065
1702.4745655291074,19066
0.0,19067
1604.6616272128442,19068
0.0,19069
0.0,19070
189.19577094658902,19071
0.0,19072
0.0,19073
0.0,19074
0.0,19075
0.0,19076
0.0,19077
0.0,19078
0.0,19079
0.0,19080
0.0,19081
0.0,19082
0.0,19083
0.0,19084
0.0,19085
0.0,19086
0.0,19087
0.0,19088
0.0,19089
0.0,19090
0.0,19091
0.0,19092
0.0,19093
0.0,19094
0.0,19095
0.0,19096
0.0,19097
0.0,19098
0.0,19099
0.0,19100
0.0,19101
0.0,19102
0.0,19103
433.8396869854019,19104
0.0,19105
0.0,19106
464.06907928451744,19107
0.0,19108
607.199488627898,19109
0.0,19110
0.0,19111
0.0,19112
0.0,19113
119.58518520101781,19114
0.0,19115
0.0,19116
0.0,19117
0.0,19118
0.0,19119
0.0,19120
0.0,19121
820.4053430351559,19122
0.0,19123
1627.5945003541633,19124
0.0,19125
0.0,19126
1389.6771966350852,19127
0.0,19128
0.0,19129
322.05890087212026,19130
0.0,19131
0.0,19132
0.0,19133
0.0,19134
0.0,19135
0.0,19136
0.0,19137
0.0,19138
0.0,19139
1113.249294857432,19140
0.0,19141
0.0,19142
0.0,19143
0.0,19144
0.0,19145
0.0,19146
8006.923186113228,19147
0.0,19148
0.0,19149
0.0,19150
0.0,19151
259.50828404752116,19152
313.38270039050457,19153
0.0,19154
859.8533624189316,19155
0.0,19156
2938.316737644342,19157
2729.4382733624802,19158
1809.1521555051268,19159
1812.2489778205672,19160
1617.4197453678244,19161
3285.053321509734,19162
1009.8178613782267,19163
1533.5352654435962,19164
1552.0241656256453,19165
0.0,19166
1625.9184736155412,19167
0.0,19168
102.39432039590089,19169
198.4432530989546,19170
3716.1387417977294,19171
1141.4878434082104,19172
1148.0212463220832,19173
905.1720337250915,19174
1153.9906348833294,19175
197.73682556355828,19176
1063.2507270425376,19177
3728.035083765288,19178
3226.606161306062,19179
0.0,19180
1555.3633099925255,19181
3551.0821621600703,19182
4325.0426134331165,19183
4319.645630901836,19184
0.0,19185
5033.278885332411,19186
0.0,19187
3155.7211975014175,19188
4657.446552057056,19189
4647.689558278609,19190
0.0,19191
3777.7849809617505,19192
3772.471242239827,19193
3750.3905744673475,19194
4853.6191538771,19195
0.0,19196
4604.603346022613,19197
4345.133041743575,19198
4588.608403869791,19199
0.0,19200
0.0,19201
0.0,19202
0.0,19203
0.0,19204
0.0,19205
0.0,19206
3722.6224267110965,19207
0.0,19208
0.0,19209
0.0,19210
6290.67114180614,19211
0.0,19212
0.0,19213
0.0,19214
0.0,19215
0.0,19216
0.0,19217
0.0,19218
0.0,19219
0.0,19220
0.0,19221
0.0,19222
0.0,19223
0.0,19224
0.0,19225
0.0,19226
0.0,19227
0.0,19228
0.0,19229
0.0,19230
0.0,19231
1215.5022323683638,19232
0.0,19233
0.0,19234
0.0,19235
0.0,19236
0.0,19237
0.0,19238
0.0,19239
0.0,19240
0.0,19241
0.0,19242
0.0,19243
0.0,19244
0.0,19245
0.0,19246
0.0,19247
0.0,19248
0.0,19249
0.0,19250
0.0,19251
0.0,19252
0.0,19253
0.0,19254
1783.4382247911838,19255
0.0,19256
2222.000860377629,19257
0.0,19258
0.0,19259
0.0,19260
0.0,19261
0.0,19262
0.0,19263
0.0,19264
0.0,19265
0.0,19266
0.0,19267
0.0,19268
0.0,19269
0.0,19270
0.0,19271
0.0,19272
0.0,19273
1964.9915017714536,19274
0.0,19275
455.7816931128924,19276
0.0,19277
0.0,19278
0.0,19279
0.0,19280
0.0,19281
0.0,19282
242.91040844546052,19283
0.0,19284
119.76185283317672,19285
0.0,19286
0.0,19287
0.0,19288
0.0,19289
0.0,19290
0.0,19291
0.0,19292
0.0,19293
0.0,19294
3582.8211433539395,19295
0.0,19296
0.0,19297
0.0,19298
0.0,19299
0.0,19300
0.0,19301
235.42998228003552,19302
0.0,19303
0.0,19304
0.0,19305
0.0,19306
0.0,19307
0.0,19308
0.0,19309
0.0,19310
0.0,19311
0.0,19312
0.0,19313
0.0,19314
1140.9877290719114,19315
0.0,19316
0.0,19317
1337.6807981026273,19318
0.0,19319
0.0,19320
0.0,19321
0.0,19322
0.0,19323
0.0,19324
0.0,19325
0.0,19326
500.85040342744657,19327
0.0,19328
0.0,19329
0.0,19330
0.0,19331
0.0,19332
0.0,19333
0.0,19334
0.0,19335
0.0,19336
0.0,19337
0.0,19338
0.0,19339
0.0,19340
0.0,19341
0.0,19342
0.0,19343
0.0,19344
0.0,19345
0.0,19346
0.0,19347
0.0,19348
0.0,19349
0.0,19350
0.0,19351
0.0,19352
0.0,19353
0.0,19354
0.0,19355
0.0,19356
0.0,19357
0.0,19358
0.0,19359
0.0,19360
0.0,19361
0.0,19362
0.0,19363
0.0,19364
0.0,19365
0.0,19366
0.0,19367
496.14977801293054,19368
0.0,19369
0.0,19370
0.0,19371
0.0,19372
0.0,19373
0.0,19374
0.0,19375
0.0,19376
0.0,19377
0.0,19378
0.0,19379
0.0,19380
0.0,19381
0.0,19382
0.0,19383
0.0,19384
0.0,19385
0.0,19386
0.0,19387
0.0,19388
0.0,19389
0.0,19390
0.0,19391
0.0,19392
0.0,19393
0.0,19394
0.0,19395
0.0,19396
1347.3497862935628,19397
0.0,19398
1039.9420705744121,19399
0.0,19400
0.0,19401
1326.534059243366,19402
2498.298609526998,19403
0.0,19404
2484.7915718864106,19405
0.0,19406
996.9667013007364,19407
980.9137323892276,19408
964.9496448561567,19409
1250.8459891550526,19410
1239.6008754804373,19411
0.0,19412
0.0,19413
0.0,19414
0.0,19415
2419.783832462351,19416
0.0,19417
0.0,19418
0.0,19419
4066.291914025675,19420
0.0,19421
0.0,19422
0.0,19423
0.0,19424
347.26339990749784,19425
0.0,19426
0.0,19427
0.0,19428
0.0,19429
0.0,19430
0.0,19431
0.0,19432
0.0,19433
0.0,19434
0.0,19435
0.0,19436
0.0,19437
0.0,19438
0.0,19439
0.0,19440
0.0,19441
0.0,19442
0.0,19443
0.0,19444
0.0,19445
0.0,19446
0.0,19447
0.0,19448
0.0,19449
0.0,19450
0.0,19451
0.0,19452
0.0,19453
0.0,19454
0.0,19455
0.0,19456
0.0,19457
0.0,19458
0.0,19459
0.0,19460
0.0,19461
0.0,19462
0.0,19463
0.0,19464
0.0,19465
0.0,19466
0.0,19467
0.0,19468
0.0,19469
0.0,19470
0.0,19471
0.0,19472
0.0,19473
0.0,19474
0.0,19475
0.0,19476
0.0,19477
0.0,19478
0.0,19479
0.0,19480
0.0,19481
0.0,19482
0.0,19483
0.0,19484
0.0,19485
0.0,19486
0.0,19487
0.0,19488
0.0,19489
0.0,19490
420.45901715773823,19491
0.0,19492
0.0,19493
0.0,19494
0.0,19495
0.0,19496
0.0,19497
0.0,19498
0.0,19499
0.0,19500
0.0,19501
0.0,19502
0.0,19503
0.0,19504
0.0,19505
0.0,19506
0.0,19507
0.0,19508
0.0,19509
0.0,19510
867.1528670249493,19511
0.0,19512
0.0,19513
0.0,19514
867.0804778125246,19515
0.0,19516
0.0,19517
0.0,19518
0.0,19519
0.0,19520
0.0,19521
0.0,19522
0.0,19523
0.0,19524
0.0,19525
0.0,19526
0.0,19527
0.0,19528
0.0,19529
0.0,19530
0.0,19531
0.0,19532
0.0,19533
0.0,19534
0.0,19535
0.0,19536
0.0,19537
0.0,19538
78.56803033337904,19539
0.0,19540
0.0,19541
0.0,19542
0.0,19543
0.0,19544
0.0,19545
0.0,19546
0.0,19547
0.0,19548
0.0,19549
80.05845090368503,19550
0.0,19551
0.0,19552
0.0,19553
0.0,19554
0.0,19555
0.0,19556
0.0,19557
0.0,19558
0.0,19559
80.86079625993622,19560
81.28464760902938,19561
0.0,19562
0.0,19563
0.0,19564
0.0,19565
0.0,19566
0.0,19567
0.0,19568
0.0,19569
0.0,19570
0.0,19571
0.0,19572
0.0,19573
0.0,19574
0.0,19575
0.0,19576
0.0,19577
0.0,19578
0.0,19579
0.0,19580
0.0,19581
0.0,19582
0.0,19583
0.0,19584
1873.9960663435577,19585
0.0,19586
0.0,19587
0.0,19588
0.0,19589
0.0,19590
0.0,19591
0.0,19592
0.0,19593
0.0,19594
0.0,19595
0.0,19596
0.0,19597
0.0,19598
0.0,19599
480.26704107917755,19600
0.0,19601
0.0,19602
456.1627665666112,19603
0.0,19604
0.0,19605
0.0,19606
0.0,19607
0.0,19608
0.0,19609
0.0,19610
0.0,19611
0.0,19612
0.0,19613
0.0,19614
0.0,19615
0.0,19616
0.0,19617
0.0,19618
0.0,19619
547.8261775602404,19620
0.0,19621
0.0,19622
0.0,19623
552.7804449433927,19624
0.0,19625
0.0,19626
0.0,19627
0.0,19628
0.0,19629
0.0,19630
0.0,19631
0.0,19632
0.0,19633
0.0,19634
0.0,19635
0.0,19636
0.0,19637
0.0,19638
0.0,19639
0.0,19640
0.0,19641
0.0,19642
0.0,19643
0.0,19644
0.0,19645
0.0,19646
0.0,19647
0.0,19648
0.0,19649
0.0,19650
0.0,19651
0.0,19652
0.0,19653
0.0,19654
0.0,19655
0.0,19656
0.0,19657
0.0,19658
0.0,19659
0.0,19660
0.0,19661
0.0,19662
0.0,19663
0.0,19664
0.0,19665
0.0,19666
0.0,19667
0.0,19668
0.0,19669
0.0,19670
0.0,19671
0.0,19672
0.0,19673
0.0,19674
0.0,19675
0.0,19676
0.0,19677
0.0,19678
0.0,19679
1379.9990276059968,19680
1439.449794470746,19681
1400.9065913501684,19682
0.0,19683
0.0,19684
0.0,19685
0.0,19686
0.0,19687
0.0,19688
0.0,19689
0.0,19690
0.0,19691
0.0,19692
0.0,19693
0.0,19694
0.0,19695
0.0,19696
0.0,19697
0.0,19698
0.0,19699
0.0,19700
0.0,19701
0.0,19702
2236.00850549554,19703
106.67656346663283,19704
0.0,19705
0.0,19706
0.0,19707
988.0358583763921,19708
0.0,19709
0.0,19710
0.0,19711
0.0,19712
0.0,19713
0.0,19714
0.0,19715
0.0,19716
0.0,19717
0.0,19718
0.0,19719
0.0,19720
0.0,19721
0.0,19722
0.0,19723
0.0,19724
0.0,19725
0.0,19726
0.0,19727
0.0,19728
0.0,19729
0.0,19730
0.0,19731
0.0,19732
0.0,19733
0.0,19734
0.0,19735
0.0,19736
0.0,19737
0.0,19738
0.0,19739
0.0,19740
0.0,19741
0.0,19742
419.58232713170514,19743
419.1774314211389,19744
0.0,19745
0.0,19746
0.0,19747
0.0,19748
263.19489081257154,19749
0.0,19750
305.0786649303399,19751
0.0,19752
0.0,19753
388.31523957131924,19754
0.0,19755
0.0,19756
0.0,19757
0.0,19758
0.0,19759
0.0,19760
0.0,19761
984.4707832504027,19762
0.0,19763
0.0,19764
0.0,19765
0.0,19766
0.0,19767
0.0,19768
0.0,19769
0.0,19770
0.0,19771
0.0,19772
0.0,19773
0.0,19774
0.0,19775
0.0,19776
0.0,19777
0.0,19778
0.0,19779
0.0,19780
0.0,19781
0.0,19782
0.0,19783
0.0,19784
0.0,19785
0.0,19786
0.0,19787
0.0,19788
0.0,19789
0.0,19790
0.0,19791
0.0,19792
0.0,19793
0.0,19794
0.0,19795
0.0,19796
0.0,19797
0.0,19798
0.0,19799
0.0,19800
0.0,19801
0.0,19802
0.0,19803
0.0,19804
0.0,19805
0.0,19806
0.0,19807
0.0,19808
0.0,19809
0.0,19810
0.0,19811
0.0,19812
0.0,19813
0.0,19814
0.0,19815
0.0,19816
901.9675889264481,19817
0.0,19818
0.0,19819
0.0,19820
0.0,19821
0.0,19822
0.0,19823
0.0,19824
31.02630077512857,19825
0.0,19826
0.0,19827
0.0,19828
0.0,19829
0.0,19830
0.0,19831
0.0,19832
0.0,19833
0.0,19834
3617.370102681509,19835
0.0,19836
0.0,19837
0.0,19838
0.0,19839
0.0,19840
0.0,19841
0.0,19842
0.0,19843
0.0,19844
0.0,19845
0.0,19846
0.0,19847
0.0,19848
0.0,19849
0.0,19850
0.0,19851
0.0,19852
0.0,19853
0.0,19854
0.0,19855
0.0,19856
0.0,19857
0.0,19858
107.08529435828191,19859
0.0,19860
0.0,19861
0.0,19862
0.0,19863
0.0,19864
0.0,19865
0.0,19866
0.0,19867
0.0,19868
0.0,19869
0.0,19870
1022.847074363342,19871
0.0,19872
0.0,19873
0.0,19874
0.0,19875
0.0,19876
0.0,19877
0.0,19878
0.0,19879
0.0,19880
0.0,19881
0.0,19882
0.0,19883
0.0,19884
0.0,19885
0.0,19886
0.0,19887
0.0,19888
0.0,19889
0.0,19890
0.0,19891
0.0,19892
0.0,19893
0.0,19894
0.0,19895
0.0,19896
0.0,19897
0.0,19898
0.0,19899
0.0,19900
0.0,19901
0.0,19902
0.0,19903
0.0,19904
0.0,19905
0.0,19906
0.0,19907
0.0,19908
0.0,19909
0.0,19910
0.0,19911
0.0,19912
0.0,19913
0.0,19914
0.0,19915
0.0,19916
0.0,19917
0.0,19918
0.0,19919
835.9183949490199,19920
0.0,19921
0.0,19922
0.0,19923
0.0,19924
0.0,19925
0.0,19926
173.90628162214836,19927
0.0,19928
0.0,19929
0.0,19930
0.0,19931
0.0,19932
0.0,19933
0.0,19934
0.0,19935
1959.791357696243,19936
0.0,19937
1068.4823396935903,19938
0.0,19939
0.0,19940
0.0,19941
0.0,19942
0.0,19943
0.0,19944
0.0,19945
0.0,19946
0.0,19947
0.0,19948
0.0,19949
0.0,19950
0.0,19951
0.0,19952
0.0,19953
0.0,19954
0.0,19955
0.0,19956
0.0,19957
0.0,19958
0.0,19959
0.0,19960
0.0,19961
0.0,19962
0.0,19963
0.0,19964
0.0,19965
0.0,19966
0.0,19967
0.0,19968
0.0,19969
0.0,19970
0.0,19971
0.0,19972
0.0,19973
0.0,19974
0.0,19975
0.0,19976
0.0,19977
0.0,19978
0.0,19979
0.0,19980
0.0,19981
0.0,19982
0.0,19983
0.0,19984
0.0,19985
0.0,19986
0.0,19987
0.0,19988
0.0,19989
0.0,19990
0.0,19991
0.0,19992
0.0,19993
0.0,19994
0.0,19995
0.0,19996
0.0,19997
0.0,19998
0.0,19999
0.0,20000
0.0,20001
0.0,20002
0.0,20003
0.0,20004
0.0,20005
0.0,20006
0.0,20007
0.0,20008
0.0,20009
0.0,20010
0.0,20011
0.0,20012
0.0,20013
0.0,20014
0.0,20015
0.0,20016
0.0,20017
0.0,20018
0.0,20019
0.0,20020
0.0,20021
0.0,20022
0.0,20023
0.0,20024
0.0,20025
0.0,20026
0.0,20027
0.0,20028
0.0,20029
0.0,20030
0.0,20031
0.0,20032
0.0,20033
0.0,20034
0.0,20035
0.0,20036
0.0,20037
0.0,20038
314.3693149634489,20039
0.0,20040
0.0,20041
0.0,20042
2811.4553209825017,20043
0.0,20044
0.0,20045
3023.679347027981,20046
0.0,20047
0.0,20048
0.0,20049
3016.439544717288,20050
0.0,20051
2532.969686194757,20052
0.0,20053
0.0,20054
1030.073754800709,20055
3012.9101409275872,20056
0.0,20057
0.0,20058
0.0,20059
0.0,20060
0.0,20061
1811.4041409186893,20062
0.0,20063
0.0,20064
0.0,20065
0.0,20066
395.4355829441544,20067
0.0,20068
0.0,20069
0.0,20070
0.0,20071
0.0,20072
594.0251907614273,20073
140.94552232364356,20074
0.0,20075
920.7211162445808,20076
0.0,20077
0.0,20078
2070.1717498382727,20079
0.0,20080
5201.0961116952085,20081
0.0,20082
0.0,20083
2148.326591090752,20084
0.0,20085
1792.2704136651323,20086
0.0,20087
0.0,20088
0.0,20089
0.0,20090
686.6482382262047,20091
354.24518572879924,20092
0.0,20093
0.0,20094
1471.0245653764375,20095
1460.5665820848453,20096
723.2859519940495,20097
113.41953770823343,20098
1213.0851259057274,20099
0.0,20100
1559.6399754838183,20101
0.0,20102
0.0,20103
1224.736888923037,20104
0.0,20105
800.1126985569423,20106
0.0,20107
0.0,20108
0.0,20109
0.0,20110
2068.473782306513,20111
0.0,20112
0.0,20113
0.0,20114
0.0,20115
307.62622496942066,20116
309.7594841572923,20117
0.0,20118
0.0,20119
0.0,20120
0.0,20121
575.9365394096883,20122
0.0,20123
480.94951243424805,20124
0.0,20125
49.16664665118673,20126
404.5647742834663,20127
0.0,20128
750.2612519438861,20129
0.0,20130
0.0,20131
0.0,20132
0.0,20133
3791.0752900620228,20134
0.0,20135
0.0,20136
0.0,20137
776.5000396577201,20138
0.0,20139
0.0,20140
0.0,20141
0.0,20142
0.0,20143
0.0,20144
0.0,20145
0.0,20146
0.0,20147
492.58746530444193,20148
491.3975767906547,20149
60.594944592368854,20150
0.0,20151
828.0834641401325,20152
254.06153075278095,20153
260.8652253451451,20154
1120.5695856589075,20155
829.986664939475,20156
101.24734823571478,20157
1327.2444184154886,20158
822.0415813794464,20159
820.4682870530987,20160
819.770445144464,20161
0.0,20162
0.0,20163
0.0,20164
0.0,20165
0.0,20166
0.0,20167
0.0,20168
0.0,20169
0.0,20170
0.0,20171
0.0,20172
0.0,20173
0.0,20174
0.0,20175
0.0,20176
0.0,20177
718.6658204389223,20178
0.0,20179
411.3204246444069,20180
0.0,20181
0.0,20182
0.0,20183
0.0,20184
0.0,20185
0.0,20186
0.0,20187
0.0,20188
0.0,20189
0.0,20190
0.0,20191
0.0,20192
0.0,20193
0.0,20194
0.0,20195
0.0,20196
0.0,20197
0.0,20198
0.0,20199
0.0,20200
3466.283611642544,20201
0.0,20202
0.0,20203
0.0,20204
0.0,20205
0.0,20206
0.0,20207
0.0,20208
0.0,20209
939.2079408339957,20210
0.0,20211
0.0,20212
0.0,20213
0.0,20214
0.0,20215
0.0,20216
0.0,20217
0.0,20218
324.2269518033078,20219
0.0,20220
0.0,20221
0.0,20222
0.0,20223
626.3492307837004,20224
0.0,20225
0.0,20226
0.0,20227
828.6008153953342,20228
827.5241222169223,20229
828.3986677826879,20230
0.0,20231
0.0,20232
0.0,20233
660.1730379382536,20234
0.0,20235
0.0,20236
0.0,20237
0.0,20238
0.0,20239
630.9691055487046,20240
633.1727630986552,20241
0.0,20242
0.0,20243
0.0,20244
635.7065323523391,20245
638.3716695897497,20246
0.0,20247
0.0,20248
641.0463448187937,20249
754.2835905400977,20250
0.0,20251
0.0,20252
0.0,20253
1726.1028311518478,20254
0.0,20255
0.0,20256
0.0,20257
977.4705762177296,20258
978.5881515970809,20259
0.0,20260
0.0,20261
0.0,20262
543.4614727789303,20263
1481.0354819835459,20264
0.0,20265
0.0,20266
0.0,20267
0.0,20268
0.0,20269
0.0,20270
0.0,20271
2990.2682129146947,20272
117.4459801037684,20273
0.0,20274
0.0,20275
0.0,20276
0.0,20277
0.0,20278
1175.8372051389024,20279
74.14571193585627,20280
0.0,20281
587.9563984350483,20282
0.0,20283
0.0,20284
901.8017573729403,20285
0.0,20286
0.0,20287
0.0,20288
0.0,20289
602.8795724644252,20290
0.0,20291
0.0,20292
0.0,20293
0.0,20294
0.0,20295
0.0,20296
0.0,20297
0.0,20298
0.0,20299
0.0,20300
0.0,20301
0.0,20302
0.0,20303
0.0,20304
4739.665947146277,20305
0.0,20306
0.0,20307
0.0,20308
2276.1033306907857,20309
0.0,20310
0.0,20311
0.0,20312
0.0,20313
0.0,20314
0.0,20315
0.0,20316
0.0,20317
0.0,20318
0.0,20319
0.0,20320
0.0,20321
133.498998709495,20322
219.13900664132368,20323
0.0,20324
0.0,20325
0.0,20326
0.0,20327
0.0,20328
0.0,20329
0.0,20330
0.0,20331
0.0,20332
0.0,20333
0.0,20334
0.0,20335
0.0,20336
0.0,20337
0.0,20338
0.0,20339
0.0,20340
0.0,20341
0.0,20342
0.0,20343
0.0,20344
0.0,20345
0.0,20346
0.0,20347
0.0,20348
0.0,20349
0.0,20350
0.0,20351
0.0,20352
0.0,20353
0.0,20354
0.0,20355
0.0,20356
0.0,20357
0.0,20358
0.0,20359
0.0,20360
0.0,20361
0.0,20362
0.0,20363
0.0,20364
0.0,20365
0.0,20366
0.0,20367
0.0,20368
0.0,20369
0.0,20370
0.0,20371
0.0,20372
0.0,20373
3442.3951019170604,20374
0.0,20375
0.0,20376
0.0,20377
0.0,20378
135.57336139890145,20379
0.0,20380
0.0,20381
0.0,20382
0.0,20383
0.0,20384
0.0,20385
0.0,20386
0.0,20387
0.0,20388
0.0,20389
0.0,20390
0.0,20391
0.0,20392
0.0,20393
0.0,20394
0.0,20395
0.0,20396
0.0,20397
0.0,20398
635.309099726014,20399
0.0,20400
2312.400673246791,20401
307.67573520714626,20402
3350.9983559976936,20403
0.0,20404
1366.1407895547156,20405
0.0,20406
2488.0756420301673,20407
0.0,20408
23.44777775582399,20409
0.0,20410
0.0,20411
0.0,20412
0.0,20413
0.0,20414
0.0,20415
0.0,20416
0.0,20417
0.0,20418
0.0,20419
0.0,20420
0.0,20421
0.0,20422
0.0,20423
0.0,20424
0.0,20425
0.0,20426
0.0,20427
0.0,20428
0.0,20429
0.0,20430
0.0,20431
0.0,20432
0.0,20433
0.0,20434
0.0,20435
0.0,20436
0.0,20437
0.0,20438
0.0,20439
0.0,20440
0.0,20441
0.0,20442
0.0,20443
0.0,20444
0.0,20445
0.0,20446
0.0,20447
0.0,20448
0.0,20449
389.3320588997314,20450
0.0,20451
2291.0896185853835,20452
273.1927735798065,20453
0.0,20454
0.0,20455
2296.317777297692,20456
0.0,20457
0.0,20458
1776.204821099596,20459
0.0,20460
136.1513024148171,20461
0.0,20462
0.0,20463
428.0019595735142,20464
0.0,20465
0.0,20466
5803.892838487655,20467
0.0,20468
0.0,20469
1540.4994515602295,20470
863.2839441803344,20471
0.0,20472
0.0,20473
0.0,20474
1031.3569750262284,20475
0.0,20476
1420.1889030111927,20477
0.0,20478
396.17404784402976,20479
0.0,20480
0.0,20481
0.0,20482
0.0,20483
0.0,20484
0.0,20485
0.0,20486
0.0,20487
0.0,20488
0.0,20489
0.0,20490
0.0,20491
0.0,20492
0.0,20493
0.0,20494
0.0,20495
0.0,20496
0.0,20497
0.0,20498
0.0,20499
0.0,20500
0.0,20501
0.0,20502
0.0,20503
0.0,20504
0.0,20505
0.0,20506
0.0,20507
0.0,20508
0.0,20509
0.0,20510
0.0,20511
0.0,20512
178.65831816654554,20513
0.0,20514
0.0,20515
0.0,20516
0.0,20517
0.0,20518
0.0,20519
0.0,20520
0.0,20521
0.0,20522
0.0,20523
0.0,20524
0.0,20525
0.0,20526
799.7946621798493,20527
617.8283776670835,20528
0.0,20529
0.0,20530
162.98072363879598,20531
0.0,20532
0.0,20533
0.0,20534
0.0,20535
0.0,20536
0.0,20537
0.0,20538
0.0,20539
0.0,20540
0.0,20541
0.0,20542
0.0,20543
1497.183749468851,20544
1722.831020484889,20545
0.0,20546
0.0,20547
0.0,20548
0.0,20549
0.0,20550
0.0,20551
0.0,20552
2872.029840272862,20553
0.0,20554
0.0,20555
3045.83514782349,20556
454.2354436284544,20557
1422.3813328627612,20558
0.0,20559
0.0,20560
940.0121204972063,20561
0.0,20562
0.0,20563
4579.324344862753,20564
2109.335458063211,20565
1734.995158047739,20566
1988.2929570348738,20567
0.0,20568
967.7347844035991,20569
547.2208528735284,20570
374.60328540039046,20571
358.2649798960091,20572
352.5699128405547,20573
0.0,20574
0.0,20575
0.0,20576
0.0,20577
0.0,20578
0.0,20579
0.0,20580
0.0,20581
0.0,20582
0.0,20583
0.0,20584
0.0,20585
0.0,20586
0.0,20587
0.0,20588
0.0,20589
0.0,20590
0.0,20591
0.0,20592
0.0,20593
0.0,20594
0.0,20595
0.0,20596
0.0,20597
0.0,20598
0.0,20599
0.0,20600
0.0,20601
0.0,20602
0.0,20603
0.0,20604
0.0,20605
0.0,20606
0.0,20607
0.0,20608
0.0,20609
0.0,20610
0.0,20611
0.0,20612
896.5153266330584,20613
0.0,20614
0.0,20615
1817.155347199977,20616
0.0,20617
0.0,20618
0.0,20619
741.3231925796117,20620
0.0,20621
0.0,20622
0.0,20623
1255.3939547938844,20624
0.0,20625
0.0,20626
1261.8336921323598,20627
0.0,20628
0.0,20629
0.0,20630
0.0,20631
0.0,20632
0.0,20633
257.8564307801244,20634
0.0,20635
0.0,20636
0.0,20637
0.0,20638
0.0,20639
0.0,20640
0.0,20641
0.0,20642
485.395725831809,20643
608.9121861828905,20644
614.4661012090859,20645
0.0,20646
0.0,20647
0.0,20648
0.0,20649
0.0,20650
3774.7498451236406,20651
0.0,20652
837.5099387580669,20653
843.1938687581144,20654
0.0,20655
0.0,20656
829.4448335600084,20657
0.0,20658
0.0,20659
0.0,20660
0.0,20661
0.0,20662
0.0,20663
0.0,20664
0.0,20665
0.0,20666
0.0,20667
535.5947574593785,20668
686.0488572570505,20669
279.6610344260128,20670
0.0,20671
0.0,20672
0.0,20673
0.0,20674
0.0,20675
0.0,20676
0.0,20677
0.0,20678
0.0,20679
336.36737950942984,20680
0.0,20681
1111.6977267945188,20682
42.62212270440076,20683
0.0,20684
2625.5670724970946,20685
0.0,20686
0.0,20687
0.0,20688
0.0,20689
0.0,20690
0.0,20691
0.0,20692
0.0,20693
0.0,20694
0.0,20695
0.0,20696
0.0,20697
0.0,20698
0.0,20699
0.0,20700
0.0,20701
0.0,20702
0.0,20703
0.0,20704
0.0,20705
119.36624398074014,20706
0.0,20707
0.0,20708
0.0,20709
0.0,20710
0.0,20711
0.0,20712
0.0,20713
0.0,20714
0.0,20715
0.0,20716
0.0,20717
0.0,20718
0.0,20719
0.0,20720
2052.495418016208,20721
0.0,20722
0.0,20723
0.0,20724
0.0,20725
0.0,20726
0.0,20727
0.0,20728
0.0,20729
0.0,20730
0.0,20731
0.0,20732
0.0,20733
0.0,20734
0.0,20735
0.0,20736
0.0,20737
0.0,20738
0.0,20739
0.0,20740
0.0,20741
1069.8251061065307,20742
0.0,20743
0.0,20744
0.0,20745
0.0,20746
0.0,20747
0.0,20748
0.0,20749
0.0,20750
0.0,20751
2781.060567817996,20752
0.0,20753
0.0,20754
0.0,20755
0.0,20756
0.0,20757
0.0,20758
0.0,20759
0.0,20760
1791.3803492337868,20761
466.8502350539759,20762
0.0,20763
0.0,20764
0.0,20765
0.0,20766
0.0,20767
0.0,20768
214.669517323196,20769
1788.3928074859934,20770
0.0,20771
0.0,20772
219.94410587059895,20773
0.0,20774
0.0,20775
0.0,20776
0.0,20777
0.0,20778
0.0,20779
0.0,20780
0.0,20781
0.0,20782
0.0,20783
0.0,20784
0.0,20785
0.0,20786
0.0,20787
1893.9223824240469,20788
0.0,20789
0.0,20790
0.0,20791
0.0,20792
0.0,20793
1015.1768143552666,20794
0.0,20795
0.0,20796
0.0,20797
0.0,20798
0.0,20799
0.0,20800
0.0,20801
722.575624434097,20802
0.0,20803
0.0,20804
601.7444229944992,20805
0.0,20806
0.0,20807
0.0,20808
0.0,20809
0.0,20810
0.0,20811
0.0,20812
0.0,20813
193.80009986247828,20814
196.6139572799265,20815
955.1114445393846,20816
0.0,20817
222.4482557739728,20818
0.0,20819
1184.529507082653,20820
0.0,20821
0.0,20822
1464.7946755374937,20823
1462.9154478486435,20824
829.6233118609232,20825
0.0,20826
1957.6990755738746,20827
0.0,20828
873.3632442545178,20829
876.4242399525419,20830
879.1776858999846,20831
834.0151878384844,20832
1172.5847282306963,20833
1465.2476365784735,20834
2302.52631824259,20835
0.0,20836
1460.6451445285925,20837
1460.4762707956722,20838
0.0,20839
0.0,20840
1460.7574024842256,20841
0.0,20842
0.0,20843
0.0,20844
0.0,20845
0.0,20846
0.0,20847
0.0,20848
0.0,20849
0.0,20850
0.0,20851
0.0,20852
1392.1281129217975,20853
1534.587577048226,20854
1389.4971232559271,20855
1167.4786935254065,20856
0.0,20857
1011.3301104803807,20858
3350.8660825116153,20859
0.0,20860
0.0,20861
837.2832801877274,20862
0.0,20863
945.4459743303366,20864
0.0,20865
839.342667877045,20866
0.0,20867
1391.0219846964474,20868
0.0,20869
170.43856235204987,20870
0.0,20871
0.0,20872
702.8309093771135,20873
0.0,20874
0.0,20875
830.8904303664305,20876
0.0,20877
0.0,20878
0.0,20879
0.0,20880
0.0,20881
1398.0371270458456,20882
0.0,20883
0.0,20884
0.0,20885
0.0,20886
0.0,20887
0.0,20888
823.8317576035761,20889
0.0,20890
0.0,20891
0.0,20892
0.0,20893
0.0,20894
0.0,20895
0.0,20896
0.0,20897
0.0,20898
0.0,20899
0.0,20900
815.4034723063475,20901
0.0,20902
0.0,20903
0.0,20904
0.0,20905
0.0,20906
0.0,20907
0.0,20908
0.0,20909
0.0,20910
0.0,20911
0.0,20912
0.0,20913
0.0,20914
0.0,20915
0.0,20916
0.0,20917
0.0,20918
0.0,20919
1040.1559476770171,20920
0.0,20921
0.0,20922
1032.7162662259207,20923
0.0,20924
0.0,20925
0.0,20926
0.0,20927
0.0,20928
0.0,20929
1026.0292886419663,20930
0.0,20931
0.0,20932
0.0,20933
0.0,20934
0.0,20935
0.0,20936
0.0,20937
0.0,20938
0.0,20939
0.0,20940
0.0,20941
0.0,20942
0.0,20943
0.0,20944
0.0,20945
0.0,20946
189.7946529349975,20947
0.0,20948
0.0,20949
0.0,20950
0.0,20951
0.0,20952
0.0,20953
0.0,20954
0.0,20955
0.0,20956
0.0,20957
0.0,20958
0.0,20959
0.0,20960
1155.984954797298,20961
245.21958296686552,20962
0.0,20963
0.0,20964
0.0,20965
0.0,20966
0.0,20967
0.0,20968
0.0,20969
0.0,20970
0.0,20971
0.0,20972
0.0,20973
0.0,20974
1131.8948865964276,20975
0.0,20976
0.0,20977
0.0,20978
0.0,20979
0.0,20980
0.0,20981
1667.6984416142363,20982
0.0,20983
0.0,20984
0.0,20985
0.0,20986
0.0,20987
2499.481350566447,20988
0.0,20989
3319.0321600031875,20990
1451.9895440693567,20991
0.0,20992
878.5717877531488,20993
2436.8626067234786,20994
0.0,20995
2127.762433229639,20996
0.0,20997
0.0,20998
0.0,20999
0.0,21000
0.0,21001
2113.6548580916806,21002
0.0,21003
0.0,21004
627.1355777881203,21005
0.0,21006
0.0,21007
0.0,21008
0.0,21009
0.0,21010
0.0,21011
0.0,21012
0.0,21013
0.0,21014
0.0,21015
0.0,21016
0.0,21017
0.0,21018
675.0319197452047,21019
0.0,21020
0.0,21021
0.0,21022
0.0,21023
123.39509605351407,21024
0.0,21025
0.0,21026
236.12186147933642,21027
0.0,21028
0.0,21029
0.0,21030
0.0,21031
0.0,21032
0.0,21033
0.0,21034
0.0,21035
0.0,21036
0.0,21037
0.0,21038
0.0,21039
1156.3885698091196,21040
0.0,21041
0.0,21042
0.0,21043
0.0,21044
1864.985698322332,21045
0.0,21046
0.0,21047
0.0,21048
0.0,21049
3991.9678678493538,21050
3703.519671307711,21051
0.0,21052
0.0,21053
0.0,21054
1217.5574641428893,21055
0.0,21056
0.0,21057
0.0,21058
0.0,21059
1246.0611610117421,21060
163.0631877332806,21061
334.21280524443625,21062
0.0,21063
1150.316354000766,21064
0.0,21065
0.0,21066
0.0,21067
0.0,21068
0.0,21069
1820.2936201543457,21070
0.0,21071
0.0,21072
397.1184584630942,21073
0.0,21074
116.58427135646201,21075
2515.1879124203583,21076
0.0,21077
3399.3926481279404,21078
108.67951461295635,21079
413.720998512198,21080
0.0,21081
0.0,21082
1407.1756645182784,21083
605.7879076855605,21084
602.6213495253294,21085
0.0,21086
0.0,21087
1488.5352568694734,21088
0.0,21089
0.0,21090
0.0,21091
0.0,21092
100.23007037705885,21093
1427.1306875364994,21094
0.0,21095
2104.3460875039586,21096
0.0,21097
0.0,21098
0.0,21099
0.0,21100
0.0,21101
0.0,21102
1843.0752750501906,21103
1742.237261127706,21104
17049.95164511856,21105
3928.9227653259463,21106
2372.4320979201943,21107
2381.71512574626,21108
2390.2863727653985,21109
0.0,21110
0.0,21111
0.0,21112
0.0,21113
0.0,21114
0.0,21115
0.0,21116
2507.9410090515785,21117
0.0,21118
316.0572989225099,21119
0.0,21120
201.8544964737471,21121
186.67565910474903,21122
0.0,21123
0.0,21124
0.0,21125
0.0,21126
0.0,21127
0.0,21128
0.0,21129
0.0,21130
0.0,21131
0.0,21132
1959.4380305556876,21133
0.0,21134
0.0,21135
3230.7905318139965,21136
0.0,21137
0.0,21138
0.0,21139
0.0,21140
0.0,21141
244.22863820886275,21142
0.0,21143
125.61468425408226,21144
717.6410639580515,21145
747.9070700916928,21146
415.72390896766103,21147
0.0,21148
970.1993081467933,21149
0.0,21150
0.0,21151
6105.020378889473,21152
0.0,21153
250.77326356374286,21154
0.0,21155
0.0,21156
2269.207421235755,21157
2174.4438611119804,21158
0.0,21159
2173.4352859165974,21160
0.0,21161
0.0,21162
1800.2390133279378,21163
1684.8530576261667,21164
0.0,21165
0.0,21166
2227.897472619218,21167
389.6956605826882,21168
1760.3700333748861,21169
1356.8958952347275,21170
0.0,21171
1352.5796718293363,21172
4305.917168601875,21173
1743.6019879509993,21174
1287.4059685682407,21175
782.8261917074637,21176
558.8119895346869,21177
546.9475110627054,21178
535.4859229182251,21179
0.0,21180
524.6403595809742,21181
0.0,21182
0.0,21183
0.0,21184
0.0,21185
514.5244306718582,21186
1602.52685581402,21187
0.0,21188
2402.221419116958,21189
96.76881323575932,21190
357.82506286780773,21191
0.0,21192
2742.108531015159,21193
1111.8160870879863,21194
0.0,21195
0.0,21196
0.0,21197
0.0,21198
0.0,21199
0.0,21200
0.0,21201
0.0,21202
0.0,21203
0.0,21204
0.0,21205
0.0,21206
0.0,21207
0.0,21208
0.0,21209
13498.991661238759,21210
0.0,21211
0.0,21212
0.0,21213
0.0,21214
0.0,21215
0.0,21216
0.0,21217
0.0,21218
0.0,21219
0.0,21220
1225.462011154983,21221
0.0,21222
0.0,21223
0.0,21224
0.0,21225
0.0,21226
0.0,21227
0.0,21228
0.0,21229
0.0,21230
0.0,21231
0.0,21232
0.0,21233
0.0,21234
0.0,21235
0.0,21236
0.0,21237
0.0,21238
0.0,21239
0.0,21240
0.0,21241
0.0,21242
0.0,21243
0.0,21244
0.0,21245
0.0,21246
0.0,21247
1742.7043831873775,21248
0.0,21249
0.0,21250
0.0,21251
0.0,21252
0.0,21253
0.0,21254
0.0,21255
0.0,21256
8081.394696544283,21257
0.0,21258
0.0,21259
0.0,21260
707.9836293488918,21261
688.7394216983618,21262
0.0,21263
3491.865213717652,21264
0.0,21265
0.0,21266
0.0,21267
0.0,21268
0.0,21269
0.0,21270
0.0,21271
0.0,21272
0.0,21273
0.0,21274
0.0,21275
0.0,21276
0.0,21277
0.0,21278
1489.6579595894423,21279
0.0,21280
0.0,21281
0.0,21282
0.0,21283
0.0,21284
0.0,21285
0.0,21286
0.0,21287
0.0,21288
0.0,21289
0.0,21290
0.0,21291
0.0,21292
0.0,21293
1221.0208625463642,21294
1889.933422220119,21295
2203.8385206973476,21296
3393.352531787763,21297
0.0,21298
0.0,21299
2252.414426311816,21300
0.0,21301
0.0,21302
32.812004485978505,21303
0.0,21304
0.0,21305
0.0,21306
0.0,21307
0.0,21308
0.0,21309
0.0,21310
0.0,21311
491.8098286157572,21312
1871.9764630034365,21313
0.0,21314
0.0,21315
0.0,21316
0.0,21317
0.0,21318
0.0,21319
0.0,21320
2456.261764598395,21321
0.0,21322
2469.8550863665573,21323
2447.5379592151867,21324
0.0,21325
0.0,21326
34.89841555542475,21327
1981.0022247047323,21328
0.0,21329
1660.547493394888,21330
1584.9183308462354,21331
0.0,21332
0.0,21333
1840.8581873075236,21334
0.0,21335
2374.1603900644936,21336
0.0,21337
0.0,21338
0.0,21339
0.0,21340
865.7288352287349,21341
0.0,21342
0.0,21343
0.0,21344
0.0,21345
1453.6146601309126,21346
0.0,21347
1174.95632707193,21348
1172.8950070035294,21349
1452.9668554826276,21350
1452.5781025047238,21351
0.0,21352
1170.6576502762275,21353
1524.8718470825675,21354
1532.6500618052742,21355
1521.5522063369917,21356
0.0,21357
0.0,21358
0.0,21359
0.0,21360
0.0,21361
0.0,21362
2584.588848854119,21363
0.0,21364
2227.2477413244774,21365
1102.655803481823,21366
0.0,21367
0.0,21368
0.0,21369
0.0,21370
1386.3445639256984,21371
0.0,21372
0.0,21373
0.0,21374
44.22215149702934,21375
0.0,21376
0.0,21377
0.0,21378
1695.7746189197933,21379
734.0906099873464,21380
0.0,21381
0.0,21382
0.0,21383
0.0,21384
0.0,21385
0.0,21386
0.0,21387
0.0,21388
0.0,21389
0.0,21390
0.0,21391
2.615927360672266,21392
0.0,21393
0.0,21394
0.0,21395
0.0,21396
0.0,21397
0.0,21398
0.0,21399
0.0,21400
0.0,21401
0.0,21402
0.0,21403
0.0,21404
0.0,21405
0.0,21406
0.0,21407
0.0,21408
0.0,21409
817.8232181620792,21410
0.0,21411
0.0,21412
1125.0943616595127,21413
1196.9327981163237,21414
0.0,21415
0.0,21416
0.0,21417
0.0,21418
0.0,21419
0.0,21420
0.0,21421
0.0,21422
0.0,21423
0.0,21424
0.0,21425
0.0,21426
0.0,21427
0.0,21428
0.0,21429
0.0,21430
0.0,21431
0.0,21432
0.0,21433
0.0,21434
1229.0179420981221,21435
0.0,21436
1217.619555075589,21437
843.7768218431999,21438
135.23346774555725,21439
849.1574879240898,21440
133.69775771668742,21441
0.0,21442
0.0,21443
129.58231040019857,21444
0.0,21445
0.0,21446
0.0,21447
1543.1938323805302,21448
0.0,21449
149.1613386756248,21450
0.0,21451
1614.6122514858246,21452
0.0,21453
152.85815815006004,21454
0.0,21455
0.0,21456
0.0,21457
1801.7569620949112,21458
0.0,21459
210.77793054533797,21460
0.0,21461
0.0,21462
1540.1357789737056,21463
125.25898241574025,21464
0.0,21465
437.00541163122284,21466
0.0,21467
119.46985218418033,21468
0.0,21469
0.0,21470
0.0,21471
1538.9987128934886,21472
0.0,21473
631.9271672238257,21474
0.0,21475
0.0,21476
109.69157706702347,21477
638.1486934152944,21478
0.0,21479
105.24993366189955,21480
0.0,21481
0.0,21482
828.4053193474678,21483
0.0,21484
1297.4072030807372,21485
0.0,21486
952.7875925169774,21487
0.0,21488
0.0,21489
0.0,21490
0.0,21491
0.0,21492
0.0,21493
0.0,21494
0.0,21495
0.0,21496
0.0,21497
833.4918530263814,21498
12861.327020802311,21499
0.0,21500
0.0,21501
1897.1575122391728,21502
0.0,21503
1900.204890633314,21504
0.0,21505
87.58060182552249,21506
0.0,21507
93.13402135640034,21508
0.0,21509
0.0,21510
99.00390666950614,21511
105.08043225333364,21512
0.0,21513
0.0,21514
235.97942546465362,21515
0.0,21516
0.0,21517
0.0,21518
0.0,21519
15651.016440874091,21520
0.0,21521
0.0,21522
0.0,21523
0.0,21524
0.0,21525
0.0,21526
0.0,21527
246.27750874428702,21528
0.0,21529
0.0,21530
0.0,21531
0.0,21532
0.0,21533
1559.7310353572382,21534
0.0,21535
12158.992560663946,21536
0.0,21537
0.0,21538
0.0,21539
0.0,21540
0.0,21541
1571.3542752633664,21542
0.0,21543
0.0,21544
0.0,21545
0.0,21546
0.0,21547
0.0,21548
0.0,21549
0.0,21550
0.0,21551
0.0,21552
0.0,21553
2014.2467133278094,21554
2006.2915472437646,21555
0.0,21556
0.0,21557
0.0,21558
0.0,21559
0.0,21560
0.0,21561
0.0,21562
0.0,21563
1783.302071199588,21564
0.0,21565
0.0,21566
0.0,21567
987.346376851161,21568
0.0,21569
0.0,21570
0.0,21571
0.0,21572
3659.1548781988463,21573
0.0,21574
1360.9281351512816,21575
0.0,21576
0.0,21577
2348.740899020434,21578
3125.2845944972205,21579
0.0,21580
0.0,21581
0.0,21582
0.0,21583
3333.1684739948687,21584
0.0,21585
2036.4961350363924,21586
0.0,21587
0.0,21588
0.0,21589
0.0,21590
0.0,21591
1626.5004639464912,21592
0.0,21593
386.1352134177404,21594
0.0,21595
0.0,21596
1271.9369242365394,21597
0.0,21598
0.0,21599
3220.3277188710153,21600
1269.5571474695678,21601
0.0,21602
0.0,21603
0.0,21604
1048.0721479826268,21605
0.0,21606
801.849347866928,21607
0.0,21608
0.0,21609
1496.2557741989076,21610
1049.7088894668054,21611
1344.377845828204,21612
170.13455526799322,21613
0.0,21614
0.0,21615
0.0,21616
0.0,21617
0.0,21618
0.0,21619
1499.3943503451412,21620
0.0,21621
1783.3323953302527,21622
347.46142882352024,21623
3987.7450576801452,21624
0.0,21625
1987.0625318139257,21626
0.0,21627
0.0,21628
0.0,21629
2455.0184657790446,21630
520.6623184024813,21631
0.0,21632
0.0,21633
0.0,21634
5251.704384632966,21635
0.0,21636
0.0,21637
0.0,21638
3385.308357934111,21639
0.0,21640
0.0,21641
0.0,21642
0.0,21643
0.0,21644
2130.4983039301346,21645
944.3408158721792,21646
3295.2797692049917,21647
513.5368190121072,21648
0.0,21649
0.0,21650
0.0,21651
28.433463481425253,21652
1429.9480523538482,21653
0.0,21654
0.0,21655
1029.984177181904,21656
2190.569884056675,21657
6855.90329313315,21658
28.788619587026535,21659
0.0,21660
1991.486331690547,21661
0.0,21662
0.0,21663
0.0,21664
3443.060717064877,21665
1508.8646924333752,21666
6490.981862871299,21667
611.8016715490464,21668
3224.106494634053,21669
0.0,21670
1188.491301977295,21671
0.0,21672
0.0,21673
5215.531065048605,21674
2231.0257346678713,21675
1353.2091744745967,21676
291.33566704424703,21677
2034.3366529905504,21678
0.0,21679
0.0,21680
0.0,21681
0.0,21682
0.0,21683
441.52386964828196,21684
0.0,21685
0.0,21686
0.0,21687
0.0,21688
0.0,21689
292.6286189251965,21690
0.0,21691
3122.333585117545,21692
414.9576885624182,21693
0.0,21694
0.0,21695
0.0,21696
6202.597549571077,21697
0.0,21698
0.0,21699
2172.578529949297,21700
0.0,21701
7111.299068047341,21702
2763.3283073565312,21703
741.2714150890496,21704
1522.5822463268069,21705
0.0,21706
0.0,21707
0.0,21708
1041.3873324946221,21709
343.2562014184966,21710
1569.5897266704199,21711
3221.0391386051474,21712
2365.559750565083,21713
0.0,21714
3282.368382143541,21715
0.0,21716
0.0,21717
286.6132442944154,21718
0.0,21719
417.6420051118793,21720
4410.571695370282,21721
128.34564590508865,21722
0.0,21723
3268.895256132386,21724
5225.34793160724,21725
2152.454900610463,21726
1107.9943031356722,21727
0.0,21728
0.0,21729
715.1257155280101,21730
0.0,21731
0.0,21732
4055.719294377152,21733
1372.0429005050814,21734
0.0,21735
0.0,21736
2030.5103425552786,21737
0.0,21738
0.0,21739
1449.5574800322647,21740
0.0,21741
0.0,21742
0.0,21743
64.62293904524984,21744
0.0,21745
0.0,21746
0.0,21747
0.0,21748
0.0,21749
0.0,21750
0.0,21751
0.0,21752
0.0,21753
0.0,21754
2835.4744530780154,21755
0.0,21756
0.0,21757
0.0,21758
0.0,21759
0.0,21760
0.0,21761
0.0,21762
0.0,21763
0.0,21764
77.11765586050639,21765
0.0,21766
0.0,21767
0.0,21768
1044.2719545702928,21769
0.0,21770
88.65633970036974,21771
0.0,21772
124.99037923348989,21773
0.0,21774
0.0,21775
0.0,21776
0.0,21777
0.0,21778
0.0,21779
3618.152601533993,21780
5432.795860601843,21781
2126.8733744534693,21782
0.0,21783
0.0,21784
1271.7935550174443,21785
2661.0611233367545,21786
0.0,21787
0.0,21788
0.0,21789
294.9711331065545,21790
535.3320814224829,21791
0.0,21792
0.0,21793
561.5000871929673,21794
0.0,21795
0.0,21796
0.0,21797
0.0,21798
0.0,21799
0.0,21800
0.0,21801
177.85730932510194,21802
0.0,21803
0.0,21804
575.7194857938874,21805
0.0,21806
0.0,21807
0.0,21808
0.0,21809
0.0,21810
790.0379210861971,21811
591.6614254021471,21812
0.0,21813
0.0,21814
0.0,21815
0.0,21816
0.0,21817
0.0,21818
0.0,21819
0.0,21820
0.0,21821
0.0,21822
0.0,21823
0.0,21824
0.0,21825
0.0,21826
0.0,21827
0.0,21828
0.0,21829
0.0,21830
0.0,21831
0.0,21832
0.0,21833
0.0,21834
245.89069775485564,21835
0.0,21836
0.0,21837
0.0,21838
0.0,21839
0.0,21840
0.0,21841
0.0,21842
0.0,21843
0.0,21844
0.0,21845
0.0,21846
0.0,21847
0.0,21848
0.0,21849
0.0,21850
0.0,21851
0.0,21852
0.0,21853
0.0,21854
0.0,21855
0.0,21856
0.0,21857
0.0,21858
0.0,21859
0.0,21860
0.0,21861
0.0,21862
0.0,21863
0.0,21864
0.0,21865
0.0,21866
0.0,21867
654.1380277635883,21868
0.0,21869
0.0,21870
0.0,21871
0.0,21872
0.0,21873
0.0,21874
0.0,21875
0.0,21876
0.0,21877
0.0,21878
0.0,21879
255.55918066879605,21880
0.0,21881
0.0,21882
0.0,21883
149.43459780963045,21884
0.0,21885
0.0,21886
0.0,21887
0.0,21888
0.0,21889
0.0,21890
82.95702194292028,21891
0.0,21892
0.0,21893
0.0,21894
0.0,21895
0.0,21896
0.0,21897
0.0,21898
0.0,21899
0.0,21900
0.0,21901
0.0,21902
0.0,21903
0.0,21904
0.0,21905
0.0,21906
0.0,21907
0.0,21908
0.0,21909
0.0,21910
0.0,21911
0.0,21912
0.0,21913
0.0,21914
0.0,21915
0.0,21916
0.0,21917
0.0,21918
0.0,21919
0.0,21920
0.0,21921
0.0,21922
0.0,21923
0.0,21924
1002.6966548299014,21925
0.0,21926
0.0,21927
0.0,21928
0.0,21929
0.0,21930
0.0,21931
0.0,21932
0.0,21933
0.0,21934
0.0,21935
0.0,21936
44.23443108906535,21937
0.0,21938
0.0,21939
0.0,21940
0.0,21941
0.0,21942
0.0,21943
0.0,21944
0.0,21945
0.0,21946
0.0,21947
0.0,21948
39.54706112379796,21949
0.0,21950
0.0,21951
0.0,21952
0.0,21953
0.0,21954
0.0,21955
0.0,21956
0.0,21957
0.0,21958
0.0,21959
0.0,21960
1480.7467765959796,21961
0.0,21962
1488.4458629491178,21963
0.0,21964
0.0,21965
0.0,21966
447.15770181746376,21967
0.0,21968
476.3850426079895,21969
0.0,21970
0.0,21971
11362.979813148555,21972
1498.0930549385578,21973
0.0,21974
0.0,21975
0.0,21976
0.0,21977
0.0,21978
0.0,21979
1348.0952837964383,21980
0.0,21981
0.0,21982
0.0,21983
0.0,21984
0.0,21985
0.0,21986
0.0,21987
1503.3137207527404,21988
0.0,21989
0.0,21990
0.0,21991
0.0,21992
0.0,21993
0.0,21994
0.0,21995
0.0,21996
0.0,21997
0.0,21998
0.0,21999
0.0,22000
0.0,22001
0.0,22002
0.0,22003
0.0,22004
0.0,22005
0.0,22006
0.0,22007
0.0,22008
0.0,22009
1120.0322192615095,22010
1507.279141777137,22011
0.0,22012
0.0,22013
0.0,22014
0.0,22015
0.0,22016
1119.455128560362,22017
0.0,22018
0.0,22019
1458.8271419448738,22020
1119.4785123805266,22021
0.0,22022
0.0,22023
0.0,22024
0.0,22025
0.0,22026
0.0,22027
0.0,22028
0.0,22029
0.0,22030
0.0,22031
0.0,22032
0.0,22033
0.0,22034
0.0,22035
0.0,22036
0.0,22037
1418.7252489919556,22038
0.0,22039
0.0,22040
0.0,22041
0.0,22042
0.0,22043
1117.2264200610782,22044
0.0,22045
1419.234976698231,22046
0.0,22047
0.0,22048
0.0,22049
0.0,22050
0.0,22051
0.0,22052
0.0,22053
0.0,22054
0.0,22055
0.0,22056
0.0,22057
0.0,22058
0.0,22059
0.0,22060
1513.7780938942753,22061
0.0,22062
513.036652261897,22063
0.0,22064
0.0,22065
0.0,22066
0.0,22067
0.0,22068
0.0,22069
1095.379768629335,22070
0.0,22071
0.0,22072
0.0,22073
0.0,22074
1113.0883758926027,22075
0.0,22076
0.0,22077
0.0,22078
0.0,22079
0.0,22080
0.0,22081
0.0,22082
0.0,22083
0.0,22084
1111.3474888573598,22085
1511.4016616205156,22086
0.0,22087
0.0,22088
0.0,22089
0.0,22090
0.0,22091
1109.792222729231,22092
0.0,22093
0.0,22094
0.0,22095
0.0,22096
0.0,22097
0.0,22098
0.0,22099
1272.411663036636,22100
0.0,22101
1111.4335371169718,22102
0.0,22103
295.5691327656605,22104
0.0,22105
0.0,22106
0.0,22107
0.0,22108
0.0,22109
0.0,22110
0.0,22111
0.0,22112
1104.0297821945944,22113
0.0,22114
1821.1620901902543,22115
802.5708614540293,22116
0.0,22117
1093.4906959954153,22118
0.0,22119
0.0,22120
1419.9402203535083,22121
0.0,22122
0.0,22123
0.0,22124
0.0,22125
0.0,22126
1092.3293574659053,22127
0.0,22128
1511.3846975517217,22129
0.0,22130
0.0,22131
0.0,22132
0.0,22133
0.0,22134
0.0,22135
0.0,22136
0.0,22137
0.0,22138
0.0,22139
0.0,22140
1035.4127174842497,22141
0.0,22142
0.0,22143
0.0,22144
1088.080300451306,22145
264.61129957554954,22146
0.0,22147
0.0,22148
0.0,22149
0.0,22150
0.0,22151
0.0,22152
0.0,22153
0.0,22154
0.0,22155
0.0,22156
1085.9083394814709,22157
0.0,22158
0.0,22159
0.0,22160
0.0,22161
260.581200548997,22162
0.0,22163
1085.0178814259707,22164
0.0,22165
0.0,22166
1664.5651169830282,22167
4098.86718869255,22168
0.0,22169
0.0,22170
2518.817625402463,22171
1609.2863970992012,22172
206.512112619183,22173
0.0,22174
204.53078897643016,22175
201.96860033840204,22176
0.0,22177
1501.164271744234,22178
1073.7762528592862,22179
2275.835416529687,22180
0.0,22181
0.0,22182
1493.6177167992253,22183
0.0,22184
0.0,22185
0.0,22186
0.0,22187
1075.408364706953,22188
0.0,22189
913.6977593679402,22190
1487.0257237079131,22191
1481.8515132393009,22192
1476.635090911039,22193
0.0,22194
2508.0594552412203,22195
0.0,22196
0.0,22197
0.0,22198
0.0,22199
1848.94498006757,22200
0.0,22201
1469.7185743610569,22202
0.0,22203
1577.930097426156,22204
1462.7817608377195,22205
0.0,22206
0.0,22207
0.0,22208
0.0,22209
0.0,22210
0.0,22211
0.0,22212
0.0,22213
2493.7884042134287,22214
0.0,22215
0.0,22216
0.0,22217
1060.4547212711907,22218
0.0,22219
0.0,22220
1925.3799996311493,22221
0.0,22222
0.0,22223
0.0,22224
0.0,22225
0.0,22226
0.0,22227
0.0,22228
1923.161905675089,22229
0.0,22230
0.0,22231
0.0,22232
0.0,22233
93.64179084170256,22234
0.0,22235
0.0,22236
0.0,22237
995.7791041565284,22238
0.0,22239
628.3633654321226,22240
0.0,22241
630.7349470119817,22242
634.0779167693919,22243
0.0,22244
0.0,22245
0.0,22246
2238.3338544789817,22247
0.0,22248
0.0,22249
0.0,22250
0.0,22251
0.0,22252
0.0,22253
0.0,22254
0.0,22255
0.0,22256
0.0,22257
0.0,22258
0.0,22259
0.0,22260
0.0,22261
0.0,22262
0.0,22263
0.0,22264
0.0,22265
0.0,22266
0.0,22267
0.0,22268
0.0,22269
0.0,22270
0.0,22271
0.0,22272
0.0,22273
0.0,22274
0.0,22275
0.0,22276
0.0,22277
0.0,22278
0.0,22279
0.0,22280
0.0,22281
0.0,22282
0.0,22283
0.0,22284
0.0,22285
0.0,22286
0.0,22287
0.0,22288
0.0,22289
0.0,22290
0.0,22291
0.0,22292
0.0,22293
0.0,22294
0.0,22295
0.0,22296
0.0,22297
0.0,22298
0.0,22299
0.0,22300
0.0,22301
0.0,22302
0.0,22303
0.0,22304
0.0,22305
0.0,22306
0.0,22307
0.0,22308
0.0,22309
0.0,22310
0.0,22311
0.0,22312
0.0,22313
0.0,22314
0.0,22315
0.0,22316
0.0,22317
0.0,22318
0.0,22319
0.0,22320
0.0,22321
0.0,22322
0.0,22323
751.8677237488562,22324
0.0,22325
0.0,22326
0.0,22327
0.0,22328
0.0,22329
0.0,22330
0.0,22331
0.0,22332
0.0,22333
0.0,22334
0.0,22335
754.3918450905412,22336
1735.0197384978687,22337
0.0,22338
0.0,22339
4417.695739368537,22340
0.0,22341
0.0,22342
0.0,22343
0.0,22344
0.0,22345
0.0,22346
0.0,22347
0.0,22348
0.0,22349
0.0,22350
0.0,22351
0.0,22352
0.0,22353
1264.8104681663106,22354
0.0,22355
3742.8473964802592,22356
0.0,22357
2337.9646036844238,22358
0.0,22359
7638.378391355745,22360
0.0,22361
0.0,22362
0.0,22363
0.0,22364
0.0,22365
0.0,22366
0.0,22367
0.0,22368
0.0,22369
0.0,22370
0.0,22371
0.0,22372
0.0,22373
0.0,22374
0.0,22375
0.0,22376
0.0,22377
0.0,22378
0.0,22379
0.0,22380
0.0,22381
0.0,22382
0.0,22383
0.0,22384
0.0,22385
0.0,22386
0.0,22387
0.0,22388
0.0,22389
0.0,22390
0.0,22391
0.0,22392
0.0,22393
0.0,22394
0.0,22395
0.0,22396
0.0,22397
1554.0412747558184,22398
0.0,22399
1563.050052952092,22400
0.0,22401
0.0,22402
0.0,22403
0.0,22404
0.0,22405
0.0,22406
1608.8320679332203,22407
0.0,22408
1608.6048938915044,22409
0.0,22410
0.0,22411
0.0,22412
0.0,22413
0.0,22414
0.0,22415
0.0,22416
0.0,22417
2738.714343028458,22418
1873.7347005097076,22419
0.0,22420
689.8234348802343,22421
1750.8780982011467,22422
0.0,22423
0.0,22424
0.0,22425
0.0,22426
0.0,22427
0.0,22428
0.0,22429
0.0,22430
0.0,22431
0.0,22432
0.0,22433
0.0,22434
0.0,22435
0.0,22436
225.6106141366399,22437
0.0,22438
0.0,22439
0.0,22440
0.0,22441
0.0,22442
0.0,22443
1140.2756208853307,22444
3631.8982291359607,22445
0.0,22446
3303.565505525766,22447
438.0128403330233,22448
0.0,22449
0.0,22450
0.0,22451
1392.529679214737,22452
0.0,22453
0.0,22454
0.0,22455
0.0,22456
0.0,22457
1096.18287013679,22458
0.0,22459
0.0,22460
93.87852947244278,22461
0.0,22462
569.2700025616372,22463
0.0,22464
0.0,22465
530.8412271511311,22466
0.0,22467
0.0,22468
602.9807251844205,22469
0.0,22470
0.0,22471
0.0,22472
84.0691202597369,22473
0.0,22474
96.33979373980989,22475
0.0,22476
0.0,22477
0.0,22478
578.3794680565154,22479
0.0,22480
1902.9168368218284,22481
0.0,22482
0.0,22483
582.0925602115389,22484
0.0,22485
1576.897016165635,22486
0.0,22487
0.0,22488
0.0,22489
0.0,22490
0.0,22491
0.0,22492
1252.8586177928225,22493
0.0,22494
1211.1052323829206,22495
212.30123528902232,22496
0.0,22497
219.83359615144565,22498
0.0,22499
0.0,22500
0.0,22501
0.0,22502
1739.6894004891928,22503
0.0,22504
0.0,22505
0.0,22506
0.0,22507
228.32951395840888,22508
2504.407385756857,22509
0.0,22510
1615.139944940968,22511
0.0,22512
0.0,22513
0.0,22514
0.0,22515
0.0,22516
2514.3703415735195,22517
0.0,22518
0.0,22519
0.0,22520
0.0,22521
1758.2712470449078,22522
0.0,22523
0.0,22524
578.4273468768565,22525
0.0,22526
1663.4512171753945,22527
0.0,22528
0.0,22529
0.0,22530
0.0,22531
0.0,22532
0.0,22533
0.0,22534
0.0,22535
0.0,22536
0.0,22537
0.0,22538
0.0,22539
0.0,22540
1517.2916876330762,22541
0.0,22542
0.0,22543
0.0,22544
255.4221315924765,22545
1522.2539694635147,22546
618.4854657429429,22547
0.0,22548
2410.1528400610136,22549
0.0,22550
1328.3406636708903,22551
222.85774669640756,22552
0.0,22553
0.0,22554
232.73468649898146,22555
0.0,22556
0.0,22557
0.0,22558
0.0,22559
0.0,22560
7064.964311322399,22561
0.0,22562
8005.577830000641,22563
0.0,22564
0.0,22565
0.0,22566
826.5964741529957,22567
0.0,22568
0.0,22569
0.0,22570
0.0,22571
0.0,22572
0.0,22573
379.731129746104,22574
2077.15111605187,22575
2010.6916218355655,22576
635.3979771756193,22577
804.4546431706858,22578
3549.567348841131,22579
2349.2469984815016,22580
0.0,22581
397.5380602458105,22582
0.0,22583
3549.7857984874727,22584
0.0,22585
3203.9710412667832,22586
555.6291096903656,22587
0.0,22588
0.0,22589
0.0,22590
2390.320215727676,22591
0.0,22592
1933.1003542698184,22593
0.0,22594
0.0,22595
717.4893341456896,22596
0.0,22597
0.0,22598
0.0,22599
0.0,22600
0.0,22601
5.896304410971055,22602
0.0,22603
0.0,22604
204.04596698282555,22605
194.32572269316714,22606
0.0,22607
0.0,22608
2680.7314258376787,22609
170.0848117749119,22610
0.0,22611
1269.041636861251,22612
1265.4499534352672,22613
1262.3106500162519,22614
0.0,22615
0.0,22616
0.0,22617
0.0,22618
0.0,22619
0.0,22620
919.4753832913041,22621
0.0,22622
0.0,22623
0.0,22624
0.0,22625
837.3732616974819,22626
0.0,22627
0.0,22628
0.0,22629
1370.9375537239341,22630
0.0,22631
1171.2841064253248,22632
53.537215926076854,22633
0.0,22634
0.0,22635
0.0,22636
467.35333151669187,22637
243.64972341319663,22638
4311.3842880119855,22639
3737.4716699709593,22640
1898.7986893103903,22641
0.0,22642
0.0,22643
92.60690688322275,22644
0.0,22645
0.0,22646
0.0,22647
0.0,22648
0.0,22649
0.0,22650
2943.248363995195,22651
980.6503040195732,22652
966.450205541976,22653
100.99382386238977,22654
1206.3137607610624,22655
2009.0537364012262,22656
0.0,22657
0.0,22658
0.0,22659
0.0,22660
0.0,22661
0.0,22662
555.4579725205472,22663
0.0,22664
0.0,22665
0.0,22666
0.0,22667
0.0,22668
0.0,22669
4401.420159514467,22670
526.9171346673676,22671
1922.3272456746806,22672
0.0,22673
3103.15981703781,22674
660.2144273300188,22675
4071.503799612136,22676
2810.045883086353,22677
747.9076292821815,22678
1291.612170925063,22679
0.0,22680
520.6274533984492,22681
0.0,22682
2798.937709802421,22683
0.0,22684
0.0,22685
0.0,22686
518.7078516445401,22687
1514.0337806762159,22688
0.0,22689
0.0,22690
0.0,22691
0.0,22692
0.0,22693
0.0,22694
28.336536288945343,22695
0.0,22696
634.8198728867256,22697
0.0,22698
0.0,22699
0.0,22700
0.0,22701
0.0,22702
0.0,22703
0.0,22704
0.0,22705
0.0,22706
0.0,22707
0.0,22708
0.0,22709
0.0,22710
0.0,22711
0.0,22712
0.0,22713
165.95905541255408,22714
0.0,22715
0.0,22716
0.0,22717
1105.6589822947844,22718
0.0,22719
0.0,22720
0.0,22721
0.0,22722
0.0,22723
6272.125741061748,22724
0.0,22725
0.0,22726
0.0,22727
0.0,22728
454.7587466186311,22729
0.0,22730
0.0,22731
0.0,22732
0.0,22733
0.0,22734
0.0,22735
0.0,22736
0.0,22737
0.0,22738
0.0,22739
0.0,22740
457.5205496230917,22741
0.0,22742
3771.709065271367,22743
0.0,22744
0.0,22745
3870.672587432062,22746
5.119719335657463,22747
0.0,22748
0.0,22749
2168.30502289134,22750
3498.914108187627,22751
0.0,22752
2599.102413692379,22753
0.0,22754
0.0,22755
0.0,22756
0.0,22757
0.0,22758
0.0,22759
0.0,22760
0.0,22761
0.0,22762
0.0,22763
0.0,22764
0.0,22765
0.0,22766
0.0,22767
0.0,22768
0.0,22769
0.0,22770
0.0,22771
0.0,22772
0.0,22773
361.0686400086583,22774
0.0,22775
0.0,22776
349.00059377749506,22777
0.0,22778
0.0,22779
0.0,22780
0.0,22781
0.0,22782
0.0,22783
0.0,22784
0.0,22785
0.0,22786
0.0,22787
0.0,22788
0.0,22789
0.0,22790
0.0,22791
0.0,22792
0.0,22793
0.0,22794
0.0,22795
0.0,22796
0.0,22797
0.0,22798
0.0,22799
0.0,22800
0.0,22801
0.0,22802
1404.525708745092,22803
1024.314764143206,22804
0.0,22805
0.0,22806
0.0,22807
0.0,22808
0.0,22809
0.0,22810
0.0,22811
0.0,22812
1274.1616142053354,22813
0.0,22814
0.0,22815
0.0,22816
0.0,22817
0.0,22818
1765.7202168970198,22819
0.0,22820
0.0,22821
0.0,22822
0.0,22823
2050.59755751244,22824
1069.6828445015562,22825
0.0,22826
0.0,22827
781.6963258698134,22828
0.0,22829
979.3826811450291,22830
0.0,22831
0.0,22832
0.0,22833
0.0,22834
816.2198686673731,22835
882.6956585180072,22836
0.0,22837
0.0,22838
0.0,22839
0.0,22840
0.0,22841
0.0,22842
0.0,22843
0.0,22844
0.0,22845
0.0,22846
0.0,22847
0.0,22848
0.0,22849
47.17357063576057,22850
0.0,22851
0.0,22852
0.0,22853
0.0,22854
0.0,22855
281.7288146086943,22856
2094.447096439721,22857
0.0,22858
657.3888635319362,22859
122.05941804287271,22860
295.47609586083206,22861
0.0,22862
456.75008825736916,22863
0.0,22864
661.5761278324381,22865
0.0,22866
989.2329420029002,22867
0.0,22868
305.7414832704065,22869
982.6581266347824,22870
2107.4421918052712,22871
319.70749205015426,22872
973.5101097479255,22873
798.3449616129788,22874
0.0,22875
344.47345194639183,22876
572.7284113736387,22877
0.0,22878
0.0,22879
0.0,22880
0.0,22881
0.0,22882
546.9218466726434,22883
727.322445715289,22884
825.7469025835117,22885
1514.8241736267053,22886
0.0,22887
1473.1418296118768,22888
0.0,22889
551.2417964163045,22890
2594.261826168678,22891
0.0,22892
0.0,22893
0.0,22894
0.0,22895
0.0,22896
4221.317937760993,22897
0.0,22898
0.0,22899
0.0,22900
4477.329488096008,22901
0.0,22902
0.0,22903
0.0,22904
0.0,22905
0.0,22906
0.0,22907
0.0,22908
3750.999088392334,22909
0.0,22910
0.0,22911
0.0,22912
0.0,22913
858.7851424538925,22914
0.0,22915
0.0,22916
0.0,22917
0.0,22918
0.0,22919
0.0,22920
0.0,22921
0.0,22922
0.0,22923
0.0,22924
0.0,22925
3246.657283433528,22926
0.0,22927
0.0,22928
0.0,22929
0.0,22930
0.0,22931
0.0,22932
0.0,22933
3744.503613061061,22934
0.0,22935
170.75907519590027,22936
0.0,22937
0.0,22938
0.0,22939
1582.8359844844947,22940
0.0,22941
0.0,22942
0.0,22943
0.0,22944
3143.4380361552853,22945
0.0,22946
0.0,22947
513.0927061125823,22948
0.0,22949
0.0,22950
0.0,22951
0.0,22952
0.0,22953
0.0,22954
0.0,22955
0.0,22956
0.0,22957
388.2610594120648,22958
0.0,22959
0.0,22960
3476.9751964945317,22961
0.0,22962
0.0,22963
0.0,22964
0.0,22965
0.0,22966
0.0,22967
832.8125161274079,22968
0.0,22969
0.0,22970
0.0,22971
0.0,22972
0.0,22973
0.0,22974
0.0,22975
0.0,22976
781.093792308278,22977
0.0,22978
3570.8529793974308,22979
0.0,22980
0.0,22981
0.0,22982
0.0,22983
0.0,22984
943.6052537321077,22985
0.0,22986
0.0,22987
0.0,22988
0.0,22989
674.6114808964356,22990
0.0,22991
0.0,22992
0.0,22993
0.0,22994
2062.4456557396666,22995
0.0,22996
0.0,22997
0.0,22998
0.0,22999
0.0,23000
0.0,23001
311.36651649097354,23002
1240.5612469088014,23003
0.0,23004
0.0,23005
0.0,23006
0.0,23007
834.9166367578366,23008
0.0,23009
2504.64543751396,23010
1029.0241329347693,23011
0.0,23012
0.0,23013
0.0,23014
1313.7980274153097,23015
0.0,23016
553.8154283618466,23017
1609.103693859347,23018
0.0,23019
0.0,23020
0.0,23021
1597.5775411443099,23022
0.0,23023
0.0,23024
0.0,23025
0.0,23026
0.0,23027
0.0,23028
0.0,23029
0.0,23030
0.0,23031
0.0,23032
0.0,23033
0.0,23034
0.0,23035
0.0,23036
0.0,23037
0.0,23038
0.0,23039
0.0,23040
0.0,23041
0.0,23042
0.0,23043
0.0,23044
0.0,23045
0.0,23046
0.0,23047
1002.7131121826984,23048
0.0,23049
0.0,23050
0.0,23051
0.0,23052
0.0,23053
0.0,23054
0.0,23055
0.0,23056
0.0,23057
0.0,23058
0.0,23059
0.0,23060
138.34871713542697,23061
2009.2885977866765,23062
1986.6509085832472,23063
0.0,23064
0.0,23065
0.0,23066
1729.7623123586338,23067
0.0,23068
0.0,23069
0.0,23070
1674.329726787625,23071
0.0,23072
0.0,23073
0.0,23074
0.0,23075
0.0,23076
0.0,23077
0.0,23078
0.0,23079
0.0,23080
0.0,23081
0.0,23082
0.0,23083
0.0,23084
0.0,23085
0.0,23086
0.0,23087
0.0,23088
0.0,23089
0.0,23090
0.0,23091
0.0,23092
0.0,23093
0.0,23094
0.0,23095
0.0,23096
0.0,23097
0.0,23098
0.0,23099
0.0,23100
0.0,23101
0.0,23102
0.0,23103
0.0,23104
0.0,23105
0.0,23106
0.0,23107
0.0,23108
0.0,23109
0.0,23110
0.0,23111
0.0,23112
0.0,23113
0.0,23114
0.0,23115
2027.5757080604083,23116
0.0,23117
0.0,23118
0.0,23119
0.0,23120
0.0,23121
0.0,23122
0.0,23123
0.0,23124
0.0,23125
0.0,23126
0.0,23127
0.0,23128
0.0,23129
0.0,23130
0.0,23131
0.0,23132
493.17566178576214,23133
486.09271739863107,23134
0.0,23135
0.0,23136
0.0,23137
0.0,23138
0.0,23139
0.0,23140
0.0,23141
479.6076389809495,23142
0.0,23143
0.0,23144
2963.4509259655233,23145
0.0,23146
0.0,23147
984.8281920126834,23148
0.0,23149
0.0,23150
0.0,23151
0.0,23152
0.0,23153
0.0,23154
0.0,23155
209.25488789791933,23156
206.34747147779447,23157
0.0,23158
71.04854621829425,23159
0.0,23160
0.0,23161
0.0,23162
889.1337074336449,23163
0.0,23164
188.95493172199315,23165
170.1860355693696,23166
0.0,23167
42.78875398774052,23168
0.0,23169
0.0,23170
3342.1030713876016,23171
0.0,23172
0.0,23173
2297.849654385419,23174
42.239060049745,23175
3330.1648322397414,23176
37.13419045621085,23177
0.0,23178
34.901853052360515,23179
31.588969493227985,23180
27.513246036547354,23181
3145.310666632033,23182
0.0,23183
1110.8682217286735,23184
0.0,23185
0.0,23186
0.0,23187
0.0,23188
0.0,23189
0.0,23190
2086.06789937391,23191
0.0,23192
0.0,23193
0.0,23194
0.0,23195
0.0,23196
0.0,23197
0.0,23198
0.0,23199
0.0,23200
0.0,23201
0.0,23202
0.0,23203
0.0,23204
0.0,23205
0.0,23206
0.0,23207
1534.6768426525748,23208
0.0,23209
0.0,23210
392.6477373496749,23211
0.0,23212
0.0,23213
0.0,23214
0.0,23215
0.0,23216
0.0,23217
0.0,23218
0.0,23219
0.0,23220
0.0,23221
0.0,23222
0.0,23223
0.0,23224
0.0,23225
0.0,23226
0.0,23227
0.0,23228
0.0,23229
0.0,23230
1032.3875457486645,23231
0.0,23232
0.0,23233
0.0,23234
545.8964639169412,23235
0.0,23236
605.6361949700124,23237
697.2198041440887,23238
0.0,23239
147.7934351894936,23240
144.21769112269254,23241
0.0,23242
140.54763567274443,23243
137.12900554580517,23244
281.3040876237692,23245
0.0,23246
50.483645136909175,23247
0.0,23248
275.34813618938847,23249
0.0,23250
0.0,23251
0.0,23252
0.0,23253
1136.5675814958668,23254
0.0,23255
0.0,23256
0.0,23257
0.0,23258
1338.798228010345,23259
0.0,23260
0.0,23261
0.0,23262
0.0,23263
0.0,23264
0.0,23265
0.0,23266
0.0,23267
0.0,23268
0.0,23269
0.0,23270
0.0,23271
0.0,23272
0.0,23273
0.0,23274
0.0,23275
0.0,23276
0.0,23277
6049.355047323782,23278
0.0,23279
2440.23324548519,23280
0.0,23281
0.0,23282
0.0,23283
0.0,23284
0.0,23285
0.0,23286
0.0,23287
3467.8243532220404,23288
0.0,23289
0.0,23290
0.0,23291
0.0,23292
0.0,23293
0.0,23294
937.1052455221694,23295
0.0,23296
0.0,23297
0.0,23298
0.0,23299
0.0,23300
0.0,23301
0.0,23302
0.0,23303
0.0,23304
0.0,23305
0.0,23306
0.0,23307
0.0,23308
0.0,23309
0.0,23310
0.0,23311
0.0,23312
0.0,23313
0.0,23314
0.0,23315
0.0,23316
0.0,23317
0.0,23318
0.0,23319
0.0,23320
0.0,23321
0.0,23322
0.0,23323
0.0,23324
0.0,23325
0.0,23326
0.0,23327
0.0,23328
0.0,23329
0.0,23330
0.0,23331
0.0,23332
0.0,23333
0.0,23334
0.0,23335
0.0,23336
0.0,23337
0.0,23338
0.0,23339
0.0,23340
0.0,23341
0.0,23342
0.0,23343
0.0,23344
0.0,23345
0.0,23346
0.0,23347
0.0,23348
0.0,23349
0.0,23350
0.0,23351
0.0,23352
0.0,23353
0.0,23354
0.0,23355
0.0,23356
0.0,23357
5033.10188951223,23358
0.0,23359
0.0,23360
0.0,23361
0.0,23362
0.0,23363
0.0,23364
0.0,23365
189.62013777892523,23366
0.0,23367
0.0,23368
0.0,23369
0.0,23370
0.0,23371
0.0,23372
0.0,23373
0.0,23374
0.0,23375
0.0,23376
1430.3029992230736,23377
0.0,23378
0.0,23379
1966.269601413845,23380
2833.49079298225,23381
0.0,23382
0.0,23383
1553.8657097113855,23384
0.0,23385
1538.129128793507,23386
0.0,23387
0.0,23388
0.0,23389
6092.287112422408,23390
0.0,23391
0.0,23392
0.0,23393
0.0,23394
0.0,23395
0.0,23396
0.0,23397
0.0,23398
0.0,23399
0.0,23400
0.0,23401
0.0,23402
0.0,23403
0.0,23404
0.0,23405
0.0,23406
0.0,23407
0.0,23408
0.0,23409
0.0,23410
0.0,23411
0.0,23412
0.0,23413
0.0,23414
0.0,23415
0.0,23416
0.0,23417
0.0,23418
0.0,23419
0.0,23420
0.0,23421
0.0,23422
0.0,23423
0.0,23424
0.0,23425
0.0,23426
0.0,23427
0.0,23428
0.0,23429
0.0,23430
0.0,23431
0.0,23432
0.0,23433
0.0,23434
0.0,23435
0.0,23436
0.0,23437
0.0,23438
0.0,23439
0.0,23440
0.0,23441
0.0,23442
0.0,23443
0.0,23444
0.0,23445
0.0,23446
0.0,23447
0.0,23448
0.0,23449
0.0,23450
0.0,23451
0.0,23452
0.0,23453
0.0,23454
0.0,23455
0.0,23456
0.0,23457
0.0,23458
0.0,23459
0.0,23460
0.0,23461
0.0,23462
0.0,23463
0.0,23464
0.0,23465
0.0,23466
0.0,23467
0.0,23468
0.0,23469
0.0,23470
0.0,23471
0.0,23472
0.0,23473
0.0,23474
0.0,23475
0.0,23476
0.0,23477
0.0,23478
0.0,23479
0.0,23480
0.0,23481
0.0,23482
0.0,23483
0.0,23484
0.0,23485
0.0,23486
0.0,23487
0.0,23488
0.0,23489
0.0,23490
0.0,23491
0.0,23492
0.0,23493
0.0,23494
2757.7710001682244,23495
94.06028973671526,23496
1084.0691534371767,23497
0.0,23498
0.0,23499
0.0,23500
0.0,23501
0.0,23502
0.0,23503
0.0,23504
0.0,23505
0.0,23506
0.0,23507
0.0,23508
0.0,23509
121.15956560826535,23510
1169.304105116176,23511
0.0,23512
0.0,23513
0.0,23514
753.2812909975574,23515
1307.888721163224,23516
0.0,23517
3338.8650556977223,23518
0.0,23519
0.0,23520
1295.938303830476,23521
0.0,23522
0.0,23523
0.0,23524
0.0,23525
0.0,23526
0.0,23527
151.59034035997473,23528
0.0,23529
2480.7214923965385,23530
745.959445913859,23531
0.0,23532
0.0,23533
0.0,23534
143.22840115739473,23535
0.0,23536
1178.496681493507,23537
2688.1127543238445,23538
2133.81687688053,23539
0.0,23540
163.607479320959,23541
0.0,23542
149.75751787551485,23543
2977.113260863966,23544
444.1644484233053,23545
707.5027889010556,23546
515.5788147569472,23547
0.0,23548
0.0,23549
0.0,23550
0.0,23551
0.0,23552
0.0,23553
0.0,23554
0.0,23555
0.0,23556
1421.3026114899446,23557
0.0,23558
0.0,23559
0.0,23560
0.0,23561
0.0,23562
1811.6599424561277,23563
0.0,23564
0.0,23565
1126.908426530849,23566
0.0,23567
0.0,23568
0.0,23569
0.0,23570
0.0,23571
0.0,23572
0.0,23573
0.0,23574
0.0,23575
0.0,23576
0.0,23577
0.0,23578
0.0,23579
0.0,23580
0.0,23581
0.0,23582
0.0,23583
0.0,23584
0.0,23585
0.0,23586
0.0,23587
0.0,23588
0.0,23589
0.0,23590
0.0,23591
0.0,23592
0.0,23593
0.0,23594
0.0,23595
0.0,23596
0.0,23597
0.0,23598
0.0,23599
0.0,23600
0.0,23601
0.0,23602
0.0,23603
0.0,23604
0.0,23605
0.0,23606
0.0,23607
0.0,23608
0.0,23609
0.0,23610
0.0,23611
0.0,23612
0.0,23613
0.0,23614
0.0,23615
0.0,23616
0.0,23617
659.9700390337134,23618
640.2035918054819,23619
623.1983196375676,23620
0.0,23621
0.0,23622
0.0,23623
0.0,23624
605.4365192740452,23625
587.7231258033805,23626
569.9193058969591,23627
551.9217501563274,23628
0.0,23629
0.0,23630
0.0,23631
0.0,23632
533.664900754266,23633
0.0,23634
0.0,23635
1046.7892619297027,23636
0.0,23637
0.0,23638
0.0,23639
595.8026771782366,23640
0.0,23641
0.0,23642
0.0,23643
422.31128577306066,23644
96.7448409732072,23645
0.0,23646
159.32033826169135,23647
0.0,23648
2552.6338113157526,23649
560.5356830901936,23650
0.0,23651
0.0,23652
0.0,23653
0.0,23654
0.0,23655
0.0,23656
0.0,23657
0.0,23658
0.0,23659
0.0,23660
1191.7391751541,23661
0.0,23662
2016.5682431888863,23663
0.0,23664
0.0,23665
0.0,23666
0.0,23667
0.0,23668
0.0,23669
0.0,23670
0.0,23671
0.0,23672
0.0,23673
0.0,23674
0.0,23675
0.0,23676
0.0,23677
0.0,23678
0.0,23679
0.0,23680
0.0,23681
0.0,23682
0.0,23683
0.0,23684
0.0,23685
0.0,23686
0.0,23687
0.0,23688
0.0,23689
0.0,23690
0.0,23691
0.0,23692
0.0,23693
0.0,23694
0.0,23695
0.0,23696
0.0,23697
0.0,23698
0.0,23699
0.0,23700
0.0,23701
0.0,23702
0.0,23703
0.0,23704
0.0,23705
0.0,23706
0.0,23707
0.0,23708
0.0,23709
1176.222326245646,23710
0.0,23711
0.0,23712
0.0,23713
0.0,23714
0.0,23715
0.0,23716
0.0,23717
0.0,23718
0.0,23719
0.0,23720
0.0,23721
0.0,23722
0.0,23723
0.0,23724
0.0,23725
0.0,23726
0.0,23727
614.3554145832279,23728
0.0,23729
0.0,23730
0.0,23731
127.0661532530939,23732
0.0,23733
189.65570223612312,23734
0.0,23735
0.0,23736
0.0,23737
0.0,23738
0.0,23739
0.0,23740
0.0,23741
0.0,23742
0.0,23743
262.286636720271,23744
0.0,23745
0.0,23746
0.0,23747
0.0,23748
0.0,23749
0.0,23750
0.0,23751
0.0,23752
0.0,23753
0.0,23754
0.0,23755
0.0,23756
0.0,23757
0.0,23758
0.0,23759
0.0,23760
445.392479709512,23761
1774.6423192593932,23762
0.0,23763
0.0,23764
0.0,23765
0.0,23766
0.0,23767
0.0,23768
0.0,23769
0.0,23770
0.0,23771
641.0816555239605,23772
0.0,23773
0.0,23774
20.70191695388092,23775
610.3548483439806,23776
0.0,23777
0.0,23778
0.0,23779
0.0,23780
0.0,23781
0.0,23782
0.0,23783
0.0,23784
0.0,23785
0.0,23786
0.0,23787
0.0,23788
0.0,23789
1635.5185000132763,23790
0.0,23791
0.0,23792
0.0,23793
0.0,23794
0.0,23795
294.1335172152404,23796
0.0,23797
0.0,23798
0.0,23799
0.0,23800
1508.4584549687634,23801
632.9571219553851,23802
0.0,23803
0.0,23804
308.638538812344,23805
0.0,23806
2528.563911307491,23807
899.505499634602,23808
0.0,23809
0.0,23810
0.0,23811
1027.0171446965946,23812
0.0,23813
0.0,23814
0.0,23815
0.0,23816
0.0,23817
0.0,23818
0.0,23819
0.0,23820
0.0,23821
0.0,23822
0.0,23823
0.0,23824
0.0,23825
0.0,23826
0.0,23827
0.0,23828
0.0,23829
726.4773653000509,23830
866.0558300021436,23831
0.0,23832
0.0,23833
0.0,23834
866.428837027031,23835
0.0,23836
0.0,23837
0.0,23838
866.4359362059657,23839
19.135707675087406,23840
0.0,23841
0.0,23842
0.0,23843
0.0,23844
0.0,23845
0.0,23846
1067.6001188691055,23847
0.0,23848
1072.1240583152457,23849
1070.6850448162725,23850
0.0,23851
434.5362106851926,23852
0.0,23853
0.0,23854
0.0,23855
0.0,23856
0.0,23857
0.0,23858
0.0,23859
0.0,23860
0.0,23861
0.0,23862
0.0,23863
0.0,23864
0.0,23865
0.0,23866
241.84254606310552,23867
0.0,23868
0.0,23869
0.0,23870
0.0,23871
0.0,23872
0.0,23873
0.0,23874
0.0,23875
0.0,23876
0.0,23877
2564.049698868321,23878
0.0,23879
2748.2619294293772,23880
1947.016835505656,23881
0.0,23882
0.0,23883
0.0,23884
0.0,23885
0.0,23886
0.0,23887
0.0,23888
0.0,23889
0.0,23890
0.0,23891
0.0,23892
0.0,23893
0.0,23894
0.0,23895
0.0,23896
0.0,23897
0.0,23898
0.0,23899
0.0,23900
2919.961800122156,23901
0.0,23902
638.9210371253272,23903
0.0,23904
0.0,23905
0.0,23906
0.0,23907
0.0,23908
0.0,23909
1316.5620953182663,23910
0.0,23911
0.0,23912
0.0,23913
0.0,23914
0.0,23915
0.0,23916
0.0,23917
0.0,23918
0.0,23919
0.0,23920
0.0,23921
0.0,23922
0.0,23923
0.0,23924
0.0,23925
0.0,23926
0.0,23927
0.0,23928
0.0,23929
0.0,23930
0.0,23931
0.0,23932
0.0,23933
0.0,23934
0.0,23935
0.0,23936
0.0,23937
0.0,23938
0.0,23939
0.0,23940
0.0,23941
0.0,23942
0.0,23943
0.0,23944
0.0,23945
1515.7729802843062,23946
0.0,23947
0.0,23948
0.0,23949
1644.8400294905894,23950
33.6995244381691,23951
0.0,23952
1775.9736954424386,23953
2789.211152219708,23954
340.52876316248165,23955
481.24073761310177,23956
487.0918182302059,23957
0.0,23958
0.0,23959
573.513406197429,23960
5026.942740004901,23961
0.0,23962
0.0,23963
0.0,23964
0.0,23965
0.0,23966
0.0,23967
0.0,23968
0.0,23969
0.0,23970
0.0,23971
0.0,23972
0.0,23973
0.0,23974
0.0,23975
0.0,23976
0.0,23977
0.0,23978
0.0,23979
0.0,23980
0.0,23981
0.0,23982
985.3182279911717,23983
0.0,23984
0.0,23985
0.0,23986
0.0,23987
0.0,23988
0.0,23989
0.0,23990
2559.412675332048,23991
0.0,23992
0.0,23993
0.0,23994
0.0,23995
0.0,23996
455.7634310232624,23997
0.0,23998
0.0,23999
0.0,24000
7291.262172530778,24001
0.0,24002
0.0,24003
0.0,24004
87.1205228123213,24005
0.0,24006
0.0,24007
0.0,24008
0.0,24009
0.0,24010
0.0,24011
8237.004086746985,24012
0.0,24013
0.0,24014
0.0,24015
0.0,24016
0.0,24017
0.0,24018
0.0,24019
0.0,24020
0.0,24021
0.0,24022
0.0,24023
0.0,24024
0.0,24025
112.54354854158568,24026
0.0,24027
0.0,24028
777.0022894547438,24029
2039.5074938691919,24030
0.0,24031
0.0,24032
0.0,24033
0.0,24034
0.0,24035
0.0,24036
0.0,24037
0.0,24038
0.0,24039
0.0,24040
0.0,24041
0.0,24042
0.0,24043
0.0,24044
0.0,24045
0.0,24046
0.0,24047
0.0,24048
0.0,24049
0.0,24050
0.0,24051
0.0,24052
0.0,24053
2657.388075804257,24054
2650.7216459574097,24055
2642.3197031689333,24056
1375.9530382059675,24057
2623.591484331587,24058
1961.874615355193,24059
2601.339139614405,24060
0.0,24061
0.0,24062
0.0,24063
0.0,24064
0.0,24065
0.0,24066
0.0,24067
0.0,24068
0.0,24069
0.0,24070
0.0,24071
0.0,24072
0.0,24073
334.1687352592551,24074
0.0,24075
0.0,24076
236.39508107137658,24077
144.5634527203448,24078
0.0,24079
146.2282650214772,24080
0.0,24081
0.0,24082
0.0,24083
0.0,24084
0.0,24085
0.0,24086
222.7104992750945,24087
0.0,24088
0.0,24089
0.0,24090
0.0,24091
0.0,24092
0.0,24093
1235.2558158033792,24094
0.0,24095
0.0,24096
0.0,24097
0.0,24098
0.0,24099
3548.0171844999354,24100
0.0,24101
0.0,24102
0.0,24103
0.0,24104
0.0,24105
0.0,24106
0.0,24107
0.0,24108
0.0,24109
0.0,24110
0.0,24111
0.0,24112
0.0,24113
0.0,24114
0.0,24115
0.0,24116
0.0,24117
0.0,24118
1107.0199558827505,24119
0.0,24120
0.0,24121
0.0,24122
0.0,24123
7986.791663717628,24124
0.0,24125
0.0,24126
0.0,24127
0.0,24128
0.0,24129
0.0,24130
0.0,24131
0.0,24132
0.0,24133
0.0,24134
0.0,24135
0.0,24136
0.0,24137
0.0,24138
0.0,24139
307.7798475407908,24140
293.19508853158595,24141
0.0,24142
0.0,24143
0.0,24144
0.0,24145
0.0,24146
0.0,24147
6007.593551414255,24148
0.0,24149
5604.769086332703,24150
272.9839280311566,24151
0.0,24152
138.95098520200273,24153
0.0,24154
0.0,24155
0.0,24156
9248.33253266562,24157
0.0,24158
0.0,24159
0.0,24160
0.0,24161
0.0,24162
0.0,24163
0.0,24164
243.59484381390126,24165
0.0,24166
0.0,24167
0.0,24168
0.0,24169
0.0,24170
0.0,24171
0.0,24172
0.0,24173
0.0,24174
0.0,24175
0.0,24176
115.09805308580735,24177
0.0,24178
0.0,24179
0.0,24180
0.0,24181
0.0,24182
224.5098677104123,24183
2157.4192880181554,24184
0.0,24185
0.0,24186
0.0,24187
0.0,24188
0.0,24189
0.0,24190
0.0,24191
0.0,24192
0.0,24193
0.0,24194
0.0,24195
317.18945096603863,24196
0.0,24197
0.0,24198
0.0,24199
0.0,24200
536.2095283585818,24201
0.0,24202
0.0,24203
0.0,24204
303.7136254288707,24205
0.0,24206
0.0,24207
0.0,24208
0.0,24209
0.0,24210
0.0,24211
0.0,24212
0.0,24213
0.0,24214
696.7855081217455,24215
0.0,24216
0.0,24217
0.0,24218
0.0,24219
864.5831429063544,24220
0.0,24221
857.002753250139,24222
0.0,24223
139.2274127492562,24224
0.0,24225
0.0,24226
0.0,24227
1554.2235447452524,24228
0.0,24229
0.0,24230
2077.0098612024344,24231
0.0,24232
0.0,24233
0.0,24234
0.0,24235
0.0,24236
0.0,24237
0.0,24238
2764.2119529129027,24239
0.0,24240
0.0,24241
0.0,24242
0.0,24243
0.0,24244
0.0,24245
4406.617937764384,24246
612.4893829895747,24247
0.0,24248
462.92715372251735,24249
0.0,24250
0.0,24251
0.0,24252
616.3129645099581,24253
0.0,24254
0.0,24255
0.0,24256
0.0,24257
0.0,24258
0.0,24259
0.0,24260
0.0,24261
0.0,24262
0.0,24263
0.0,24264
0.0,24265
0.0,24266
0.0,24267
0.0,24268
0.0,24269
1019.67370347577,24270
0.0,24271
0.0,24272
0.0,24273
262.66105320844724,24274
0.0,24275
0.0,24276
0.0,24277
0.0,24278
0.0,24279
459.4863601292384,24280
1475.0547346582096,24281
747.2353503882686,24282
0.0,24283
0.0,24284
0.0,24285
0.0,24286
0.0,24287
1078.4476731059865,24288
1064.7714543286654,24289
0.0,24290
9452.669051802646,24291
0.0,24292
1891.0255564808663,24293
1877.9123196737235,24294
1022.421742741931,24295
1379.156373772933,24296
0.0,24297
0.0,24298
0.0,24299
1001.570322481497,24300
137.58317928058258,24301
130.81660751420088,24302
2996.418044596746,24303
3174.56069919185,24304
2985.7383739463403,24305
255.41890289114,24306
0.0,24307
111.1442700844912,24308
0.0,24309
0.0,24310
0.0,24311
0.0,24312
0.0,24313
0.0,24314
0.0,24315
0.0,24316
0.0,24317
0.0,24318
0.0,24319
0.0,24320
3064.4207950342065,24321
0.0,24322
0.0,24323
0.0,24324
0.0,24325
0.0,24326
0.0,24327
0.0,24328
0.0,24329
0.0,24330
0.0,24331
881.8285943580169,24332
0.0,24333
0.0,24334
0.0,24335
0.0,24336
0.0,24337
0.0,24338
0.0,24339
0.0,24340
0.0,24341
0.0,24342
0.0,24343
0.0,24344
3053.8696993785084,24345
0.0,24346
0.0,24347
0.0,24348
0.0,24349
0.0,24350
0.0,24351
0.0,24352
0.0,24353
0.0,24354
0.0,24355
0.0,24356
553.5176108328964,24357
0.0,24358
0.0,24359
0.0,24360
0.0,24361
0.0,24362
0.0,24363
0.0,24364
0.0,24365
0.0,24366
0.0,24367
218.90961965704125,24368
0.0,24369
0.0,24370
0.0,24371
0.0,24372
0.0,24373
0.0,24374
0.0,24375
0.0,24376
0.0,24377
0.0,24378
0.0,24379
0.0,24380
0.0,24381
0.0,24382
0.0,24383
0.0,24384
0.0,24385
0.0,24386
0.0,24387
0.0,24388
0.0,24389
0.0,24390
0.0,24391
0.0,24392
0.0,24393
0.0,24394
0.0,24395
0.0,24396
0.0,24397
0.0,24398
0.0,24399
0.0,24400
0.0,24401
0.0,24402
0.0,24403
0.0,24404
0.0,24405
0.0,24406
0.0,24407
0.0,24408
0.0,24409
0.0,24410
0.0,24411
0.0,24412
273.3934115774598,24413
0.0,24414
0.0,24415
3043.8138847093605,24416
0.0,24417
231.9883448364038,24418
0.0,24419
236.372302072467,24420
0.0,24421
0.0,24422
0.0,24423
0.0,24424
0.0,24425
1195.2822578465689,24426
0.0,24427
0.0,24428
0.0,24429
243.29637508561902,24430
0.0,24431
0.0,24432
0.0,24433
126.4417691140324,24434
761.7612215912799,24435
761.0348672901138,24436
0.0,24437
0.0,24438
666.5197949465476,24439
0.0,24440
0.0,24441
0.0,24442
0.0,24443
0.0,24444
705.2341057812629,24445
0.0,24446
0.0,24447
4292.823916972901,24448
0.0,24449
0.0,24450
0.0,24451
0.0,24452
0.0,24453
0.0,24454
0.0,24455
328.2397811773013,24456
330.9686651093536,24457
874.081754895302,24458
0.0,24459
0.0,24460
0.0,24461
0.0,24462
0.0,24463
0.0,24464
0.0,24465
0.0,24466
0.0,24467
0.0,24468
0.0,24469
0.0,24470
0.0,24471
0.0,24472
0.0,24473
0.0,24474
0.0,24475
0.0,24476
0.0,24477
0.0,24478
0.0,24479
0.0,24480
0.0,24481
0.0,24482
0.0,24483
0.0,24484
0.0,24485
0.0,24486
0.0,24487
0.0,24488
0.0,24489
0.0,24490
0.0,24491
0.0,24492
0.0,24493
0.0,24494
0.0,24495
0.0,24496
0.0,24497
0.0,24498
0.0,24499
0.0,24500
0.0,24501
0.0,24502
0.0,24503
0.0,24504
0.0,24505
0.0,24506
3314.7013017393565,24507
3312.065687539604,24508
11253.490942591521,24509
680.3480359868004,24510
677.0975728278739,24511
0.0,24512
0.0,24513
2671.41983422942,24514
0.0,24515
964.4703838187769,24516
0.0,24517
0.0,24518
0.0,24519
0.0,24520
0.0,24521
4521.602119877816,24522
0.0,24523
0.0,24524
0.0,24525
0.0,24526
0.0,24527
0.0,24528
0.0,24529
0.0,24530
2935.0731646257163,24531
0.0,24532
0.0,24533
0.0,24534
0.0,24535
0.0,24536
0.0,24537
0.0,24538
787.0590445371885,24539
0.0,24540
0.0,24541
0.0,24542
0.0,24543
0.0,24544
0.0,24545
0.0,24546
0.0,24547
0.0,24548
0.0,24549
0.0,24550
0.0,24551
0.0,24552
0.0,24553
0.0,24554
0.0,24555
0.0,24556
0.0,24557
0.0,24558
0.0,24559
0.0,24560
0.0,24561
0.0,24562
0.0,24563
0.0,24564
0.0,24565
0.0,24566
0.0,24567
0.0,24568
0.0,24569
0.0,24570
0.0,24571
0.0,24572
0.0,24573
0.0,24574
3279.285800077527,24575
0.0,24576
235.31793951287744,24577
0.0,24578
3345.45081719045,24579
0.0,24580
0.0,24581
0.0,24582
0.0,24583
0.0,24584
0.0,24585
0.0,24586
0.0,24587
0.0,24588
0.0,24589
0.0,24590
0.0,24591
0.0,24592
0.0,24593
0.0,24594
0.0,24595
0.0,24596
0.0,24597
0.0,24598
0.0,24599
0.0,24600
0.0,24601
0.0,24602
0.0,24603
0.0,24604
0.0,24605
0.0,24606
0.0,24607
0.0,24608
0.0,24609
231.43502697806727,24610
0.0,24611
0.0,24612
0.0,24613
0.0,24614
0.0,24615
0.0,24616
0.0,24617
0.0,24618
0.0,24619
0.0,24620
0.0,24621
0.0,24622
0.0,24623
0.0,24624
0.0,24625
0.0,24626
0.0,24627
0.0,24628
0.0,24629
0.0,24630
0.0,24631
0.0,24632
0.0,24633
0.0,24634
0.0,24635
0.0,24636
0.0,24637
0.0,24638
0.0,24639
0.0,24640
908.6901154384068,24641
194.33842926852842,24642
902.6054454344741,24643
896.7550026486413,24644
889.3440655645779,24645
646.8104629360729,24646
0.0,24647
0.0,24648
0.0,24649
0.0,24650
0.0,24651
0.0,24652
0.0,24653
0.0,24654
0.0,24655
0.0,24656
0.0,24657
0.0,24658
0.0,24659
0.0,24660
0.0,24661
0.0,24662
0.0,24663
0.0,24664
1289.8561362143844,24665
1103.7051205993773,24666
1307.9421400564497,24667
0.0,24668
0.0,24669
1030.348457613522,24670
0.0,24671
0.0,24672
0.0,24673
985.7187754203402,24674
0.0,24675
1318.7608391286346,24676
0.0,24677
0.0,24678
241.3138615439784,24679
0.0,24680
0.0,24681
0.0,24682
0.0,24683
0.0,24684
2414.716463439851,24685
1090.4731422907896,24686
0.0,24687
0.0,24688
0.0,24689
0.0,24690
914.3962532331162,24691
1799.8677058831074,24692
910.8110389892763,24693
881.8599621871027,24694
0.0,24695
906.1698991997192,24696
1152.7343426385303,24697
493.548128832045,24698
560.0239046173916,24699
1522.1890564980802,24700
889.2148686541783,24701
883.4234486618471,24702
0.0,24703
1311.5722267763958,24704
0.0,24705
4477.7089828723165,24706
0.0,24707
0.0,24708
790.9631133982385,24709
0.0,24710
0.0,24711
0.0,24712
774.4942354927464,24713
0.0,24714
0.0,24715
0.0,24716
0.0,24717
0.0,24718
0.0,24719
0.0,24720
0.0,24721
0.0,24722
0.0,24723
0.0,24724
0.0,24725
0.0,24726
0.0,24727
0.0,24728
0.0,24729
0.0,24730
0.0,24731
0.0,24732
0.0,24733
0.0,24734
0.0,24735
0.0,24736
0.0,24737
0.0,24738
0.0,24739
0.0,24740
0.0,24741
0.0,24742
0.0,24743
0.0,24744
0.0,24745
0.0,24746
2010.6992279348094,24747
0.0,24748
0.0,24749
0.0,24750
0.0,24751
0.0,24752
0.0,24753
1178.3010396347752,24754
1562.494746820415,24755
2492.1269636086254,24756
959.1347117412918,24757
0.0,24758
0.0,24759
0.0,24760
1205.4150660108335,24761
0.0,24762
0.0,24763
0.0,24764
1038.5289631976805,24765
0.0,24766
2263.270337946873,24767
27.520569130811623,24768
794.7914408596625,24769
0.0,24770
0.0,24771
0.0,24772
0.0,24773
0.0,24774
0.0,24775
950.5708396956245,24776
0.0,24777
104.73891790986184,24778
413.54954763665415,24779
0.0,24780
0.0,24781
0.0,24782
183.00710126552514,24783
0.0,24784
0.0,24785
0.0,24786
0.0,24787
0.0,24788
0.0,24789
0.0,24790
0.0,24791
0.0,24792
0.0,24793
0.0,24794
0.0,24795
0.0,24796
0.0,24797
0.0,24798
0.0,24799
0.0,24800
0.0,24801
0.0,24802
0.0,24803
0.0,24804
0.0,24805
0.0,24806
0.0,24807
0.0,24808
0.0,24809
0.0,24810
0.0,24811
0.0,24812
0.0,24813
0.0,24814
0.0,24815
969.5503821723214,24816
0.0,24817
0.0,24818
1836.8835068639137,24819
1845.726917475655,24820
0.0,24821
0.0,24822
553.2854590494152,24823
0.0,24824
1327.3609139727096,24825
0.0,24826
2393.5409451547907,24827
0.0,24828
2397.106550085123,24829
7410.311078641612,24830
0.0,24831
0.0,24832
1231.455949889777,24833
0.0,24834
0.0,24835
0.0,24836
1260.1008797510917,24837
1448.0382447538198,24838
0.0,24839
0.0,24840
0.0,24841
0.0,24842
72.99952238144893,24843
71.67676271038972,24844
0.0,24845
23.94643480439239,24846
0.0,24847
0.0,24848
999.5587025304463,24849
0.0,24850
0.0,24851
0.0,24852
0.0,24853
0.0,24854
0.0,24855
0.0,24856
0.0,24857
0.0,24858
0.0,24859
0.0,24860
0.0,24861
1004.4103483253252,24862
37.505697768120655,24863
986.9761426989825,24864
0.0,24865
0.0,24866
0.0,24867
896.2684567493903,24868
1701.5812871422934,24869
0.0,24870
903.7473421128241,24871
0.0,24872
2223.8620579955073,24873
1796.163879351819,24874
1029.5950068766274,24875
0.0,24876
0.0,24877
0.0,24878
0.0,24879
0.0,24880
0.0,24881
0.0,24882
859.2359908272048,24883
860.1686405498423,24884
0.0,24885
0.0,24886
0.0,24887
216.93383120422814,24888
0.0,24889
0.0,24890
0.0,24891
0.0,24892
0.0,24893
0.0,24894
0.0,24895
0.0,24896
1155.4037386452287,24897
118.61169780505497,24898
749.2954725440713,24899
0.0,24900
1387.277010742165,24901
1939.7651890532975,24902
2617.5328142551584,24903
2274.6704702536695,24904
0.0,24905
0.0,24906
0.0,24907
0.0,24908
0.0,24909
1842.7886968967002,24910
0.0,24911
0.0,24912
0.0,24913
2545.025642116816,24914
1367.1606903531435,24915
0.0,24916
481.8507797050361,24917
2324.9052136859736,24918
462.83072055410037,24919
1507.419209849796,24920
0.0,24921
0.0,24922
1319.0055796066235,24923
1316.1991092794299,24924
0.0,24925
0.0,24926
0.0,24927
0.0,24928
0.0,24929
0.0,24930
0.0,24931
0.0,24932
0.0,24933
773.0570297283521,24934
0.0,24935
764.1579549632027,24936
0.0,24937
0.0,24938
0.0,24939
0.0,24940
0.0,24941
0.0,24942
0.0,24943
0.0,24944
0.0,24945
0.0,24946
0.0,24947
0.0,24948
0.0,24949
0.0,24950
0.0,24951
0.0,24952
0.0,24953
0.0,24954
0.0,24955
0.0,24956
0.0,24957
0.0,24958
0.0,24959
1811.4391591874028,24960
1799.947094174008,24961
3140.8068497640634,24962
1452.2408975913133,24963
1433.793380490286,24964
2771.265079051386,24965
0.0,24966
3889.3634435577565,24967
2595.3130467468272,24968
0.0,24969
2621.0256471808525,24970
0.0,24971
1975.326746752664,24972
1292.9426222604284,24973
1414.2790248634137,24974
1926.1650813257306,24975
1583.296409803462,24976
2613.622049348738,24977
2251.8323659497973,24978
0.0,24979
3354.545682690725,24980
3359.028363563036,24981
8.144157518861087,24982
0.0,24983
0.0,24984
8.036588870697807,24985
210.04273105838465,24986
212.12957430660074,24987
0.0,24988
0.0,24989
3412.5438929805073,24990
482.5352063292193,24991
0.0,24992
0.0,24993
463.50886105142695,24994
1040.7527258276048,24995
603.7804833060571,24996
581.8967265469872,24997
0.0,24998
0.0,24999
0.0,25000
0.0,25001
0.0,25002
0.0,25003
0.0,25004
0.0,25005
0.0,25006
0.0,25007
0.0,25008
0.0,25009
0.0,25010
0.0,25011
0.0,25012
0.0,25013
0.0,25014
0.0,25015
0.0,25016
1160.9838734138962,25017
1148.3017903910097,25018
0.0,25019
0.0,25020
0.0,25021
0.0,25022
582.3912100084349,25023
0.0,25024
0.0,25025
396.19010210105574,25026
0.0,25027
0.0,25028
529.5732100680852,25029
524.1899792328069,25030
0.0,25031
520.0753554343447,25032
0.0,25033
0.0,25034
1260.2082672065246,25035
0.0,25036
0.0,25037
1478.2263642892042,25038
0.0,25039
0.0,25040
0.0,25041
62.291190349071385,25042
59.27920580896998,25043
0.0,25044
0.0,25045
0.0,25046
0.0,25047
0.0,25048
0.0,25049
0.0,25050
0.0,25051
0.0,25052
0.0,25053
0.0,25054
1794.253822563866,25055
0.0,25056
0.0,25057
0.0,25058
0.0,25059
0.0,25060
0.0,25061
0.0,25062
0.0,25063
0.0,25064
877.5590503081248,25065
0.0,25066
0.0,25067
0.0,25068
0.0,25069
0.0,25070
0.0,25071
0.0,25072
0.0,25073
2177.5867463671966,25074
2085.933583366894,25075
2083.2487688245114,25076
2692.196293719779,25077
0.0,25078
0.0,25079
0.0,25080
0.0,25081
0.0,25082
2290.747833961372,25083
0.0,25084
0.0,25085
0.0,25086
0.0,25087
0.0,25088
0.0,25089
0.0,25090
0.0,25091
1613.5188743725819,25092
1620.6699322579316,25093
0.0,25094
35.45007934391798,25095
0.0,25096
0.0,25097
2340.9444633997787,25098
2691.56404620652,25099
0.0,25100
665.952403933463,25101
0.0,25102
1360.1297682738657,25103
2688.996704182529,25104
0.0,25105
0.0,25106
0.0,25107
0.0,25108
0.0,25109
0.0,25110
0.0,25111
1054.5282441605434,25112
0.0,25113
0.0,25114
0.0,25115
0.0,25116
0.0,25117
0.0,25118
0.0,25119
0.0,25120
0.0,25121
0.0,25122
0.0,25123
0.0,25124
269.6089494869618,25125
0.0,25126
0.0,25127
0.0,25128
0.0,25129
0.0,25130
0.0,25131
2627.011447482593,25132
0.0,25133
216.04874572592325,25134
0.0,25135
2512.5441152587514,25136
0.0,25137
0.0,25138
0.0,25139
0.0,25140
0.0,25141
0.0,25142
1107.463312717534,25143
0.0,25144
0.0,25145
0.0,25146
0.0,25147
0.0,25148
67.45307216551713,25149
65.21718548662982,25150
0.0,25151
0.0,25152
0.0,25153
352.12233848460846,25154
0.0,25155
0.0,25156
0.0,25157
0.0,25158
0.0,25159
0.0,25160
0.0,25161
0.0,25162
2830.891103802742,25163
0.0,25164
0.0,25165
0.0,25166
0.0,25167
0.0,25168
0.0,25169
0.0,25170
0.0,25171
0.0,25172
0.0,25173
0.0,25174
0.0,25175
0.0,25176
0.0,25177
0.0,25178
0.0,25179
0.0,25180
0.0,25181
0.0,25182
0.0,25183
0.0,25184
0.0,25185
0.0,25186
0.0,25187
0.0,25188
0.0,25189
0.0,25190
0.0,25191
0.0,25192
0.0,25193
0.0,25194
0.0,25195
116.44794587785053,25196
0.0,25197
0.0,25198
0.0,25199
0.0,25200
2189.2547551162206,25201
0.0,25202
0.0,25203
0.0,25204
0.0,25205
0.0,25206
0.0,25207
0.0,25208
0.0,25209
0.0,25210
0.0,25211
0.0,25212
0.0,25213
0.0,25214
0.0,25215
0.0,25216
0.0,25217
0.0,25218
0.0,25219
0.0,25220
0.0,25221
0.0,25222
0.0,25223
0.0,25224
0.0,25225
0.0,25226
756.1194035071885,25227
0.0,25228
0.0,25229
0.0,25230
0.0,25231
0.0,25232
717.7008862087677,25233
1105.678279517602,25234
0.0,25235
0.0,25236
0.0,25237
0.0,25238
0.0,25239
0.0,25240
0.0,25241
0.0,25242
0.0,25243
0.0,25244
0.0,25245
0.0,25246
0.0,25247
0.0,25248
0.0,25249
0.0,25250
0.0,25251
0.0,25252
0.0,25253
1016.4481885022642,25254
0.0,25255
1029.8862819354738,25256
0.0,25257
0.0,25258
0.0,25259
0.0,25260
0.0,25261
0.0,25262
0.0,25263
0.0,25264
0.0,25265
0.0,25266
0.0,25267
0.0,25268
929.5989146217763,25269
679.4900423731369,25270
0.0,25271
0.0,25272
1354.531883162495,25273
112.14988363946543,25274
0.0,25275
0.0,25276
106.35202334351028,25277
932.7063874491753,25278
0.0,25279
924.1538220672865,25280
1577.8682012656411,25281
917.6265999916935,25282
0.0,25283
0.0,25284
0.0,25285
2941.3523950436374,25286
0.0,25287
0.0,25288
0.0,25289
0.0,25290
0.0,25291
0.0,25292
0.0,25293
0.0,25294
0.0,25295
0.0,25296
0.0,25297
0.0,25298
0.0,25299
0.0,25300
0.0,25301
0.0,25302
0.0,25303
0.0,25304
0.0,25305
0.0,25306
0.0,25307
0.0,25308
0.0,25309
0.0,25310
488.28296134430747,25311
4208.310560110106,25312
0.0,25313
0.0,25314
0.0,25315
0.0,25316
0.0,25317
0.0,25318
0.0,25319
0.0,25320
0.0,25321
0.0,25322
0.0,25323
0.0,25324
0.0,25325
0.0,25326
0.0,25327
0.0,25328
0.0,25329
0.0,25330
0.0,25331
0.0,25332
0.0,25333
0.0,25334
0.0,25335
3897.7611227470848,25336
1761.1201642992542,25337
0.0,25338
0.0,25339
0.0,25340
0.0,25341
0.0,25342
0.0,25343
0.0,25344
0.0,25345
0.0,25346
0.0,25347
2909.9289201829033,25348
0.0,25349
0.0,25350
0.0,25351
0.0,25352
0.0,25353
0.0,25354
2375.5999243611136,25355
0.0,25356
0.0,25357
0.0,25358
0.0,25359
0.0,25360
0.0,25361
0.0,25362
0.0,25363
0.0,25364
0.0,25365
0.0,25366
0.0,25367
0.0,25368
0.0,25369
0.0,25370
0.0,25371
0.0,25372
0.0,25373
0.0,25374
0.0,25375
0.0,25376
0.0,25377
0.0,25378
0.0,25379
0.0,25380
0.0,25381
0.0,25382
0.0,25383
1502.0113874476126,25384
0.0,25385
0.0,25386
0.0,25387
0.0,25388
0.0,25389
0.0,25390
0.0,25391
0.0,25392
0.0,25393
0.0,25394
0.0,25395
0.0,25396
0.0,25397
0.0,25398
0.0,25399
0.0,25400
0.0,25401
0.0,25402
0.0,25403
0.0,25404
336.89091561086934,25405
0.0,25406
0.0,25407
0.0,25408
0.0,25409
0.0,25410
0.0,25411
0.0,25412
0.0,25413
0.0,25414
0.0,25415
0.0,25416
0.0,25417
0.0,25418
0.0,25419
0.0,25420
0.0,25421
0.0,25422
2404.4748665783513,25423
0.0,25424
0.0,25425
0.0,25426
710.3488253178829,25427
417.8805155637476,25428
0.0,25429
0.0,25430
0.0,25431
2233.679018271885,25432
2410.4770862516025,25433
0.0,25434
0.0,25435
0.0,25436
0.0,25437
0.0,25438
0.0,25439
0.0,25440
0.0,25441
0.0,25442
0.0,25443
0.0,25444
0.0,25445
0.0,25446
0.0,25447
0.0,25448
0.0,25449
0.0,25450
3456.144782217467,25451
2250.9474752646947,25452
0.0,25453
0.0,25454
0.0,25455
0.0,25456
964.9835059182981,25457
0.0,25458
0.0,25459
0.0,25460
0.0,25461
0.0,25462
753.2177331727379,25463
0.0,25464
234.43254753351536,25465
0.0,25466
0.0,25467
0.0,25468
1157.615983325156,25469
0.0,25470
0.0,25471
1555.679102959515,25472
0.0,25473
0.0,25474
4303.147838724202,25475
3906.7389403653106,25476
0.0,25477
0.0,25478
5999.957522663219,25479
0.0,25480
5349.722299764836,25481
0.0,25482
0.0,25483
4211.1428134692005,25484
0.0,25485
2463.539687967201,25486
0.0,25487
0.0,25488
2951.649258509045,25489
0.0,25490
0.0,25491
0.0,25492
0.0,25493
3550.7774743173513,25494
0.0,25495
0.0,25496
0.0,25497
0.0,25498
0.0,25499
0.0,25500
1657.4535743657675,25501
483.87589285538064,25502
0.0,25503
0.0,25504
0.0,25505
854.9212396551247,25506
4046.9785208386784,25507
0.0,25508
3180.3890605961387,25509
0.0,25510
1064.529093628686,25511
1255.0710911736915,25512
0.0,25513
0.0,25514
126.31481242383319,25515
0.0,25516
648.9042309641763,25517
511.4805145849576,25518
1072.5962988399315,25519
0.0,25520
0.0,25521
0.0,25522
0.0,25523
0.0,25524
0.0,25525
0.0,25526
0.0,25527
1698.6844556308288,25528
0.0,25529
1934.7131193623134,25530
331.34094068642116,25531
0.0,25532
0.0,25533
0.0,25534
0.0,25535
1170.4124885266167,25536
1492.514413277942,25537
2600.4588186650512,25538
3388.5869080572775,25539
1707.2721168580963,25540
0.0,25541
3730.9296347588242,25542
1328.2925161367577,25543
0.0,25544
2744.831987043114,25545
2732.6194310749006,25546
573.348634663626,25547
3494.915824781911,25548
0.0,25549
0.0,25550
0.0,25551
0.0,25552
343.2141886563026,25553
0.0,25554
0.0,25555
0.0,25556
0.0,25557
1091.4488400100988,25558
1622.2664705502486,25559
0.0,25560
0.0,25561
0.0,25562
0.0,25563
0.0,25564
0.0,25565
0.0,25566
0.0,25567
661.1964759429181,25568
0.0,25569
0.0,25570
0.0,25571
0.0,25572
3449.839380908175,25573
1372.373321504915,25574
0.0,25575
1498.0938517642803,25576
0.0,25577
0.0,25578
0.0,25579
0.0,25580
0.0,25581
0.0,25582
1018.5218937710002,25583
264.8962415409181,25584
0.0,25585
0.0,25586
0.0,25587
1278.3684073658985,25588
156.43806950370973,25589
0.0,25590
0.0,25591
412.91698550981215,25592
606.2376053744605,25593
1045.6430774150176,25594
1043.7658806790714,25595
955.2199342075996,25596
0.0,25597
0.0,25598
0.0,25599
0.0,25600
0.0,25601
0.0,25602
0.0,25603
0.0,25604
0.0,25605
0.0,25606
0.0,25607
0.0,25608
0.0,25609
0.0,25610
0.0,25611
0.0,25612
15539.55153216218,25613
0.0,25614
0.0,25615
645.1069450774298,25616
210.02614640707196,25617
0.0,25618
0.0,25619
0.0,25620
0.0,25621
0.0,25622
0.0,25623
8102.547922501249,25624
2022.1736214129653,25625
703.5522433558625,25626
0.0,25627
1287.1869034098888,25628
0.0,25629
0.0,25630
0.0,25631
0.0,25632
702.7494568337644,25633
0.0,25634
0.0,25635
0.0,25636
0.0,25637
0.0,25638
0.0,25639
0.0,25640
0.0,25641
0.0,25642
0.0,25643
0.0,25644
0.0,25645
0.0,25646
0.0,25647
0.0,25648
0.0,25649
0.0,25650
0.0,25651
0.0,25652
0.0,25653
0.0,25654
0.0,25655
0.0,25656
1617.7214226364072,25657
0.0,25658
218.90650609001034,25659
0.0,25660
0.0,25661
0.0,25662
0.0,25663
0.0,25664
0.0,25665
0.0,25666
0.0,25667
0.0,25668
0.0,25669
0.0,25670
0.0,25671
0.0,25672
0.0,25673
0.0,25674
0.0,25675
339.601449340539,25676
0.0,25677
0.0,25678
0.0,25679
0.0,25680
0.0,25681
0.0,25682
2181.1277410714456,25683
0.0,25684
0.0,25685
0.0,25686
0.0,25687
0.0,25688
0.0,25689
0.0,25690
0.0,25691
0.0,25692
0.0,25693
0.0,25694
0.0,25695
0.0,25696
0.0,25697
0.0,25698
0.0,25699
934.9841148230712,25700
922.1546542820302,25701
908.5753847436441,25702
0.0,25703
0.0,25704
1121.4228921871602,25705
0.0,25706
0.0,25707
0.0,25708
0.0,25709
0.0,25710
0.0,25711
0.0,25712
0.0,25713
0.0,25714
0.0,25715
0.0,25716
0.0,25717
0.0,25718
126.87332930468129,25719
0.0,25720
0.0,25721
0.0,25722
0.0,25723
0.0,25724
119.8185163458341,25725
0.0,25726
0.0,25727
0.0,25728
0.0,25729
0.0,25730
0.0,25731
0.0,25732
119.21050430566535,25733
0.0,25734
0.0,25735
0.0,25736
0.0,25737
0.0,25738
0.0,25739
0.0,25740
0.0,25741
0.0,25742
0.0,25743
112.59723307442967,25744
0.0,25745
0.0,25746
0.0,25747
0.0,25748
0.0,25749
0.0,25750
0.0,25751
847.7983920385373,25752
0.0,25753
0.0,25754
0.0,25755
0.0,25756
0.0,25757
0.0,25758
0.0,25759
0.0,25760
0.0,25761
0.0,25762
0.0,25763
0.0,25764
0.0,25765
0.0,25766
0.0,25767
0.0,25768
0.0,25769
0.0,25770
0.0,25771
0.0,25772
0.0,25773
0.0,25774
0.0,25775
0.0,25776
0.0,25777
0.0,25778
0.0,25779
0.0,25780
0.0,25781
0.0,25782
0.0,25783
0.0,25784
0.0,25785
0.0,25786
0.0,25787
0.0,25788
0.0,25789
0.0,25790
0.0,25791
0.0,25792
0.0,25793
0.0,25794
0.0,25795
0.0,25796
0.0,25797
139.71936006924497,25798
0.0,25799
0.0,25800
0.0,25801
0.0,25802
1291.2042978443608,25803
1660.1194713915856,25804
0.0,25805
1112.5926848177255,25806
0.0,25807
0.0,25808
0.0,25809
0.0,25810
0.0,25811
0.0,25812
0.0,25813
1653.3097739251737,25814
780.824386771913,25815
0.0,25816
0.0,25817
1471.5842973644833,25818
0.0,25819
1970.4447008070192,25820
0.0,25821
986.6818255272632,25822
0.0,25823
0.0,25824
0.0,25825
0.0,25826
0.0,25827
0.0,25828
0.0,25829
2080.1902750729596,25830
0.0,25831
0.0,25832
0.0,25833
0.0,25834
0.0,25835
685.6912328523441,25836
0.0,25837
0.0,25838
0.0,25839
0.0,25840
0.0,25841
0.0,25842
680.9226268109461,25843
0.0,25844
0.0,25845
38.06406917990261,25846
32.20950630996087,25847
745.3427185463169,25848
1461.9655798958477,25849
1945.1118747588625,25850
571.1665502723562,25851
0.0,25852
1794.8955322823913,25853
0.0,25854
2884.805863816879,25855
0.0,25856
0.0,25857
0.0,25858
1418.9163788658782,25859
0.0,25860
1109.5149688862748,25861
9457.262065969318,25862
934.6288514600333,25863
0.0,25864
0.0,25865
209.82968041812913,25866
69.78932672471049,25867
0.0,25868
559.2589926334017,25869
1160.7879619031219,25870
0.0,25871
871.6819142838266,25872
267.07433127704417,25873
0.0,25874
468.48203114687834,25875
2495.161999577233,25876
1379.7366889431923,25877
1226.779219109752,25878
0.0,25879
0.0,25880
2201.7081576173405,25881
0.0,25882
0.0,25883
0.0,25884
0.0,25885
0.0,25886
0.0,25887
0.0,25888
0.0,25889
0.0,25890
0.0,25891
650.9925915826053,25892
0.0,25893
0.0,25894
0.0,25895
0.0,25896
600.8980943923086,25897
0.0,25898
653.5373482374877,25899
0.0,25900
0.0,25901
0.0,25902
0.0,25903
0.0,25904
0.0,25905
11.208209176683841,25906
0.0,25907
0.0,25908
0.0,25909
12.26044770028892,25910
0.0,25911
0.0,25912
0.0,25913
2561.765682617996,25914
0.0,25915
0.0,25916
0.0,25917
0.0,25918
0.0,25919
0.0,25920
0.0,25921
0.0,25922
0.0,25923
0.0,25924
0.0,25925
0.0,25926
292.0694995389757,25927
0.0,25928
0.0,25929
0.0,25930
215.04990213044277,25931
0.0,25932
0.0,25933
0.0,25934
0.0,25935
0.0,25936
0.0,25937
0.0,25938
0.0,25939
0.0,25940
0.0,25941
0.0,25942
0.0,25943
0.0,25944
0.0,25945
0.0,25946
0.0,25947
0.0,25948
3727.7916652701897,25949
0.0,25950
0.0,25951
0.0,25952
545.1102471693529,25953
0.0,25954
0.0,25955
0.0,25956
0.0,25957
1799.678484679326,25958
0.0,25959
0.0,25960
0.0,25961
0.0,25962
0.0,25963
0.0,25964
0.0,25965
0.0,25966
0.0,25967
0.0,25968
0.0,25969
0.0,25970
0.0,25971
0.0,25972
0.0,25973
0.0,25974
0.0,25975
0.0,25976
0.0,25977
0.0,25978
0.0,25979
0.0,25980
0.0,25981
1369.3081412012423,25982
0.0,25983
0.0,25984
0.0,25985
0.0,25986
0.0,25987
0.0,25988
0.0,25989
0.0,25990
926.1019308659942,25991
0.0,25992
0.0,25993
0.0,25994
0.0,25995
0.0,25996
0.0,25997
0.0,25998
0.0,25999
0.0,26000
0.0,26001
0.0,26002
0.0,26003
113.7707277284195,26004
0.0,26005
0.0,26006
0.0,26007
0.0,26008
0.0,26009
479.1792541244093,26010
1133.6190975005634,26011
0.0,26012
0.0,26013
0.0,26014
0.0,26015
0.0,26016
0.0,26017
0.0,26018
0.0,26019
1406.5224492593436,26020
0.0,26021
0.0,26022
0.0,26023
374.3804448214347,26024
0.0,26025
0.0,26026
0.0,26027
0.0,26028
791.7272806641391,26029
0.0,26030
0.0,26031
0.0,26032
0.0,26033
2562.699251153689,26034
0.0,26035
0.0,26036
0.0,26037
0.0,26038
314.9571514956056,26039
1470.9745233791414,26040
0.0,26041
314.1976282085955,26042
0.0,26043
0.0,26044
2270.794741032819,26045
0.0,26046
0.0,26047
971.2113105998374,26048
1352.5594007877178,26049
0.0,26050
304.09202326013303,26051
1611.5776619753085,26052
0.0,26053
294.8021132529929,26054
0.0,26055
0.0,26056
577.7973084132445,26057
0.0,26058
1592.6991465435435,26059
450.16321817555854,26060
821.995714144129,26061
450.7048374915774,26062
3797.0882800868553,26063
440.1004740856666,26064
0.0,26065
694.3974172178932,26066
0.0,26067
441.1242060540183,26068
0.0,26069
0.0,26070
0.0,26071
413.0803059373,26072
0.0,26073
515.9880730096228,26074
440.08436097730566,26075
0.0,26076
0.0,26077
490.0899600915646,26078
0.0,26079
0.0,26080
0.0,26081
0.0,26082
922.3281594333602,26083
2011.297770509692,26084
0.0,26085
0.0,26086
0.0,26087
0.0,26088
435.4146028611304,26089
0.0,26090
258.86770695247293,26091
258.52698964256706,26092
149.0233891693951,26093
0.0,26094
0.0,26095
259.6605503400851,26096
0.0,26097
259.57813780964585,26098
0.0,26099
233.22982071688594,26100
2761.4257333836317,26101
226.05431207463315,26102
0.0,26103
0.0,26104
229.18941582454903,26105
0.0,26106
314.4512287994946,26107
281.48895610430634,26108
0.0,26109
0.0,26110
0.0,26111
0.0,26112
0.0,26113
0.0,26114
0.0,26115
0.0,26116
0.0,26117
0.0,26118
0.0,26119
0.0,26120
0.0,26121
0.0,26122
0.0,26123
320.1968364728272,26124
0.0,26125
0.0,26126
0.0,26127
0.0,26128
0.0,26129
0.0,26130
0.0,26131
0.0,26132
0.0,26133
0.0,26134
0.0,26135
0.0,26136
0.0,26137
0.0,26138
0.0,26139
0.0,26140
0.0,26141
0.0,26142
0.0,26143
0.0,26144
1193.0525961344115,26145
15.381108178519108,26146
0.0,26147
0.0,26148
0.0,26149
0.0,26150
0.0,26151
0.0,26152
0.0,26153
0.0,26154
0.0,26155
0.0,26156
0.0,26157
0.0,26158
0.0,26159
0.0,26160
0.0,26161
0.0,26162
0.0,26163
0.0,26164
0.0,26165
0.0,26166
0.0,26167
0.0,26168
0.0,26169
0.0,26170
0.0,26171
0.0,26172
0.0,26173
0.0,26174
0.0,26175
0.0,26176
0.0,26177
0.0,26178
0.0,26179
0.0,26180
0.0,26181
0.0,26182
440.6719410441887,26183
0.0,26184
0.0,26185
0.0,26186
0.0,26187
0.0,26188
0.0,26189
0.0,26190
0.0,26191
0.0,26192
0.0,26193
0.0,26194
0.0,26195
0.0,26196
0.0,26197
0.0,26198
0.0,26199
0.0,26200
996.1977087997666,26201
636.8405952217113,26202
0.0,26203
615.2528887239605,26204
0.0,26205
1846.3425705366276,26206
0.0,26207
0.0,26208
0.0,26209
683.8174533605727,26210
2051.5729375049696,26211
1453.276757045625,26212
0.0,26213
0.0,26214
4539.484897876619,26215
0.0,26216
0.0,26217
4522.974540088295,26218
0.0,26219
0.0,26220
0.0,26221
2554.747604335541,26222
0.0,26223
0.0,26224
0.0,26225
5419.349127836028,26226
0.0,26227
2667.8066824787566,26228
0.0,26229
0.0,26230
0.0,26231
0.0,26232
0.0,26233
0.0,26234
0.0,26235
1429.359102413151,26236
2731.9219978899646,26237
3860.6746678154072,26238
1301.1217562984498,26239
0.0,26240
0.0,26241
0.0,26242
0.0,26243
0.0,26244
807.9361940748026,26245
2431.2575800664786,26246
0.0,26247
3777.2224866284723,26248
0.0,26249
0.0,26250
0.0,26251
0.0,26252
0.0,26253
0.0,26254
0.0,26255
0.0,26256
0.0,26257
0.0,26258
0.0,26259
0.0,26260
0.0,26261
0.0,26262
0.0,26263
348.3492356213672,26264
0.0,26265
2157.3960939482245,26266
0.0,26267
0.0,26268
0.0,26269
0.0,26270
0.0,26271
0.0,26272
0.0,26273
0.0,26274
0.0,26275
0.0,26276
0.0,26277
0.0,26278
0.0,26279
0.0,26280
0.0,26281
0.0,26282
0.0,26283
0.0,26284
0.0,26285
0.0,26286
0.0,26287
0.0,26288
51.18420619142073,26289
468.7698240140325,26290
0.0,26291
0.0,26292
0.0,26293
0.0,26294
0.0,26295
0.0,26296
41.98252459645224,26297
0.0,26298
0.0,26299
0.0,26300
0.0,26301
0.0,26302
718.9641999643292,26303
1829.7228167869432,26304
1326.6237055896538,26305
835.9999837284792,26306
0.0,26307
0.0,26308
0.0,26309
0.0,26310
0.0,26311
0.0,26312
0.0,26313
0.0,26314
0.0,26315
0.0,26316
0.0,26317
0.0,26318
0.0,26319
0.0,26320
0.0,26321
0.0,26322
0.0,26323
0.0,26324
0.0,26325
0.0,26326
0.0,26327
0.0,26328
828.4920854994907,26329
0.0,26330
0.0,26331
0.0,26332
0.0,26333
0.0,26334
0.0,26335
0.0,26336
0.0,26337
0.0,26338
0.0,26339
0.0,26340
32.031860044961974,26341
0.0,26342
0.0,26343
0.0,26344
0.0,26345
0.0,26346
0.0,26347
0.0,26348
0.0,26349
1857.0082292999616,26350
0.0,26351
0.0,26352
0.0,26353
0.0,26354
398.6716902501191,26355
0.0,26356
0.0,26357
0.0,26358
0.0,26359
0.0,26360
0.0,26361
0.0,26362
0.0,26363
0.0,26364
0.0,26365
0.0,26366
680.997939676366,26367
70.71893910987835,26368
0.0,26369
0.0,26370
0.0,26371
0.0,26372
0.0,26373
0.0,26374
0.0,26375
0.0,26376
0.0,26377
0.0,26378
0.0,26379
0.0,26380
0.0,26381
0.0,26382
0.0,26383
0.0,26384
0.0,26385
0.0,26386
0.0,26387
0.0,26388
0.0,26389
0.0,26390
0.0,26391
0.0,26392
0.0,26393
0.0,26394
0.0,26395
0.0,26396
0.0,26397
0.0,26398
0.0,26399
0.0,26400
0.0,26401
0.0,26402
0.0,26403
0.0,26404
0.0,26405
0.0,26406
0.0,26407
506.11830787230224,26408
0.0,26409
0.0,26410
0.0,26411
0.0,26412
0.0,26413
0.0,26414
0.0,26415
0.0,26416
0.0,26417
0.0,26418
0.0,26419
542.3239805714724,26420
2982.9845863063742,26421
953.8527925699857,26422
0.0,26423
1274.6762128108064,26424
0.0,26425
2147.908573376758,26426
0.0,26427
0.0,26428
0.0,26429
4764.542626032647,26430
843.634669090502,26431
0.0,26432
0.0,26433
0.0,26434
0.0,26435
0.0,26436
3389.939013738259,26437
0.0,26438
183.34687733199726,26439
1290.463067955719,26440
0.0,26441
0.0,26442
0.0,26443
0.0,26444
0.0,26445
0.0,26446
0.0,26447
0.0,26448
0.0,26449
414.8485932383913,26450
0.0,26451
0.0,26452
700.2038348813957,26453
0.0,26454
0.0,26455
0.0,26456
0.0,26457
0.0,26458
118.8991370726155,26459
1434.7545416138341,26460
833.4990986996781,26461
1427.7679035737071,26462
826.8924539989043,26463
825.6191268470269,26464
1922.823968505331,26465
156.2423587292304,26466
0.0,26467
2374.7064398922466,26468
1915.98316040624,26469
757.1198036811255,26470
0.0,26471
1036.7220468160883,26472
0.0,26473
0.0,26474
1797.7701146163058,26475
2144.863474119476,26476
2136.3248377740742,26477
0.0,26478
0.0,26479
847.6724948227267,26480
3284.804948140702,26481
172.66657796143613,26482
0.0,26483
885.5309056743356,26484
802.0226749642318,26485
0.0,26486
0.0,26487
0.0,26488
0.0,26489
854.6053526811621,26490
0.0,26491
0.0,26492
0.0,26493
0.0,26494
0.0,26495
0.0,26496
0.0,26497
0.0,26498
0.0,26499
0.0,26500
0.0,26501
0.0,26502
1450.1651415467056,26503
0.0,26504
0.0,26505
0.0,26506
0.0,26507
0.0,26508
0.0,26509
0.0,26510
0.0,26511
0.0,26512
0.0,26513
0.0,26514
0.0,26515
0.0,26516
0.0,26517
0.0,26518
0.0,26519
0.0,26520
0.0,26521
0.0,26522
0.0,26523
0.0,26524
792.9248888194695,26525
0.0,26526
0.0,26527
5838.763670013575,26528
758.7789645004876,26529
1056.9198025645344,26530
0.0,26531
0.0,26532
3052.38523546208,26533
0.0,26534
0.0,26535
0.0,26536
0.0,26537
0.0,26538
1163.6285694691633,26539
0.0,26540
0.0,26541
0.0,26542
0.0,26543
0.0,26544
0.0,26545
0.0,26546
0.0,26547
0.0,26548
0.0,26549
0.0,26550
0.0,26551
0.0,26552
0.0,26553
0.0,26554
1050.0835725627137,26555
0.0,26556
0.0,26557
0.0,26558
252.46375057390964,26559
0.0,26560
0.0,26561
0.0,26562
0.0,26563
0.0,26564
0.0,26565
0.0,26566
0.0,26567
0.0,26568
0.0,26569
0.0,26570
0.0,26571
0.0,26572
0.0,26573
0.0,26574
0.0,26575
0.0,26576
15.80990219651647,26577
0.0,26578
0.0,26579
0.0,26580
0.0,26581
72.97097903762557,26582
0.0,26583
0.0,26584
0.0,26585
701.1068591237929,26586
433.7479142973716,26587
0.0,26588
0.0,26589
0.0,26590
0.0,26591
0.0,26592
0.0,26593
0.0,26594
0.0,26595
0.0,26596
0.0,26597
0.0,26598
0.0,26599
3429.816562894399,26600
539.9576815466424,26601
560.471646259207,26602
0.0,26603
509.756884783457,26604
0.0,26605
0.0,26606
0.0,26607
0.0,26608
0.0,26609
0.0,26610
0.0,26611
0.0,26612
548.3175852538968,26613
0.0,26614
0.0,26615
0.0,26616
0.0,26617
971.6300628172642,26618
0.0,26619
0.0,26620
0.0,26621
0.0,26622
0.0,26623
0.0,26624
0.0,26625
905.1743344418572,26626
0.0,26627
0.0,26628
0.0,26629
0.0,26630
0.0,26631
0.0,26632
0.0,26633
0.0,26634
0.0,26635
0.0,26636
0.0,26637
416.81290274322595,26638
408.5237313381133,26639
400.69337694058026,26640
0.0,26641
1563.0653238544355,26642
1800.176006654207,26643
0.0,26644
1700.5578881015092,26645
0.0,26646
0.0,26647
0.0,26648
0.0,26649
0.0,26650
17.694770773190356,26651
337.3317209373915,26652
0.0,26653
81.74224648865383,26654
232.91747267492974,26655
0.0,26656
0.0,26657
0.0,26658
542.5040990311896,26659
0.0,26660
0.0,26661
0.0,26662
0.0,26663
0.0,26664
0.0,26665
0.0,26666
0.0,26667
0.0,26668
0.0,26669
0.0,26670
0.0,26671
0.0,26672
0.0,26673
0.0,26674
0.0,26675
0.0,26676
359.6999667406815,26677
0.0,26678
0.0,26679
0.0,26680
0.0,26681
1455.9414258918187,26682
0.0,26683
0.0,26684
0.0,26685
0.0,26686
0.0,26687
0.0,26688
0.0,26689
10404.935846214898,26690
0.0,26691
0.0,26692
0.0,26693
0.0,26694
0.0,26695
0.0,26696
0.0,26697
0.0,26698
0.0,26699
4281.809286803165,26700
0.0,26701
0.0,26702
0.0,26703
0.0,26704
0.0,26705
0.0,26706
0.0,26707
0.0,26708
0.0,26709
0.0,26710
0.0,26711
0.0,26712
0.0,26713
0.0,26714
0.0,26715
0.0,26716
0.0,26717
0.0,26718
0.0,26719
0.0,26720
0.0,26721
0.0,26722
0.0,26723
0.0,26724
0.0,26725
0.0,26726
0.0,26727
0.0,26728
0.0,26729
0.0,26730
0.0,26731
28.1097465948572,26732
633.5692171470474,26733
0.0,26734
0.0,26735
0.0,26736
0.0,26737
0.0,26738
0.0,26739
0.0,26740
0.0,26741
0.0,26742
0.0,26743
0.0,26744
0.0,26745
0.0,26746
53.78985713691773,26747
0.0,26748
0.0,26749
0.0,26750
0.0,26751
28.32755177762829,26752
28.797020384289556,26753
0.0,26754
0.0,26755
0.0,26756
0.0,26757
29.698256574031483,26758
31.165117721778156,26759
0.0,26760
0.0,26761
229.53022478867277,26762
0.0,26763
0.0,26764
0.0,26765
0.0,26766
26.641935202669078,26767
0.0,26768
0.0,26769
30.272600455298427,26770
0.0,26771
0.0,26772
0.0,26773
19.112407773903204,26774
0.0,26775
0.0,26776
0.0,26777
0.0,26778
0.0,26779
0.0,26780
432.22076504402725,26781
0.0,26782
0.0,26783
9.447110662778071,26784
78.57831036525378,26785
0.0,26786
0.0,26787
0.0,26788
0.0,26789
0.0,26790
0.0,26791
0.0,26792
0.0,26793
71.73390495811309,26794
2.782135091862972,26795
62.40644853871891,26796
0.0,26797
0.0,26798
0.0,26799
0.0,26800
0.0,26801
0.2550002616981931,26802
0.08482991688832903,26803
0.0,26804
0.0,26805
15128.19711936201,26806
0.0,26807
0.0,26808
0.0,26809
0.0,26810
0.0,26811
256.7810138730995,26812
0.0,26813
0.0,26814
0.0,26815
0.0,26816
0.0,26817
0.0,26818
0.0,26819
0.0,26820
0.0,26821
0.0,26822
0.0,26823
0.0,26824
0.0,26825
47.658904782439095,26826
0.0,26827
295.175060085537,26828
3430.7162718237178,26829
0.0,26830
0.0,26831
0.0,26832
0.0,26833
0.0,26834
0.0,26835
0.0,26836
0.0,26837
0.0,26838
0.0,26839
0.0,26840
0.0,26841
0.0,26842
0.0,26843
0.0,26844
0.0,26845
5648.827375505848,26846
0.0,26847
0.0,26848
734.1074167936689,26849
0.0,26850
0.0,26851
0.0,26852
0.0,26853
0.0,26854
0.0,26855
0.0,26856
0.0,26857
0.0,26858
0.0,26859
0.0,26860
2447.0519423382457,26861
0.0,26862
0.0,26863
0.0,26864
0.0,26865
1236.0920027526083,26866
2184.1547809471967,26867
0.0,26868
0.0,26869
0.0,26870
2134.0855503084695,26871
0.0,26872
0.0,26873
0.0,26874
0.0,26875
39.515992000896965,26876
0.0,26877
1232.241503809358,26878
0.0,26879
0.0,26880
0.0,26881
2212.974449939604,26882
0.0,26883
0.0,26884
2217.1497798120436,26885
2851.1292502268975,26886
3742.4437201302885,26887
1165.2094079877322,26888
3389.424839830343,26889
3767.442187292566,26890
0.0,26891
0.0,26892
0.0,26893
0.0,26894
0.0,26895
0.0,26896
64.69618347756284,26897
0.0,26898
0.0,26899
0.0,26900
1617.134231380864,26901
0.0,26902
0.0,26903
0.0,26904
0.0,26905
0.0,26906
0.0,26907
0.0,26908
0.0,26909
0.0,26910
0.0,26911
0.0,26912
0.0,26913
0.0,26914
0.0,26915
0.0,26916
446.4668918847365,26917
0.0,26918
7730.828124160096,26919
0.0,26920
3978.7556483447133,26921
0.0,26922
2543.0932896345066,26923
770.0374920711113,26924
1396.4246126761186,26925
181.62331564700938,26926
186.5892237494669,26927
0.0,26928
191.1401181926771,26929
0.0,26930
1266.1236722195035,26931
2253.8153924444914,26932
2595.0776329170585,26933
0.0,26934
0.0,26935
0.0,26936
0.0,26937
0.0,26938
0.0,26939
0.0,26940
0.0,26941
0.0,26942
0.0,26943
0.0,26944
0.0,26945
0.0,26946
0.0,26947
0.0,26948
574.5670245895524,26949
0.0,26950
0.0,26951
0.0,26952
0.0,26953
0.0,26954
0.0,26955
0.0,26956
0.0,26957
0.0,26958
0.0,26959
0.0,26960
0.0,26961
0.0,26962
0.0,26963
0.0,26964
0.0,26965
0.0,26966
0.0,26967
0.0,26968
0.0,26969
0.0,26970
2045.1777030196963,26971
0.0,26972
3061.5136806787054,26973
0.0,26974
0.0,26975
396.4373089874542,26976
0.0,26977
0.0,26978
0.0,26979
0.0,26980
0.0,26981
0.0,26982
0.0,26983
0.0,26984
0.0,26985
0.0,26986
0.0,26987
0.0,26988
0.0,26989
0.0,26990
0.0,26991
0.0,26992
0.0,26993
0.0,26994
0.0,26995
0.0,26996
0.0,26997
0.0,26998
0.0,26999
0.0,27000
0.0,27001
0.0,27002
0.0,27003
0.0,27004
0.0,27005
0.0,27006
0.0,27007
0.0,27008
0.0,27009
0.0,27010
0.0,27011
0.0,27012
0.0,27013
0.0,27014
0.0,27015
0.0,27016
0.0,27017
0.0,27018
0.0,27019
123.49816206675321,27020
133.79729719132203,27021
0.0,27022
227.84237130375553,27023
47.30726837307726,27024
0.0,27025
0.0,27026
0.0,27027
0.0,27028
0.0,27029
0.0,27030
0.0,27031
7.869155185459813,27032
0.0,27033
0.0,27034
0.0,27035
0.0,27036
1446.5198492641507,27037
0.0,27038
1340.7131838186876,27039
2639.6705100268955,27040
0.0,27041
0.0,27042
1328.0243005111756,27043
0.0,27044
217.87830122032108,27045
1517.0656356320326,27046
0.0,27047
1514.6764344291548,27048
0.0,27049
2581.109325670039,27050
0.0,27051
0.0,27052
0.0,27053
0.0,27054
1172.154599199065,27055
0.0,27056
0.0,27057
0.0,27058
0.0,27059
133.05370536460194,27060
302.41431269591186,27061
0.0,27062
0.0,27063
289.3831988844391,27064
0.0,27065
0.0,27066
0.0,27067
0.0,27068
0.0,27069
0.0,27070
0.0,27071
0.0,27072
0.0,27073
0.0,27074
0.0,27075
0.0,27076
0.0,27077
0.0,27078
0.0,27079
0.0,27080
0.0,27081
0.0,27082
0.0,27083
0.0,27084
0.0,27085
0.0,27086
0.0,27087
0.0,27088
0.0,27089
813.6033390620003,27090
2078.943799269728,27091
0.0,27092
0.0,27093
0.0,27094
0.0,27095
783.9352053763959,27096
355.5332660136594,27097
0.0,27098
0.0,27099
148.88498063449978,27100
0.0,27101
520.6334454359164,27102
0.0,27103
0.0,27104
0.0,27105
276.12146464154455,27106
404.6414207058856,27107
0.0,27108
257.8158092295268,27109
0.0,27110
0.0,27111
0.0,27112
2171.5761195470395,27113
0.0,27114
0.0,27115
0.0,27116
0.0,27117
0.0,27118
204.2458237089913,27119
0.0,27120
0.0,27121
0.0,27122
0.0,27123
0.0,27124
0.0,27125
0.0,27126
0.0,27127
0.0,27128
0.0,27129
809.0788357882038,27130
0.0,27131
0.0,27132
909.7444959281911,27133
0.0,27134
0.0,27135
0.0,27136
0.0,27137
0.0,27138
0.0,27139
1063.919970879434,27140
0.0,27141
0.0,27142
0.0,27143
0.0,27144
0.0,27145
0.0,27146
0.0,27147
0.0,27148
0.0,27149
0.0,27150
1265.007351895289,27151
0.0,27152
0.0,27153
0.0,27154
2119.598247350661,27155
2114.0091660276057,27156
0.0,27157
2108.5578409148407,27158
0.0,27159
369.11550327129476,27160
0.0,27161
0.0,27162
0.0,27163
0.0,27164
0.0,27165
0.0,27166
1957.0978205613103,27167
735.5423937126677,27168
0.0,27169
82.37654334095254,27170
3665.7157900714324,27171
0.0,27172
1261.2557327157222,27173
91.10989809969962,27174
0.0,27175
0.0,27176
0.0,27177
1204.1005158789528,27178
792.8038018996897,27179
0.0,27180
0.0,27181
428.56738052165076,27182
513.4605507672699,27183
0.0,27184
2634.964231931341,27185
0.0,27186
444.6426125527008,27187
2966.666235295481,27188
463.60141786140974,27189
824.8455615075828,27190
543.9642681496463,27191
0.0,27192
0.0,27193
0.0,27194
0.0,27195
0.0,27196
0.0,27197
0.0,27198
0.0,27199
0.0,27200
0.0,27201
2780.986731733215,27202
0.0,27203
1301.2375655583312,27204
0.0,27205
0.0,27206
0.0,27207
0.0,27208
0.0,27209
0.0,27210
0.0,27211
0.0,27212
0.0,27213
0.0,27214
0.0,27215
0.0,27216
8888.40331204618,27217
0.0,27218
0.0,27219
2533.0641581348186,27220
0.0,27221
0.0,27222
0.0,27223
2531.477395675947,27224
0.0,27225
0.0,27226
0.0,27227
2111.30368452328,27228
0.0,27229
154.35244248571962,27230
0.0,27231
0.0,27232
0.0,27233
0.0,27234
83.6658688379439,27235
0.0,27236
467.48606788904607,27237
0.0,27238
0.0,27239
0.0,27240
0.0,27241
0.0,27242
0.0,27243
0.0,27244
0.0,27245
0.0,27246
998.388379745379,27247
0.0,27248
0.0,27249
0.0,27250
0.0,27251
0.0,27252
0.0,27253
0.0,27254
0.0,27255
0.0,27256
135.37377585724926,27257
12770.015727379538,27258
0.0,27259
0.0,27260
0.0,27261
0.0,27262
1749.2358437978824,27263
0.0,27264
0.0,27265
0.0,27266
0.0,27267
0.0,27268
0.0,27269
0.0,27270
0.0,27271
0.0,27272
812.8130538690053,27273
0.0,27274
0.0,27275
0.0,27276
0.0,27277
0.0,27278
0.0,27279
0.0,27280
553.7749300378866,27281
0.0,27282
0.0,27283
0.0,27284
0.0,27285
0.0,27286
0.0,27287
1746.580009568727,27288
844.9036908268615,27289
68.73780237121609,27290
1205.2274679767972,27291
83.15631467678165,27292
0.0,27293
92.38631486618033,27294
0.0,27295
0.0,27296
1095.4204951911065,27297
0.0,27298
0.0,27299
0.0,27300
0.0,27301
0.0,27302
0.0,27303
0.0,27304
0.0,27305
0.0,27306
0.0,27307
0.0,27308
0.0,27309
0.0,27310
4327.10360341566,27311
4025.1304860659,27312
2503.4599730194986,27313
1136.9474541535255,27314
0.0,27315
2510.8137070399093,27316
3306.47423121067,27317
168.93320092532738,27318
1359.1013634188969,27319
0.0,27320
1368.9247652448296,27321
0.0,27322
0.0,27323
0.0,27324
0.0,27325
0.0,27326
0.0,27327
0.0,27328
0.0,27329
0.0,27330
418.4943418613004,27331
0.0,27332
0.0,27333
0.0,27334
711.9289733877013,27335
1017.2472764399158,27336
6674.453545924519,27337
990.7700449729622,27338
0.0,27339
0.0,27340
878.3029096091518,27341
2308.1683336805454,27342
431.48020268951774,27343
0.0,27344
0.0,27345
0.0,27346
0.0,27347
739.415227694123,27348
525.8604521536615,27349
520.7463660193932,27350
2595.2351147624067,27351
0.0,27352
0.0,27353
2584.6064487095987,27354
633.8513709684564,27355
0.0,27356
2568.329798130166,27357
0.0,27358
2797.634071784311,27359
0.0,27360
192.57850294690823,27361
0.0,27362
0.0,27363
0.0,27364
0.0,27365
0.0,27366
29.600117131305968,27367
0.0,27368
0.0,27369
0.0,27370
0.0,27371
0.0,27372
0.0,27373
775.8282035701483,27374
0.0,27375
0.0,27376
0.0,27377
0.0,27378
378.38409570985004,27379
0.0,27380
0.0,27381
0.0,27382
0.0,27383
0.0,27384
0.0,27385
0.0,27386
0.0,27387
0.0,27388
0.0,27389
0.0,27390
0.0,27391
0.0,27392
0.0,27393
0.0,27394
0.0,27395
0.0,27396
0.0,27397
0.0,27398
648.4577367678731,27399
0.0,27400
0.0,27401
0.0,27402
846.110606657535,27403
0.0,27404
0.0,27405
0.0,27406
0.0,27407
986.427347984171,27408
0.0,27409
0.0,27410
0.0,27411
0.0,27412
0.0,27413
0.0,27414
0.0,27415
0.0,27416
0.0,27417
1001.8213015319558,27418
0.0,27419
0.0,27420
0.0,27421
0.0,27422
0.0,27423
0.0,27424
0.0,27425
0.0,27426
0.0,27427
0.0,27428
339.80314870243194,27429
0.0,27430
501.020923802479,27431
0.0,27432
0.0,27433
0.0,27434
0.0,27435
0.0,27436
0.0,27437
0.0,27438
0.0,27439
0.0,27440
0.0,27441
0.0,27442
552.6932984649226,27443
0.0,27444
0.0,27445
0.0,27446
0.0,27447
0.0,27448
0.0,27449
0.0,27450
0.0,27451
0.0,27452
0.0,27453
0.0,27454
0.0,27455
0.0,27456
0.0,27457
0.0,27458
0.0,27459
0.0,27460
0.0,27461
0.0,27462
840.8252886270495,27463
846.2856813891487,27464
0.0,27465
9815.172191385795,27466
212.7289926173298,27467
0.0,27468
215.2524529257361,27469
0.0,27470
0.0,27471
0.0,27472
0.0,27473
0.0,27474
0.0,27475
0.0,27476
0.0,27477
0.0,27478
0.0,27479
0.0,27480
0.0,27481
0.0,27482
0.0,27483
0.0,27484
0.0,27485
0.0,27486
0.0,27487
0.0,27488
0.0,27489
0.0,27490
0.0,27491
0.0,27492
0.0,27493
0.0,27494
0.0,27495
0.0,27496
0.0,27497
0.0,27498
0.0,27499
0.0,27500
0.0,27501
0.0,27502
0.0,27503
0.0,27504
0.0,27505
0.0,27506
0.0,27507
0.0,27508
0.0,27509
0.0,27510
0.0,27511
2945.223452801322,27512
0.0,27513
0.0,27514
0.0,27515
0.0,27516
0.0,27517
0.0,27518
0.0,27519
0.0,27520
0.0,27521
0.0,27522
0.0,27523
0.0,27524
0.0,27525
0.0,27526
0.0,27527
0.0,27528
0.0,27529
0.0,27530
0.0,27531
0.0,27532
0.0,27533
0.0,27534
0.0,27535
0.0,27536
0.0,27537
0.0,27538
0.0,27539
0.0,27540
0.0,27541
0.0,27542
0.0,27543
0.0,27544
0.0,27545
0.0,27546
0.0,27547
0.0,27548
0.0,27549
0.0,27550
0.0,27551
0.0,27552
0.0,27553
0.0,27554
0.0,27555
0.0,27556
0.0,27557
0.0,27558
0.0,27559
0.0,27560
0.0,27561
0.0,27562
5223.2346613453265,27563
0.0,27564
0.0,27565
0.0,27566
0.0,27567
0.0,27568
0.0,27569
0.0,27570
0.0,27571
0.0,27572
0.0,27573
0.0,27574
0.0,27575
0.0,27576
0.0,27577
0.0,27578
0.0,27579
0.0,27580
0.0,27581
0.0,27582
0.0,27583
0.0,27584
0.0,27585
0.0,27586
0.0,27587
0.0,27588
0.0,27589
0.0,27590
0.0,27591
0.0,27592
0.0,27593
0.0,27594
0.0,27595
0.0,27596
0.0,27597
0.0,27598
0.0,27599
0.0,27600
0.0,27601
0.0,27602
0.0,27603
0.0,27604
0.0,27605
0.0,27606
0.0,27607
0.0,27608
0.0,27609
0.0,27610
0.0,27611
0.0,27612
0.0,27613
0.0,27614
0.0,27615
0.0,27616
0.0,27617
0.0,27618
0.0,27619
0.0,27620
0.0,27621
706.8209243757457,27622
728.931377614365,27623
748.5379508841772,27624
765.932262869335,27625
781.6355562003539,27626
0.0,27627
0.0,27628
0.0,27629
0.0,27630
0.0,27631
0.0,27632
0.0,27633
0.0,27634
0.0,27635
0.0,27636
0.0,27637
0.0,27638
0.0,27639
0.0,27640
0.0,27641
0.0,27642
0.0,27643
0.0,27644
0.0,27645
0.0,27646
0.0,27647
0.0,27648
0.0,27649
0.0,27650
2966.879680437473,27651
0.0,27652
2406.1759559338957,27653
808.0885519291844,27654
435.38897495746,27655
2433.612607047645,27656
2426.7951637046845,27657
420.2352930528829,27658
0.0,27659
0.0,27660
1126.0306913512154,27661
2649.436379850493,27662
4034.891498722902,27663
2053.461451485241,27664
0.0,27665
1390.5435885947013,27666
0.0,27667
0.0,27668
4215.943584611418,27669
0.0,27670
0.0,27671
0.0,27672
0.0,27673
0.0,27674
0.0,27675
0.0,27676
0.0,27677
0.0,27678
0.0,27679
0.0,27680
0.0,27681
0.0,27682
0.0,27683
0.0,27684
0.0,27685
0.0,27686
1360.9821560619816,27687
1581.475576882034,27688
0.0,27689
0.0,27690
0.0,27691
0.0,27692
0.0,27693
0.0,27694
0.0,27695
0.0,27696
0.0,27697
0.0,27698
0.0,27699
0.0,27700
0.0,27701
0.0,27702
0.0,27703
0.0,27704
0.0,27705
0.0,27706
0.0,27707
0.0,27708
0.0,27709
0.0,27710
0.0,27711
0.0,27712
383.4780510880686,27713
0.0,27714
0.0,27715
0.0,27716
0.0,27717
0.0,27718
0.0,27719
0.0,27720
0.0,27721
0.0,27722
0.0,27723
0.0,27724
638.2990727800394,27725
0.0,27726
0.0,27727
0.0,27728
0.0,27729
0.0,27730
0.0,27731
0.0,27732
0.0,27733
0.0,27734
0.0,27735
0.0,27736
3436.212735275484,27737
0.0,27738
0.0,27739
0.0,27740
0.0,27741
0.0,27742
0.0,27743
0.0,27744
0.0,27745
0.0,27746
0.0,27747
0.0,27748
0.0,27749
0.0,27750
0.0,27751
0.0,27752
0.0,27753
0.0,27754
0.0,27755
0.0,27756
543.5721549672911,27757
0.0,27758
0.0,27759
0.0,27760
1173.087534616584,27761
0.0,27762
0.0,27763
0.0,27764
0.0,27765
631.0726798056746,27766
1535.5756365388795,27767
0.0,27768
0.0,27769
0.0,27770
0.0,27771
0.0,27772
0.0,27773
0.0,27774
0.0,27775
474.6999754302944,27776
0.0,27777
1043.363210361609,27778
963.0657486010354,27779
0.0,27780
0.0,27781
0.0,27782
0.0,27783
2259.5409380531646,27784
0.0,27785
0.0,27786
0.0,27787
0.0,27788
0.0,27789
0.0,27790
0.0,27791
0.0,27792
0.0,27793
0.0,27794
0.0,27795
0.0,27796
0.0,27797
0.0,27798
0.0,27799
0.0,27800
363.5429694893852,27801
609.4047122688531,27802
0.0,27803
809.9104384392166,27804
0.0,27805
0.0,27806
0.0,27807
0.0,27808
0.0,27809
0.0,27810
1863.8510103780563,27811
0.0,27812
0.0,27813
0.0,27814
0.0,27815
2744.727514197254,27816
3275.8570612084536,27817
0.0,27818
2328.057035356625,27819
0.0,27820
0.0,27821
682.4069546252219,27822
0.0,27823
498.7211783269173,27824
266.7426186420026,27825
0.0,27826
1276.4636849011538,27827
0.0,27828
0.0,27829
1299.1613922941149,27830
0.0,27831
0.0,27832
0.0,27833
1502.8565024727804,27834
466.9959454570585,27835
2438.4197877268666,27836
0.0,27837
456.9688696148841,27838
236.3749266630599,27839
1479.5725870748631,27840
0.0,27841
242.88682466343198,27842
0.0,27843
0.0,27844
0.0,27845
0.0,27846
0.0,27847
0.0,27848
0.0,27849
0.0,27850
0.0,27851
0.0,27852
0.0,27853
0.0,27854
0.0,27855
0.0,27856
0.0,27857
0.0,27858
0.0,27859
0.0,27860
0.0,27861
0.0,27862
0.0,27863
0.0,27864
0.0,27865
0.0,27866
0.0,27867
0.0,27868
0.0,27869
0.0,27870
0.0,27871
0.0,27872
0.0,27873
0.0,27874
0.0,27875
0.0,27876
1737.2924398645869,27877
0.0,27878
0.0,27879
0.0,27880
0.0,27881
0.0,27882
0.0,27883
173.55344318280316,27884
0.0,27885
0.0,27886
0.0,27887
0.0,27888
0.0,27889
0.0,27890
0.0,27891
0.0,27892
0.0,27893
535.0327607257906,27894
173.61744790986052,27895
0.0,27896
0.0,27897
0.0,27898
0.0,27899
0.0,27900
0.0,27901
0.0,27902
0.0,27903
0.0,27904
0.0,27905
0.0,27906
0.0,27907
0.0,27908
2102.31002948471,27909
197.9125492888996,27910
0.0,27911
0.0,27912
459.65303276038463,27913
0.0,27914
0.0,27915
0.0,27916
0.0,27917
663.558395760183,27918
0.0,27919
0.0,27920
0.0,27921
0.0,27922
0.0,27923
0.0,27924
0.0,27925
0.0,27926
0.0,27927
0.0,27928
0.0,27929
1191.1532759561494,27930
0.0,27931
677.8730561296343,27932
0.0,27933
0.0,27934
0.0,27935
0.0,27936
0.0,27937
55.573165910311666,27938
0.0,27939
0.0,27940
0.0,27941
0.0,27942
588.510477188389,27943
0.0,27944
0.0,27945
596.2439314418098,27946
0.0,27947
0.0,27948
0.0,27949
0.0,27950
0.0,27951
0.0,27952
0.0,27953
0.0,27954
0.0,27955
0.0,27956
0.0,27957
0.0,27958
0.0,27959
0.0,27960
0.0,27961
0.0,27962
0.0,27963
0.0,27964
0.0,27965
0.0,27966
0.0,27967
0.0,27968
0.0,27969
0.0,27970
0.0,27971
0.0,27972
0.0,27973
1706.8623289776647,27974
0.0,27975
0.0,27976
0.0,27977
0.0,27978
0.0,27979
0.0,27980
0.0,27981
0.0,27982
0.0,27983
0.0,27984
0.0,27985
0.0,27986
1536.9450108030449,27987
0.0,27988
0.0,27989
0.0,27990
0.0,27991
0.0,27992
0.0,27993
0.0,27994
0.0,27995
0.0,27996
0.0,27997
0.0,27998
0.0,27999
0.0,28000
0.0,28001
0.0,28002
0.0,28003
0.0,28004
0.0,28005
0.0,28006
0.0,28007
0.0,28008
0.0,28009
0.0,28010
0.0,28011
0.0,28012
0.0,28013
0.0,28014
0.0,28015
0.0,28016
0.0,28017
0.0,28018
0.0,28019
0.0,28020
0.0,28021
0.0,28022
0.0,28023
0.0,28024
0.0,28025
0.0,28026
0.0,28027
0.0,28028
0.0,28029
0.0,28030
17059.382171353987,28031
0.0,28032
0.0,28033
0.0,28034
0.0,28035
0.0,28036
0.0,28037
0.0,28038
0.0,28039
0.0,28040
0.0,28041
0.0,28042
0.0,28043
0.0,28044
0.0,28045
0.0,28046
0.0,28047
46.00940771047592,28048
0.0,28049
0.0,28050
0.0,28051
0.0,28052
0.0,28053
0.0,28054
3797.3311002222304,28055
0.0,28056
4686.321625761988,28057
8870.314695685807,28058
0.0,28059
0.0,28060
0.0,28061
317.10837317808733,28062
0.0,28063
0.0,28064
2361.8612604875757,28065
0.0,28066
0.0,28067
0.0,28068
2352.4345703654835,28069
0.0,28070
0.0,28071
0.0,28072
1306.4751557826278,28073
0.0,28074
0.0,28075
0.0,28076
0.0,28077
106.04144593471894,28078
0.0,28079
0.0,28080
0.0,28081
2877.3443849645714,28082
0.0,28083
1289.783463112768,28084
0.0,28085
0.0,28086
0.0,28087
0.0,28088
0.0,28089
290.6210188906849,28090
1363.2863964703267,28091
0.0,28092
0.0,28093
0.0,28094
0.0,28095
0.0,28096
405.4570882392858,28097
117.17013887160883,28098
43.942306221300534,28099
0.0,28100
0.0,28101
40.41483581036551,28102
0.0,28103
0.0,28104
0.0,28105
37.011450280317554,28106
0.0,28107
1102.5393688219795,28108
0.0,28109
1094.5024335699186,28110
0.0,28111
1085.8087376898377,28112
0.0,28113
0.0,28114
1323.046679200027,28115
0.0,28116
1069.3646559786193,28117
0.0,28118
17.45682383498644,28119
0.0,28120
0.0,28121
14.326990752578268,28122
0.0,28123
0.0,28124
0.0,28125
0.0,28126
6153.563015757165,28127
407.4595959090275,28128
0.0,28129
0.0,28130
0.0,28131
0.0,28132
0.0,28133
0.0,28134
10.010484586715112,28135
0.0,28136
675.4253127816326,28137
430.9881299055017,28138
0.0,28139
0.0,28140
0.0,28141
439.67840848419223,28142
0.0,28143
0.0,28144
0.0,28145
0.0,28146
0.0,28147
0.0,28148
0.0,28149
0.0,28150
0.0,28151
0.0,28152
0.0,28153
0.0,28154
0.0,28155
0.0,28156
0.0,28157
0.0,28158
0.0,28159
0.0,28160
0.0,28161
0.0,28162
0.0,28163
0.0,28164
0.0,28165
0.0,28166
0.0,28167
0.0,28168
0.0,28169
0.0,28170
0.0,28171
0.0,28172
0.0,28173
0.0,28174
0.0,28175
0.0,28176
0.0,28177
0.0,28178
0.0,28179
0.0,28180
0.0,28181
0.0,28182
0.0,28183
0.0,28184
0.0,28185
0.0,28186
0.0,28187
0.0,28188
0.0,28189
0.0,28190
0.0,28191
0.0,28192
0.0,28193
0.0,28194
0.0,28195
0.0,28196
0.0,28197
0.0,28198
0.0,28199
0.0,28200
0.0,28201
0.0,28202
0.0,28203
0.0,28204
0.0,28205
0.0,28206
0.0,28207
0.0,28208
0.0,28209
0.0,28210
0.0,28211
0.0,28212
0.0,28213
471.8397859937862,28214
0.0,28215
0.0,28216
0.0,28217
0.0,28218
0.0,28219
0.0,28220
0.0,28221
0.0,28222
0.0,28223
0.0,28224
0.0,28225
0.0,28226
0.0,28227
267.15703581553385,28228
228.30925233882425,28229
0.0,28230
0.0,28231
0.0,28232
2950.74018038837,28233
0.0,28234
0.0,28235
0.0,28236
0.0,28237
0.0,28238
0.0,28239
0.0,28240
0.0,28241
0.0,28242
0.0,28243
0.0,28244
267.2945369325873,28245
0.0,28246
0.0,28247
0.0,28248
0.0,28249
0.0,28250
2942.410501395678,28251
0.0,28252
0.0,28253
265.8006718856404,28254
0.0,28255
1779.7934226700638,28256
0.0,28257
0.0,28258
0.0,28259
265.62113043312655,28260
0.0,28261
0.0,28262
0.0,28263
0.0,28264
0.0,28265
0.0,28266
0.0,28267
0.0,28268
0.0,28269
0.0,28270
267.4028261418188,28271
0.0,28272
0.0,28273
0.0,28274
0.0,28275
0.0,28276
0.0,28277
0.0,28278
0.0,28279
0.0,28280
0.0,28281
0.0,28282
0.0,28283
0.0,28284
0.0,28285
0.0,28286
0.0,28287
0.0,28288
1260.9724726004754,28289
0.0,28290
0.0,28291
0.0,28292
0.0,28293
0.0,28294
0.0,28295
0.0,28296
0.0,28297
0.0,28298
0.0,28299
0.0,28300
0.0,28301
1260.602251274287,28302
0.0,28303
0.0,28304
0.0,28305
0.0,28306
0.0,28307
2623.9860885402904,28308
0.0,28309
0.0,28310
0.0,28311
0.0,28312
1179.0537711730863,28313
0.0,28314
0.0,28315
0.0,28316
0.0,28317
0.0,28318
0.0,28319
0.0,28320
0.0,28321
0.0,28322
0.0,28323
0.0,28324
0.0,28325
0.0,28326
0.0,28327
0.0,28328
0.0,28329
0.0,28330
0.0,28331
0.0,28332
0.0,28333
2428.4199429962514,28334
0.0,28335
0.0,28336
0.0,28337
0.0,28338
0.0,28339
0.0,28340
156.54317735132707,28341
0.0,28342
0.0,28343
135.7032422555064,28344
51.33225122640329,28345
0.0,28346
0.0,28347
0.0,28348
0.0,28349
0.0,28350
1100.5628149573536,28351
0.0,28352
0.0,28353
0.0,28354
315.906589365136,28355
0.0,28356
0.0,28357
0.0,28358
0.0,28359
0.0,28360
296.8316254890394,28361
4520.088769963012,28362
0.0,28363
0.0,28364
0.0,28365
0.0,28366
0.0,28367
0.0,28368
278.16129548815843,28369
0.0,28370
0.0,28371
382.88275517466707,28372
0.0,28373
0.0,28374
0.0,28375
0.0,28376
0.0,28377
0.0,28378
0.0,28379
0.0,28380
0.0,28381
0.0,28382
0.0,28383
0.0,28384
1142.0187357088241,28385
2124.9333100879185,28386
0.0,28387
0.0,28388
0.0,28389
1427.109869846331,28390
0.0,28391
0.0,28392
0.0,28393
0.0,28394
0.0,28395
0.0,28396
0.0,28397
59.34671732098268,28398
0.0,28399
0.0,28400
0.0,28401
0.0,28402
0.0,28403
0.0,28404
815.5366928956373,28405
0.0,28406
0.0,28407
0.0,28408
0.0,28409
0.0,28410
0.0,28411
0.0,28412
0.0,28413
0.0,28414
0.0,28415
0.0,28416
0.0,28417
0.0,28418
1180.1018549805483,28419
0.0,28420
0.0,28421
0.0,28422
0.0,28423
703.1471670265504,28424
0.0,28425
0.0,28426
1170.5722577199142,28427
0.0,28428
0.0,28429
1019.3255127482704,28430
107.64325331768204,28431
0.0,28432
1128.312322729533,28433
92.25548716208587,28434
5044.312138343308,28435
365.703336471749,28436
0.0,28437
0.0,28438
6828.858799185299,28439
0.0,28440
0.0,28441
4232.723166589392,28442
4219.034633919247,28443
0.0,28444
0.0,28445
0.0,28446
998.3341390193308,28447
1868.1408240674864,28448
0.0,28449
0.0,28450
0.0,28451
0.0,28452
0.0,28453
0.0,28454
0.0,28455
0.0,28456
0.0,28457
0.0,28458
0.0,28459
3468.7466849936563,28460
633.959919210036,28461
2135.880550559417,28462
1286.0292402708594,28463
837.1474995374592,28464
814.7315824399517,28465
3497.6415620881694,28466
0.0,28467
2718.206994025478,28468
0.0,28469
2704.729795372424,28470
3283.1092991986047,28471
0.0,28472
1035.973197146323,28473
0.0,28474
3557.625202797382,28475
0.0,28476
869.8477876668371,28477
2642.1373031636786,28478
458.5108094716828,28479
0.0,28480
0.0,28481
0.0,28482
3048.358231447741,28483
2844.607627034748,28484
0.0,28485
324.1227417384061,28486
0.0,28487
2612.128300352034,28488
2753.1290588181582,28489
0.0,28490
3055.745887769718,28491
0.0,28492
380.9812719016192,28493
0.0,28494
0.0,28495
0.0,28496
577.8147188263066,28497
190.48495281248813,28498
373.6103089758471,28499
0.0,28500
0.0,28501
1225.8063983194259,28502
0.0,28503
0.0,28504
0.0,28505
0.0,28506
0.0,28507
0.0,28508
2432.6517156723667,28509
0.0,28510
0.0,28511
0.0,28512
0.0,28513
0.0,28514
0.0,28515
8.240303834687479,28516
0.0,28517
0.0,28518
0.0,28519
0.0,28520
0.0,28521
0.0,28522
0.0,28523
0.0,28524
691.285596166935,28525
0.0,28526
0.0,28527
355.4574900176769,28528
0.0,28529
0.0,28530
0.0,28531
0.0,28532
0.0,28533
0.0,28534
0.0,28535
0.0,28536
0.0,28537
0.0,28538
0.0,28539
0.0,28540
0.0,28541
0.0,28542
0.0,28543
0.0,28544
0.0,28545
0.0,28546
0.0,28547
0.0,28548
0.0,28549
0.0,28550
0.0,28551
0.0,28552
0.0,28553
97.33975252358601,28554
0.0,28555
0.0,28556
0.0,28557
0.0,28558
0.0,28559
0.0,28560
0.0,28561
0.0,28562
0.0,28563
0.0,28564
0.0,28565
0.0,28566
0.0,28567
212.61715864985354,28568
0.0,28569
0.0,28570
0.0,28571
0.0,28572
289.8571883106668,28573
0.0,28574
0.0,28575
0.0,28576
12.436855249390828,28577
0.0,28578
0.0,28579
0.0,28580
0.0,28581
0.0,28582
0.0,28583
0.0,28584
0.0,28585
0.0,28586
0.0,28587
0.0,28588
0.0,28589
0.0,28590
0.0,28591
0.0,28592
0.0,28593
0.0,28594
0.0,28595
0.0,28596
0.0,28597
0.0,28598
0.0,28599
0.0,28600
0.0,28601
0.0,28602
0.0,28603
0.0,28604
0.0,28605
0.0,28606
0.0,28607
0.0,28608
0.0,28609
0.0,28610
0.0,28611
0.0,28612
0.0,28613
0.0,28614
0.0,28615
0.0,28616
0.0,28617
0.0,28618
0.0,28619
0.0,28620
0.0,28621
0.0,28622
183.51257925863075,28623
0.0,28624
1012.6553222630642,28625
0.0,28626
0.0,28627
0.0,28628
0.0,28629
6000.311579171158,28630
0.0,28631
1.0161151834950195,28632
0.0,28633
5805.107319267627,28634
812.9578483109906,28635
3538.2461197919015,28636
0.0,28637
508.6888020293608,28638
766.8182425960388,28639
1408.315249318119,28640
5436.805803797841,28641
0.0,28642
0.0,28643
0.0,28644
0.0,28645
0.0,28646
0.0,28647
0.0,28648
0.0,28649
0.0,28650
0.0,28651
1493.3428629613888,28652
0.0,28653
0.0,28654
0.0,28655
0.0,28656
0.0,28657
0.0,28658
0.0,28659
0.0,28660
0.0,28661
0.0,28662
0.0,28663
0.0,28664
0.0,28665
0.0,28666
0.0,28667
0.0,28668
0.0,28669
0.0,28670
0.0,28671
0.0,28672
0.0,28673
0.0,28674
0.0,28675
0.0,28676
0.0,28677
159.35728387924536,28678
0.0,28679
0.0,28680
0.0,28681
619.7764293548818,28682
0.0,28683
843.6064564661211,28684
0.0,28685
0.0,28686
0.0,28687
0.0,28688
0.0,28689
403.62690778654064,28690
0.0,28691
1889.9303683114372,28692
0.0,28693
0.0,28694
0.0,28695
0.0,28696
0.0,28697
0.0,28698
353.53251233888835,28699
2351.5791828166434,28700
0.0,28701
0.0,28702
0.0,28703
0.0,28704
0.0,28705
0.0,28706
0.0,28707
0.0,28708
0.0,28709
0.0,28710
0.0,28711
0.0,28712
0.0,28713
0.0,28714
0.0,28715
0.0,28716
0.0,28717
0.0,28718
0.0,28719
0.0,28720
0.0,28721
0.0,28722
0.0,28723
0.0,28724
0.0,28725
1135.670002432596,28726
0.0,28727
0.0,28728
0.0,28729
0.0,28730
0.0,28731
0.0,28732
0.0,28733
0.0,28734
0.0,28735
0.0,28736
0.0,28737
0.0,28738
2496.1995258505463,28739
368.5330182713491,28740
0.0,28741
2879.144692018982,28742
0.0,28743
0.0,28744
0.0,28745
0.0,28746
0.0,28747
539.7832397049135,28748
0.0,28749
0.0,28750
0.0,28751
829.8164128077256,28752
1109.9109402360968,28753
0.0,28754
1568.730004926272,28755
2218.2334772151403,28756
0.0,28757
2809.739023190937,28758
0.0,28759
296.148191529737,28760
290.90071444485704,28761
0.0,28762
0.0,28763
0.0,28764
2515.3753778874197,28765
0.0,28766
0.0,28767
0.0,28768
0.0,28769
0.0,28770
0.0,28771
0.0,28772
0.0,28773
2366.225511620269,28774
0.0,28775
0.0,28776
1641.9128622422572,28777
0.0,28778
0.0,28779
1881.6883278709863,28780
1898.3171837895964,28781
107.4764998807501,28782
765.2265268245659,28783
0.0,28784
5919.9686780224465,28785
0.0,28786
0.0,28787
0.0,28788
0.0,28789
0.0,28790
0.0,28791
10575.031016171275,28792
0.0,28793
323.50944937159215,28794
2613.731230232702,28795
0.0,28796
0.0,28797
0.0,28798
2930.9580433560627,28799
2653.1904597327107,28800
0.0,28801
2363.8973350097785,28802
0.0,28803
0.0,28804
0.0,28805
315.4833106284866,28806
0.0,28807
0.0,28808
0.0,28809
0.0,28810
0.0,28811
6384.03230356367,28812
0.0,28813
0.0,28814
0.0,28815
0.0,28816
0.0,28817
0.0,28818
0.0,28819
0.0,28820
0.0,28821
0.0,28822
0.0,28823
0.0,28824
1364.6465508831845,28825
1715.023235720278,28826
0.0,28827
0.0,28828
0.0,28829
0.0,28830
0.0,28831
0.0,28832
0.0,28833
135.93924444419218,28834
0.0,28835
0.0,28836
0.0,28837
0.0,28838
4410.258976369916,28839
0.0,28840
0.0,28841
0.0,28842
0.0,28843
0.0,28844
0.0,28845
0.0,28846
0.0,28847
0.0,28848
0.0,28849
0.0,28850
8420.569444404637,28851
0.0,28852
0.0,28853
0.0,28854
4113.506362704776,28855
646.8687625798793,28856
901.3818672891306,28857
0.0,28858
0.0,28859
0.0,28860
0.0,28861
1442.4795337263135,28862
1443.8613032677392,28863
0.0,28864
0.0,28865
0.0,28866
0.0,28867
0.0,28868
0.0,28869
0.0,28870
885.0396390398201,28871
0.0,28872
0.0,28873
0.0,28874
0.0,28875
0.0,28876
0.0,28877
0.0,28878
0.0,28879
0.0,28880
518.5930955334729,28881
0.0,28882
0.0,28883
0.0,28884
0.0,28885
0.0,28886
221.3064397971058,28887
0.0,28888
5184.32526110958,28889
2851.100545435248,28890
0.0,28891
208.22321188555404,28892
0.0,28893
309.83427233492716,28894
0.0,28895
0.0,28896
0.0,28897
486.06923086063824,28898
0.0,28899
0.0,28900
0.0,28901
0.0,28902
0.0,28903
0.0,28904
180.44733808668633,28905
0.0,28906
0.0,28907
1946.4352260350713,28908
0.0,28909
0.0,28910
1847.332058220822,28911
0.0,28912
0.0,28913
0.0,28914
0.0,28915
0.0,28916
181.73570740383434,28917
0.0,28918
1587.2486235245196,28919
0.0,28920
0.0,28921
0.0,28922
0.0,28923
578.9736376307728,28924
2757.826761398257,28925
563.514499779483,28926
555.6737484158564,28927
547.2150189350464,28928
0.0,28929
0.0,28930
0.0,28931
0.0,28932
0.0,28933
0.0,28934
0.0,28935
0.0,28936
0.0,28937
0.0,28938
0.0,28939
0.0,28940
0.0,28941
0.0,28942
0.0,28943
0.0,28944
0.0,28945
0.0,28946
0.0,28947
0.0,28948
0.0,28949
0.0,28950
0.0,28951
0.0,28952
0.0,28953
0.0,28954
0.0,28955
0.0,28956
0.0,28957
0.0,28958
0.0,28959
0.0,28960
0.0,28961
0.0,28962
0.0,28963
0.0,28964
0.0,28965
0.0,28966
2085.0443448871624,28967
0.0,28968
0.0,28969
0.0,28970
0.0,28971
349.95565554834957,28972
0.0,28973
0.0,28974
0.0,28975
0.0,28976
0.0,28977
0.0,28978
0.0,28979
0.0,28980
0.0,28981
0.0,28982
0.0,28983
0.0,28984
0.0,28985
0.0,28986
0.0,28987
0.0,28988
0.0,28989
0.0,28990
902.3928180900581,28991
0.0,28992
0.0,28993
78.26874658489004,28994
0.0,28995
63.82305571147721,28996
0.0,28997
0.0,28998
50.45424393079158,28999
0.0,29000
397.6987170169592,29001
0.0,29002
0.0,29003
0.0,29004
0.0,29005
3063.657241004334,29006
0.0,29007
0.0,29008
0.0,29009
0.0,29010
0.0,29011
0.0,29012
0.0,29013
0.0,29014
0.0,29015
111.00019312706367,29016
0.0,29017
1750.074918679662,29018
0.0,29019
0.0,29020
0.0,29021
0.0,29022
0.0,29023
0.0,29024
0.0,29025
0.0,29026
0.0,29027
0.0,29028
0.0,29029
0.0,29030
0.0,29031
0.0,29032
0.0,29033
0.0,29034
6561.853218800598,29035
0.0,29036
0.0,29037
0.0,29038
0.0,29039
0.0,29040
2102.9126204409354,29041
0.0,29042
0.0,29043
247.34519867914236,29044
0.0,29045
0.0,29046
0.0,29047
0.0,29048
1912.8677944195795,29049
0.0,29050
0.0,29051
0.0,29052
0.0,29053
0.0,29054
0.0,29055
403.3064849432411,29056
2268.9994462875597,29057
0.0,29058
1581.1284308558515,29059
508.548775663556,29060
3675.6839827298722,29061
3667.674558764858,29062
0.0,29063
0.0,29064
0.0,29065
0.0,29066
0.0,29067
0.0,29068
390.56618018178915,29069
0.0,29070
0.0,29071
0.0,29072
0.0,29073
0.0,29074
16.220185694065115,29075
0.0,29076
0.0,29077
0.0,29078
0.0,29079
18992.39715718474,29080
0.0,29081
0.0,29082
0.0,29083
13822.3447956514,29084
0.0,29085
0.0,29086
0.0,29087
0.0,29088
0.0,29089
0.0,29090
0.0,29091
0.0,29092
0.0,29093
0.0,29094
0.0,29095
0.0,29096
0.0,29097
0.0,29098
0.0,29099
0.0,29100
0.0,29101
0.0,29102
0.0,29103
0.0,29104
0.0,29105
0.0,29106
0.0,29107
0.0,29108
0.0,29109
0.0,29110
0.0,29111
0.0,29112
0.0,29113
0.0,29114
0.0,29115
0.0,29116
0.0,29117
0.0,29118
501.89237605238776,29119
0.0,29120
0.0,29121
0.0,29122
0.0,29123
0.0,29124
0.0,29125
0.0,29126
0.0,29127
0.0,29128
0.0,29129
0.0,29130
0.0,29131
0.0,29132
1067.891281450651,29133
1056.2546906648097,29134
0.0,29135
0.0,29136
0.0,29137
0.0,29138
0.0,29139
0.0,29140
0.0,29141
0.0,29142
0.0,29143
0.0,29144
0.0,29145
0.0,29146
0.0,29147
0.0,29148
0.0,29149
0.0,29150
0.0,29151
0.0,29152
0.0,29153
0.0,29154
0.0,29155
0.0,29156
0.0,29157
0.0,29158
0.0,29159
0.0,29160
0.0,29161
0.0,29162
0.0,29163
0.0,29164
0.0,29165
0.0,29166
0.0,29167
0.0,29168
0.0,29169
0.0,29170
0.0,29171
0.0,29172
0.0,29173
0.0,29174
0.0,29175
0.0,29176
0.0,29177
0.0,29178
0.0,29179
0.0,29180
0.0,29181
0.0,29182
0.0,29183
0.0,29184
0.0,29185
0.0,29186
0.0,29187
0.0,29188
0.0,29189
0.0,29190
0.0,29191
0.0,29192
0.0,29193
0.0,29194
0.0,29195
0.0,29196
0.0,29197
0.0,29198
0.0,29199
0.0,29200
401.94387905321355,29201
0.0,29202
4.233974430532054,29203
116.49414864543661,29204
0.0,29205
368.7828002327945,29206
347.1317597306026,29207
495.44596276431633,29208
2239.7856959013516,29209
0.0,29210
0.0,29211
0.0,29212
0.0,29213
0.0,29214
0.0,29215
0.0,29216
0.0,29217
0.0,29218
0.0,29219
0.0,29220
0.0,29221
3642.3101418723686,29222
1341.9284014580144,29223
4286.546117750763,29224
1054.6741528201553,29225
0.0,29226
402.9849128530975,29227
0.0,29228
0.0,29229
0.0,29230
0.0,29231
0.0,29232
0.0,29233
93.39993595918722,29234
0.0,29235
0.0,29236
549.3305113253293,29237
0.0,29238
0.0,29239
0.0,29240
239.51848382359736,29241
0.0,29242
0.0,29243
0.0,29244
0.0,29245
0.0,29246
0.0,29247
0.0,29248
0.0,29249
0.0,29250
0.0,29251
0.0,29252
139.4531508204284,29253
0.0,29254
0.0,29255
360.8682038474382,29256
0.0,29257
0.0,29258
0.0,29259
0.0,29260
0.0,29261
0.0,29262
0.0,29263
0.0,29264
0.0,29265
0.0,29266
1858.0182895760831,29267
0.0,29268
0.0,29269
0.0,29270
0.0,29271
1384.4731710673823,29272
0.0,29273
1368.7167120149904,29274
0.0,29275
1353.1622635937474,29276
0.0,29277
1958.875792139401,29278
186.4527375813803,29279
0.0,29280
1690.6487683768737,29281
0.0,29282
0.0,29283
0.0,29284
0.0,29285
0.0,29286
0.0,29287
68.13195562387669,29288
0.0,29289
0.0,29290
0.0,29291
0.0,29292
0.0,29293
0.0,29294
0.0,29295
0.0,29296
0.0,29297
0.0,29298
0.0,29299
0.0,29300
0.0,29301
0.0,29302
0.0,29303
0.0,29304
0.0,29305
0.0,29306
0.0,29307
0.0,29308
0.0,29309
0.0,29310
0.0,29311
0.0,29312
0.0,29313
0.0,29314
0.0,29315
1367.0174654483105,29316
0.0,29317
0.0,29318
0.0,29319
0.0,29320
0.0,29321
0.0,29322
155.8106965671957,29323
0.0,29324
0.0,29325
0.0,29326
0.0,29327
0.0,29328
2188.098205072185,29329
0.0,29330
3.888056064616707,29331
0.0,29332
0.0,29333
0.0,29334
26.774621057540536,29335
0.0,29336
0.0,29337
0.0,29338
0.0,29339
0.0,29340
0.0,29341
0.0,29342
0.0,29343
0.0,29344
0.0,29345
0.0,29346
0.0,29347
0.0,29348
0.0,29349
0.0,29350
0.0,29351
0.0,29352
0.0,29353
1483.6567945527709,29354
0.0,29355
0.0,29356
0.0,29357
0.0,29358
0.0,29359
0.0,29360
0.0,29361
0.0,29362
0.0,29363
0.0,29364
0.0,29365
0.0,29366
0.0,29367
0.0,29368
0.0,29369
0.0,29370
918.5474459387964,29371
0.0,29372
0.0,29373
0.0,29374
0.0,29375
0.0,29376
0.0,29377
606.4858181259818,29378
561.2506775637205,29379
0.0,29380
0.0,29381
0.0,29382
0.0,29383
0.0,29384
0.0,29385
0.0,29386
0.0,29387
0.0,29388
0.0,29389
423.01483189362114,29390
449.5260918898429,29391
0.0,29392
0.0,29393
0.0,29394
0.0,29395
0.0,29396
0.0,29397
0.0,29398
0.0,29399
0.0,29400
0.0,29401
0.0,29402
0.0,29403
0.0,29404
0.0,29405
0.0,29406
0.0,29407
0.0,29408
0.0,29409
0.0,29410
0.0,29411
0.0,29412
0.0,29413
0.0,29414
0.0,29415
0.0,29416
0.0,29417
0.0,29418
0.0,29419
0.0,29420
0.0,29421
0.0,29422
0.0,29423
0.0,29424
515.8555152369948,29425
0.0,29426
0.0,29427
0.0,29428
0.0,29429
0.0,29430
201.80595212160168,29431
0.0,29432
0.0,29433
0.0,29434
0.0,29435
532.0941865771175,29436
0.0,29437
0.0,29438
0.0,29439
0.0,29440
0.0,29441
0.0,29442
474.9329435488725,29443
218.1954528339304,29444
543.3673112656876,29445
468.0640119255051,29446
458.4342078316489,29447
450.77216654276054,29448
0.0,29449
0.0,29450
0.0,29451
0.0,29452
542.8322522453806,29453
0.0,29454
445.3853338843554,29455
0.0,29456
0.0,29457
0.0,29458
0.0,29459
0.0,29460
0.0,29461
0.0,29462
0.0,29463
0.0,29464
0.0,29465
0.0,29466
0.0,29467
0.0,29468
0.0,29469
441.5825794782144,29470
439.61922021033735,29471
499.2304511215804,29472
0.0,29473
0.0,29474
0.0,29475
0.0,29476
0.0,29477
0.0,29478
149.2620899240646,29479
0.0,29480
0.0,29481
547.1285317672765,29482
0.0,29483
0.0,29484
0.0,29485
0.0,29486
0.0,29487
22766.69042059255,29488
0.0,29489
0.0,29490
0.0,29491
0.0,29492
0.0,29493
0.0,29494
0.0,29495
0.0,29496
0.0,29497
335.16676886957276,29498
0.0,29499
548.2000362798672,29500
0.0,29501
0.0,29502
0.0,29503
0.0,29504
0.0,29505
547.6714461799323,29506
0.0,29507
0.0,29508
0.0,29509
88.4576286978362,29510
333.1801523159303,29511
621.1266701390924,29512
336.5454185962344,29513
0.0,29514
0.0,29515
0.0,29516
0.0,29517
0.0,29518
339.70119280479673,29519
0.0,29520
0.0,29521
0.0,29522
0.0,29523
0.0,29524
0.0,29525
0.0,29526
0.0,29527
0.0,29528
1607.1849752559172,29529
363.14285894202243,29530
0.0,29531
0.0,29532
0.0,29533
0.0,29534
0.0,29535
0.0,29536
0.0,29537
0.0,29538
0.0,29539
0.0,29540
558.460808710425,29541
336.4336242126928,29542
0.0,29543
0.0,29544
0.0,29545
0.0,29546
0.0,29547
340.83962678228625,29548
0.0,29549
0.0,29550
0.0,29551
0.0,29552
0.0,29553
0.0,29554
0.0,29555
0.0,29556
0.0,29557
0.0,29558
0.0,29559
0.0,29560
0.0,29561
345.8133908573342,29562
0.0,29563
555.3604930582279,29564
0.0,29565
0.0,29566
0.0,29567
0.0,29568
168.27362503869017,29569
0.0,29570
176.23285375887932,29571
0.0,29572
0.0,29573
712.3016795399396,29574
0.0,29575
0.0,29576
0.0,29577
232.432866577986,29578
0.0,29579
1510.002525294887,29580
5284.2833526851155,29581
0.0,29582
892.4348909251671,29583
0.0,29584
0.0,29585
0.0,29586
3.218031335477786,29587
0.0,29588
0.0,29589
0.0,29590
0.0,29591
0.0,29592
0.0,29593
0.0,29594
0.0,29595
0.0,29596
0.0,29597
0.0,29598
0.0,29599
2194.8493598286777,29600
0.0,29601
0.0,29602
0.0,29603
0.0,29604
441.8440535391767,29605
0.0,29606
753.5102149193311,29607
0.0,29608
0.0,29609
0.0,29610
0.0,29611
0.0,29612
0.0,29613
1031.1246441091178,29614
0.0,29615
0.0,29616
0.0,29617
463.36330429967336,29618
629.8355293400302,29619
1340.6156437212085,29620
0.0,29621
0.0,29622
0.0,29623
0.0,29624
0.0,29625
1391.9094241907412,29626
1293.1153327127008,29627
0.0,29628
0.0,29629
0.0,29630
0.0,29631
0.0,29632
0.0,29633
0.0,29634
0.0,29635
0.0,29636
0.0,29637
0.0,29638
296.35622805114986,29639
298.72460841060695,29640
0.0,29641
0.0,29642
0.0,29643
0.0,29644
0.0,29645
0.0,29646
0.0,29647
1448.5848033834916,29648
0.0,29649
0.0,29650
0.0,29651
0.0,29652
1366.3074896394062,29653
0.0,29654
0.0,29655
0.0,29656
0.0,29657
0.0,29658
0.0,29659
0.0,29660
0.0,29661
0.0,29662
0.0,29663
0.0,29664
0.0,29665
0.0,29666
0.0,29667
0.0,29668
0.0,29669
217.58515462858497,29670
0.0,29671
0.0,29672
0.0,29673
0.0,29674
0.0,29675
0.0,29676
0.0,29677
0.0,29678
0.0,29679
0.0,29680
0.0,29681
0.0,29682
0.0,29683
0.0,29684
0.0,29685
0.0,29686
0.0,29687
0.0,29688
0.0,29689
0.0,29690
0.0,29691
0.0,29692
0.0,29693
0.0,29694
0.0,29695
0.0,29696
0.0,29697
0.0,29698
0.0,29699
0.0,29700
0.0,29701
0.0,29702
0.0,29703
0.0,29704
0.0,29705
0.0,29706
797.9627135293915,29707
0.0,29708
826.5355114527048,29709
396.78698062487325,29710
0.0,29711
688.424957455328,29712
697.2794400011511,29713
706.680246843679,29714
0.0,29715
0.0,29716
0.0,29717
0.0,29718
0.0,29719
326.5529926366506,29720
698.0815146579829,29721
0.0,29722
0.0,29723
0.0,29724
0.0,29725
0.0,29726
0.0,29727
0.0,29728
0.0,29729
0.0,29730
0.0,29731
0.0,29732
0.0,29733
0.0,29734
0.0,29735
0.0,29736
0.0,29737
0.0,29738
388.9433784899758,29739
0.0,29740
0.0,29741
0.0,29742
0.0,29743
0.0,29744
0.0,29745
0.0,29746
0.0,29747
0.0,29748
0.0,29749
1930.2887852677259,29750
0.0,29751
0.0,29752
0.0,29753
0.0,29754
0.0,29755
0.0,29756
0.0,29757
0.0,29758
0.0,29759
0.0,29760
0.0,29761
0.0,29762
0.0,29763
0.0,29764
0.0,29765
0.0,29766
457.12506920224274,29767
0.0,29768
0.0,29769
0.0,29770
0.0,29771
0.0,29772
0.0,29773
0.0,29774
0.0,29775
0.0,29776
0.0,29777
0.0,29778
0.0,29779
0.0,29780
0.0,29781
0.0,29782
0.0,29783
0.0,29784
0.0,29785
0.0,29786
0.0,29787
0.0,29788
0.0,29789
0.0,29790
0.0,29791
0.0,29792
0.0,29793
0.0,29794
0.0,29795
0.0,29796
0.0,29797
0.0,29798
0.0,29799
33.428305597496056,29800
0.0,29801
0.0,29802
0.0,29803
0.0,29804
0.0,29805
0.0,29806
0.0,29807
0.0,29808
0.0,29809
0.0,29810
0.0,29811
0.0,29812
0.0,29813
0.0,29814
0.0,29815
0.0,29816
0.0,29817
0.0,29818
0.0,29819
0.0,29820
0.0,29821
0.0,29822
0.0,29823
0.0,29824
8909.962822837524,29825
0.0,29826
0.0,29827
0.0,29828
0.0,29829
0.0,29830
0.0,29831
0.0,29832
9859.670992370258,29833
0.0,29834
0.0,29835
0.0,29836
0.0,29837
0.0,29838
0.0,29839
0.0,29840
946.9583902898202,29841
862.1092091056416,29842
0.0,29843
0.0,29844
0.0,29845
1702.9818045857185,29846
0.0,29847
585.3777359668395,29848
0.0,29849
680.2148666237224,29850
6303.800246117313,29851
0.0,29852
0.0,29853
0.0,29854
0.0,29855
0.0,29856
0.0,29857
0.0,29858
0.0,29859
0.0,29860
0.0,29861
0.0,29862
450.61284295539485,29863
1514.971943147839,29864
1972.6948416535447,29865
1155.7351039793768,29866
1152.8183167198654,29867
1150.710154302983,29868
0.0,29869
2263.431428429819,29870
0.0,29871
2470.6041596348273,29872
823.0762507178079,29873
0.0,29874
4230.287727466272,29875
0.0,29876
0.0,29877
0.0,29878
0.0,29879
0.0,29880
0.0,29881
0.0,29882
0.0,29883
0.0,29884
0.0,29885
0.0,29886
0.0,29887
0.0,29888
0.0,29889
0.0,29890
0.0,29891
0.0,29892
0.0,29893
0.0,29894
0.0,29895
0.0,29896
0.0,29897
0.0,29898
0.0,29899
0.0,29900
0.0,29901
0.0,29902
0.0,29903
0.0,29904
0.0,29905
0.0,29906
0.0,29907
1205.6862353308577,29908
0.0,29909
0.0,29910
333.83889110752784,29911
2083.8094973766206,29912
0.0,29913
0.0,29914
0.0,29915
0.0,29916
0.0,29917
0.0,29918
0.0,29919
0.0,29920
343.2626012405008,29921
1513.137004817357,29922
0.0,29923
0.0,29924
0.0,29925
0.0,29926
0.0,29927
0.0,29928
0.0,29929
613.3777755157653,29930
0.0,29931
0.0,29932
0.0,29933
0.0,29934
0.0,29935
0.0,29936
0.0,29937
0.0,29938
0.0,29939
0.0,29940
0.0,29941
4103.248456399129,29942
0.0,29943
0.0,29944
426.12494928336395,29945
0.0,29946
0.0,29947
0.0,29948
0.0,29949
0.0,29950
0.0,29951
0.0,29952
0.0,29953
0.0,29954
0.0,29955
0.0,29956
0.0,29957
0.0,29958
2474.694667506726,29959
0.0,29960
0.0,29961
0.0,29962
0.0,29963
0.0,29964
0.0,29965
0.0,29966
0.0,29967
2740.9506703369225,29968
0.0,29969
80.27603540536775,29970
0.0,29971
0.0,29972
0.0,29973
0.0,29974
0.0,29975
0.0,29976
0.0,29977
0.0,29978
0.0,29979
0.0,29980
0.0,29981
7555.025940922473,29982
0.0,29983
0.0,29984
0.0,29985
0.0,29986
0.0,29987
0.0,29988
0.0,29989
0.0,29990
0.0,29991
0.0,29992
0.0,29993
0.0,29994
0.0,29995
0.0,29996
0.0,29997
0.0,29998
0.0,29999
3715.956337569882,30000
0.0,30001
0.0,30002
0.0,30003
0.0,30004
0.0,30005
0.0,30006
0.0,30007
0.0,30008
0.0,30009
0.0,30010
0.0,30011
53.267711779394475,30012
3847.4938786028947,30013
0.0,30014
240.71329182611362,30015
0.0,30016
0.0,30017
0.0,30018
0.0,30019
0.0,30020
0.0,30021
0.0,30022
0.0,30023
650.6936135756532,30024
0.0,30025
0.0,30026
0.0,30027
0.0,30028
0.0,30029
0.0,30030
4315.110852859175,30031
0.0,30032
0.0,30033
0.0,30034
1461.652758466635,30035
0.0,30036
2321.0794677602075,30037
1118.0167169122994,30038
0.0,30039
0.0,30040
0.0,30041
0.0,30042
0.0,30043
0.0,30044
0.0,30045
391.292239522515,30046
1808.4535065070418,30047
409.15042072428645,30048
0.0,30049
0.0,30050
497.3771485171379,30051
0.0,30052
0.0,30053
218.42176606724217,30054
506.0278195308782,30055
1761.5461483673573,30056
2697.4807696142734,30057
361.86722132712714,30058
0.0,30059
1846.786722017813,30060
0.0,30061
0.0,30062
0.0,30063
1379.8194128840955,30064
0.0,30065
0.0,30066
0.0,30067
0.0,30068
0.0,30069
0.0,30070
0.0,30071
0.0,30072
0.0,30073
3046.4488189235203,30074
74.01197446506194,30075
0.0,30076
0.0,30077
0.0,30078
0.0,30079
0.0,30080
1148.2072248059235,30081
701.2737619109051,30082
0.0,30083
0.0,30084
342.5070493290061,30085
1152.5890594691193,30086
0.0,30087
0.0,30088
0.0,30089
0.0,30090
0.0,30091
0.0,30092
0.0,30093
0.0,30094
0.0,30095
0.0,30096
0.0,30097
0.0,30098
0.0,30099
0.0,30100
0.0,30101
500.9756416868182,30102
0.0,30103
0.0,30104
0.0,30105
1122.4441002657297,30106
0.0,30107
0.0,30108
0.0,30109
3094.1171055843975,30110
0.0,30111
0.0,30112
0.0,30113
0.0,30114
3682.9774677790115,30115
3227.2693405348346,30116
0.0,30117
0.0,30118
0.0,30119
1397.5754287176362,30120
0.0,30121
0.0,30122
956.2431825632626,30123
0.0,30124
0.0,30125
0.0,30126
0.0,30127
0.0,30128
0.0,30129
613.4367690061249,30130
2559.9664388367005,30131
1207.8430743132876,30132
0.0,30133
2139.890513572296,30134
0.0,30135
0.0,30136
1179.0804901418026,30137
0.0,30138
0.0,30139
0.0,30140
0.0,30141
0.0,30142
926.681907225736,30143
678.0971901506209,30144
0.0,30145
1472.5133221842407,30146
281.90233846226795,30147
1103.9387928122082,30148
1465.6609751240076,30149
0.0,30150
0.0,30151
0.0,30152
0.0,30153
0.0,30154
0.0,30155
0.0,30156
0.0,30157
0.0,30158
0.0,30159
0.0,30160
1197.4596332839546,30161
1211.7156952787022,30162
1959.6503819296597,30163
0.0,30164
1651.91215518361,30165
0.0,30166
0.0,30167
1968.6284675540242,30168
0.0,30169
0.0,30170
0.0,30171
0.0,30172
1406.1453264570532,30173
0.0,30174
1411.1391496474469,30175
0.0,30176
0.0,30177
438.55415225737465,30178
0.0,30179
1217.3243815221922,30180
0.0,30181
0.0,30182
575.3093157584547,30183
900.903633181088,30184
0.0,30185
0.0,30186
0.0,30187
0.0,30188
0.0,30189
1008.9558324316694,30190
1424.4615482208974,30191
0.0,30192
0.0,30193
710.8606312920124,30194
0.0,30195
0.0,30196
0.0,30197
0.0,30198
0.0,30199
0.0,30200
0.0,30201
0.0,30202
0.0,30203
582.6169432349309,30204
0.0,30205
0.0,30206
366.2212928927664,30207
0.0,30208
0.0,30209
0.0,30210
98.46771590053653,30211
0.0,30212
0.0,30213
5509.537624449013,30214
0.0,30215
0.0,30216
0.0,30217
0.0,30218
0.0,30219
0.0,30220
0.0,30221
0.0,30222
0.0,30223
0.0,30224
0.0,30225
0.0,30226
0.0,30227
0.0,30228
0.0,30229
0.0,30230
0.0,30231
0.0,30232
0.0,30233
0.0,30234
0.0,30235
0.0,30236
0.0,30237
0.0,30238
0.0,30239
0.0,30240
0.0,30241
0.0,30242
0.0,30243
1565.0361026263913,30244
0.0,30245
1557.2836257489041,30246
0.0,30247
779.6680125589423,30248
0.0,30249
0.0,30250
0.0,30251
1725.1088750145402,30252
0.0,30253
2398.3483260096987,30254
170.64245742025824,30255
531.618954302376,30256
3434.281096089565,30257
291.7632412739253,30258
290.0075421353944,30259
288.62198594583566,30260
277.2967099344573,30261
0.0,30262
0.0,30263
0.0,30264
0.0,30265
0.0,30266
1715.0940340756288,30267
0.0,30268
360.4475075841838,30269
3301.116240311261,30270
0.0,30271
830.5022610715712,30272
575.5378085628321,30273
0.0,30274
20.364367628251422,30275
0.0,30276
7144.853047463945,30277
0.0,30278
7524.505449670748,30279
94.36399582575636,30280
8.093656627334298,30281
4096.127822468656,30282
68.07766181963925,30283
0.0,30284
0.0,30285
0.0,30286
0.0,30287
0.0,30288
691.9133556090145,30289
0.0,30290
3114.982071016517,30291
2609.7264554203957,30292
168.80862854325116,30293
0.0,30294
0.0,30295
0.0,30296
1436.6014428835592,30297
663.640146963753,30298
0.0,30299
3644.5291784196806,30300
0.0,30301
1437.3408194706983,30302
0.0,30303
0.0,30304
1444.889936111667,30305
0.0,30306
0.0,30307
889.8161332388266,30308
10862.211827341438,30309
1856.120627537578,30310
1863.510504157747,30311
0.0,30312
1950.09676189429,30313
0.0,30314
0.0,30315
0.0,30316
0.0,30317
0.0,30318
0.0,30319
0.0,30320
2250.9976426777957,30321
0.0,30322
269.1221561151964,30323
0.0,30324
732.3730257085988,30325
1348.6153283238687,30326
0.0,30327
0.0,30328
0.0,30329
704.8076285307532,30330
616.057760388109,30331
0.0,30332
1074.6129068055634,30333
0.0,30334
949.5152465645108,30335
0.0,30336
0.0,30337
0.0,30338
0.0,30339
0.0,30340
0.0,30341
0.0,30342
0.0,30343
0.0,30344
0.0,30345
0.0,30346
93.2770265091563,30347
163.4634332825447,30348
0.0,30349
0.0,30350
0.0,30351
0.0,30352
0.0,30353
115.65866510562924,30354
115.57733468596447,30355
51.030128850330634,30356
0.0,30357
0.0,30358
0.0,30359
0.0,30360
0.0,30361
0.0,30362
0.0,30363
0.0,30364
0.0,30365
0.0,30366
0.0,30367
0.0,30368
0.0,30369
0.0,30370
0.0,30371
0.0,30372
0.0,30373
0.0,30374
0.0,30375
0.0,30376
0.0,30377
0.0,30378
40.26490947851317,30379
0.0,30380
0.0,30381
0.0,30382
0.0,30383
0.0,30384
519.1719101272116,30385
0.0,30386
0.0,30387
0.0,30388
0.0,30389
0.0,30390
0.0,30391
520.4180000780506,30392
0.0,30393
0.0,30394
0.0,30395
0.0,30396
0.0,30397
0.0,30398
521.9418123847198,30399
0.0,30400
0.0,30401
51.24079665604698,30402
0.0,30403
0.0,30404
0.0,30405
0.0,30406
0.0,30407
0.0,30408
0.0,30409
0.0,30410
0.0,30411
0.0,30412
0.0,30413
0.0,30414
0.0,30415
0.0,30416
0.0,30417
42.58285796291533,30418
0.0,30419
0.0,30420
0.0,30421
684.1434123593826,30422
0.0,30423
372.53894145752486,30424
0.0,30425
0.0,30426
0.0,30427
0.0,30428
0.0,30429
0.0,30430
0.0,30431
0.0,30432
0.0,30433
0.0,30434
0.0,30435
366.0585107283909,30436
0.0,30437
0.0,30438
0.0,30439
0.0,30440
0.0,30441
167.67114878577212,30442
0.0,30443
0.0,30444
0.0,30445
274.94741124211,30446
1014.5538204988347,30447
2037.3560475554837,30448
0.7080920014695614,30449
0.0,30450
0.0,30451
1029.0254167299763,30452
2046.3767827725633,30453
10.593270743348809,30454
0.0,30455
0.0,30456
0.0,30457
41.840880716443365,30458
0.0,30459
44.93386680048956,30460
33.184347103092094,30461
0.0,30462
0.0,30463
0.0,30464
24.36182802212821,30465
0.0,30466
0.0,30467
0.0,30468
2.6873251398519433,30469
0.0,30470
16.70981882040623,30471
0.0,30472
0.0,30473
0.0,30474
0.0,30475
0.0,30476
0.0,30477
0.0,30478
0.0,30479
0.0,30480
0.0,30481
2261.2111291027586,30482
0.0,30483
0.0,30484
0.0,30485
0.0,30486
0.0,30487
0.0,30488
0.0,30489
0.0,30490
0.0,30491
0.0,30492
0.0,30493
0.0,30494
0.0,30495
0.0,30496
0.0,30497
0.0,30498
0.0,30499
0.0,30500
0.0,30501
0.0,30502
9.252897552023773,30503
0.0,30504
0.0,30505
0.0,30506
0.0,30507
0.0,30508
0.0,30509
5.983782848898025,30510
3.6728757485946986,30511
0.0,30512
0.0,30513
2.1491112363529195,30514
1.2046193123632072,30515
3673.216708553625,30516
165.6552608248997,30517
0.0,30518
208.0414787213032,30519
0.0,30520
0.0,30521
0.0,30522
0.0,30523
0.0,30524
0.0,30525
0.0,30526
0.0,30527
15.38443279879809,30528
0.0,30529
0.0,30530
14.276137505854594,30531
12.429449462555231,30532
0.0,30533
0.0,30534
397.22852251167683,30535
0.0,30536
0.0,30537
9.995371631598339,30538
0.0,30539
0.0,30540
0.0,30541
0.0,30542
0.0,30543
0.0,30544
0.0,30545
0.0,30546
0.0,30547
7.421652021454613,30548
0.0,30549
5.16541024867151,30550
3.387869409283131,30551
0.0,30552
1378.1103787698896,30553
0.0,30554
0.0,30555
0.0,30556
0.0,30557
0.0,30558
615.0013642875723,30559
1979.9488822886042,30560
0.0,30561
0.0,30562
0.0,30563
0.0,30564
0.0,30565
1029.758192965895,30566
0.0,30567
0.0,30568
0.0,30569
0.0,30570
0.0,30571
0.0,30572
0.0,30573
0.0,30574
0.0,30575
0.0,30576
0.0,30577
0.0,30578
0.0,30579
0.0,30580
0.0,30581
0.0,30582
0.0,30583
6.798484990222162,30584
0.0,30585
0.0,30586
0.0,30587
0.0,30588
0.0,30589
0.0,30590
0.0,30591
0.0,30592
0.0,30593
354.735424595069,30594
0.0,30595
5352.00421848856,30596
0.0,30597
0.0,30598
0.0,30599
0.0,30600
0.0,30601
0.0,30602
0.0,30603
0.0,30604
350.60218234110147,30605
349.12984218812466,30606
0.0,30607
345.63292136943625,30608
343.48063456076517,30609
786.0276855028201,30610
0.0,30611
366.0154641467348,30612
0.0,30613
0.0,30614
316.7870576415994,30615
0.0,30616
0.0,30617
0.0,30618
0.0,30619
0.0,30620
433.3425166255366,30621
0.0,30622
0.0,30623
0.0,30624
0.0,30625
0.0,30626
0.0,30627
0.0,30628
0.0,30629
0.0,30630
0.0,30631
0.0,30632
0.0,30633
0.0,30634
0.0,30635
0.0,30636
0.0,30637
0.0,30638
0.0,30639
0.0,30640
0.0,30641
0.0,30642
0.0,30643
0.0,30644
0.0,30645
15073.120251587394,30646
0.0,30647
0.0,30648
4455.342468245326,30649
0.0,30650
0.0,30651
0.0,30652
0.0,30653
0.0,30654
0.0,30655
0.0,30656
0.0,30657
0.0,30658
0.0,30659
0.0,30660
0.0,30661
0.0,30662
0.0,30663
0.0,30664
0.0,30665
0.0,30666
0.0,30667
0.0,30668
0.0,30669
0.0,30670
0.0,30671
1550.0078704113607,30672
0.0,30673
0.0,30674
1542.9332820735372,30675
0.0,30676
1537.5857520141205,30677
0.0,30678
291.48308501476754,30679
0.0,30680
0.0,30681
0.0,30682
0.0,30683
0.0,30684
0.0,30685
0.0,30686
0.0,30687
293.6098622649701,30688
298.2942064411857,30689
0.0,30690
0.0,30691
0.0,30692
0.0,30693
0.0,30694
0.0,30695
0.0,30696
0.0,30697
0.0,30698
0.0,30699
0.0,30700
1892.3181294379956,30701
0.0,30702
966.6603466485458,30703
6987.325935912134,30704
0.0,30705
4793.766653147689,30706
6723.2593884643775,30707
664.8661735915063,30708
2337.6481566472894,30709
5152.340974962013,30710
3290.7180274285565,30711
5114.496727047267,30712
0.0,30713
0.0,30714
0.0,30715
0.0,30716
0.0,30717
0.0,30718
0.0,30719
0.0,30720
0.0,30721
0.0,30722
0.0,30723
0.0,30724
0.0,30725
0.0,30726
0.0,30727
0.0,30728
0.0,30729
0.0,30730
0.0,30731
0.0,30732
0.0,30733
0.0,30734
0.0,30735
0.0,30736
0.0,30737
0.0,30738
0.0,30739
0.0,30740
0.0,30741
0.0,30742
0.0,30743
0.0,30744
753.1091661143595,30745
0.0,30746
0.0,30747
0.0,30748
0.0,30749
0.0,30750
0.0,30751
0.0,30752
3085.30410875551,30753
0.0,30754
0.0,30755
0.0,30756
0.0,30757
0.0,30758
0.0,30759
0.0,30760
0.0,30761
0.0,30762
0.0,30763
0.0,30764
0.0,30765
0.0,30766
0.0,30767
0.0,30768
0.0,30769
0.0,30770
0.0,30771
0.0,30772
0.0,30773
0.0,30774
0.0,30775
0.0,30776
0.0,30777
0.0,30778
0.0,30779
0.0,30780
0.0,30781
0.0,30782
0.0,30783
726.6408227274975,30784
0.0,30785
0.0,30786
0.0,30787
0.0,30788
0.0,30789
0.0,30790
0.0,30791
0.0,30792
0.0,30793
0.0,30794
0.0,30795
0.0,30796
0.0,30797
0.0,30798
0.0,30799
688.3489885869884,30800
0.0,30801
207.42886670610832,30802
0.0,30803
1209.6160952038736,30804
3076.2990466607953,30805
1136.8401838185107,30806
0.0,30807
608.720534508793,30808
597.6634402527723,30809
1112.5847149655838,30810
1340.4985493887516,30811
0.0,30812
0.0,30813
2857.2842993137565,30814
1579.012012453832,30815
0.0,30816
958.2517254843783,30817
0.0,30818
0.0,30819
180.33016121874215,30820
0.0,30821
1724.2243480745246,30822
0.0,30823
0.0,30824
0.0,30825
298.74783763265594,30826
332.945386427798,30827
0.0,30828
0.0,30829
0.0,30830
0.0,30831
0.0,30832
0.0,30833
0.0,30834
0.0,30835
614.5916496281881,30836
624.8043269559184,30837
0.0,30838
0.0,30839
1785.4465031570403,30840
0.0,30841
0.0,30842
0.0,30843
0.0,30844
1244.0779183005918,30845
0.0,30846
0.0,30847
318.49150760955536,30848
0.0,30849
0.0,30850
0.0,30851
0.0,30852
0.0,30853
0.0,30854
0.0,30855
0.0,30856
0.0,30857
0.0,30858
0.0,30859
0.0,30860
0.0,30861
0.0,30862
0.0,30863
0.0,30864
0.0,30865
0.0,30866
0.0,30867
0.0,30868
0.0,30869
0.0,30870
0.0,30871
0.0,30872
0.0,30873
0.0,30874
0.0,30875
0.0,30876
0.0,30877
0.0,30878
0.0,30879
0.0,30880
0.0,30881
0.0,30882
0.0,30883
0.0,30884
0.0,30885
0.0,30886
0.0,30887
0.0,30888
0.0,30889
0.0,30890
0.0,30891
0.0,30892
0.0,30893
0.0,30894
0.0,30895
0.0,30896
0.0,30897
0.0,30898
0.0,30899
0.0,30900
0.0,30901
0.0,30902
0.0,30903
0.0,30904
0.0,30905
0.0,30906
0.0,30907
0.0,30908
384.3317733552514,30909
0.0,30910
0.0,30911
0.0,30912
0.0,30913
0.0,30914
0.0,30915
0.0,30916
0.0,30917
0.0,30918
0.0,30919
0.0,30920
0.0,30921
0.0,30922
1631.6363198915128,30923
0.0,30924
0.0,30925
897.3414572301489,30926
0.0,30927
378.45957967529154,30928
0.0,30929
0.0,30930
0.0,30931
0.0,30932
0.0,30933
0.0,30934
0.0,30935
0.0,30936
0.0,30937
0.0,30938
0.0,30939
0.0,30940
0.0,30941
0.0,30942
0.0,30943
0.0,30944
0.0,30945
176.04709484084444,30946
0.0,30947
4676.916112801066,30948
0.0,30949
0.0,30950
6245.547025513243,30951
0.0,30952
1064.8469859149202,30953
0.0,30954
413.5046672797993,30955
267.6175202427509,30956
0.0,30957
644.9470519444556,30958
0.0,30959
0.0,30960
0.0,30961
0.0,30962
0.0,30963
0.0,30964
0.0,30965
0.0,30966
0.0,30967
0.0,30968
0.0,30969
0.0,30970
0.0,30971
0.0,30972
0.0,30973
0.0,30974
0.0,30975
0.0,30976
0.0,30977
0.0,30978
0.0,30979
0.0,30980
0.0,30981
0.0,30982
0.0,30983
0.0,30984
0.0,30985
0.0,30986
0.0,30987
0.0,30988
0.0,30989
0.0,30990
100.40613599986851,30991
0.0,30992
863.9649051890094,30993
873.4395269678986,30994
0.0,30995
882.9931042800174,30996
2495.002584793296,30997
0.0,30998
0.0,30999
0.0,31000
0.0,31001
0.0,31002
0.0,31003
0.0,31004
0.0,31005
466.1489787543243,31006
0.0,31007
0.0,31008
0.0,31009
0.0,31010
0.0,31011
0.0,31012
1239.0800590412614,31013
0.0,31014
0.0,31015
0.0,31016
0.0,31017
0.0,31018
0.0,31019
0.0,31020
0.0,31021
1060.3697249374807,31022
0.0,31023
0.0,31024
0.0,31025
0.0,31026
0.0,31027
0.0,31028
961.7770860462836,31029
0.0,31030
0.0,31031
0.0,31032
0.0,31033
0.0,31034
1040.187230686347,31035
0.0,31036
964.0034296459943,31037
0.0,31038
652.5535431244102,31039
0.0,31040
0.0,31041
0.0,31042
0.0,31043
0.0,31044
0.0,31045
0.0,31046
238.0964823653121,31047
0.0,31048
240.5886499531135,31049
0.0,31050
0.0,31051
0.0,31052
0.0,31053
728.6045650942286,31054
0.0,31055
551.4022284233997,31056
0.0,31057
0.0,31058
0.0,31059
265.18077006354684,31060
0.0,31061
0.0,31062
269.4499415172915,31063
0.0,31064
0.0,31065
0.0,31066
0.0,31067
982.7873709523374,31068
0.0,31069
0.0,31070
0.0,31071
0.0,31072
0.0,31073
0.0,31074
0.0,31075
245.60076171760156,31076
980.247647148191,31077
978.1381824863021,31078
0.0,31079
1180.7005579658194,31080
0.0,31081
0.0,31082
0.0,31083
0.0,31084
0.0,31085
919.3028261378,31086
0.0,31087
0.0,31088
0.0,31089
0.0,31090
0.0,31091
0.0,31092
0.0,31093
0.0,31094
0.0,31095
0.0,31096
0.0,31097
0.0,31098
0.0,31099
0.0,31100
0.0,31101
0.0,31102
0.0,31103
0.0,31104
0.0,31105
0.0,31106
0.0,31107
0.0,31108
0.0,31109
0.0,31110
0.0,31111
0.0,31112
0.0,31113
0.0,31114
0.0,31115
0.0,31116
0.0,31117
0.0,31118
0.0,31119
0.0,31120
0.0,31121
0.0,31122
0.0,31123
0.0,31124
0.0,31125
0.0,31126
0.0,31127
0.0,31128
0.0,31129
0.0,31130
0.0,31131
0.0,31132
0.0,31133
0.0,31134
0.0,31135
0.0,31136
0.0,31137
0.0,31138
2907.585383410874,31139
0.0,31140
0.0,31141
0.0,31142
0.0,31143
0.0,31144
0.0,31145
0.0,31146
0.0,31147
0.0,31148
0.0,31149
0.0,31150
219.6449421730037,31151
0.0,31152
0.0,31153
0.0,31154
0.0,31155
0.0,31156
0.0,31157
0.0,31158
0.0,31159
0.0,31160
0.0,31161
0.0,31162
0.0,31163
1373.7086192764204,31164
0.0,31165
0.0,31166
0.0,31167
0.0,31168
0.0,31169
0.0,31170
0.0,31171
0.0,31172
0.0,31173
0.0,31174
0.0,31175
0.0,31176
0.0,31177
0.0,31178
2091.8173627285855,31179
0.0,31180
0.0,31181
0.0,31182
0.0,31183
0.0,31184
0.0,31185
0.0,31186
0.0,31187
0.0,31188
0.0,31189
0.0,31190
0.0,31191
0.0,31192
0.0,31193
0.0,31194
0.0,31195
0.0,31196
0.0,31197
386.2310227948872,31198
0.0,31199
0.0,31200
0.0,31201
0.0,31202
0.0,31203
0.0,31204
0.0,31205
0.0,31206
0.0,31207
0.0,31208
0.0,31209
0.0,31210
0.0,31211
0.0,31212
0.0,31213
0.0,31214
0.0,31215
0.0,31216
0.0,31217
0.0,31218
0.0,31219
0.0,31220
0.0,31221
0.0,31222
0.0,31223
0.0,31224
0.0,31225
0.0,31226
0.0,31227
0.0,31228
0.0,31229
0.0,31230
0.0,31231
0.0,31232
0.0,31233
0.0,31234
0.0,31235
0.0,31236
0.0,31237
0.0,31238
0.0,31239
0.0,31240
0.0,31241
0.0,31242
0.0,31243
0.0,31244
0.0,31245
0.0,31246
0.0,31247
0.0,31248
0.0,31249
0.0,31250
0.0,31251
0.0,31252
0.0,31253
0.0,31254
0.0,31255
0.0,31256
0.0,31257
0.0,31258
0.0,31259
0.0,31260
0.0,31261
0.0,31262
0.0,31263
0.0,31264
0.0,31265
0.0,31266
0.0,31267
0.0,31268
0.0,31269
0.0,31270
0.0,31271
0.0,31272
0.0,31273
0.0,31274
0.0,31275
0.0,31276
1005.7104659904805,31277
0.0,31278
0.0,31279
0.0,31280
0.0,31281
0.0,31282
734.99092077952,31283
50.77849285842177,31284
979.0486550937396,31285
0.0,31286
0.0,31287
0.0,31288
0.0,31289
0.0,31290
0.0,31291
0.0,31292
0.0,31293
0.0,31294
0.0,31295
0.0,31296
0.0,31297
0.0,31298
0.0,31299
1397.408387091469,31300
0.0,31301
0.0,31302
0.0,31303
0.0,31304
0.0,31305
0.0,31306
0.0,31307
0.0,31308
0.0,31309
0.0,31310
0.0,31311
0.0,31312
0.0,31313
2641.556854682531,31314
0.0,31315
0.0,31316
0.0,31317
0.0,31318
0.0,31319
0.0,31320
0.0,31321
0.0,31322
0.0,31323
0.0,31324
0.0,31325
0.0,31326
0.0,31327
0.0,31328
0.0,31329
310.08328496935195,31330
0.0,31331
0.0,31332
0.0,31333
0.0,31334
0.0,31335
0.0,31336
0.0,31337
0.0,31338
877.5412151350741,31339
0.0,31340
0.0,31341
0.0,31342
0.0,31343
152.36152509688273,31344
0.0,31345
0.0,31346
0.0,31347
0.0,31348
0.0,31349
0.0,31350
0.0,31351
0.0,31352
0.0,31353
0.0,31354
0.0,31355
0.0,31356
0.0,31357
0.0,31358
0.0,31359
0.0,31360
0.0,31361
0.0,31362
0.0,31363
0.0,31364
0.0,31365
0.0,31366
0.0,31367
0.0,31368
0.0,31369
0.0,31370
816.9525309080057,31371
0.0,31372
0.0,31373
0.0,31374
0.0,31375
0.0,31376
0.0,31377
0.0,31378
0.0,31379
0.0,31380
0.0,31381
0.0,31382
0.0,31383
0.0,31384
0.0,31385
0.0,31386
0.0,31387
162.5810769628019,31388
1914.9009022843363,31389
0.0,31390
0.0,31391
0.0,31392
1683.864304370105,31393
572.0426051951841,31394
0.0,31395
535.9064579885942,31396
0.0,31397
1623.8141023714716,31398
0.0,31399
0.0,31400
0.0,31401
0.0,31402
0.0,31403
0.0,31404
0.0,31405
0.0,31406
0.0,31407
0.0,31408
0.0,31409
0.0,31410
0.0,31411
0.0,31412
0.0,31413
0.0,31414
0.0,31415
0.0,31416
0.0,31417
0.0,31418
0.0,31419
0.0,31420
491.826869466554,31421
0.0,31422
0.0,31423
474.26290384129146,31424
434.7808226911715,31425
0.0,31426
0.0,31427
461.1992763127857,31428
0.0,31429
0.0,31430
0.0,31431
0.0,31432
102.53017227409453,31433
0.0,31434
0.0,31435
0.0,31436
0.0,31437
0.0,31438
0.0,31439
381.6986957871536,31440
0.0,31441
0.0,31442
0.0,31443
0.0,31444
0.0,31445
1439.0130564699825,31446
0.0,31447
0.0,31448
0.0,31449
481.4849566943325,31450
0.0,31451
0.0,31452
0.0,31453
0.0,31454
0.0,31455
0.0,31456
0.0,31457
0.0,31458
0.0,31459
0.0,31460
0.0,31461
2065.7016392442906,31462
0.0,31463
0.0,31464
0.0,31465
0.0,31466
0.0,31467
0.0,31468
0.0,31469
0.0,31470
0.0,31471
0.0,31472
0.0,31473
0.0,31474
0.0,31475
0.0,31476
601.2843592057968,31477
958.6820246680595,31478
0.0,31479
0.0,31480
0.0,31481
0.0,31482
0.0,31483
0.0,31484
1494.4314623816106,31485
0.0,31486
0.0,31487
0.0,31488
0.0,31489
0.0,31490
0.0,31491
0.0,31492
0.0,31493
0.0,31494
0.0,31495
0.0,31496
0.0,31497
0.0,31498
0.0,31499
0.0,31500
0.0,31501
0.0,31502
0.0,31503
0.0,31504
0.0,31505
0.0,31506
0.0,31507
0.0,31508
0.0,31509
0.0,31510
0.0,31511
0.0,31512
0.0,31513
0.0,31514
0.0,31515
0.0,31516
0.0,31517
0.0,31518
0.0,31519
0.0,31520
0.0,31521
0.0,31522
0.0,31523
0.0,31524
0.0,31525
0.0,31526
0.0,31527
0.0,31528
0.0,31529
0.0,31530
0.0,31531
0.0,31532
0.0,31533
0.0,31534
0.0,31535
0.0,31536
0.0,31537
0.0,31538
0.0,31539
0.0,31540
0.0,31541
1843.3815518284116,31542
0.0,31543
0.0,31544
0.0,31545
1508.8137396430175,31546
0.0,31547
0.0,31548
0.0,31549
0.0,31550
0.0,31551
0.0,31552
0.0,31553
0.0,31554
0.0,31555
0.0,31556
0.0,31557
0.0,31558
0.0,31559
0.0,31560
0.0,31561
0.0,31562
0.0,31563
0.0,31564
0.0,31565
0.0,31566
0.0,31567
0.0,31568
0.0,31569
0.0,31570
0.0,31571
0.0,31572
0.0,31573
0.0,31574
0.0,31575
2017.9174788841503,31576
0.0,31577
1023.7547152814066,31578
0.0,31579
0.0,31580
176.42088445694333,31581
0.0,31582
0.0,31583
0.0,31584
0.0,31585
0.0,31586
0.0,31587
0.0,31588
0.0,31589
0.0,31590
0.0,31591
0.0,31592
0.0,31593
921.3834165784853,31594
0.0,31595
0.0,31596
0.0,31597
0.0,31598
0.0,31599
0.0,31600
0.0,31601
0.0,31602
0.0,31603
0.0,31604
0.0,31605
0.0,31606
0.0,31607
0.0,31608
0.0,31609
0.0,31610
0.0,31611
0.0,31612
0.0,31613
0.0,31614
0.0,31615
0.0,31616
0.0,31617
0.0,31618
0.0,31619
0.0,31620
0.0,31621
0.0,31622
0.0,31623
0.0,31624
0.0,31625
0.0,31626
0.0,31627
0.0,31628
0.0,31629
0.0,31630
0.0,31631
0.0,31632
0.0,31633
0.0,31634
0.0,31635
0.0,31636
0.0,31637
0.0,31638
0.0,31639
0.0,31640
2128.2106697493055,31641
2104.462592638062,31642
0.0,31643
1946.139929917812,31644
0.0,31645
3059.2284956335307,31646
0.0,31647
0.0,31648
0.0,31649
0.0,31650
0.0,31651
0.0,31652
0.0,31653
0.0,31654
0.0,31655
0.0,31656
0.0,31657
0.0,31658
0.0,31659
0.0,31660
0.0,31661
0.0,31662
0.0,31663
0.0,31664
0.0,31665
0.0,31666
0.0,31667
0.0,31668
0.0,31669
0.0,31670
0.0,31671
0.0,31672
0.0,31673
0.0,31674
0.0,31675
476.88514953283396,31676
23.139237234386997,31677
0.0,31678
0.0,31679
0.0,31680
0.0,31681
1686.7720555860533,31682
0.0,31683
0.0,31684
1352.738492229351,31685
0.0,31686
0.0,31687
0.0,31688
420.2462523563728,31689
0.0,31690
0.0,31691
0.0,31692
0.0,31693
0.0,31694
0.0,31695
0.0,31696
0.0,31697
0.0,31698
0.0,31699
0.0,31700
0.0,31701
0.0,31702
0.0,31703
0.0,31704
0.0,31705
0.0,31706
0.0,31707
0.0,31708
0.0,31709
1031.511318764987,31710
128.6211160792375,31711
0.0,31712
624.5217577237801,31713
515.266271125291,31714
0.0,31715
0.0,31716
731.5547961736825,31717
724.1565004069895,31718
0.0,31719
0.0,31720
0.0,31721
1127.498008200498,31722
0.0,31723
0.0,31724
0.0,31725
0.0,31726
1347.3794090883346,31727
0.0,31728
0.0,31729
0.0,31730
0.0,31731
0.0,31732
0.0,31733
0.0,31734
0.0,31735
0.0,31736
0.0,31737
0.0,31738
0.0,31739
0.0,31740
0.0,31741
0.0,31742
0.0,31743
0.0,31744
0.0,31745
0.0,31746
0.0,31747
0.0,31748
0.0,31749
0.0,31750
0.0,31751
0.0,31752
0.0,31753
0.0,31754
406.92574755565346,31755
0.0,31756
0.0,31757
0.0,31758
0.0,31759
0.0,31760
0.0,31761
0.0,31762
0.0,31763
0.0,31764
0.0,31765
0.0,31766
0.0,31767
0.0,31768
0.0,31769
0.0,31770
0.0,31771
4121.551353249299,31772
0.0,31773
0.0,31774
0.0,31775
0.0,31776
0.0,31777
0.0,31778
0.0,31779
0.0,31780
0.0,31781
0.0,31782
0.0,31783
0.0,31784
0.0,31785
0.0,31786
0.0,31787
0.0,31788
0.0,31789
0.0,31790
0.0,31791
0.0,31792
0.0,31793
0.0,31794
1822.1007651509078,31795
2514.425303626278,31796
0.0,31797
0.0,31798
0.0,31799
368.2521989419581,31800
1499.769605532589,31801
0.0,31802
0.0,31803
0.0,31804
1613.1906624237517,31805
0.0,31806
0.0,31807
0.0,31808
0.0,31809
0.0,31810
0.0,31811
0.0,31812
0.0,31813
411.05468507141757,31814
1495.4669422454695,31815
521.4388739056504,31816
0.0,31817
0.0,31818
0.0,31819
0.0,31820
0.0,31821
0.0,31822
255.68104538477303,31823
308.185018734142,31824
356.3724212295029,31825
0.0,31826
0.0,31827
0.0,31828
0.0,31829
3087.0237551747714,31830
2053.538014235488,31831
3983.7098742828025,31832
2127.3514576253374,31833
0.0,31834
0.0,31835
0.0,31836
2732.0064049033736,31837
0.0,31838
0.0,31839
0.0,31840
0.0,31841
0.0,31842
0.0,31843
0.0,31844
0.0,31845
704.5325086241035,31846
0.0,31847
1200.7043349549617,31848
1658.9436945400912,31849
0.0,31850
1240.8104560409242,31851
1758.9551929319723,31852
0.0,31853
0.0,31854
0.0,31855
0.0,31856
204.7775528042137,31857
0.0,31858
0.0,31859
0.0,31860
0.0,31861
0.0,31862
0.0,31863
0.0,31864
5811.502638889044,31865
0.0,31866
0.0,31867
0.0,31868
0.0,31869
2004.0260610659877,31870
0.0,31871
0.0,31872
0.0,31873
0.0,31874
0.0,31875
0.0,31876
0.0,31877
0.0,31878
0.0,31879
0.0,31880
0.0,31881
0.0,31882
0.0,31883
0.0,31884
0.0,31885
0.0,31886
0.0,31887
0.0,31888
143.92760109066342,31889
0.0,31890
0.0,31891
89.7577194890653,31892
1674.8662896771607,31893
0.0,31894
0.0,31895
0.0,31896
0.0,31897
976.348353266626,31898
610.5877039898504,31899
388.7745719733026,31900
1432.8893230894932,31901
3106.434855937013,31902
0.0,31903
475.60034691203236,31904
494.3728872014854,31905
714.5215740725197,31906
2212.9004070252936,31907
547.6990906525,31908
2575.0389249591058,31909
0.0,31910
84.14504054958145,31911
874.552014018557,31912
145.58272706011672,31913
0.0,31914
151.51832957467585,31915
156.32259627237673,31916
0.0,31917
902.3830370338511,31918
0.0,31919
167.14039681522686,31920
910.8495592111941,31921
916.2116021957232,31922
128.3665787875424,31923
405.46175955689813,31924
4375.123545837854,31925
1085.6326954407923,31926
1087.8492550007556,31927
125.74205920088045,31928
362.2703648476971,31929
0.0,31930
0.0,31931
0.0,31932
0.0,31933
0.0,31934
122.61710565066446,31935
5532.720851501995,31936
2018.111142130486,31937
103.99372373876865,31938
0.0,31939
0.0,31940
0.0,31941
152.340279013176,31942
0.0,31943
0.0,31944
0.0,31945
0.0,31946
0.0,31947
0.0,31948
0.0,31949
0.0,31950
0.0,31951
0.0,31952
714.1762871470205,31953
0.0,31954
0.0,31955
0.0,31956
52.7337353462527,31957
213.01615524077675,31958
0.0,31959
1359.8072889754824,31960
0.0,31961
1359.916076573367,31962
0.0,31963
1361.5154528595317,31964
799.1142922071234,31965
783.8000207996438,31966
0.0,31967
768.7338880585772,31968
753.4193267553248,31969
737.7090951787185,31970
0.0,31971
0.0,31972
0.0,31973
0.0,31974
0.0,31975
721.6612725920427,31976
0.0,31977
0.0,31978
230.10996799727673,31979
0.0,31980
0.0,31981
0.0,31982
714.953946979379,31983
187.98711973586197,31984
0.0,31985
599.6344573508115,31986
0.0,31987
172.9617097314536,31988
1221.0155412126098,31989
0.0,31990
0.0,31991
0.0,31992
0.0,31993
0.0,31994
0.0,31995
0.0,31996
0.0,31997
0.0,31998
0.0,31999
0.0,32000
0.0,32001
0.0,32002
0.0,32003
2276.029041973739,32004
0.0,32005
0.0,32006
0.0,32007
0.0,32008
0.0,32009
0.0,32010
0.0,32011
0.0,32012
0.0,32013
0.0,32014
0.0,32015
0.0,32016
0.0,32017
0.0,32018
0.0,32019
146.50912183918282,32020
0.0,32021
0.0,32022
0.08669580780336501,32023
0.0,32024
0.0,32025
814.9319420484005,32026
0.0,32027
861.4425503974509,32028
377.7526062530648,32029
385.819577720414,32030
787.2507917746437,32031
0.0,32032
1420.3136672300232,32033
0.0,32034
955.4716718674368,32035
1426.0959188364468,32036
0.0,32037
1426.6834608640522,32038
1710.896084575464,32039
0.0,32040
2140.079674504063,32041
0.0,32042
0.0,32043
511.9733011406154,32044
0.0,32045
0.0,32046
0.0,32047
0.0,32048
0.0,32049
0.0,32050
0.0,32051
0.0,32052
1087.6550125207082,32053
708.6410967138188,32054
1075.1657121450698,32055
1070.4080308948558,32056
1065.8099971351726,32057
1061.0298657252813,32058
1055.9547212558264,32059
0.0,32060
1050.6229534923425,32061
1045.1573181848835,32062
1039.71236887416,32063
1978.278483423703,32064
0.0,32065
84.58372921250621,32066
0.0,32067
0.0,32068
0.0,32069
0.0,32070
181.97692789604156,32071
196.71009095232785,32072
2999.9655545000833,32073
0.0,32074
0.0,32075
0.0,32076
0.0,32077
440.1877082516744,32078
442.92754093814165,32079
0.0,32080
0.0,32081
0.0,32082
0.0,32083
0.0,32084
0.0,32085
0.0,32086
0.0,32087
0.0,32088
438.5943119059594,32089
462.2286470762657,32090
0.0,32091
3019.6825561413275,32092
0.0,32093
0.0,32094
0.0,32095
2374.8240584813825,32096
2383.9995871509464,32097
2392.8460754034886,32098
2637.8590563183257,32099
2604.745024882973,32100
700.8993530530096,32101
0.0,32102
2668.995668287096,32103
0.0,32104
1496.6086130734884,32105
1506.9667107293778,32106
0.0,32107
0.0,32108
0.0,32109
0.0,32110
0.0,32111
0.0,32112
0.0,32113
0.0,32114
0.0,32115
1141.7736620670287,32116
0.0,32117
0.0,32118
0.0,32119
1150.841366991423,32120
0.0,32121
0.0,32122
0.0,32123
0.0,32124
0.0,32125
1798.7178126671174,32126
0.0,32127
0.0,32128
0.0,32129
686.02066765463,32130
0.0,32131
0.0,32132
80.1206813003433,32133
0.0,32134
742.7865551530346,32135
0.0,32136
0.0,32137
0.0,32138
0.0,32139
1169.0523657622782,32140
0.0,32141
0.0,32142
0.0,32143
0.0,32144
0.0,32145
0.0,32146
0.0,32147
0.0,32148
0.0,32149
0.0,32150
0.0,32151
0.0,32152
0.0,32153
0.0,32154
0.0,32155
0.0,32156
0.0,32157
0.0,32158
0.0,32159
0.0,32160
0.0,32161
0.0,32162
0.0,32163
0.0,32164
0.0,32165
0.0,32166
0.0,32167
0.0,32168
0.0,32169
0.0,32170
0.0,32171
0.0,32172
0.0,32173
0.0,32174
0.0,32175
0.0,32176
0.0,32177
0.0,32178
0.0,32179
0.0,32180
0.0,32181
0.0,32182
0.0,32183
0.0,32184
0.0,32185
0.0,32186
0.0,32187
0.0,32188
0.0,32189
0.0,32190
0.0,32191
0.0,32192
0.0,32193
0.0,32194
0.0,32195
888.7858576289855,32196
490.40847021301425,32197
0.0,32198
0.0,32199
40.53964990761498,32200
0.0,32201
0.0,32202
0.0,32203
3746.627228097034,32204
0.0,32205
0.0,32206
2587.2309031811114,32207
0.0,32208
1100.6662205658802,32209
1101.0529139229725,32210
0.0,32211
0.0,32212
1277.609426877657,32213
1524.3256086007227,32214
2052.473474737337,32215
0.0,32216
2053.583755295297,32217
0.0,32218
96.66623628088297,32219
0.0,32220
0.0,32221
0.0,32222
509.9794758240354,32223
0.0,32224
0.0,32225
627.4846195921696,32226
0.0,32227
0.0,32228
0.0,32229
0.0,32230
916.3814345836801,32231
0.0,32232
0.0,32233
0.0,32234
0.0,32235
0.0,32236
920.4295384104892,32237
0.0,32238
0.0,32239
0.0,32240
0.0,32241
0.0,32242
0.0,32243
0.0,32244
0.0,32245
0.0,32246
0.0,32247
0.0,32248
0.0,32249
0.0,32250
1240.604115102099,32251
1239.802493199305,32252
0.0,32253
0.0,32254
0.0,32255
0.0,32256
0.0,32257
0.0,32258
0.0,32259
0.0,32260
0.0,32261
773.0237891471396,32262
0.0,32263
2608.0512701496596,32264
0.0,32265
0.0,32266
0.0,32267
5304.237920540774,32268
0.0,32269
0.0,32270
0.0,32271
0.0,32272
0.0,32273
0.0,32274
0.0,32275
0.0,32276
0.0,32277
0.0,32278
0.0,32279
0.0,32280
0.0,32281
0.0,32282
0.0,32283
0.0,32284
0.0,32285
0.0,32286
0.0,32287
0.0,32288
0.0,32289
0.0,32290
0.0,32291
115.29269041204277,32292
0.0,32293
0.0,32294
0.0,32295
2696.6829410624287,32296
0.0,32297
3618.673469708737,32298
1305.7249370074933,32299
2890.013005077585,32300
7718.618537759849,32301
223.63080548998138,32302
1731.4504435331046,32303
0.0,32304
0.0,32305
1860.8650725909263,32306
9159.01243902883,32307
298.28587569492333,32308
0.0,32309
0.0,32310
906.3850489973383,32311
1560.8844314355292,32312
1348.5006398982216,32313
0.0,32314
0.0,32315
0.0,32316
828.1615440521099,32317
0.0,32318
0.0,32319
2864.419409857187,32320
0.0,32321
0.0,32322
0.0,32323
0.0,32324
1207.2981023904513,32325
380.85137777696997,32326
454.91599920037106,32327
0.0,32328
0.0,32329
0.0,32330
0.0,32331
0.0,32332
0.0,32333
0.0,32334
0.0,32335
0.0,32336
0.0,32337
0.0,32338
0.0,32339
0.0,32340
0.0,32341
1889.798254715786,32342
0.0,32343
0.0,32344
382.80909756257535,32345
0.0,32346
326.83632768835963,32347
1286.7397234191903,32348
0.0,32349
0.0,32350
0.0,32351
0.0,32352
164.6888878439727,32353
178.84108660048136,32354
2793.723710682703,32355
0.0,32356
482.8516764072049,32357
0.0,32358
0.0,32359
0.0,32360
0.0,32361
0.0,32362
0.0,32363
0.0,32364
0.0,32365
0.0,32366
0.0,32367
0.0,32368
0.0,32369
0.0,32370
0.0,32371
0.0,32372
0.0,32373
0.0,32374
1193.585893039151,32375
0.0,32376
0.0,32377
0.0,32378
0.0,32379
0.0,32380
809.88113991484,32381
0.0,32382
0.0,32383
0.0,32384
0.0,32385
0.0,32386
0.0,32387
0.0,32388
0.0,32389
3018.3958969162054,32390
0.0,32391
0.0,32392
0.0,32393
0.0,32394
0.0,32395
0.0,32396
0.0,32397
0.0,32398
0.0,32399
0.0,32400
0.0,32401
0.0,32402
0.0,32403
0.0,32404
0.0,32405
0.0,32406
0.0,32407
132.7025182980135,32408
0.0,32409
0.0,32410
0.0,32411
0.0,32412
0.0,32413
0.0,32414
0.0,32415
0.0,32416
773.9347566986489,32417
198.6912074256992,32418
0.0,32419
0.0,32420
0.0,32421
0.0,32422
0.0,32423
0.0,32424
763.1600879276367,32425
420.99594839144993,32426
0.0,32427
0.0,32428
0.0,32429
0.0,32430
0.0,32431
0.0,32432
0.0,32433
409.146071508782,32434
0.0,32435
0.0,32436
0.0,32437
0.0,32438
1095.6244924189816,32439
0.0,32440
0.0,32441
0.0,32442
1328.5732871486077,32443
1330.9571212189392,32444
0.0,32445
0.0,32446
0.0,32447
0.0,32448
0.0,32449
0.0,32450
0.0,32451
0.0,32452
0.0,32453
0.0,32454
0.0,32455
0.0,32456
0.0,32457
0.0,32458
0.0,32459
0.0,32460
0.0,32461
0.0,32462
0.0,32463
0.0,32464
0.0,32465
0.0,32466
0.0,32467
0.0,32468
0.0,32469
0.0,32470
0.0,32471
0.0,32472
0.0,32473
0.0,32474
0.0,32475
0.0,32476
0.0,32477
0.0,32478
0.0,32479
0.0,32480
0.0,32481
0.0,32482
0.0,32483
0.0,32484
0.0,32485
1132.669865084673,32486
0.0,32487
0.0,32488
1552.834749853248,32489
0.0,32490
0.0,32491
0.0,32492
0.0,32493
0.0,32494
0.0,32495
0.0,32496
0.0,32497
0.0,32498
0.0,32499
0.0,32500
0.0,32501
1190.2395878806592,32502
0.0,32503
0.0,32504
0.0,32505
1089.4476544710483,32506
0.0,32507
0.0,32508
800.0808531479165,32509
3055.426451146447,32510
7955.819877532943,32511
0.0,32512
0.0,32513
0.0,32514
0.0,32515
0.0,32516
0.0,32517
0.0,32518
0.0,32519
0.0,32520
2186.069510572275,32521
0.0,32522
0.0,32523
661.3336765905166,32524
0.0,32525
0.0,32526
0.0,32527
0.0,32528
2928.0383309205054,32529
2497.3890413894474,32530
3255.4081983782175,32531
0.0,32532
0.0,32533
0.0,32534
0.0,32535
0.0,32536
0.0,32537
0.0,32538
0.0,32539
0.0,32540
0.0,32541
2893.256038097808,32542
0.0,32543
0.0,32544
0.0,32545
4346.644256988294,32546
0.0,32547
0.0,32548
0.0,32549
2111.6032030287524,32550
0.0,32551
0.0,32552
0.0,32553
0.0,32554
0.0,32555
0.0,32556
0.0,32557
0.0,32558
0.0,32559
0.0,32560
0.0,32561
2263.8492313260276,32562
0.0,32563
664.6549949625812,32564
0.0,32565
0.0,32566
233.98485554273446,32567
0.0,32568
0.0,32569
0.0,32570
0.0,32571
0.0,32572
0.0,32573
0.0,32574
0.0,32575
0.0,32576
0.0,32577
0.0,32578
817.6504054975032,32579
0.0,32580
0.0,32581
0.0,32582
0.0,32583
0.0,32584
0.0,32585
0.0,32586
0.0,32587
0.0,32588
0.0,32589
0.0,32590
0.0,32591
0.0,32592
0.0,32593
0.0,32594
0.0,32595
14.31331038071163,32596
0.0,32597
0.0,32598
621.493285043589,32599
0.0,32600
0.0,32601
0.0,32602
0.0,32603
0.0,32604
0.0,32605
0.0,32606
0.0,32607
0.0,32608
0.0,32609
0.0,32610
0.0,32611
0.0,32612
0.0,32613
0.0,32614
0.0,32615
0.0,32616
0.0,32617
0.0,32618
0.0,32619
0.0,32620
0.0,32621
0.0,32622
0.0,32623
0.0,32624
3041.3205166878365,32625
0.0,32626
0.0,32627
0.0,32628
0.0,32629
0.0,32630
0.0,32631
6156.447766739976,32632
2117.0811927154386,32633
0.0,32634
0.0,32635
0.0,32636
0.0,32637
0.0,32638
0.0,32639
0.0,32640
0.0,32641
0.0,32642
0.0,32643
0.0,32644
0.0,32645
0.0,32646
0.0,32647
0.0,32648
93.1377913133189,32649
0.0,32650
0.0,32651
0.0,32652
0.0,32653
0.0,32654
0.0,32655
0.0,32656
0.0,32657
0.0,32658
0.0,32659
0.0,32660
0.0,32661
0.0,32662
0.0,32663
0.0,32664
0.0,32665
0.0,32666
0.0,32667
0.0,32668
0.0,32669
0.0,32670
0.0,32671
0.0,32672
0.0,32673
0.0,32674
0.0,32675
0.0,32676
0.0,32677
0.0,32678
0.0,32679
0.0,32680
0.0,32681
0.0,32682
0.0,32683
0.0,32684
0.0,32685
0.0,32686
0.0,32687
0.0,32688
0.0,32689
2060.4703742173856,32690
0.0,32691
0.0,32692
0.0,32693
0.0,32694
0.0,32695
0.0,32696
0.0,32697
0.0,32698
0.0,32699
0.0,32700
0.0,32701
154.50340781189558,32702
0.0,32703
0.0,32704
0.0,32705
0.0,32706
0.0,32707
0.0,32708
0.0,32709
0.0,32710
0.0,32711
0.0,32712
0.0,32713
0.0,32714
0.0,32715
0.0,32716
0.0,32717
0.0,32718
0.0,32719
72.20172219172981,32720
0.0,32721
0.0,32722
0.0,32723
0.0,32724
0.0,32725
0.0,32726
0.0,32727
0.0,32728
0.0,32729
0.0,32730
0.0,32731
0.0,32732
0.0,32733
0.0,32734
0.0,32735
0.0,32736
0.0,32737
446.41366384423037,32738
0.0,32739
0.0,32740
0.0,32741
0.0,32742
0.0,32743
0.0,32744
0.0,32745
0.0,32746
0.0,32747
0.0,32748
0.0,32749
0.0,32750
0.0,32751
0.0,32752
0.0,32753
0.0,32754
0.0,32755
106.36914865529337,32756
0.0,32757
0.0,32758
0.0,32759
0.0,32760
0.0,32761
0.0,32762
0.0,32763
0.0,32764
3902.629243281702,32765
0.0,32766
608.1063449768704,32767
0.0,32768
0.0,32769
0.0,32770
0.0,32771
0.0,32772
0.0,32773
0.0,32774
0.0,32775
0.0,32776
0.0,32777
0.0,32778
0.0,32779
0.0,32780
1188.8930026716205,32781
0.0,32782
0.0,32783
0.0,32784
0.0,32785
0.0,32786
0.0,32787
0.0,32788
0.0,32789
0.0,32790
0.0,32791
0.0,32792
0.0,32793
0.0,32794
0.0,32795
0.0,32796
0.0,32797
0.0,32798
0.0,32799
0.0,32800
0.0,32801
0.0,32802
0.0,32803
0.0,32804
0.0,32805
0.0,32806
0.0,32807
0.0,32808
0.0,32809
0.0,32810
0.0,32811
0.0,32812
0.0,32813
0.0,32814
0.0,32815
0.0,32816
0.0,32817
0.0,32818
0.0,32819
736.5699723550691,32820
0.0,32821
0.0,32822
0.0,32823
0.0,32824
0.0,32825
0.0,32826
0.0,32827
0.0,32828
0.0,32829
0.0,32830
0.0,32831
0.0,32832
0.0,32833
0.0,32834
0.0,32835
1782.8200357421601,32836
0.0,32837
1423.9582665137427,32838
2343.5328502889315,32839
0.0,32840
1602.3418171351047,32841
880.5165404019375,32842
299.07754914519654,32843
0.0,32844
0.0,32845
0.0,32846
0.0,32847
0.0,32848
1645.3984145225286,32849
0.0,32850
1257.0769584656425,32851
0.0,32852
0.0,32853
512.505023161124,32854
0.0,32855
0.0,32856
0.0,32857
3698.0089201757473,32858
0.0,32859
0.0,32860
0.0,32861
0.0,32862
0.0,32863
0.0,32864
0.0,32865
0.0,32866
0.0,32867
0.0,32868
0.0,32869
0.0,32870
0.0,32871
0.0,32872
0.0,32873
0.0,32874
0.0,32875
0.0,32876
0.0,32877
294.6825295360823,32878
0.0,32879
0.0,32880
0.0,32881
0.0,32882
0.0,32883
0.0,32884
0.0,32885
0.0,32886
0.0,32887
0.0,32888
0.0,32889
0.0,32890
0.0,32891
0.0,32892
0.0,32893
0.0,32894
0.0,32895
2146.088992680794,32896
0.0,32897
0.0,32898
0.0,32899
0.0,32900
155.1725013611903,32901
0.0,32902
33.4984599711745,32903
0.0,32904
0.0,32905
0.0,32906
0.0,32907
3801.679053896469,32908
1072.747641467418,32909
2683.300694201103,32910
1490.4522294642686,32911
0.0,32912
1377.631260699555,32913
845.8581364995406,32914
1446.3523349214522,32915
0.0,32916
0.0,32917
0.0,32918
1492.5831292514918,32919
0.0,32920
0.0,32921
0.0,32922
2333.933776228961,32923
2800.7442941279464,32924
0.0,32925
0.0,32926
0.0,32927
1672.1721204401217,32928
0.0,32929
0.0,32930
0.0,32931
0.0,32932
1457.5747014859628,32933
0.0,32934
0.0,32935
0.0,32936
0.0,32937
0.0,32938
0.0,32939
0.0,32940
0.0,32941
8799.251841211264,32942
0.0,32943
0.0,32944
922.8073951241427,32945
1398.5724224284888,32946
698.7034631514057,32947
1275.5216917158943,32948
0.0,32949
422.23473606191266,32950
2092.0302792054354,32951
914.6884567033694,32952
0.0,32953
0.0,32954
0.0,32955
0.0,32956
0.0,32957
1064.7040096193448,32958
0.0,32959
1988.1709506438754,32960
0.0,32961
3868.532621128074,32962
2168.72577128425,32963
0.0,32964
3675.2359849574855,32965
2207.9009641692355,32966
1883.05050791259,32967
565.1819365477962,32968
2158.385474297514,32969
2067.1830848054788,32970
5864.5528829205905,32971
2844.0193401971424,32972
0.0,32973
0.0,32974
0.0,32975
0.0,32976
0.0,32977
0.0,32978
0.0,32979
0.0,32980
0.0,32981
0.0,32982
1907.6639792703431,32983
0.0,32984
0.0,32985
0.0,32986
4153.745475875442,32987
0.0,32988
0.0,32989
0.0,32990
937.636393551281,32991
0.0,32992
2304.7484298762097,32993
751.3083000688264,32994
1783.5896979027996,32995
732.9544930274145,32996
506.4309376092873,32997
112.90801825783994,32998
1336.8760618611832,32999
1643.3856230404058,33000
0.0,33001
0.0,33002
0.0,33003
613.1898003321181,33004
0.0,33005
0.0,33006
0.0,33007
0.0,33008
0.0,33009
0.0,33010
0.0,33011
1122.9221613974914,33012
3969.783991964657,33013
1449.3638706190932,33014
1115.3435062934418,33015
0.0,33016
0.0,33017
0.0,33018
243.64279800994782,33019
1976.1174741413597,33020
0.0,33021
0.0,33022
0.0,33023
0.0,33024
0.0,33025
82.73171373697264,33026
0.0,33027
0.0,33028
0.0,33029
1167.9625500490827,33030
0.0,33031
0.0,33032
2563.406781732932,33033
0.0,33034
0.0,33035
0.0,33036
0.0,33037
0.0,33038
0.0,33039
0.0,33040
0.0,33041
0.0,33042
0.0,33043
0.0,33044
1177.8447505877343,33045
41.478997970969836,33046
86.7451511706837,33047
0.0,33048
0.0,33049
0.0,33050
0.0,33051
3624.438507447718,33052
2064.7013172704033,33053
656.946263376563,33054
0.0,33055
989.0307778051607,33056
0.0,33057
0.0,33058
0.0,33059
0.0,33060
3182.3118401875695,33061
5448.613125921273,33062
0.0,33063
0.0,33064
5638.990541202028,33065
0.0,33066
0.0,33067
0.0,33068
0.0,33069
0.0,33070
2607.374465545822,33071
3027.5066592295248,33072
103.02278771144802,33073
2582.300503823997,33074
1113.0832289812633,33075
95.90245387835073,33076
87.62749315946826,33077
1739.6229851398668,33078
0.0,33079
2182.6895956553567,33080
1432.8733857245054,33081
720.3164608562796,33082
2615.429938196731,33083
3504.5697635132456,33084
1907.0643441333275,33085
0.0,33086
1859.8788015086125,33087
1858.6516842206033,33088
2449.7437856250867,33089
337.2540329100215,33090
892.816845379439,33091
339.6844897549003,33092
0.0,33093
0.0,33094
0.0,33095
0.0,33096
0.0,33097
0.0,33098
0.0,33099
0.0,33100
0.0,33101
0.0,33102
0.0,33103
0.0,33104
0.0,33105
0.0,33106
0.0,33107
0.0,33108
0.0,33109
0.0,33110
0.0,33111
0.0,33112
0.0,33113
0.0,33114
0.0,33115
0.0,33116
2381.297462695079,33117
0.0,33118
0.0,33119
9409.369136270432,33120
36.56586665273908,33121
0.0,33122
0.0,33123
0.0,33124
0.0,33125
0.0,33126
0.0,33127
0.0,33128
0.0,33129
0.0,33130
0.0,33131
0.0,33132
0.0,33133
0.0,33134
0.0,33135
0.0,33136
0.0,33137
0.0,33138
0.0,33139
0.0,33140
0.0,33141
0.0,33142
0.0,33143
0.0,33144
190.98792616435895,33145
0.0,33146
0.0,33147
0.0,33148
0.0,33149
0.0,33150
1520.3992975198735,33151
0.0,33152
0.0,33153
0.0,33154
0.0,33155
6789.317775338226,33156
0.0,33157
1521.8148129149315,33158
0.0,33159
5940.4055329577595,33160
0.0,33161
0.0,33162
0.0,33163
0.0,33164
0.0,33165
0.0,33166
0.0,33167
0.0,33168
1587.5725237446218,33169
0.0,33170
0.0,33171
0.0,33172
0.0,33173
0.0,33174
0.0,33175
0.0,33176
2251.1554917943254,33177
0.0,33178
383.942618915215,33179
0.0,33180
0.0,33181
0.0,33182
0.0,33183
0.0,33184
0.0,33185
0.0,33186
0.0,33187
0.0,33188
0.0,33189
0.0,33190
1252.9790218445783,33191
0.0,33192
0.0,33193
0.0,33194
0.0,33195
0.0,33196
0.0,33197
0.0,33198
0.0,33199
0.0,33200
0.0,33201
0.0,33202
0.0,33203
0.0,33204
0.0,33205
3146.1904947864764,33206
5455.309165631778,33207
0.0,33208
0.0,33209
0.0,33210
249.87370797342825,33211
0.0,33212
0.0,33213
0.0,33214
0.0,33215
0.0,33216
0.0,33217
1071.2235405745807,33218
480.43953725334666,33219
0.0,33220
0.0,33221
0.0,33222
0.0,33223
0.0,33224
0.0,33225
0.0,33226
0.0,33227
0.0,33228
0.0,33229
0.0,33230
465.16699598442455,33231
0.0,33232
0.0,33233
0.0,33234
0.0,33235
0.0,33236
0.0,33237
0.0,33238
0.0,33239
0.0,33240
3576.0446801853977,33241
0.0,33242
0.0,33243
0.0,33244
0.0,33245
0.0,33246
0.0,33247
0.0,33248
2428.2760496787737,33249
0.0,33250
0.0,33251
0.0,33252
3309.3119990053447,33253
0.0,33254
0.0,33255
0.0,33256
0.0,33257
0.0,33258
0.0,33259
0.0,33260
0.0,33261
0.0,33262
0.0,33263
0.0,33264
0.0,33265
0.0,33266
0.0,33267
0.0,33268
0.0,33269
0.0,33270
0.0,33271
0.0,33272
0.0,33273
0.0,33274
0.0,33275
0.0,33276
0.0,33277
514.0029349261514,33278
0.0,33279
0.0,33280
0.0,33281
2653.583013377709,33282
0.0,33283
0.0,33284
0.0,33285
0.0,33286
0.0,33287
0.0,33288
0.0,33289
0.0,33290
0.0,33291
0.0,33292
0.0,33293
0.0,33294
0.0,33295
0.0,33296
0.0,33297
0.0,33298
0.0,33299
119.63749620497752,33300
0.0,33301
306.6049610267401,33302
0.0,33303
0.0,33304
774.428431591305,33305
0.0,33306
770.5734699386549,33307
0.0,33308
1828.3197335313575,33309
0.0,33310
0.0,33311
0.0,33312
0.0,33313
0.0,33314
0.0,33315
1888.7612067207142,33316
1737.1674050099527,33317
0.0,33318
0.0,33319
0.0,33320
0.0,33321
0.0,33322
0.0,33323
1928.752905293403,33324
0.0,33325
0.0,33326
0.0,33327
0.0,33328
0.0,33329
0.0,33330
0.0,33331
0.0,33332
0.0,33333
0.0,33334
0.0,33335
0.0,33336
0.0,33337
0.0,33338
0.0,33339
0.0,33340
1718.5667428537924,33341
0.0,33342
0.0,33343
0.0,33344
0.0,33345
0.0,33346
0.0,33347
0.0,33348
0.0,33349
0.0,33350
0.0,33351
0.0,33352
0.0,33353
0.0,33354
0.0,33355
0.0,33356
0.0,33357
0.0,33358
0.0,33359
0.0,33360
0.0,33361
317.9521204117802,33362
0.0,33363
705.137238229955,33364
174.150370059289,33365
0.0,33366
0.0,33367
0.0,33368
0.0,33369
0.0,33370
167.11401434058067,33371
0.0,33372
0.0,33373
2890.009469696341,33374
0.0,33375
0.0,33376
0.0,33377
0.0,33378
0.0,33379
0.0,33380
0.0,33381
0.0,33382
0.0,33383
0.0,33384
0.0,33385
5545.072556958236,33386
0.0,33387
729.8382747654726,33388
0.0,33389
0.0,33390
0.0,33391
0.0,33392
0.0,33393
0.0,33394
0.0,33395
0.0,33396
0.0,33397
6452.055960262399,33398
0.0,33399
0.0,33400
0.0,33401
0.0,33402
0.0,33403
0.0,33404
0.0,33405
0.0,33406
0.0,33407
0.0,33408
0.0,33409
0.0,33410
0.0,33411
0.0,33412
0.0,33413
0.0,33414
0.0,33415
0.0,33416
814.8328233004119,33417
783.8344469371928,33418
0.0,33419
0.0,33420
0.0,33421
0.0,33422
0.0,33423
0.0,33424
0.0,33425
0.0,33426
0.0,33427
0.0,33428
136.98680299867144,33429
0.0,33430
0.0,33431
0.0,33432
0.0,33433
0.0,33434
0.0,33435
0.0,33436
0.0,33437
2212.4895732323266,33438
1418.9399428780578,33439
0.0,33440
0.0,33441
0.0,33442
0.0,33443
642.5438784651164,33444
4762.427058090586,33445
0.0,33446
191.999047729375,33447
0.0,33448
193.79521425571917,33449
0.0,33450
0.0,33451
4736.623154263128,33452
1495.7865622897955,33453
0.0,33454
0.0,33455
1373.382974288313,33456
0.0,33457
0.0,33458
0.0,33459
53.074530858188766,33460
1073.0893671677782,33461
0.0,33462
0.0,33463
922.2387255573661,33464
0.0,33465
0.0,33466
1391.8377897351343,33467
85.2026116124781,33468
2019.4414281552051,33469
598.1233021075158,33470
0.0,33471
0.0,33472
0.0,33473
0.0,33474
0.0,33475
1354.883392716726,33476
0.0,33477
4815.449346306082,33478
0.0,33479
0.0,33480
550.0123172300806,33481
555.7557706095598,33482
287.88528486171504,33483
1308.0634161213654,33484
0.0,33485
0.0,33486
0.0,33487
0.0,33488
1860.3066874071444,33489
1450.4847993731426,33490
1860.782232896445,33491
1858.5110825972222,33492
2367.5241552554708,33493
1504.696326267319,33494
135.92655367881173,33495
0.0,33496
3794.2875480758244,33497
0.0,33498
291.54352830710866,33499
0.0,33500
0.0,33501
0.0,33502
1582.5089914376777,33503
0.0,33504
0.0,33505
3895.8009021204593,33506
0.0,33507
1196.7795318543056,33508
0.0,33509
0.0,33510
2252.432262468082,33511
0.0,33512
429.4007296429091,33513
0.0,33514
1581.0102749719497,33515
1349.449049070211,33516
0.0,33517
0.0,33518
0.0,33519
0.0,33520
0.0,33521
0.0,33522
0.0,33523
555.7867661435047,33524
0.0,33525
561.2136133443928,33526
0.0,33527
0.0,33528
0.0,33529
1046.0265246369274,33530
0.0,33531
334.1434485756652,33532
0.0,33533
0.0,33534
0.0,33535
0.0,33536
0.0,33537
0.0,33538
1190.1351843133484,33539
0.0,33540
0.0,33541
545.3799221657401,33542
0.0,33543
0.0,33544
0.0,33545
0.0,33546
0.0,33547
0.0,33548
0.0,33549
0.0,33550
0.0,33551
0.0,33552
0.0,33553
0.0,33554
0.0,33555
0.0,33556
0.0,33557
0.9488691886194605,33558
15.673340077292798,33559
0.0,33560
28.090049269270107,33561
0.0,33562
0.0,33563
0.0,33564
0.0,33565
0.0,33566
0.0,33567
580.6568641808374,33568
40.10376008567805,33569
0.0,33570
0.0,33571
0.0,33572
0.0,33573
0.0,33574
0.0,33575
0.0,33576
0.0,33577
0.0,33578
0.0,33579
0.0,33580
0.0,33581
0.0,33582
0.0,33583
0.0,33584
0.0,33585
0.0,33586
0.0,33587
0.0,33588
50.56879915435668,33589
0.0,33590
0.0,33591
0.0,33592
0.0,33593
0.0,33594
0.0,33595
0.0,33596
0.0,33597
0.0,33598
0.0,33599
0.0,33600
0.0,33601
0.0,33602
0.0,33603
0.0,33604
0.0,33605
0.0,33606
0.0,33607
0.0,33608
0.0,33609
0.0,33610
0.0,33611
0.0,33612
611.0230880360766,33613
0.0,33614
0.0,33615
0.0,33616
0.0,33617
16004.48901786896,33618
0.0,33619
0.0,33620
0.0,33621
0.0,33622
0.0,33623
0.0,33624
593.3599749457193,33625
0.0,33626
0.0,33627
0.0,33628
0.0,33629
0.0,33630
0.0,33631
0.0,33632
0.0,33633
0.0,33634
0.0,33635
0.0,33636
0.0,33637
506.13179734720114,33638
0.0,33639
0.0,33640
0.0,33641
3497.6524514877087,33642
0.0,33643
0.0,33644
0.0,33645
0.0,33646
6082.989379701656,33647
706.5275969165981,33648
0.0,33649
0.0,33650
2122.4343798420923,33651
0.0,33652
294.76177404513993,33653
1605.9439938573937,33654
295.4084433600871,33655
0.0,33656
3689.3911811172206,33657
2821.3915843988657,33658
0.0,33659
890.6089313330798,33660
0.0,33661
0.0,33662
2835.5660096000565,33663
0.0,33664
0.0,33665
0.0,33666
0.0,33667
0.0,33668
0.0,33669
0.0,33670
0.0,33671
0.0,33672
0.0,33673
0.0,33674
0.0,33675
0.0,33676
0.0,33677
0.0,33678
1685.1781103558685,33679
0.0,33680
0.0,33681
0.0,33682
0.0,33683
0.0,33684
0.0,33685
0.0,33686
0.0,33687
0.0,33688
0.0,33689
0.0,33690
0.0,33691
0.0,33692
0.0,33693
0.0,33694
0.0,33695
0.0,33696
1968.5366589063872,33697
0.0,33698
0.0,33699
0.0,33700
0.0,33701
0.0,33702
0.0,33703
0.0,33704
0.0,33705
298.1031472021326,33706
0.0,33707
0.0,33708
0.0,33709
0.0,33710
0.0,33711
5246.795054052757,33712
0.0,33713
0.0,33714
0.0,33715
0.0,33716
0.0,33717
0.0,33718
0.0,33719
0.0,33720
1307.3696869978828,33721
0.0,33722
0.0,33723
0.0,33724
0.0,33725
0.0,33726
0.0,33727
0.0,33728
0.0,33729
573.9242530740903,33730
0.0,33731
0.0,33732
821.4882130022813,33733
0.0,33734
0.0,33735
0.0,33736
64.47698007704955,33737
0.0,33738
744.4526047509629,33739
0.0,33740
0.0,33741
742.0530641782819,33742
0.0,33743
0.0,33744
0.0,33745
0.0,33746
0.0,33747
1032.975950270454,33748
853.6915229601657,33749
0.0,33750
0.0,33751
0.0,33752
0.0,33753
0.0,33754
0.0,33755
0.0,33756
0.0,33757
0.0,33758
0.0,33759
0.0,33760
0.0,33761
0.0,33762
0.0,33763
0.0,33764
0.0,33765
0.0,33766
0.0,33767
0.0,33768
0.0,33769
0.0,33770
0.0,33771
0.0,33772
0.0,33773
0.0,33774
1550.2310169992525,33775
0.0,33776
89.62609400246339,33777
680.9863960327995,33778
0.0,33779
0.0,33780
0.0,33781
996.5019828876839,33782
604.9697644501746,33783
0.0,33784
0.0,33785
739.8392985208966,33786
0.0,33787
0.0,33788
0.0,33789
0.0,33790
0.0,33791
0.0,33792
0.0,33793
0.0,33794
0.0,33795
0.0,33796
0.0,33797
0.0,33798
0.0,33799
0.0,33800
0.0,33801
0.0,33802
0.0,33803
702.4969110514381,33804
0.0,33805
0.0,33806
0.0,33807
0.0,33808
0.0,33809
164.78774668616686,33810
0.0,33811
0.0,33812
1211.3676115101684,33813
0.0,33814
1213.2467332007602,33815
1214.8741593055538,33816
0.0,33817
0.0,33818
1216.1819366638272,33819
0.0,33820
0.0,33821
0.0,33822
1217.291207537226,33823
0.0,33824
1218.4058072368828,33825
569.6478428817102,33826
576.218110234292,33827
1219.6267079148915,33828
0.0,33829
0.0,33830
0.0,33831
1221.2977710528298,33832
0.0,33833
0.0,33834
0.0,33835
0.0,33836
0.0,33837
0.0,33838
0.0,33839
0.0,33840
0.0,33841
0.0,33842
0.0,33843
0.0,33844
0.0,33845
262.1329091343258,33846
252.11967389201422,33847
0.0,33848
0.0,33849
0.0,33850
347.72478912027094,33851
337.7942357175478,33852
328.9031980868808,33853
0.0,33854
320.9352872634121,33855
313.6909760266562,33856
0.0,33857
0.0,33858
306.97080516759087,33859
0.0,33860
300.620155365015,33861
294.5441215377494,33862
0.0,33863
4212.443844125604,33864
288.20189085450596,33865
0.0,33866
282.26441379540137,33867
4366.343335508093,33868
272.04679340591997,33869
0.0,33870
0.0,33871
0.0,33872
267.76202987575226,33873
264.361882095548,33874
261.8849434822256,33875
388.26150352175523,33876
0.0,33877
260.27201649941134,33878
0.0,33879
311.63294924904477,33880
0.0,33881
0.0,33882
0.0,33883
0.0,33884
0.0,33885
0.0,33886
362.41931425799805,33887
0.0,33888
490.52357049718626,33889
387.7711328785376,33890
0.0,33891
0.0,33892
0.0,33893
0.0,33894
386.02488693386044,33895
0.0,33896
0.0,33897
254.60967370410995,33898
0.0,33899
0.0,33900
0.0,33901
0.0,33902
0.0,33903
380.2110343018153,33904
0.0,33905
0.0,33906
0.0,33907
0.0,33908
0.0,33909
654.6438469007753,33910
0.0,33911
0.0,33912
1277.8686293824603,33913
0.0,33914
349.99826056684304,33915
0.0,33916
0.0,33917
0.0,33918
0.0,33919
0.0,33920
375.26099399640424,33921
0.0,33922
0.0,33923
0.0,33924
0.0,33925
116.71165158618948,33926
0.0,33927
0.0,33928
0.0,33929
372.4983465132883,33930
0.0,33931
0.0,33932
0.0,33933
0.0,33934
0.0,33935
0.0,33936
0.0,33937
0.0,33938
0.0,33939
1276.1462165882826,33940
0.0,33941
1537.355795677193,33942
0.0,33943
24.898611183913918,33944
0.0,33945
1550.11658054324,33946
4256.311181160489,33947
0.0,33948
1562.3924640160842,33949
0.0,33950
0.0,33951
0.0,33952
0.0,33953
0.0,33954
0.0,33955
0.0,33956
0.0,33957
0.0,33958
0.0,33959
0.0,33960
1268.2113514908992,33961
0.0,33962
0.0,33963
0.0,33964
3261.9195050315748,33965
0.0,33966
0.0,33967
0.0,33968
468.4880940752649,33969
0.0,33970
0.0,33971
0.0,33972
0.0,33973
4640.433322541526,33974
0.0,33975
0.0,33976
0.0,33977
0.0,33978
0.0,33979
0.0,33980
0.0,33981
368.58628296594935,33982
0.0,33983
0.0,33984
0.0,33985
0.0,33986
0.0,33987
83.35564648225633,33988
0.0,33989
0.0,33990
0.0,33991
0.0,33992
0.0,33993
0.0,33994
0.0,33995
0.0,33996
0.0,33997
0.0,33998
0.0,33999
0.0,34000
0.0,34001
0.0,34002
0.0,34003
434.5831713605268,34004
0.0,34005
0.0,34006
0.0,34007
0.0,34008
0.0,34009
0.0,34010
0.0,34011
0.0,34012
0.0,34013
0.0,34014
0.0,34015
0.0,34016
0.0,34017
0.0,34018
0.0,34019
0.0,34020
0.0,34021
0.0,34022
0.0,34023
0.0,34024
0.0,34025
0.0,34026
0.0,34027
0.0,34028
0.0,34029
0.0,34030
0.0,34031
0.0,34032
0.0,34033
0.0,34034
0.0,34035
0.0,34036
0.0,34037
0.0,34038
0.0,34039
364.78182683380976,34040
0.0,34041
1057.5860378483987,34042
0.0,34043
0.0,34044
0.0,34045
0.0,34046
0.0,34047
0.0,34048
0.0,34049
0.0,34050
0.0,34051
0.0,34052
0.0,34053
0.0,34054
0.0,34055
0.0,34056
0.0,34057
0.0,34058
0.0,34059
0.0,34060
0.0,34061
0.0,34062
0.0,34063
0.0,34064
0.0,34065
0.0,34066
0.0,34067
0.0,34068
0.0,34069
0.0,34070
0.0,34071
0.0,34072
0.0,34073
0.0,34074
712.1894086479355,34075
0.0,34076
0.0,34077
0.0,34078
0.0,34079
0.0,34080
0.0,34081
0.0,34082
0.0,34083
0.0,34084
0.0,34085
0.0,34086
0.0,34087
734.8079503642233,34088
0.0,34089
0.0,34090
258.05058151450766,34091
0.0,34092
0.0,34093
0.0,34094
0.0,34095
6173.551144591063,34096
0.0,34097
0.0,34098
0.0,34099
0.0,34100
0.0,34101
0.0,34102
0.0,34103
1964.1983148260895,34104
1006.1749317299381,34105
0.0,34106
0.0,34107
0.0,34108
0.0,34109
0.0,34110
0.0,34111
0.0,34112
0.0,34113
0.0,34114
0.0,34115
0.0,34116
0.0,34117
1651.9894616026265,34118
0.0,34119
213.6256256461781,34120
0.0,34121
0.0,34122
0.0,34123
0.0,34124
1017.926880876307,34125
541.3433950284441,34126
0.0,34127
0.0,34128
0.0,34129
2982.137419220649,34130
2527.753729056355,34131
3460.870049314019,34132
0.0,34133
0.0,34134
588.4803484202882,34135
3182.4183913034294,34136
0.0,34137
6874.591524375284,34138
0.0,34139
0.0,34140
0.0,34141
0.0,34142
0.0,34143
919.1050309052023,34144
151.6004421931769,34145
0.0,34146
291.36535599103047,34147
0.0,34148
594.2353621328701,34149
0.0,34150
0.0,34151
0.0,34152
0.0,34153
0.0,34154
0.0,34155
0.0,34156
762.8587547716794,34157
0.0,34158
409.83330205793504,34159
0.0,34160
3248.751148578712,34161
2424.0458037327644,34162
0.0,34163
0.0,34164
0.0,34165
0.0,34166
0.0,34167
0.0,34168
358.14740804647795,34169
0.0,34170
0.0,34171
0.0,34172
0.0,34173
0.0,34174
0.0,34175
0.0,34176
0.0,34177
0.0,34178
0.0,34179
0.0,34180
0.0,34181
0.0,34182
675.2653041598696,34183
467.8005702130345,34184
59.590587070602,34185
0.0,34186
0.0,34187
0.0,34188
0.0,34189
0.0,34190
0.0,34191
0.0,34192
0.0,34193
0.0,34194
0.0,34195
0.0,34196
0.0,34197
0.0,34198
86.07327558410897,34199
0.0,34200
0.0,34201
0.0,34202
0.0,34203
966.6709217393096,34204
0.0,34205
8852.633812008906,34206
2803.8343978592534,34207
5718.526198072176,34208
740.4531129802016,34209
1312.343677235946,34210
3206.6936705406424,34211
450.5223341462796,34212
439.7396541495065,34213
1683.3199302048538,34214
0.0,34215
0.0,34216
0.0,34217
0.0,34218
0.0,34219
2533.46323563008,34220
0.0,34221
0.0,34222
0.0,34223
644.9985118453868,34224
3034.2932975316253,34225
0.0,34226
971.3996408315942,34227
0.0,34228
0.0,34229
269.93987900500787,34230
234.44682970433493,34231
0.0,34232
1576.5585058228571,34233
0.0,34234
3606.745444242129,34235
1025.4380215539277,34236
0.0,34237
1934.0395189602261,34238
405.5920403908288,34239
0.0,34240
599.1012708497967,34241
505.5113728730732,34242
0.0,34243
0.0,34244
0.0,34245
2540.7745782418065,34246
0.0,34247
0.0,34248
0.0,34249
0.0,34250
0.0,34251
0.0,34252
921.5715214316098,34253
4155.0276918663285,34254
307.6645391998836,34255
0.0,34256
6390.661036866303,34257
0.0,34258
0.0,34259
0.0,34260
2030.2086167579944,34261
0.0,34262
0.0,34263
5509.993474399869,34264
0.0,34265
0.0,34266
0.0,34267
0.0,34268
2203.070441466342,34269
0.0,34270
0.0,34271
0.0,34272
0.0,34273
0.0,34274
0.0,34275
0.0,34276
0.0,34277
0.0,34278
397.758404596823,34279
0.0,34280
3326.4199461455396,34281
3323.8415272060993,34282
0.0,34283
20.60124959563445,34284
0.0,34285
0.0,34286
0.0,34287
0.0,34288
0.0,34289
0.0,34290
3316.329909289006,34291
1304.9522327362033,34292
0.0,34293
3313.2930024623465,34294
4024.0236440105236,34295
0.0,34296
1563.6098129687782,34297
0.0,34298
0.0,34299
697.0923651488044,34300
0.0,34301
0.0,34302
0.0,34303
0.0,34304
0.0,34305
0.0,34306
0.0,34307
0.0,34308
0.0,34309
0.0,34310
0.0,34311
2935.204781257454,34312
0.0,34313
0.0,34314
0.0,34315
0.0,34316
0.0,34317
0.0,34318
0.0,34319
894.7518541973517,34320
44.06317370641518,34321
45.34569745051588,34322
1260.6188481374954,34323
0.0,34324
302.7357815730274,34325
816.852569937367,34326
3473.6157756085427,34327
499.096984293182,34328
190.86561484930323,34329
2121.2078578816395,34330
0.0,34331
1488.2309888205475,34332
294.90739858249333,34333
755.4938878790205,34334
0.0,34335
0.0,34336
301.36724978025626,34337
0.0,34338
0.0,34339
0.0,34340
0.0,34341
0.0,34342
0.0,34343
0.0,34344
113.05468642048787,34345
0.0,34346
0.0,34347
0.0,34348
0.0,34349
0.0,34350
0.0,34351
0.0,34352
0.0,34353
2044.5513631476151,34354
0.0,34355
3642.679740028209,34356
0.0,34357
0.0,34358
0.0,34359
0.0,34360
0.0,34361
0.0,34362
0.0,34363
0.0,34364
0.0,34365
0.0,34366
0.0,34367
0.0,34368
0.0,34369
0.0,34370
0.0,34371
0.0,34372
0.0,34373
0.0,34374
0.0,34375
0.0,34376
0.0,34377
0.0,34378
0.0,34379
0.0,34380
0.0,34381
1950.7388003716926,34382
0.0,34383
0.0,34384
0.0,34385
0.0,34386
0.0,34387
1995.0658808131996,34388
1234.3717593655563,34389
1673.347369412959,34390
1120.7513766628974,34391
0.0,34392
0.0,34393
1149.4011762159666,34394
0.0,34395
303.8836533937889,34396
168.0926713687168,34397
0.0,34398
0.0,34399
687.7046829476088,34400
0.0,34401
0.0,34402
0.0,34403
0.0,34404
426.0007569168234,34405
0.0,34406
0.0,34407
1435.1432824191727,34408
0.0,34409
0.0,34410
0.0,34411
0.0,34412
2439.2906944480583,34413
0.0,34414
0.0,34415
35.08757267532794,34416
0.0,34417
128.81179168583324,34418
0.0,34419
357.49792867377914,34420
0.0,34421
0.0,34422
0.0,34423
4338.333050368383,34424
1323.2780898163298,34425
0.0,34426
2345.7214141143277,34427
2654.5316595656163,34428
0.0,34429
3161.4551521993435,34430
1776.5836188134172,34431
540.8294796986269,34432
0.0,34433
1628.8789634962407,34434
0.0,34435
0.0,34436
0.0,34437
1861.5143888802602,34438
0.0,34439
3200.024058974181,34440
0.0,34441
2121.9675569259593,34442
866.2242346770668,34443
2529.995451611457,34444
2530.1072021820933,34445
0.0,34446
0.0,34447
0.0,34448
1987.6813752014648,34449
0.0,34450
0.0,34451
4541.09810833147,34452
0.0,34453
0.0,34454
5845.966569021264,34455
0.0,34456
0.0,34457
0.0,34458
3579.0040935872507,34459
0.0,34460
3287.82518417151,34461
0.0,34462
0.0,34463
0.0,34464
0.0,34465
0.0,34466
2157.3086622083947,34467
923.028482292366,34468
0.0,34469
0.0,34470
0.0,34471
0.0,34472
0.0,34473
973.9280597976586,34474
0.0,34475
0.0,34476
0.0,34477
0.0,34478
1872.5605852478334,34479
0.0,34480
0.0,34481
0.0,34482
1863.5767003887754,34483
0.0,34484
1892.2732574894796,34485
554.7764734484186,34486
0.0,34487
0.0,34488
0.0,34489
888.7457843748294,34490
0.0,34491
0.0,34492
0.0,34493
0.0,34494
0.0,34495
0.0,34496
0.0,34497
0.0,34498
778.475377896343,34499
0.0,34500
4674.197804818684,34501
3251.574048968754,34502
0.0,34503
1498.0090993671647,34504
307.42547415074637,34505
0.0,34506
0.0,34507
0.0,34508
4106.379140907601,34509
1990.313061980992,34510
2133.4666751908053,34511
0.0,34512
0.0,34513
0.0,34514
3457.1377024667345,34515
0.0,34516
0.0,34517
0.0,34518
0.0,34519
0.0,34520
2130.5260951237224,34521
0.0,34522
0.0,34523
0.0,34524
0.0,34525
0.0,34526
0.0,34527
0.0,34528
0.0,34529
0.0,34530
64.17717614446387,34531
0.0,34532
0.0,34533
0.0,34534
631.4458692365037,34535
0.0,34536
0.0,34537
0.0,34538
0.0,34539
0.0,34540
0.0,34541
0.0,34542
0.0,34543
0.0,34544
0.0,34545
0.0,34546
0.0,34547
0.0,34548
0.0,34549
0.0,34550
0.0,34551
0.0,34552
0.0,34553
0.0,34554
0.0,34555
0.0,34556
1036.7406674790088,34557
0.0,34558
0.0,34559
0.0,34560
1306.314853587365,34561
88.62648892641137,34562
0.0,34563
2487.246570673771,34564
331.32547075691815,34565
72.52030776072614,34566
0.0,34567
0.0,34568
0.0,34569
0.0,34570
0.0,34571
0.0,34572
170.08423036103807,34573
0.0,34574
5193.147774847468,34575
0.0,34576
0.0,34577
5258.303131742177,34578
0.0,34579
0.0,34580
1240.9779739754915,34581
1394.9684609746955,34582
0.0,34583
570.8562722048767,34584
0.0,34585
112.53255269395272,34586
965.4920945979329,34587
0.0,34588
2064.294642054823,34589
0.0,34590
1302.0308841512212,34591
0.0,34592
0.0,34593
0.0,34594
0.0,34595
0.0,34596
0.0,34597
0.0,34598
0.0,34599
0.0,34600
0.0,34601
4584.34903932616,34602
909.6365880366617,34603
2838.701796527857,34604
0.0,34605
0.0,34606
3290.9929842679185,34607
0.0,34608
0.0,34609
424.53346272952933,34610
0.0,34611
0.0,34612
0.0,34613
0.0,34614
0.0,34615
997.3361699723755,34616
546.4170874178424,34617
0.0,34618
1952.246208070164,34619
0.0,34620
0.0,34621
1859.6732073809587,34622
2998.302656941371,34623
3043.1120735334525,34624
0.0,34625
5765.865197261176,34626
1227.3762923551146,34627
1430.345828471627,34628
0.0,34629
64.61518265252364,34630
3243.9221597895344,34631
0.0,34632
808.1423250862559,34633
0.0,34634
0.0,34635
0.0,34636
0.0,34637
0.0,34638
0.0,34639
0.0,34640
0.0,34641
3574.3680722983772,34642
0.0,34643
0.0,34644
0.0,34645
986.2315704668551,34646
0.0,34647
0.0,34648
0.0,34649
858.775501382124,34650
0.0,34651
852.2562678503737,34652
846.8497746681783,34653
847.0522809512014,34654
0.0,34655
0.0,34656
1106.5420541804328,34657
901.1469977736846,34658
915.2357631764384,34659
0.0,34660
0.0,34661
0.0,34662
0.0,34663
0.0,34664
897.3663417650048,34665
1643.56573538818,34666
1174.321088567227,34667
0.0,34668
0.0,34669
1244.3382444952183,34670
0.0,34671
0.0,34672
0.0,34673
853.0733008866557,34674
3447.3308689600444,34675
888.3931908268021,34676
3396.907062499938,34677
0.0,34678
733.1172881324806,34679
0.0,34680
2890.6929706031387,34681
0.0,34682
0.0,34683
14.175245937233225,34684
0.0,34685
6357.941808641938,34686
0.0,34687
2888.494034004339,34688
0.0,34689
1650.9278242024448,34690
0.0,34691
867.320940994285,34692
2344.743539485797,34693
0.0,34694
0.0,34695
6355.446967273347,34696
0.0,34697
5894.048151687209,34698
5905.841033719239,34699
0.0,34700
0.0,34701
0.0,34702
0.0,34703
1275.3827743441796,34704
0.0,34705
0.0,34706
0.0,34707
0.0,34708
0.0,34709
0.0,34710
0.0,34711
0.0,34712
0.0,34713
0.0,34714
1715.4171781789203,34715
0.0,34716
0.0,34717
0.0,34718
0.0,34719
0.0,34720
0.0,34721
480.5388490271388,34722
0.0,34723
0.0,34724
0.0,34725
0.0,34726
0.0,34727
0.0,34728
0.0,34729
0.0,34730
325.2489228147474,34731
0.0,34732
475.86757215485153,34733
0.0,34734
0.0,34735
0.0,34736
0.0,34737
0.0,34738
0.0,34739
0.0,34740
0.0,34741
0.0,34742
268.5445699696207,34743
0.0,34744
0.0,34745
117.4504377351804,34746
0.0,34747
2970.0307422873193,34748
2874.767231019843,34749
383.32345869621173,34750
2104.714757529656,34751
0.0,34752
1040.0587402335775,34753
1294.5818783582615,34754
1299.2129608348368,34755
0.0,34756
0.0,34757
0.0,34758
423.4640729066362,34759
0.0,34760
0.0,34761
4838.089314580849,34762
3503.6259083675563,34763
1501.577874346756,34764
2435.0190841257568,34765
0.0,34766
0.0,34767
0.0,34768
0.0,34769
0.0,34770
0.0,34771
0.0,34772
0.0,34773
1514.7467024409027,34774
0.0,34775
0.0,34776
0.0,34777
0.0,34778
0.0,34779
0.0,34780
0.0,34781
0.0,34782
0.0,34783
789.8892211111513,34784
0.0,34785
0.0,34786
0.0,34787
0.0,34788
7516.7683042704775,34789
0.0,34790
0.0,34791
0.0,34792
5482.03255901415,34793
4752.056732557139,34794
0.0,34795
0.0,34796
0.0,34797
0.0,34798
0.0,34799
0.0,34800
0.0,34801
0.0,34802
0.0,34803
0.0,34804
0.0,34805
0.0,34806
0.0,34807
0.0,34808
0.0,34809
0.0,34810
0.0,34811
0.0,34812
0.0,34813
0.0,34814
0.0,34815
0.0,34816
0.0,34817
0.0,34818
0.0,34819
0.0,34820
0.0,34821
0.0,34822
0.0,34823
0.0,34824
0.0,34825
0.0,34826
0.0,34827
0.0,34828
0.0,34829
0.0,34830
0.0,34831
0.0,34832
0.0,34833
0.0,34834
0.0,34835
0.0,34836
1112.448125287095,34837
0.0,34838
0.0,34839
0.0,34840
0.0,34841
0.0,34842
0.0,34843
0.0,34844
0.0,34845
0.0,34846
0.0,34847
0.0,34848
0.0,34849
0.0,34850
0.0,34851
0.0,34852
0.0,34853
0.0,34854
0.0,34855
0.0,34856
0.0,34857
0.0,34858
0.0,34859
0.0,34860
0.0,34861
0.0,34862
0.0,34863
0.0,34864
0.0,34865
0.0,34866
0.0,34867
0.0,34868
0.0,34869
0.0,34870
0.0,34871
0.0,34872
0.0,34873
0.0,34874
0.0,34875
0.0,34876
0.0,34877
0.0,34878
0.0,34879
0.0,34880
0.0,34881
0.0,34882
0.0,34883
0.0,34884
0.0,34885
0.0,34886
0.0,34887
0.0,34888
0.0,34889
0.0,34890
0.0,34891
0.0,34892
0.0,34893
0.0,34894
0.0,34895
0.0,34896
699.5539465636698,34897
785.4355039855394,34898
783.6549193925251,34899
0.0,34900
0.0,34901
0.0,34902
0.0,34903
0.0,34904
0.0,34905
0.0,34906
0.0,34907
0.0,34908
0.0,34909
479.04659500618146,34910
0.0,34911
0.0,34912
1069.8593934715382,34913
0.0,34914
0.0,34915
0.0,34916
0.0,34917
0.0,34918
0.0,34919
0.0,34920
0.0,34921
0.0,34922
0.0,34923
0.0,34924
0.0,34925
0.0,34926
498.14946507913464,34927
0.0,34928
880.8576202577941,34929
0.0,34930
0.0,34931
0.0,34932
0.0,34933
0.0,34934
189.51266921575316,34935
0.0,34936
2363.7733825632486,34937
207.8136537251128,34938
609.4036632527309,34939
0.0,34940
0.0,34941
237.44937934257896,34942
0.0,34943
0.0,34944
30.91714593204814,34945
0.0,34946
684.0742587415969,34947
0.0,34948
0.0,34949
0.0,34950
0.0,34951
0.0,34952
0.0,34953
26.94787686792336,34954
0.0,34955
663.8919133713588,34956
0.0,34957
0.0,34958
0.0,34959
0.0,34960
0.0,34961
0.0,34962
0.0,34963
0.0,34964
574.779305121789,34965
0.0,34966
0.0,34967
0.0,34968
0.0,34969
0.0,34970
0.0,34971
462.2393407377695,34972
0.0,34973
0.0,34974
0.0,34975
0.0,34976
0.0,34977
0.0,34978
0.0,34979
0.0,34980
0.0,34981
0.0,34982
0.0,34983
368.5664416582838,34984
0.0,34985
0.0,34986
0.0,34987
374.1086518363519,34988
0.0,34989
0.0,34990
380.48700630009057,34991
0.0,34992
386.92717672831384,34993
0.0,34994
0.0,34995
0.0,34996
0.0,34997
0.0,34998
789.9915087736503,34999
90.4860569879595,35000
0.0,35001
0.0,35002
0.0,35003
0.0,35004
1637.1419069136182,35005
0.0,35006
0.0,35007
0.0,35008
79.33609026894216,35009
0.0,35010
0.0,35011
0.0,35012
0.0,35013
0.0,35014
0.0,35015
0.0,35016
0.0,35017
0.0,35018
0.0,35019
0.0,35020
0.0,35021
0.0,35022
0.0,35023
0.0,35024
141.75631987379245,35025
0.0,35026
0.0,35027
0.0,35028
0.0,35029
0.0,35030
0.0,35031
0.0,35032
0.0,35033
0.0,35034
0.0,35035
1111.7309698453578,35036
0.0,35037
6235.139173195712,35038
0.0,35039
0.0,35040
0.0,35041
0.0,35042
0.0,35043
298.35037070097144,35044
7651.031412450506,35045
0.0,35046
0.0,35047
0.0,35048
0.0,35049
0.0,35050
0.0,35051
0.0,35052
2630.725673081341,35053
0.0,35054
1323.390073726836,35055
0.0,35056
0.0,35057
0.0,35058
0.0,35059
0.0,35060
0.0,35061
0.0,35062
0.0,35063
0.0,35064
0.0,35065
0.0,35066
0.0,35067
0.0,35068
0.0,35069
0.0,35070
0.0,35071
0.0,35072
0.0,35073
282.165706523124,35074
0.0,35075
10.646923888772019,35076
634.6679230069433,35077
0.0,35078
1088.4698895222173,35079
1097.991531476688,35080
1106.6157475654536,35081
0.0,35082
1086.3697830536075,35083
3188.877276854331,35084
17.536141336628813,35085
22.112999678752107,35086
0.0,35087
3382.9685407242073,35088
3293.019845822678,35089
2492.4804483739495,35090
2501.1811752603253,35091
2509.208891444824,35092
2516.4560194000283,35093
680.3223050389049,35094
2527.50564247118,35095
2532.2158320497456,35096
770.1014831695494,35097
0.0,35098
0.0,35099
0.0,35100
0.0,35101
0.0,35102
0.0,35103
0.0,35104
0.0,35105
0.0,35106
0.0,35107
0.0,35108
0.0,35109
136.1196759202775,35110
976.3626966902051,35111
0.0,35112
0.0,35113
0.0,35114
0.0,35115
53.25635897019709,35116
0.0,35117
0.0,35118
0.0,35119
0.0,35120
0.0,35121
0.0,35122
0.0,35123
1277.7161817086242,35124
583.8186386615329,35125
0.0,35126
0.0,35127
0.0,35128
0.0,35129
0.0,35130
0.0,35131
0.0,35132
1638.5394014326464,35133
0.0,35134
0.0,35135
0.0,35136
686.8360391143124,35137
0.0,35138
0.0,35139
0.0,35140
1059.8782714260524,35141
0.0,35142
1882.2557016802903,35143
0.0,35144
0.0,35145
0.0,35146
0.0,35147
0.0,35148
0.0,35149
0.0,35150
0.0,35151
0.0,35152
0.0,35153
0.0,35154
0.0,35155
0.0,35156
0.0,35157
0.0,35158
0.0,35159
1538.428939350314,35160
0.0,35161
3864.9397394881216,35162
6852.1027854235535,35163
0.0,35164
0.0,35165
0.0,35166
0.0,35167
0.0,35168
0.0,35169
0.0,35170
0.0,35171
2429.907552289836,35172
112.16743644483145,35173
0.0,35174
0.0,35175
870.3157762595938,35176
0.0,35177
0.0,35178
0.0,35179
1854.2090114418088,35180
532.1685581262772,35181
11726.515989359792,35182
0.0,35183
0.0,35184
0.0,35185
289.48063667120346,35186
0.0,35187
2150.557320000066,35188
0.0,35189
2288.585961391886,35190
0.0,35191
0.0,35192
2916.510566827614,35193
0.0,35194
440.23692532752733,35195
971.8386041339011,35196
1006.5845203877446,35197
0.0,35198
578.7054041326397,35199
233.31709003903708,35200
3397.3911192607547,35201
0.0,35202
0.0,35203
893.7144132896796,35204
0.0,35205
0.0,35206
1632.2516310485175,35207
0.0,35208
0.0,35209
0.0,35210
0.0,35211
1695.6376063273808,35212
0.0,35213
0.0,35214
671.0456070278133,35215
0.0,35216
0.0,35217
670.5855378850342,35218
0.0,35219
0.0,35220
363.01013762566816,35221
0.0,35222
846.4563125461972,35223
0.0,35224
913.1459140113111,35225
0.0,35226
0.0,35227
0.0,35228
1476.0775398071587,35229
1482.795154899452,35230
0.0,35231
0.0,35232
0.0,35233
0.0,35234
3404.099520509243,35235
0.0,35236
3404.366841711455,35237
0.0,35238
0.0,35239
4365.6997548445,35240
0.0,35241
0.0,35242
0.0,35243
0.0,35244
0.0,35245
0.0,35246
0.0,35247
0.0,35248
2463.9605089868132,35249
2667.710812457542,35250
1749.8523231369547,35251
2476.3279899683985,35252
0.0,35253
0.0,35254
0.0,35255
0.0,35256
0.0,35257
0.0,35258
0.0,35259
0.0,35260
0.0,35261
336.98430959928123,35262
18.970972179507935,35263
0.0,35264
0.0,35265
0.0,35266
0.0,35267
0.0,35268
0.0,35269
0.0,35270
0.0,35271
0.0,35272
1826.4402423237866,35273
0.0,35274
0.0,35275
0.0,35276
1162.0482653566487,35277
0.0,35278
0.0,35279
0.0,35280
0.0,35281
3519.6121819654813,35282
0.0,35283
0.0,35284
212.92933931632714,35285
0.0,35286
3353.6103605351705,35287
1450.895506624358,35288
0.0,35289
0.0,35290
1466.638906791514,35291
0.0,35292
0.0,35293
1437.3114351012339,35294
2613.283345736159,35295
0.0,35296
4.809488807627458,35297
0.0,35298
0.0,35299
0.0,35300
0.0,35301
0.0,35302
732.2372335119757,35303
0.0,35304
1524.6411636570228,35305
0.0,35306
1924.4627586447743,35307
0.0,35308
0.0,35309
1921.2134182708824,35310
0.0,35311
56.446555999133594,35312
2345.733150384681,35313
0.0,35314
2705.1436251867326,35315
930.3642907769904,35316
0.0,35317
2402.7781823819805,35318
0.0,35319
0.0,35320
2700.8073825732445,35321
0.0,35322
0.0,35323
0.0,35324
2071.7039677830007,35325
0.0,35326
742.1122195498119,35327
594.2051553317306,35328
2837.243557732952,35329
2642.01028147895,35330
0.0,35331
2887.246253369894,35332
0.0,35333
1464.2124495243663,35334
0.0,35335
1846.2553897171103,35336
0.0,35337
3709.3226085197116,35338
0.0,35339
0.0,35340
0.0,35341
0.0,35342
2078.3396626925887,35343
0.0,35344
0.0,35345
0.0,35346
0.0,35347
256.05336305732936,35348
1176.9215068547935,35349
1180.4660698037624,35350
1126.0225353918838,35351
2070.965321422083,35352
0.0,35353
0.0,35354
196.98406846176007,35355
0.0,35356
667.4555310949042,35357
0.0,35358
0.0,35359
0.0,35360
0.0,35361
395.17847678221204,35362
0.0,35363
2661.8784595567627,35364
0.0,35365
0.0,35366
0.0,35367
2263.976654519604,35368
559.5567875014459,35369
1808.626807477191,35370
0.0,35371
1833.5846190461934,35372
0.0,35373
0.0,35374
772.5175710491128,35375
0.0,35376
0.0,35377
1704.1237844783375,35378
0.0,35379
1867.018697816965,35380
0.0,35381
0.0,35382
0.0,35383
0.0,35384
0.0,35385
0.0,35386
1411.9094883523628,35387
0.0,35388
0.0,35389
0.0,35390
0.0,35391
0.0,35392
0.0,35393
0.0,35394
0.0,35395
121.63915967064305,35396
0.0,35397
0.0,35398
0.0,35399
0.0,35400
0.0,35401
0.0,35402
0.0,35403
0.0,35404
0.0,35405
0.0,35406
0.0,35407
0.0,35408
5934.897068708102,35409
0.0,35410
0.0,35411
0.0,35412
0.0,35413
6179.578862644959,35414
65.4384702781987,35415
0.0,35416
0.0,35417
0.0,35418
0.0,35419
0.0,35420
0.0,35421
0.0,35422
0.0,35423
0.0,35424
0.0,35425
0.0,35426
0.0,35427
0.0,35428
0.0,35429
0.0,35430
0.0,35431
8692.36788907088,35432
66.58894617001724,35433
0.0,35434
11956.263820664413,35435
0.0,35436
0.0,35437
0.0,35438
0.0,35439
0.0,35440
0.0,35441
0.0,35442
0.0,35443
0.0,35444
0.0,35445
0.0,35446
0.0,35447
275.7933549470493,35448
0.0,35449
12.702737601554968,35450
3611.042907244965,35451
0.0,35452
0.0,35453
0.0,35454
7496.769229132107,35455
0.0,35456
0.0,35457
0.0,35458
0.0,35459
0.0,35460
0.0,35461
0.0,35462
0.0,35463
0.0,35464
0.0,35465
890.9988322761988,35466
0.0,35467
0.0,35468
0.0,35469
0.0,35470
0.0,35471
0.0,35472
0.0,35473
0.0,35474
0.0,35475
0.0,35476
0.0,35477
0.0,35478
0.0,35479
0.0,35480
0.0,35481
0.0,35482
0.0,35483
0.0,35484
0.0,35485
0.0,35486
0.0,35487
0.0,35488
0.0,35489
0.0,35490
0.0,35491
0.0,35492
0.0,35493
0.0,35494
0.0,35495
0.0,35496
0.0,35497
0.0,35498
0.0,35499
0.0,35500
0.0,35501
0.0,35502
0.0,35503
0.0,35504
0.0,35505
0.0,35506
0.0,35507
0.0,35508
0.0,35509
0.0,35510
0.0,35511
0.0,35512
0.0,35513
0.0,35514
0.0,35515
0.0,35516
0.0,35517
0.0,35518
780.7771546165699,35519
0.0,35520
0.0,35521
0.0,35522
0.0,35523
0.0,35524
0.0,35525
0.0,35526
0.0,35527
0.0,35528
3177.709131713899,35529
0.0,35530
0.0,35531
0.0,35532
0.0,35533
0.0,35534
0.0,35535
0.0,35536
0.0,35537
0.0,35538
0.0,35539
0.0,35540
2.7067227680323147,35541
0.0,35542
0.0,35543
1452.6234116032035,35544
446.3867282426172,35545
0.0,35546
0.0,35547
0.0,35548
0.0,35549
0.0,35550
739.7439241082196,35551
0.0,35552
0.0,35553
1137.1093249230714,35554
55.148350636870084,35555
0.0,35556
0.0,35557
0.0,35558
0.0,35559
0.0,35560
0.0,35561
0.0,35562
0.0,35563
382.19097158338377,35564
377.9878535588521,35565
0.0,35566
0.0,35567
0.0,35568
0.0,35569
623.5575341654096,35570
0.0,35571
0.0,35572
0.0,35573
0.0,35574
0.0,35575
0.0,35576
616.0847382971253,35577
0.0,35578
0.0,35579
0.0,35580
0.0,35581
0.0,35582
0.0,35583
0.0,35584
0.0,35585
0.0,35586
1430.0455605234922,35587
675.1189702283666,35588
0.0,35589
746.3149931293146,35590
0.0,35591
0.0,35592
0.0,35593
2818.453986425352,35594
0.0,35595
0.0,35596
0.0,35597
0.0,35598
0.0,35599
0.0,35600
0.0,35601
0.0,35602
6874.090364555728,35603
0.0,35604
0.0,35605
0.0,35606
5313.072929429777,35607
0.0,35608
0.0,35609
0.0,35610
0.0,35611
0.0,35612
0.0,35613
1971.3554648859454,35614
0.0,35615
409.48213404595657,35616
1189.9493355451907,35617
1692.2585889349032,35618
229.73285666038618,35619
0.0,35620
1686.5450764976772,35621
1684.17623771961,35622
0.0,35623
1636.3706849965079,35624
0.0,35625
605.6786236964838,35626
0.0,35627
1693.187025460384,35628
0.0,35629
0.0,35630
0.0,35631
1694.6161933237702,35632
0.0,35633
0.0,35634
1254.7492813827641,35635
0.0,35636
0.0,35637
0.0,35638
0.0,35639
0.0,35640
132.23593703723412,35641
1708.5499745770276,35642
8040.239049355311,35643
0.0,35644
0.0,35645
1246.4552269456583,35646
0.0,35647
18.23893306637175,35648
1724.9326603272518,35649
0.0,35650
0.0,35651
0.0,35652
0.0,35653
0.0,35654
0.0,35655
0.0,35656
1732.321795017262,35657
0.0,35658
1739.3208900992306,35659
0.0,35660
299.2641217823051,35661
0.0,35662
302.9808787212453,35663
0.0,35664
0.0,35665
1748.9408130691913,35666
0.0,35667
0.0,35668
0.0,35669
0.0,35670
0.0,35671
1248.2805970154157,35672
0.0,35673
0.0,35674
295.5846786024079,35675
0.0,35676
0.0,35677
0.0,35678
0.0,35679
0.0,35680
0.0,35681
1316.6267782449545,35682
0.0,35683
0.0,35684
1693.2553143116343,35685
0.0,35686
0.0,35687
1322.7190360477005,35688
931.6654779755311,35689
0.0,35690
0.0,35691
0.0,35692
0.0,35693
0.0,35694
0.0,35695
0.0,35696
0.0,35697
0.0,35698
0.0,35699
0.0,35700
0.0,35701
0.0,35702
0.0,35703
0.0,35704
0.0,35705
655.8164043842527,35706
0.0,35707
0.0,35708
0.0,35709
0.0,35710
0.0,35711
0.0,35712
0.0,35713
0.0,35714
0.0,35715
0.0,35716
0.0,35717
0.0,35718
481.6559854593061,35719
0.0,35720
0.0,35721
0.0,35722
0.0,35723
0.0,35724
0.0,35725
0.0,35726
0.0,35727
0.0,35728
0.0,35729
0.0,35730
0.0,35731
0.0,35732
0.0,35733
0.0,35734
0.0,35735
0.0,35736
0.0,35737
0.0,35738
603.6259437969708,35739
0.0,35740
0.0,35741
0.0,35742
893.2796878266349,35743
0.0,35744
902.8270753461096,35745
0.0,35746
2828.838577230293,35747
888.901070881781,35748
899.1545669157135,35749
0.0,35750
910.4767650786513,35751
0.0,35752
0.0,35753
0.0,35754
921.7788263488724,35755
0.0,35756
1839.85272127582,35757
0.0,35758
56.42068504815767,35759
73.93773540680212,35760
959.9942201440598,35761
0.0,35762
0.0,35763
860.3453733169506,35764
1202.5589561298975,35765
800.2366556035732,35766
0.0,35767
0.0,35768
559.5857633091889,35769
0.0,35770
0.0,35771
0.0,35772
0.0,35773
0.0,35774
0.0,35775
0.0,35776
0.0,35777
0.0,35778
0.0,35779
0.0,35780
0.0,35781
0.0,35782
0.0,35783
0.0,35784
2645.5490564331762,35785
220.3633732060791,35786
0.0,35787
0.0,35788
0.0,35789
0.0,35790
1935.6854715897487,35791
0.0,35792
0.0,35793
0.0,35794
1965.233730934757,35795
1657.1417221769698,35796
0.0,35797
3933.581706822835,35798
3066.970522178433,35799
0.0,35800
0.0,35801
4932.630966407971,35802
777.4732552709119,35803
0.0,35804
0.0,35805
0.0,35806
0.0,35807
1149.4108746348015,35808
0.0,35809
0.0,35810
0.0,35811
0.0,35812
0.0,35813
0.0,35814
0.0,35815
0.0,35816
0.0,35817
83.48747549863926,35818
0.0,35819
0.0,35820
0.0,35821
0.0,35822
0.0,35823
0.0,35824
0.0,35825
1363.115767928659,35826
0.0,35827
1427.1386127574497,35828
562.4577142313702,35829
0.0,35830
0.0,35831
0.0,35832
0.0,35833
1421.7258041784303,35834
0.0,35835
0.0,35836
0.0,35837
447.60273836214293,35838
441.693385295932,35839
0.0,35840
2294.1385608262563,35841
0.0,35842
3689.25945944456,35843
0.0,35844
0.0,35845
0.0,35846
0.0,35847
1378.105939309069,35848
224.66180717099175,35849
0.0,35850
0.0,35851
0.0,35852
0.0,35853
0.0,35854
0.0,35855
1812.600478142529,35856
0.0,35857
0.0,35858
0.0,35859
0.0,35860
0.0,35861
0.0,35862
0.0,35863
0.0,35864
0.0,35865
0.0,35866
0.0,35867
0.0,35868
114.25469513761632,35869
0.0,35870
0.0,35871
0.0,35872
0.0,35873
0.0,35874
0.0,35875
183.97059003798284,35876
0.0,35877
0.0,35878
0.0,35879
18.957348556775226,35880
0.0,35881
0.0,35882
0.0,35883
0.0,35884
0.0,35885
0.0,35886
0.0,35887
0.0,35888
5787.659171360694,35889
0.0,35890
0.0,35891
0.0,35892
0.0,35893
0.0,35894
0.0,35895
0.0,35896
0.0,35897
0.0,35898
751.3122650830386,35899
0.0,35900
0.0,35901
0.0,35902
0.0,35903
0.0,35904
0.0,35905
0.0,35906
0.0,35907
0.0,35908
0.0,35909
0.0,35910
1495.4921946729091,35911
0.0,35912
0.0,35913
190.4192293234074,35914
0.0,35915
0.0,35916
0.0,35917
0.0,35918
1683.790945549652,35919
0.0,35920
5160.030932727465,35921
0.0,35922
0.0,35923
0.0,35924
0.0,35925
0.0,35926
1076.827657813927,35927
218.37993861511393,35928
225.7691265722497,35929
0.0,35930
52.438721209707076,35931
614.7644744734399,35932
727.2104499798761,35933
0.0,35934
0.0,35935
701.4240433185904,35936
0.0,35937
885.7755411080824,35938
0.0,35939
0.0,35940
0.0,35941
0.0,35942
0.0,35943
0.0,35944
0.0,35945
0.0,35946
0.0,35947
0.0,35948
0.0,35949
0.0,35950
0.0,35951
0.0,35952
0.0,35953
0.0,35954
3810.153511757738,35955
0.0,35956
2845.3888122443564,35957
3810.421602292656,35958
0.0,35959
88.85165860049399,35960
0.0,35961
592.6397524981287,35962
3796.9939992265067,35963
0.0,35964
0.0,35965
0.0,35966
0.0,35967
676.1896756011861,35968
0.0,35969
0.0,35970
3268.7379067267902,35971
0.0,35972
0.0,35973
0.0,35974
439.83805807742857,35975
0.0,35976
0.0,35977
2701.6399443624323,35978
0.0,35979
0.0,35980
2698.78681334089,35981
0.0,35982
804.117877944848,35983
0.0,35984
2696.555129637721,35985
0.0,35986
0.0,35987
0.0,35988
2701.6285111913626,35989
0.0,35990
57.59300185903638,35991
0.0,35992
0.0,35993
2942.7812446866233,35994
0.0,35995
0.0,35996
0.0,35997
2045.8454175935858,35998
0.0,35999
0.0,36000
1262.9839465832395,36001
0.0,36002
2600.6545677204635,36003
36.02926814004956,36004
0.0,36005
0.0,36006
0.0,36007
0.0,36008
0.0,36009
3562.882657764087,36010
0.0,36011
0.0,36012
0.0,36013
0.0,36014
0.0,36015
0.0,36016
0.0,36017
515.1247595184818,36018
0.0,36019
0.0,36020
0.0,36021
0.0,36022
0.0,36023
0.0,36024
0.0,36025
0.0,36026
0.0,36027
0.0,36028
297.2163722781118,36029
0.0,36030
0.0,36031
0.0,36032
905.6112148321492,36033
0.0,36034
0.0,36035
0.0,36036
0.0,36037
0.0,36038
0.0,36039
0.0,36040
0.0,36041
0.0,36042
0.0,36043
351.6046955936903,36044
0.0,36045
0.0,36046
0.0,36047
0.0,36048
1073.9138195247872,36049
0.0,36050
0.0,36051
825.0390848103374,36052
0.0,36053
0.0,36054
0.0,36055
0.0,36056
0.0,36057
0.0,36058
0.0,36059
30.126174650844494,36060
34.25009754595107,36061
37.16460058048192,36062
0.0,36063
1580.3755555796163,36064
0.0,36065
0.0,36066
1581.2547288380038,36067
1505.8574111334458,36068
0.0,36069
0.0,36070
523.7357116535142,36071
0.0,36072
345.8715982310901,36073
0.0,36074
0.0,36075
0.0,36076
0.0,36077
0.0,36078
0.0,36079
0.0,36080
0.0,36081
0.0,36082
0.0,36083
0.0,36084
0.0,36085
52.53065081290971,36086
0.0,36087
1359.2587285467441,36088
0.0,36089
0.0,36090
0.0,36091
0.0,36092
0.0,36093
77.63132752477873,36094
0.0,36095
0.0,36096
0.0,36097
0.0,36098
0.0,36099
0.0,36100
0.0,36101
0.0,36102
163.89488104162004,36103
0.0,36104
0.0,36105
0.0,36106
0.0,36107
149.2220491316098,36108
1563.4512277655697,36109
0.0,36110
0.0,36111
0.0,36112
0.0,36113
0.0,36114
0.0,36115
0.0,36116
0.0,36117
0.0,36118
0.0,36119
0.0,36120
0.0,36121
0.0,36122
0.0,36123
3448.5188140981045,36124
0.0,36125
0.0,36126
0.0,36127
0.0,36128
0.0,36129
2033.0329194134245,36130
0.0,36131
0.0,36132
0.0,36133
531.1160729082546,36134
0.0,36135
0.0,36136
1630.3668952596936,36137
0.0,36138
0.0,36139
613.1078858697449,36140
0.0,36141
0.0,36142
0.0,36143
1452.1790648299555,36144
0.0,36145
0.0,36146
0.0,36147
0.0,36148
0.0,36149
0.0,36150
365.0450479195202,36151
0.0,36152
0.0,36153
0.0,36154
0.0,36155
0.0,36156
0.0,36157
0.0,36158
253.78620550542783,36159
3.572765118318029,36160
882.8671338460241,36161
0.0,36162
0.0,36163
54.69969730607202,36164
0.0,36165
0.0,36166
1761.1508809578715,36167
0.0,36168
0.0,36169
0.0,36170
0.0,36171
1562.8956777854582,36172
0.0,36173
0.0,36174
0.0,36175
0.0,36176
9.589215542307135,36177
74.47615896403416,36178
0.0,36179
0.0,36180
0.0,36181
0.0,36182
0.0,36183
0.0,36184
0.0,36185
0.0,36186
0.0,36187
0.0,36188
2533.389786923549,36189
0.0,36190
265.3979841332653,36191
0.0,36192
0.0,36193
0.0,36194
653.40504811374,36195
0.0,36196
0.0,36197
0.0,36198
0.0,36199
0.0,36200
0.0,36201
0.0,36202
0.0,36203
688.5183453349334,36204
0.0,36205
2058.255369836266,36206
0.0,36207
0.0,36208
0.0,36209
1169.459019969315,36210
0.0,36211
1197.1230944608144,36212
29.456833063552676,36213
0.0,36214
0.0,36215
739.9282114628505,36216
0.0,36217
474.72107461053986,36218
0.0,36219
837.138796202829,36220
0.0,36221
0.0,36222
0.0,36223
0.0,36224
0.0,36225
0.0,36226
0.0,36227
0.0,36228
1424.9217014412877,36229
0.0,36230
0.0,36231
950.758464634855,36232
0.0,36233
0.0,36234
0.0,36235
0.0,36236
0.0,36237
0.0,36238
108.12784040181859,36239
0.0,36240
0.0,36241
0.0,36242
1044.9457172244508,36243
0.0,36244
0.0,36245
0.0,36246
0.0,36247
0.0,36248
0.0,36249
0.0,36250
0.0,36251
0.0,36252
1420.4658785948163,36253
0.0,36254
0.0,36255
2389.030444736124,36256
0.0,36257
0.0,36258
0.0,36259
0.0,36260
1736.4174218468168,36261
0.0,36262
0.0,36263
0.0,36264
1423.152499470486,36265
0.0,36266
0.0,36267
0.0,36268
0.0,36269
0.0,36270
1351.1496916116955,36271
0.0,36272
0.0,36273
0.0,36274
791.9322481737273,36275
0.0,36276
0.0,36277
0.0,36278
0.0,36279
0.0,36280
0.0,36281
0.0,36282
0.0,36283
0.0,36284
0.0,36285
0.0,36286
0.0,36287
0.0,36288
0.0,36289
0.0,36290
248.56856591248837,36291
1507.01459142125,36292
0.0,36293
0.0,36294
1760.284761031882,36295
1739.1483184797555,36296
0.0,36297
0.0,36298
0.0,36299
4289.970211806752,36300
1076.4039780135463,36301
1569.8359786982846,36302
0.0,36303
0.0,36304
0.0,36305
0.0,36306
3885.602450440111,36307
0.0,36308
2084.817995476815,36309
0.0,36310
0.0,36311
3158.113107261086,36312
968.601711566438,36313
0.0,36314
0.0,36315
0.0,36316
0.0,36317
0.0,36318
2333.9010882967327,36319
2337.2481712761332,36320
436.69714542730503,36321
0.0,36322
0.0,36323
0.0,36324
0.0,36325
0.0,36326
5.458844544671771,36327
0.0,36328
2585.3182318069685,36329
0.0,36330
0.0,36331
0.0,36332
0.0,36333
0.0,36334
1295.8828824599934,36335
0.0,36336
0.0,36337
0.0,36338
2976.5029687732194,36339
0.0,36340
1237.4984028976276,36341
2840.1146149937586,36342
0.0,36343
0.0,36344
0.0,36345
0.0,36346
863.6116227945794,36347
0.0,36348
0.0,36349
340.4988012423019,36350
6259.552356853656,36351
0.0,36352
0.0,36353
1047.847325989723,36354
0.0,36355
0.0,36356
0.0,36357
0.0,36358
2108.365252156172,36359
0.0,36360
0.0,36361
1135.8420548255096,36362
0.0,36363
0.0,36364
0.0,36365
0.0,36366
0.0,36367
1041.2877119254647,36368
0.0,36369
0.0,36370
0.0,36371
396.4161434932223,36372
0.0,36373
0.0,36374
0.0,36375
832.7121720022258,36376
3626.5751929277462,36377
2174.9304038205114,36378
0.0,36379
0.0,36380
0.0,36381
0.0,36382
0.0,36383
0.0,36384
1923.63274298302,36385
0.0,36386
0.0,36387
0.0,36388
2115.295731670452,36389
2095.6961400108326,36390
0.0,36391
4945.41729713503,36392
0.0,36393
0.0,36394
0.0,36395
2900.6299789459927,36396
267.2766367284227,36397
122.28552496734946,36398
0.0,36399
0.0,36400
2090.6207681649985,36401
304.4947976635834,36402
0.0,36403
704.513631872482,36404
748.5808403246356,36405
2226.211940435317,36406
0.0,36407
999.0391214193145,36408
0.0,36409
0.0,36410
0.0,36411
0.0,36412
0.0,36413
0.0,36414
2928.82856325028,36415
621.3995504323615,36416
0.0,36417
0.0,36418
4304.48998493993,36419
783.6043654319624,36420
0.0,36421
646.8632870630588,36422
1299.7300737263333,36423
770.0896187590055,36424
7954.569365102348,36425
0.0,36426
0.0,36427
0.0,36428
2190.845394081924,36429
0.0,36430
2439.621007790081,36431
0.0,36432
0.0,36433
0.0,36434
2442.40211907083,36435
0.0,36436
2021.785652153552,36437
0.0,36438
3942.557160080006,36439
0.0,36440
0.0,36441
0.0,36442
0.0,36443
0.0,36444
3768.381158457609,36445
0.0,36446
0.0,36447
0.0,36448
3747.4688054400344,36449
0.0,36450
2889.7081322204353,36451
0.0,36452
0.0,36453
0.0,36454
0.0,36455
0.0,36456
0.0,36457
0.0,36458
0.0,36459
0.0,36460
0.0,36461
0.0,36462
0.0,36463
0.0,36464
0.0,36465
0.0,36466
0.0,36467
0.0,36468
0.0,36469
0.0,36470
0.0,36471
0.0,36472
647.9753843681403,36473
765.4548219934068,36474
0.0,36475
0.0,36476
0.0,36477
0.0,36478
0.0,36479
0.0,36480
0.0,36481
574.6860628323335,36482
0.0,36483
0.0,36484
0.0,36485
0.0,36486
0.0,36487
0.0,36488
0.0,36489
0.0,36490
0.0,36491
0.0,36492
0.0,36493
0.0,36494
0.0,36495
0.0,36496
0.0,36497
3309.576104046881,36498
0.0,36499
3634.5521937901754,36500
3280.3643423743315,36501
3266.042721612301,36502
0.0,36503
0.0,36504
0.0,36505
0.0,36506
0.0,36507
0.0,36508
0.0,36509
0.0,36510
0.0,36511
0.0,36512
1005.5701723537405,36513
2780.217976351593,36514
3092.0299965754607,36515
0.0,36516
0.0,36517
3096.5220698066905,36518
0.0,36519
0.0,36520
0.0,36521
0.0,36522
1773.2586995521133,36523
0.0,36524
4159.019766191266,36525
4019.117933353097,36526
0.0,36527
0.0,36528
0.0,36529
0.0,36530
0.0,36531
0.0,36532
0.0,36533
0.0,36534
0.0,36535
0.0,36536
0.0,36537
0.0,36538
0.0,36539
0.0,36540
0.0,36541
0.0,36542
0.0,36543
0.0,36544
0.0,36545
0.0,36546
0.0,36547
0.0,36548
0.0,36549
0.0,36550
0.0,36551
0.0,36552
0.0,36553
0.0,36554
0.0,36555
0.0,36556
0.0,36557
0.0,36558
0.0,36559
0.0,36560
0.0,36561
0.0,36562
0.0,36563
0.0,36564
0.0,36565
0.0,36566
0.0,36567
0.0,36568
0.0,36569
0.0,36570
0.0,36571
0.0,36572
0.0,36573
0.0,36574
0.0,36575
0.0,36576
0.0,36577
0.0,36578
0.0,36579
1577.9559385081525,36580
0.0,36581
0.0,36582
0.0,36583
0.0,36584
0.0,36585
0.0,36586
0.0,36587
0.0,36588
0.0,36589
0.0,36590
0.0,36591
0.0,36592
0.0,36593
0.0,36594
1866.029853790357,36595
605.2432147825697,36596
553.3633517772458,36597
0.0,36598
0.0,36599
1009.6184892173845,36600
974.1186339882368,36601
0.0,36602
0.0,36603
0.0,36604
0.0,36605
5205.7555228781885,36606
0.0,36607
0.0,36608
0.0,36609
0.0,36610
0.0,36611
0.0,36612
0.0,36613
0.0,36614
0.0,36615
0.0,36616
0.0,36617
0.0,36618
0.0,36619
0.0,36620
0.0,36621
0.0,36622
0.0,36623
0.0,36624
0.0,36625
0.0,36626
0.0,36627
0.0,36628
0.0,36629
0.0,36630
0.0,36631
0.0,36632
0.0,36633
0.0,36634
0.0,36635
0.0,36636
0.0,36637
0.0,36638
0.0,36639
0.0,36640
154.79823388947827,36641
0.0,36642
0.0,36643
0.0,36644
0.0,36645
0.0,36646
0.0,36647
0.0,36648
0.0,36649
0.0,36650
0.0,36651
0.0,36652
0.0,36653
0.0,36654
0.0,36655
0.0,36656
0.0,36657
0.0,36658
0.0,36659
0.0,36660
0.0,36661
0.0,36662
0.0,36663
0.0,36664
0.0,36665
0.0,36666
0.0,36667
213.6201415327308,36668
0.0,36669
0.0,36670
0.0,36671
0.0,36672
0.0,36673
0.0,36674
0.0,36675
0.0,36676
0.0,36677
0.0,36678
0.0,36679
0.0,36680
0.0,36681
651.909385394568,36682
0.0,36683
0.0,36684
0.0,36685
0.0,36686
0.0,36687
0.0,36688
0.0,36689
0.0,36690
0.0,36691
547.0578217765114,36692
0.0,36693
0.0,36694
0.0,36695
0.0,36696
0.0,36697
0.0,36698
0.0,36699
0.0,36700
0.0,36701
0.0,36702
0.0,36703
1448.9432744108774,36704
0.0,36705
572.5711393976006,36706
0.0,36707
0.0,36708
3262.215543148398,36709
1235.2509277310546,36710
0.0,36711
1319.277246002073,36712
0.0,36713
0.0,36714
249.04030846845706,36715
667.6767383708357,36716
0.0,36717
0.0,36718
0.0,36719
112.14111301954263,36720
0.0,36721
0.0,36722
0.0,36723
0.0,36724
0.0,36725
0.0,36726
2312.310969204854,36727
0.0,36728
1393.4878116275863,36729
0.0,36730
1860.4673646472781,36731
0.0,36732
0.0,36733
0.0,36734
0.0,36735
0.0,36736
0.0,36737
0.0,36738
0.0,36739
0.0,36740
0.0,36741
0.0,36742
0.0,36743
0.0,36744
73.44556395534411,36745
0.0,36746
0.0,36747
0.0,36748
0.0,36749
0.0,36750
0.0,36751
0.0,36752
48.45031073299958,36753
0.0,36754
738.1892954117681,36755
0.0,36756
0.0,36757
0.0,36758
0.0,36759
0.0,36760
0.0,36761
0.0,36762
0.0,36763
0.0,36764
0.0,36765
0.0,36766
0.0,36767
0.0,36768
0.0,36769
0.0,36770
0.0,36771
0.0,36772
0.0,36773
0.0,36774
0.0,36775
0.0,36776
0.0,36777
0.0,36778
0.0,36779
0.0,36780
0.0,36781
0.0,36782
0.0,36783
0.0,36784
0.0,36785
0.0,36786
0.0,36787
94.22582645123907,36788
0.0,36789
0.0,36790
0.0,36791
0.0,36792
0.0,36793
0.0,36794
0.0,36795
0.0,36796
0.0,36797
0.0,36798
0.0,36799
0.0,36800
0.0,36801
0.0,36802
0.0,36803
0.0,36804
0.0,36805
0.0,36806
0.0,36807
0.0,36808
0.0,36809
0.0,36810
395.3474347943578,36811
0.0,36812
0.0,36813
0.0,36814
0.0,36815
0.0,36816
0.0,36817
0.0,36818
0.0,36819
0.0,36820
0.0,36821
0.0,36822
0.0,36823
0.0,36824
0.0,36825
247.34648834398945,36826
0.0,36827
0.0,36828
0.0,36829
0.0,36830
0.0,36831
0.0,36832
0.0,36833
0.0,36834
0.0,36835
3057.709436266322,36836
0.0,36837
0.0,36838
0.0,36839
0.0,36840
3795.314431304491,36841
0.0,36842
0.0,36843
0.0,36844
0.0,36845
0.0,36846
0.0,36847
0.0,36848
0.0,36849
2688.452796767783,36850
0.0,36851
0.0,36852
0.0,36853
0.0,36854
0.0,36855
0.0,36856
1190.9789487503983,36857
0.0,36858
0.0,36859
0.0,36860
0.0,36861
7.454170070853458,36862
0.0,36863
0.0,36864
223.00394217610705,36865
0.0,36866
0.0,36867
0.0,36868
0.0,36869
0.0,36870
0.0,36871
0.0,36872
5315.270756486275,36873
0.0,36874
0.0,36875
0.0,36876
0.0,36877
0.0,36878
0.0,36879
0.0,36880
0.0,36881
0.0,36882
0.0,36883
0.0,36884
0.0,36885
0.0,36886
0.0,36887
0.0,36888
0.0,36889
0.0,36890
0.0,36891
0.0,36892
0.0,36893
0.0,36894
0.0,36895
0.0,36896
0.0,36897
0.0,36898
0.0,36899
0.0,36900
