cs,index
0.0,0
0.0,1
0.0,2
0.0,3
0.0,4
459.7651662969007,5
0.0,6
0.0,7
0.0,8
0.0,9
0.0,10
0.0,11
0.0,12
0.0,13
0.0,14
0.0,15
0.0,16
0.0,17
0.0,18
0.0,19
0.0,20
0.0,21
0.0,22
0.0,23
0.0,24
0.0,25
0.0,26
0.0,27
0.0,28
0.0,29
0.0,30
0.0,31
0.0,32
0.0,33
0.0,34
0.0,35
0.0,36
0.0,37
0.0,38
0.0,39
0.0,40
0.0,41
0.0,42
0.0,43
0.0,44
0.0,45
0.0,46
0.0,47
0.0,48
0.0,49
0.0,50
0.0,51
0.0,52
0.0,53
0.0,54
0.0,55
0.0,56
0.0,57
0.0,58
0.0,59
0.0,60
0.0,61
0.0,62
829.751283258892,63
0.0,64
0.0,65
0.0,66
0.0,67
0.0,68
0.0,69
0.0,70
0.0,71
0.0,72
29.995974186461627,73
522.5376486471815,74
0.0,75
1699.6506167428283,76
8417.411164857222,77
0.0,78
0.0,79
0.0,80
15.427305286432574,81
0.0,82
0.0,83
0.0,84
1881.8317397561766,85
0.0,86
0.0,87
0.0,88
0.0,89
867.0754938899703,90
0.0,91
513.5767367802571,92
483.3613177946842,93
0.0,94
0.0,95
0.0,96
0.0,97
1349.0367484255075,98
680.967162432874,99
0.0,100
0.0,101
0.0,102
0.0,103
0.0,104
0.0,105
1437.073453522085,106
0.0,107
0.0,108
0.0,109
9512.975987412216,110
0.0,111
0.0,112
0.0,113
0.0,114
0.0,115
0.0,116
0.0,117
0.0,118
0.0,119
0.0,120
0.0,121
0.0,122
0.0,123
0.0,124
0.0,125
0.0,126
0.0,127
0.0,128
0.0,129
0.0,130
0.0,131
0.0,132
0.0,133
0.0,134
0.0,135
0.0,136
0.0,137
0.0,138
0.0,139
0.0,140
0.0,141
0.0,142
0.0,143
0.0,144
0.0,145
1033.7741492120654,146
0.0,147
417.87411573780435,148
0.0,149
0.0,150
0.0,151
0.0,152
0.0,153
0.0,154
0.0,155
0.0,156
1869.068802840571,157
1192.7336362434448,158
587.346097723662,159
0.0,160
1927.9328343824504,161
0.0,162
0.0,163
0.0,164
0.0,165
0.0,166
0.0,167
0.0,168
0.0,169
0.0,170
0.0,171
714.5437912557167,172
0.0,173
0.0,174
0.0,175
0.0,176
0.0,177
0.0,178
97.55614985890307,179
188.50039562424945,180
59.084551007418376,181
0.0,182
220.21220221745426,183
0.0,184
821.9583921484336,185
0.0,186
0.0,187
169.59336741722055,188
0.0,189
69.67023215960818,190
0.0,191
0.0,192
0.0,193
0.0,194
0.0,195
0.0,196
0.0,197
1132.2911817365837,198
0.0,199
0.0,200
0.0,201
0.0,202
0.0,203
0.0,204
0.0,205
0.0,206
521.3689438119359,207
0.0,208
0.0,209
0.0,210
0.0,211
1320.3401754398758,212
1494.9007819169774,213
0.0,214
0.0,215
50.21193615926347,216
1760.4038780352334,217
568.2491284636681,218
0.0,219
286.31881179284863,220
0.0,221
1207.3329105207508,222
1438.780659945105,223
0.0,224
0.0,225
10.501373149099258,226
0.0,227
0.0,228
0.0,229
0.0,230
0.0,231
83.27661214708323,232
0.0,233
0.0,234
0.0,235
13.363800832769854,236
0.6485467324051474,237
4668.79105450849,238
0.0,239
4930.873025515125,240
0.0,241
1183.2888913863897,242
5409.2869829892425,243
0.0,244
6698.139962204434,245
0.0,246
1202.00443995945,247
8024.916851233634,248
119.8481239343404,249
0.0,250
3954.2469894692504,251
5473.570499222215,252
0.0,253
2513.888986341075,254
717.7204665039907,255
2663.3979182565786,256
1051.5772887415706,257
0.0,258
0.0,259
0.0,260
0.0,261
3303.3689743975347,262
0.0,263
1974.0928480960285,264
181.82186617506693,265
1568.1279301727252,266
0.0,267
0.0,268
1783.3630863335368,269
0.0,270
0.0,271
2798.557470080591,272
3118.0932585286396,273
3451.69064146666,274
1218.2967992066126,275
4478.001238932244,276
895.1919509683627,277
2295.9512489708013,278
0.0,279
2476.7067593577362,280
0.0,281
0.0,282
0.0,283
0.0,284
1790.8888716241834,285
0.0,286
0.0,287
0.0,288
0.0,289
0.0,290
0.0,291
0.0,292
860.9252629366079,293
2963.410126197287,294
0.0,295
1655.7843908624009,296
1071.3121383385753,297
1834.7052316052054,298
2728.1296725518205,299
1170.3496784241524,300
902.3894203784978,301
0.0,302
1188.6967310200653,303
3038.4920955516886,304
0.0,305
0.0,306
0.0,307
3026.4087426153474,308
6240.439775976864,309
0.0,310
242.85490879125464,311
0.0,312
1521.3930654350252,313
1431.166552928103,314
2273.3639390452017,315
1769.94033168707,316
0.0,317
0.0,318
585.2806963108376,319
1721.4590472505697,320
149.66634588707103,321
0.0,322
718.8571517771878,323
2141.8969867028095,324
2521.3936879542407,325
1543.3291752630448,326
1268.691677842686,327
35.81330099601698,328
0.0,329
1971.2994697426477,330
8.194003586318155,331
70.94578043513827,332
0.0,333
0.0,334
1754.2832541246541,335
0.0,336
0.0,337
1633.069377416327,338
1396.7041783303675,339
294.50887859153755,340
836.3455696618711,341
0.0,342
0.0,343
1157.7841423904792,344
6.37371509304615,345
504.987890317087,346
418.7850858423316,347
0.0,348
0.0,349
1083.427998231292,350
0.0,351
0.0,352
0.0,353
0.0,354
0.0,355
1155.6890469869277,356
0.0,357
0.0,358
0.0,359
0.0,360
0.0,361
0.0,362
0.0,363
0.0,364
0.0,365
793.0481660547632,366
0.0,367
540.8403899237112,368
2100.6038256045226,369
0.0,370
2510.153876535128,371
0.0,372
15134.749803153474,373
467.88417874268964,374
1924.3749799596528,375
199.91370584923484,376
870.1695336568961,377
2.4885576650401444,378
0.0,379
1381.1101587842086,380
1917.3213208281413,381
0.0,382
0.0,383
2057.70846175977,384
257.5552618769687,385
1203.3781532102953,386
0.0,387
1316.0979132689263,388
0.0,389
0.0,390
2041.490898248629,391
0.0,392
0.0,393
1481.3106284500925,394
0.0,395
417.67476129211553,396
0.0,397
0.0,398
745.7499825117818,399
0.0,400
0.0,401
1023.9379547442643,402
2012.3016537054277,403
0.0,404
0.0,405
0.0,406
0.0,407
511.0283469184076,408
37.89714363610775,409
453.9683900389194,410
56.52448208883972,411
0.0,412
0.0,413
0.0,414
906.7749344038075,415
235.65507937221258,416
79.25910291021562,417
1113.1306609062003,418
2070.276443192831,419
2895.3091716743243,420
2957.290241762406,421
2107.534010172264,422
2188.327328080589,423
1652.3278482794567,424
3797.631943051001,425
5778.595971629279,426
3637.411350438919,427
2701.1527759103496,428
5562.692876303576,429
1673.2736973245283,430
6553.193455210918,431
2614.4126770886855,432
947.2802958300252,433
2327.645611681306,434
4943.412611943101,435
1743.501145965615,436
1296.2855131919778,437
687.3514476971294,438
0.0,439
7919.507376102366,440
7675.112667597818,441
7938.243971342962,442
3133.6037992087763,443
0.0,444
5658.177317219343,445
631.3454838161567,446
8203.025764707345,447
7828.974564189371,448
5428.105174625207,449
0.0,450
8126.501587732224,451
8242.546196844687,452
8352.3546275425,453
8349.997475428596,454
8202.964143173851,455
7394.31651218617,456
5415.772342156739,457
7493.097266772942,458
6525.451058480782,459
8915.130885700224,460
9197.356361526074,461
8484.862094381064,462
8465.852317490855,463
5939.7577492939545,464
8066.553193253999,465
2236.4500402724157,466
7443.84493864575,467
7479.289857780939,468
4888.227420245169,469
7934.550841202901,470
0.0,471
7745.088162955169,472
0.0,473
0.0,474
0.0,475
7575.314184220061,476
0.0,477
8170.204045877729,478
5677.536677496981,479
7164.93138920693,480
5553.086606120095,481
0.0,482
5629.272036723275,483
6404.171637524323,484
0.0,485
28.307595064140934,486
6261.102134667416,487
0.0,488
1925.5020059777153,489
4344.762366168213,490
886.5117114938148,491
4603.808669764795,492
3859.011082510862,493
4038.207016228379,494
3831.8041726652773,495
3924.614617969044,496
4884.658886438754,497
4274.684183603717,498
6579.729227483902,499
3807.721698459779,500
2147.3347744552525,501
2334.435167210364,502
2607.423187053656,503
3116.2327128260085,504
0.0,505
0.0,506
0.0,507
300.5071392851618,508
0.0,509
1613.6317369835235,510
464.80343233127144,511
880.8916964459635,512
0.0,513
0.0,514
2478.689308904149,515
1152.5464651162858,516
546.8040362723254,517
0.0,518
2662.5348696424026,519
1920.6264866216395,520
0.0,521
0.0,522
0.0,523
2197.3250048443165,524
0.0,525
953.6948602691931,526
0.0,527
1619.366613232143,528
361.0476921556146,529
290.59602622122503,530
0.0,531
1443.4564930431884,532
0.0,533
790.8211939804423,534
1020.8842803010485,535
0.0,536
1106.950763982631,537
1248.6443518702074,538
1719.8462855098983,539
1439.9946397424012,540
2105.57141992419,541
2298.503728583918,542
0.0,543
2427.1585755303886,544
322.5253208380978,545
3849.407916822031,546
4229.734159759765,547
4322.984020391295,548
3160.4715895626655,549
0.0,550
1127.093059738536,551
2754.122402579774,552
0.0,553
2329.491751953548,554
3374.722674593742,555
449.2970727641725,556
5143.480178468902,557
3547.1570092425354,558
1088.3848743911487,559
3451.4362305349687,560
54.183606581570686,561
2074.3501936748603,562
59.344388290284584,563
0.0,564
1329.0277301761475,565
0.0,566
0.0,567
1022.002753286882,568
0.0,569
2483.7131419282923,570
1626.6265619417377,571
0.0,572
0.0,573
2515.6729162855127,574
0.0,575
6887.578049536084,576
0.0,577
0.0,578
1236.1037431675968,579
775.184413786289,580
0.0,581
187.83883368785925,582
0.0,583
0.0,584
0.0,585
0.0,586
0.0,587
6590.653249469496,588
1604.9165551599165,589
192.5872909529384,590
3002.2173772627802,591
13.798229600638857,592
0.0,593
4433.537514291766,594
0.0,595
0.0,596
333.98656580462415,597
3632.0671721551553,598
0.0,599
0.0,600
0.0,601
4260.711316481537,602
5349.2076523326,603
0.0,604
6.721927329602208,605
0.0,606
824.9381855164485,607
0.0,608
0.0,609
1990.0357142280016,610
0.0,611
0.0,612
0.0,613
0.0,614
0.0,615
0.0,616
1200.3781469662001,617
0.0,618
4003.6050021455558,619
0.0,620
4997.111543072458,621
0.0,622
0.0,623
0.0,624
4779.343934323505,625
0.0,626
0.0,627
6713.765153597604,628
0.0,629
8167.749413321348,630
3020.171405051815,631
0.0,632
0.0,633
0.0,634
0.0,635
144.03665061442706,636
246.72619313313135,637
3166.4958226539934,638
4779.689017288039,639
0.0,640
4916.8266196360255,641
0.0,642
4755.043869692407,643
0.0,644
1795.6181188263536,645
3712.7580256954197,646
0.0,647
1956.1158635468105,648
0.0,649
3451.2226492321147,650
9982.063881645943,651
0.0,652
0.0,653
8446.246303641637,654
0.0,655
1942.912991388175,656
5360.513226181908,657
1814.436163616689,658
1001.8397158773843,659
0.0,660
0.0,661
0.0,662
18.662123153791246,663
0.0,664
2730.7163262464023,665
636.8657310603992,666
0.0,667
0.0,668
5247.573792103545,669
2037.993188910988,670
1996.960447783507,671
0.0,672
0.0,673
0.0,674
0.0,675
0.0,676
4655.193764351809,677
371.6697483981674,678
433.68903912690774,679
0.0,680
0.0,681
1740.1948956356568,682
0.0,683
0.0,684
5294.171738908816,685
3079.4592578843835,686
1940.9449551710868,687
0.0,688
0.0,689
156.040540691346,690
698.5489426830785,691
0.0,692
2303.1055837369363,693
0.0,694
4916.22314631912,695
8625.053607832997,696
0.0,697
0.0,698
385.06271460226645,699
0.0,700
0.0,701
0.0,702
0.0,703
0.0,704
0.0,705
0.0,706
0.0,707
0.0,708
811.3507154811335,709
0.0,710
0.0,711
216.1626773094891,712
2875.6613953600845,713
2531.5538326518113,714
0.0,715
2769.5234773391767,716
2855.716167198462,717
2928.8938035612664,718
2617.3638933666202,719
0.0,720
2452.7841682218736,721
3726.849462293485,722
0.0,723
1705.0842660478004,724
3290.6423113742558,725
2548.9480861513857,726
842.8390667735414,727
0.0,728
1504.768416149002,729
7629.665477171104,730
1098.1527774810797,731
3275.4074611432297,732
4301.184790692196,733
3380.494938716718,734
4943.019788416224,735
1266.696320534372,736
1283.9884081290734,737
0.0,738
510.9298719840374,739
1848.1516178998227,740
2599.354462137847,741
1120.26114277324,742
0.0,743
1375.8339826724534,744
895.347627729033,745
1160.6657881166263,746
2015.564540123024,747
0.0,748
106.2535281103089,749
503.2455196860176,750
646.9135962039527,751
2365.3014361286328,752
5748.422263489657,753
2625.9211105861154,754
2097.7823655888324,755
53.4222571559386,756
0.0,757
0.0,758
0.0,759
2399.615453006945,760
0.0,761
1913.408032488559,762
1202.2098926329234,763
0.0,764
0.0,765
2191.9410613651044,766
1643.636870742534,767
0.0,768
1395.160256534995,769
2292.653390495169,770
26.461012370723193,771
1283.8384028951352,772
2002.0690605212899,773
536.8566295451725,774
0.0,775
0.0,776
0.0,777
0.0,778
431.0913869644038,779
0.0,780
163.48359405096994,781
4290.520716420742,782
0.0,783
3141.5626701574806,784
4101.033110716296,785
44.052261887870955,786
0.0,787
0.0,788
117.91056502679868,789
0.0,790
0.0,791
0.0,792
1472.1749606356325,793
2108.6580162950436,794
562.5894209847181,795
403.24500001832763,796
222.22422054224708,797
0.0,798
10.617568401842425,799
1533.0793472810867,800
0.0,801
3047.7630351553908,802
1045.103557906157,803
0.0,804
602.0843167971116,805
0.0,806
851.1862364955304,807
1356.495720303325,808
0.0,809
2750.650221420163,810
2991.1767367894263,811
3184.325388297423,812
4679.517016505738,813
4298.883006194801,814
4594.77644254876,815
2850.8870458662045,816
2761.8699229042286,817
1193.417141790991,818
2554.491018310776,819
501.89970450596917,820
3194.876415813062,821
0.0,822
0.0,823
3010.948269225696,824
1132.0251751548922,825
0.0,826
0.0,827
0.0,828
0.0,829
0.0,830
0.0,831
0.0,832
0.0,833
0.0,834
0.0,835
17557.42897149489,836
0.0,837
0.0,838
0.0,839
0.0,840
0.0,841
0.0,842
0.0,843
0.0,844
0.0,845
0.0,846
0.0,847
0.0,848
0.0,849
0.0,850
0.0,851
2881.854135835444,852
1651.5851731375171,853
3939.5000717499934,854
0.0,855
0.0,856
0.0,857
0.0,858
0.0,859
3669.9536499569203,860
0.0,861
0.0,862
0.0,863
0.0,864
1.8076048752229676,865
0.0,866
1381.9787508606705,867
0.0,868
0.0,869
0.0,870
3333.73734506517,871
1448.4574732980905,872
0.0,873
0.0,874
557.8804091284788,875
67.80102770638861,876
0.0,877
0.0,878
1342.1455544389692,879
1797.4912883332852,880
595.9647209372738,881
4799.033503501013,882
90.18392827305003,883
169.99178440103518,884
621.9637362628443,885
1329.8164377546655,886
903.9283656919617,887
0.0,888
523.8887952639334,889
0.0,890
1005.5110063690537,891
0.0,892
0.0,893
591.6047138065502,894
0.0,895
1175.6074530446242,896
1555.0118302552664,897
1399.7271173415236,898
0.0,899
2221.317486672185,900
1441.8014824361599,901
1937.6001062622108,902
1701.452055996617,903
673.6630471672139,904
0.0,905
0.0,906
376.82811358592375,907
264.64317649125314,908
2534.117229241152,909
0.0,910
0.0,911
113.82159916727072,912
2928.1451630998577,913
0.0,914
0.0,915
1995.7653943712214,916
6315.323936544285,917
1120.7715364350022,918
405.25960159735405,919
1705.7050341710326,920
251.42415452996823,921
92.65483680127058,922
131.4927286058382,923
2051.6602246599628,924
1900.7903795068123,925
0.0,926
3197.3551464359352,927
0.0,928
0.0,929
2986.552737858783,930
2933.8011829589514,931
0.0,932
0.0,933
0.0,934
0.0,935
0.0,936
0.0,937
0.0,938
0.0,939
3349.4034403393484,940
0.0,941
0.0,942
0.0,943
0.0,944
0.0,945
0.0,946
0.0,947
3310.1944989816866,948
3234.184272007607,949
1223.0129341765337,950
0.0,951
0.0,952
1210.1053566427506,953
4004.2280539743706,954
220.44473809260427,955
396.3264746456714,956
2147.585682417411,957
0.0,958
2219.7959859113316,959
0.0,960
0.0,961
0.0,962
0.0,963
0.0,964
0.0,965
0.0,966
0.0,967
0.0,968
0.0,969
0.0,970
0.0,971
0.0,972
0.0,973
0.0,974
0.0,975
0.0,976
0.0,977
2371.7604212500537,978
153.5711381247134,979
0.0,980
0.0,981
0.0,982
0.0,983
3235.429024113706,984
0.0,985
0.0,986
0.0,987
1864.2560129354458,988
0.0,989
0.0,990
0.0,991
160.9586118493871,992
2376.1314931176416,993
0.0,994
1366.2812500272942,995
1453.8215264351168,996
0.0,997
1465.6102056125837,998
3.8525058389673035,999
1574.4256770004074,1000
0.0,1001
2982.192162608708,1002
0.0,1003
1384.185998206592,1004
9013.344976176328,1005
2711.522360178921,1006
0.0,1007
5199.1489923919435,1008
872.6087734359965,1009
1126.1348855941187,1010
0.0,1011
1021.9805897219682,1012
876.7056128393422,1013
0.0,1014
815.5572439223163,1015
231.2724901131476,1016
1103.1475331573808,1017
0.0,1018
212.6373540645527,1019
578.5814636603984,1020
515.2824215871238,1021
0.0,1022
263.2815860801519,1023
0.0,1024
0.0,1025
474.76005099209584,1026
604.0336332769893,1027
654.251878168409,1028
532.5890683873072,1029
294.0795316021577,1030
5174.146362379636,1031
714.0776051796627,1032
0.0,1033
0.0,1034
122.59450925878242,1035
961.0248955528006,1036
0.0,1037
0.0,1038
2521.706928345035,1039
135.40953582182163,1040
0.0,1041
0.0,1042
1918.2608641352585,1043
0.0,1044
986.7541858001063,1045
584.4997303424888,1046
0.0,1047
0.0,1048
0.0,1049
0.0,1050
2436.9973740920273,1051
1257.8704671546993,1052
2191.5171494841366,1053
2493.749998292255,1054
5016.379868538641,1055
1904.0347712123087,1056
0.0,1057
7940.528168043597,1058
0.0,1059
813.5537087163153,1060
2466.318036853062,1061
757.9377248882759,1062
0.0,1063
805.9252895959115,1064
659.3262621940515,1065
6341.439560856216,1066
398.25359619194427,1067
292.0514305335891,1068
222.70159355519684,1069
169.1861155072174,1070
123.3948339251043,1071
84.53495434565531,1072
53.91346224653952,1073
0.0,1074
0.0,1075
0.0,1076
0.0,1077
6250.353072053631,1078
3039.3732372354384,1079
7421.759224777529,1080
0.0,1081
0.0,1082
0.0,1083
0.0,1084
0.0,1085
2931.265827797569,1086
0.0,1087
1217.39225275585,1088
0.0,1089
0.0,1090
170.66634307629866,1091
0.0,1092
0.0,1093
3122.563156806039,1094
1032.3184906199901,1095
0.0,1096
0.0,1097
0.0,1098
0.0,1099
11076.2095497843,1100
0.0,1101
1719.1080109724676,1102
0.0,1103
0.0,1104
0.0,1105
0.0,1106
0.0,1107
114.2542670847498,1108
0.0,1109
0.0,1110
0.0,1111
0.0,1112
0.0,1113
1301.746401355891,1114
0.0,1115
0.0,1116
0.0,1117
0.0,1118
0.0,1119
2917.5523702874248,1120
0.0,1121
0.0,1122
0.0,1123
0.0,1124
0.0,1125
0.0,1126
0.0,1127
0.0,1128
0.0,1129
0.0,1130
0.0,1131
0.0,1132
0.0,1133
0.0,1134
0.0,1135
0.0,1136
0.0,1137
0.0,1138
0.0,1139
0.0,1140
0.0,1141
0.0,1142
0.0,1143
0.0,1144
0.0,1145
4370.481336417525,1146
1765.9830033404905,1147
1809.5599526818169,1148
7153.682784402125,1149
0.0,1150
0.0,1151
0.0,1152
2897.2584214590215,1153
0.0,1154
0.0,1155
0.0,1156
3172.4699146937987,1157
0.0,1158
0.0,1159
3291.225184526588,1160
0.0,1161
0.0,1162
3335.435670816936,1163
0.0,1164
7073.4716785270175,1165
1716.3383671401402,1166
0.0,1167
0.0,1168
0.0,1169
0.0,1170
69.04345005937054,1171
0.0,1172
13.559637205221993,1173
3302.3131696223422,1174
0.0,1175
0.0,1176
5240.681936107674,1177
192.0708544279725,1178
0.0,1179
3089.376476619174,1180
238.78727211679248,1181
1555.5818538573237,1182
4309.368730801359,1183
1555.9718276200456,1184
0.0,1185
1586.9989189825196,1186
0.0,1187
3104.905240807287,1188
1605.2512369959,1189
0.0,1190
0.0,1191
3216.843686654521,1192
1769.1352244310024,1193
0.0,1194
970.5355658853107,1195
205.06034662319394,1196
1780.6237898604004,1197
1080.6924136238886,1198
2126.684111625808,1199
0.0,1200
1058.4669101076208,1201
539.5272203876092,1202
0.0,1203
0.0,1204
1010.3616067853336,1205
2287.938092709273,1206
348.05643990419753,1207
170.23237002401308,1208
0.0,1209
118.28421313771042,1210
60.83830986464982,1211
133.6534618429393,1212
0.0,1213
0.0,1214
3113.624811644475,1215
823.9120466902291,1216
817.4364706947609,1217
103.26892152116112,1218
0.0,1219
1.7039475023621793,1220
0.0,1221
828.1675763706913,1222
0.0,1223
0.0,1224
0.0,1225
833.1654274852875,1226
0.0,1227
824.2863832976958,1228
0.9247991223032348,1229
794.7264577039575,1230
0.0,1231
0.0,1232
0.0,1233
0.0,1234
68.2628236285651,1235
2510.9767212229726,1236
557.2880881198805,1237
2308.59662703407,1238
0.0,1239
0.0,1240
2148.1637471389727,1241
1054.0713588399558,1242
0.0,1243
0.0,1244
591.2515822850597,1245
0.0,1246
830.6632980888191,1247
0.0,1248
0.0,1249
0.0,1250
0.0,1251
593.8746997775623,1252
375.71222853744626,1253
0.0,1254
79.20880287658852,1255
0.0,1256
1512.8240408641234,1257
2915.2362921796325,1258
238.40770525247208,1259
178.92443522141764,1260
127.81744540723102,1261
1329.1587119663732,1262
0.0,1263
0.0,1264
38.39291469120517,1265
0.0,1266
0.0,1267
0.0,1268
1484.869409808335,1269
4313.309054176347,1270
335.05962078323483,1271
0.0,1272
258.7467036153908,1273
1717.6513855291978,1274
1591.7674346209897,1275
1072.3001083692109,1276
0.0,1277
6080.382867123091,1278
191.35028845249496,1279
1061.2820390334525,1280
1045.8893674544966,1281
99.74352099339205,1282
47.78062225100886,1283
20.486473654394132,1284
0.0,1285
9.452110852246337,1286
1068.093375756155,1287
0.0,1288
1107.4175821118763,1289
10.669580795088322,1290
774.0734721353464,1291
55.80677288169397,1292
1124.7774326993922,1293
1083.6920685223984,1294
1168.0859896104128,1295
14.450033069190921,1296
702.2694354311014,1297
0.0,1298
4965.873550856453,1299
2754.097128241144,1300
1459.2531359368475,1301
0.0,1302
0.0,1303
283.32738026940785,1304
0.0,1305
502.39886820761046,1306
743.7786530840341,1307
961.2622976430072,1308
1117.9150629900976,1309
1195.6232805053335,1310
0.0,1311
1195.1723352123959,1312
1130.4856672646595,1313
1021.4807800284209,1314
782.2576639726344,1315
0.0,1316
686.3545452494861,1317
594.785882991488,1318
0.0,1319
0.0,1320
0.0,1321
0.0,1322
0.0,1323
3022.395193785456,1324
355.0663590904566,1325
0.0,1326
305.83645196343343,1327
4043.8726386787457,1328
409.90759737460365,1329
2965.290672093231,1330
318.6240057981888,1331
0.0,1332
0.0,1333
0.0,1334
0.0,1335
0.0,1336
235.36107427475324,1337
0.0,1338
0.0,1339
0.0,1340
0.0,1341
0.0,1342
165.2595347286314,1343
0.0,1344
3291.668294163854,1345
0.0,1346
0.0,1347
3087.5575706003706,1348
2880.2660459098784,1349
2489.5496242050217,1350
2485.202591706954,1351
2269.598449873597,1352
2052.4014620717358,1353
0.0,1354
1930.5403878996037,1355
1332.600666787443,1356
1370.7792046982076,1357
1177.7479041459806,1358
0.0,1359
983.5282018983255,1360
804.5063491329362,1361
1592.4005403061456,1362
0.0,1363
650.3345140495665,1364
600.0568660551536,1365
0.0,1366
272.01214184078873,1367
171.19779240068937,1368
0.0,1369
0.0,1370
96.44830020480919,1371
48.74176236443019,1372
22.266592361991233,1373
0.0,1374
9.281615201884408,1375
0.0,1376
128.7443859469897,1377
146.55164547246085,1378
176.75305909204613,1379
443.15203774764484,1380
0.0,1381
535.7140643475541,1382
214.0787547291739,1383
5969.232240624143,1384
401.18987060330903,1385
13577.323170291855,1386
36968.897594287955,1387
0.0,1388
0.0,1389
0.0,1390
0.0,1391
344.2967656211993,1392
6182.852612843695,1393
0.0,1394
0.0,1395
0.0,1396
0.0,1397
0.0,1398
0.0,1399
0.0,1400
0.0,1401
0.0,1402
0.0,1403
0.0,1404
0.0,1405
0.0,1406
460.23271734430404,1407
0.0,1408
0.0,1409
0.0,1410
0.0,1411
0.0,1412
0.0,1413
370.5781859003863,1414
311.56615779674524,1415
0.0,1416
0.0,1417
936.7852408532273,1418
0.0,1419
0.0,1420
0.0,1421
0.0,1422
0.0,1423
0.0,1424
0.0,1425
0.0,1426
0.0,1427
0.0,1428
0.0,1429
0.0,1430
0.0,1431
0.0,1432
0.0,1433
0.0,1434
0.0,1435
0.0,1436
0.0,1437
0.0,1438
0.0,1439
0.0,1440
0.0,1441
0.0,1442
0.0,1443
0.0,1444
0.0,1445
0.0,1446
0.0,1447
0.0,1448
0.0,1449
0.0,1450
0.0,1451
0.0,1452
0.0,1453
7487.23887345113,1454
0.0,1455
0.0,1456
1903.6302803611202,1457
0.0,1458
0.0,1459
0.0,1460
0.0,1461
0.0,1462
0.0,1463
0.0,1464
0.0,1465
0.0,1466
0.0,1467
0.0,1468
0.0,1469
0.0,1470
0.0,1471
0.0,1472
0.0,1473
0.0,1474
0.0,1475
0.0,1476
0.0,1477
0.0,1478
2414.6997131081353,1479
0.0,1480
459.8831117728363,1481
0.0,1482
0.0,1483
0.0,1484
0.0,1485
0.0,1486
0.0,1487
0.0,1488
0.0,1489
0.0,1490
0.0,1491
0.0,1492
0.0,1493
0.0,1494
0.0,1495
0.0,1496
0.0,1497
3239.8554154205754,1498
0.0,1499
121.66772350306748,1500
0.0,1501
0.0,1502
0.0,1503
0.0,1504
0.0,1505
0.0,1506
0.0,1507
0.0,1508
0.0,1509
0.0,1510
0.0,1511
0.0,1512
0.0,1513
0.0,1514
704.6262961049042,1515
0.0,1516
0.0,1517
12132.07349582969,1518
1300.4070856819433,1519
0.0,1520
0.0,1521
0.0,1522
0.0,1523
6461.603632302394,1524
5661.416388037077,1525
0.0,1526
0.0,1527
0.0,1528
0.0,1529
0.0,1530
0.0,1531
0.0,1532
0.0,1533
7213.292000222514,1534
0.0,1535
0.0,1536
0.0,1537
0.0,1538
0.0,1539
0.0,1540
0.0,1541
0.0,1542
1155.9640629235469,1543
0.0,1544
0.0,1545
0.0,1546
2698.1101905431883,1547
0.0,1548
0.0,1549
0.0,1550
1591.5472194031643,1551
0.0,1552
0.0,1553
0.0,1554
0.0,1555
0.0,1556
0.0,1557
0.0,1558
0.0,1559
0.0,1560
0.0,1561
0.0,1562
0.0,1563
0.0,1564
0.0,1565
0.0,1566
0.0,1567
0.0,1568
1993.5657253532277,1569
0.0,1570
0.0,1571
0.0,1572
0.0,1573
0.0,1574
0.0,1575
0.0,1576
0.0,1577
0.0,1578
9659.756532350792,1579
0.0,1580
6633.8993798332485,1581
0.0,1582
0.0,1583
0.0,1584
0.0,1585
0.0,1586
0.0,1587
6654.380031336365,1588
0.0,1589
221.65187508306767,1590
91.9881408721898,1591
337.2338158557303,1592
945.4681444792876,1593
375.6662700881742,1594
407.78516498749667,1595
0.0,1596
0.0,1597
0.0,1598
0.0,1599
0.0,1600
0.0,1601
0.0,1602
0.0,1603
0.0,1604
0.0,1605
0.0,1606
0.0,1607
0.0,1608
0.0,1609
0.0,1610
0.0,1611
183.95595372684443,1612
0.0,1613
0.0,1614
56.43445503854003,1615
0.0,1616
0.0,1617
0.0,1618
0.0,1619
0.0,1620
254.58285290023963,1621
0.0,1622
0.0,1623
0.0,1624
0.0,1625
0.0,1626
0.0,1627
570.6362493710661,1628
0.0,1629
0.0,1630
0.0,1631
0.0,1632
0.0,1633
0.0,1634
0.0,1635
366.61916818892945,1636
155.51150153586536,1637
0.0,1638
177.0747335911242,1639
0.0,1640
208.962681494337,1641
0.0,1642
0.0,1643
0.0,1644
0.0,1645
0.0,1646
0.0,1647
0.0,1648
6864.865690642966,1649
0.0,1650
162.0383044804689,1651
35.4764019693512,1652
0.0,1653
0.0,1654
0.0,1655
0.0,1656
0.0,1657
0.0,1658
0.0,1659
0.0,1660
0.0,1661
2008.7451877755113,1662
0.0,1663
0.0,1664
0.0,1665
0.0,1666
0.0,1667
0.0,1668
0.0,1669
0.0,1670
0.0,1671
0.0,1672
324.80845353121697,1673
0.0,1674
752.222740091547,1675
108.62306590955436,1676
0.0,1677
0.0,1678
993.7275322305973,1679
0.0,1680
0.0,1681
0.0,1682
0.0,1683
0.0,1684
0.0,1685
0.0,1686
0.0,1687
0.0,1688
6810.017178854114,1689
2191.488438648652,1690
2330.4774738468477,1691
0.0,1692
576.2576314138774,1693
1208.3923986017235,1694
0.0,1695
0.0,1696
0.0,1697
0.0,1698
4625.279470275265,1699
0.0,1700
0.0,1701
0.0,1702
0.0,1703
0.0,1704
0.0,1705
0.0,1706
0.0,1707
0.0,1708
344.7908274755195,1709
2605.106938679671,1710
0.0,1711
370.6813356967677,1712
0.0,1713
0.0,1714
0.0,1715
0.0,1716
0.0,1717
167.34109390157363,1718
208.28018121088914,1719
0.0,1720
0.0,1721
0.0,1722
0.0,1723
0.0,1724
0.0,1725
0.0,1726
0.0,1727
0.0,1728
336.3537326311856,1729
172.48564621498628,1730
0.0,1731
3639.8940325262047,1732
0.0,1733
450.2400509404503,1734
0.0,1735
1809.9602284671325,1736
462.5198775617172,1737
494.3677804950913,1738
538.9321131717774,1739
2125.213667379,1740
0.0,1741
1085.7690877378418,1742
1011.1549238404157,1743
0.0,1744
0.0,1745
0.0,1746
583.5947361881543,1747
0.0,1748
0.0,1749
0.0,1750
0.0,1751
2306.363611780702,1752
2330.093012493056,1753
0.0,1754
0.0,1755
0.0,1756
867.8535488620475,1757
2642.186059512191,1758
816.9044036169898,1759
298.1465388875771,1760
2633.8297717302066,1761
2483.825969444915,1762
0.0,1763
0.0,1764
0.0,1765
0.0,1766
2201.6318201481567,1767
2008.0948382403033,1768
0.0,1769
0.0,1770
0.0,1771
0.0,1772
365.0578634219032,1773
0.0,1774
0.0,1775
1832.7430047151424,1776
0.0,1777
356.36986008504607,1778
0.0,1779
1512.8722095018986,1780
0.0,1781
340.3011228770127,1782
0.0,1783
102.7217143324195,1784
0.0,1785
0.0,1786
0.0,1787
0.0,1788
0.0,1789
0.0,1790
0.0,1791
996.3961893936272,1792
221.2376182666428,1793
360.9344543717917,1794
520.4924553445087,1795
0.0,1796
0.0,1797
0.0,1798
0.0,1799
64.02806772236455,1800
0.0,1801
0.0,1802
0.0,1803
0.0,1804
0.0,1805
0.0,1806
0.0,1807
0.0,1808
0.0,1809
0.0,1810
0.0,1811
0.0,1812
0.0,1813
0.0,1814
0.0,1815
373.3972638076627,1816
0.0,1817
0.0,1818
0.0,1819
0.0,1820
0.0,1821
0.0,1822
0.0,1823
0.0,1824
5.527889323147587,1825
0.0,1826
0.0,1827
12.98039430689343,1828
0.0,1829
0.0,1830
0.0,1831
0.0,1832
0.0,1833
0.0,1834
0.0,1835
0.0,1836
0.0,1837
0.0,1838
0.0,1839
0.0,1840
0.0,1841
0.0,1842
0.0,1843
0.0,1844
0.0,1845
0.0,1846
0.0,1847
0.0,1848
0.0,1849
0.0,1850
851.2148648634341,1851
0.0,1852
0.0,1853
0.0,1854
0.0,1855
0.0,1856
0.0,1857
0.0,1858
0.0,1859
0.0,1860
0.0,1861
0.0,1862
0.0,1863
870.6042095537034,1864
0.0,1865
0.0,1866
0.0,1867
0.0,1868
0.0,1869
0.0,1870
0.0,1871
0.0,1872
1716.2471691456465,1873
0.0,1874
0.0,1875
125.13316600958895,1876
0.0,1877
0.0,1878
0.0,1879
35.180550859909815,1880
0.0,1881
0.0,1882
0.0,1883
0.0,1884
0.0,1885
0.0,1886
2530.487716546902,1887
0.0,1888
0.0,1889
0.0,1890
0.0,1891
3361.658273088912,1892
0.0,1893
0.0,1894
0.0,1895
0.0,1896
0.0,1897
0.0,1898
2579.7748647931408,1899
0.0,1900
0.0,1901
1357.8201576001666,1902
2745.0488097218076,1903
2604.6195434193187,1904
459.52706515653057,1905
2387.966595649767,1906
1044.360192584789,1907
2080.517712388633,1908
1909.7630719806662,1909
1402.6923255651473,1910
0.0,1911
0.0,1912
0.0,1913
0.0,1914
789.2359521920806,1915
0.0,1916
0.0,1917
1272.7420480791336,1918
0.0,1919
0.0,1920
0.0,1921
1546.8648773471214,1922
0.0,1923
1760.8821043921014,1924
0.0,1925
0.0,1926
1884.9054991461203,1927
0.0,1928
0.0,1929
0.0,1930
0.0,1931
0.0,1932
0.0,1933
5985.687732685019,1934
0.0,1935
0.0,1936
0.0,1937
0.0,1938
0.0,1939
2749.0372831237287,1940
2240.804000528918,1941
0.0,1942
0.0,1943
0.0,1944
3602.864616096452,1945
0.0,1946
0.0,1947
0.0,1948
0.0,1949
0.0,1950
0.0,1951
0.0,1952
0.0,1953
84.97693149104202,1954
0.0,1955
0.0,1956
0.0,1957
0.0,1958
0.0,1959
0.0,1960
0.0,1961
0.0,1962
2387.5121819599217,1963
0.0,1964
0.0,1965
9.204376413076346,1966
0.0,1967
0.0,1968
118.66721075853252,1969
0.0,1970
0.0,1971
0.0,1972
0.0,1973
0.0,1974
0.0,1975
0.0,1976
0.0,1977
0.0,1978
220.55988338994024,1979
5482.553880461144,1980
0.0,1981
11210.100041609392,1982
0.0,1983
668.7648222745814,1984
0.0,1985
857.4917278462319,1986
0.0,1987
533.3782319020502,1988
653.986835166224,1989
0.0,1990
0.0,1991
460.76382691126565,1992
0.0,1993
0.0,1994
0.0,1995
0.0,1996
1375.8032554883077,1997
0.0,1998
0.0,1999
1096.3350525787391,2000
1489.481537381483,2001
682.9342575966238,2002
497.32633341551923,2003
338.55922656138813,2004
211.33986638193414,2005
120.15995367066199,2006
311.4874402182459,2007
90.33917690006601,2008
118.48439662685645,2009
194.98402790198443,2010
0.0,2011
0.0,2012
0.0,2013
0.0,2014
0.0,2015
0.0,2016
0.0,2017
0.0,2018
0.0,2019
0.0,2020
0.0,2021
285.0659313013396,2022
39.018193644863636,2023
2458.071887091671,2024
0.0,2025
0.0,2026
0.0,2027
0.0,2028
0.0,2029
0.0,2030
0.0,2031
0.0,2032
0.0,2033
0.0,2034
0.0,2035
0.0,2036
0.0,2037
0.0,2038
0.0,2039
0.0,2040
0.0,2041
0.0,2042
0.0,2043
5.424570744092059,2044
0.0,2045
0.0,2046
119.20247352963084,2047
0.0,2048
0.0,2049
0.0,2050
0.0,2051
0.0,2052
462.9339577265398,2053
0.0,2054
490.5186984635559,2055
0.0,2056
746.8126952587579,2057
2720.2091799660675,2058
0.0,2059
0.0,2060
0.0,2061
1539.949346829387,2062
0.0,2063
0.0,2064
0.0,2065
0.0,2066
0.0,2067
0.0,2068
0.0,2069
2561.2496274334007,2070
6.760934227510786,2071
830.4390610886433,2072
0.0,2073
0.0,2074
0.0,2075
0.0,2076
0.0,2077
0.0,2078
0.0,2079
0.0,2080
0.0,2081
0.0,2082
0.0,2083
0.0,2084
0.0,2085
0.0,2086
0.0,2087
0.0,2088
0.0,2089
0.0,2090
0.0,2091
0.0,2092
0.0,2093
0.0,2094
0.0,2095
0.0,2096
0.0,2097
0.0,2098
0.0,2099
0.0,2100
0.0,2101
0.0,2102
0.0,2103
0.0,2104
0.0,2105
0.0,2106
0.0,2107
0.0,2108
0.0,2109
0.0,2110
0.0,2111
0.0,2112
0.0,2113
0.0,2114
239.31999253625523,2115
0.0,2116
0.0,2117
0.0,2118
0.0,2119
0.0,2120
0.0,2121
860.9657434207933,2122
3820.7323287491167,2123
980.3125750005789,2124
0.0,2125
335.13684423910587,2126
0.0,2127
2626.724869734582,2128
0.0,2129
0.0,2130
0.0,2131
376.50288597845963,2132
0.0,2133
0.0,2134
0.0,2135
0.0,2136
129.14765315759323,2137
2658.879493500365,2138
0.0,2139
0.0,2140
0.0,2141
0.0,2142
0.0,2143
0.0,2144
0.0,2145
0.0,2146
780.4857045094113,2147
0.0,2148
0.0,2149
0.0,2150
0.0,2151
0.0,2152
0.0,2153
0.0,2154
0.0,2155
0.0,2156
0.0,2157
89.64963196743561,2158
0.0,2159
0.0,2160
0.0,2161
0.0,2162
0.0,2163
0.0,2164
0.0,2165
0.0,2166
731.5603378624868,2167
0.0,2168
0.0,2169
1161.6091924609748,2170
1772.1376389896486,2171
2252.8029228867313,2172
1933.3334224955684,2173
0.0,2174
0.0,2175
0.0,2176
0.0,2177
0.0,2178
0.0,2179
0.0,2180
4287.9609382418275,2181
0.0,2182
1479.4656330532814,2183
5379.144808172796,2184
0.0,2185
0.0,2186
0.0,2187
0.0,2188
0.0,2189
1137.2814063399142,2190
4243.6943592002435,2191
75.01357850765108,2192
142.32559612881934,2193
0.0,2194
2562.364248959709,2195
1307.285783113597,2196
3979.786481419701,2197
0.0,2198
0.0,2199
0.0,2200
0.0,2201
0.0,2202
0.0,2203
2341.162690906754,2204
0.0,2205
3899.3660630677614,2206
3942.871648130947,2207
0.0,2208
0.0,2209
0.0,2210
0.0,2211
0.0,2212
0.0,2213
0.0,2214
3294.9855876295806,2215
709.512362885812,2216
0.0,2217
3043.2964177966464,2218
3523.6048505394433,2219
2677.6361964239127,2220
3675.4354441293985,2221
1274.3852315394981,2222
0.0,2223
3174.080270856497,2224
0.0,2225
3033.6978215448585,2226
0.0,2227
0.0,2228
1195.7714672846166,2229
0.0,2230
0.0,2231
0.0,2232
0.0,2233
1979.4788620297968,2234
1481.1241963563955,2235
2323.685664717987,2236
0.0,2237
0.0,2238
0.0,2239
0.0,2240
0.0,2241
1225.691931545108,2242
0.0,2243
2624.7343924516567,2244
0.0,2245
0.0,2246
1433.0723257893837,2247
633.3056001549303,2248
0.0,2249
0.0,2250
0.0,2251
732.2184286638404,2252
0.0,2253
0.0,2254
0.0,2255
0.0,2256
0.0,2257
0.0,2258
646.1185156839873,2259
1119.3780694100099,2260
1522.2614454655807,2261
0.0,2262
0.0,2263
0.0,2264
0.0,2265
0.0,2266
0.0,2267
2495.517059812491,2268
0.0,2269
0.0,2270
0.0,2271
74.26047808308412,2272
26.441515211700633,2273
393.55982132492045,2274
0.0,2275
1149.3736193708935,2276
511.4965601332006,2277
781.463167498287,2278
368.43959422830164,2279
0.0,2280
0.0,2281
0.0,2282
0.0,2283
146.8697771562818,2284
57.551425248479084,2285
17.445848072153616,2286
0.0,2287
548.2316209837255,2288
0.0,2289
0.0,2290
4784.882532676736,2291
0.0,2292
0.0,2293
0.0,2294
0.0,2295
311.93550656599746,2296
0.0,2297
0.0,2298
0.0,2299
0.0,2300
87.72782501325666,2301
2005.471788117843,2302
2069.8884856454365,2303
225.68515576103482,2304
261.7162703587397,2305
17.48630229465939,2306
2.7607137972672917,2307
0.0,2308
0.36636485523683554,2309
36122.80820334735,2310
0.0,2311
0.0,2312
0.0,2313
0.0,2314
1.2186918227296428,2315
0.0,2316
0.0,2317
0.0,2318
0.0,2319
0.0,2320
0.0,2321
0.0,2322
0.0,2323
1282.683852254844,2324
0.0,2325
0.0,2326
0.0,2327
0.0,2328
487.24068734023484,2329
1212.1149598969068,2330
0.0,2331
0.0,2332
4165.244198191071,2333
0.0,2334
0.0,2335
22.062646185218775,2336
0.0,2337
0.0,2338
0.0,2339
1017.5295755845116,2340
0.0,2341
0.0,2342
0.0,2343
801.5372815848621,2344
0.0,2345
0.0,2346
0.0,2347
0.0,2348
0.0,2349
0.0,2350
572.6345957623806,2351
377.0085473675799,2352
0.0,2353
0.0,2354
0.0,2355
0.0,2356
0.0,2357
0.0,2358
0.0,2359
0.0,2360
0.0,2361
0.0,2362
0.0,2363
0.0,2364
511.63604423440717,2365
0.0,2366
0.0,2367
0.0,2368
0.0,2369
0.0,2370
0.0,2371
142.67117597130928,2372
119.24004285191519,2373
0.0,2374
0.0,2375
0.0,2376
0.0,2377
0.0,2378
0.0,2379
0.0,2380
118.13998519135363,2381
71.36271909436195,2382
0.0,2383
0.0,2384
0.0,2385
0.0,2386
0.0,2387
0.0,2388
0.0,2389
567.5894839275226,2390
0.0,2391
0.0,2392
0.0,2393
134.52463550525812,2394
0.0,2395
0.0,2396
0.0,2397
0.0,2398
0.0,2399
0.0,2400
0.0,2401
0.0,2402
0.0,2403
0.0,2404
0.0,2405
0.0,2406
0.0,2407
0.0,2408
781.5819592301281,2409
910.4094918234067,2410
0.0,2411
1166.1378192631807,2412
0.0,2413
0.0,2414
1432.744223928839,2415
0.0,2416
0.0,2417
0.0,2418
0.0,2419
0.0,2420
0.0,2421
0.0,2422
0.0,2423
0.0,2424
2865.472989051155,2425
0.0,2426
0.0,2427
2107.354701265333,2428
0.0,2429
0.0,2430
3323.4321951920774,2431
0.0,2432
0.0,2433
0.0,2434
0.0,2435
366.17247015810887,2436
344.79326433889054,2437
2664.7274405748212,2438
0.0,2439
409.48085050898646,2440
554.9406038131694,2441
266.13066829853915,2442
0.0,2443
0.0,2444
249.96224150607625,2445
0.0,2446
0.0,2447
1818.5852023531586,2448
0.0,2449
0.0,2450
0.0,2451
0.0,2452
0.0,2453
2554.4826142126926,2454
2204.0255032896157,2455
0.0,2456
0.0,2457
0.0,2458
0.0,2459
0.0,2460
2335.1495911215297,2461
2499.959354268796,2462
0.0,2463
0.0,2464
0.0,2465
0.0,2466
2607.356846312298,2467
0.0,2468
0.0,2469
1231.030298280694,2470
0.0,2471
0.0,2472
0.0,2473
0.0,2474
0.0,2475
0.0,2476
2538.487499522145,2477
0.0,2478
0.0,2479
0.0,2480
199.87842959699512,2481
66.44514722334289,2482
0.0,2483
16.705867012564426,2484
3.431326205586575,2485
0.0,2486
0.0,2487
0.0,2488
0.0,2489
231.62480091490434,2490
0.0,2491
0.0,2492
0.0,2493
0.0,2494
726.5277814777434,2495
821.7805369353418,2496
0.0,2497
0.0,2498
409.4293594623661,2499
675.7368655256057,2500
0.0,2501
0.0,2502
0.0,2503
0.0,2504
194.94786015857153,2505
14481.308057876058,2506
0.0,2507
5515.98851161396,2508
0.0,2509
0.0,2510
1225.943442362948,2511
951.8967635014559,2512
0.0,2513
0.0,2514
0.0,2515
0.0,2516
816.1281488359408,2517
0.0,2518
0.0,2519
0.0,2520
0.0,2521
2824.2221088773936,2522
2957.8639102404154,2523
3017.4642124827164,2524
3044.5288394368986,2525
3452.7106338252333,2526
871.2195197357025,2527
700.8226156108204,2528
0.0,2529
3123.965678535269,2530
93.35004853026922,2531
3180.1111058425026,2532
726.8116909712908,2533
0.0,2534
0.0,2535
3157.69443346214,2536
4996.7899957051495,2537
0.0,2538
987.0529913818848,2539
0.0,2540
0.0,2541
0.0,2542
3264.711438571089,2543
0.0,2544
0.0,2545
0.0,2546
4985.422226677678,2547
638.7438475081202,2548
0.0,2549
0.0,2550
0.0,2551
0.0,2552
0.0,2553
0.0,2554
0.0,2555
740.931490692033,2556
0.0,2557
0.0,2558
0.0,2559
0.0,2560
0.0,2561
0.0,2562
0.0,2563
0.0,2564
0.0,2565
0.0,2566
0.0,2567
0.0,2568
0.0,2569
119.62833425010305,2570
0.0,2571
0.0,2572
0.0,2573
0.0,2574
0.0,2575
0.0,2576
0.0,2577
1937.2892307882148,2578
0.0,2579
1788.9118615140014,2580
1912.657622710804,2581
0.0,2582
242.38104249178485,2583
1092.319306907728,2584
0.0,2585
309.7622020815554,2586
0.0,2587
0.0,2588
0.0,2589
0.0,2590
817.0775870398846,2591
0.0,2592
0.0,2593
0.0,2594
0.0,2595
0.0,2596
0.0,2597
0.0,2598
0.0,2599
0.0,2600
0.0,2601
0.0,2602
0.0,2603
0.0,2604
0.0,2605
71.92754841055985,2606
0.0,2607
0.0,2608
0.0,2609
0.0,2610
0.0,2611
0.0,2612
1010.8495530561936,2613
299.94254209665047,2614
635.6778958989086,2615
558.1466033155994,2616
0.0,2617
4695.448960820224,2618
0.0,2619
1034.5650676099935,2620
0.0,2621
969.8850875438814,2622
0.0,2623
476.4647041507709,2624
62.575619352033655,2625
0.0,2626
6598.762995775015,2627
1573.9210827040815,2628
0.0,2629
1182.635381776517,2630
0.0,2631
0.0,2632
0.0,2633
0.0,2634
0.0,2635
0.0,2636
0.0,2637
0.0,2638
0.0,2639
0.0,2640
0.0,2641
0.0,2642
0.0,2643
0.0,2644
0.0,2645
0.0,2646
0.0,2647
0.0,2648
0.0,2649
808.7998103062781,2650
0.0,2651
0.0,2652
0.0,2653
0.0,2654
0.0,2655
0.0,2656
0.0,2657
0.0,2658
0.0,2659
0.0,2660
0.0,2661
0.0,2662
0.0,2663
0.0,2664
0.0,2665
0.0,2666
0.0,2667
0.0,2668
0.0,2669
0.0,2670
0.0,2671
0.0,2672
0.0,2673
16.153610464830884,2674
0.0,2675
0.0,2676
0.0,2677
6177.084329982011,2678
0.0,2679
0.0,2680
0.0,2681
0.0,2682
0.0,2683
0.0,2684
1907.5417542821267,2685
0.0,2686
0.0,2687
1089.0246873950243,2688
0.0,2689
0.0,2690
0.0,2691
0.0,2692
0.0,2693
0.0,2694
0.0,2695
0.0,2696
3953.927078657317,2697
0.0,2698
0.0,2699
0.0,2700
0.0,2701
0.0,2702
0.0,2703
0.0,2704
0.0,2705
0.0,2706
0.0,2707
0.0,2708
0.0,2709
0.0,2710
0.0,2711
0.0,2712
0.0,2713
0.0,2714
0.0,2715
0.0,2716
1527.986991138489,2717
1462.8857007995314,2718
590.5821414584797,2719
0.0,2720
0.0,2721
1852.9335942231762,2722
1370.7370597864438,2723
0.0,2724
1383.880063190003,2725
0.0,2726
0.0,2727
226.06677616611267,2728
0.0,2729
0.0,2730
546.0785451842847,2731
0.0,2732
1071.128676294103,2733
0.0,2734
0.0,2735
0.0,2736
0.0,2737
0.0,2738
0.0,2739
0.0,2740
1301.7087536409924,2741
4102.823488698786,2742
0.0,2743
0.0,2744
1136.1983605925084,2745
0.0,2746
2356.7610435111533,2747
5361.141694927184,2748
13.607156436904102,2749
0.0,2750
0.0,2751
0.0,2752
0.0,2753
1434.998834422386,2754
0.0,2755
0.0,2756
346.2468416161276,2757
0.0,2758
0.0,2759
1279.8837388257166,2760
0.0,2761
1290.2336329888108,2762
113.31524517450389,2763
0.0,2764
3030.371202871365,2765
472.1990064605834,2766
0.0,2767
0.0,2768
7506.822872125146,2769
1545.7909576802153,2770
2298.5642880475893,2771
0.0,2772
0.0,2773
0.0,2774
0.0,2775
0.0,2776
0.0,2777
0.0,2778
0.0,2779
0.0,2780
552.1850465751133,2781
0.0,2782
0.0,2783
0.0,2784
0.0,2785
554.6114492245557,2786
0.0,2787
0.0,2788
990.4358571862049,2789
0.0,2790
4806.587042893258,2791
0.0,2792
51.15386525401823,2793
0.0,2794
0.0,2795
0.0,2796
0.0,2797
0.0,2798
0.0,2799
0.0,2800
2322.1309217752323,2801
1684.087278706033,2802
1728.1431152363052,2803
0.0,2804
0.0,2805
1159.4882467466475,2806
1436.8588553381271,2807
1349.3472922855171,2808
1037.9234578470994,2809
0.0,2810
0.0,2811
2494.31529911675,2812
0.0,2813
0.0,2814
518.6555281541065,2815
0.0,2816
0.0,2817
0.0,2818
982.0809646201652,2819
0.0,2820
0.0,2821
0.0,2822
0.0,2823
68.82054220817726,2824
0.0,2825
0.0,2826
0.0,2827
0.0,2828
0.0,2829
0.0,2830
0.0,2831
0.0,2832
0.0,2833
0.0,2834
0.0,2835
563.5951522116385,2836
0.0,2837
0.0,2838
349.82673284929996,2839
0.0,2840
445.2526876619955,2841
0.0,2842
0.0,2843
0.0,2844
0.0,2845
0.0,2846
0.0,2847
0.0,2848
0.0,2849
0.0,2850
0.0,2851
0.0,2852
0.0,2853
0.0,2854
0.0,2855
0.0,2856
0.0,2857
0.0,2858
0.0,2859
0.0,2860
0.0,2861
0.0,2862
721.2741034360982,2863
0.0,2864
2594.4040617523133,2865
0.0,2866
0.0,2867
0.0,2868
0.0,2869
0.0,2870
0.0,2871
0.0,2872
0.0,2873
0.0,2874
0.0,2875
146.90718044592907,2876
0.0,2877
0.0,2878
771.893001995994,2879
0.0,2880
0.0,2881
0.0,2882
0.0,2883
0.0,2884
5280.152260586643,2885
0.0,2886
0.0,2887
0.0,2888
0.0,2889
0.0,2890
0.0,2891
0.0,2892
105.61450630840028,2893
1204.8012835521065,2894
0.0,2895
126.91027690444592,2896
0.0,2897
160.30593198787804,2898
0.0,2899
0.0,2900
0.0,2901
0.0,2902
0.0,2903
0.0,2904
0.0,2905
0.0,2906
242.7380027926364,2907
1290.099096099202,2908
0.0,2909
3283.1481626360164,2910
1603.2660530329497,2911
91.24479503965443,2912
0.0,2913
3542.7867463405983,2914
0.0,2915
1924.680002278073,2916
0.0,2917
0.0,2918
0.0,2919
0.0,2920
1584.9822472765568,2921
0.0,2922
1203.001778318324,2923
1455.361509133479,2924
393.18336182374827,2925
0.0,2926
2405.1913095858754,2927
6563.322200709971,2928
2531.790927802631,2929
0.0,2930
0.0,2931
528.030632339948,2932
785.3788387697681,2933
0.0,2934
0.0,2935
0.0,2936
818.1902219962947,2937
1842.8986255561958,2938
1872.070018713956,2939
0.0,2940
1609.6338189033042,2941
3331.93619954667,2942
991.0952408227752,2943
2033.779063063702,2944
0.0,2945
0.0,2946
586.890329677188,2947
0.0,2948
0.0,2949
193.90823286609387,2950
0.0,2951
0.0,2952
554.2705077114915,2953
0.0,2954
0.0,2955
0.0,2956
0.0,2957
0.0,2958
0.0,2959
0.0,2960
0.0,2961
0.0,2962
0.0,2963
0.0,2964
0.0,2965
0.0,2966
0.0,2967
0.0,2968
0.0,2969
0.0,2970
0.0,2971
0.0,2972
1253.6905740926634,2973
0.0,2974
2185.0740641737925,2975
1091.1531223708662,2976
0.0,2977
0.0,2978
2167.3528799028604,2979
2062.194924960163,2980
1263.2274703957294,2981
974.1308934004625,2982
0.0,2983
910.2312605977946,2984
0.0,2985
0.0,2986
1564.6518291538944,2987
1742.4067904680253,2988
0.0,2989
595.3185912499458,2990
0.0,2991
2075.381580240617,2992
14.895304176333502,2993
0.0,2994
0.0,2995
0.0,2996
0.0,2997
0.0,2998
0.0,2999
0.0,3000
0.0,3001
0.0,3002
0.0,3003
0.0,3004
0.0,3005
0.0,3006
990.2804502365362,3007
0.0,3008
0.0,3009
0.0,3010
1206.3218766637485,3011
147.832431207881,3012
0.0,3013
0.0,3014
92.46746468588933,3015
2964.1723961668727,3016
0.0,3017
0.0,3018
0.0,3019
0.0,3020
0.0,3021
0.0,3022
0.0,3023
0.0,3024
331.2848594127612,3025
116.87020264168967,3026
0.0,3027
0.0,3028
0.0,3029
116.4555939611426,3030
859.7037746284632,3031
0.0,3032
0.0,3033
1504.7932690869827,3034
270.2533609163955,3035
0.0,3036
0.0,3037
1802.9822946213737,3038
2325.113106922769,3039
1902.085401442578,3040
21.42303098912141,3041
0.0,3042
0.0,3043
0.0,3044
474.1771920001105,3045
0.0,3046
0.0,3047
0.0,3048
0.0,3049
0.0,3050
1128.7311851384327,3051
0.0,3052
0.0,3053
1344.2288034266924,3054
0.0,3055
2080.0402499070615,3056
2003.915134437036,3057
1901.376457039331,3058
0.0,3059
1767.017726047518,3060
134.54037534695541,3061
0.0,3062
1422.6215671122377,3063
0.0,3064
0.0,3065
54.8554070025389,3066
1500.0020588591497,3067
0.0,3068
332.6591071625556,3069
1394.4377932212872,3070
149.7961402135152,3071
1670.8420711841356,3072
862.4008760440212,3073
0.0,3074
4549.365378544745,3075
2840.1350705189084,3076
0.0,3077
1511.7272171971174,3078
1312.5606932162402,3079
687.0066803130837,3080
319.7093984515051,3081
2000.853505416842,3082
0.0,3083
0.0,3084
169.87641455787895,3085
0.0,3086
0.0,3087
615.32418865237,3088
0.0,3089
0.0,3090
8288.45752001372,3091
0.0,3092
3444.906441697932,3093
358.7172157783197,3094
0.0,3095
270.35886382368636,3096
482.57799413722336,3097
483.2187439480543,3098
2043.1410966959515,3099
836.0837019292195,3100
0.0,3101
0.0,3102
0.0,3103
0.0,3104
1943.3301171850997,3105
0.0,3106
0.0,3107
0.0,3108
0.0,3109
2918.4668011010867,3110
0.0,3111
27.48540037125132,3112
0.0,3113
5.949511345079439,3114
1.083927522323028,3115
0.17197763506816835,3116
0.0,3117
0.0,3118
0.0,3119
0.0,3120
0.0,3121
0.0,3122
0.0,3123
0.0,3124
0.0,3125
0.0,3126
0.0,3127
2128.511037685108,3128
0.0,3129
0.0,3130
0.0,3131
30.536418696184217,3132
230.61968205384477,3133
1191.3763218882495,3134
0.0,3135
111.89677836315172,3136
26.22683821208473,3137
0.0,3138
0.0,3139
18.20634251543423,3140
0.0,3141
2668.0561613982877,3142
0.0,3143
0.0,3144
1140.3973147108966,3145
0.0,3146
0.0,3147
0.0,3148
0.0,3149
0.0,3150
1762.5041968721025,3151
0.0,3152
0.0,3153
0.0,3154
0.0,3155
0.0,3156
1034.0679448213739,3157
2407.6267025120173,3158
0.0,3159
0.0,3160
0.0,3161
0.0,3162
0.0,3163
0.0,3164
0.0,3165
0.0,3166
0.0,3167
0.0,3168
0.0,3169
1311.7711269693432,3170
0.0,3171
0.0,3172
0.0,3173
0.0,3174
0.0,3175
0.0,3176
0.0,3177
0.0,3178
0.0,3179
0.0,3180
0.0,3181
0.0,3182
0.0,3183
0.0,3184
0.0,3185
0.0,3186
0.0,3187
0.0,3188
766.2130741301302,3189
763.813188031568,3190
0.0,3191
201.94595912929722,3192
0.0,3193
0.0,3194
0.0,3195
0.0,3196
0.0,3197
0.0,3198
0.0,3199
0.0,3200
0.0,3201
0.0,3202
0.0,3203
0.0,3204
0.0,3205
0.0,3206
0.0,3207
0.0,3208
0.0,3209
0.0,3210
751.7049340651785,3211
0.0,3212
0.0,3213
0.0,3214
0.0,3215
0.0,3216
0.0,3217
0.0,3218
0.0,3219
2473.088688829413,3220
954.8598845652964,3221
0.0,3222
0.0,3223
0.0,3224
336.5150397165482,3225
0.0,3226
625.6564527491635,3227
0.0,3228
0.0,3229
0.0,3230
192.22847611661655,3231
0.0,3232
0.0,3233
0.0,3234
0.0,3235
0.0,3236
0.0,3237
4.767948903841807,3238
0.0,3239
0.0,3240
0.0,3241
231.3878663087575,3242
0.0,3243
0.0,3244
88.5100086481777,3245
0.0,3246
4065.3290625157047,3247
0.0,3248
0.0,3249
0.0,3250
0.0,3251
868.4994669799395,3252
5695.011459806495,3253
0.0,3254
0.0,3255
909.3438515559538,3256
0.0,3257
0.0,3258
0.0,3259
0.0,3260
0.0,3261
421.4696535959152,3262
215.3582459752069,3263
0.0,3264
0.0,3265
0.0,3266
754.8128371674184,3267
0.0,3268
0.0,3269
1073.7037079264226,3270
0.0,3271
179.75728710982182,3272
925.8040745505614,3273
186.9562691453738,3274
0.0,3275
3265.3940563274787,3276
0.0,3277
0.0,3278
8916.43443774789,3279
2889.698678820508,3280
0.0,3281
0.0,3282
0.0,3283
0.0,3284
3572.15587638932,3285
3087.875368033501,3286
0.0,3287
0.0,3288
0.0,3289
0.0,3290
0.0,3291
0.0,3292
3169.7931031079484,3293
5671.048572359255,3294
1999.951166041302,3295
0.0,3296
907.0563805741903,3297
2357.8992674442807,3298
952.3231236921029,3299
4711.165312704469,3300
3638.2583345822136,3301
1311.4730037668044,3302
4080.0392084961904,3303
0.0,3304
653.5327330862971,3305
703.4497330358242,3306
1022.949443574291,3307
696.1726575387282,3308
2616.159497645831,3309
0.0,3310
1372.916955974607,3311
1222.0638726810755,3312
977.9596293722724,3313
98.56281419132117,3314
0.0,3315
131.55058843344924,3316
463.49799889460047,3317
841.1025282192991,3318
0.0,3319
0.0,3320
10361.702895991393,3321
0.0,3322
0.0,3323
0.0,3324
0.0,3325
0.0,3326
0.0,3327
0.0,3328
0.0,3329
0.0,3330
132.9880286413014,3331
0.0,3332
338.8179156608336,3333
4021.436060677124,3334
3099.8853162019727,3335
0.0,3336
0.0,3337
1789.487391075607,3338
0.0,3339
0.0,3340
4359.18982730719,3341
3038.046539083953,3342
1109.0464636924319,3343
4814.04405053245,3344
4524.417152786532,3345
0.0,3346
0.0,3347
0.0,3348
4235.921029580961,3349
4890.19257004451,3350
3225.8513727585027,3351
5028.3739989491605,3352
5046.759370351997,3353
0.0,3354
0.0,3355
0.0,3356
3793.801304313497,3357
0.0,3358
0.0,3359
0.0,3360
0.0,3361
5135.540072623311,3362
5017.274041293241,3363
0.0,3364
0.0,3365
102.27613793210121,3366
0.0,3367
0.0,3368
0.0,3369
2325.0550887909867,3370
0.0,3371
1573.5509179177907,3372
254.43123607717615,3373
0.0,3374
1052.1253118189488,3375
0.0,3376
72.60561914841213,3377
0.0,3378
1081.0290017751868,3379
0.0,3380
0.0,3381
0.0,3382
0.0,3383
0.0,3384
0.0,3385
0.0,3386
221.0103430543917,3387
0.0,3388
0.0,3389
0.0,3390
0.0,3391
686.6652041822648,3392
0.0,3393
0.0,3394
0.0,3395
0.0,3396
279.7832881444799,3397
2355.5313240937503,3398
0.0,3399
0.0,3400
0.0,3401
0.0,3402
0.0,3403
0.0,3404
0.0,3405
853.1014809842989,3406
565.5963314205005,3407
2311.79493865968,3408
0.0,3409
0.0,3410
0.0,3411
0.0,3412
0.0,3413
0.0,3414
0.0,3415
0.0,3416
818.081508775664,3417
0.0,3418
0.0,3419
237.5728439763582,3420
0.0,3421
873.6837722257287,3422
278.11288438450566,3423
1015.6850526649202,3424
0.0,3425
0.0,3426
1262.0241625885442,3427
0.0,3428
1125.9368184985162,3429
0.0,3430
2400.6002939427335,3431
0.0,3432
2610.7695541387143,3433
210.8915304753732,3434
0.0,3435
0.0,3436
0.0,3437
0.0,3438
0.0,3439
0.0,3440
0.0,3441
0.0,3442
0.0,3443
0.0,3444
0.0,3445
0.0,3446
0.0,3447
0.0,3448
0.0,3449
0.0,3450
0.0,3451
0.0,3452
0.0,3453
0.0,3454
0.0,3455
0.0,3456
6131.340048752518,3457
0.0,3458
0.0,3459
0.0,3460
0.0,3461
0.0,3462
0.0,3463
0.0,3464
634.1008476062204,3465
0.0,3466
0.0,3467
0.0,3468
0.0,3469
0.0,3470
0.0,3471
0.0,3472
0.0,3473
0.0,3474
0.0,3475
0.0,3476
0.0,3477
0.0,3478
0.0,3479
0.0,3480
0.0,3481
0.0,3482
0.0,3483
0.0,3484
0.0,3485
0.0,3486
0.0,3487
0.0,3488
0.0,3489
573.7006350409678,3490
680.4816556412552,3491
0.0,3492
1184.261176703947,3493
0.0,3494
0.0,3495
1521.588563058008,3496
808.2240709803258,3497
1395.5328649224023,3498
0.0,3499
0.0,3500
1517.720866389813,3501
2321.3854864397777,3502
2344.5385033956113,3503
2108.6152959651126,3504
0.0,3505
0.0,3506
0.0,3507
7465.410493887654,3508
0.0,3509
0.0,3510
0.0,3511
0.0,3512
0.0,3513
0.0,3514
0.0,3515
1843.7995461791843,3516
0.0,3517
0.0,3518
1424.9924132885985,3519
0.0,3520
0.0,3521
590.7425316333596,3522
0.0,3523
0.0,3524
1785.9145864114053,3525
0.0,3526
1791.1418223236813,3527
0.0,3528
0.0,3529
4443.345117208164,3530
0.0,3531
0.0,3532
0.0,3533
0.0,3534
0.0,3535
1680.131829163528,3536
0.0,3537
0.0,3538
0.0,3539
1917.3086515424766,3540
0.0,3541
1869.3013824473117,3542
0.0,3543
0.0,3544
802.4533222451836,3545
0.0,3546
0.0,3547
4401.321052430894,3548
0.0,3549
910.1119713033411,3550
425.3194664043445,3551
0.0,3552
0.0,3553
0.0,3554
0.0,3555
0.0,3556
1249.698893350224,3557
845.1048634346091,3558
0.0,3559
0.0,3560
0.0,3561
0.0,3562
0.0,3563
0.0,3564
0.0,3565
0.0,3566
0.0,3567
0.0,3568
0.0,3569
124.78622854721112,3570
0.0,3571
896.4068732369819,3572
273.92907402971434,3573
719.7292641584797,3574
0.0,3575
0.0,3576
0.0,3577
0.0,3578
628.9494469722979,3579
1665.2850542619221,3580
0.0,3581
1116.8718879951923,3582
0.0,3583
0.0,3584
0.0,3585
0.0,3586
506.27752180655733,3587
898.1733420602459,3588
1613.562774251904,3589
0.0,3590
1650.01866717678,3591
0.0,3592
0.0,3593
2353.9210983946728,3594
1308.3361984555413,3595
0.0,3596
0.0,3597
0.0,3598
3820.726395034949,3599
0.0,3600
3988.014193844272,3601
0.0,3602
0.0,3603
0.0,3604
2185.8413749665697,3605
0.0,3606
0.0,3607
2849.441905868905,3608
0.0,3609
2732.1586956567826,3610
0.0,3611
0.0,3612
0.0,3613
0.0,3614
0.0,3615
0.0,3616
0.0,3617
201.11154234877728,3618
2676.162023248873,3619
2627.5744655739913,3620
4324.118074694801,3621
0.0,3622
0.0,3623
2777.8311704084354,3624
0.0,3625
1944.1037916339462,3626
1720.0559638455265,3627
266.4004921848888,3628
32.95616526783485,3629
0.0,3630
0.0,3631
72.58755826428737,3632
0.0,3633
1737.923109099148,3634
1567.767047353408,3635
164.96046534900267,3636
0.0,3637
0.0,3638
1030.609822436979,3639
758.3897417747469,3640
0.0,3641
528.7564653119376,3642
1486.92147595313,3643
0.0,3644
0.0,3645
2.143330379556375,3646
0.0,3647
0.0,3648
0.0,3649
0.0,3650
0.0,3651
0.0,3652
0.0,3653
0.0,3654
0.0,3655
0.0,3656
1368.4315682588954,3657
0.0,3658
0.0,3659
0.0,3660
0.0,3661
0.0,3662
0.0,3663
0.0,3664
0.0,3665
0.0,3666
2.6499093649531296,3667
0.0,3668
0.0,3669
0.0,3670
0.0,3671
0.0,3672
0.0,3673
0.0,3674
0.0,3675
0.0,3676
0.0,3677
0.0,3678
0.0,3679
0.0,3680
0.0,3681
0.0,3682
0.0,3683
0.0,3684
0.0,3685
0.0,3686
0.0,3687
0.0,3688
0.0,3689
0.0,3690
0.0,3691
0.0,3692
0.0,3693
6.368277992190214,3694
0.0,3695
0.0,3696
0.0,3697
0.0,3698
0.0,3699
0.0,3700
0.0,3701
813.1146889398377,3702
0.0,3703
0.0,3704
0.0,3705
0.0,3706
0.0,3707
0.0,3708
181.35237326900898,3709
0.0,3710
0.0,3711
3380.4895639322776,3712
0.0,3713
0.0,3714
1750.9052697719671,3715
0.0,3716
0.0,3717
0.0,3718
2755.8612665984115,3719
2272.3248175250415,3720
0.0,3721
0.0,3722
0.0,3723
0.0,3724
0.0,3725
0.0,3726
0.0,3727
2023.776156326137,3728
0.0,3729
0.0,3730
0.0,3731
0.0,3732
1005.7810354250768,3733
4655.621825397509,3734
0.0,3735
1213.6802149358198,3736
0.0,3737
615.8843627358603,3738
0.0,3739
0.0,3740
0.0,3741
945.477322309194,3742
518.7379551735391,3743
0.0,3744
833.9637320361458,3745
3264.1447714242245,3746
937.6033550660154,3747
0.0,3748
0.0,3749
0.0,3750
0.0,3751
2688.3035912012806,3752
0.0,3753
0.0,3754
3583.5920010846244,3755
837.2339816195229,3756
1126.8688509545123,3757
1204.0829739633268,3758
1260.3119076237888,3759
0.0,3760
1289.3908512417195,3761
0.0,3762
1287.7807118403198,3763
0.0,3764
1590.8052326739644,3765
234.5799823895221,3766
2785.5313827340815,3767
0.0,3768
722.8603314668517,3769
0.0,3770
621.8199131276555,3771
0.0,3772
0.0,3773
0.0,3774
0.0,3775
0.0,3776
0.0,3777
0.0,3778
0.0,3779
0.0,3780
0.0,3781
0.0,3782
0.0,3783
0.0,3784
0.0,3785
0.0,3786
86.43395871351592,3787
2049.8350592048296,3788
0.0,3789
24.03767015963257,3790
0.0,3791
0.0,3792
814.317572346536,3793
0.0,3794
0.0,3795
0.0,3796
0.0,3797
0.0,3798
0.0,3799
120.76144532599575,3800
0.0,3801
3672.048118821784,3802
0.0,3803
0.0,3804
0.0,3805
472.43224470773094,3806
0.0,3807
0.0,3808
148.11168694724435,3809
2464.996422847437,3810
0.0,3811
0.0,3812
2858.061729201311,3813
0.0,3814
449.79129713549406,3815
0.0,3816
928.0885264672969,3817
0.0,3818
0.0,3819
0.0,3820
1192.3535233733176,3821
1467.305718178135,3822
0.0,3823
0.0,3824
0.0,3825
0.0,3826
331.8964080894971,3827
0.0,3828
0.0,3829
0.0,3830
0.0,3831
0.0,3832
0.0,3833
787.0567853612748,3834
2256.7337498086986,3835
152.50502071674518,3836
546.0145494496307,3837
345.74452128880745,3838
1654.889753111285,3839
2928.3798230542648,3840
13.487758532741626,3841
729.0339995806507,3842
0.0,3843
2004.7027067245197,3844
874.7538288055935,3845
65.57900337712539,3846
2308.462293834511,3847
249.491150485041,3848
2560.554737237207,3849
1490.5682941061546,3850
0.0,3851
966.9151041038517,3852
0.0,3853
0.0,3854
387.2317239116987,3855
307.7740944229417,3856
2653.8790142121725,3857
2295.1652944518924,3858
0.0,3859
0.0,3860
2505.8532934820914,3861
0.0,3862
703.0498099488674,3863
1496.9528782761288,3864
415.21188886816805,3865
6.468418949714655,3866
1687.303172144467,3867
0.0,3868
0.0,3869
0.0,3870
0.0,3871
51.99629679550873,3872
0.0,3873
0.0,3874
2198.148442724404,3875
0.0,3876
515.6335048454924,3877
1158.3957978097794,3878
0.0,3879
0.13573146712540599,3880
0.0,3881
1487.4119954297714,3882
0.0,3883
0.0,3884
0.0,3885
0.0,3886
0.0,3887
438.4014509204927,3888
0.0,3889
0.0,3890
0.0,3891
0.0,3892
0.0,3893
350.09075700628773,3894
0.0,3895
0.0,3896
0.0,3897
0.0,3898
0.0,3899
0.0,3900
0.0,3901
0.0,3902
0.0,3903
0.0,3904
0.0,3905
193.88387329598172,3906
0.0,3907
4.585225456819253,3908
0.0,3909
0.0,3910
0.0,3911
0.0,3912
0.0,3913
0.0,3914
0.0,3915
0.0,3916
0.0,3917
0.0,3918
0.0,3919
0.0,3920
0.0,3921
0.0,3922
0.0,3923
0.0,3924
0.0,3925
0.0,3926
0.0,3927
0.0,3928
0.0,3929
0.0,3930
0.0,3931
0.0,3932
0.0,3933
0.0,3934
0.0,3935
0.0,3936
0.0,3937
0.0,3938
0.0,3939
4554.1206770213075,3940
512.3181661863874,3941
0.0,3942
0.0,3943
0.0,3944
0.0,3945
0.0,3946
0.0,3947
0.0,3948
0.0,3949
1316.9653157105533,3950
0.0,3951
0.0,3952
0.0,3953
0.0,3954
0.0,3955
0.0,3956
0.0,3957
0.0,3958
0.0,3959
0.0,3960
0.0,3961
0.0,3962
0.0,3963
0.0,3964
0.0,3965
0.0,3966
0.0,3967
176.06128825676976,3968
0.0,3969
148.03906619201035,3970
66.66104924287009,3971
0.0,3972
0.0,3973
0.0,3974
0.0,3975
843.732251406113,3976
0.0,3977
0.0,3978
0.0,3979
0.0,3980
0.0,3981
0.0,3982
0.0,3983
0.0,3984
0.0,3985
25.164154920489143,3986
0.0,3987
282.5259901355384,3988
0.0,3989
139.91748454547027,3990
0.0,3991
80.14935506744192,3992
34.994158348984946,3993
0.0,3994
0.0,3995
0.0,3996
0.0,3997
0.0,3998
0.0,3999
0.0,4000
0.0,4001
0.0,4002
0.0,4003
0.0,4004
0.0,4005
0.0,4006
0.0,4007
0.0,4008
0.0,4009
0.0,4010
0.0,4011
0.0,4012
0.0,4013
0.0,4014
0.0,4015
0.0,4016
0.0,4017
0.0,4018
0.0,4019
0.0,4020
0.0,4021
0.0,4022
0.0,4023
0.0,4024
0.0,4025
0.0,4026
0.0,4027
0.0,4028
0.0,4029
0.0,4030
0.0,4031
0.0,4032
3309.0137148047174,4033
0.0,4034
3040.5081554823737,4035
0.0,4036
0.0,4037
0.0,4038
0.0,4039
1100.8651693447164,4040
0.0,4041
0.0,4042
0.0,4043
0.0,4044
0.0,4045
1707.2277337746145,4046
0.0,4047
0.0,4048
2519.5665131568576,4049
0.0,4050
0.0,4051
741.4203981501422,4052
482.3366871006802,4053
0.0,4054
0.0,4055
310.45970031129076,4056
0.0,4057
0.0,4058
0.0,4059
0.0,4060
0.0,4061
0.0,4062
0.0,4063
0.0,4064
131.3147028374209,4065
0.0,4066
0.0,4067
0.0,4068
0.0,4069
232.04109332596997,4070
1455.5108423991685,4071
0.0,4072
931.6772695553481,4073
0.0,4074
626.8544135080289,4075
0.0,4076
0.0,4077
722.4488844791094,4078
44.325202278372,4079
0.0,4080
1215.776775817808,4081
0.0,4082
214.78146293947694,4083
1333.4081977365026,4084
0.0,4085
360.2356325702494,4086
1951.534601176777,4087
664.0249861809398,4088
0.0,4089
2005.9762630652276,4090
0.0,4091
0.0,4092
1878.286895893031,4093
0.0,4094
0.0,4095
0.0,4096
0.0,4097
252.0319781104222,4098
0.0,4099
0.0,4100
0.0,4101
0.0,4102
0.0,4103
398.2994082202792,4104
121.1461826327214,4105
0.0,4106
0.0,4107
0.0,4108
0.0,4109
1249.3400483006299,4110
747.5109245712346,4111
387.7245841006545,4112
417.66044748300766,4113
1361.8817741238756,4114
27.74325916731062,4115
1119.0367306307292,4116
0.0,4117
0.0,4118
0.0,4119
934.1673172828507,4120
474.79913665925903,4121
0.0,4122
2515.3303328982697,4123
0.0,4124
2355.0202254963187,4125
1966.851607207553,4126
0.0,4127
0.0,4128
0.0,4129
1767.7369695780844,4130
0.0,4131
0.0,4132
0.0,4133
0.0,4134
0.0,4135
0.0,4136
0.0,4137
0.0,4138
0.0,4139
0.0,4140
0.0,4141
0.0,4142
0.0,4143
0.0,4144
0.0,4145
0.0,4146
0.0,4147
0.0,4148
0.0,4149
0.0,4150
968.3772985001285,4151
0.0,4152
0.0,4153
0.0,4154
0.0,4155
0.0,4156
0.0,4157
401.862989373104,4158
0.0,4159
0.0,4160
1011.9402837861057,4161
0.0,4162
655.915440270205,4163
0.0,4164
701.483185363303,4165
2084.020028796012,4166
0.0,4167
1769.0283296429398,4168
531.9631432934685,4169
0.0,4170
0.0,4171
620.007478683872,4172
1870.7408347643757,4173
0.0,4174
1928.5313247160836,4175
588.7577841693228,4176
663.4377297751927,4177
1865.8819877065678,4178
0.0,4179
1998.9861069435437,4180
0.0,4181
2029.4931574711393,4182
1566.5371591393175,4183
0.0,4184
1913.8905561887552,4185
0.0,4186
0.0,4187
0.0,4188
0.0,4189
1873.6284891106407,4190
0.0,4191
0.0,4192
1813.8881701996056,4193
1677.4172180095184,4194
1696.7219711690323,4195
1469.97414400991,4196
2831.7072041430993,4197
2548.5588990678452,4198
0.0,4199
0.0,4200
1029.8794156339584,4201
0.0,4202
1453.7958453471724,4203
0.0,4204
522.5630574132276,4205
390.45312347250206,4206
0.0,4207
215.0943623550004,4208
925.8793936308981,4209
0.0,4210
0.0,4211
0.0,4212
0.0,4213
0.0,4214
0.0,4215
0.0,4216
0.0,4217
0.0,4218
0.0,4219
0.0,4220
0.0,4221
0.0,4222
224.75888843593233,4223
0.0,4224
0.0,4225
0.0,4226
0.0,4227
0.0,4228
0.0,4229
0.0,4230
0.0,4231
0.0,4232
0.0,4233
0.0,4234
4.284468089156832,4235
0.0,4236
0.0,4237
0.0,4238
0.0,4239
0.0,4240
0.0,4241
0.0,4242
0.0,4243
683.6499517563825,4244
0.0,4245
0.0,4246
0.0,4247
0.0,4248
0.0,4249
0.0,4250
0.0,4251
0.0,4252
0.0,4253
0.0,4254
0.0,4255
0.0,4256
439.74871505285387,4257
0.0,4258
0.0,4259
0.0,4260
0.0,4261
0.0,4262
1011.4806091619353,4263
0.0,4264
0.0,4265
0.0,4266
0.0,4267
0.0,4268
0.0,4269
0.0,4270
0.0,4271
0.0,4272
1247.2061854993196,4273
0.0,4274
1178.9472908900384,4275
0.0,4276
0.0,4277
0.0,4278
0.0,4279
0.0,4280
0.0,4281
0.0,4282
0.0,4283
0.0,4284
1921.383200444082,4285
0.0,4286
0.0,4287
0.0,4288
0.0,4289
0.0,4290
0.0,4291
0.0,4292
0.0,4293
0.0,4294
0.0,4295
0.0,4296
0.0,4297
0.0,4298
0.0,4299
0.0,4300
0.0,4301
0.0,4302
0.0,4303
0.0,4304
0.0,4305
0.0,4306
0.0,4307
0.0,4308
0.0,4309
0.0,4310
193.12889418366214,4311
0.0,4312
0.0,4313
0.0,4314
0.0,4315
0.0,4316
0.0,4317
0.0,4318
0.0,4319
0.0,4320
0.0,4321
0.0,4322
0.0,4323
0.0,4324
0.0,4325
0.0,4326
0.0,4327
0.0,4328
0.0,4329
0.0,4330
0.0,4331
0.0,4332
0.0,4333
0.0,4334
0.0,4335
0.0,4336
0.0,4337
0.0,4338
0.0,4339
0.0,4340
0.0,4341
0.0,4342
0.0,4343
0.442633022854168,4344
0.0,4345
0.0,4346
0.0,4347
0.0,4348
0.0,4349
0.0,4350
0.9136509196930751,4351
0.0,4352
0.0,4353
0.0,4354
0.0,4355
0.0,4356
0.0,4357
0.0,4358
406.2770515336098,4359
0.0,4360
0.0,4361
0.0,4362
0.0,4363
0.0,4364
0.0,4365
0.0,4366
0.0,4367
0.0,4368
0.0,4369
0.0,4370
0.0,4371
0.0,4372
0.0,4373
0.0,4374
3295.043284996821,4375
0.0,4376
0.0,4377
0.0,4378
0.0,4379
0.0,4380
0.0,4381
0.0,4382
0.0,4383
0.0,4384
0.0,4385
0.0,4386
0.0,4387
94.60635280052041,4388
0.0,4389
0.0,4390
0.0,4391
0.0,4392
0.0,4393
0.0,4394
0.0,4395
0.0,4396
0.0,4397
1176.678236660296,4398
0.0,4399
0.0,4400
0.0,4401
0.0,4402
0.0,4403
0.0,4404
0.0,4405
0.0,4406
0.0,4407
0.0,4408
9.008170451475442,4409
0.0,4410
1395.2505751562328,4411
0.0,4412
0.0,4413
0.0,4414
0.0,4415
0.0,4416
39.52615732734949,4417
0.0,4418
197.19372689819332,4419
593.2662690068921,4420
1014.0639742814046,4421
0.0,4422
0.0,4423
983.4363567893249,4424
3565.716842555712,4425
1038.324458902864,4426
0.0,4427
4070.321286306274,4428
0.0,4429
0.0,4430
0.0,4431
1006.5304658549691,4432
0.0,4433
0.0,4434
0.0,4435
0.0,4436
0.0,4437
0.0,4438
0.0,4439
0.0,4440
0.0,4441
0.0,4442
0.0,4443
0.0,4444
0.0,4445
0.0,4446
0.0,4447
71.01252760747415,4448
0.0,4449
0.0,4450
0.0,4451
930.6465284466979,4452
0.0,4453
0.0,4454
0.0,4455
702.8229457877567,4456
0.0,4457
0.0,4458
0.0,4459
0.0,4460
0.0,4461
0.0,4462
0.0,4463
2260.442416734625,4464
845.9373738805106,4465
0.0,4466
0.0,4467
1699.104638370094,4468
94.98078247196318,4469
0.0,4470
101.72470013179264,4471
5786.323971755246,4472
0.0,4473
0.0,4474
0.0,4475
0.0,4476
0.0,4477
0.0,4478
0.0,4479
0.0,4480
0.0,4481
1219.314077088693,4482
0.0,4483
0.0,4484
0.0,4485
0.0,4486
0.0,4487
0.0,4488
0.0,4489
264.88234064359716,4490
0.0,4491
0.0,4492
0.0,4493
0.0,4494
0.0,4495
111.61303494343937,4496
1011.9633486763576,4497
0.0,4498
0.0,4499
0.0,4500
0.0,4501
0.0,4502
0.0,4503
0.0,4504
0.0,4505
0.0,4506
0.0,4507
0.0,4508
0.0,4509
0.0,4510
0.0,4511
0.0,4512
0.0,4513
0.0,4514
0.0,4515
0.0,4516
0.0,4517
0.0,4518
0.0,4519
0.0,4520
0.0,4521
0.0,4522
0.0,4523
0.0,4524
0.0,4525
0.0,4526
0.0,4527
0.0,4528
0.0,4529
0.0,4530
0.0,4531
0.0,4532
0.0,4533
0.0,4534
0.0,4535
0.0,4536
0.0,4537
0.0,4538
54.602612238191426,4539
0.0,4540
0.0,4541
0.0,4542
0.0,4543
0.0,4544
0.0,4545
7396.968925800788,4546
0.0,4547
0.0,4548
0.0,4549
0.0,4550
0.0,4551
0.0,4552
0.0,4553
0.0,4554
0.0,4555
0.0,4556
1214.587098793613,4557
617.1663803128814,4558
4279.531365181139,4559
0.0,4560
0.0,4561
0.0,4562
0.0,4563
0.0,4564
4462.4011391626145,4565
0.0,4566
0.0,4567
601.7760030616076,4568
1035.309852471244,4569
0.0,4570
1213.635937169378,4571
0.0,4572
0.0,4573
0.0,4574
0.0,4575
0.0,4576
0.0,4577
0.0,4578
0.0,4579
0.0,4580
0.0,4581
0.0,4582
0.0,4583
0.0,4584
0.0,4585
0.0,4586
0.0,4587
0.0,4588
4.7326473206804,4589
0.0,4590
0.0,4591
0.0,4592
0.0,4593
0.0,4594
287.2820750378337,4595
1306.9876303543592,4596
0.0,4597
3441.286940886482,4598
95.84680080007827,4599
1677.1326830757184,4600
0.0,4601
122.27196535749361,4602
0.0,4603
784.6521267498796,4604
0.0,4605
1818.0652505349713,4606
0.0,4607
143.87135421744537,4608
0.0,4609
0.0,4610
0.0,4611
0.0,4612
2888.9452237890523,4613
1495.6223923611253,4614
1196.969281331379,4615
0.0,4616
0.0,4617
1556.786375017808,4618
0.0,4619
0.0,4620
594.3677494074611,4621
0.0,4622
1049.3907958341322,4623
1346.4818996745416,4624
0.0,4625
0.0,4626
0.0,4627
0.0,4628
0.0,4629
0.0,4630
1.3193013670645302,4631
202.43160033883922,4632
0.0,4633
4185.041867778347,4634
414.15703875682374,4635
0.0,4636
85.87207083061413,4637
0.0,4638
0.0,4639
1246.4632722583174,4640
0.0,4641
0.0,4642
100.88547803229908,4643
0.0,4644
0.0,4645
0.0,4646
0.0,4647
0.0,4648
0.0,4649
0.0,4650
358.00640661433687,4651
0.0,4652
0.0,4653
0.0,4654
0.0,4655
0.0,4656
0.0,4657
0.0,4658
0.0,4659
0.0,4660
0.0,4661
0.0,4662
0.0,4663
0.0,4664
0.0,4665
1410.0234165354325,4666
188.3375009737642,4667
306.92179735692224,4668
1841.453102420673,4669
0.0,4670
0.0,4671
0.0,4672
0.0,4673
0.0,4674
0.0,4675
0.0,4676
446.41949963270446,4677
0.0,4678
1870.9337007237955,4679
0.0,4680
0.0,4681
0.0,4682
102.11515748604565,4683
1472.3247499973168,4684
4110.385584942657,4685
0.0,4686
28.005949757128995,4687
0.0,4688
0.0,4689
0.0,4690
0.0,4691
0.0,4692
0.0,4693
0.0,4694
5.456679812079815,4695
0.0,4696
0.0,4697
0.0,4698
0.8732387130556438,4699
0.0,4700
3964.2384278767004,4701
0.0,4702
1034.8258994608616,4703
0.0,4704
0.0,4705
0.0,4706
382.6815872077786,4707
0.0,4708
0.0,4709
1.7130760268443457,4710
0.0,4711
0.0,4712
0.0,4713
0.0,4714
0.0,4715
0.0,4716
0.0,4717
0.0,4718
0.0,4719
3739.3974505377864,4720
0.0,4721
0.0,4722
0.0,4723
0.0,4724
184.30217968511602,4725
0.0,4726
0.0,4727
0.0,4728
0.0,4729
0.0,4730
0.0,4731
0.0,4732
0.0,4733
0.0,4734
0.0,4735
3540.6421366038103,4736
0.0,4737
0.0,4738
0.0,4739
0.0,4740
0.0,4741
1.4076474939364139,4742
0.0,4743
0.0,4744
0.0,4745
0.0,4746
119.88086413531806,4747
0.0,4748
0.0,4749
0.0,4750
0.0,4751
0.0,4752
0.0,4753
0.0,4754
0.0,4755
0.0,4756
0.0,4757
0.0,4758
0.0,4759
0.0,4760
0.0,4761
1510.9377544201923,4762
1402.8163383038423,4763
0.0,4764
0.0,4765
0.0,4766
1397.0491180744295,4767
1663.0656338844935,4768
0.0,4769
0.0,4770
0.0,4771
838.8619773096403,4772
0.0,4773
756.1162443079353,4774
0.0,4775
0.0,4776
0.0,4777
0.0,4778
0.0,4779
0.0,4780
0.0,4781
0.0,4782
494.7949897267221,4783
0.0,4784
0.0,4785
0.0,4786
0.0,4787
0.0,4788
0.0,4789
0.0,4790
0.0,4791
0.0,4792
0.0,4793
0.0,4794
468.11859766534815,4795
0.0,4796
9386.64795896281,4797
0.0,4798
0.0,4799
0.0,4800
334.1572116590664,4801
5317.99121274988,4802
0.0,4803
0.0,4804
0.0,4805
242.54733916305884,4806
0.0,4807
0.0,4808
0.0,4809
3059.000714018704,4810
0.0,4811
0.0,4812
0.0,4813
0.0,4814
0.0,4815
0.0,4816
0.0,4817
0.0,4818
0.0,4819
0.0,4820
0.0,4821
0.0,4822
0.0,4823
0.0,4824
0.0,4825
0.0,4826
0.0,4827
0.0,4828
0.0,4829
0.0,4830
0.0,4831
0.0,4832
0.0,4833
0.0,4834
0.0,4835
738.9305320162816,4836
0.0,4837
502.2678472391684,4838
0.0,4839
794.331931978857,4840
0.0,4841
0.0,4842
0.0,4843
1700.754124030206,4844
0.0,4845
0.0,4846
0.0,4847
0.0,4848
0.0,4849
0.0,4850
517.041400314183,4851
1572.327533633753,4852
229.6690821296949,4853
0.0,4854
605.8878987218989,4855
1187.48817803893,4856
370.13276397456855,4857
3882.3867549180686,4858
266.37345394060566,4859
194.33394041102025,4860
110.35354172375293,4861
5922.070474018401,4862
0.0,4863
0.0,4864
0.0,4865
1336.3468771369185,4866
66.20053961451092,4867
0.0,4868
48.500387600929905,4869
0.0,4870
0.0,4871
0.0,4872
662.231022711163,4873
0.0,4874
0.0,4875
0.0,4876
0.0,4877
0.8021700033565167,4878
0.0,4879
9.335544149295407,4880
874.7965120618271,4881
938.037082093333,4882
892.2483874742738,4883
0.0,4884
0.0,4885
0.0,4886
1373.3228544578758,4887
0.0,4888
0.0,4889
1347.4792402126645,4890
1248.6762133305217,4891
2446.5428674979103,4892
3617.17810898605,4893
0.0,4894
0.0,4895
0.0,4896
0.0,4897
0.0,4898
0.0,4899
0.0,4900
533.257113899263,4901
3675.935059247559,4902
0.0,4903
883.4356273742467,4904
0.0,4905
0.0,4906
3608.46482904635,4907
0.0,4908
0.0,4909
1.2059801722411443,4910
3177.7128354785086,4911
3129.3366249225173,4912
349.31291594182153,4913
0.0,4914
0.0,4915
568.085646193618,4916
2245.778302171913,4917
2220.752265285653,4918
199.03770419132763,4919
0.0,4920
0.0,4921
0.0,4922
0.0,4923
0.0,4924
0.0,4925
0.0,4926
0.0,4927
212.11738599010482,4928
0.0,4929
2200.1674839914267,4930
140.16971607481042,4931
0.0,4932
0.0,4933
173.19543014093912,4934
319.24280412179877,4935
0.0,4936
169.23514236187972,4937
0.0,4938
0.0,4939
0.0,4940
0.0,4941
0.0,4942
1268.804093599574,4943
0.0,4944
0.0,4945
0.0,4946
0.0,4947
0.0,4948
0.0,4949
0.0,4950
751.2108717161495,4951
1363.39795271759,4952
1375.360756024276,4953
0.0,4954
1282.2085661694343,4955
0.0,4956
0.0,4957
0.0,4958
0.0,4959
828.6401795446284,4960
0.0,4961
0.0,4962
0.0,4963
0.0,4964
2456.3773680220615,4965
0.0,4966
0.0,4967
0.0,4968
0.0,4969
0.0,4970
0.0,4971
0.0,4972
0.0,4973
0.0,4974
0.0,4975
0.0,4976
0.0,4977
0.0,4978
0.0,4979
0.0,4980
0.0,4981
678.0691486066056,4982
0.0,4983
0.0,4984
0.0,4985
0.0,4986
0.0,4987
621.16168689439,4988
0.0,4989
0.0,4990
0.0,4991
0.0,4992
0.0,4993
0.0,4994
0.0,4995
0.0,4996
0.0,4997
0.0,4998
0.0,4999
0.0,5000
0.0,5001
0.0,5002
0.0,5003
0.0,5004
0.0,5005
0.0,5006
0.0,5007
0.0,5008
0.0,5009
0.0,5010
0.0,5011
0.0,5012
0.0,5013
0.0,5014
0.0,5015
0.0,5016
0.0,5017
0.0,5018
0.0,5019
0.0,5020
0.0,5021
341.2918245493681,5022
0.0,5023
0.0,5024
0.0,5025
0.0,5026
0.0,5027
0.0,5028
0.0,5029
0.0,5030
0.0,5031
0.0,5032
0.0,5033
0.0,5034
0.0,5035
0.0,5036
316.37507224087585,5037
0.0,5038
0.0,5039
0.0,5040
0.0,5041
0.0,5042
0.0,5043
0.0,5044
0.0,5045
0.0,5046
0.0,5047
0.0,5048
0.0,5049
0.0,5050
33.899148976625874,5051
788.9462747997454,5052
87.06144848650928,5053
0.0,5054
863.4288201068658,5055
419.9320954655573,5056
811.422960152856,5057
0.0,5058
0.0,5059
1000.882320676457,5060
0.0,5061
0.0,5062
0.0,5063
0.0,5064
0.0,5065
0.0,5066
0.0,5067
0.0,5068
0.0,5069
0.0,5070
0.0,5071
0.0,5072
0.0,5073
1203.1421588968874,5074
0.0,5075
733.982723885714,5076
0.0,5077
0.0,5078
0.0,5079
0.0,5080
0.0,5081
0.0,5082
0.0,5083
0.0,5084
0.0,5085
0.0,5086
0.0,5087
0.0,5088
0.0,5089
0.0,5090
0.0,5091
0.0,5092
0.0,5093
0.0,5094
0.0,5095
0.0,5096
0.0,5097
0.0,5098
0.0,5099
0.0,5100
0.0,5101
3218.527368014954,5102
0.0,5103
0.0,5104
0.0,5105
0.0,5106
0.0,5107
0.0,5108
0.0,5109
0.0,5110
0.0,5111
0.0,5112
188.52889632722676,5113
0.0,5114
0.0,5115
0.0,5116
0.0,5117
0.0,5118
0.0,5119
1390.783658152139,5120
475.23915272632047,5121
0.0,5122
0.0,5123
268.49204793992385,5124
0.0,5125
0.0,5126
153.2511015274005,5127
353.73441738520506,5128
0.0,5129
385.14253196689805,5130
0.0,5131
0.0,5132
0.0,5133
0.0,5134
0.0,5135
0.0,5136
0.0,5137
0.0,5138
400.6625787533149,5139
0.0,5140
0.0,5141
0.0,5142
0.0,5143
0.0,5144
0.0,5145
0.0,5146
0.0,5147
0.0,5148
0.0,5149
0.0,5150
0.0,5151
0.0,5152
0.0,5153
1722.6240242853266,5154
0.0,5155
0.0,5156
0.0,5157
0.0,5158
0.0,5159
0.0,5160
0.0,5161
0.0,5162
0.0,5163
1896.0547870090654,5164
249.6707012947963,5165
0.0,5166
0.0,5167
0.0,5168
3204.1475590074097,5169
80.17250506149128,5170
0.0,5171
1376.4287095656573,5172
0.0,5173
0.0,5174
0.0,5175
0.0,5176
3.7173477207674495,5177
1487.7671424788496,5178
1339.7875979334983,5179
0.0,5180
0.0,5181
687.159064228589,5182
0.0,5183
0.0,5184
2440.831098283763,5185
0.0,5186
0.0,5187
0.0,5188
844.8531167096611,5189
0.0,5190
0.0,5191
0.0,5192
0.0,5193
0.0,5194
0.0,5195
0.0,5196
0.0,5197
0.0,5198
0.0,5199
0.0,5200
0.0,5201
0.0,5202
0.0,5203
0.0,5204
0.0,5205
0.0,5206
101.01380708576484,5207
0.0,5208
0.0,5209
0.0,5210
516.0995962725054,5211
0.0,5212
0.0,5213
0.0,5214
0.0,5215
0.0,5216
0.0,5217
0.0,5218
0.0,5219
0.0,5220
0.0,5221
0.0,5222
0.0,5223
0.0,5224
0.0,5225
0.0,5226
0.0,5227
0.0,5228
0.0,5229
0.0,5230
0.0,5231
1527.81140457633,5232
627.8509746588859,5233
0.0,5234
0.0,5235
0.0,5236
0.0,5237
0.0,5238
0.0,5239
0.0,5240
0.0,5241
0.0,5242
0.0,5243
0.0,5244
0.0,5245
0.0,5246
0.0,5247
0.0,5248
0.0,5249
0.0,5250
2082.7486291107352,5251
0.0,5252
0.0,5253
0.0,5254
0.0,5255
0.0,5256
0.0,5257
0.0,5258
0.0,5259
0.0,5260
0.0,5261
0.0,5262
0.0,5263
0.0,5264
0.0,5265
0.0,5266
0.0,5267
0.0,5268
0.0,5269
0.0,5270
0.0,5271
0.0,5272
7526.888674012511,5273
0.0,5274
0.0,5275
0.0,5276
0.0,5277
0.0,5278
0.0,5279
0.0,5280
0.0,5281
0.0,5282
0.0,5283
0.0,5284
3743.204884865212,5285
2197.5959793310094,5286
0.0,5287
0.0,5288
0.0,5289
0.0,5290
0.0,5291
0.0,5292
0.0,5293
0.0,5294
0.0,5295
0.0,5296
0.0,5297
0.0,5298
0.0,5299
904.7380710870605,5300
0.0,5301
0.0,5302
0.0,5303
0.0,5304
0.0,5305
0.0,5306
0.0,5307
0.0,5308
0.0,5309
0.0,5310
0.0,5311
0.0,5312
27.92543898933664,5313
3437.1086038271956,5314
0.0,5315
0.0,5316
0.0,5317
0.0,5318
0.0,5319
0.0,5320
0.0,5321
0.0,5322
0.0,5323
0.0,5324
0.0,5325
0.0,5326
0.0,5327
0.0,5328
0.0,5329
0.0,5330
0.0,5331
0.0,5332
0.0,5333
0.0,5334
0.0,5335
0.0,5336
0.0,5337
0.0,5338
0.0,5339
2609.997346057461,5340
0.0,5341
0.0,5342
0.0,5343
0.0,5344
0.0,5345
0.0,5346
0.0,5347
0.0,5348
0.0,5349
0.0,5350
0.0,5351
0.0,5352
1055.2913299650154,5353
0.0,5354
7617.097020909842,5355
0.0,5356
0.0,5357
0.0,5358
0.0,5359
0.0,5360
943.2568040520898,5361
0.0,5362
0.0,5363
0.0,5364
0.0,5365
0.0,5366
0.0,5367
6692.179131274599,5368
0.0,5369
0.0,5370
0.0,5371
0.0,5372
0.0,5373
0.0,5374
0.0,5375
0.0,5376
0.0,5377
3893.1033372596216,5378
0.0,5379
0.0,5380
0.0,5381
0.0,5382
0.0,5383
2.006197967683691,5384
0.0,5385
0.0,5386
0.0,5387
0.0,5388
0.0,5389
0.0,5390
0.0,5391
0.0,5392
0.0,5393
0.0,5394
0.0,5395
0.0,5396
32.47869039454571,5397
0.0,5398
0.0,5399
0.0,5400
1318.5753989427506,5401
0.0,5402
0.0,5403
0.0,5404
0.0,5405
0.0,5406
0.0,5407
0.0,5408
0.0,5409
0.0,5410
0.0,5411
0.0,5412
0.0,5413
0.0,5414
0.0,5415
0.0,5416
0.0,5417
0.0,5418
0.0,5419
0.0,5420
0.0,5421
0.0,5422
0.0,5423
0.0,5424
0.0,5425
0.0,5426
0.0,5427
0.0,5428
0.0,5429
0.0,5430
0.0,5431
0.0,5432
0.0,5433
0.0,5434
12818.36088176729,5435
0.0,5436
6346.600978764569,5437
9565.09116828744,5438
0.0,5439
0.0,5440
0.0,5441
0.0,5442
0.0,5443
9573.96026578856,5444
0.0,5445
0.0,5446
0.0,5447
1171.6614161901068,5448
0.0,5449
0.0,5450
1969.535491629881,5451
0.0,5452
0.0,5453
929.2193383512019,5454
633.8853635202262,5455
0.0,5456
0.0,5457
2753.674817763822,5458
0.0,5459
0.0,5460
7547.459362051771,5461
37.55977900153047,5462
0.0,5463
365.31512080978894,5464
0.0,5465
0.0,5466
0.0,5467
0.0,5468
0.0,5469
0.0,5470
657.9257253567511,5471
0.0,5472
0.0,5473
0.0,5474
7338.9135444673575,5475
7049.145949476231,5476
0.0,5477
0.0,5478
33.85137485621598,5479
1113.5332684194962,5480
0.0,5481
0.0,5482
0.0,5483
0.0,5484
0.0,5485
763.2966105133763,5486
0.0,5487
0.0,5488
0.0,5489
0.0,5490
2545.290860506958,5491
0.0,5492
224.21273883892678,5493
1978.1569342831626,5494
0.0,5495
1759.1605931563815,5496
1160.7083687097484,5497
0.0,5498
1213.4449489766841,5499
204.21645658600121,5500
1438.3701028327903,5501
0.0,5502
2633.195666459404,5503
215.75441562182084,5504
2225.1915092573986,5505
1699.6162684755175,5506
266.7798457255352,5507
0.0,5508
0.0,5509
2786.9479663078614,5510
0.0,5511
0.0,5512
167.84329022804542,5513
0.0,5514
0.0,5515
2678.453379174587,5516
0.0,5517
1003.3674287151761,5518
0.0,5519
0.0,5520
0.0,5521
0.0,5522
0.0,5523
0.0,5524
0.0,5525
1358.6419883434544,5526
0.0,5527
2426.9880294448712,5528
0.0,5529
882.9887446040277,5530
115.77912912640022,5531
2290.255985300675,5532
0.0,5533
2156.9459271905907,5534
0.0,5535
0.0,5536
0.0,5537
0.0,5538
0.0,5539
211.64348512096308,5540
0.0,5541
0.0,5542
0.0,5543
0.0,5544
3201.860164946967,5545
2642.726782381094,5546
0.0,5547
0.0,5548
0.0,5549
3531.830448312724,5550
973.7251180550711,5551
0.0,5552
1643.8722319890142,5553
2251.020415812957,5554
0.0,5555
2326.0907408758967,5556
2188.1952784505015,5557
1246.6332493447962,5558
0.0,5559
0.0,5560
0.0,5561
365.31575167423404,5562
5898.98299210879,5563
3674.978731293754,5564
2459.819535708913,5565
0.0,5566
0.0,5567
103.81579884261906,5568
0.0,5569
0.0,5570
0.0,5571
445.016959948392,5572
0.0,5573
0.0,5574
0.0,5575
0.0,5576
0.0,5577
0.0,5578
3433.5773428659522,5579
0.0,5580
1058.372157378783,5581
0.0,5582
685.3527297827242,5583
0.0,5584
670.0421524693079,5585
0.0,5586
1000.616143371055,5587
292.58307608912673,5588
0.0,5589
4203.688893928686,5590
0.0,5591
0.0,5592
0.0,5593
0.0,5594
0.0,5595
903.598738909216,5596
0.0,5597
323.283058742772,5598
1466.8970746249497,5599
0.0,5600
1382.8484700659121,5601
1333.4264573146042,5602
0.0,5603
142.58604199907433,5604
47.07959185943372,5605
1344.524123973805,5606
0.0,5607
1338.3393775858713,5608
16.33682250189682,5609
0.0,5610
0.0,5611
0.0,5612
1360.3145069852173,5613
0.0,5614
0.0,5615
275.5534893912796,5616
2568.094434370284,5617
2461.2463212151342,5618
0.0,5619
0.0,5620
1253.4281252546373,5621
0.0,5622
1.6753085143023057,5623
1111.1122379833942,5624
98.83628092152743,5625
37.224695215188554,5626
0.0,5627
0.0,5628
0.0,5629
0.0,5630
0.0,5631
0.0,5632
0.0,5633
0.0,5634
0.0,5635
0.0,5636
0.0,5637
4289.556993293751,5638
0.0,5639
0.0,5640
4184.201204950342,5641
0.0,5642
0.0,5643
0.0,5644
749.2668907818417,5645
0.0,5646
0.0,5647
231.74701965222275,5648
0.0,5649
0.0,5650
0.0,5651
0.0,5652
0.0,5653
335.1258757520209,5654
0.0,5655
0.0,5656
0.0,5657
0.0,5658
0.0,5659
1169.3829795333322,5660
0.0,5661
0.0,5662
2.108236590198689,5663
0.0,5664
131.67651469472216,5665
1971.9790147941494,5666
0.0,5667
0.0,5668
21209.64540743148,5669
0.0,5670
0.0,5671
243.91145515773786,5672
0.0,5673
0.0,5674
653.1086608796381,5675
528.7845412776209,5676
0.0,5677
0.0,5678
0.0,5679
4143.213547375803,5680
0.0,5681
0.0,5682
0.0,5683
0.0,5684
377.26922201527543,5685
0.0,5686
4021.8995256161547,5687
0.0,5688
2368.293176388435,5689
0.0,5690
891.8503893547581,5691
0.0,5692
0.0,5693
0.0,5694
0.0,5695
0.0,5696
366.12767839982575,5697
0.0,5698
0.0,5699
0.0,5700
1531.6222405214376,5701
0.0,5702
0.0,5703
271.7678496212663,5704
0.0,5705
0.0,5706
3931.5391607361043,5707
0.0,5708
2334.124793792875,5709
0.0,5710
0.0,5711
0.0,5712
4470.665433834644,5713
4375.561217616106,5714
4301.881987471163,5715
0.0,5716
0.0,5717
0.0,5718
0.0,5719
0.0,5720
0.0,5721
0.0,5722
0.0,5723
0.0,5724
0.0,5725
147.2977883592433,5726
0.0,5727
0.0,5728
0.0,5729
0.0,5730
0.0,5731
0.0,5732
0.0,5733
0.0,5734
21.87391802125432,5735
0.0,5736
0.0,5737
80.42259532847602,5738
73.8768862829593,5739
0.0,5740
79.57784112345826,5741
0.0,5742
92.97053272428926,5743
0.0,5744
0.0,5745
0.0,5746
0.0,5747
0.0,5748
106.41285100245292,5749
115.1524054931312,5750
1205.2037081562466,5751
109.25865393899929,5752
0.0,5753
0.0,5754
0.0,5755
104.88979038784173,5756
0.0,5757
0.0,5758
0.0,5759
95.617879631696,5760
0.0,5761
1093.0820679363155,5762
75.3616429840254,5763
0.0,5764
63.17067274142659,5765
52.986732305233346,5766
45.3438907222979,5767
39.87278269944508,5768
0.0,5769
35.870821647540424,5770
32.66377792717968,5771
29.74870104814145,5772
26.809905594975366,5773
23.696804980912372,5774
20.39752754600118,5775
17.00674280474777,5776
0.0,5777
13.682221201007954,5778
10.595056658551746,5779
7.885957548973442,5780
0.0,5781
5.638524377386586,5782
6642.787623474207,5783
0.0,5784
0.0,5785
0.0,5786
964.9928330857042,5787
0.0,5788
0.0,5789
0.0,5790
0.0,5791
0.0,5792
0.0,5793
0.0,5794
0.0,5795
0.0,5796
0.0,5797
0.0,5798
0.0,5799
43.5354694202642,5800
0.0,5801
390.28017142412835,5802
73.72717855227835,5803
0.0,5804
0.0,5805
0.0,5806
0.0,5807
0.0,5808
0.0,5809
0.0,5810
0.0,5811
0.0,5812
0.0,5813
0.0,5814
0.0,5815
0.0,5816
0.0,5817
0.0,5818
0.0,5819
0.0,5820
0.0,5821
0.0,5822
0.0,5823
0.0,5824
0.0,5825
0.0,5826
0.0,5827
0.0,5828
0.0,5829
0.0,5830
848.9384618074113,5831
0.0,5832
0.0,5833
0.0,5834
212.9641391991774,5835
0.0,5836
0.0,5837
0.0,5838
0.0,5839
0.0,5840
0.0,5841
0.0,5842
0.0,5843
0.0,5844
0.0,5845
0.0,5846
0.0,5847
0.0,5848
0.0,5849
0.0,5850
0.0,5851
47.36584570675601,5852
0.0,5853
0.0,5854
0.0,5855
0.0,5856
2182.17530494293,5857
1549.8884477433594,5858
2645.090120012753,5859
2460.613509288992,5860
2312.9527234629786,5861
2246.1435182337527,5862
845.1719079120439,5863
2006.9107689114999,5864
0.0,5865
0.0,5866
354.04079377341355,5867
1752.6596098184305,5868
1611.7229873632648,5869
1468.1620904308804,5870
1276.4878119864295,5871
844.0028530312592,5872
0.0,5873
0.0,5874
880.4286834087113,5875
1152.8495586015424,5876
0.0,5877
1087.4761540517732,5878
954.8453079722584,5879
837.2040860561895,5880
379.19991328752,5881
0.0,5882
781.1397131360346,5883
720.9400676590942,5884
0.0,5885
0.0,5886
0.0,5887
0.0,5888
0.0,5889
4122.719025950011,5890
939.1244482087847,5891
0.0,5892
4347.240685040555,5893
0.0,5894
0.0,5895
0.0,5896
401.39085183361044,5897
0.0,5898
0.0,5899
519.8829111832066,5900
1251.7124349408878,5901
153.11014829416226,5902
2351.9542726753693,5903
0.0,5904
0.0,5905
0.0,5906
0.0,5907
258.3791483547026,5908
293.6040883876316,5909
298.2230614003601,5910
0.0,5911
0.0,5912
9297.222163989842,5913
0.0,5914
0.0,5915
0.0,5916
0.0,5917
300.9308548465942,5918
0.0,5919
1437.7189051772295,5920
0.0,5921
0.0,5922
225.48273937464498,5923
803.507481186412,5924
0.0,5925
0.0,5926
990.4899363659958,5927
0.0,5928
2302.8833592879073,5929
0.0,5930
0.0,5931
0.0,5932
0.0,5933
0.0,5934
0.0,5935
412.1412851403455,5936
0.0,5937
0.0,5938
0.0,5939
0.0,5940
0.0,5941
0.0,5942
0.0,5943
0.0,5944
28475.181172450884,5945
0.0,5946
0.0,5947
0.0,5948
0.0,5949
522.1666876945378,5950
0.0,5951
0.0,5952
0.0,5953
0.0,5954
0.0,5955
0.0,5956
0.0,5957
0.0,5958
0.0,5959
0.0,5960
0.0,5961
0.0,5962
0.0,5963
0.0,5964
0.0,5965
0.0,5966
0.0,5967
0.0,5968
0.0,5969
0.0,5970
0.0,5971
0.0,5972
0.0,5973
0.0,5974
1231.0619274047137,5975
4436.567703857332,5976
30.443874767713655,5977
0.0,5978
0.0,5979
0.0,5980
0.0,5981
0.0,5982
0.0,5983
0.0,5984
0.0,5985
0.0,5986
0.0,5987
0.0,5988
0.0,5989
0.0,5990
0.0,5991
0.0,5992
0.0,5993
0.0,5994
0.0,5995
0.0,5996
0.0,5997
0.0,5998
0.0,5999
0.0,6000
0.0,6001
147.79205111793286,6002
0.0,6003
38.37822414177473,6004
0.0,6005
0.0,6006
0.0,6007
0.0,6008
0.0,6009
0.0,6010
391.15217146734716,6011
415.0786296568145,6012
396.44102800939993,6013
0.0,6014
0.0,6015
363.4738224214558,6016
225.22532986006456,6017
0.0,6018
0.0,6019
0.0,6020
0.0,6021
0.0,6022
243.61889673300664,6023
360.46879782542584,6024
312.3654603649125,6025
0.0,6026
255.17875634913875,6027
195.5568110067963,6028
0.0,6029
0.0,6030
0.0,6031
1094.2151378086674,6032
19.128323690451744,6033
45.956662744539805,6034
0.0,6035
0.0,6036
0.0,6037
14677.0572125486,6038
0.0,6039
0.0,6040
0.0,6041
0.0,6042
0.0,6043
0.0,6044
0.0,6045
0.0,6046
0.0,6047
0.0,6048
0.0,6049
0.0,6050
0.0,6051
0.0,6052
0.0,6053
0.0,6054
0.0,6055
0.0,6056
0.0,6057
0.0,6058
1207.9730976023727,6059
19551.178701532488,6060
1447.4227720828237,6061
0.0,6062
0.0,6063
0.0,6064
0.0,6065
0.0,6066
0.0,6067
0.0,6068
0.0,6069
0.0,6070
0.0,6071
0.0,6072
0.0,6073
0.0,6074
0.0,6075
0.0,6076
0.0,6077
0.0,6078
0.0,6079
0.0,6080
0.0,6081
603.6889938273325,6082
0.0,6083
0.0,6084
0.0,6085
0.0,6086
0.0,6087
0.0,6088
0.0,6089
0.0,6090
0.0,6091
0.0,6092
1958.6633615890228,6093
0.0,6094
0.0,6095
0.0,6096
0.0,6097
0.0,6098
0.0,6099
0.0,6100
63.36037759163346,6101
0.0,6102
0.0,6103
0.0,6104
0.0,6105
0.0,6106
0.0,6107
0.0,6108
0.0,6109
0.0,6110
0.0,6111
0.0,6112
0.0,6113
0.0,6114
0.0,6115
0.0,6116
7389.765883523708,6117
0.0,6118
0.0,6119
0.0,6120
0.0,6121
0.0,6122
0.0,6123
0.0,6124
0.0,6125
0.0,6126
304.5766035085636,6127
0.0,6128
0.0,6129
0.0,6130
0.0,6131
0.0,6132
0.0,6133
0.0,6134
0.0,6135
0.0,6136
0.0,6137
0.0,6138
0.0,6139
0.0,6140
0.0,6141
420.3664351975765,6142
0.0,6143
0.0,6144
0.0,6145
0.0,6146
0.0,6147
0.0,6148
0.0,6149
0.0,6150
0.0,6151
0.0,6152
0.0,6153
0.0,6154
0.0,6155
0.0,6156
0.0,6157
0.0,6158
0.0,6159
0.0,6160
0.0,6161
409.5699265878905,6162
0.0,6163
0.0,6164
298.8739002073879,6165
0.0,6166
0.0,6167
191.14129561358672,6168
0.0,6169
0.0,6170
0.0,6171
0.0,6172
0.0,6173
0.0,6174
0.0,6175
0.0,6176
725.3908021313448,6177
0.0,6178
0.0,6179
0.0,6180
0.0,6181
0.0,6182
0.0,6183
521.4284182444852,6184
0.0,6185
0.0,6186
0.0,6187
0.0,6188
0.0,6189
0.0,6190
0.0,6191
0.0,6192
0.0,6193
0.0,6194
0.0,6195
0.0,6196
0.0,6197
0.0,6198
0.0,6199
0.0,6200
0.0,6201
0.0,6202
0.0,6203
0.0,6204
0.0,6205
0.0,6206
0.0,6207
0.0,6208
0.0,6209
0.0,6210
0.0,6211
6.971003615821432,6212
0.0,6213
0.0,6214
0.0,6215
0.0,6216
0.0,6217
0.0,6218
0.0,6219
0.0,6220
0.0,6221
0.0,6222
0.0,6223
0.0,6224
0.0,6225
0.0,6226
0.0,6227
0.0,6228
0.0,6229
3883.109103332838,6230
0.0,6231
0.0,6232
0.0,6233
0.0,6234
161.0366699228208,6235
0.0,6236
0.0,6237
0.0,6238
0.0,6239
3606.8112671543836,6240
0.0,6241
0.0,6242
0.0,6243
0.0,6244
0.0,6245
0.0,6246
0.0,6247
0.0,6248
3644.758108715986,6249
0.0,6250
0.0,6251
0.0,6252
0.0,6253
0.0,6254
0.0,6255
0.0,6256
0.0,6257
0.0,6258
0.0,6259
0.0,6260
0.0,6261
0.0,6262
0.0,6263
0.0,6264
0.0,6265
0.0,6266
3520.848127360315,6267
0.0,6268
0.0,6269
10925.03767312575,6270
3001.209901494686,6271
0.0,6272
86.25996640040799,6273
4372.328623985757,6274
0.0,6275
0.0,6276
668.2056669881997,6277
33.94399974766688,6278
650.8752454283064,6279
693.7233167132947,6280
754.2647521379439,6281
1631.1163233172383,6282
1167.3923784520396,6283
1408.818151722031,6284
757.1605085896505,6285
2570.5953013122694,6286
2104.21935441905,6287
2305.157116512559,6288
7074.8306937974985,6289
2429.2488341568373,6290
2580.0464320828733,6291
3345.730907002694,6292
2855.8021040398635,6293
3354.1024542709774,6294
2968.501162622667,6295
3149.276668980615,6296
3277.724184960687,6297
3925.9245287875547,6298
3351.2591774940815,6299
0.0,6300
448.96567498317177,6301
3542.9455682492735,6302
97.62875617757399,6303
3185.3285505211634,6304
0.0,6305
0.0,6306
0.0,6307
0.0,6308
0.0,6309
0.0,6310
427.48463567940365,6311
815.7887849589714,6312
965.0936111254878,6313
1018.2219000384389,6314
1024.5273829256632,6315
1009.6134855078118,6316
0.0,6317
988.2506620408078,6318
967.2441419791858,6319
947.0332957518536,6320
923.6629352749513,6321
891.1349341969443,6322
843.8330142678311,6323
3747.7742642630424,6324
925.0536987116607,6325
863.9337950135978,6326
760.4707510837703,6327
625.7226227243798,6328
287.76464724099037,6329
376.27781956347275,6330
1379.0911596905019,6331
0.0,6332
292.55602587585383,6333
286.21771704227285,6334
277.91941986163846,6335
258.8439282582673,6336
935.4676447086234,6337
0.0,6338
196.26745263101066,6339
133.85901316614724,6340
80.15235190430215,6341
1617.7331954942106,6342
404.07106830874204,6343
42.13845956615155,6344
59.65709023376248,6345
0.0,6346
37.4091193189351,6347
19.931844688383197,6348
9.093971107104313,6349
3.614159381327912,6350
1.2729534815844452,6351
0.4033132186910282,6352
0.11638279358221143,6353
0.0,6354
4.923073366931548,6355
5.333847121352645,6356
1461.6943098862532,6357
0.5452498640340094,6358
0.11870146157462365,6359
0.01401953422995356,6360
0.0013464157138803003,6361
0.00011514817386742747,6362
9.104597327082575e-06,6363
6.791434869273686e-07,6364
0.0,6365
4.840078295486404e-08,6366
1000.6692770449907,6367
0.0,6368
0.0,6369
0.0,6370
0.0,6371
0.0,6372
0.0,6373
0.0,6374
3008.140840705504,6375
2798.067415877945,6376
2590.2842691852525,6377
0.0,6378
1765.9683596749899,6379
2047.6812299459486,6380
2018.0958013927007,6381
78.45296729128808,6382
0.0,6383
6768.76640761469,6384
0.0,6385
3116.0349108132077,6386
0.0,6387
787.2883956120486,6388
0.0,6389
0.0,6390
0.0,6391
0.0,6392
0.0,6393
0.0,6394
0.0,6395
0.0,6396
0.0,6397
0.0,6398
0.0,6399
0.0,6400
0.0,6401
0.0,6402
0.0,6403
0.0,6404
0.0,6405
0.0,6406
878.181954026824,6407
3025.8381697301197,6408
3248.50064149763,6409
486.75212297618833,6410
0.0,6411
0.0,6412
3.512178036055874,6413
0.22514736192350257,6414
850.7317271694284,6415
2443.650274135524,6416
1360.5119962547913,6417
0.0,6418
294.3551083857731,6419
0.0,6420
8085.551544562554,6421
2401.2351719959524,6422
0.0,6423
0.0,6424
0.0,6425
0.0,6426
0.0,6427
94.7686195798977,6428
0.0,6429
0.0,6430
0.0,6431
0.0,6432
85.06381840126556,6433
0.0,6434
34.09427474720543,6435
0.0,6436
0.0,6437
0.0,6438
0.0,6439
0.0,6440
0.0,6441
0.0,6442
0.0,6443
0.0,6444
0.0,6445
0.0,6446
0.0,6447
0.0,6448
0.0,6449
0.0,6450
0.0,6451
0.0,6452
0.0,6453
0.0,6454
0.0,6455
0.0,6456
0.0,6457
0.0,6458
0.0,6459
0.0,6460
0.0,6461
0.0,6462
0.0,6463
1164.3822926326118,6464
0.0,6465
0.0,6466
0.0,6467
0.0,6468
0.0,6469
0.0,6470
0.0,6471
0.0,6472
0.0,6473
0.0,6474
0.0,6475
0.0,6476
0.0,6477
0.0,6478
0.0,6479
0.0,6480
0.0,6481
0.0,6482
0.0,6483
144.2423014054493,6484
0.0,6485
0.0,6486
1175.1401597070915,6487
0.0,6488
0.0,6489
0.0,6490
0.0,6491
0.0,6492
0.0,6493
0.0,6494
0.0,6495
0.0,6496
0.0,6497
0.0,6498
0.0,6499
120.23375611771327,6500
80.73305848735167,6501
3364.897597056114,6502
0.0,6503
0.0,6504
0.0,6505
371.8907033772231,6506
0.0,6507
3259.5079195077374,6508
0.0,6509
2845.84649559776,6510
2616.105111345938,6511
2037.5686488244264,6512
0.0,6513
292.1751670275362,6514
969.5518006765217,6515
0.0,6516
1255.5404712799514,6517
0.0,6518
0.0,6519
0.0,6520
0.0,6521
0.0,6522
0.0,6523
0.0,6524
0.0,6525
0.0,6526
0.0,6527
0.0,6528
1511.3668223113546,6529
3217.5186497911277,6530
0.0,6531
0.0,6532
0.0,6533
0.0,6534
315.5253602182343,6535
0.0,6536
0.0,6537
198.01876832818584,6538
0.0,6539
0.0,6540
0.0,6541
12.510912819987665,6542
0.0,6543
8076.373140587188,6544
0.0,6545
2585.310110513157,6546
195.96820584617126,6547
0.0,6548
0.0,6549
0.0,6550
0.0,6551
0.0,6552
1052.3023905111538,6553
0.0,6554
2863.890432909985,6555
4511.201300305736,6556
2.0128612975988553,6557
3365.8582824362375,6558
0.0,6559
4361.999181856876,6560
4283.004058707763,6561
0.0,6562
393.95172071258736,6563
1819.987112607006,6564
90.78188992832357,6565
0.0,6566
2529.2085444995805,6567
0.0,6568
963.530029146316,6569
0.0,6570
0.0,6571
3102.9779602352187,6572
0.0,6573
1146.8737682879178,6574
1541.74915246288,6575
1254.8709094467854,6576
1057.1230242045622,6577
878.6541130049706,6578
0.0,6579
216.8433505230584,6580
2808.052966175687,6581
1056.3765540684026,6582
2336.725620217544,6583
0.0,6584
0.0,6585
95.47993746347156,6586
0.0,6587
318.7292240449725,6588
0.0,6589
0.0,6590
0.0,6591
0.0,6592
0.0,6593
538.3606214521689,6594
0.0,6595
164.48718301493406,6596
0.0,6597
915.6814613680201,6598
0.0,6599
0.0,6600
526.3833418040871,6601
0.0,6602
0.0,6603
1489.2183310418468,6604
0.0,6605
2.597507556880114,6606
527.4871962963807,6607
0.0,6608
643.2318911478122,6609
0.0,6610
807.0111808215107,6611
0.0,6612
971.6130880659218,6613
0.0,6614
0.0,6615
0.0,6616
0.0,6617
1304.5644995361217,6618
0.0,6619
0.0,6620
0.0,6621
807.7663228262669,6622
0.0,6623
0.0,6624
0.0,6625
0.0,6626
0.0,6627
0.0,6628
0.0,6629
0.0,6630
0.0,6631
326.7601809842441,6632
0.0,6633
0.0,6634
6370.524053374876,6635
1109.6962673806293,6636
0.0,6637
0.0,6638
0.0,6639
0.0,6640
0.0,6641
0.0,6642
0.0,6643
0.0,6644
0.0,6645
4002.9427161501017,6646
0.0,6647
0.0,6648
0.0,6649
490.6607631865478,6650
0.0,6651
0.0,6652
0.0,6653
877.5991738641959,6654
0.0,6655
0.0,6656
462.6903681446591,6657
0.0,6658
1049.2540542290349,6659
146.57209729114038,6660
0.0,6661
696.8868769542928,6662
628.561279283686,6663
478.5861336514144,6664
0.0,6665
167.7192426458034,6666
331.008754285904,6667
276.2207786524725,6668
0.0,6669
0.0,6670
202.80477322046795,6671
2440.796565446778,6672
4559.311510508288,6673
643.6147712089218,6674
0.0,6675
0.0,6676
0.0,6677
0.0,6678
0.0,6679
0.0,6680
5304.5921134807795,6681
1325.70727767715,6682
0.0,6683
0.0,6684
4421.830841145884,6685
2123.1335447046104,6686
0.0,6687
2076.5303950324796,6688
46.80880261155907,6689
0.0,6690
0.0,6691
0.0,6692
7.796476862821685,6693
2834.267055050845,6694
5281.672556872914,6695
0.0,6696
0.0,6697
0.0,6698
3293.817382655075,6699
0.0,6700
0.0,6701
0.0,6702
0.0,6703
0.0,6704
9.415791797130543,6705
0.0,6706
0.0,6707
0.0,6708
290.41171579366994,6709
0.0,6710
0.0,6711
630.0643910566623,6712
343.37513933646346,6713
0.0,6714
0.0,6715
0.0,6716
0.0,6717
0.0,6718
0.0,6719
1018.9147230398338,6720
0.0,6721
274.7178612370512,6722
2667.150693352121,6723
0.0,6724
1.129655544725981,6725
436.402446385065,6726
0.0,6727
0.0,6728
1608.2812825560422,6729
81.01047013026684,6730
0.0,6731
565.7617977012907,6732
0.0,6733
0.0,6734
0.0,6735
0.0,6736
0.0,6737
0.0,6738
0.0,6739
0.0,6740
39.635528512566204,6741
0.0,6742
0.0,6743
0.0,6744
1223.568534502141,6745
803.9069240977573,6746
2083.758887437521,6747
1517.9584790032393,6748
0.0,6749
2098.9191759863556,6750
1289.919562039501,6751
2631.159802225139,6752
2456.8477267389458,6753
2204.372148998685,6754
1.1487316883315188,6755
0.0,6756
0.0,6757
0.0,6758
0.0,6759
868.2563175650433,6760
0.0,6761
0.0,6762
1005.0554371942854,6763
0.0,6764
0.0,6765
0.0,6766
12701.387756291459,6767
0.0,6768
0.0,6769
0.0,6770
0.0,6771
0.0,6772
6.630723674786571,6773
0.0,6774
0.0,6775
0.0,6776
0.0,6777
1.025866970971833,6778
1350.5981922320404,6779
0.0,6780
1160.760288186078,6781
934.9676008433487,6782
0.0,6783
0.0,6784
0.0,6785
0.0,6786
0.0,6787
0.0,6788
215.2425620141579,6789
122.06817220116508,6790
0.0,6791
0.0,6792
0.0,6793
0.0,6794
0.0,6795
0.0,6796
0.0,6797
0.0,6798
0.0,6799
0.0,6800
0.0,6801
0.0,6802
0.0,6803
0.0,6804
0.0,6805
0.0,6806
0.0,6807
0.0,6808
968.4075949513319,6809
0.0,6810
0.0,6811
0.0,6812
0.0,6813
0.0,6814
0.0,6815
0.0,6816
0.0,6817
0.0,6818
0.0,6819
0.0,6820
931.0607215204742,6821
2919.6295035232324,6822
0.0,6823
2740.994763651207,6824
417.18460345001193,6825
0.0,6826
0.0,6827
0.0,6828
0.0,6829
0.0,6830
0.0,6831
0.0,6832
0.0,6833
0.0,6834
0.0,6835
203.51899691483754,6836
0.0,6837
0.0,6838
126.28767499396916,6839
0.0,6840
0.0,6841
0.0,6842
0.9491447990147052,6843
906.15622114236,6844
375.2612086417192,6845
2830.448412845713,6846
217.80331867245852,6847
132.41087688669592,6848
2690.585407578747,6849
0.0,6850
2607.58554552897,6851
3904.307680509716,6852
4234.505622826283,6853
709.3236506339288,6854
2814.4375833172553,6855
0.0,6856
728.8030874385951,6857
0.0,6858
0.0,6859
0.0,6860
0.0,6861
212.95503653944073,6862
0.0,6863
31526.465229510573,6864
0.0,6865
0.0,6866
1504.167926736306,6867
0.0,6868
6259.587918100263,6869
0.0,6870
5993.766592269296,6871
0.0,6872
0.0,6873
0.0,6874
0.0,6875
0.0,6876
0.0,6877
0.0,6878
0.0,6879
0.0,6880
0.0,6881
770.0209514643337,6882
0.0,6883
0.0,6884
0.0,6885
0.0,6886
655.0403891082341,6887
0.0,6888
0.0,6889
485.531432688115,6890
0.0,6891
0.0,6892
3243.391829966102,6893
2707.294685938915,6894
790.9613308974566,6895
5076.834186496025,6896
0.0,6897
0.0,6898
0.0,6899
0.0,6900
0.0,6901
0.0,6902
1382.4061687077183,6903
915.7963997381244,6904
0.0,6905
1050.8390940154761,6906
413.1586505876072,6907
1121.7073037380455,6908
1094.9761272732458,6909
0.0,6910
273.65737736967975,6911
0.0,6912
270.2120978179532,6913
492.10881204935777,6914
6913.204031275263,6915
2316.0411149072197,6916
4874.65912119105,6917
1822.376109015781,6918
0.0,6919
0.0,6920
0.0,6921
0.0,6922
0.0,6923
0.0,6924
0.0,6925
0.0,6926
0.0,6927
0.0,6928
0.0,6929
0.0,6930
0.0,6931
668.9550224034951,6932
0.0,6933
0.0,6934
0.0,6935
0.0,6936
0.0,6937
443.59435375926387,6938
899.4365238882222,6939
0.0,6940
0.0,6941
0.0,6942
0.0,6943
0.0,6944
0.0,6945
0.0,6946
0.0,6947
429.572767958194,6948
0.0,6949
0.0,6950
0.0,6951
0.0,6952
0.0,6953
0.0,6954
0.0,6955
0.0,6956
0.0,6957
0.0,6958
1096.2612126614401,6959
0.0,6960
0.0,6961
369.5971546628085,6962
1294.2539013962078,6963
398.16514968085096,6964
706.2570072761631,6965
0.0,6966
0.0,6967
0.0,6968
0.0,6969
0.0,6970
924.7878116346426,6971
1655.4297776865387,6972
1351.6901970606202,6973
0.0,6974
0.0,6975
2520.6262014659765,6976
0.0,6977
1277.5960909824955,6978
1148.3563046909587,6979
1071.8744707464643,6980
1179.333888707661,6981
0.0,6982
2824.2860038973145,6983
1411.1260866988735,6984
1215.9962942631962,6985
1193.5980255011261,6986
1033.805988478909,6987
0.0,6988
1037.6243137384604,6989
1013.5867795288331,6990
951.923032135879,6991
0.0,6992
908.9386775934337,6993
466.2275208504436,6994
282.9385595547599,6995
602.0095681384715,6996
0.0,6997
0.0,6998
733.1154923271475,6999
949.6877000472106,7000
0.0,7001
975.3909898513342,7002
0.0,7003
954.5728014707597,7004
903.0567450782027,7005
2014.962053480464,7006
0.0,7007
0.0,7008
896.4316864117857,7009
0.0,7010
0.0,7011
0.0,7012
0.0,7013
830.828769740831,7014
2456.138113752865,7015
0.0,7016
0.0,7017
0.0,7018
0.0,7019
0.0,7020
775.8753017077642,7021
809.5401312323906,7022
798.7312122886364,7023
701.6313875782214,7024
0.0,7025
0.0,7026
0.0,7027
357.6926717686913,7028
0.0,7029
0.0,7030
1753.3690769222053,7031
1406.4999832554831,7032
0.0,7033
0.0,7034
0.0,7035
0.0,7036
0.0,7037
0.0,7038
0.0,7039
0.0,7040
0.0,7041
0.0,7042
0.0,7043
0.0,7044
0.0,7045
0.0,7046
0.0,7047
0.0,7048
0.0,7049
0.0,7050
0.0,7051
0.0,7052
0.0,7053
0.0,7054
0.0,7055
0.0,7056
0.0,7057
0.0,7058
0.0,7059
0.0,7060
0.0,7061
0.0,7062
0.0,7063
1412.108810798813,7064
0.0,7065
229.6435571432651,7066
0.0,7067
92.9111009799687,7068
0.0,7069
0.0,7070
325.77282977437255,7071
1546.5458642878295,7072
0.0,7073
0.0,7074
0.0,7075
0.0,7076
0.0,7077
0.0,7078
1709.6430056971144,7079
55.86321632243568,7080
1823.0846484162666,7081
201.37439595623385,7082
1867.4509987378938,7083
2014.1701750675988,7084
0.0,7085
1748.736366252221,7086
2004.8910593642795,7087
48.460113921201504,7088
344.43730491654077,7089
0.0,7090
1283.4043228250996,7091
0.0,7092
0.0,7093
0.0,7094
0.0,7095
0.0,7096
0.0,7097
582.0013182033889,7098
0.0,7099
1129.2258167725502,7100
0.0,7101
327.13198571196665,7102
713.7348907935974,7103
0.0,7104
42.90734370061164,7105
983.3009416908471,7106
1125.0615365152353,7107
0.0,7108
1124.2277585361678,7109
575.1919101985212,7110
0.0,7111
2230.2719520326764,7112
174.29766264000583,7113
243.55394472282583,7114
0.0,7115
871.8794185554481,7116
0.0,7117
0.0,7118
2012.972286042972,7119
2038.0897328245865,7120
2833.73338968872,7121
1912.7465612418084,7122
582.3273105727662,7123
0.0,7124
0.0,7125
0.0,7126
0.0,7127
0.0,7128
65.9948867953759,7129
52.642022750269206,7130
1569.861266867504,7131
0.0,7132
7493.519332249267,7133
2224.65810191476,7134
0.0,7135
0.0,7136
1256.4397631532677,7137
0.0,7138
7367.435317109555,7139
726.2763353027807,7140
7245.019619398957,7141
1726.9076063111593,7142
0.0,7143
0.0,7144
0.0,7145
0.0,7146
804.9487521596694,7147
0.0,7148
22.121156667921163,7149
0.0,7150
63.28395934816952,7151
0.0,7152
0.0,7153
471.790582261184,7154
0.0,7155
0.0,7156
0.0,7157
0.0,7158
0.0,7159
0.0,7160
3993.9830637278387,7161
0.0,7162
0.0,7163
2695.0839092824503,7164
0.0,7165
491.2679533977714,7166
0.0,7167
0.0,7168
0.0,7169
0.0,7170
0.0,7171
0.0,7172
0.0,7173
0.0,7174
0.0,7175
1382.623089441495,7176
0.0,7177
0.0,7178
2194.1169465596695,7179
275.11132544203696,7180
0.0,7181
0.0,7182
0.0,7183
6720.2282716056925,7184
0.0,7185
0.0,7186
0.0,7187
0.0,7188
0.0,7189
0.0,7190
0.0,7191
0.0,7192
0.0,7193
0.0,7194
0.0,7195
112.22131378346299,7196
49.752730490056805,7197
0.0,7198
0.0,7199
0.0,7200
0.0,7201
0.0,7202
0.0,7203
0.0,7204
0.0,7205
0.0,7206
0.0,7207
0.0,7208
0.0,7209
0.0,7210
0.0,7211
0.0,7212
0.0,7213
0.0,7214
0.0,7215
0.0,7216
0.0,7217
0.0,7218
0.0,7219
0.0,7220
0.0,7221
0.0,7222
0.0,7223
0.0,7224
0.0,7225
0.0,7226
0.0,7227
15826.851110764757,7228
0.0,7229
289.32193554303876,7230
0.0,7231
0.0,7232
0.0,7233
0.0,7234
0.0,7235
1279.4324272455294,7236
0.0,7237
159.804353722547,7238
0.0,7239
0.0,7240
2269.316603429992,7241
0.0,7242
0.0,7243
0.0,7244
0.0,7245
0.0,7246
159.54264927325048,7247
0.0,7248
0.0,7249
0.0,7250
0.0,7251
0.0,7252
0.0,7253
0.0,7254
0.0,7255
0.0,7256
569.8685855528872,7257
0.0,7258
502.4779265369714,7259
445.9485319435824,7260
0.0,7261
0.0,7262
64.18693095811078,7263
0.0,7264
0.0,7265
0.0,7266
1934.8086993416923,7267
1845.426324056873,7268
0.0,7269
0.0,7270
0.0,7271
0.0,7272
702.6814887290014,7273
0.0,7274
383.14216533300464,7275
0.0,7276
2142.961366879431,7277
0.0,7278
2260.295747038165,7279
0.0,7280
0.0,7281
0.0,7282
0.0,7283
0.0,7284
0.0,7285
0.0,7286
762.4388863123282,7287
1376.2144509090901,7288
1672.0585519844533,7289
0.0,7290
0.0,7291
0.0,7292
0.0,7293
0.0,7294
0.0,7295
0.0,7296
0.0,7297
0.0,7298
0.0,7299
0.0,7300
0.0,7301
0.0,7302
0.0,7303
0.0,7304
0.0,7305
0.0,7306
0.0,7307
0.0,7308
0.0,7309
0.0,7310
0.0,7311
0.0,7312
0.0,7313
0.0,7314
0.0,7315
0.0,7316
0.0,7317
0.0,7318
0.0,7319
0.0,7320
0.0,7321
0.0,7322
0.0,7323
0.0,7324
0.0,7325
0.0,7326
0.0,7327
0.0,7328
0.0,7329
0.0,7330
34.07982273667997,7331
0.0,7332
0.0,7333
0.0,7334
0.0,7335
0.0,7336
0.0,7337
0.0,7338
505.6665833460767,7339
0.0,7340
0.0,7341
481.4388652423481,7342
0.0,7343
0.0,7344
0.0,7345
0.0,7346
0.0,7347
0.0,7348
0.0,7349
0.0,7350
0.0,7351
1182.4161058846164,7352
1924.680367258273,7353
0.0,7354
0.0,7355
0.0,7356
0.0,7357
0.0,7358
0.0,7359
0.0,7360
0.0,7361
0.0,7362
0.0,7363
0.0,7364
0.0,7365
0.0,7366
0.0,7367
1445.6602198624112,7368
0.0,7369
0.0,7370
0.0,7371
0.0,7372
0.0,7373
0.0,7374
0.0,7375
1032.4474541667778,7376
0.0,7377
0.0,7378
0.0,7379
1298.4938570708252,7380
0.0,7381
0.0,7382
3499.0374936207086,7383
0.0,7384
2513.585548534645,7385
206.14830977866308,7386
4145.841616924681,7387
0.0,7388
407.11982712462617,7389
0.0,7390
2398.5697179059853,7391
2348.1446272884373,7392
2254.4487461486387,7393
3174.2000207318215,7394
2989.8510750818496,7395
1799.8945051616918,7396
1864.952215180302,7397
2378.6274706505883,7398
0.0,7399
226.97284290389248,7400
0.0,7401
232.300195332294,7402
1957.5018560684548,7403
0.0,7404
0.0,7405
3009.2776012301515,7406
0.0,7407
0.0,7408
0.0,7409
0.0,7410
0.0,7411
0.0,7412
329.73863756547684,7413
0.0,7414
2036.389096901943,7415
0.0,7416
0.0,7417
165.77441218936158,7418
0.0,7419
0.0,7420
0.0,7421
0.0,7422
0.0,7423
0.0,7424
152.6835640533193,7425
0.0,7426
46.81245565473574,7427
0.0,7428
0.0,7429
320.63108972311863,7430
0.0,7431
0.0,7432
0.0,7433
0.0,7434
175.18342316498834,7435
0.0,7436
0.0,7437
108.98779686069922,7438
0.0,7439
0.0,7440
72.29623407728931,7441
0.0,7442
0.0,7443
0.0,7444
0.0,7445
0.0,7446
0.0,7447
0.0,7448
0.0,7449
0.0,7450
0.0,7451
5408.01636862873,7452
0.0,7453
0.0,7454
0.0,7455
0.0,7456
0.0,7457
4876.174395068567,7458
0.0,7459
0.0,7460
1657.5297142492386,7461
25.17298581366061,7462
0.0,7463
0.0,7464
112.2828489857218,7465
0.0,7466
0.0,7467
4457.857803892803,7468
0.0,7469
2986.2447647156982,7470
0.0,7471
0.0,7472
0.0,7473
0.0,7474
0.0,7475
0.0,7476
0.0,7477
0.0,7478
0.0,7479
0.0,7480
0.0,7481
0.0,7482
721.2620982644403,7483
203.23146704727168,7484
0.0,7485
0.0,7486
0.0,7487
793.5966229986681,7488
361.39002375066315,7489
4779.341703299853,7490
1614.1186302075082,7491
0.0,7492
347.4733269537175,7493
1740.6308146613662,7494
0.0,7495
9419.113374906334,7496
1060.1255249307217,7497
0.0,7498
0.0,7499
0.0,7500
4705.092936539839,7501
2417.5325274411052,7502
0.0,7503
4.8669219763760205,7504
4.3497172707330725,7505
10035.000902180804,7506
0.0,7507
0.0,7508
0.0,7509
0.0,7510
0.0,7511
2318.2596799778935,7512
0.0,7513
0.0,7514
0.0,7515
904.0934011375293,7516
199.85179233921667,7517
552.9492217406132,7518
51.13497316455395,7519
0.0,7520
1685.9810841804708,7521
0.0,7522
0.0,7523
0.0,7524
628.9560639588047,7525
0.0,7526
0.0,7527
0.0,7528
0.0,7529
617.951865847127,7530
0.0,7531
1316.0177895375,7532
0.0,7533
0.0,7534
0.0,7535
0.0,7536
362.8843514108452,7537
0.0,7538
0.0,7539
0.0,7540
0.0,7541
2836.519034401265,7542
0.0,7543
0.0,7544
0.0,7545
311.83632148400824,7546
773.6349431756872,7547
417.6939786255684,7548
0.0,7549
0.0,7550
0.0,7551
0.0,7552
0.0,7553
0.0,7554
355.69152660539925,7555
2453.379519128922,7556
869.323871325723,7557
0.0,7558
0.0,7559
355.30384323043114,7560
0.0,7561
0.0,7562
0.0,7563
116.22108221541745,7564
0.0,7565
0.0,7566
0.0,7567
0.0,7568
497.0975328032099,7569
0.0,7570
697.0769871475047,7571
0.0,7572
0.0,7573
0.0,7574
0.0,7575
0.0,7576
547.0444647694334,7577
704.1912907047455,7578
0.0,7579
6191.059961015293,7580
878.5396815543437,7581
0.0,7582
880.8168006418476,7583
0.0,7584
1952.4824223238768,7585
0.0,7586
0.0,7587
0.0,7588
801.3742800014627,7589
0.0,7590
0.0,7591
664.940368330468,7592
0.0,7593
117.16465973831279,7594
479.6024486263768,7595
0.0,7596
0.0,7597
395.8391833468506,7598
337.1659850033174,7599
0.0,7600
700.5169059126256,7601
0.0,7602
0.0,7603
0.0,7604
915.2896631625207,7605
1528.2884448246232,7606
1396.494045534127,7607
1354.875440002725,7608
209.82831402625254,7609
3839.242039543887,7610
0.0,7611
0.0,7612
0.0,7613
2264.2555702820177,7614
3574.4665990863114,7615
2552.408937706901,7616
3773.746159346972,7617
4176.802846839205,7618
3581.537225209951,7619
0.0,7620
3330.891042036765,7621
0.0,7622
0.0,7623
902.7902098978271,7624
1687.5640285953702,7625
0.0,7626
0.0,7627
761.2230886729105,7628
0.0,7629
0.0,7630
0.0,7631
0.0,7632
0.0,7633
0.0,7634
0.0,7635
0.0,7636
0.0,7637
990.5493694108945,7638
605.578219158694,7639
0.0,7640
0.0,7641
913.4210883374832,7642
0.0,7643
0.0,7644
0.0,7645
0.0,7646
2747.6634571109003,7647
0.0,7648
0.0,7649
56.443862032339126,7650
10.471661064683868,7651
0.0,7652
862.5072584134035,7653
0.0,7654
0.0,7655
0.0,7656
0.0,7657
0.0,7658
0.0,7659
0.0,7660
0.0,7661
0.0,7662
0.0,7663
2632.0645346263195,7664
0.0,7665
2000.0044197319512,7666
0.0,7667
0.0,7668
0.0,7669
0.0,7670
0.0,7671
0.0,7672
0.0,7673
0.0,7674
0.0,7675
0.0,7676
0.0,7677
0.0,7678
0.0,7679
0.0,7680
0.0,7681
0.0,7682
0.0,7683
0.0,7684
0.0,7685
0.0,7686
0.0,7687
0.0,7688
0.0,7689
0.0,7690
0.0,7691
0.0,7692
923.3191013367112,7693
0.0,7694
0.0,7695
0.0,7696
0.0,7697
719.3615772317095,7698
0.0,7699
0.0,7700
0.0,7701
0.0,7702
0.0,7703
0.0,7704
0.0,7705
0.0,7706
0.0,7707
0.0,7708
0.0,7709
295.3841005770973,7710
0.0,7711
0.0,7712
0.0,7713
0.0,7714
0.0,7715
0.0,7716
0.0,7717
0.0,7718
0.0,7719
0.0,7720
0.0,7721
0.0,7722
0.0,7723
249.8112623415904,7724
277.4756177156423,7725
0.0,7726
238.2256832999913,7727
0.0,7728
230.81897255973004,7729
172.37702382428776,7730
119.67712071235385,7731
179.7631272799371,7732
43.336946568847424,7733
2266.6722367320867,7734
0.0,7735
0.0,7736
0.0,7737
0.0,7738
0.0,7739
0.0,7740
0.0,7741
2245.7703693283015,7742
0.0,7743
0.0,7744
0.0,7745
0.0,7746
0.0,7747
0.0,7748
0.0,7749
0.0,7750
0.0,7751
0.0,7752
0.0,7753
0.0,7754
0.0,7755
0.0,7756
0.0,7757
0.0,7758
5885.203065491333,7759
0.0,7760
0.0,7761
0.0,7762
0.0,7763
0.0,7764
0.0,7765
1674.6398493198394,7766
0.0,7767
0.0,7768
0.0,7769
0.0,7770
2187.384422864912,7771
0.0,7772
0.0,7773
0.0,7774
0.0,7775
2866.0280475201985,7776
0.0,7777
85.51954410794154,7778
0.0,7779
883.9197204374223,7780
0.0,7781
1946.76500100489,7782
3.5962046999071813,7783
0.0,7784
0.0,7785
16.389667386839292,7786
0.0,7787
12.73686232183865,7788
1592.6903816516824,7789
0.0,7790
0.0,7791
0.0,7792
0.0,7793
0.0,7794
0.0,7795
0.0,7796
0.0,7797
0.0,7798
0.0,7799
0.0,7800
577.213695470182,7801
0.0,7802
0.0,7803
0.0,7804
0.0,7805
0.0,7806
1391.1268756848065,7807
0.0,7808
0.28688829658025283,7809
0.0,7810
81.20913104601344,7811
0.0,7812
0.0,7813
0.0,7814
0.0,7815
0.0,7816
0.0,7817
8817.465487223384,7818
73.86664179400245,7819
128.6611573001509,7820
126.14166245831086,7821
116.79174739703673,7822
0.0,7823
0.0,7824
618.4758799342491,7825
0.0,7826
9.30987274761963,7827
9.247985550546463,7828
0.0,7829
10.243387831639042,7830
11.842955998387604,7831
13.495590147306968,7832
0.0,7833
47.12676777661567,7834
2080.4160253857353,7835
0.0,7836
18.199280691505024,7837
0.0,7838
13.08671706944233,7839
7.83550627671411,7840
0.0,7841
4.022603094493347,7842
1.7858363088085176,7843
0.0,7844
0.6948983502326714,7845
0.0,7846
504.30453411532295,7847
0.0,7848
2.7941656718662413,7849
6.366468645991967,7850
0.0,7851
0.0,7852
687.2722423267468,7853
61.15557550954929,7854
60.106413483554974,7855
0.0,7856
0.0,7857
0.0,7858
71.52040216496998,7859
0.0,7860
0.0,7861
75.9852196467672,7862
63.32213269783752,7863
42.612535476503304,7864
3975.773718508118,7865
1.017814883143233,7866
0.11532754337124061,7867
0.0,7868
0.0,7869
0.0,7870
0.0,7871
0.0,7872
0.0,7873
2333.4962644131588,7874
1205.7941581432826,7875
0.0,7876
0.0,7877
0.0,7878
0.0,7879
1380.2625210862632,7880
0.0,7881
0.0,7882
0.0,7883
0.0,7884
0.0,7885
0.0,7886
0.0,7887
0.0,7888
1416.2430401302554,7889
8098.561559696137,7890
1138.9192663409492,7891
7138.002330094744,7892
1556.8039720465827,7893
28.335546097929278,7894
0.0,7895
0.0,7896
1682.3745296274142,7897
0.0,7898
0.0,7899
0.0,7900
1712.2454388014717,7901
1679.2894382106545,7902
0.0,7903
0.0,7904
0.0,7905
0.0,7906
1991.7234436837064,7907
1799.515224183876,7908
0.0,7909
0.0,7910
2035.9967993675184,7911
3169.743970310105,7912
0.0,7913
0.0,7914
2985.5489145821493,7915
0.0,7916
0.0,7917
0.0,7918
1317.049955278578,7919
0.0,7920
4726.212302394241,7921
1122.2434553775076,7922
0.0,7923
0.0,7924
550.0671003957365,7925
1696.7015489443315,7926
1688.7903726502145,7927
6161.490774108691,7928
702.6060523307747,7929
1522.4874320040044,7930
0.0,7931
221.6785526530266,7932
647.130848547431,7933
66.01289670377865,7934
485.8867730461586,7935
0.0,7936
0.0,7937
348.40403669752595,7938
0.0,7939
224.704084920849,7940
0.0,7941
0.0,7942
130.74152977087522,7943
0.0,7944
0.0,7945
1505.7836604941194,7946
632.4868525276185,7947
0.0,7948
773.5564811662941,7949
0.0,7950
0.0,7951
0.0,7952
0.0,7953
0.0,7954
0.0,7955
5238.308725618143,7956
1283.5859678895329,7957
0.0,7958
798.9975380183268,7959
2173.6219844070733,7960
3054.5149970522016,7961
2727.5118274454685,7962
825.0366846736581,7963
1.3931846334076976,7964
0.0,7965
0.0,7966
0.0,7967
8748.703998143867,7968
0.0,7969
0.0,7970
0.0,7971
0.0,7972
3467.423282788788,7973
0.0,7974
0.0,7975
0.0,7976
0.0,7977
0.0,7978
0.0,7979
0.0,7980
0.0,7981
0.0,7982
0.0,7983
0.0,7984
0.0,7985
0.0,7986
0.0,7987
0.0,7988
0.0,7989
0.0,7990
0.0,7991
0.0,7992
0.0,7993
0.0,7994
0.0,7995
0.0,7996
0.0,7997
0.0,7998
0.0,7999
0.0,8000
0.0,8001
0.0,8002
0.0,8003
0.0,8004
0.0,8005
2068.830678664449,8006
0.0,8007
31.145337740201935,8008
0.0,8009
300.21039399098356,8010
161.37150255832626,8011
0.0,8012
0.0,8013
0.0,8014
0.0,8015
0.0,8016
0.0,8017
0.0,8018
9202.21953115908,8019
0.0,8020
0.0,8021
0.0,8022
0.0,8023
0.0,8024
0.0,8025
0.0,8026
0.0,8027
0.0,8028
0.0,8029
0.0,8030
816.4224754251321,8031
0.0,8032
0.0,8033
0.0,8034
0.0,8035
0.0,8036
0.0,8037
0.0,8038
1492.0578070577603,8039
0.0,8040
0.0,8041
0.0,8042
1.2004595869252392,8043
0.0,8044
0.0,8045
0.0,8046
0.0,8047
0.0,8048
0.0,8049
0.0,8050
0.0,8051
0.0,8052
0.07519465349679708,8053
0.0,8054
0.0,8055
0.0,8056
0.0,8057
0.0,8058
0.0,8059
0.0,8060
0.0,8061
0.0,8062
0.0,8063
2887.9386373298416,8064
0.0,8065
0.0,8066
0.0,8067
0.0,8068
0.0,8069
0.0,8070
0.0,8071
0.0,8072
0.0,8073
0.0,8074
0.0,8075
0.0,8076
0.0,8077
0.0,8078
0.0,8079
0.0,8080
0.0,8081
0.0,8082
0.0,8083
0.0,8084
0.0,8085
106.45073029027883,8086
0.0,8087
870.8697126393671,8088
0.0,8089
0.0,8090
0.0,8091
0.0,8092
0.0,8093
0.0,8094
0.0,8095
0.0,8096
614.3225051354889,8097
0.0,8098
0.0,8099
0.0,8100
209.08923820875205,8101
577.7236234153986,8102
0.0,8103
0.0,8104
0.0,8105
0.0,8106
0.0,8107
0.0,8108
0.0,8109
0.0,8110
0.0,8111
0.0,8112
0.0,8113
0.0,8114
1457.4232391321955,8115
0.0,8116
0.0,8117
0.0,8118
0.0,8119
0.0,8120
0.0,8121
0.0,8122
0.0,8123
0.0,8124
0.0,8125
0.0,8126
0.0,8127
0.0,8128
0.0,8129
0.0,8130
0.0,8131
0.0,8132
0.0,8133
3499.4654464151813,8134
0.0,8135
1433.6257826685915,8136
385.2535964582883,8137
0.0,8138
0.0,8139
0.0,8140
0.17050511778720207,8141
375.01113773920747,8142
0.0,8143
285.4663315776731,8144
0.0,8145
0.0,8146
0.0,8147
50.667025068058685,8148
1197.1832831645656,8149
0.0,8150
437.23101263524285,8151
1821.2415772815607,8152
853.0982893045909,8153
0.0,8154
807.1473356901224,8155
438.3054595256155,8156
1523.5790609982953,8157
0.0,8158
699.1395342934987,8159
0.0,8160
0.0,8161
0.0,8162
0.0,8163
2696.8044830733324,8164
0.0,8165
0.0,8166
266.72719347086115,8167
0.0,8168
0.0,8169
0.0,8170
0.0,8171
0.0,8172
1342.4647397769852,8173
0.0,8174
0.0,8175
0.0,8176
0.0,8177
0.0,8178
0.0,8179
0.0,8180
0.0,8181
0.0,8182
1062.3183691695403,8183
0.0,8184
0.0,8185
2671.8413287503317,8186
2815.6987660943573,8187
3089.5669489940874,8188
3370.0999220944936,8189
0.0,8190
3297.075376875773,8191
3071.821509419036,8192
0.0,8193
4259.020442832854,8194
3366.8263690859353,8195
0.0,8196
0.0,8197
0.0,8198
0.0,8199
0.0,8200
0.0,8201
231.12422809750151,8202
0.0,8203
0.0,8204
0.0,8205
0.0,8206
0.0,8207
1336.5168987145626,8208
0.0,8209
0.0,8210
0.0,8211
0.0,8212
0.0,8213
3070.2495166173185,8214
0.0,8215
0.0,8216
2210.020589224933,8217
0.0,8218
0.0,8219
0.0,8220
0.0,8221
359.7918443372522,8222
0.0,8223
0.0,8224
0.0,8225
0.0,8226
0.0,8227
0.0,8228
0.0,8229
0.0,8230
0.0,8231
0.0,8232
0.0,8233
0.0,8234
0.0,8235
0.0,8236
0.0,8237
0.0,8238
0.0,8239
0.0,8240
0.0,8241
754.1107889503375,8242
0.0,8243
1087.542426094262,8244
745.4055153841636,8245
0.0,8246
0.0,8247
503.4133524467082,8248
610.1348459773583,8249
0.0,8250
0.0,8251
5433.048244036099,8252
5156.884773367362,8253
0.0,8254
0.0,8255
0.0,8256
0.0,8257
0.0,8258
0.0,8259
0.0,8260
0.0,8261
0.0,8262
0.0,8263
279.42894436973506,8264
255.7928343736564,8265
0.0,8266
0.0,8267
122.98967898699526,8268
276.39709356968484,8269
0.0,8270
0.0,8271
0.0,8272
62.85719840867734,8273
13.118133485774022,8274
2607.1842478270996,8275
2432.7368714435165,8276
1960.7474835749435,8277
0.0,8278
0.0,8279
0.0,8280
1164.8448089296066,8281
0.0,8282
468.59680684922034,8283
1439.0011760407185,8284
0.0,8285
0.0,8286
70.46788144776588,8287
0.0,8288
0.0,8289
0.0,8290
80.09312577329922,8291
0.0,8292
4069.49904763177,8293
0.0,8294
0.0,8295
0.0,8296
0.0,8297
0.0,8298
328.0271394421052,8299
0.0,8300
0.0,8301
0.0,8302
0.0,8303
0.0,8304
0.0,8305
0.0,8306
0.0,8307
3255.9059420745734,8308
0.0,8309
0.0,8310
0.0,8311
0.0,8312
0.0,8313
0.0,8314
0.0,8315
0.0,8316
0.0,8317
0.0,8318
0.0,8319
0.0,8320
0.0,8321
0.0,8322
0.0,8323
0.0,8324
0.0,8325
0.0,8326
0.0,8327
0.0,8328
0.0,8329
2548.241589555272,8330
0.0,8331
0.0,8332
0.0,8333
0.0,8334
0.0,8335
0.0,8336
0.0,8337
0.0,8338
0.0,8339
0.0,8340
0.0,8341
0.0,8342
0.0,8343
0.0,8344
0.0,8345
3313.5161870300726,8346
0.0,8347
0.0,8348
0.0,8349
0.0,8350
4912.055069723993,8351
1018.0372029317464,8352
805.2260674434344,8353
0.0,8354
0.0,8355
0.0,8356
1723.5965472396406,8357
0.0,8358
0.0,8359
0.0,8360
0.0,8361
444.2690305097919,8362
0.0,8363
0.0,8364
0.0,8365
0.0,8366
0.0,8367
0.0,8368
0.0,8369
0.0,8370
0.0,8371
26.452703787709215,8372
0.0,8373
0.0,8374
0.0,8375
0.0,8376
0.0,8377
0.0,8378
0.0,8379
0.0,8380
0.0,8381
0.0,8382
0.0,8383
0.0,8384
0.0,8385
0.0,8386
388.36933420546046,8387
0.0,8388
0.0,8389
0.0,8390
0.0,8391
0.0,8392
0.0,8393
0.0,8394
0.0,8395
0.0,8396
0.0,8397
0.0,8398
0.0,8399
0.0,8400
0.0,8401
0.0,8402
0.0,8403
0.0,8404
0.0,8405
0.0,8406
11.713311805502608,8407
0.0,8408
0.0,8409
0.0,8410
0.0,8411
249.20535538838297,8412
0.0,8413
0.0,8414
0.0,8415
0.0,8416
0.0,8417
1101.2692413802488,8418
0.0,8419
1509.4138775607648,8420
5071.986940849508,8421
0.0,8422
600.7667563873641,8423
2327.8645992742568,8424
0.0,8425
1273.1035607628003,8426
517.6288700737655,8427
4223.587910261411,8428
0.0,8429
0.0,8430
2403.4812255372863,8431
0.0,8432
0.0,8433
0.0,8434
0.0,8435
3669.536778609259,8436
0.0,8437
0.0,8438
0.0,8439
1177.7027600875003,8440
0.0,8441
2178.9601074039747,8442
0.0,8443
0.0,8444
4221.1032163810205,8445
0.0,8446
0.0,8447
0.0,8448
1986.6167936443665,8449
0.0,8450
0.0,8451
1249.1133670309262,8452
675.9909734873161,8453
0.0,8454
0.0,8455
0.0,8456
1174.3619331041969,8457
962.7695278066021,8458
0.0,8459
629.0829850185346,8460
0.0,8461
0.0,8462
0.0,8463
0.0,8464
0.0,8465
0.0,8466
727.9854801786258,8467
0.0,8468
0.0,8469
3012.3702997470627,8470
4840.48630042732,8471
0.0,8472
0.0,8473
0.0,8474
0.0,8475
1265.8008010397439,8476
0.0,8477
0.0,8478
0.0,8479
0.0,8480
0.0,8481
0.0,8482
0.0,8483
0.0,8484
0.0,8485
0.0,8486
4.409447410151175,8487
0.0,8488
3232.972894273525,8489
44.63180841151701,8490
26.943613746203955,8491
10.823014792129138,8492
2574.790935321839,8493
223.08323942787192,8494
0.0,8495
2557.1663519463364,8496
0.0,8497
0.0,8498
189.8183229324288,8499
126.47587616356297,8500
0.0,8501
0.0,8502
0.0,8503
0.0,8504
0.0,8505
0.0,8506
0.0,8507
0.0,8508
155.7044203704946,8509
1339.729587072504,8510
0.0,8511
0.0,8512
1023.6262158370387,8513
0.0,8514
0.0,8515
1144.274823051349,8516
0.0,8517
0.0,8518
0.0,8519
301.1261007109995,8520
0.0,8521
0.0,8522
0.0,8523
0.0,8524
0.0,8525
0.0,8526
0.0,8527
3785.8658422554927,8528
0.0,8529
0.0,8530
0.0,8531
0.0,8532
0.0,8533
1396.275920056488,8534
0.0,8535
0.0,8536
0.0,8537
1249.171063014816,8538
0.0,8539
0.0,8540
3571.9120219455863,8541
0.0,8542
0.0,8543
0.0,8544
0.0,8545
0.0,8546
0.0,8547
3928.1528749454615,8548
2331.6672706662284,8549
5867.040251011247,8550
0.0,8551
2265.6804271312803,8552
0.0,8553
0.0,8554
2677.7516740284705,8555
0.0,8556
0.0,8557
0.0,8558
0.0,8559
0.0,8560
0.0,8561
0.0,8562
0.0,8563
0.0,8564
0.0,8565
0.0,8566
0.0,8567
0.0,8568
0.0,8569
0.0,8570
0.0,8571
1394.290099315186,8572
0.0,8573
0.0,8574
0.0,8575
0.0,8576
0.0,8577
0.0,8578
0.0,8579
0.0,8580
0.0,8581
3364.9219321703235,8582
0.0,8583
0.0,8584
0.0,8585
0.0,8586
0.0,8587
0.0,8588
0.0,8589
0.0,8590
0.0,8591
0.0,8592
0.0,8593
0.0,8594
940.8137577648105,8595
37.40935679704647,8596
0.0,8597
0.0,8598
2362.5241621853484,8599
0.0,8600
0.0,8601
0.0,8602
627.2703083931717,8603
0.0,8604
0.0,8605
98.04960930643622,8606
0.0,8607
0.0,8608
0.0,8609
0.0,8610
0.0,8611
427.75537591261536,8612
1049.1145874322335,8613
0.0,8614
0.0,8615
0.0,8616
0.0,8617
0.0,8618
1062.5796934548898,8619
0.0,8620
275.7377618725962,8621
1137.0829730821752,8622
466.1810799570629,8623
1010.6157269641586,8624
434.5232902804027,8625
530.4311089705084,8626
0.0,8627
0.0,8628
0.0,8629
0.0,8630
1035.331040318527,8631
0.0,8632
2662.3382892257423,8633
0.0,8634
0.0,8635
0.0,8636
0.0,8637
0.0,8638
265.4480347941743,8639
0.0,8640
2770.4496701127523,8641
171.45572632355086,8642
1530.898756735692,8643
0.0,8644
396.5899413763381,8645
0.0,8646
0.0,8647
0.0,8648
0.0,8649
0.0,8650
0.0,8651
0.0,8652
1833.071095260736,8653
75.04184563792816,8654
0.0,8655
3229.1062867583555,8656
0.0,8657
265.17137327851844,8658
0.0,8659
287.5194638615789,8660
0.0,8661
0.0,8662
0.0,8663
0.0,8664
0.0,8665
0.0,8666
0.0,8667
0.0,8668
552.2678944533159,8669
0.0,8670
0.0,8671
0.0,8672
0.0,8673
0.0,8674
239.694810849205,8675
0.0,8676
1288.9889029873327,8677
0.0,8678
0.0,8679
0.0,8680
239.6341756535743,8681
0.0,8682
0.0,8683
0.0,8684
0.0,8685
0.0,8686
0.0,8687
0.0,8688
0.0,8689
877.5478721090235,8690
0.0,8691
216.9461735839222,8692
513.988774937611,8693
0.0,8694
1577.4632836435685,8695
2381.8123657291844,8696
514.4084099244707,8697
36.33578772226081,8698
843.806725202471,8699
0.0,8700
0.0,8701
0.0,8702
0.0,8703
0.0,8704
694.1476301533454,8705
236.96261769836306,8706
0.0,8707
61.9058587408049,8708
1784.0665530905635,8709
788.9717824081248,8710
0.0,8711
0.0,8712
1257.62670361305,8713
505.63599439120105,8714
1629.867614253416,8715
956.891148441746,8716
706.0278159522442,8717
9.517009020602668,8718
464.51270226365205,8719
928.1317940984931,8720
0.0,8721
687.5778941941161,8722
68.549728032623,8723
14.958350520223775,8724
2253.9530502618977,8725
0.0,8726
0.0,8727
0.0,8728
1071.2782961778257,8729
1273.0684082101602,8730
0.0,8731
1312.8989146189597,8732
0.0,8733
0.0,8734
0.0,8735
0.0,8736
0.0,8737
0.0,8738
0.0,8739
0.0,8740
0.0,8741
0.0,8742
0.0,8743
0.0,8744
0.0,8745
0.0,8746
0.0,8747
0.0,8748
0.0,8749
0.0,8750
0.0,8751
0.0,8752
0.0,8753
686.9224419644157,8754
172.8153852904053,8755
0.0,8756
0.0,8757
0.0,8758
0.0,8759
0.0,8760
1260.044028895007,8761
1621.695700191869,8762
0.0,8763
0.0,8764
0.0,8765
385.3947260025362,8766
0.0,8767
0.0,8768
0.0,8769
4410.42179036187,8770
508.50842100584765,8771
0.973798336172972,8772
3900.1739193342323,8773
887.4577805833824,8774
2859.9251844741693,8775
2583.3921361086936,8776
880.1940383925081,8777
0.0,8778
4265.441997345302,8779
0.0,8780
1247.7497830914272,8781
2348.185120537963,8782
1563.3101588143227,8783
4151.694792519982,8784
0.0,8785
2240.003615440518,8786
3408.686389720837,8787
2788.6641059691456,8788
0.0,8789
69.53198225153105,8790
58844.11622244614,8791
0.0,8792
0.6834794684131926,8793
3211.3704050117235,8794
32793.483242512426,8795
0.0,8796
1375.4152702159533,8797
472.4232562615021,8798
545.6271925778369,8799
0.0,8800
0.0,8801
0.0,8802
0.0,8803
6509.981285440889,8804
4345.582253181989,8805
0.0,8806
0.0,8807
4794.772903226037,8808
0.0,8809
139.89479907249734,8810
0.0,8811
0.0,8812
1750.1377128927368,8813
0.0,8814
0.0,8815
1189.1948002448048,8816
0.0,8817
0.0,8818
0.0,8819
5231.2433210447225,8820
0.0,8821
4256.469790639759,8822
4762.421093422763,8823
860.0386985331927,8824
3508.8024360520258,8825
0.0,8826
0.0,8827
0.0,8828
0.0,8829
878.4257931863166,8830
6606.2022930134635,8831
87.58447889955404,8832
273.2104299855872,8833
0.0,8834
0.0,8835
0.0,8836
0.0,8837
873.1269407912096,8838
0.0,8839
0.0,8840
87.67185300147322,8841
1065.3233507141265,8842
0.0,8843
0.0,8844
0.0,8845
321.09227038760497,8846
0.0,8847
2059.628026434111,8848
1244.6020407183973,8849
632.0666834270569,8850
28.48452073347523,8851
0.0,8852
0.0,8853
24.422962847885298,8854
0.0,8855
2775.596165474315,8856
0.0,8857
912.9146736793903,8858
0.0,8859
5200.050774179969,8860
125.17911314914433,8861
2763.488502532813,8862
260.1395319331835,8863
321.4901683777109,8864
2961.997162830614,8865
2025.0178098039878,8866
5762.778203238518,8867
0.0,8868
3694.188244778299,8869
0.0,8870
3837.928179226134,8871
2798.968719351881,8872
291.78290062562667,8873
0.0,8874
0.0,8875
0.0,8876
558.7500461718217,8877
0.0,8878
0.0,8879
0.0,8880
0.0,8881
954.7708162252269,8882
2239.652236952162,8883
0.0,8884
0.0,8885
0.0,8886
0.0,8887
294.933511097784,8888
477.75763348637173,8889
0.0,8890
1181.4643973423626,8891
0.0,8892
1674.2913597314653,8893
0.0,8894
0.0,8895
0.0,8896
0.0,8897
0.0,8898
5304.20277898008,8899
1777.5936510287993,8900
0.0,8901
0.0,8902
0.0,8903
0.0,8904
0.0,8905
989.6663371683401,8906
3734.0776395561033,8907
0.0,8908
831.3166436775489,8909
0.0,8910
0.0,8911
3899.8484586465875,8912
0.0,8913
0.0,8914
1367.3880996359399,8915
0.0,8916
1866.1461554040484,8917
37.11224642945988,8918
0.0,8919
1244.019689171051,8920
0.0,8921
0.0,8922
844.2210600870744,8923
0.0,8924
0.0,8925
1758.446953173647,8926
0.0,8927
2306.7653602906043,8928
1616.2292346643756,8929
0.0,8930
0.0,8931
0.0,8932
0.0,8933
6577.653334097544,8934
2876.186447928708,8935
0.0,8936
0.0,8937
3191.9973284428806,8938
0.0,8939
0.0,8940
0.0,8941
0.0,8942
0.0,8943
0.0,8944
0.0,8945
0.0,8946
0.0,8947
481.6227840738766,8948
0.0,8949
0.0,8950
0.0,8951
0.0,8952
294.3049324468873,8953
0.0,8954
141.11475788457963,8955
0.0,8956
0.0,8957
0.0,8958
3996.069258886871,8959
0.0,8960
0.0,8961
0.0,8962
2275.5613353977037,8963
0.0,8964
0.0,8965
1946.353519293569,8966
0.0,8967
0.0,8968
0.0,8969
0.0,8970
2710.4370067628624,8971
0.0,8972
0.0,8973
0.0,8974
0.0,8975
0.0,8976
0.0,8977
0.0,8978
0.0,8979
0.0,8980
0.0,8981
0.0,8982
0.0,8983
0.0,8984
0.0,8985
0.0,8986
0.0,8987
0.0,8988
1058.3903589656927,8989
0.0,8990
0.0,8991
0.0,8992
0.0,8993
3179.4261478500107,8994
673.5262372000444,8995
0.0,8996
0.0,8997
0.0,8998
906.8410774725847,8999
0.0,9000
0.0,9001
0.0,9002
0.0,9003
781.9811794416512,9004
0.0,9005
0.0,9006
3731.4557882189583,9007
4986.92628041082,9008
0.0,9009
3525.543292672559,9010
429.4033556474274,9011
0.0,9012
0.0,9013
0.0,9014
0.0,9015
0.0,9016
0.0,9017
3931.4477581776755,9018
0.0,9019
0.0,9020
4575.361935263617,9021
0.0,9022
3446.3123017695298,9023
0.0,9024
0.0,9025
403.4617223148171,9026
1767.4791092614116,9027
0.0,9028
0.0,9029
0.0,9030
0.0,9031
0.0,9032
0.0,9033
1228.063696597753,9034
0.0,9035
0.0,9036
0.0,9037
698.7827807870383,9038
0.0,9039
1688.9210092880055,9040
0.0,9041
0.0,9042
2260.8465464601586,9043
0.0,9044
1242.6425298834567,9045
0.0,9046
0.0,9047
0.0,9048
0.0,9049
0.0,9050
797.6168470131752,9051
0.0,9052
0.0,9053
0.0,9054
0.0,9055
0.0,9056
0.0,9057
0.0,9058
0.0,9059
0.0,9060
0.0,9061
0.0,9062
0.0,9063
2898.5616928028385,9064
0.0,9065
0.0,9066
324.1679264352785,9067
203.00817142379537,9068
0.0,9069
0.0,9070
0.0,9071
0.0,9072
0.0,9073
0.0,9074
0.0,9075
0.0,9076
1593.6943253353513,9077
0.0,9078
0.0,9079
3007.435365914213,9080
1537.8813375609095,9081
3243.6469925888573,9082
0.0,9083
0.0,9084
0.0,9085
3605.792787420258,9086
0.0,9087
0.0,9088
2849.5967059049603,9089
0.0,9090
0.0,9091
0.0,9092
0.0,9093
0.0,9094
0.0,9095
1565.2015755182342,9096
0.0,9097
0.0,9098
0.0,9099
0.0,9100
0.0,9101
49.05885403917109,9102
0.0,9103
1824.407882601907,9104
0.0,9105
0.0,9106
0.0,9107
0.0,9108
743.8550104342581,9109
0.0,9110
0.0,9111
0.0,9112
0.0,9113
0.0,9114
0.0,9115
0.0,9116
0.0,9117
0.0,9118
0.0,9119
0.0,9120
0.0,9121
0.0,9122
0.0,9123
0.0,9124
0.0,9125
0.0,9126
0.0,9127
0.0,9128
0.0,9129
0.0,9130
0.0,9131
161.06002671095516,9132
0.0,9133
0.0,9134
0.0,9135
1562.5387081985689,9136
0.0,9137
0.0,9138
0.0,9139
0.0,9140
0.0,9141
0.0,9142
0.0,9143
0.0,9144
0.0,9145
0.0,9146
0.0,9147
0.0,9148
0.0,9149
0.0,9150
0.0,9151
0.0,9152
0.0,9153
0.0,9154
0.0,9155
0.0,9156
0.0,9157
0.0,9158
0.0,9159
0.0,9160
0.0,9161
0.0,9162
0.0,9163
0.0,9164
0.0,9165
0.0,9166
0.0,9167
0.0,9168
1995.3053462804332,9169
0.0,9170
626.5745091588846,9171
992.8454112176996,9172
0.0,9173
0.0,9174
2944.6502669819065,9175
0.0,9176
0.0,9177
0.0,9178
0.0,9179
0.0,9180
0.0,9181
0.0,9182
0.0,9183
0.0,9184
0.0,9185
0.0,9186
0.0,9187
0.0,9188
0.0,9189
0.0,9190
3680.479514390289,9191
0.0,9192
0.0,9193
0.0,9194
0.0,9195
0.0,9196
0.0,9197
0.0,9198
0.0,9199
0.0,9200
1154.231293313522,9201
0.0,9202
0.0,9203
0.0,9204
0.0,9205
0.0,9206
0.0,9207
0.0,9208
0.0,9209
0.0,9210
0.0,9211
0.0,9212
938.9249563447546,9213
0.0,9214
0.0,9215
0.0,9216
0.0,9217
0.0,9218
0.0,9219
411.2185631595914,9220
0.0,9221
0.0,9222
0.0,9223
0.0,9224
0.0,9225
0.0,9226
0.0,9227
0.0,9228
0.0,9229
3585.3861886965738,9230
0.0,9231
0.0,9232
0.0,9233
0.0,9234
0.0,9235
0.0,9236
0.0,9237
0.0,9238
0.0,9239
0.0,9240
9426.791378136086,9241
0.0,9242
0.0,9243
0.0,9244
0.0,9245
0.0,9246
0.0,9247
0.0,9248
14085.653744975074,9249
0.0,9250
0.0,9251
11030.602386129574,9252
0.0,9253
0.0,9254
0.0,9255
0.0,9256
330.12641311295334,9257
0.0,9258
0.0,9259
0.0,9260
0.0,9261
0.0,9262
0.0,9263
0.0,9264
0.0,9265
0.0,9266
0.0,9267
0.0,9268
0.0,9269
0.0,9270
0.0,9271
0.0,9272
0.0,9273
0.0,9274
0.0,9275
0.0,9276
12908.932030611382,9277
0.0,9278
0.0,9279
0.0,9280
0.0,9281
0.0,9282
0.0,9283
0.0,9284
0.0,9285
0.0,9286
0.0,9287
0.0,9288
0.0,9289
0.0,9290
0.0,9291
0.0,9292
0.0,9293
0.0,9294
0.0,9295
0.0,9296
0.0,9297
0.0,9298
140.85788262879117,9299
0.0,9300
0.0,9301
0.0,9302
0.0,9303
0.0,9304
0.0,9305
713.3730254447598,9306
0.0,9307
0.0,9308
0.0,9309
0.0,9310
0.0,9311
0.0,9312
0.0,9313
0.0,9314
0.0,9315
0.0,9316
0.0,9317
806.3406439881277,9318
0.0,9319
0.0,9320
0.0,9321
2570.574108436004,9322
0.0,9323
0.0,9324
0.0,9325
0.0,9326
0.0,9327
0.0,9328
0.0,9329
0.0,9330
0.0,9331
0.0,9332
0.0,9333
0.0,9334
0.0,9335
4.434643834641945,9336
0.0,9337
0.0,9338
0.0,9339
0.0,9340
0.0,9341
7928.521606250417,9342
0.0,9343
0.0,9344
0.0,9345
0.0,9346
0.0,9347
0.0,9348
0.0,9349
0.0,9350
0.0,9351
0.0,9352
16703.222731059606,9353
0.0,9354
0.0,9355
0.0,9356
2255.739208336207,9357
0.0,9358
0.0,9359
921.5092420385703,9360
0.0,9361
0.0,9362
0.0,9363
0.0,9364
0.0,9365
0.0,9366
0.0,9367
0.0,9368
0.0,9369
0.0,9370
0.0,9371
0.0,9372
0.0,9373
0.0,9374
0.0,9375
0.0,9376
0.0,9377
0.0,9378
0.0,9379
0.0,9380
0.0,9381
0.0,9382
0.0,9383
0.0,9384
0.0,9385
0.0,9386
0.0,9387
0.0,9388
0.0,9389
0.0,9390
0.0,9391
0.0,9392
0.0,9393
0.0,9394
0.0,9395
0.0,9396
0.0,9397
0.0,9398
0.0,9399
0.0,9400
0.0,9401
0.0,9402
0.0,9403
0.0,9404
0.0,9405
0.0,9406
0.0,9407
0.0,9408
0.0,9409
0.0,9410
0.0,9411
0.0,9412
0.0,9413
0.0,9414
3313.1423289531285,9415
0.0,9416
0.0,9417
0.0,9418
0.0,9419
0.0,9420
0.0,9421
0.0,9422
0.0,9423
0.0,9424
0.0,9425
0.0,9426
0.0,9427
0.0,9428
0.0,9429
0.0,9430
0.0,9431
0.0,9432
0.0,9433
0.0,9434
0.0,9435
0.0,9436
0.0,9437
0.0,9438
0.0,9439
0.0,9440
0.0,9441
0.0,9442
0.0,9443
0.0,9444
0.0,9445
0.0,9446
0.0,9447
0.0,9448
0.0,9449
0.0,9450
0.0,9451
0.0,9452
0.0,9453
0.0,9454
0.0,9455
0.0,9456
0.0,9457
0.0,9458
0.0,9459
0.0,9460
0.0,9461
0.0,9462
0.0,9463
0.0,9464
0.0,9465
0.0,9466
0.0,9467
0.0,9468
0.0,9469
0.0,9470
0.0,9471
18.860329532516477,9472
935.1173126679009,9473
6272.748261737894,9474
4248.158077317707,9475
3550.612873485495,9476
0.0,9477
2740.8801779408946,9478
0.0,9479
3020.9962295865666,9480
2834.2802882605733,9481
2663.3309811144977,9482
1179.2610336183945,9483
1926.7082591476128,9484
0.0,9485
0.0,9486
0.0,9487
3404.5227239949786,9488
3090.8765301993817,9489
1805.7040057895986,9490
1629.2634001572235,9491
4470.186468574606,9492
625.1720274022051,9493
0.0,9494
1136.5398004395245,9495
0.0,9496
0.0,9497
8344.666047200297,9498
0.0,9499
921.0053392339285,9500
3841.257041807733,9501
1214.9191616431146,9502
68.48844391664721,9503
1660.7352638203183,9504
5322.020091336796,9505
561.2841833999223,9506
0.0,9507
939.6292363087958,9508
0.0,9509
0.0,9510
1060.9667154330687,9511
1943.847867361916,9512
1652.7198190242293,9513
2604.3277967406957,9514
2356.0820856453975,9515
2330.5663475641613,9516
189.7871674228805,9517
0.0,9518
2859.3190637766857,9519
0.0,9520
0.0,9521
2393.459960923873,9522
5289.6055170436275,9523
3660.9509154782468,9524
3972.7646126702966,9525
0.0,9526
4065.6037372059186,9527
7024.146170787306,9528
4175.587995659464,9529
4071.386544402403,9530
3913.549544095434,9531
4371.3744388508885,9532
4352.72225444227,9533
4288.693794971167,9534
6219.136419577895,9535
3620.5025465754397,9536
0.0,9537
0.0,9538
0.0,9539
0.0,9540
0.0,9541
0.0,9542
0.0,9543
0.0,9544
0.0,9545
0.0,9546
0.0,9547
0.0,9548
0.0,9549
0.0,9550
0.0,9551
0.0,9552
0.0,9553
0.0,9554
0.0,9555
0.0,9556
0.0,9557
0.0,9558
0.0,9559
0.0,9560
0.0,9561
0.0,9562
0.0,9563
0.0,9564
0.0,9565
0.0,9566
0.0,9567
0.0,9568
0.0,9569
0.0,9570
0.0,9571
0.0,9572
0.0,9573
0.0,9574
0.0,9575
0.0,9576
0.0,9577
0.0,9578
1014.5408932710225,9579
777.2690454669712,9580
808.176967632971,9581
331.9926801178152,9582
2688.7930005258104,9583
0.0,9584
0.0,9585
642.8864292863403,9586
0.0,9587
0.0,9588
0.0,9589
0.0,9590
0.0,9591
0.0,9592
0.0,9593
0.0,9594
0.0,9595
0.0,9596
0.0,9597
0.0,9598
0.0,9599
0.0,9600
0.0,9601
0.0,9602
0.0,9603
0.0,9604
0.0,9605
0.0,9606
0.0,9607
0.0,9608
0.0,9609
0.0,9610
0.0,9611
0.0,9612
0.0,9613
0.0,9614
0.0,9615
0.0,9616
0.0,9617
0.0,9618
0.0,9619
0.0,9620
0.0,9621
0.0,9622
0.0,9623
0.0,9624
0.0,9625
0.0,9626
3.291815070313935,9627
2064.2822697391903,9628
69.319856229289,9629
102.84171828683844,9630
0.0,9631
0.0,9632
0.0,9633
0.0,9634
0.0,9635
0.0,9636
0.0,9637
0.0,9638
0.0,9639
0.0,9640
0.0,9641
0.0,9642
59.59991401578669,9643
36.477165102761084,9644
18.54572855444976,9645
0.0,9646
55.819104904421685,9647
26.263553920747878,9648
26.378450267435376,9649
33.498685821998826,9650
4.715061017107177,9651
74.27288802542756,9652
0.0,9653
0.0,9654
393.60365812707215,9655
0.0,9656
0.0,9657
0.0,9658
0.0,9659
0.0,9660
0.0,9661
0.0,9662
1694.1905241169522,9663
98.4636494137036,9664
0.0,9665
0.0,9666
1755.3036487048778,9667
3041.393035809516,9668
0.0,9669
0.0,9670
1237.4484192901791,9671
2391.4705425024304,9672
3416.361772448198,9673
0.0,9674
0.0,9675
0.0,9676
2560.725490132227,9677
0.0,9678
0.0,9679
0.0,9680
0.0,9681
0.0,9682
0.0,9683
0.0,9684
0.0,9685
0.0,9686
0.0,9687
0.0,9688
0.0,9689
826.6224413356181,9690
0.0,9691
0.0,9692
0.0,9693
0.0,9694
0.0,9695
0.0,9696
0.0,9697
0.0,9698
0.0,9699
0.0,9700
0.0,9701
0.0,9702
0.0,9703
0.0,9704
0.0,9705
0.0,9706
2231.1338651020874,9707
0.0,9708
0.0,9709
0.0,9710
47.18737780020608,9711
0.0,9712
35.75899143188798,9713
0.0,9714
1110.0329583892055,9715
1824.280237281333,9716
1827.1415220471642,9717
0.0,9718
1742.5328907005223,9719
52.52130690359891,9720
1147.3239564048058,9721
0.0,9722
959.1008427514926,9723
0.0,9724
0.0,9725
0.0,9726
3402.314449082256,9727
0.0,9728
1183.0841704097209,9729
1046.4210535152695,9730
1063.9175886879348,9731
1709.879496990499,9732
183.63417626527348,9733
0.0,9734
0.04630190202535924,9735
0.0,9736
1.827365350705963,9737
66.92044246536764,9738
0.0,9739
0.0,9740
0.0,9741
0.0,9742
0.0,9743
0.0,9744
0.0,9745
5886.38562726488,9746
0.0,9747
0.0,9748
0.0,9749
0.0,9750
0.0,9751
0.0,9752
0.0,9753
0.0,9754
0.0,9755
0.0,9756
196.07588998874223,9757
0.0,9758
0.0,9759
0.0,9760
0.0,9761
0.0,9762
0.0,9763
0.0,9764
0.0,9765
0.0,9766
0.0,9767
0.0,9768
0.0,9769
87.82350694368017,9770
0.0,9771
11.949215644735062,9772
0.0,9773
0.0,9774
0.0,9775
13.894425407734229,9776
0.0,9777
0.0,9778
0.0,9779
0.0,9780
0.0,9781
0.0,9782
7798.234229576981,9783
0.0,9784
0.0,9785
0.0,9786
0.0,9787
0.0,9788
0.0,9789
0.0,9790
0.0,9791
0.0,9792
0.0,9793
0.0,9794
0.0,9795
0.0,9796
0.0,9797
0.0,9798
0.0,9799
0.0,9800
0.0,9801
0.0,9802
5543.303196586332,9803
0.0,9804
0.0,9805
0.0,9806
0.0,9807
0.0,9808
974.9123152666518,9809
289.80464308252334,9810
0.0,9811
0.0,9812
320.5515284382388,9813
171.22366079423006,9814
568.4028723073563,9815
0.0,9816
556.427847605405,9817
8266.00849582404,9818
398.9851913868844,9819
630.130996863239,9820
547.3707268352657,9821
436.0698616828808,9822
332.2670684033835,9823
7560.685972976725,9824
174.44936382573687,9825
155.2939221958634,9826
103.34005125534225,9827
8042.763502512196,9828
0.0,9829
0.0,9830
0.0,9831
218.138612373433,9832
0.0,9833
0.0,9834
0.0,9835
0.0,9836
0.0,9837
309.0071836198868,9838
0.0,9839
0.0,9840
285.1742905865929,9841
0.0,9842
274.66541898192935,9843
164.5661302998806,9844
0.0,9845
130.92714993054503,9846
0.0,9847
318.6379665216165,9848
0.0,9849
218.9281127708341,9850
0.0,9851
0.0,9852
0.0,9853
0.0,9854
938.6260505019051,9855
211.09039699242302,9856
5513.010109994578,9857
100.24623796357129,9858
0.0,9859
109.13503179771466,9860
1834.4763493597322,9861
0.0,9862
6515.739340238196,9863
0.0,9864
919.9022179122686,9865
4.341203624686391,9866
17.107712559758948,9867
921.9434582634561,9868
956.7769471717191,9869
6032.146525907094,9870
0.0,9871
0.0,9872
846.0776941873395,9873
0.0,9874
0.0,9875
0.0,9876
0.0,9877
0.0,9878
0.0,9879
0.0,9880
0.0,9881
0.0,9882
0.0,9883
0.0,9884
0.0,9885
0.0,9886
0.0,9887
0.0,9888
0.0,9889
0.0,9890
0.0,9891
0.0,9892
5190.483408357618,9893
0.0,9894
0.0,9895
0.0,9896
0.0,9897
0.0,9898
0.0,9899
0.0,9900
0.0,9901
0.0,9902
0.0,9903
0.0,9904
0.0,9905
236.58207542853643,9906
0.0,9907
4.745724507143891,9908
0.0,9909
0.4891487431000493,9910
0.0,9911
991.9587123109611,9912
0.0,9913
0.0,9914
0.0,9915
0.0,9916
0.0,9917
0.0,9918
0.0,9919
0.0,9920
0.0,9921
920.4035001357445,9922
0.0,9923
0.0,9924
917.900613674974,9925
0.0,9926
0.0,9927
385.0523962516967,9928
0.0,9929
0.0,9930
1374.42497208006,9931
2030.9648659533677,9932
0.0,9933
0.0,9934
2279.705195325076,9935
2183.5638372103244,9936
0.0,9937
0.0,9938
0.0,9939
0.0,9940
447.78389278904615,9941
0.0,9942
0.0,9943
0.0,9944
0.0,9945
0.0,9946
0.0,9947
541.8955445261734,9948
0.0,9949
0.0,9950
0.0,9951
0.0,9952
0.0,9953
0.0,9954
0.0,9955
0.0,9956
271.58671027460133,9957
902.4336149748756,9958
0.0,9959
172.63679209588184,9960
0.0,9961
0.0,9962
0.0,9963
0.0,9964
0.0,9965
0.0,9966
0.0,9967
0.0,9968
0.0,9969
0.0,9970
125.42524708921478,9971
0.0,9972
0.0,9973
0.0,9974
0.0,9975
0.0,9976
0.0,9977
23.29721612993135,9978
0.0,9979
0.0,9980
464.35638654677075,9981
0.0,9982
0.0,9983
0.0,9984
0.0,9985
0.0,9986
0.0,9987
0.0,9988
0.0,9989
0.0,9990
0.0,9991
1877.2199947167467,9992
0.0,9993
0.0,9994
0.0,9995
0.0,9996
0.0,9997
0.0,9998
0.0,9999
0.0,10000
0.0,10001
0.0,10002
0.0,10003
0.0,10004
0.0,10005
0.0,10006
0.0,10007
0.0,10008
0.0,10009
0.0,10010
0.0,10011
0.0,10012
0.0,10013
0.0,10014
0.0,10015
0.0,10016
0.0,10017
0.0,10018
0.0,10019
1049.852235448796,10020
0.0,10021
0.0,10022
1616.286574750379,10023
0.0,10024
0.0,10025
0.0,10026
206.66079216608824,10027
372.38544801929294,10028
0.0,10029
760.0118092783654,10030
0.0,10031
1688.0176927478788,10032
116.46430764235194,10033
951.7809768634122,10034
0.0,10035
481.2910085215883,10036
0.0,10037
576.5244857634062,10038
0.0,10039
0.0,10040
0.0,10041
0.0,10042
421.81657052118504,10043
0.0,10044
0.0,10045
0.0,10046
0.0,10047
0.0,10048
0.0,10049
0.0,10050
0.0,10051
0.0,10052
0.0,10053
511.04553170665093,10054
1493.280783787057,10055
6512.208778728234,10056
3684.024650498029,10057
0.0,10058
0.0,10059
0.0,10060
4929.541291030999,10061
1384.1494197693612,10062
0.0,10063
1762.5402107842438,10064
0.0,10065
0.0,10066
0.0,10067
0.0,10068
1690.8446343899896,10069
286.78889781656727,10070
533.2989049880969,10071
648.7253238057854,10072
0.0,10073
764.2428086863176,10074
0.0,10075
0.0,10076
1070.4846424527643,10077
468.8420930057385,10078
179.8916182126328,10079
243.13768504390944,10080
321.1579264088808,10081
0.0,10082
538.944233190134,10083
0.0,10084
0.0,10085
0.0,10086
0.0,10087
0.0,10088
0.0,10089
0.0,10090
0.0,10091
0.0,10092
0.4138068153055704,10093
0.0,10094
0.0,10095
0.0,10096
0.0,10097
0.0,10098
0.0,10099
0.0,10100
0.0,10101
0.0,10102
0.0,10103
0.0,10104
0.0,10105
0.0,10106
0.0,10107
0.0,10108
0.0,10109
0.0,10110
0.0,10111
0.0,10112
0.0,10113
4.572665146484879,10114
1005.2955502148626,10115
0.0,10116
2787.5256249683353,10117
0.0,10118
84.53029290688792,10119
0.0,10120
0.0,10121
0.0,10122
0.0,10123
0.0,10124
0.0,10125
833.181765776974,10126
1042.139622539538,10127
0.0,10128
0.0,10129
0.0,10130
0.0,10131
0.0,10132
0.0,10133
0.0,10134
0.0,10135
0.0,10136
0.0,10137
0.0,10138
0.0,10139
0.0,10140
0.0,10141
0.0,10142
0.0,10143
2426.5901489407534,10144
0.0,10145
0.0,10146
0.0,10147
0.0,10148
0.0,10149
0.0,10150
0.0,10151
0.0,10152
0.0,10153
0.0,10154
0.0,10155
0.0,10156
0.0,10157
0.0,10158
2068.2207259226598,10159
0.0,10160
1801.9190966588365,10161
0.0,10162
3131.7432934396693,10163
1362.4736233899819,10164
0.0,10165
0.0,10166
2729.07855679668,10167
1651.164735621392,10168
2990.1363667739165,10169
3803.8193077155534,10170
3043.494398358039,10171
3084.9110478781986,10172
2705.921237903811,10173
0.0,10174
971.0926386335105,10175
1962.7029489208817,10176
2431.610782897839,10177
2183.1687547768925,10178
1486.5644412931113,10179
1041.0208811694968,10180
0.0,10181
2651.65823291656,10182
2168.4802001121298,10183
0.0,10184
803.9226624759665,10185
941.0498750504826,10186
0.0,10187
0.0,10188
0.0,10189
0.0,10190
0.0,10191
0.0,10192
0.0,10193
578.4160709186871,10194
3837.213349712365,10195
0.0,10196
0.0,10197
708.3811560138914,10198
0.0,10199
0.0,10200
0.0,10201
0.0,10202
0.0,10203
0.0,10204
0.0,10205
0.0,10206
0.0,10207
0.0,10208
0.0,10209
0.0,10210
0.0,10211
0.0,10212
0.0,10213
437.6276116974021,10214
0.0,10215
0.0,10216
764.4433233222256,10217
0.0,10218
0.0,10219
720.1967878830229,10220
0.0,10221
991.0882884173052,10222
0.0,10223
0.0,10224
0.0,10225
207.690491257857,10226
0.0,10227
148.79197290821017,10228
0.0,10229
0.0,10230
0.0,10231
0.0,10232
333.79055542102964,10233
0.0,10234
0.0,10235
0.0,10236
0.0,10237
0.0,10238
0.0,10239
0.0,10240
0.0,10241
0.0,10242
0.0,10243
0.0,10244
0.0,10245
233.57908725787215,10246
0.0,10247
161.77355636630546,10248
1.7406935959298107,10249
365.20523650583556,10250
0.0,10251
0.0,10252
0.0,10253
0.0,10254
335.5648810113833,10255
0.0,10256
0.0,10257
0.0,10258
0.0,10259
0.0,10260
1343.401081821695,10261
186.1000779614328,10262
94.11356930326393,10263
56.28115559694897,10264
20.51418561691437,10265
1091.5291579787283,10266
441.3428825384581,10267
303.5305799606367,10268
180.09191164564277,10269
0.0,10270
0.0,10271
0.0,10272
0.0,10273
0.0,10274
0.0,10275
0.0,10276
0.0,10277
0.0,10278
0.0,10279
245.39678605896526,10280
0.0,10281
0.0,10282
0.0,10283
0.0,10284
0.0,10285
0.0,10286
0.0,10287
0.0,10288
7.2412775842588655,10289
0.0,10290
0.0,10291
0.0,10292
359.5276048205459,10293
371.1638308232747,10294
0.0,10295
127.6676949981784,10296
0.0,10297
0.0,10298
0.0,10299
0.0,10300
0.0,10301
0.0,10302
0.0,10303
0.0,10304
0.0,10305
0.0,10306
0.0,10307
0.0,10308
0.0,10309
0.0,10310
0.0,10311
0.0,10312
0.0,10313
790.8632868492654,10314
0.0,10315
0.0,10316
0.0,10317
0.0,10318
0.0,10319
0.0,10320
308.83559482584695,10321
1451.2943258128907,10322
0.0,10323
0.0,10324
0.0,10325
687.4144950148258,10326
0.0,10327
0.0,10328
1960.1427387690887,10329
0.0,10330
0.0,10331
0.0,10332
0.0,10333
0.0,10334
1070.0386732842394,10335
988.1856476291015,10336
0.0,10337
0.0,10338
0.0,10339
0.0,10340
0.0,10341
0.0,10342
0.0,10343
1464.6562456290787,10344
0.0,10345
0.0,10346
0.0,10347
214.45054860293436,10348
256.9765715986954,10349
0.0,10350
0.0,10351
0.0,10352
31.73742708158719,10353
579.9415378356608,10354
618.4899980426877,10355
0.0,10356
0.0,10357
2390.358552711079,10358
39.992257044084035,10359
55.22608487865396,10360
0.0,10361
0.0,10362
0.0,10363
0.0,10364
0.0,10365
0.0,10366
0.0,10367
0.0,10368
3780.9977076056534,10369
0.0,10370
1009.949784816454,10371
214.81409710940338,10372
0.0,10373
0.0,10374
393.3968828526785,10375
0.0,10376
328.7045873425284,10377
0.0,10378
2391.396140840308,10379
2294.1061796618196,10380
0.0,10381
0.0,10382
0.0,10383
0.0,10384
0.0,10385
0.0,10386
0.0,10387
0.0,10388
0.0,10389
1345.760114697735,10390
0.0,10391
0.0,10392
2637.2948285248267,10393
0.0,10394
5007.730467315728,10395
0.0,10396
2361.0193399430004,10397
0.0,10398
0.0,10399
0.0,10400
1542.8613607307564,10401
0.0,10402
0.0,10403
0.0,10404
0.0,10405
0.0,10406
0.0,10407
2843.661819054656,10408
0.0,10409
0.0,10410
779.8781299994943,10411
0.0,10412
0.0,10413
0.0,10414
0.0,10415
0.0,10416
0.0,10417
736.2736584370969,10418
974.0983129497818,10419
197.5073874898937,10420
0.0,10421
0.0,10422
0.0,10423
0.0,10424
3902.862867562782,10425
0.0,10426
0.0,10427
0.0,10428
4527.557068132962,10429
0.0,10430
5909.217866573304,10431
0.0,10432
0.0,10433
0.0,10434
0.0,10435
0.0,10436
1614.9276414110273,10437
506.1120082709142,10438
585.4433773368403,10439
429.82637531109765,10440
0.0,10441
365.9297914808268,10442
0.0,10443
0.0,10444
0.0,10445
293.6291092805693,10446
0.0,10447
0.0,10448
0.0,10449
0.0,10450
0.0,10451
0.0,10452
0.0,10453
3118.2211749799653,10454
217.850199532868,10455
0.0,10456
3252.552363559409,10457
0.0,10458
3959.3884778689185,10459
0.0,10460
4822.235439791912,10461
0.0,10462
337.0788528439956,10463
4845.4167721915765,10464
0.0,10465
0.0,10466
0.0,10467
0.0,10468
0.0,10469
6397.549894745726,10470
7881.26813220712,10471
0.0,10472
0.0,10473
0.0,10474
0.0,10475
0.0,10476
0.0,10477
5249.000538886393,10478
0.0,10479
0.0,10480
0.0,10481
0.0,10482
0.0,10483
0.0,10484
0.0,10485
0.0,10486
0.0,10487
0.0,10488
0.0,10489
0.0,10490
0.0,10491
2713.991457650696,10492
0.0,10493
0.0,10494
0.0,10495
0.0,10496
0.0,10497
0.0,10498
0.0,10499
0.0,10500
0.0,10501
0.0,10502
0.0,10503
0.0,10504
0.0,10505
0.0,10506
4460.692003438362,10507
0.0,10508
0.0,10509
0.0,10510
0.0,10511
1384.982092489734,10512
2664.652154074397,10513
0.0,10514
0.0,10515
0.0,10516
0.0,10517
3347.83133932295,10518
2632.223873591498,10519
3318.888116513026,10520
3222.316082298572,10521
3101.6764375965236,10522
0.0,10523
0.0,10524
5708.676090703379,10525
0.0,10526
0.0,10527
0.0,10528
0.0,10529
0.0,10530
528.061245378856,10531
0.0,10532
0.0,10533
0.0,10534
0.0,10535
0.0,10536
0.0,10537
0.0,10538
3992.617563908455,10539
0.0,10540
0.0,10541
0.0,10542
0.0,10543
540.3901539489215,10544
0.0,10545
0.0,10546
490.877533234183,10547
0.0,10548
0.0,10549
0.0,10550
0.0,10551
0.0,10552
0.0,10553
0.0,10554
0.0,10555
0.0,10556
0.0,10557
0.0,10558
0.0,10559
0.0,10560
0.0,10561
0.0,10562
0.0,10563
0.0,10564
593.4579297042494,10565
0.0,10566
0.0,10567
0.0,10568
0.0,10569
0.0,10570
0.0,10571
0.0,10572
63.72248632241105,10573
0.0,10574
0.0,10575
0.0,10576
426.6610660931103,10577
0.0,10578
0.0,10579
0.0,10580
14.467030087234091,10581
0.0,10582
0.0,10583
0.0,10584
0.0,10585
0.0,10586
2.8641617305273304,10587
0.0,10588
0.0,10589
0.0,10590
0.3600085003306347,10591
0.0,10592
0.0,10593
0.0,10594
0.0,10595
0.0,10596
0.0,10597
2247.788461526666,10598
0.0,10599
0.0,10600
0.0,10601
0.0,10602
2277.721567734682,10603
0.0,10604
0.0,10605
0.0,10606
0.0,10607
0.0,10608
0.0,10609
0.0,10610
0.0,10611
0.0,10612
1433.8093791023082,10613
0.0,10614
0.0,10615
0.0,10616
0.0,10617
568.8648261353129,10618
0.0,10619
0.0,10620
0.0,10621
0.0,10622
0.0,10623
0.0,10624
1989.3522076555548,10625
2645.1981682924315,10626
0.0,10627
0.0,10628
0.0,10629
294.49552420421713,10630
0.0,10631
0.0,10632
0.0,10633
696.8927799418015,10634
0.0,10635
0.0,10636
2405.926684562361,10637
0.0,10638
0.0,10639
0.0,10640
0.0,10641
294.1936877300531,10642
0.0,10643
2458.3297664937386,10644
0.0,10645
0.0,10646
0.0,10647
0.0,10648
686.9450007397303,10649
0.0,10650
2433.4420127453714,10651
0.0,10652
0.0,10653
0.0,10654
0.0,10655
1502.294611605161,10656
0.0,10657
0.0,10658
289.9023441282215,10659
0.0,10660
0.0,10661
0.0,10662
0.0,10663
0.0,10664
0.0,10665
0.0,10666
0.0,10667
1165.8487395703855,10668
0.0,10669
0.0,10670
76.00891085574217,10671
0.0,10672
532.0762489761711,10673
0.0,10674
0.0,10675
0.0,10676
0.0,10677
0.0,10678
0.0,10679
0.0,10680
0.0,10681
0.0,10682
787.1712248343706,10683
0.0,10684
0.0,10685
0.0,10686
0.0,10687
0.0,10688
2210.8077731748367,10689
859.6326123108523,10690
0.0,10691
0.0,10692
0.0,10693
1316.97834856837,10694
0.0,10695
0.0,10696
0.0,10697
0.0,10698
0.0,10699
0.0,10700
0.0,10701
0.0,10702
0.0,10703
0.0,10704
0.0,10705
1355.1589835658212,10706
1197.5499430020702,10707
1314.9464033463705,10708
0.0,10709
0.0,10710
673.2547519724247,10711
0.0,10712
0.0,10713
0.0,10714
0.0,10715
0.0,10716
0.0,10717
0.0,10718
0.0,10719
0.0,10720
434.55376425173847,10721
0.0,10722
0.0,10723
0.0,10724
0.0,10725
0.0,10726
0.0,10727
0.0,10728
248.746724303421,10729
0.0,10730
0.0,10731
0.0,10732
0.0,10733
0.0,10734
0.0,10735
0.0,10736
0.0,10737
0.0,10738
0.0,10739
0.0,10740
0.0,10741
0.0,10742
0.0,10743
0.0,10744
0.0,10745
0.0,10746
0.0,10747
570.6658484577988,10748
0.0,10749
0.0,10750
0.0,10751
0.0,10752
0.0,10753
928.3940733237648,10754
1523.3269491635083,10755
0.0,10756
0.0,10757
1306.5120592492106,10758
0.0,10759
0.0,10760
0.0,10761
0.0,10762
0.0,10763
0.0,10764
0.0,10765
0.0,10766
0.0,10767
1721.7913886612982,10768
0.0,10769
0.0,10770
0.0,10771
0.0,10772
364.4118787861411,10773
1406.5254642531445,10774
0.0,10775
1459.3739081381311,10776
0.0,10777
1823.1611349066764,10778
0.0,10779
0.0,10780
1909.7181243422938,10781
0.0,10782
0.0,10783
0.0,10784
0.0,10785
0.0,10786
0.0,10787
0.0,10788
0.0,10789
0.0,10790
0.0,10791
641.0930253758166,10792
0.0,10793
0.0,10794
0.0,10795
0.0,10796
0.0,10797
0.0,10798
0.0,10799
0.0,10800
0.0,10801
0.0,10802
0.0,10803
0.0,10804
0.0,10805
0.0,10806
0.0,10807
0.0,10808
0.0,10809
0.0,10810
0.0,10811
0.0,10812
0.0,10813
0.0,10814
0.0,10815
0.0,10816
0.0,10817
0.0,10818
0.0,10819
271.60779399657,10820
0.0,10821
20.552486290781076,10822
0.0,10823
0.0,10824
0.0,10825
0.0,10826
0.0,10827
0.0,10828
0.0,10829
2.7640499267268006,10830
0.0,10831
0.3121643364548956,10832
0.0,10833
0.0,10834
0.0,10835
191.70882717173728,10836
1728.9951088975486,10837
0.0,10838
983.2738270415383,10839
0.0,10840
0.0,10841
130.83626753358425,10842
0.0,10843
0.0,10844
0.0,10845
0.0,10846
0.0,10847
0.0,10848
0.0,10849
0.0,10850
0.0,10851
0.0,10852
0.0,10853
0.0,10854
0.0,10855
0.0,10856
0.0,10857
0.0,10858
0.0,10859
0.0,10860
0.0,10861
105.19117390767805,10862
31.924723861235513,10863
0.0,10864
0.0,10865
0.0,10866
0.0,10867
0.0,10868
843.1462691590651,10869
0.0,10870
0.0,10871
0.0,10872
0.0,10873
2146.848231785744,10874
0.0,10875
0.0,10876
567.2585697667288,10877
1762.2838298043732,10878
0.0,10879
0.0,10880
0.0,10881
0.0,10882
1154.8905410858567,10883
0.0,10884
0.0,10885
0.0,10886
0.0,10887
0.0,10888
854.5380202714459,10889
1111.9868600477553,10890
0.0,10891
0.0,10892
20038.541914146634,10893
0.0,10894
0.0,10895
0.0,10896
0.0,10897
0.0,10898
20495.589229007703,10899
0.6942713879252645,10900
0.032966070092757566,10901
0.0,10902
0.0,10903
0.0,10904
0.0,10905
0.0,10906
0.0,10907
0.0,10908
0.0,10909
0.0,10910
0.0,10911
0.0,10912
0.0,10913
0.0,10914
0.0,10915
0.0,10916
0.0,10917
0.0,10918
0.0,10919
0.0,10920
0.0,10921
0.0,10922
303.66036860912504,10923
1074.6221803796727,10924
123.9618476015783,10925
0.0,10926
0.0,10927
0.0,10928
0.0,10929
0.0,10930
0.0,10931
0.0,10932
0.0,10933
0.0,10934
0.0,10935
0.0,10936
0.0,10937
0.0,10938
2458.9303728093487,10939
0.0,10940
3927.843969034144,10941
0.0,10942
0.0,10943
0.0,10944
0.0,10945
0.0,10946
0.0,10947
445.94436142331807,10948
0.0,10949
1175.8698915749085,10950
0.0,10951
1404.5304988303235,10952
0.0,10953
0.0,10954
3620.8631438041407,10955
0.0,10956
2645.466385472957,10957
0.0,10958
0.0,10959
0.0,10960
30.27339283347469,10961
0.0,10962
0.0,10963
0.0,10964
0.0,10965
0.0,10966
0.0,10967
0.0,10968
6211.229879752811,10969
0.0,10970
0.0,10971
0.0,10972
0.0,10973
0.0,10974
0.0,10975
0.0,10976
6150.670718054902,10977
7140.705728719219,10978
0.0,10979
7449.5946631038405,10980
108.29217245332994,10981
0.0,10982
89.52795255430023,10983
0.0,10984
0.0,10985
0.0,10986
0.0,10987
0.0,10988
0.0,10989
0.0,10990
0.0,10991
0.0,10992
0.0,10993
3609.874068501352,10994
0.0,10995
1342.8182644244569,10996
0.0,10997
0.0,10998
0.0,10999
0.0,11000
0.0,11001
0.0,11002
0.0,11003
0.0,11004
0.0,11005
0.0,11006
0.0,11007
0.0,11008
4123.979310069832,11009
0.0,11010
0.0,11011
4312.0817623501325,11012
0.0,11013
3821.990777189919,11014
0.0,11015
0.0,11016
14.238834341183782,11017
0.0,11018
0.0,11019
567.4247416175306,11020
0.0,11021
0.0,11022
0.0,11023
0.0,11024
0.0,11025
0.0,11026
2694.578862535598,11027
1187.0302780468894,11028
1004.550199849578,11029
0.0,11030
83.71619177101793,11031
32.74552484511331,11032
0.0,11033
9.036323743223823,11034
0.0,11035
20926.663211123636,11036
0.0,11037
0.0,11038
0.0,11039
0.0,11040
0.0,11041
0.0,11042
0.0,11043
0.0,11044
0.0,11045
0.0,11046
0.0,11047
0.0,11048
0.0,11049
0.0,11050
0.0,11051
0.0,11052
0.0,11053
0.0,11054
1640.5812005097544,11055
0.0,11056
0.0,11057
0.0,11058
211.65738618156593,11059
0.0,11060
0.0,11061
1375.6511001343858,11062
0.0,11063
905.6811561474065,11064
818.4847338267189,11065
5925.242063170711,11066
1428.1159197218656,11067
1823.8573876627568,11068
0.0,11069
0.0,11070
1792.9772390414257,11071
1838.056344559127,11072
0.0,11073
0.0,11074
4646.305349493738,11075
0.0,11076
0.0,11077
0.0,11078
151.6007127445491,11079
2240.567332279338,11080
0.0,11081
1537.349739480479,11082
1852.5377779845162,11083
0.0,11084
0.0,11085
0.0,11086
0.0,11087
689.1862399226511,11088
0.0,11089
0.0,11090
0.0,11091
0.0,11092
659.5434061206889,11093
0.0,11094
0.0,11095
5808.545218846017,11096
0.0,11097
0.0,11098
0.0,11099
0.0,11100
0.0,11101
0.0,11102
0.0,11103
0.0,11104
0.0,11105
0.0,11106
0.0,11107
0.0,11108
299.42594503565823,11109
0.0,11110
0.0,11111
0.0,11112
0.0,11113
0.0,11114
0.0,11115
0.0,11116
0.0,11117
0.0,11118
0.0,11119
0.0,11120
0.0,11121
0.0,11122
0.0,11123
0.0,11124
0.0,11125
0.0,11126
0.0,11127
0.0,11128
0.0,11129
0.0,11130
0.0,11131
6063.9254259194095,11132
0.0,11133
0.0,11134
0.0,11135
0.0,11136
0.0,11137
0.0,11138
0.0,11139
0.0,11140
0.0,11141
0.0,11142
0.0,11143
0.0,11144
0.0,11145
0.0,11146
0.0,11147
0.0,11148
0.0,11149
0.0,11150
0.0,11151
0.0,11152
0.0,11153
0.0,11154
0.0,11155
0.0,11156
0.0,11157
6786.515179787736,11158
0.0,11159
0.0,11160
4998.872590628232,11161
0.0,11162
0.0,11163
0.0,11164
0.0,11165
0.0,11166
0.0,11167
0.0,11168
0.0,11169
0.0,11170
0.0,11171
0.0,11172
0.0,11173
0.0,11174
0.0,11175
4.745476296994372,11176
0.0,11177
0.3615258240143528,11178
0.0,11179
0.0,11180
59.14107975794706,11181
0.0,11182
0.0,11183
0.0,11184
0.0,11185
0.0,11186
0.0,11187
0.0,11188
0.0,11189
0.0,11190
0.0,11191
0.0,11192
0.0,11193
0.0,11194
0.0,11195
0.0,11196
0.0,11197
0.0,11198
0.0,11199
0.0,11200
0.0,11201
0.0,11202
0.0,11203
0.0,11204
0.0,11205
0.0,11206
0.0,11207
0.0,11208
0.0,11209
0.0,11210
0.0,11211
0.0,11212
0.0,11213
0.0,11214
0.0,11215
0.0,11216
0.0,11217
0.0,11218
0.0,11219
0.0,11220
0.0,11221
0.0,11222
2553.630962641354,11223
0.0,11224
1399.601903015037,11225
0.0,11226
0.0,11227
0.0,11228
0.0,11229
0.0,11230
1509.0395520939835,11231
0.0,11232
0.0,11233
0.0,11234
0.0,11235
0.0,11236
0.0,11237
0.0,11238
0.0,11239
0.0,11240
0.0,11241
0.0,11242
0.0,11243
0.0,11244
1576.240475456548,11245
1449.9183760228545,11246
6897.671553271177,11247
0.0,11248
0.0,11249
0.0,11250
0.0,11251
0.0,11252
0.0,11253
0.0,11254
0.0,11255
762.6251863882726,11256
0.0,11257
0.0,11258
0.0,11259
0.0,11260
0.0,11261
0.0,11262
0.0,11263
0.0,11264
0.0,11265
0.0,11266
0.0,11267
0.0,11268
0.0,11269
0.0,11270
0.0,11271
0.0,11272
4125.985729492825,11273
2634.379975524528,11274
3865.4368781426274,11275
2748.552239596023,11276
0.0,11277
3971.8238324121194,11278
0.0,11279
3906.9425813946755,11280
972.7562145183924,11281
3010.0945031845536,11282
3635.832394627119,11283
3209.233564389878,11284
7515.910937293962,11285
0.0,11286
1071.702509783342,11287
0.0,11288
0.0,11289
0.0,11290
2005.9120130656074,11291
0.0,11292
0.0,11293
0.0,11294
286.20410340462314,11295
0.0,11296
0.0,11297
0.0,11298
0.0,11299
0.0,11300
0.0,11301
0.0,11302
0.0,11303
0.0,11304
0.0,11305
0.0,11306
0.0,11307
0.0,11308
0.0,11309
0.0,11310
0.0,11311
0.0,11312
0.0,11313
0.0,11314
0.0,11315
0.0,11316
0.0,11317
0.0,11318
0.0,11319
0.0,11320
0.0,11321
0.0,11322
0.0,11323
2755.6624361744953,11324
0.0,11325
2851.0593274503476,11326
0.0,11327
0.0,11328
0.0,11329
0.0,11330
0.0,11331
0.0,11332
0.0,11333
0.0,11334
0.0,11335
0.0,11336
0.0,11337
0.0,11338
0.0,11339
0.0,11340
0.0,11341
0.0,11342
0.0,11343
0.0,11344
0.0,11345
0.0,11346
0.0,11347
0.0,11348
0.0,11349
0.0,11350
0.0,11351
0.0,11352
0.0,11353
0.0,11354
0.0,11355
0.0,11356
0.0,11357
0.0,11358
0.0,11359
0.0,11360
0.0,11361
0.0,11362
0.0,11363
0.0,11364
0.0,11365
0.0,11366
0.0,11367
0.0,11368
0.0,11369
0.0,11370
0.0,11371
0.0,11372
6932.2403622138745,11373
0.0,11374
0.0,11375
0.0,11376
0.0,11377
0.0,11378
0.0,11379
0.0,11380
0.0,11381
4888.412439947332,11382
0.0,11383
0.0,11384
0.0,11385
0.0,11386
0.0,11387
0.0,11388
0.0,11389
0.0,11390
0.0,11391
0.0,11392
1264.288329229159,11393
1007.2800531353083,11394
305.5897872957603,11395
0.0,11396
269.1516524873785,11397
0.0,11398
0.0,11399
1729.4014827532797,11400
1734.290445811386,11401
351.48046185195847,11402
498.81774891242753,11403
292.30996785131356,11404
0.0,11405
0.0,11406
0.0,11407
1720.6854071501352,11408
0.0,11409
0.4094768228424317,11410
0.035558377467337254,11411
0.0,11412
1503.2610343945705,11413
0.0,11414
684.1904413756888,11415
1008.7298718772026,11416
0.0,11417
777.98879189566,11418
679.7081127485152,11419
1381.7186139174346,11420
0.0,11421
0.0,11422
315.53600455448486,11423
5604.316239472196,11424
0.0,11425
5541.940505730426,11426
742.466280367504,11427
0.0,11428
0.0,11429
0.0,11430
0.0,11431
0.0,11432
1816.889921293019,11433
0.0,11434
0.0,11435
10.014456520998525,11436
0.0,11437
0.0,11438
0.0,11439
2386.9233506612504,11440
0.0,11441
0.0,11442
2703.199442740854,11443
0.0,11444
47.828283411732706,11445
172.06282191164743,11446
0.0,11447
1511.2076218493553,11448
0.0,11449
247.9074579482312,11450
0.0,11451
3798.287992703493,11452
0.0,11453
0.0,11454
331.3970109996279,11455
0.0,11456
0.0,11457
0.0,11458
0.0,11459
0.0,11460
0.0,11461
1634.3345601936242,11462
434.84185431452755,11463
0.0,11464
0.0,11465
0.0,11466
476.25983714419505,11467
1273.7086561922856,11468
1246.4681742184002,11469
944.3723505661596,11470
0.0,11471
0.0,11472
0.0,11473
0.0,11474
0.0,11475
0.0,11476
0.0,11477
0.0,11478
213.79025641436374,11479
162.20617559673434,11480
0.0,11481
0.0,11482
368.85713633582657,11483
0.0,11484
0.0,11485
0.0,11486
0.0,11487
0.0,11488
0.0,11489
0.0,11490
0.0,11491
0.0,11492
0.0,11493
0.0,11494
0.0,11495
0.0,11496
0.0,11497
0.0,11498
0.0,11499
0.0,11500
0.0,11501
0.0,11502
0.0,11503
0.0,11504
0.0,11505
0.0,11506
1214.8256514623477,11507
0.0,11508
0.0,11509
0.0,11510
0.0,11511
0.0,11512
0.0,11513
0.0,11514
0.0,11515
0.0,11516
0.0,11517
0.0,11518
0.0,11519
0.0,11520
440.8052927187122,11521
0.0,11522
0.0,11523
0.0,11524
0.0,11525
0.0,11526
0.0,11527
0.0,11528
0.0,11529
0.0,11530
0.0,11531
0.0,11532
0.0,11533
0.0,11534
0.0,11535
0.0,11536
0.0,11537
0.0,11538
0.0,11539
0.0,11540
0.0,11541
0.0,11542
0.0,11543
0.0,11544
0.0,11545
0.0,11546
0.0,11547
0.0,11548
0.0,11549
0.0,11550
3809.761296765766,11551
0.0,11552
0.0,11553
0.0,11554
2268.435769126287,11555
4132.45534543719,11556
3711.4965033405965,11557
0.0,11558
4669.220865885893,11559
0.0,11560
0.0,11561
0.0,11562
0.0,11563
0.0,11564
0.0,11565
0.0,11566
750.6013168258119,11567
0.0,11568
1578.3217353860114,11569
2590.48169666321,11570
0.0,11571
0.0,11572
0.0,11573
1915.8861944514076,11574
0.0,11575
1772.3743368910575,11576
3802.902604778714,11577
1165.6442263850277,11578
2598.6028644451117,11579
0.0,11580
15.492253849305055,11581
0.0,11582
41.99636658147481,11583
43.66797645405268,11584
1024.8844702729375,11585
1001.8968114987024,11586
0.0,11587
4874.768613505287,11588
0.0,11589
4812.232573100107,11590
735.0297708379378,11591
1888.1493064330605,11592
4959.77382356147,11593
4826.735071343248,11594
1991.6778503242745,11595
3646.6404090057254,11596
1193.4360894351337,11597
651.8453659238334,11598
4738.3481407495965,11599
3897.678420116616,11600
0.0,11601
589.3082905650783,11602
0.0,11603
2573.6597433645643,11604
0.0,11605
4917.404056481849,11606
0.0,11607
0.0,11608
0.0,11609
0.0,11610
0.0,11611
0.0,11612
5102.129704667716,11613
0.0,11614
2859.125355615343,11615
2934.067837134874,11616
4511.289354967509,11617
2894.420598949597,11618
2943.930669679197,11619
2981.753462442316,11620
3007.3565550096982,11621
0.0,11622
0.0,11623
0.0,11624
0.0,11625
4763.5450476042415,11626
2966.148088978177,11627
45.12933088919919,11628
5420.219460005364,11629
0.0,11630
0.0,11631
2895.1409259305074,11632
2939.0681272031666,11633
0.0,11634
3000.103728352138,11635
0.0,11636
3064.8686552542363,11637
0.0,11638
3107.878463828928,11639
4282.795371197308,11640
3135.1106916875233,11641
3213.3668554099318,11642
4788.901552675789,11643
2959.227472148301,11644
2915.231884790439,11645
0.0,11646
0.0,11647
1151.5036944134529,11648
0.0,11649
0.0,11650
2865.575330916039,11651
2451.986686699649,11652
2676.1596020804313,11653
2510.375059553988,11654
2332.907845581702,11655
0.0,11656
0.0,11657
0.0,11658
2128.9008026367287,11659
1898.7575590579904,11660
690.3057916511383,11661
1400.5454422374019,11662
0.0,11663
1901.1441287285527,11664
0.0,11665
0.0,11666
1281.930926679507,11667
645.1594500910928,11668
0.0,11669
954.6899774160169,11670
0.0,11671
749.0195219098241,11672
0.0,11673
869.9266923075984,11674
800.6290730915349,11675
662.7881342042723,11676
584.2089377903478,11677
0.0,11678
508.3036743459122,11679
1608.4915032706415,11680
302.3149364311399,11681
53.76739273431997,11682
77.41818963623467,11683
0.0,11684
0.0,11685
0.0,11686
0.0,11687
537.8682230012087,11688
505.5127563949742,11689
0.0,11690
360.77522030463507,11691
434.45556224016,11692
0.0,11693
500.76432973226275,11694
206.242205378767,11695
2117.6969781338803,11696
1870.3129670186324,11697
2333.232775485185,11698
0.0,11699
513.2190128705956,11700
508.9765345762131,11701
450.53729733794864,11702
776.480420053594,11703
1616.2564154834176,11704
63.62153210048934,11705
0.0,11706
636.9361413027873,11707
0.0,11708
0.0,11709
0.0,11710
0.0,11711
535.6267835059567,11712
1109.4720677365797,11713
0.0,11714
420.60513568300973,11715
330.68053609233584,11716
0.0,11717
250.5703588045715,11718
415.95531812589263,11719
0.0,11720
146.2460953347067,11721
0.0,11722
66.11977423979576,11723
32.46474101666891,11724
254.90446098867244,11725
776.1321415054664,11726
0.0,11727
0.0,11728
102.18069917580807,11729
455.5254519083029,11730
0.0,11731
1642.7484186144986,11732
1659.9439788158036,11733
643.4263196496066,11734
1044.421675653103,11735
404.90888345618856,11736
0.0,11737
2562.301710959794,11738
0.0,11739
0.0,11740
0.0,11741
0.0,11742
0.0,11743
0.0,11744
0.0,11745
0.0,11746
0.0,11747
0.0,11748
0.0,11749
0.0,11750
975.0446638385157,11751
0.0,11752
0.0,11753
0.0,11754
0.0,11755
0.0,11756
913.5308709701479,11757
0.0,11758
5497.126250396788,11759
0.0,11760
0.0,11761
0.0,11762
0.0,11763
0.0,11764
1364.102584260928,11765
0.0,11766
1422.4980647270984,11767
995.4328518143611,11768
0.0,11769
1447.206491540833,11770
1931.5439504797614,11771
0.0,11772
0.0,11773
0.0,11774
2025.4287954442163,11775
2503.052148907044,11776
2472.6657877894563,11777
2037.0104971234064,11778
0.0,11779
1787.2515830483028,11780
0.0,11781
0.0,11782
1392.9714002441485,11783
1597.4406954332626,11784
1001.8447384090728,11785
0.0,11786
0.0,11787
0.0,11788
0.0,11789
0.0,11790
1218.0400220062245,11791
0.0,11792
0.0,11793
0.0,11794
1940.5023685054127,11795
0.0,11796
0.0,11797
0.0,11798
1245.4427301127287,11799
0.0,11800
1073.6436235080903,11801
0.0,11802
0.0,11803
0.0,11804
0.0,11805
1624.570930682567,11806
3572.580341723904,11807
683.5624039680064,11808
0.0,11809
0.0,11810
0.0,11811
0.0,11812
0.0,11813
0.0,11814
0.0,11815
12.626562496073907,11816
580.0065804087723,11817
621.2359379318054,11818
0.0,11819
0.0,11820
0.0,11821
0.0,11822
0.0,11823
0.0,11824
0.0,11825
426.0809096922401,11826
0.0,11827
0.0,11828
0.0,11829
0.0,11830
0.0,11831
0.0,11832
0.0,11833
0.0,11834
0.0,11835
0.0,11836
0.0,11837
0.0,11838
0.0,11839
0.0,11840
0.0,11841
0.0,11842
0.0,11843
0.0,11844
1579.4922954644067,11845
0.0,11846
0.0,11847
0.0,11848
0.0,11849
0.0,11850
0.0,11851
0.0,11852
0.0,11853
0.0,11854
0.0,11855
0.0,11856
0.0,11857
0.0,11858
0.0,11859
0.0,11860
0.0,11861
0.0,11862
0.0,11863
0.0,11864
0.0,11865
0.0,11866
0.0,11867
0.0,11868
158.70771894577535,11869
0.0,11870
0.0,11871
0.0,11872
0.0,11873
0.0,11874
0.0,11875
0.0,11876
360.26914486756556,11877
2556.9152905295173,11878
0.0,11879
0.0,11880
0.0,11881
0.0,11882
712.9891655490072,11883
0.0,11884
0.0,11885
11.955471314941656,11886
1685.1716124292468,11887
0.0,11888
0.0,11889
951.9092359908362,11890
0.0,11891
0.0,11892
0.0,11893
0.0,11894
0.0,11895
0.0,11896
0.0,11897
0.0,11898
0.0,11899
0.0,11900
0.0,11901
0.0,11902
507.05978267243114,11903
0.0,11904
0.0,11905
0.0,11906
0.0,11907
0.0,11908
0.0,11909
2074.2971929209452,11910
0.0,11911
0.0,11912
0.0,11913
0.0,11914
2508.350495471284,11915
0.0,11916
0.0,11917
0.0,11918
0.0,11919
0.0,11920
144.44536220932997,11921
0.0,11922
0.0,11923
0.0,11924
0.0,11925
706.3049784037106,11926
0.0,11927
0.0,11928
499.825336189129,11929
0.0,11930
0.0,11931
891.8587815661333,11932
0.0,11933
107.01575687190757,11934
16.38568845109464,11935
51.24202568903093,11936
0.0,11937
1133.6953953344942,11938
0.0,11939
541.4108520000997,11940
1323.0946003291158,11941
0.0,11942
0.0,11943
570.3341487928536,11944
0.0,11945
1257.2609220712811,11946
0.0,11947
1146.0643820767857,11948
0.0,11949
3126.0328600497564,11950
365.1073316153255,11951
156.0589748669161,11952
565.0105484569953,11953
934.7640491966507,11954
459.9162129954341,11955
2967.980188171895,11956
2883.541079625993,11957
0.0,11958
0.0,11959
0.0,11960
0.0,11961
2652.1062198476466,11962
0.0,11963
0.0,11964
727.9106234494475,11965
546.0162900404964,11966
478.761575182582,11967
1093.3707373630186,11968
1178.9493989043597,11969
0.0,11970
0.0,11971
0.0,11972
1417.7532133340608,11973
1612.830789027889,11974
1927.2908841779915,11975
0.0,11976
1160.8997176598843,11977
0.0,11978
121.06254666159367,11979
141.66389750918646,11980
0.0,11981
447.49120992983353,11982
0.0,11983
0.0,11984
0.0,11985
2269.641384475815,11986
0.0,11987
0.0,11988
0.0,11989
0.0,11990
0.0,11991
129.8242534468423,11992
45.368590631998984,11993
0.0,11994
0.0,11995
6.61846379538341,11996
2638.3884773860673,11997
2976.4798365473757,11998
205.93069674026907,11999
0.0,12000
0.0,12001
0.10220688169904006,12002
239.14471913727297,12003
0.0,12004
2568.7086536809306,12005
0.0,12006
0.0,12007
0.0,12008
574.0242974865275,12009
0.0,12010
0.0,12011
0.0,12012
0.0,12013
0.0,12014
0.0,12015
0.0,12016
0.0,12017
0.0,12018
0.0,12019
0.0,12020
0.0,12021
0.0,12022
0.0,12023
0.0,12024
0.0,12025
0.0,12026
0.0,12027
0.0,12028
0.0,12029
0.0,12030
0.0,12031
0.0,12032
0.0,12033
2028.515722526692,12034
0.0,12035
0.0,12036
0.0,12037
0.0,12038
0.0,12039
179.63273304512052,12040
0.0,12041
0.0,12042
0.0,12043
2000.737587002439,12044
1693.2644291928777,12045
0.0,12046
0.0,12047
922.6283128038351,12048
1716.7057427256148,12049
1501.4355044583106,12050
2757.1386785963023,12051
1847.6391444832177,12052
2573.075047448466,12053
126.88699448970831,12054
0.0,12055
2891.2591878573103,12056
3024.028514096185,12057
0.0,12058
0.0,12059
0.0,12060
12928.378725474657,12061
0.0,12062
1196.1531999345802,12063
0.0,12064
1050.6194629174267,12065
0.0,12066
0.0,12067
27.98549436015139,12068
0.0,12069
0.0,12070
85.09036805008695,12071
0.0,12072
0.0,12073
1126.8924390093287,12074
0.0,12075
0.0,12076
0.0,12077
0.0,12078
0.0,12079
0.0,12080
0.0,12081
0.0,12082
0.0,12083
587.8511299768982,12084
0.0,12085
0.0,12086
0.0,12087
0.0,12088
0.0,12089
0.0,12090
0.0,12091
0.0,12092
1227.6399023065935,12093
1146.981724070284,12094
0.0,12095
0.0,12096
1035.1307040563418,12097
0.0,12098
0.0,12099
1770.743024468206,12100
0.0,12101
1817.5129956949897,12102
1811.2566497828414,12103
0.0,12104
811.9630301518881,12105
0.0,12106
2926.7487612560435,12107
2425.528259125895,12108
387.42819021687916,12109
927.8652130460683,12110
0.0,12111
281.0209969245884,12112
0.0,12113
0.0,12114
582.8393028125261,12115
0.0,12116
0.0,12117
192.12248113155496,12118
0.0,12119
0.0,12120
0.0,12121
0.0,12122
0.0,12123
0.0,12124
422.7454826301884,12125
640.2930704474786,12126
838.5641704428052,12127
641.4553956483182,12128
755.5590964916545,12129
0.0,12130
2204.2432330185047,12131
0.0,12132
4075.5343906929265,12133
0.0,12134
1955.0832015779706,12135
1633.1164416260538,12136
0.0,12137
0.0,12138
201.27519109730386,12139
0.0,12140
1773.4475280079137,12141
260.1261642253229,12142
1732.5314278710273,12143
641.5569861114346,12144
0.0,12145
1443.3529885396342,12146
1429.3202543698183,12147
0.0,12148
0.0,12149
0.0,12150
602.5924144282405,12151
5659.318557799921,12152
0.0,12153
998.9050883667603,12154
0.0,12155
6302.313054313471,12156
0.0,12157
0.0,12158
0.0,12159
2897.589371545464,12160
0.0,12161
0.0,12162
4108.526862666172,12163
2789.533362852308,12164
52072.18111504752,12165
0.0,12166
0.0,12167
0.0,12168
0.0,12169
0.0,12170
0.0,12171
0.0,12172
0.0,12173
0.0,12174
0.0,12175
3103.4768349144683,12176
2849.2846180759802,12177
8192.167334403,12178
8110.613497903556,12179
2137.75866614711,12180
0.0,12181
4267.876453406385,12182
7890.932783354217,12183
441.46334250786106,12184
0.0,12185
0.0,12186
0.0,12187
0.0,12188
1815.820807417438,12189
0.0,12190
459.8965440125964,12191
3295.6196283069903,12192
0.0,12193
0.0,12194
0.0,12195
0.0,12196
0.0,12197
0.0,12198
0.0,12199
0.0,12200
0.0,12201
0.0,12202
0.0,12203
0.0,12204
0.0,12205
0.0,12206
0.0,12207
0.0,12208
0.0,12209
113.89139753528552,12210
3989.4680011859423,12211
0.0,12212
0.0,12213
1807.1076588608062,12214
121.82048088725543,12215
1976.732907616183,12216
0.0,12217
2338.7086594293796,12218
0.0,12219
0.0,12220
0.0,12221
593.7500875057547,12222
4308.089385330455,12223
0.0,12224
1113.779708317079,12225
3421.380010073692,12226
908.5930558943336,12227
0.0,12228
0.0,12229
3362.8550623497363,12230
1312.3894135096566,12231
2978.453020274163,12232
0.0,12233
20.851458140312904,12234
253.6885385796537,12235
17.36201069148717,12236
39.071536545734496,12237
0.0,12238
0.0,12239
0.0,12240
1928.126913086593,12241
821.8625639462482,12242
0.0,12243
7.840280355807635,12244
0.0,12245
3121.949866455036,12246
0.0,12247
0.0,12248
0.0,12249
6532.0325277749125,12250
38.2010411729636,12251
0.0,12252
0.0,12253
0.0,12254
0.0,12255
10.128759700197545,12256
0.0,12257
0.0,12258
0.0,12259
0.0,12260
0.0,12261
60.22776559035402,12262
3894.3611977660084,12263
0.0,12264
6517.737389394353,12265
6467.917807993484,12266
0.0,12267
195.36042307791004,12268
0.0,12269
0.0,12270
1941.995023016247,12271
0.0,12272
1.1674219199160438,12273
27.333077566958064,12274
0.0,12275
504.6632185783101,12276
0.0,12277
4.144000450557018,12278
740.7266854582676,12279
0.0,12280
16.477164220895894,12281
0.0,12282
2294.172295644636,12283
2290.959602405193,12284
908.5513669549034,12285
1877.7404234635312,12286
0.0,12287
830.3416713641824,12288
723.6493929652769,12289
0.0,12290
0.0,12291
814.0940906976721,12292
486.1989919864111,12293
0.0,12294
0.0,12295
411.1179039728184,12296
478.59643987056614,12297
0.0,12298
1635.1322558200623,12299
0.0,12300
0.0,12301
0.0,12302
1670.8565336665517,12303
0.0,12304
0.0,12305
0.0,12306
0.0,12307
0.0,12308
0.0,12309
0.0,12310
0.0,12311
0.0,12312
0.0,12313
1992.4163243609732,12314
0.0,12315
0.0,12316
500.1896421299888,12317
0.0,12318
0.0,12319
1324.294596243198,12320
1890.1918042077903,12321
0.0,12322
0.0,12323
0.0,12324
0.0,12325
0.0,12326
0.0,12327
0.0,12328
0.0,12329
0.0,12330
0.0,12331
7380.154127057508,12332
0.0,12333
0.0,12334
0.0,12335
0.0,12336
0.0,12337
0.0,12338
0.0,12339
0.0,12340
0.0,12341
0.0,12342
0.0,12343
0.0,12344
0.0,12345
0.0,12346
0.0,12347
0.0,12348
0.0,12349
0.0,12350
0.0,12351
0.0,12352
0.0,12353
0.0,12354
0.0,12355
0.0,12356
0.0,12357
96.70648812754914,12358
0.0,12359
1242.6075540055301,12360
1578.7729459325224,12361
1469.7583326800377,12362
1253.3178320695954,12363
0.0,12364
0.0,12365
0.0,12366
897.3771509570855,12367
780.0222729847883,12368
980.5620799903415,12369
670.1994018709856,12370
0.0,12371
2886.3470809545192,12372
0.0,12373
480.2064422248263,12374
0.0,12375
0.0,12376
0.0,12377
0.0,12378
0.0,12379
0.0,12380
2657.1300170056375,12381
0.0,12382
0.0,12383
532.7695803051394,12384
0.0,12385
0.0,12386
394.38203051602716,12387
0.0,12388
266.2399495594265,12389
0.0,12390
7026.18458706835,12391
0.0,12392
180.48999608471655,12393
0.0,12394
0.0,12395
0.0,12396
106.15687809404149,12397
377.59890985712303,12398
0.0,12399
0.0,12400
0.0,12401
0.0,12402
0.0,12403
0.0,12404
0.0,12405
0.0,12406
0.0,12407
0.0,12408
0.0,12409
0.0,12410
0.0,12411
0.0,12412
0.0,12413
0.0,12414
0.0,12415
0.0,12416
0.0,12417
0.0,12418
0.0,12419
0.0,12420
0.0,12421
0.0,12422
0.0,12423
0.0,12424
0.0,12425
0.0,12426
0.0,12427
0.0,12428
0.0,12429
0.0,12430
0.0,12431
0.0,12432
0.0,12433
0.0,12434
0.0,12435
0.0,12436
0.0,12437
0.0,12438
0.0,12439
0.0,12440
0.0,12441
0.0,12442
0.0,12443
0.0,12444
0.0,12445
0.0,12446
0.0,12447
0.0,12448
0.0,12449
0.0,12450
0.0,12451
0.0,12452
0.0,12453
0.0,12454
0.0,12455
0.0,12456
0.0,12457
0.0,12458
0.0,12459
0.0,12460
0.0,12461
0.0,12462
0.0,12463
0.0,12464
0.0,12465
0.0,12466
0.0,12467
505.70574003168315,12468
0.0,12469
0.0,12470
0.0,12471
0.0,12472
0.0,12473
0.0,12474
0.0,12475
0.0,12476
0.0,12477
3076.5690540312007,12478
0.0,12479
0.0,12480
0.0,12481
0.0,12482
0.0,12483
0.0,12484
0.0,12485
0.0,12486
0.0,12487
0.0,12488
0.0,12489
0.0,12490
0.0,12491
0.0,12492
0.0,12493
0.0,12494
0.0,12495
0.0,12496
0.0,12497
0.0,12498
0.0,12499
0.0,12500
0.0,12501
0.0,12502
0.0,12503
0.0,12504
0.0,12505
0.0,12506
0.0,12507
0.0,12508
0.0,12509
0.0,12510
0.0,12511
0.0,12512
0.0,12513
0.0,12514
0.0,12515
0.0,12516
0.0,12517
0.0,12518
0.0,12519
0.0,12520
0.0,12521
0.0,12522
7682.369670832299,12523
0.0,12524
0.0,12525
0.0,12526
605.9680276016477,12527
0.0,12528
0.0,12529
0.0,12530
0.0,12531
0.0,12532
0.0,12533
0.0,12534
0.0,12535
0.0,12536
343.77561703287563,12537
0.0,12538
0.0,12539
0.0,12540
0.0,12541
0.0,12542
0.0,12543
0.0,12544
115.95956798460318,12545
0.0,12546
0.0,12547
0.0,12548
1712.4742661163107,12549
0.0,12550
0.0,12551
0.0,12552
0.0,12553
0.0,12554
0.0,12555
0.0,12556
0.0,12557
0.0,12558
0.0,12559
0.0,12560
0.0,12561
0.0,12562
0.0,12563
0.0,12564
0.0,12565
0.0,12566
0.0,12567
0.0,12568
0.0,12569
0.0,12570
0.0,12571
0.0,12572
0.0,12573
0.0,12574
0.0,12575
0.0,12576
0.0,12577
0.0,12578
0.0,12579
0.0,12580
0.0,12581
0.0,12582
0.0,12583
0.0,12584
0.0,12585
0.0,12586
0.0,12587
0.0,12588
0.0,12589
10095.941845536345,12590
0.0,12591
80.23464321204992,12592
0.0,12593
0.0,12594
0.0,12595
0.0,12596
0.0,12597
0.0,12598
0.0,12599
0.0,12600
0.0,12601
0.0,12602
0.0,12603
0.0,12604
0.0,12605
0.0,12606
0.0,12607
0.0,12608
0.0,12609
0.0,12610
0.0,12611
0.0,12612
0.0,12613
0.0,12614
0.0,12615
633.8152122354256,12616
0.0,12617
0.0,12618
0.0,12619
0.0,12620
0.0,12621
0.0,12622
1962.9184125129523,12623
0.0,12624
0.0,12625
0.0,12626
0.0,12627
1687.6370104560997,12628
0.0,12629
0.0,12630
0.0,12631
0.0,12632
0.0,12633
0.0,12634
629.7958116670727,12635
0.0,12636
0.0,12637
0.0,12638
0.0,12639
0.0,12640
0.0,12641
39.82627181230963,12642
0.0,12643
0.0,12644
0.0,12645
2754.339319053014,12646
0.0,12647
0.0,12648
0.0,12649
0.0,12650
0.0,12651
0.0,12652
0.0,12653
0.0,12654
0.0,12655
827.8966261197603,12656
448.6141604669275,12657
1389.7136691918913,12658
0.0,12659
0.0,12660
0.0,12661
0.0,12662
0.0,12663
0.0,12664
340.7562197134874,12665
0.0,12666
0.0,12667
0.0,12668
0.0,12669
0.0,12670
0.0,12671
0.0,12672
0.0,12673
0.0,12674
0.0,12675
2976.3776833632983,12676
0.0,12677
0.0,12678
0.0,12679
0.0,12680
0.0,12681
0.0,12682
0.0,12683
0.0,12684
0.0,12685
0.0,12686
0.0,12687
0.0,12688
0.0,12689
0.0,12690
371.27283280226476,12691
963.3656997290104,12692
691.9187942982715,12693
0.0,12694
0.0,12695
0.0,12696
0.0,12697
0.0,12698
0.0,12699
0.0,12700
0.0,12701
0.0,12702
0.0,12703
0.0,12704
0.0,12705
0.0,12706
0.0,12707
0.0,12708
0.0,12709
0.0,12710
0.0,12711
0.0,12712
0.0,12713
0.0,12714
0.0,12715
0.0,12716
0.0,12717
0.0,12718
0.0,12719
0.0,12720
0.0,12721
0.0,12722
0.0,12723
0.0,12724
0.0,12725
0.0,12726
0.0,12727
310.7278161710143,12728
0.0,12729
0.0,12730
0.0,12731
0.0,12732
237.19575218714928,12733
0.0,12734
0.0,12735
0.0,12736
0.0,12737
0.0,12738
0.0,12739
0.0,12740
0.0,12741
0.0,12742
0.0,12743
0.0,12744
0.0,12745
0.0,12746
0.0,12747
0.0,12748
9.91512120866124,12749
0.0,12750
0.0,12751
2102.982268687869,12752
0.0,12753
0.0,12754
0.0,12755
0.0,12756
1043.971468702931,12757
0.0,12758
0.0,12759
0.0,12760
0.0,12761
0.0,12762
0.0,12763
0.0,12764
28.25225927947435,12765
0.0,12766
0.0,12767
262.4560049556324,12768
0.0,12769
0.0,12770
548.9016648449419,12771
0.0,12772
2725.5453785500067,12773
0.0,12774
0.0,12775
0.0,12776
0.0,12777
0.0,12778
0.0,12779
1154.0719966636398,12780
0.0,12781
0.0,12782
0.0,12783
0.0,12784
0.0,12785
0.0,12786
0.0,12787
0.0,12788
0.0,12789
0.0,12790
0.0,12791
0.0,12792
0.0,12793
0.0,12794
0.0,12795
5324.173376989733,12796
0.0,12797
0.0,12798
0.0,12799
0.0,12800
0.0,12801
0.0,12802
0.0,12803
0.0,12804
0.0,12805
0.0,12806
0.0,12807
0.0,12808
0.0,12809
0.0,12810
0.0,12811
0.0,12812
943.1408129756751,12813
0.0,12814
0.0,12815
0.0,12816
0.0,12817
0.0,12818
0.0,12819
0.0,12820
0.0,12821
0.0,12822
0.0,12823
0.0,12824
0.0,12825
0.0,12826
0.0,12827
0.0,12828
0.0,12829
0.0,12830
0.0,12831
0.0,12832
0.0,12833
0.0,12834
0.0,12835
0.0,12836
0.0,12837
0.0,12838
0.0,12839
0.0,12840
0.0,12841
0.0,12842
617.3343436651194,12843
0.0,12844
0.0,12845
324.338910114996,12846
10.748019840373056,12847
0.0,12848
0.0,12849
0.0,12850
0.0,12851
0.0,12852
0.0,12853
0.0,12854
0.0,12855
0.0,12856
0.0,12857
0.0,12858
0.0,12859
35.69058264787064,12860
0.0,12861
0.0,12862
0.0,12863
0.0,12864
0.0,12865
1807.2291102906095,12866
0.0,12867
0.0,12868
0.0,12869
0.0,12870
0.0,12871
0.0,12872
0.0,12873
0.0,12874
0.0,12875
0.0,12876
0.0,12877
0.0,12878
0.0,12879
157.36631681877998,12880
0.0,12881
24.73857503891387,12882
0.0,12883
2720.3178699383257,12884
0.0,12885
0.0,12886
2.9513538789033023,12887
0.0,12888
0.0,12889
0.0,12890
0.0,12891
0.0,12892
95.89124900855983,12893
0.0,12894
2.1772817257992756,12895
0.0,12896
439.76328035246,12897
295.28616187911973,12898
0.0,12899
194.89239970424367,12900
1186.347359364962,12901
0.0,12902
0.0,12903
1498.888974059955,12904
723.1326216260669,12905
564.4884085867104,12906
468.8396881467303,12907
367.64175007199003,12908
366.1930261393259,12909
0.0,12910
0.0,12911
0.0,12912
0.0,12913
0.0,12914
616.340345458332,12915
0.0,12916
571.7836560942644,12917
395.77879651905374,12918
517.8447779851548,12919
0.0,12920
0.0,12921
613.2501219850727,12922
666.3651053633448,12923
130.08889222244918,12924
0.0,12925
0.0,12926
0.0,12927
0.0,12928
0.0,12929
0.0,12930
0.0,12931
0.0,12932
0.0,12933
0.0,12934
0.0,12935
0.0,12936
0.0,12937
699.876316681119,12938
825.124688518214,12939
0.0,12940
0.0,12941
0.0,12942
0.0,12943
0.0,12944
392.6333758927692,12945
1777.8669442176874,12946
0.0,12947
0.0,12948
0.0,12949
0.0,12950
5269.348999142168,12951
0.0,12952
0.0,12953
0.0,12954
0.0,12955
0.0,12956
2041.5957461510534,12957
4464.318330743119,12958
3923.6269505442046,12959
1724.2479254533682,12960
0.0,12961
0.0,12962
1908.0096508997688,12963
69.12113728781773,12964
0.0,12965
0.0,12966
1013.1751835482808,12967
701.7636162361483,12968
0.0,12969
199.87022223250332,12970
0.0,12971
11018.021910171672,12972
11302.36493470969,12973
0.0,12974
0.0,12975
0.0,12976
0.0,12977
0.0,12978
0.0,12979
0.0,12980
0.0,12981
0.0,12982
0.0,12983
0.0,12984
0.0,12985
0.0,12986
0.0,12987
0.0,12988
0.0,12989
0.0,12990
2172.627259413692,12991
0.0,12992
0.0,12993
0.0,12994
0.0,12995
0.0,12996
0.0,12997
0.0,12998
0.0,12999
0.0,13000
0.0,13001
0.0,13002
0.0,13003
0.0,13004
0.0,13005
0.0,13006
0.0,13007
0.0,13008
0.0,13009
0.0,13010
0.0,13011
0.0,13012
0.0,13013
0.0,13014
0.0,13015
0.0,13016
0.0,13017
0.0,13018
0.0,13019
0.0,13020
0.0,13021
0.0,13022
0.0,13023
0.0,13024
0.0,13025
0.0,13026
0.0,13027
0.0,13028
0.0,13029
0.0,13030
0.0,13031
0.0,13032
0.0,13033
0.0,13034
0.0,13035
0.0,13036
0.0,13037
0.0,13038
0.0,13039
0.0,13040
0.0,13041
0.0,13042
0.0,13043
0.0,13044
0.0,13045
0.0,13046
0.0,13047
0.0,13048
0.0,13049
0.0,13050
0.0,13051
0.0,13052
0.0,13053
0.0,13054
0.0,13055
0.0,13056
0.0,13057
0.0,13058
0.0,13059
0.0,13060
0.0,13061
3380.7031874777967,13062
0.0,13063
0.0,13064
0.0,13065
0.0,13066
0.0,13067
0.0,13068
0.0,13069
0.0,13070
0.0,13071
0.0,13072
0.0,13073
0.0,13074
0.0,13075
0.0,13076
0.0,13077
0.0,13078
0.0,13079
0.0,13080
0.0,13081
0.0,13082
0.0,13083
0.0,13084
0.0,13085
0.0,13086
0.0,13087
984.5297542306164,13088
0.0,13089
0.0,13090
0.0,13091
0.0,13092
0.0,13093
0.0,13094
0.0,13095
0.0,13096
0.0,13097
0.0,13098
0.0,13099
0.0,13100
0.0,13101
0.0,13102
1649.5475020985577,13103
0.0,13104
0.0,13105
0.0,13106
0.0,13107
0.0,13108
0.0,13109
0.0,13110
0.0,13111
0.0,13112
0.0,13113
0.0,13114
0.0,13115
0.0,13116
0.0,13117
0.0,13118
0.0,13119
1246.1207795814144,13120
0.0,13121
0.0,13122
0.0,13123
0.0,13124
0.0,13125
0.0,13126
0.0,13127
0.0,13128
0.0,13129
0.0,13130
0.0,13131
0.0,13132
0.0,13133
0.0,13134
0.0,13135
0.0,13136
0.0,13137
0.0,13138
0.0,13139
0.0,13140
0.0,13141
0.0,13142
0.0,13143
0.0,13144
0.0,13145
1904.0608214799572,13146
0.0,13147
0.0,13148
0.0,13149
0.0,13150
0.0,13151
0.0,13152
0.0,13153
0.0,13154
2458.3570947812273,13155
0.0,13156
0.0,13157
0.0,13158
0.0,13159
0.0,13160
0.0,13161
0.0,13162
0.0,13163
0.0,13164
0.0,13165
0.0,13166
0.0,13167
0.0,13168
0.0,13169
0.0,13170
0.0,13171
0.0,13172
0.0,13173
0.0,13174
0.0,13175
0.0,13176
0.0,13177
0.0,13178
0.0,13179
0.0,13180
0.0,13181
0.0,13182
0.0,13183
0.0,13184
0.0,13185
0.0,13186
0.0,13187
69.2675896552097,13188
0.0,13189
0.0,13190
4106.399345685355,13191
0.0,13192
0.0,13193
0.0,13194
0.0,13195
0.0,13196
0.0,13197
0.0,13198
0.0,13199
0.0,13200
0.0,13201
0.0,13202
0.0,13203
0.0,13204
0.0,13205
0.0,13206
0.0,13207
0.0,13208
0.0,13209
0.0,13210
3605.5634054282964,13211
0.0,13212
0.0,13213
0.0,13214
0.0,13215
0.0,13216
0.0,13217
0.0,13218
0.0,13219
0.0,13220
0.0,13221
0.0,13222
0.0,13223
0.0,13224
0.0,13225
0.0,13226
0.0,13227
0.0,13228
0.0,13229
0.0,13230
0.0,13231
0.0,13232
0.0,13233
0.0,13234
0.0,13235
0.0,13236
0.0,13237
0.0,13238
0.0,13239
0.0,13240
0.0,13241
0.0,13242
0.0,13243
0.0,13244
0.0,13245
0.0,13246
0.0,13247
0.0,13248
0.0,13249
0.0,13250
0.0,13251
0.0,13252
0.0,13253
0.0,13254
0.0,13255
0.0,13256
0.0,13257
0.0,13258
0.0,13259
0.0,13260
0.0,13261
0.0,13262
0.0,13263
0.0,13264
0.0,13265
0.0,13266
0.0,13267
0.0,13268
0.0,13269
0.0,13270
0.0,13271
0.0,13272
0.0,13273
0.0,13274
0.0,13275
0.0,13276
0.0,13277
0.0,13278
0.0,13279
0.0,13280
0.0,13281
0.0,13282
0.0,13283
1547.5750081401413,13284
0.0,13285
0.0,13286
0.0,13287
0.0,13288
0.0,13289
0.0,13290
0.0,13291
0.0,13292
0.0,13293
0.0,13294
0.0,13295
0.0,13296
0.0,13297
0.0,13298
0.0,13299
0.0,13300
0.0,13301
0.0,13302
0.0,13303
0.0,13304
0.0,13305
0.0,13306
0.0,13307
0.0,13308
0.0,13309
0.0,13310
0.0,13311
0.0,13312
0.0,13313
0.0,13314
0.0,13315
0.0,13316
0.0,13317
0.0,13318
0.0,13319
0.0,13320
0.0,13321
0.0,13322
0.0,13323
0.0,13324
0.0,13325
0.0,13326
0.0,13327
0.0,13328
0.0,13329
0.0,13330
0.0,13331
0.0,13332
0.0,13333
0.0,13334
0.0,13335
0.0,13336
0.0,13337
0.0,13338
0.0,13339
0.0,13340
0.0,13341
0.0,13342
0.0,13343
0.0,13344
0.0,13345
0.0,13346
0.0,13347
0.0,13348
0.0,13349
0.0,13350
0.0,13351
0.0,13352
0.0,13353
0.0,13354
0.0,13355
0.0,13356
0.0,13357
0.0,13358
0.0,13359
0.0,13360
0.0,13361
0.0,13362
0.0,13363
0.0,13364
0.0,13365
0.0,13366
0.0,13367
0.0,13368
0.0,13369
0.0,13370
0.0,13371
0.0,13372
0.0,13373
0.0,13374
0.0,13375
0.0,13376
0.0,13377
0.0,13378
129.77577584801716,13379
0.0,13380
0.0,13381
0.0,13382
0.0,13383
0.0,13384
0.0,13385
0.0,13386
0.0,13387
0.0,13388
0.0,13389
0.0,13390
0.0,13391
0.0,13392
0.0,13393
0.0,13394
0.0,13395
0.0,13396
0.0,13397
0.0,13398
0.0,13399
0.0,13400
0.0,13401
0.0,13402
0.0,13403
0.0,13404
0.0,13405
0.0,13406
0.0,13407
1043.6909278132741,13408
0.0,13409
0.0,13410
0.0,13411
0.0,13412
0.0,13413
2993.2113584485755,13414
0.0,13415
0.0,13416
0.0,13417
0.0,13418
0.0,13419
0.0,13420
946.8290654538018,13421
0.0,13422
0.0,13423
0.0,13424
0.0,13425
0.0,13426
3825.7065921148646,13427
0.0,13428
0.0,13429
0.0,13430
0.0,13431
0.0,13432
0.0,13433
0.0,13434
0.0,13435
0.0,13436
0.0,13437
0.0,13438
0.0,13439
0.0,13440
0.0,13441
0.0,13442
0.0,13443
0.0,13444
0.0,13445
0.0,13446
0.0,13447
0.0,13448
0.0,13449
0.0,13450
0.0,13451
0.0,13452
3045.6189494865803,13453
0.0,13454
0.0,13455
0.0,13456
0.0,13457
0.0,13458
0.0,13459
0.0,13460
0.0,13461
0.0,13462
0.0,13463
0.0,13464
0.0,13465
0.0,13466
0.0,13467
0.0,13468
0.0,13469
0.0,13470
0.0,13471
0.0,13472
0.0,13473
0.0,13474
0.0,13475
0.0,13476
0.0,13477
0.0,13478
0.0,13479
0.0,13480
0.0,13481
0.0,13482
0.0,13483
0.0,13484
0.0,13485
0.0,13486
0.0,13487
0.0,13488
0.0,13489
0.0,13490
0.0,13491
0.0,13492
0.0,13493
0.0,13494
0.0,13495
0.0,13496
0.0,13497
0.0,13498
0.0,13499
0.0,13500
0.0,13501
740.8785549241613,13502
0.0,13503
0.0,13504
0.0,13505
0.0,13506
0.0,13507
0.0,13508
0.0,13509
0.0,13510
0.0,13511
0.0,13512
0.0,13513
0.0,13514
0.0,13515
0.0,13516
0.0,13517
0.0,13518
0.0,13519
0.0,13520
0.0,13521
0.0,13522
0.0,13523
0.0,13524
0.0,13525
0.0,13526
0.0,13527
0.0,13528
0.0,13529
0.0,13530
0.0,13531
0.0,13532
0.0,13533
0.0,13534
0.0,13535
0.0,13536
0.0,13537
0.0,13538
0.0,13539
0.0,13540
0.0,13541
0.0,13542
0.0,13543
0.0,13544
0.0,13545
0.0,13546
0.0,13547
0.0,13548
0.0,13549
0.0,13550
0.0,13551
0.0,13552
0.0,13553
0.0,13554
0.0,13555
0.0,13556
0.0,13557
0.0,13558
0.0,13559
0.0,13560
0.0,13561
0.0,13562
0.0,13563
0.0,13564
0.0,13565
1270.300684657271,13566
0.0,13567
0.0,13568
0.0,13569
0.0,13570
0.0,13571
0.0,13572
0.0,13573
0.0,13574
0.0,13575
0.0,13576
0.0,13577
0.0,13578
0.0,13579
0.0,13580
0.0,13581
0.0,13582
0.0,13583
0.0,13584
0.0,13585
0.0,13586
0.0,13587
0.0,13588
0.0,13589
0.0,13590
0.0,13591
0.0,13592
0.0,13593
0.0,13594
0.0,13595
0.0,13596
0.0,13597
0.0,13598
0.0,13599
0.0,13600
0.0,13601
0.0,13602
0.0,13603
0.0,13604
0.0,13605
0.0,13606
0.0,13607
0.0,13608
0.0,13609
0.0,13610
0.0,13611
0.0,13612
0.0,13613
0.0,13614
0.0,13615
0.0,13616
0.0,13617
0.0,13618
0.0,13619
0.0,13620
0.0,13621
0.0,13622
0.0,13623
0.0,13624
0.0,13625
0.0,13626
0.0,13627
0.0,13628
0.0,13629
0.0,13630
0.0,13631
0.0,13632
0.0,13633
0.0,13634
0.0,13635
0.0,13636
0.0,13637
0.0,13638
0.0,13639
0.0,13640
0.0,13641
0.0,13642
0.0,13643
0.0,13644
0.0,13645
0.0,13646
0.0,13647
0.0,13648
0.0,13649
0.0,13650
0.0,13651
0.0,13652
0.0,13653
0.0,13654
0.0,13655
0.0,13656
0.0,13657
0.0,13658
0.0,13659
0.0,13660
0.0,13661
0.0,13662
0.0,13663
0.0,13664
0.0,13665
0.0,13666
0.0,13667
0.0,13668
0.0,13669
0.0,13670
0.0,13671
0.0,13672
0.0,13673
0.0,13674
0.0,13675
0.0,13676
0.0,13677
0.0,13678
0.0,13679
0.0,13680
0.0,13681
0.0,13682
0.0,13683
0.0,13684
0.0,13685
0.0,13686
0.0,13687
0.0,13688
0.0,13689
0.0,13690
0.0,13691
0.0,13692
0.0,13693
0.0,13694
0.0,13695
0.0,13696
0.0,13697
0.0,13698
0.0,13699
0.0,13700
0.0,13701
0.0,13702
0.0,13703
0.0,13704
0.0,13705
0.0,13706
0.0,13707
0.0,13708
0.0,13709
0.0,13710
0.0,13711
0.0,13712
0.0,13713
0.0,13714
0.0,13715
0.0,13716
0.0,13717
0.0,13718
0.0,13719
0.0,13720
0.0,13721
0.0,13722
0.0,13723
0.0,13724
0.0,13725
0.0,13726
0.0,13727
0.0,13728
0.0,13729
0.0,13730
0.0,13731
0.0,13732
0.0,13733
0.0,13734
0.0,13735
0.0,13736
0.0,13737
0.0,13738
0.0,13739
0.0,13740
0.0,13741
0.0,13742
0.0,13743
0.26894654078220653,13744
0.0,13745
0.0,13746
0.0,13747
0.0,13748
0.0,13749
0.0,13750
0.0,13751
0.0,13752
0.0,13753
0.0,13754
0.0,13755
0.0,13756
0.0,13757
0.0,13758
0.0,13759
0.0,13760
0.0,13761
0.0,13762
0.0,13763
0.0,13764
0.0,13765
0.0,13766
0.0,13767
0.0,13768
0.0,13769
0.0,13770
0.0,13771
0.0,13772
0.0,13773
0.0,13774
0.0,13775
0.0,13776
0.0,13777
0.0,13778
3416.5603061816605,13779
0.0,13780
0.0,13781
0.0,13782
0.0,13783
0.0,13784
0.0,13785
0.0,13786
0.0,13787
0.0,13788
0.0,13789
0.0,13790
0.0,13791
0.0,13792
0.0,13793
0.0,13794
0.0,13795
0.0,13796
0.0,13797
0.0,13798
6728.749082324084,13799
0.0,13800
628.4365657118204,13801
0.0,13802
0.0,13803
812.9890029724833,13804
0.0,13805
0.0,13806
614.8609147145777,13807
0.0,13808
654.2992166007263,13809
752.4194206579624,13810
220.1714235805695,13811
0.0,13812
134.52319009864462,13813
0.0,13814
0.0,13815
0.0,13816
0.0,13817
0.0,13818
0.0,13819
0.0,13820
0.0,13821
0.0,13822
0.0,13823
0.0,13824
0.0,13825
0.0,13826
0.0,13827
0.0,13828
0.0,13829
0.0,13830
0.0,13831
0.0,13832
0.0,13833
0.0,13834
0.0,13835
0.0,13836
0.0,13837
0.0,13838
0.0,13839
0.0,13840
0.0,13841
0.0,13842
0.0,13843
0.0,13844
0.0,13845
0.0,13846
0.0,13847
0.0,13848
0.0,13849
0.0,13850
0.0,13851
0.0,13852
0.0,13853
216.63167340842358,13854
0.0,13855
0.0,13856
0.0,13857
0.0,13858
0.0,13859
0.0,13860
0.0,13861
0.0,13862
0.0,13863
0.0,13864
0.0,13865
0.0,13866
0.0,13867
0.0,13868
0.0,13869
0.0,13870
0.0,13871
0.0,13872
0.0,13873
0.0,13874
0.0,13875
0.0,13876
0.0,13877
0.0,13878
0.0,13879
0.0,13880
0.0,13881
0.0,13882
0.0,13883
0.0,13884
0.0,13885
0.0,13886
0.0,13887
0.0,13888
0.0,13889
0.0,13890
0.0,13891
0.0,13892
0.0,13893
0.0,13894
0.0,13895
0.0,13896
0.0,13897
0.0,13898
0.0,13899
0.0,13900
0.0,13901
0.0,13902
0.0,13903
0.0,13904
0.0,13905
0.0,13906
0.0,13907
0.0,13908
0.0,13909
0.0,13910
0.0,13911
0.0,13912
0.0,13913
0.0,13914
0.0,13915
0.0,13916
0.0,13917
0.0,13918
0.0,13919
0.0,13920
0.0,13921
0.0,13922
0.0,13923
0.0,13924
0.0,13925
0.0,13926
0.0,13927
1112.7224910436541,13928
0.0,13929
0.0,13930
0.0,13931
0.0,13932
0.0,13933
0.0,13934
0.0,13935
0.0,13936
0.0,13937
0.0,13938
0.0,13939
0.0,13940
0.0,13941
0.0,13942
0.0,13943
0.0,13944
0.0,13945
0.0,13946
0.0,13947
0.0,13948
0.0,13949
0.0,13950
0.0,13951
0.0,13952
0.0,13953
0.0,13954
0.0,13955
0.0,13956
0.0,13957
0.0,13958
0.0,13959
0.0,13960
0.0,13961
0.0,13962
0.0,13963
0.0,13964
0.0,13965
0.0,13966
0.0,13967
0.0,13968
0.0,13969
0.0,13970
0.0,13971
0.0,13972
0.0,13973
0.0,13974
0.0,13975
0.0,13976
0.0,13977
0.0,13978
0.0,13979
0.0,13980
0.0,13981
0.0,13982
0.0,13983
0.0,13984
833.9878336132398,13985
0.0,13986
0.0,13987
0.0,13988
0.0,13989
0.0,13990
0.0,13991
0.0,13992
0.0,13993
0.0,13994
0.0,13995
0.0,13996
0.0,13997
0.0,13998
0.0,13999
0.0,14000
0.0,14001
0.0,14002
0.0,14003
1250.6514325388694,14004
0.0,14005
0.0,14006
0.0,14007
0.0,14008
0.0,14009
0.0,14010
0.0,14011
0.0,14012
0.0,14013
0.0,14014
0.0,14015
0.0,14016
1448.662597234761,14017
0.0,14018
0.0,14019
0.0,14020
0.0,14021
0.0,14022
0.0,14023
0.0,14024
0.0,14025
0.0,14026
0.0,14027
0.0,14028
2522.8869305963995,14029
0.0,14030
0.0,14031
0.0,14032
0.0,14033
0.0,14034
0.0,14035
0.0,14036
0.0,14037
0.0,14038
0.0,14039
0.0,14040
0.0,14041
0.0,14042
0.0,14043
0.0,14044
0.0,14045
0.0,14046
0.0,14047
0.0,14048
0.0,14049
0.0,14050
0.0,14051
0.0,14052
0.0,14053
0.0,14054
0.0,14055
0.0,14056
0.0,14057
0.0,14058
0.0,14059
0.0,14060
0.0,14061
0.0,14062
0.0,14063
0.0,14064
0.0,14065
0.0,14066
0.0,14067
0.0,14068
0.0,14069
0.0,14070
0.0,14071
0.0,14072
0.0,14073
0.0,14074
0.0,14075
0.0,14076
0.0,14077
0.0,14078
27.377478846657876,14079
0.0,14080
0.0,14081
0.0,14082
0.0,14083
0.0,14084
0.0,14085
0.0,14086
0.0,14087
0.0,14088
0.0,14089
0.0,14090
0.0,14091
0.0,14092
0.0,14093
0.0,14094
0.0,14095
306.91294971615525,14096
0.0,14097
0.0,14098
0.0,14099
912.5217986084424,14100
0.0,14101
0.0,14102
0.0,14103
2910.7109261143073,14104
0.0,14105
0.0,14106
0.0,14107
0.0,14108
0.0,14109
3725.421144489213,14110
0.0,14111
0.0,14112
0.0,14113
0.0,14114
0.0,14115
0.0,14116
0.0,14117
0.0,14118
0.0,14119
0.0,14120
0.0,14121
0.0,14122
0.0,14123
0.0,14124
0.0,14125
0.0,14126
0.0,14127
0.0,14128
0.0,14129
0.0,14130
0.0,14131
0.0,14132
0.0,14133
0.0,14134
0.0,14135
0.0,14136
0.0,14137
0.0,14138
0.0,14139
0.0,14140
0.0,14141
0.0,14142
0.0,14143
0.0,14144
0.0,14145
0.0,14146
0.0,14147
0.0,14148
0.0,14149
0.0,14150
0.0,14151
0.0,14152
0.0,14153
0.0,14154
0.0,14155
0.0,14156
3720.317741718591,14157
0.0,14158
0.0,14159
0.0,14160
0.0,14161
0.0,14162
0.0,14163
0.0,14164
0.0,14165
0.0,14166
0.0,14167
0.0,14168
0.0,14169
0.0,14170
0.0,14171
0.0,14172
0.0,14173
0.0,14174
0.0,14175
0.0,14176
0.0,14177
0.0,14178
0.0,14179
0.0,14180
0.0,14181
0.0,14182
0.0,14183
0.0,14184
0.0,14185
0.0,14186
0.0,14187
0.0,14188
0.0,14189
0.0,14190
0.0,14191
0.0,14192
0.0,14193
0.0,14194
0.0,14195
0.0,14196
0.0,14197
0.0,14198
0.0,14199
0.0,14200
0.0,14201
0.0,14202
0.0,14203
0.0,14204
0.0,14205
0.0,14206
0.0,14207
0.0,14208
0.0,14209
0.0,14210
0.0,14211
3060.894995461299,14212
0.0,14213
3701.2282647572283,14214
0.0,14215
0.0,14216
0.0,14217
0.0,14218
0.0,14219
0.0,14220
0.0,14221
0.0,14222
0.0,14223
0.0,14224
0.0,14225
0.0,14226
0.0,14227
0.0,14228
0.0,14229
0.0,14230
0.0,14231
0.0,14232
0.0,14233
0.0,14234
0.0,14235
0.0,14236
0.0,14237
0.0,14238
0.0,14239
0.0,14240
0.0,14241
0.0,14242
0.0,14243
0.0,14244
0.0,14245
0.0,14246
0.0,14247
0.0,14248
0.0,14249
0.0,14250
0.0,14251
0.0,14252
0.0,14253
0.0,14254
0.0,14255
0.0,14256
0.0,14257
0.0,14258
0.0,14259
3562.3792087585634,14260
0.0,14261
0.0,14262
0.0,14263
0.0,14264
0.0,14265
3429.6457478883012,14266
0.0,14267
0.0,14268
0.0,14269
0.0,14270
0.0,14271
0.0,14272
0.0,14273
0.0,14274
0.0,14275
0.0,14276
0.0,14277
0.0,14278
0.0,14279
0.0,14280
0.0,14281
0.0,14282
0.0,14283
0.0,14284
0.0,14285
0.0,14286
0.0,14287
5001.935056386167,14288
0.0,14289
0.0,14290
0.0,14291
0.0,14292
0.0,14293
0.0,14294
0.0,14295
0.0,14296
0.0,14297
3992.9911510978072,14298
0.0,14299
0.0,14300
0.0,14301
0.0,14302
0.0,14303
0.0,14304
0.0,14305
0.0,14306
0.0,14307
0.0,14308
0.0,14309
0.0,14310
0.0,14311
3668.313621529578,14312
0.0,14313
0.0,14314
0.0,14315
0.0,14316
0.0,14317
0.0,14318
2117.339334116507,14319
0.0,14320
0.0,14321
0.0,14322
0.0,14323
0.0,14324
0.0,14325
0.0,14326
0.0,14327
0.0,14328
0.0,14329
0.0,14330
0.0,14331
0.0,14332
0.0,14333
0.0,14334
0.0,14335
0.0,14336
0.0,14337
0.0,14338
0.0,14339
0.0,14340
0.0,14341
0.0,14342
0.0,14343
0.0,14344
0.0,14345
0.0,14346
0.0,14347
937.6644031710756,14348
0.0,14349
0.0,14350
0.0,14351
0.0,14352
0.0,14353
0.0,14354
0.0,14355
0.0,14356
0.0,14357
0.0,14358
0.0,14359
0.0,14360
0.0,14361
0.0,14362
501.645439162464,14363
0.0,14364
0.0,14365
0.0,14366
4969.609065878499,14367
0.0,14368
0.0,14369
0.0,14370
0.0,14371
0.0,14372
0.0,14373
0.0,14374
0.0,14375
0.0,14376
0.0,14377
0.0,14378
0.0,14379
0.0,14380
0.0,14381
0.0,14382
0.0,14383
0.0,14384
0.0,14385
0.0,14386
0.0,14387
0.0,14388
0.0,14389
0.0,14390
0.0,14391
0.0,14392
0.0,14393
0.0,14394
0.0,14395
0.0,14396
0.0,14397
0.0,14398
0.0,14399
0.0,14400
0.0,14401
497.025094823601,14402
276.60259567877347,14403
0.0,14404
0.0,14405
0.0,14406
0.0,14407
0.0,14408
0.0,14409
0.0,14410
0.0,14411
0.0,14412
0.0,14413
0.0,14414
0.0,14415
0.0,14416
0.0,14417
2.8458320598052915,14418
0.0,14419
0.0,14420
0.0,14421
0.0,14422
0.0,14423
0.0,14424
0.0,14425
0.0,14426
0.0,14427
0.0,14428
0.0,14429
0.0,14430
4255.574050289642,14431
0.0,14432
0.0,14433
0.0,14434
0.0,14435
0.0,14436
0.0,14437
0.0,14438
0.0,14439
0.0,14440
0.0,14441
0.0,14442
0.0,14443
3940.417227268088,14444
0.8264208296643227,14445
0.0,14446
0.0,14447
0.0,14448
0.0,14449
0.0,14450
0.0,14451
0.0,14452
0.0,14453
0.0,14454
0.0,14455
0.0,14456
0.0,14457
0.0,14458
0.0,14459
0.0,14460
0.0,14461
0.0,14462
233.38551706875012,14463
0.0,14464
0.0,14465
0.0,14466
0.0,14467
0.0,14468
0.0,14469
0.0,14470
0.0,14471
0.0,14472
0.0,14473
0.0,14474
0.0,14475
0.0,14476
0.0,14477
0.0,14478
0.0,14479
0.0,14480
0.0,14481
0.0,14482
0.0,14483
0.0,14484
0.0,14485
0.0,14486
0.0,14487
103.12256480901137,14488
43.311654092020085,14489
9.833545625346996,14490
0.0,14491
0.0,14492
0.0,14493
74.51764475492678,14494
0.0,14495
0.0,14496
0.0,14497
0.0,14498
0.0,14499
0.0,14500
0.0,14501
86.81190319125209,14502
0.0,14503
0.0,14504
0.0,14505
0.0,14506
0.0,14507
0.0,14508
0.0,14509
0.0,14510
0.0,14511
0.0,14512
0.0,14513
0.0,14514
0.0,14515
0.0,14516
0.0,14517
0.0,14518
0.0,14519
0.0,14520
0.0,14521
0.0,14522
0.0,14523
0.0,14524
0.0,14525
0.0,14526
0.0,14527
0.0,14528
0.0,14529
0.0,14530
0.0,14531
0.0,14532
0.0,14533
0.0,14534
0.0,14535
0.0,14536
0.0,14537
0.0,14538
0.0,14539
0.0,14540
0.0,14541
0.0,14542
0.0,14543
0.0,14544
0.0,14545
0.0,14546
0.0,14547
0.0,14548
0.0,14549
0.0,14550
0.0,14551
0.0,14552
0.0,14553
0.0,14554
0.0,14555
0.0,14556
0.0,14557
0.0,14558
0.0,14559
6455.63819867372,14560
0.0,14561
0.0,14562
0.0,14563
0.0,14564
0.0,14565
76.65012249192173,14566
130.94406053518153,14567
0.0,14568
0.5028519932318599,14569
0.0,14570
0.0,14571
0.0,14572
0.0,14573
1191.8585659851499,14574
1384.4916274443412,14575
0.0,14576
0.0,14577
0.0,14578
0.0,14579
2507.4930304048407,14580
0.0,14581
0.0,14582
0.0,14583
0.0,14584
0.0,14585
0.0,14586
0.0,14587
0.0,14588
0.0,14589
0.0,14590
957.7167776244332,14591
0.0,14592
0.0,14593
1200.469795249047,14594
23.361170151127133,14595
0.0,14596
0.0,14597
0.0,14598
0.0,14599
0.0,14600
0.0,14601
0.0,14602
0.0,14603
0.0,14604
0.0,14605
0.0,14606
0.0,14607
0.0,14608
194.8169820122065,14609
0.0,14610
0.0,14611
0.0,14612
0.0,14613
0.0,14614
0.0,14615
0.0,14616
0.0,14617
0.0,14618
935.6425159195375,14619
0.0,14620
0.0,14621
0.0,14622
0.0,14623
0.0,14624
0.0,14625
0.0,14626
0.0,14627
642.7772190015389,14628
536.5872868625846,14629
724.6458910949082,14630
1375.0279542928301,14631
2061.625330054585,14632
0.0,14633
0.0,14634
0.0,14635
0.0,14636
0.0,14637
2454.1212486121135,14638
1572.119612925346,14639
1035.1360050263804,14640
1122.7371353584847,14641
319.4194418384364,14642
520.465782375929,14643
0.0,14644
0.0,14645
0.0,14646
0.0,14647
7.298180113624461,14648
910.1847118752888,14649
2347.948079161572,14650
3256.44695590315,14651
0.0,14652
2470.76553494815,14653
0.0,14654
0.0,14655
0.0,14656
683.7427864329534,14657
653.8966298442198,14658
2358.6264001578866,14659
2140.870442314479,14660
0.0,14661
0.0,14662
687.4249357473947,14663
0.0,14664
410.6014661249457,14665
0.0,14666
0.0,14667
0.0,14668
0.0,14669
0.0,14670
1388.3114635430525,14671
0.0,14672
0.0,14673
0.0,14674
0.0,14675
0.0,14676
0.0,14677
0.0,14678
0.0,14679
0.0,14680
0.0,14681
0.0,14682
0.0,14683
0.0,14684
0.0,14685
0.0,14686
0.0,14687
8544.820262836894,14688
0.0,14689
0.0,14690
0.0,14691
0.0,14692
0.0,14693
0.0,14694
0.0,14695
1113.4664016931579,14696
0.0,14697
98.57324519369693,14698
0.0,14699
0.0,14700
0.0,14701
498.03273558428924,14702
0.0,14703
0.0,14704
0.0,14705
0.0,14706
0.0,14707
0.0,14708
0.0,14709
0.0,14710
0.0,14711
0.0,14712
0.0,14713
191.13715296425065,14714
0.0,14715
0.0,14716
0.0,14717
0.0,14718
0.0,14719
0.0,14720
0.0,14721
0.0,14722
0.0,14723
0.0,14724
0.0,14725
0.0,14726
0.0,14727
0.0,14728
0.0,14729
0.0,14730
0.0,14731
0.0,14732
0.0,14733
0.0,14734
0.0,14735
0.0,14736
0.0,14737
0.0,14738
1075.9407431565871,14739
0.0,14740
0.0,14741
0.0,14742
1866.3792584334196,14743
0.0,14744
0.0,14745
0.0,14746
0.0,14747
0.0,14748
0.0,14749
1736.8210955929305,14750
0.0,14751
0.0,14752
0.0,14753
0.0,14754
0.0,14755
0.0,14756
0.0,14757
0.0,14758
0.0,14759
0.0,14760
0.0,14761
0.0,14762
0.0,14763
0.0,14764
0.0,14765
0.0,14766
5349.354320587146,14767
0.0,14768
0.0,14769
0.0,14770
0.0,14771
2394.7466553969653,14772
0.0,14773
0.0,14774
0.0,14775
0.0,14776
8036.758983022568,14777
445.45266344050816,14778
0.0,14779
1578.3694028354769,14780
0.0,14781
0.0,14782
1309.088149007704,14783
0.0,14784
475.15863537898827,14785
0.0,14786
0.0,14787
1119.5194884482503,14788
0.0,14789
980.7963409708483,14790
0.0,14791
968.0558619891457,14792
1114.9390669699808,14793
1432.766992249752,14794
472.21393218248556,14795
18.583741565927554,14796
0.0,14797
0.0,14798
0.0,14799
0.0,14800
0.0,14801
734.1818359654924,14802
0.0,14803
0.0,14804
459.70957375558487,14805
0.0,14806
0.0,14807
1045.2215889142246,14808
0.0,14809
0.0,14810
1618.8835160071142,14811
158.38583619260572,14812
0.0,14813
0.0,14814
0.0,14815
0.0,14816
0.0,14817
0.0,14818
0.0,14819
396.30166392791585,14820
170.7615225912698,14821
1470.0268714119227,14822
3248.436611091949,14823
1226.1005319745377,14824
0.0,14825
0.0,14826
0.0,14827
543.8074096039438,14828
0.0,14829
0.0,14830
0.0,14831
717.21718301929,14832
461.58880213917183,14833
0.0,14834
0.0,14835
0.0,14836
0.0,14837
0.0,14838
0.0,14839
0.0,14840
0.0,14841
0.0,14842
1978.9823982592297,14843
0.0,14844
0.0,14845
0.0,14846
88.2421090369068,14847
232.1178067521624,14848
0.0,14849
0.0,14850
0.0,14851
0.0,14852
0.0,14853
108.14934613673682,14854
0.0,14855
266.99748003845554,14856
0.0,14857
0.0,14858
0.0,14859
2656.6504990291587,14860
2838.1075935266235,14861
3469.378566407078,14862
2485.378382932036,14863
0.0,14864
0.0,14865
0.0,14866
0.0,14867
0.0,14868
1163.5422359887064,14869
1079.5851026174773,14870
835.6098828284663,14871
971.4361913889355,14872
821.8082074479524,14873
705.5033208509287,14874
0.0,14875
0.0,14876
779.1221968986318,14877
573.444272491488,14878
0.0,14879
0.0,14880
0.0,14881
0.0,14882
183.90396612881253,14883
0.0,14884
0.0,14885
0.0,14886
0.0,14887
0.0,14888
0.0,14889
0.0,14890
0.0,14891
0.0,14892
0.0,14893
0.0,14894
0.0,14895
2803.465288077333,14896
0.0,14897
0.0,14898
4459.699316278737,14899
3162.420455153428,14900
0.0,14901
0.0,14902
662.6448175871774,14903
0.0,14904
0.0,14905
0.0,14906
0.0,14907
0.0,14908
1849.7141801695766,14909
107.43844420346036,14910
454.13530020921013,14911
0.0,14912
0.0,14913
0.0,14914
5314.284424063275,14915
0.0,14916
2857.2374130356006,14917
0.0,14918
1653.0185705363501,14919
0.0,14920
3117.9202713539416,14921
1267.4521468904577,14922
1235.9448191254482,14923
0.0,14924
0.0,14925
800.5125674525498,14926
6116.2721639386145,14927
633.347107786054,14928
18310.37058345079,14929
0.0,14930
0.0,14931
952.7518987272,14932
0.0,14933
1398.0889264470889,14934
3017.92467452458,14935
4601.884203774269,14936
0.0,14937
0.0,14938
0.0,14939
3289.226480755578,14940
1750.8948485859637,14941
2616.8696164277794,14942
1312.5713309723274,14943
0.0,14944
6004.834694699894,14945
2964.861311035043,14946
0.0,14947
1640.0839092772032,14948
310.63489421089855,14949
1819.176563141713,14950
0.0,14951
0.0,14952
0.0,14953
0.0,14954
0.0,14955
767.0845326964937,14956
0.0,14957
0.0,14958
0.0,14959
157.3545205738802,14960
2117.239869406309,14961
0.0,14962
0.0,14963
0.0,14964
0.0,14965
0.0,14966
0.0,14967
801.0948906425053,14968
0.0,14969
0.0,14970
0.0,14971
0.0,14972
0.0,14973
0.0,14974
1800.9167006824664,14975
0.0,14976
2395.175497858062,14977
0.0,14978
817.473602828554,14979
55.0929588511664,14980
0.0,14981
5512.850200877521,14982
0.0,14983
0.0,14984
0.0,14985
0.0,14986
1499.1238986121357,14987
2833.4370954918672,14988
781.4570357001239,14989
0.0,14990
0.0,14991
0.0,14992
0.0,14993
1144.6652357362752,14994
1861.2326204262436,14995
420.98514851566546,14996
776.0453135277032,14997
913.9220789638698,14998
318.78201491782704,14999
0.0,15000
924.5228988520884,15001
0.0,15002
7154.851087737918,15003
0.0,15004
258.55579183791747,15005
0.0,15006
0.0,15007
0.0,15008
0.0,15009
1519.1442679554784,15010
2209.0715759362406,15011
2892.189961595579,15012
0.0,15013
155.30541311517382,15014
0.0,15015
0.0,15016
43.411416108866796,15017
1205.6803942510066,15018
156.93977174139027,15019
720.5121687463496,15020
69.72573000414268,15021
64.02113131971493,15022
0.0,15023
0.0,15024
142.89004848982063,15025
0.0,15026
0.0,15027
0.0,15028
0.0,15029
0.0,15030
0.0,15031
0.0,15032
2751.971539824833,15033
0.0,15034
0.0,15035
273.062001196086,15036
0.0,15037
0.0,15038
0.0,15039
131.7971215896376,15040
117.47157432088316,15041
0.0,15042
0.0,15043
297.244677018952,15044
0.0,15045
0.0,15046
0.0,15047
0.0,15048
0.0,15049
0.0,15050
0.0,15051
0.0,15052
0.0,15053
0.0,15054
0.0,15055
0.0,15056
0.0,15057
0.0,15058
0.0,15059
1467.7675711707548,15060
0.0,15061
0.0,15062
0.0,15063
1216.1856243805707,15064
950.7146477867462,15065
0.0,15066
0.0,15067
1307.6493354063168,15068
0.0,15069
0.0,15070
0.0,15071
0.0,15072
0.0,15073
0.0,15074
0.0,15075
0.0,15076
4520.32082421718,15077
0.0,15078
0.0,15079
0.0,15080
1451.705788418227,15081
930.7197414853525,15082
1247.699019699316,15083
0.0,15084
1554.899855025702,15085
223.55460112165193,15086
363.4381548470312,15087
1613.5156877437682,15088
0.0,15089
0.0,15090
1585.6654183394735,15091
0.0,15092
1416.2399353786166,15093
0.0,15094
0.0,15095
0.0,15096
3369.181735276193,15097
0.0,15098
1476.9845940208609,15099
9.394724354702163,15100
0.0,15101
0.0,15102
0.0,15103
0.0,15104
1398.8776892149729,15105
1245.0689526891413,15106
0.0,15107
1706.8836250751895,15108
16026.953307598922,15109
2402.823537123618,15110
0.0,15111
0.0,15112
0.0,15113
576.6132792441018,15114
2256.879152378776,15115
2162.440327068489,15116
0.0,15117
0.0,15118
2865.4915112347444,15119
1003.9198210966176,15120
0.0,15121
1012.6059955441879,15122
0.0,15123
757.0749954796686,15124
0.0,15125
0.0,15126
2297.1846577729157,15127
0.0,15128
0.0,15129
0.0,15130
0.0,15131
0.0,15132
334.546576945916,15133
1433.6362268013675,15134
0.0,15135
0.0,15136
0.0,15137
0.0,15138
0.0,15139
0.0,15140
0.0,15141
0.0,15142
0.0,15143
760.5586738900026,15144
0.0,15145
110.28834589786888,15146
0.0,15147
950.375375165294,15148
0.0,15149
340.21522276377715,15150
357.63313566946044,15151
991.8505924863857,15152
0.0,15153
0.0,15154
0.0,15155
0.0,15156
0.0,15157
922.7505325751324,15158
112.27319739930401,15159
4096.141091025866,15160
0.0,15161
0.0,15162
0.0,15163
0.0,15164
0.0,15165
0.0,15166
0.0,15167
162.98979871215093,15168
374.4834449987257,15169
0.0,15170
3352.5761197639313,15171
3408.3452342203964,15172
1261.0289802340014,15173
1819.7661272677447,15174
1716.8041987579268,15175
1242.2344635217967,15176
0.0,15177
3119.1209278153187,15178
0.0,15179
0.0,15180
0.0,15181
0.0,15182
1018.6953434541052,15183
2535.5702782529725,15184
240.0957454756334,15185
0.0,15186
398.37066695307374,15187
0.0,15188
0.0,15189
0.0,15190
934.1170930220069,15191
796.249135927448,15192
682.0351902597434,15193
0.0,15194
0.0,15195
0.0,15196
94.17090117981883,15197
0.0,15198
1246.5465693531862,15199
0.0,15200
1341.9450562611523,15201
0.0,15202
2149.7848519455965,15203
0.0,15204
0.0,15205
0.0,15206
0.0,15207
0.0,15208
0.0,15209
0.0,15210
0.0,15211
0.0,15212
2002.0342271518175,15213
1493.322754803183,15214
0.0,15215
1643.6544464346819,15216
2822.6825735832235,15217
1786.2609916940266,15218
0.0,15219
0.0,15220
0.0,15221
0.0,15222
0.0,15223
0.0,15224
0.0,15225
0.0,15226
1961.2740802451476,15227
2079.356872763345,15228
2674.1885301256793,15229
0.0,15230
1856.2204791303648,15231
1714.6205382957746,15232
4194.144352839987,15233
0.0,15234
0.0,15235
1192.3545379956317,15236
0.0,15237
0.0,15238
0.0,15239
0.0,15240
39.37546824725651,15241
4671.248625082301,15242
0.0,15243
0.0,15244
5161.67877610929,15245
420.23373337705067,15246
0.0,15247
2803.4755291378315,15248
0.0,15249
502.89243064279225,15250
78.82304690147414,15251
0.0,15252
231.36303648857276,15253
428.12780045442247,15254
0.0,15255
0.0,15256
0.0,15257
1917.590307885206,15258
0.0,15259
0.0,15260
0.0,15261
0.0,15262
0.0,15263
0.0,15264
0.0,15265
0.0,15266
0.0,15267
0.0,15268
0.0,15269
0.0,15270
0.0,15271
0.0,15272
0.0,15273
0.0,15274
0.0,15275
0.0,15276
0.0,15277
0.0,15278
0.0,15279
0.0,15280
0.0,15281
674.2991598775415,15282
0.0,15283
0.0,15284
1040.9141568393638,15285
0.0,15286
0.0,15287
0.0,15288
0.0,15289
969.9400426018634,15290
0.0,15291
0.0,15292
0.0,15293
0.0,15294
0.0,15295
0.0,15296
0.0,15297
0.0,15298
0.0,15299
0.0,15300
0.0,15301
0.0,15302
0.0,15303
0.0,15304
773.61739150453,15305
0.0,15306
0.0,15307
0.0,15308
0.0,15309
0.0,15310
0.0,15311
0.0,15312
0.0,15313
0.0,15314
0.0,15315
0.0,15316
0.0,15317
0.0,15318
0.0,15319
0.0,15320
0.0,15321
1350.4653404229807,15322
2597.95308797727,15323
0.0,15324
1662.6549284735781,15325
1877.800482756648,15326
0.0,15327
0.0,15328
1018.2132598013361,15329
0.0,15330
311.34487965499363,15331
0.0,15332
0.0,15333
5450.132693277114,15334
0.0,15335
0.0,15336
0.0,15337
0.0,15338
736.2643096587224,15339
0.0,15340
0.0,15341
545.7645939326444,15342
0.0,15343
620.2651124393548,15344
0.0,15345
0.0,15346
0.0,15347
0.0,15348
0.0,15349
449.98158372598687,15350
0.0,15351
0.0,15352
5301.163691321528,15353
0.0,15354
0.0,15355
1693.9681735774727,15356
0.0,15357
0.0,15358
0.0,15359
0.0,15360
0.0,15361
415.92879918831915,15362
0.0,15363
0.0,15364
0.0,15365
12.615226840012886,15366
0.0,15367
0.0,15368
0.0,15369
0.0,15370
290.90905222671694,15371
0.0,15372
0.0,15373
0.0,15374
0.0,15375
0.0,15376
0.0,15377
0.0,15378
0.0,15379
0.0,15380
0.0,15381
0.0,15382
0.0,15383
0.0,15384
0.0,15385
0.0,15386
0.0,15387
0.0,15388
0.0,15389
0.0,15390
0.0,15391
0.0,15392
0.0,15393
242.8736808108296,15394
185.61690373526702,15395
0.0,15396
0.0,15397
0.0,15398
132.45223476547667,15399
0.0,15400
0.0,15401
86.83171961358471,15402
0.0,15403
0.0,15404
0.0,15405
51.764702762269145,15406
0.0,15407
7043.1005503386505,15408
0.0,15409
0.0,15410
0.0,15411
7439.462246377425,15412
0.0,15413
0.0,15414
0.0,15415
0.0,15416
0.0,15417
0.0,15418
0.0,15419
0.0,15420
0.0,15421
0.0,15422
0.0,15423
0.0,15424
0.0,15425
0.0,15426
0.0,15427
0.0,15428
0.0,15429
0.0,15430
0.0,15431
0.0,15432
0.0,15433
0.0,15434
0.0,15435
0.0,15436
0.0,15437
0.0,15438
0.0,15439
0.0,15440
0.0,15441
0.0,15442
0.0,15443
0.0,15444
0.0,15445
0.0,15446
0.0,15447
1813.7105885424883,15448
1204.1452147629736,15449
0.0,15450
0.0,15451
0.0,15452
0.0,15453
0.0,15454
0.0,15455
0.0,15456
0.0,15457
0.0,15458
0.0,15459
0.0,15460
0.0,15461
0.0,15462
0.0,15463
0.0,15464
0.0,15465
0.0,15466
0.0,15467
0.0,15468
0.0,15469
0.0,15470
0.0,15471
0.0,15472
0.0,15473
0.0,15474
0.0,15475
0.0,15476
0.0,15477
0.0,15478
0.0,15479
0.0,15480
296.784465900462,15481
0.0,15482
0.0,15483
0.0,15484
6316.453835437476,15485
0.0,15486
0.0,15487
0.0,15488
0.0,15489
0.0,15490
0.0,15491
0.0,15492
0.0,15493
0.0,15494
0.0,15495
3047.863306534415,15496
0.0,15497
0.0,15498
0.0,15499
0.0,15500
0.0,15501
0.0,15502
0.0,15503
0.0,15504
0.0,15505
0.0,15506
0.0,15507
0.0,15508
0.0,15509
0.0,15510
1104.9520228565118,15511
0.0,15512
0.0,15513
0.0,15514
0.0,15515
0.0,15516
0.0,15517
0.0,15518
0.0,15519
0.0,15520
0.0,15521
0.0,15522
0.0,15523
0.0,15524
0.0,15525
0.0,15526
0.0,15527
0.0,15528
0.0,15529
0.0,15530
0.0,15531
0.0,15532
0.0,15533
2809.6914999803816,15534
0.0,15535
0.0,15536
0.0,15537
0.0,15538
0.0,15539
0.0,15540
0.0,15541
0.0,15542
0.0,15543
0.0,15544
32.89361494350503,15545
0.0,15546
0.0,15547
0.0,15548
0.0,15549
0.0,15550
0.0,15551
0.0,15552
0.0,15553
0.0,15554
0.0,15555
478.24772205377803,15556
0.0,15557
0.0,15558
0.0,15559
0.0,15560
0.0,15561
0.4464678584645739,15562
0.02950187716102417,15563
0.0,15564
0.0,15565
0.001795052642339164,15566
0.0,15567
0.0,15568
0.00010395297511636612,15569
0.0,15570
0.0,15571
0.0,15572
0.0,15573
0.0,15574
0.0,15575
5.824807207207645e-06,15576
0.0,15577
0.0,15578
0.0,15579
0.0,15580
3.187824688576758e-07,15581
211.64027192457127,15582
0.0,15583
0.0,15584
0.0,15585
0.0,15586
0.0,15587
0.0,15588
0.0,15589
324.9333569620335,15590
0.0,15591
2474.587006336888,15592
0.0,15593
1626.2609211830893,15594
0.0,15595
1257.3526053992482,15596
1706.3619084564243,15597
0.0,15598
0.0,15599
1046.4291249852843,15600
691.8111473623497,15601
1519.840891277319,15602
2021.1650715834728,15603
816.4747702025383,15604
643.8803553087336,15605
0.0,15606
767.9240027285874,15607
0.0,15608
0.0,15609
2053.3872464476535,15610
0.0,15611
0.0,15612
0.0,15613
2315.286693021677,15614
0.0,15615
0.0,15616
0.0,15617
0.0,15618
0.0,15619
0.0,15620
0.0,15621
0.0,15622
0.0,15623
0.0,15624
0.0,15625
0.0,15626
0.0,15627
0.0,15628
0.0,15629
2213.5823492327536,15630
1751.248537614429,15631
0.0,15632
0.0,15633
184.34480662727256,15634
0.0,15635
0.0,15636
898.074014201559,15637
0.0,15638
0.0,15639
0.0,15640
0.0,15641
0.0,15642
0.0,15643
0.0,15644
0.0,15645
0.0,15646
0.0,15647
0.0,15648
0.0,15649
0.0,15650
0.0,15651
1055.6114395912446,15652
1013.0164144509523,15653
953.6436439791937,15654
0.0,15655
0.0,15656
0.0,15657
9.937346248073524,15658
0.0,15659
0.0,15660
161.5538770635166,15661
0.0,15662
0.0,15663
0.0,15664
0.0,15665
0.0,15666
0.0,15667
0.0,15668
0.0,15669
0.0,15670
0.0,15671
0.0,15672
0.0,15673
0.0,15674
0.0,15675
0.0,15676
341.98526960856947,15677
0.0,15678
0.0,15679
0.0,15680
0.0,15681
0.0,15682
0.0,15683
0.0,15684
0.0,15685
0.0,15686
0.0,15687
0.0,15688
0.0,15689
0.0,15690
0.0,15691
0.0,15692
7389.314501769797,15693
0.0,15694
0.0,15695
0.0,15696
0.0,15697
0.0,15698
0.0,15699
0.0,15700
0.0,15701
1909.0629652801183,15702
0.0,15703
0.0,15704
1770.6670013382648,15705
0.0,15706
0.0,15707
0.0,15708
0.0,15709
0.0,15710
0.0,15711
0.0,15712
0.0,15713
0.0,15714
0.0,15715
0.0,15716
0.0,15717
0.0,15718
0.0,15719
0.0,15720
0.0,15721
0.0,15722
0.0,15723
0.0,15724
0.0,15725
0.0,15726
0.0,15727
0.0,15728
0.0,15729
0.0,15730
0.0,15731
0.0,15732
0.0,15733
0.0,15734
0.0,15735
0.0,15736
0.0,15737
0.0,15738
0.0,15739
0.0,15740
0.0,15741
0.0,15742
0.0,15743
8238.463401732928,15744
0.0,15745
0.0,15746
0.0,15747
0.0,15748
0.0,15749
0.0,15750
0.0,15751
0.0,15752
0.0,15753
0.0,15754
1007.7463782257748,15755
0.0,15756
0.0,15757
0.0,15758
0.0,15759
0.0,15760
0.0,15761
0.0,15762
0.0,15763
0.0,15764
0.0,15765
0.0,15766
0.0,15767
0.0,15768
0.0,15769
0.0,15770
0.0,15771
0.0,15772
0.0,15773
0.0,15774
0.0,15775
2170.3390183917036,15776
16727.250951736736,15777
3300.587649689722,15778
0.0,15779
4015.4683298164446,15780
4701.615134079401,15781
4600.874580330872,15782
4230.103925865119,15783
6649.445976281335,15784
3973.0606464739017,15785
4938.197363013786,15786
4831.284475755379,15787
623.6421455560888,15788
4467.160838558948,15789
2342.82605100505,15790
4002.3888309454996,15791
0.0,15792
3307.6293875941524,15793
0.0,15794
0.0,15795
0.0,15796
0.0,15797
5668.734919081196,15798
5621.887754853562,15799
0.0,15800
0.0,15801
0.0,15802
0.0,15803
0.0,15804
0.0,15805
0.0,15806
0.0,15807
0.0,15808
0.0,15809
21.493295073361505,15810
0.0,15811
0.0,15812
0.0,15813
0.0,15814
0.0,15815
0.0,15816
0.0,15817
289.4933517003444,15818
122.17263946107248,15819
0.0,15820
0.0,15821
0.0,15822
310.7448101366799,15823
0.0,15824
0.0,15825
1644.2483156612202,15826
1689.9846220331212,15827
1981.591953184845,15828
2037.2541508381805,15829
3458.4893094466474,15830
3745.4255585550904,15831
0.0,15832
0.0,15833
0.0,15834
0.0,15835
0.0,15836
0.0,15837
0.0,15838
0.0,15839
0.0,15840
0.0,15841
0.0,15842
609.7264989333019,15843
244.2178384148694,15844
439.50391169297046,15845
0.0,15846
0.0,15847
0.0,15848
2500.2845122692092,15849
0.0,15850
0.0,15851
0.0,15852
0.0,15853
0.0,15854
0.0,15855
0.0,15856
0.0,15857
0.0,15858
0.0,15859
2450.779140347843,15860
0.0,15861
930.8000831007582,15862
0.0,15863
0.0,15864
0.0,15865
0.0,15866
0.0,15867
0.0,15868
0.0,15869
0.0,15870
539.7816516018652,15871
1136.5203152558672,15872
0.0,15873
0.0,15874
716.6545617826998,15875
0.0,15876
0.0,15877
0.0,15878
0.0,15879
0.0,15880
0.0,15881
0.0,15882
0.0,15883
0.0,15884
226.16614065226563,15885
0.0,15886
0.0,15887
191.93170824252613,15888
0.0,15889
0.0,15890
0.0,15891
0.0,15892
0.0,15893
0.0,15894
0.0,15895
0.0,15896
0.0,15897
0.0,15898
0.0,15899
430.8907706766646,15900
0.0,15901
0.0,15902
0.0,15903
0.0,15904
0.0,15905
0.0,15906
0.0,15907
0.0,15908
0.0,15909
0.0,15910
0.0,15911
0.0,15912
0.0,15913
0.0,15914
2544.307194729807,15915
0.0,15916
0.0,15917
0.0,15918
0.0,15919
0.0,15920
0.0,15921
0.0,15922
0.0,15923
0.0,15924
0.0,15925
0.0,15926
0.0,15927
974.1090801352134,15928
0.0,15929
0.0,15930
0.0,15931
2290.489122372371,15932
74.73084648253325,15933
0.0,15934
0.0,15935
0.0,15936
0.0,15937
0.0,15938
0.0,15939
0.0,15940
0.0,15941
0.0,15942
0.0,15943
0.0,15944
0.0,15945
108.29676593622185,15946
0.0,15947
136.62037490982894,15948
0.0,15949
0.0,15950
0.0,15951
0.0,15952
0.0,15953
0.0,15954
0.0,15955
0.0,15956
0.0,15957
0.0,15958
0.0,15959
230.22805211381856,15960
0.0,15961
0.0,15962
0.0,15963
896.890091052329,15964
0.0,15965
0.0,15966
0.0,15967
0.0,15968
0.0,15969
0.0,15970
0.0,15971
0.0,15972
0.0,15973
0.0,15974
0.0,15975
0.0,15976
0.0,15977
0.0,15978
0.0,15979
0.0,15980
0.0,15981
0.0,15982
0.0,15983
0.0,15984
0.0,15985
0.0,15986
0.0,15987
0.0,15988
281.26685707764517,15989
0.0,15990
0.0,15991
0.0,15992
815.0540070214829,15993
3187.2853241465023,15994
0.0,15995
696.597226509267,15996
350.9620624443661,15997
0.0,15998
0.0,15999
0.0,16000
0.0,16001
164.1830207590053,16002
0.0,16003
0.0,16004
0.0,16005
0.0,16006
0.0,16007
0.0,16008
0.0,16009
0.0,16010
0.0,16011
0.0,16012
0.0,16013
0.0,16014
0.0,16015
0.0,16016
0.0,16017
0.0,16018
0.0,16019
0.0,16020
0.0,16021
0.0,16022
0.0,16023
0.0,16024
0.0,16025
0.0,16026
0.0,16027
0.0,16028
0.0,16029
0.0,16030
0.0,16031
632.8301269227658,16032
44.10460298145536,16033
0.0,16034
0.0,16035
0.0,16036
0.0,16037
0.0,16038
0.0,16039
0.0,16040
0.0,16041
0.0,16042
0.0,16043
0.0,16044
0.0,16045
0.0,16046
0.0,16047
0.0,16048
0.0,16049
0.0,16050
0.0,16051
8043.2817604998445,16052
0.0,16053
0.0,16054
581.5116290690535,16055
0.0,16056
300.1542034760176,16057
650.8688074356404,16058
0.0,16059
0.0,16060
0.0,16061
0.0,16062
0.0,16063
0.0,16064
0.0,16065
0.0,16066
0.0,16067
0.0,16068
0.0,16069
0.0,16070
0.0,16071
3385.794912841446,16072
238.4637360629887,16073
2619.2580924290364,16074
0.0,16075
0.0,16076
0.0,16077
887.513503519583,16078
0.0,16079
0.0,16080
0.0,16081
0.0,16082
0.0,16083
0.0,16084
0.0,16085
0.0,16086
533.3376347030857,16087
0.0,16088
480.921824605913,16089
6900.3976169369525,16090
663.3291757327648,16091
0.0,16092
1225.6318276981772,16093
648.1838289678369,16094
595.9786057128583,16095
582.8241669083087,16096
2298.5709370441054,16097
2031.1403928671227,16098
0.0,16099
0.0,16100
0.0,16101
0.0,16102
0.0,16103
422.50802970532396,16104
0.0,16105
870.68764310073,16106
934.0113365324829,16107
0.0,16108
0.0,16109
0.0,16110
0.0,16111
0.0,16112
0.0,16113
0.0,16114
0.0,16115
0.0,16116
0.0,16117
0.0,16118
0.0,16119
0.0,16120
0.0,16121
0.0,16122
0.0,16123
0.0,16124
0.0,16125
0.0,16126
0.0,16127
0.0,16128
0.0,16129
0.0,16130
464.8916894025208,16131
0.0,16132
0.0,16133
0.0,16134
10.177522145537619,16135
0.0,16136
2168.2104410770758,16137
792.4231419963793,16138
1006.527615235249,16139
0.0,16140
0.0,16141
0.0,16142
0.0,16143
0.0,16144
0.0,16145
0.0,16146
0.0,16147
0.0,16148
0.0,16149
0.0,16150
0.0,16151
0.0,16152
0.0,16153
0.0,16154
0.0,16155
0.0,16156
0.0,16157
0.0,16158
2300.027998554073,16159
0.0,16160
0.0,16161
0.0,16162
0.0,16163
0.0,16164
0.0,16165
0.0,16166
0.0,16167
0.0,16168
0.0,16169
0.0,16170
0.0,16171
51408.194014243316,16172
0.0,16173
0.0,16174
3477.500746649181,16175
0.0,16176
0.0,16177
0.0,16178
3331.967213962275,16179
3553.686652825531,16180
0.0,16181
0.0,16182
3056.987374130738,16183
0.0,16184
0.0,16185
0.0,16186
0.0,16187
5156.015765981898,16188
0.0,16189
0.0,16190
5198.834965455731,16191
2909.3095611144668,16192
0.0,16193
178.7651081128145,16194
700.4714859081059,16195
0.0,16196
283.9708384997206,16197
0.0,16198
2702.820785504627,16199
551.1291119269237,16200
576.9035309429671,16201
3425.628367031719,16202
3352.643229072507,16203
0.0,16204
0.0,16205
0.0,16206
0.0,16207
0.0,16208
0.0,16209
216.4935732882504,16210
0.0,16211
0.0,16212
0.0,16213
278.0706639797933,16214
740.0567473026807,16215
0.0,16216
0.0,16217
0.0,16218
0.0,16219
372.5638589116913,16220
0.0,16221
0.0,16222
664.2428185030493,16223
0.0,16224
0.0,16225
768.1430557780175,16226
402.2878313028288,16227
0.0,16228
0.0,16229
355.9041332481388,16230
0.0,16231
0.0,16232
1915.72177149996,16233
0.0,16234
639.0175735197676,16235
1544.7072058065041,16236
2169.1252533969455,16237
0.0,16238
0.0,16239
0.0,16240
96.84386646165899,16241
0.0059284443798225395,16242
1301.1771311219054,16243
0.0,16244
0.0,16245
0.0,16246
0.0,16247
0.0,16248
0.0,16249
0.0,16250
0.0,16251
0.0,16252
0.0,16253
0.0,16254
0.0,16255
1250.3243072046455,16256
0.0,16257
2576.0589148309964,16258
0.0,16259
0.0,16260
0.0,16261
0.0,16262
0.0,16263
0.0,16264
0.0,16265
200.43766760251066,16266
0.0,16267
0.0,16268
0.0,16269
0.0,16270
0.0,16271
0.0,16272
0.0,16273
0.0,16274
0.0,16275
0.0,16276
0.0,16277
0.0,16278
0.0,16279
0.0,16280
0.0,16281
0.0,16282
0.0,16283
0.0,16284
0.0,16285
0.0,16286
0.0,16287
0.0,16288
0.0,16289
0.0,16290
0.0,16291
0.0,16292
0.0,16293
0.0,16294
1159.162216957889,16295
0.0,16296
0.0,16297
0.0,16298
0.0,16299
0.0,16300
0.0,16301
0.0,16302
0.0,16303
0.0,16304
0.0,16305
0.0,16306
0.0,16307
0.0,16308
0.0,16309
1008.8016097388264,16310
0.0,16311
0.0,16312
0.0,16313
0.0,16314
0.0,16315
0.0,16316
0.0,16317
0.0,16318
0.0,16319
190.65647001597605,16320
0.0,16321
0.0,16322
0.0,16323
0.0,16324
0.0,16325
0.0,16326
0.0,16327
0.0,16328
0.0,16329
0.0,16330
0.0,16331
0.0,16332
0.0,16333
0.0,16334
0.0,16335
0.0,16336
0.0,16337
0.0,16338
0.0,16339
0.0,16340
0.0,16341
0.0,16342
378.1791307378741,16343
0.0,16344
0.0,16345
0.0,16346
0.0,16347
0.0,16348
0.0,16349
0.0,16350
0.0,16351
0.0,16352
0.0,16353
0.0,16354
0.0,16355
0.0,16356
0.0,16357
0.0,16358
0.0,16359
0.0,16360
0.0,16361
0.0,16362
0.0,16363
0.0,16364
0.0,16365
0.0,16366
0.0,16367
0.0,16368
0.0,16369
0.0,16370
0.0,16371
0.0,16372
0.0,16373
0.0,16374
0.0,16375
0.0,16376
0.0,16377
0.0,16378
833.1329311136387,16379
0.0,16380
0.0,16381
0.0,16382
0.0,16383
0.0,16384
0.0,16385
0.0,16386
0.0,16387
0.0,16388
485.4387887114615,16389
0.0,16390
0.0,16391
0.0,16392
0.0,16393
0.0,16394
0.0,16395
0.0,16396
0.0,16397
0.0,16398
0.0,16399
0.0,16400
0.0,16401
0.0,16402
0.0,16403
0.0,16404
0.0,16405
0.0,16406
0.0,16407
0.0,16408
0.0,16409
0.0,16410
0.0,16411
0.0,16412
0.0,16413
7258.679458840618,16414
0.0,16415
0.0,16416
0.0,16417
0.0,16418
0.0,16419
0.0,16420
0.0,16421
0.0,16422
0.0,16423
0.0,16424
0.0,16425
0.0,16426
0.0,16427
0.0,16428
0.0,16429
0.0,16430
0.0,16431
0.0,16432
0.0,16433
0.0,16434
0.0,16435
811.412395896357,16436
0.0,16437
0.0,16438
0.0,16439
0.0,16440
0.0,16441
0.0,16442
0.0,16443
339.0421152973608,16444
0.0,16445
243.54516656707125,16446
79.1209540311888,16447
0.0,16448
0.0,16449
0.0,16450
0.0,16451
0.0,16452
0.0,16453
0.0,16454
0.0,16455
0.0,16456
0.0,16457
0.0,16458
0.0,16459
0.0,16460
0.0,16461
0.0,16462
0.0,16463
0.0,16464
0.0,16465
606.0245215393733,16466
0.0,16467
0.0,16468
0.0,16469
0.0,16470
0.0,16471
0.0,16472
0.0,16473
2180.278667648257,16474
0.0,16475
0.0,16476
0.0,16477
0.0,16478
0.0,16479
0.0,16480
0.0,16481
0.0,16482
0.0,16483
0.0,16484
0.0,16485
0.0,16486
0.0,16487
0.0,16488
0.0,16489
0.0,16490
0.0,16491
0.0,16492
0.0,16493
0.0,16494
0.0,16495
0.0,16496
1531.6794635395365,16497
0.0,16498
0.0,16499
0.0,16500
0.0,16501
0.0,16502
0.0,16503
0.0,16504
0.0,16505
0.0,16506
0.0,16507
0.0,16508
0.0,16509
0.0,16510
0.0,16511
0.0,16512
0.0,16513
0.0,16514
0.0,16515
0.0,16516
0.0,16517
0.0,16518
0.0,16519
0.0,16520
985.4870835475219,16521
0.0,16522
0.0,16523
0.0,16524
0.0,16525
0.0,16526
0.0,16527
0.0,16528
0.0,16529
3619.1684403510144,16530
0.0,16531
84.11446993021744,16532
0.0,16533
0.0,16534
0.0,16535
48.584988863443826,16536
0.0,16537
8.336789689173719,16538
0.0,16539
0.0,16540
0.0,16541
0.0,16542
1.1926842765738999,16543
0.0,16544
0.0,16545
0.0,16546
0.0,16547
0.0,16548
0.0,16549
0.0,16550
0.0,16551
0.0,16552
0.0,16553
0.0,16554
45.54117432442523,16555
0.0,16556
0.0,16557
0.0,16558
0.0,16559
0.0,16560
426.5904952295218,16561
0.0,16562
1714.3038325110276,16563
490.69302886785573,16564
0.0,16565
0.0,16566
0.0,16567
0.0,16568
0.0,16569
0.0,16570
0.0,16571
0.0,16572
0.0,16573
0.0,16574
0.0,16575
0.0,16576
0.0,16577
0.0,16578
0.0,16579
0.0,16580
0.0,16581
2551.6794716397594,16582
0.0,16583
0.0,16584
0.0,16585
0.0,16586
0.0,16587
0.0,16588
0.0,16589
0.0,16590
3441.5111656984536,16591
0.0,16592
0.0,16593
0.0,16594
0.0,16595
0.0,16596
0.0,16597
0.0,16598
0.0,16599
0.0,16600
0.0,16601
0.0,16602
0.0,16603
0.0,16604
0.0,16605
0.0,16606
0.0,16607
0.0,16608
0.0,16609
0.0,16610
0.0,16611
0.0,16612
0.0,16613
0.0,16614
0.0,16615
0.0,16616
0.0,16617
0.0,16618
0.0,16619
0.0,16620
1655.0015515378677,16621
0.0,16622
0.0,16623
0.0,16624
0.0,16625
0.0,16626
0.0,16627
0.0,16628
0.0,16629
0.0,16630
0.0,16631
0.0,16632
0.0,16633
1701.077489450971,16634
0.0,16635
0.0,16636
0.0,16637
0.0,16638
0.0,16639
0.0,16640
475.55743268491915,16641
1894.790888846365,16642
0.0,16643
473.65805381080065,16644
849.7198538617122,16645
0.0,16646
0.0,16647
0.0,16648
0.0,16649
767.0127346153572,16650
0.0,16651
0.0,16652
0.0,16653
0.0,16654
0.0,16655
0.0,16656
1147.253389904112,16657
489.72171148835093,16658
0.0,16659
0.0,16660
4444.037745324496,16661
0.0,16662
0.0,16663
0.0,16664
0.0,16665
0.0,16666
0.0,16667
0.0,16668
2864.91480796027,16669
0.0,16670
0.0,16671
0.0,16672
0.0,16673
0.0,16674
0.0,16675
0.0,16676
0.0,16677
0.0,16678
0.0,16679
0.0,16680
5741.610034888887,16681
0.0,16682
0.0,16683
988.370495652456,16684
0.0,16685
1116.5515492011452,16686
1168.4142365217122,16687
771.8825172548713,16688
2518.8925155768816,16689
443.69437607714985,16690
908.8901832056595,16691
923.9516729409706,16692
0.0,16693
0.0,16694
3022.339713705495,16695
0.0,16696
0.0,16697
0.0,16698
0.0,16699
0.0,16700
0.0,16701
0.0,16702
0.0,16703
922.140670406897,16704
781.1378759786438,16705
0.0,16706
0.0,16707
0.0,16708
0.0,16709
0.0,16710
0.0,16711
0.0,16712
0.0,16713
0.0,16714
0.0,16715
0.0,16716
0.0,16717
0.0,16718
0.0,16719
0.0,16720
0.0,16721
0.0,16722
0.0,16723
0.0,16724
0.0,16725
0.0,16726
0.0,16727
0.0,16728
0.0,16729
0.0,16730
0.0,16731
0.0,16732
0.0,16733
0.0,16734
0.0,16735
0.0,16736
0.0,16737
0.0,16738
0.0,16739
0.0,16740
0.0,16741
0.0,16742
0.0,16743
0.0,16744
0.0,16745
0.0,16746
0.0,16747
0.0,16748
0.0,16749
0.0,16750
0.0,16751
0.0,16752
0.0,16753
0.0,16754
0.0,16755
0.0,16756
0.0,16757
0.0,16758
0.0,16759
0.0,16760
0.0,16761
0.0,16762
1909.1009271376545,16763
0.0,16764
0.0,16765
0.0,16766
1.655221576083066,16767
0.0,16768
0.0,16769
0.0,16770
0.0,16771
0.0,16772
0.0,16773
0.0,16774
0.0,16775
0.0,16776
0.0,16777
0.0,16778
0.0,16779
0.0,16780
0.0,16781
0.0,16782
0.0,16783
0.0,16784
0.0,16785
0.0,16786
0.0,16787
0.0,16788
0.0,16789
0.0,16790
0.0,16791
0.0,16792
0.0,16793
0.0,16794
0.0,16795
0.0,16796
0.0,16797
384.84563108629044,16798
0.0,16799
61.29543454701534,16800
0.0,16801
0.0,16802
0.0,16803
260.44269150803916,16804
125.8150797985584,16805
213.7190999428673,16806
0.0,16807
0.0,16808
0.0,16809
0.0,16810
0.0,16811
0.0,16812
0.0,16813
292.76905823635127,16814
0.0,16815
0.0,16816
1571.7316519591286,16817
313.18840224316267,16818
0.0,16819
0.0,16820
0.0,16821
0.0,16822
0.0,16823
0.0,16824
0.0,16825
0.0,16826
0.0,16827
0.0,16828
1220.2051514736531,16829
0.0,16830
0.0,16831
0.0,16832
0.0,16833
0.0,16834
0.0,16835
0.0,16836
0.0,16837
0.0,16838
0.0,16839
0.0,16840
711.2370992226063,16841
0.0,16842
795.863935135172,16843
850.559571703338,16844
0.0,16845
264.3991330847825,16846
0.0,16847
0.0,16848
0.0,16849
1795.0159436789822,16850
482.9665258607999,16851
0.0,16852
0.0,16853
452.0564101530498,16854
3325.683475271353,16855
0.0,16856
1518.3454776372016,16857
1527.3645823076774,16858
3398.42742611159,16859
1594.8161349830314,16860
0.0,16861
0.0,16862
0.0,16863
0.0,16864
566.8656815098151,16865
0.0,16866
1663.280533743206,16867
84694.45002739927,16868
0.0,16869
0.0,16870
0.0,16871
660.3903310090419,16872
829.1913014545306,16873
1689.513218812867,16874
0.0,16875
1671.0929625023691,16876
902.4648601150614,16877
443.16725560909333,16878
0.0,16879
0.0,16880
0.0,16881
0.0,16882
0.0,16883
0.0,16884
1903.4594917789125,16885
0.0,16886
0.0,16887
2788.1169459127736,16888
1141.0821928882524,16889
1733.5084628030063,16890
1014.7264343960559,16891
0.0,16892
599.193753142506,16893
0.0,16894
421.7198088392622,16895
3060.6934920444073,16896
983.69063526774,16897
0.0,16898
4729.599704324219,16899
0.0,16900
0.0,16901
0.0,16902
0.0,16903
95.3372595102608,16904
0.0,16905
0.0,16906
0.0,16907
91.18673213937005,16908
59.26518092700969,16909
0.0,16910
0.0,16911
0.0,16912
0.0,16913
0.0,16914
0.0,16915
0.0,16916
0.0,16917
0.0,16918
0.0,16919
0.0,16920
0.0,16921
0.0,16922
0.0,16923
0.0,16924
0.0,16925
0.0,16926
0.0,16927
0.0,16928
0.0,16929
0.0,16930
0.0,16931
0.0,16932
0.0,16933
0.0,16934
0.0,16935
0.0,16936
0.0,16937
0.0,16938
0.0,16939
0.0,16940
627.9308440537305,16941
0.0,16942
0.0,16943
64.16365274041881,16944
259.92232331596205,16945
298.39539761018864,16946
0.0,16947
0.0,16948
0.0,16949
0.0,16950
507.532327176878,16951
806.8043451521563,16952
19.842564130514887,16953
0.0,16954
0.0,16955
2763.5568981094157,16956
0.0,16957
165.97450677451258,16958
0.0,16959
390.27964937951094,16960
976.1952137885993,16961
0.0,16962
3189.0190944511546,16963
947.2937432384432,16964
0.0,16965
0.0,16966
0.0,16967
297.286789800479,16968
142.27344906246452,16969
87.20329346389622,16970
0.0,16971
0.0,16972
0.0,16973
640.5193159640106,16974
414.63089510113497,16975
1023.1679097184165,16976
156.47604393595626,16977
0.0,16978
3.172021897488679,16979
0.0,16980
0.0,16981
0.0,16982
0.0,16983
0.0,16984
0.0,16985
0.0,16986
0.0,16987
0.0,16988
0.0,16989
0.0,16990
0.0,16991
1035.2133055578504,16992
0.0,16993
0.0,16994
277.0069476518085,16995
0.0,16996
1706.7804736840988,16997
0.0,16998
0.0,16999
0.0,17000
0.0,17001
0.0,17002
0.0,17003
0.0,17004
0.0,17005
0.0,17006
0.0,17007
553.8159295345242,17008
0.0,17009
4328.432216242713,17010
0.0,17011
0.0,17012
0.0,17013
5725.004642300646,17014
43.36980821142756,17015
0.0,17016
2197.3241028175166,17017
139.73333000153247,17018
58.78974189588971,17019
0.0,17020
0.0,17021
0.0,17022
136.20359229950918,17023
3974.979113332258,17024
2860.3546814341203,17025
6010.919794691162,17026
0.0,17027
4249.301200469556,17028
6974.9343510363715,17029
6312.865114562101,17030
0.0,17031
0.0,17032
0.0,17033
0.0,17034
69.73266815879187,17035
0.0,17036
0.0,17037
0.0,17038
0.0,17039
0.0,17040
413.14162934012694,17041
0.0,17042
0.0,17043
0.0,17044
113.86015579526682,17045
0.0,17046
0.0,17047
0.0,17048
684.5917720119074,17049
0.0,17050
251.5299621696518,17051
0.0,17052
956.9133542800147,17053
587.285520810551,17054
0.0,17055
1124.4667695559522,17056
1529.4320321965818,17057
0.0,17058
318.5017430080901,17059
0.0,17060
0.0,17061
0.0,17062
0.0,17063
0.0,17064
449.5073059419149,17065
0.0,17066
8138.692621644246,17067
8476.458897671915,17068
8091.953194107273,17069
5796.039978521407,17070
4834.472442517132,17071
0.0,17072
0.0,17073
0.0,17074
1634.154731923636,17075
2679.4557845578765,17076
1699.1588223348938,17077
0.0,17078
8547.628908086783,17079
0.0,17080
0.0,17081
0.0,17082
0.0,17083
8470.591733573145,17084
2031.6567504324225,17085
0.0,17086
0.0,17087
12928.867241608054,17088
116.46061245909621,17089
0.0,17090
0.0,17091
35.43750636497473,17092
0.0,17093
0.0,17094
3874.3086700941176,17095
733.5020135532546,17096
861.2537735591765,17097
2799.029818536619,17098
6261.804892077752,17099
2006.2398108829918,17100
3449.1275536147086,17101
0.0,17102
3203.4264359481144,17103
0.0,17104
1973.2692755622168,17105
0.0,17106
0.0,17107
0.0,17108
0.0,17109
0.0,17110
1764.5381875692817,17111
0.0,17112
0.0,17113
0.0,17114
0.0,17115
0.0,17116
0.0,17117
1249.1121710416637,17118
5787.99533325363,17119
0.0,17120
0.0,17121
0.0,17122
93.19576652212945,17123
0.0,17124
0.0,17125
0.0,17126
524.6836375251027,17127
0.0,17128
0.0,17129
0.0,17130
0.0,17131
0.0,17132
0.0,17133
840.188509133952,17134
0.0,17135
0.0,17136
53.52793145629773,17137
0.0,17138
0.0,17139
0.0,17140
1098.3769645062398,17141
209.17764852128977,17142
0.0,17143
0.0,17144
0.0,17145
0.0,17146
919.3116933730449,17147
0.0,17148
0.0,17149
0.0,17150
0.0,17151
256.4226395085413,17152
0.0,17153
0.0,17154
3222.498942917423,17155
0.0,17156
5127.490782626088,17157
4524.41503183401,17158
423.4063280696318,17159
0.0,17160
2182.909601143967,17161
0.0,17162
0.0,17163
1304.2213235132058,17164
0.0,17165
0.0,17166
0.0,17167
56.718462157767796,17168
0.0,17169
0.0,17170
1018.5268130323748,17171
0.0,17172
2198.0809143423803,17173
647.6718707708217,17174
0.0,17175
2741.2249455235856,17176
3310.0882723033833,17177
0.0,17178
0.0,17179
3238.558551609774,17180
0.0,17181
0.0,17182
617.6456222642768,17183
0.0,17184
483.82386783258954,17185
27.089410159146485,17186
0.0,17187
354.22636678581387,17188
0.0,17189
885.685121623159,17190
0.0,17191
0.0,17192
1830.9606049039203,17193
0.0,17194
0.24596546059051694,17195
0.0,17196
0.0,17197
35.72573604741102,17198
0.0,17199
0.0,17200
30.515146040892326,17201
363.7709341063965,17202
43.05428432365503,17203
0.0,17204
1403.6032841580738,17205
910.1699770299684,17206
1465.802447797487,17207
356.7522425004397,17208
0.0,17209
0.0,17210
0.0,17211
0.0,17212
0.0,17213
0.0,17214
0.0,17215
0.0,17216
0.0,17217
0.0,17218
0.0,17219
0.0,17220
0.0,17221
0.0,17222
0.0,17223
0.0,17224
0.0,17225
0.0,17226
0.0,17227
0.0,17228
0.0,17229
556.8099089403318,17230
0.0,17231
2606.419500638351,17232
3059.6828298249025,17233
243.97617199158464,17234
0.0,17235
0.0,17236
0.0,17237
0.0,17238
0.0,17239
0.0,17240
0.0,17241
0.0,17242
0.0,17243
0.0,17244
0.0,17245
0.0,17246
0.0,17247
0.0,17248
0.0,17249
0.0,17250
2562.865913259591,17251
0.0,17252
4376.404856682914,17253
0.0,17254
0.0,17255
6454.639342138412,17256
0.0,17257
1025.8649382140577,17258
0.0,17259
6248.45429303767,17260
0.0,17261
0.0,17262
0.0,17263
0.0,17264
0.0,17265
150.36375440141524,17266
6649.389881998094,17267
5133.136214881891,17268
0.0,17269
6540.8416265072365,17270
4142.479482829777,17271
2009.62985569749,17272
424.64414260490497,17273
0.0,17274
0.0,17275
4414.371438595926,17276
0.0,17277
7.85097516243471,17278
0.0,17279
2840.5609747776684,17280
6684.857397729611,17281
0.0,17282
2963.169749818678,17283
2764.546019101279,17284
2664.299321850954,17285
3829.9488106213425,17286
2374.2970193693545,17287
0.0,17288
0.0,17289
1043.0242998183792,17290
1581.369971782137,17291
984.601763828838,17292
0.0,17293
1019.5626846157993,17294
969.4249972084057,17295
0.0,17296
835.6239219641498,17297
0.0,17298
0.0,17299
984.4378155419024,17300
0.0,17301
0.0,17302
0.0,17303
2169.5761285628787,17304
0.0,17305
0.0,17306
2746.766101948541,17307
1219.1218113806992,17308
3409.165624112539,17309
873.6998009937972,17310
944.86324114555,17311
0.0,17312
407.5129177063355,17313
452.7215940609439,17314
0.0,17315
0.0,17316
0.0,17317
444.1302078402945,17318
552.4472228497988,17319
0.0,17320
1228.271953878574,17321
22.490119702716637,17322
0.0,17323
0.0,17324
0.0,17325
0.0,17326
0.0,17327
38.97500165151327,17328
0.0,17329
0.0,17330
0.0,17331
719.3910363469269,17332
2254.9397274535886,17333
3820.2588626045767,17334
0.0,17335
0.0,17336
0.0,17337
0.0,17338
0.0,17339
0.0,17340
0.0,17341
2676.661013679818,17342
2983.573817628549,17343
2876.812089801633,17344
362.19703082846195,17345
463.5216166546143,17346
0.0,17347
1288.9906790453851,17348
3974.584302042946,17349
5530.603603095586,17350
4063.272635067225,17351
993.7631289738964,17352
4453.13135236133,17353
1522.0392671547684,17354
409.6109568317692,17355
4727.050183519826,17356
3852.7840392522107,17357
1029.6774677296653,17358
737.1795582215518,17359
0.0,17360
0.0,17361
0.0,17362
0.0,17363
0.0,17364
0.0,17365
0.0,17366
0.0,17367
0.0,17368
0.0,17369
0.0,17370
0.0,17371
2798.1789909741456,17372
251.09171422449683,17373
0.0,17374
0.0,17375
0.0,17376
2695.007329150387,17377
0.0,17378
0.0,17379
0.0,17380
0.0,17381
0.0,17382
0.0,17383
0.0,17384
1056.3713873852037,17385
0.0,17386
0.0,17387
0.0,17388
394.4444335278692,17389
602.0187931765496,17390
6228.802383294583,17391
2777.6799923595827,17392
0.0,17393
609.8018668434063,17394
2722.2565159037713,17395
594.8866614412624,17396
44.51351583991515,17397
420.898260611369,17398
0.0,17399
0.0,17400
4457.661668150045,17401
0.0,17402
0.0,17403
0.0,17404
0.0,17405
541.7808425458472,17406
704.2141922462241,17407
827.612088311538,17408
1501.7515785018527,17409
1477.1724356037382,17410
2448.347023531157,17411
1661.954329212436,17412
2362.874377358433,17413
0.0,17414
1528.2264490775885,17415
2087.9573879581185,17416
2136.7819079562037,17417
4163.645388888506,17418
4036.8145917520196,17419
0.0,17420
4768.570890971859,17421
3225.7076296590394,17422
5981.849768613185,17423
1101.1640708756597,17424
3484.1354779386165,17425
5000.959613134713,17426
2137.4392834615696,17427
1623.8095744025616,17428
315.9757269180904,17429
1656.7473730643849,17430
1953.5656209079427,17431
499.26487604675265,17432
1553.9588179749926,17433
1575.0853237872288,17434
0.0,17435
2606.9343279220566,17436
0.0,17437
0.0,17438
0.0,17439
0.0,17440
0.0,17441
3082.210121610651,17442
0.0,17443
0.0,17444
0.0,17445
0.0,17446
0.0,17447
0.0,17448
0.0,17449
0.0,17450
0.0,17451
0.0,17452
0.0,17453
0.0,17454
0.0,17455
0.0,17456
0.0,17457
0.0,17458
0.0,17459
0.0,17460
0.0,17461
0.0,17462
0.0,17463
0.0,17464
0.0,17465
0.0,17466
0.0,17467
0.0,17468
0.0,17469
0.0,17470
425.10507967345706,17471
0.0,17472
0.0,17473
0.0,17474
323.9216548998966,17475
0.0,17476
0.0,17477
0.0,17478
0.0,17479
0.0,17480
0.0,17481
0.0,17482
18.962776923225857,17483
0.0,17484
0.0,17485
0.0,17486
0.0,17487
0.0,17488
0.0,17489
0.0,17490
0.0,17491
0.0,17492
0.0,17493
0.0,17494
0.0,17495
0.0,17496
0.0,17497
0.0,17498
4621.628978603255,17499
0.0,17500
0.0,17501
0.0,17502
0.0,17503
0.0,17504
0.0,17505
0.0,17506
0.0,17507
0.0,17508
0.0,17509
0.0,17510
0.0,17511
0.0,17512
0.0,17513
0.0,17514
0.0,17515
0.0,17516
0.0,17517
0.0,17518
0.0,17519
0.0,17520
0.0,17521
0.0,17522
0.0,17523
0.0,17524
0.0,17525
0.0,17526
0.0,17527
0.0,17528
0.0,17529
0.0,17530
0.0,17531
0.0,17532
0.0,17533
0.0,17534
0.0,17535
0.0,17536
0.0,17537
0.0,17538
0.0,17539
0.0,17540
0.0,17541
0.0,17542
0.0,17543
0.0,17544
0.0,17545
0.0,17546
0.0,17547
0.0,17548
0.0,17549
0.0,17550
0.0,17551
0.0,17552
0.0,17553
0.0,17554
0.0,17555
0.0,17556
0.0,17557
0.0,17558
0.0,17559
0.0,17560
0.0,17561
2694.5591693091174,17562
0.0,17563
1101.3843236685777,17564
0.0,17565
0.0,17566
0.0,17567
644.2160805830811,17568
0.0,17569
0.0,17570
0.0,17571
0.0,17572
0.0,17573
0.0,17574
0.0,17575
2432.6639962680383,17576
0.0,17577
0.0,17578
0.0,17579
0.0,17580
0.0,17581
0.0,17582
0.0,17583
0.0,17584
0.0,17585
0.0,17586
0.0,17587
0.0,17588
0.0,17589
0.0,17590
0.0,17591
2473.442653233962,17592
0.0,17593
0.0,17594
0.0,17595
0.0,17596
0.0,17597
0.0,17598
0.0,17599
0.0,17600
0.0,17601
460.64055927313717,17602
0.0,17603
0.0,17604
0.0,17605
0.0,17606
0.0,17607
0.0,17608
0.0,17609
0.0,17610
0.0,17611
0.0,17612
0.0,17613
0.0,17614
0.0,17615
0.0,17616
0.0,17617
0.0,17618
0.0,17619
197.91134529645382,17620
2687.750625528456,17621
0.0,17622
42.863362629521205,17623
55.860192396847964,17624
1191.6170853546103,17625
0.0,17626
169.4771102201395,17627
0.0,17628
0.0,17629
0.0,17630
0.0,17631
0.0,17632
0.0,17633
1744.8706433900038,17634
0.0,17635
515.8444897739633,17636
2015.5895151143097,17637
0.0,17638
0.0,17639
0.0,17640
74.73556916236369,17641
0.0,17642
0.0,17643
0.0,17644
0.0,17645
0.0,17646
0.0,17647
0.0,17648
0.0,17649
0.0,17650
0.0,17651
68.60107607525612,17652
0.0,17653
0.0,17654
0.0,17655
0.0,17656
255.7720483113659,17657
0.0,17658
0.0,17659
0.0,17660
0.0,17661
0.0,17662
0.0,17663
0.0,17664
0.0,17665
1024.930337572286,17666
2892.511864598894,17667
0.0,17668
0.0,17669
2172.5561365172775,17670
358.4870347531167,17671
0.0,17672
1049.7529902360295,17673
1510.4083503720417,17674
1429.2289591995484,17675
0.0,17676
0.0,17677
0.0,17678
1259.1490805940691,17679
1126.9849036413175,17680
0.0,17681
0.0,17682
117.09617268235966,17683
0.0,17684
0.0,17685
0.0,17686
596.2809562328343,17687
297.05612866302437,17688
0.0,17689
0.0,17690
1905.8184102716446,17691
0.0,17692
0.0,17693
1311.5534033593053,17694
0.0,17695
149.0536776037994,17696
1214.3887398452362,17697
1343.7163394815548,17698
0.0,17699
2371.840584128267,17700
0.0,17701
0.0,17702
0.0,17703
1365.44556527757,17704
0.0,17705
2171.8429811112646,17706
0.0,17707
2211.2327241783896,17708
0.0,17709
0.0,17710
5206.460879826555,17711
0.0,17712
0.0,17713
5395.634265719779,17714
3340.7014180935166,17715
4528.906426116502,17716
0.0,17717
1585.3022982732427,17718
0.0,17719
3109.9674870362605,17720
0.0,17721
0.0,17722
0.0,17723
1407.4847192461336,17724
472.7408495709051,17725
1447.6012908417017,17726
0.0,17727
0.0,17728
0.0,17729
349.8636365003362,17730
0.0,17731
0.0,17732
0.0,17733
799.3484486301727,17734
0.0,17735
3333.8934834136053,17736
2382.063859346099,17737
0.0,17738
2360.964348986742,17739
0.0,17740
0.0,17741
0.0,17742
0.0,17743
0.0,17744
2250.877423547103,17745
0.0,17746
3567.8615977117074,17747
157.83714422218372,17748
0.0,17749
0.0,17750
0.0,17751
0.0,17752
0.0,17753
2054.679527117014,17754
0.0,17755
0.0,17756
0.0,17757
507.1178870588211,17758
0.0,17759
0.0,17760
0.0,17761
0.0,17762
213.94312878540123,17763
0.0,17764
0.0,17765
0.0,17766
2613.049508115369,17767
0.0,17768
0.0,17769
0.0,17770
0.0,17771
26.59822784945806,17772
3011.886062846299,17773
387.6121821892386,17774
0.0,17775
3726.5449358877977,17776
0.0,17777
0.0,17778
0.0,17779
0.0,17780
0.0,17781
0.0,17782
732.108239508062,17783
535.8829751697045,17784
616.0830583645551,17785
588.3104141802202,17786
2300.6408468774566,17787
0.0,17788
0.0,17789
216.91360140539277,17790
0.0,17791
0.0,17792
0.0,17793
0.0,17794
1192.0444533356344,17795
0.0,17796
1045.6873775677175,17797
0.0,17798
0.0,17799
1061.729054655204,17800
172.45901214666745,17801
3658.25739422108,17802
605.6800075649534,17803
1050.5977810216318,17804
0.0,17805
0.0,17806
0.0,17807
375.8463509098603,17808
389.7807679076622,17809
1002.7538585441188,17810
0.0,17811
0.0,17812
0.0,17813
0.0,17814
1373.1683495789725,17815
0.0,17816
0.0,17817
0.0,17818
0.0,17819
0.0,17820
498.78015235195903,17821
0.0,17822
0.0,17823
0.0,17824
478.94479239129805,17825
1950.129032465344,17826
1833.8350268882248,17827
2223.899531110936,17828
2157.2594867430676,17829
0.0,17830
0.0,17831
1873.1458163095751,17832
0.0,17833
1235.2256031500929,17834
1455.0326172803875,17835
2097.288740768821,17836
0.0,17837
0.0,17838
1292.9096971250804,17839
1206.0333252764458,17840
1527.7846263795548,17841
803.9251852279644,17842
1476.1665329319906,17843
0.0,17844
3377.8170175699647,17845
854.4210259805229,17846
0.0,17847
646.289176660949,17848
476.6147902139696,17849
0.0,17850
0.0,17851
638.8716933585337,17852
657.114546541635,17853
923.3230236434732,17854
485.6063878128289,17855
0.0,17856
0.0,17857
0.0,17858
0.0,17859
1433.7495136250805,17860
0.0,17861
0.0,17862
0.0,17863
0.0,17864
0.0,17865
0.0,17866
0.0,17867
0.0,17868
1478.0557327660008,17869
0.0,17870
1146.8854892705115,17871
0.0,17872
1473.837088620979,17873
0.0,17874
0.0,17875
0.0,17876
5858.506085078492,17877
0.0,17878
0.0,17879
0.0,17880
139.11599154263214,17881
67.26817207606184,17882
0.0,17883
1871.857507893371,17884
0.0,17885
0.0,17886
0.0,17887
0.0,17888
0.0,17889
0.0,17890
0.0,17891
391.1814187941787,17892
2.304789339332977,17893
0.0,17894
0.0,17895
0.0,17896
0.0,17897
0.0,17898
561.5260960806713,17899
0.0,17900
0.0,17901
0.0,17902
0.0,17903
0.0,17904
0.0,17905
0.0,17906
0.0,17907
0.0,17908
0.0,17909
0.0,17910
0.0,17911
0.0,17912
0.0,17913
0.0,17914
0.0,17915
0.0,17916
0.0,17917
0.0,17918
0.0,17919
0.0,17920
0.0,17921
0.0,17922
0.0,17923
0.0,17924
0.0,17925
0.0,17926
0.0,17927
0.0,17928
0.0,17929
357.8135099337121,17930
0.0,17931
0.0,17932
503.47344639604756,17933
0.0,17934
214.647093219362,17935
0.0,17936
0.0,17937
0.0,17938
0.0,17939
0.0,17940
0.0,17941
62.48935606270279,17942
0.0,17943
0.0,17944
0.0,17945
0.0,17946
0.0,17947
570.4613246565582,17948
121.0835116939214,17949
0.0,17950
805.8550567818284,17951
769.92935810321,17952
0.0,17953
0.0,17954
104.74930981631265,17955
0.0,17956
1843.4833029872404,17957
0.0,17958
0.0,17959
1368.1276385594356,17960
0.0,17961
0.0,17962
1499.104037850853,17963
0.0,17964
0.0,17965
0.0,17966
0.0,17967
0.0,17968
0.0,17969
0.0,17970
0.0,17971
4252.506626378471,17972
1219.7115845395606,17973
4476.975240197064,17974
0.0,17975
0.0,17976
0.0,17977
0.0,17978
0.0,17979
0.0,17980
0.0,17981
0.0,17982
0.0,17983
0.0,17984
0.0,17985
0.0,17986
0.0,17987
0.0,17988
0.0,17989
1466.3006455142258,17990
0.0,17991
1765.182332892956,17992
68.57725382865239,17993
0.0,17994
0.0,17995
0.0,17996
3824.515642974933,17997
0.0,17998
0.0,17999
0.0,18000
0.0,18001
0.0,18002
0.0,18003
0.0,18004
0.0,18005
0.0,18006
2240.1158090400345,18007
0.0,18008
0.0,18009
0.0,18010
0.0,18011
0.0,18012
0.0,18013
0.0,18014
0.0,18015
0.0,18016
0.0,18017
0.0,18018
0.0,18019
0.0,18020
0.0,18021
0.0,18022
0.0,18023
0.0,18024
0.0,18025
0.0,18026
0.0,18027
0.0,18028
0.0,18029
0.0,18030
0.0,18031
0.0,18032
0.0,18033
0.0,18034
0.0,18035
0.0,18036
0.0,18037
0.0,18038
0.0,18039
12718.47982984122,18040
0.0,18041
0.0,18042
670.7918223530221,18043
2632.992901176204,18044
0.0,18045
0.0,18046
0.0,18047
766.8755586170523,18048
0.0,18049
0.0,18050
0.0,18051
0.0,18052
0.0,18053
6376.066441124608,18054
0.0,18055
0.0,18056
0.0,18057
0.0,18058
0.0,18059
1060.88192735197,18060
0.0,18061
1828.1894391675212,18062
0.0,18063
0.0,18064
0.0,18065
0.0,18066
0.0,18067
0.0,18068
0.0,18069
0.0,18070
0.0,18071
0.0,18072
0.0,18073
0.0,18074
761.3236933033601,18075
0.0,18076
2262.2380701815246,18077
782.52762578628,18078
0.0,18079
2065.3794122171093,18080
0.0,18081
103.34920403136945,18082
0.0,18083
0.0,18084
39.06233485836237,18085
435.89305016685336,18086
0.0,18087
0.0,18088
2671.5924041386,18089
0.0,18090
0.0,18091
0.0,18092
0.0,18093
4852.3636500288985,18094
2129.2294527352324,18095
632.4507603537274,18096
0.0,18097
10983.029387311568,18098
1004.6809958325026,18099
0.0,18100
0.0,18101
575.2904812353419,18102
0.0,18103
0.0,18104
0.0,18105
665.8159977851774,18106
0.0,18107
0.0,18108
0.0,18109
0.0,18110
0.0,18111
0.0,18112
0.0,18113
0.0,18114
0.0,18115
0.0,18116
0.0,18117
0.0,18118
0.0,18119
0.0,18120
0.0,18121
79.08796967794275,18122
0.0,18123
0.0,18124
0.0,18125
0.0,18126
292.6117867911305,18127
1339.66503081935,18128
0.0,18129
130.4636842186099,18130
0.0,18131
0.0,18132
0.0,18133
0.0,18134
0.0,18135
0.0,18136
0.0,18137
0.0,18138
0.0,18139
0.0,18140
0.0,18141
0.0,18142
0.0,18143
5831.930570358655,18144
470.3372475295129,18145
218.92882405265232,18146
4953.912264628617,18147
0.0,18148
4203.5431092238,18149
6921.194466068939,18150
4127.255690643347,18151
809.8486945878134,18152
1683.7400697759651,18153
0.0,18154
0.0,18155
0.0,18156
0.0,18157
0.0,18158
0.0,18159
0.0,18160
0.0,18161
0.0,18162
0.0,18163
0.0,18164
0.0,18165
0.0,18166
1120.9408937824394,18167
0.0,18168
0.0,18169
0.0,18170
0.0,18171
0.0,18172
0.0,18173
0.0,18174
0.0,18175
0.0,18176
0.0,18177
0.0,18178
0.0,18179
3745.229990501309,18180
23.701440352192275,18181
0.0,18182
0.0,18183
4453.0191447777,18184
0.0,18185
3888.816619540794,18186
4296.42328865091,18187
4255.455092034163,18188
4670.536566774754,18189
2220.001703270588,18190
0.0,18191
0.0,18192
2861.072814231002,18193
2416.9768076357427,18194
1026.5183230776959,18195
0.0,18196
0.0,18197
411.32413884770904,18198
0.0,18199
0.0,18200
0.0,18201
0.0,18202
0.0,18203
0.0,18204
0.0,18205
0.0,18206
973.2301491523584,18207
0.0,18208
0.0,18209
0.0,18210
412.8026019426046,18211
244.68561348824716,18212
0.0,18213
0.0,18214
1097.1015636903423,18215
0.0,18216
0.0,18217
0.0,18218
0.0,18219
0.0,18220
0.0,18221
0.0,18222
21.13932908699998,18223
1034.773805313355,18224
3541.210113378995,18225
4496.284706136713,18226
25.41426808052923,18227
0.0,18228
7.516857237434051,18229
1.5848353781522622,18230
149.5907325239667,18231
0.0,18232
0.0,18233
0.0,18234
0.0,18235
0.0,18236
0.0,18237
0.0,18238
0.0,18239
0.0,18240
0.0,18241
0.0,18242
0.0,18243
0.0,18244
0.0,18245
0.0,18246
0.0,18247
0.0,18248
0.0,18249
0.0,18250
0.0,18251
0.0,18252
0.0,18253
0.0,18254
0.0,18255
2199.6476845150514,18256
0.0,18257
0.0,18258
0.0,18259
0.0,18260
0.0,18261
0.0,18262
0.0,18263
0.0,18264
0.0,18265
0.0,18266
0.0,18267
0.0,18268
0.0,18269
0.04431313149872427,18270
0.0,18271
0.0,18272
0.0,18273
0.0,18274
0.0,18275
0.0,18276
1135.1010988523042,18277
0.0,18278
0.0,18279
0.0,18280
0.0,18281
0.0,18282
0.0,18283
0.0,18284
0.0,18285
0.0,18286
902.6592223786527,18287
4336.9788045142395,18288
0.0,18289
7424.639813313766,18290
0.0,18291
0.0,18292
0.0,18293
0.0,18294
0.0,18295
0.0,18296
0.0,18297
0.0,18298
0.0,18299
0.0,18300
0.0,18301
0.0,18302
0.0,18303
0.0,18304
0.0,18305
0.0,18306
0.0,18307
0.0,18308
0.0,18309
0.0,18310
0.0,18311
300.3517336221945,18312
0.0,18313
0.0,18314
0.0,18315
0.0,18316
842.8473584436064,18317
1186.0596457646395,18318
0.0,18319
0.0,18320
0.0,18321
0.0,18322
0.0,18323
0.0,18324
0.0,18325
0.0,18326
1660.3933973261878,18327
0.0,18328
0.0,18329
284.61409216415404,18330
1412.9423754102124,18331
0.0,18332
0.0,18333
0.0,18334
0.0,18335
0.0,18336
0.0,18337
0.0,18338
0.0,18339
0.0,18340
0.0,18341
0.0,18342
465.21785999453414,18343
0.0,18344
0.0,18345
0.0,18346
0.0,18347
193.07886891688543,18348
2546.6942851925296,18349
803.3970725899368,18350
1218.573932039469,18351
3105.4801340428876,18352
0.0,18353
0.0,18354
0.0,18355
611.524309923069,18356
0.0,18357
799.0259679370224,18358
0.0,18359
2963.573534684194,18360
3046.4636482784613,18361
131.5156559607457,18362
9142.70453980106,18363
3602.6167848283553,18364
852.6522127981642,18365
380.1165501206977,18366
290.3109561749737,18367
456.09135455183554,18368
168.79602033472946,18369
787.1110121929743,18370
1682.3510774575361,18371
0.0,18372
1703.848285119022,18373
241.70556148516502,18374
0.0,18375
1766.0074191690558,18376
0.0,18377
0.0,18378
1282.9557936710094,18379
0.0,18380
0.0,18381
0.0,18382
1231.548641729247,18383
0.0,18384
0.0,18385
0.0,18386
364.19790262495,18387
2918.3941998571863,18388
4058.986599721107,18389
0.0,18390
2786.200106577588,18391
521.2762619578655,18392
394.20987794177836,18393
890.7788878153632,18394
1813.0274710598942,18395
0.0,18396
1145.6526821915272,18397
0.0,18398
0.0,18399
2970.1093535747086,18400
0.0,18401
804.3114528607977,18402
0.0,18403
929.40889813264,18404
705.0228046029572,18405
0.0,18406
333.2265920499777,18407
0.0,18408
0.0,18409
641.9317137607732,18410
0.0,18411
1370.3297617811506,18412
0.0,18413
0.0,18414
0.0,18415
2135.175376254209,18416
624.9901307612719,18417
1237.2303433680972,18418
0.0,18419
0.0,18420
0.0,18421
3827.4196961190974,18422
0.0,18423
0.0,18424
2596.548312133019,18425
0.0,18426
0.0,18427
0.0,18428
1502.3962834314896,18429
0.0,18430
0.0,18431
0.0,18432
0.0,18433
758.8603629136859,18434
0.0,18435
663.9336426781375,18436
0.0,18437
0.0,18438
0.0,18439
0.0,18440
0.0,18441
0.0,18442
0.0,18443
1821.4324197525593,18444
0.0,18445
0.0,18446
0.0,18447
1661.372169772209,18448
1184.1221188633194,18449
254.2508524854886,18450
0.0,18451
2122.7409871737195,18452
2216.769922454934,18453
2266.968435448356,18454
0.0,18455
0.0,18456
1527.820602199804,18457
4411.0124834429525,18458
2667.6256272978185,18459
1426.017390470286,18460
0.0,18461
2999.477947246564,18462
1339.0842885690001,18463
5159.769680169129,18464
1080.6775203041748,18465
2824.764645438968,18466
132.1243711998098,18467
3330.8725164972175,18468
3358.100630092828,18469
243.77746924729058,18470
1569.513101381145,18471
0.0,18472
3194.7782976640383,18473
651.1734558469069,18474
0.0,18475
0.0,18476
1224.746224531615,18477
0.0,18478
2059.5730406074313,18479
1383.0923078635715,18480
0.0,18481
377.36299822452673,18482
0.0,18483
0.0,18484
0.0,18485
763.3778623069755,18486
59.53565785176039,18487
0.0,18488
0.0,18489
0.0,18490
0.0,18491
0.0,18492
0.0,18493
644.3919671707696,18494
1533.742816950009,18495
785.4701055332212,18496
565.1993379031081,18497
281.9960404816895,18498
204.4503808137911,18499
0.0,18500
0.0,18501
227.66065698797942,18502
1247.3244027597648,18503
0.0,18504
0.0,18505
33.33579752085035,18506
0.0,18507
0.0,18508
0.0,18509
0.0,18510
0.0,18511
14.05077890037243,18512
1096.1763461248586,18513
1204.5092761496974,18514
0.0,18515
0.0,18516
0.0,18517
0.0,18518
1857.7968212985388,18519
2765.7042397300706,18520
0.0,18521
0.0,18522
0.0,18523
0.0,18524
0.0,18525
2492.7762209193465,18526
0.0,18527
0.0,18528
0.0,18529
0.0,18530
0.0,18531
0.0,18532
0.0,18533
0.0,18534
0.0,18535
0.0,18536
0.0,18537
0.0,18538
0.0,18539
0.0,18540
0.0,18541
0.0,18542
0.0,18543
0.0,18544
0.0,18545
0.0,18546
0.0,18547
0.0,18548
198.50496333931108,18549
0.0,18550
1620.9943526172353,18551
126.86747395254501,18552
0.0,18553
98.63780854896062,18554
0.0,18555
0.0,18556
0.0,18557
0.0,18558
0.0,18559
0.0,18560
0.0,18561
0.0,18562
0.0,18563
0.0,18564
0.0,18565
0.0,18566
0.0,18567
0.0,18568
0.0,18569
0.0,18570
0.0,18571
0.0,18572
0.0,18573
0.0,18574
0.0,18575
606.3782441970278,18576
0.0,18577
11.547029177117327,18578
0.0,18579
2.0113396525583553,18580
0.0,18581
0.0,18582
288.5100573267882,18583
0.0,18584
986.15103938313,18585
1243.0214183488697,18586
0.0,18587
0.0,18588
0.0,18589
0.0,18590
0.035045490423194894,18591
0.0,18592
0.0,18593
496.1824687601972,18594
328.5016944721052,18595
543.6299731732171,18596
22.544197254337462,18597
982.6247195649405,18598
1323.165870571473,18599
219.21675883373004,18600
592.0927592885637,18601
1383.8014854794567,18602
113.65012784847842,18603
0.0,18604
0.0,18605
41.12709788453392,18606
11.532539336916887,18607
0.0,18608
1327.751133107261,18609
44.2057392030434,18610
170.55730798758796,18611
715.9978446022113,18612
753.5370060034127,18613
0.0,18614
39.32976001588033,18615
151.00242325535146,18616
704.3638062273595,18617
16.523441239562175,18618
3.8272274229024434,18619
1048.9610311939657,18620
0.0,18621
1007.5898954050482,18622
1131.2129534999744,18623
78.79543297213374,18624
0.0,18625
0.0,18626
0.0,18627
0.0,18628
0.0,18629
0.0,18630
0.0,18631
0.0,18632
1194.7967735820387,18633
0.0,18634
394.2767560650828,18635
591.1308771839169,18636
609.7974783202848,18637
610.9742756966181,18638
602.9926568297852,18639
0.0,18640
38.590497604940204,18641
563.8208784964215,18642
21.883668388298787,18643
0.0,18644
0.0,18645
0.0,18646
694.2164390479745,18647
0.0,18648
723.6081567457766,18649
0.0,18650
494.8821141105634,18651
0.0,18652
687.4932921649229,18653
707.5371099000582,18654
548.8838075411646,18655
656.5100187339856,18656
448.29446122395035,18657
360.78337505015963,18658
0.0,18659
0.0,18660
269.46903085067197,18661
0.0,18662
0.0,18663
354.36923897886896,18664
0.0,18665
0.0,18666
0.0,18667
315.6713360151862,18668
0.0,18669
429.86060450299595,18670
0.0,18671
158.8434132878768,18672
0.0,18673
119.78516770719607,18674
32.039849233745784,18675
0.0,18676
0.0,18677
0.0,18678
0.0,18679
0.0,18680
0.0,18681
4.510608644369742,18682
31.51962953909675,18683
0.0,18684
0.0,18685
0.0,18686
6.396447673634938,18687
365.6391200023339,18688
9230.681846182375,18689
206.79828338896007,18690
0.0,18691
0.0,18692
0.0,18693
261.87003538460476,18694
162.23799702839187,18695
0.0,18696
0.0,18697
436.74231173738457,18698
198.65215448965853,18699
0.0,18700
0.0,18701
0.0,18702
0.0,18703
0.0,18704
0.0,18705
0.0,18706
230.16429242269132,18707
0.0,18708
0.0,18709
157.54675788045478,18710
0.0,18711
0.0,18712
0.0,18713
372.96397814640346,18714
2069.6542173007056,18715
0.0,18716
0.0,18717
155.81718444364458,18718
570.6644292263675,18719
0.0,18720
0.0,18721
0.0,18722
8420.876468088803,18723
0.0,18724
0.0,18725
257.44571647588725,18726
43.676034511388565,18727
16.936409143953117,18728
221.1356608169843,18729
229.46158209086582,18730
0.0,18731
0.0,18732
2.1180048732215293,18733
2654.601453340151,18734
2935.8067328108928,18735
203.76758568890108,18736
3180.7851758504553,18737
27.11156889328219,18738
5.555299279876048,18739
421.54673395343997,18740
4936.67294244538,18741
0.0,18742
3917.6011124753663,18743
253.2704590829573,18744
137.79147155651341,18745
0.0,18746
4519.155025139278,18747
4539.127901279191,18748
1508.8460767735344,18749
1706.821450270074,18750
2018.3045919901576,18751
0.0,18752
0.0,18753
0.0,18754
1788.1827472879136,18755
2086.634486336563,18756
0.0,18757
0.0,18758
0.0,18759
1744.4816274687923,18760
7.6081684215444705,18761
1470.798072197267,18762
605.2139766033938,18763
0.0,18764
0.0,18765
1497.858324077907,18766
0.0,18767
0.0,18768
1340.5131285908826,18769
0.0,18770
0.0,18771
0.0,18772
0.0,18773
0.0,18774
0.0,18775
0.0,18776
0.0,18777
86.83681061674216,18778
890.464035258844,18779
398.6179443043483,18780
0.0,18781
0.0,18782
447.0567280114122,18783
0.0,18784
0.0,18785
0.0,18786
0.0,18787
0.0,18788
0.0,18789
0.0,18790
0.0,18791
0.0,18792
0.0,18793
0.0,18794
0.0,18795
0.0,18796
0.0,18797
2512.337813524838,18798
0.0,18799
0.0,18800
0.0,18801
0.0,18802
0.0,18803
0.0,18804
0.0,18805
0.0,18806
0.0,18807
0.0,18808
0.0,18809
0.0,18810
0.0,18811
0.0,18812
0.0,18813
0.0,18814
0.0,18815
0.0,18816
0.0,18817
0.0,18818
0.0,18819
0.0,18820
0.0,18821
0.0,18822
0.0,18823
0.0,18824
0.0,18825
0.0,18826
0.0,18827
0.0,18828
1711.5018000423756,18829
0.0,18830
247.5645989203039,18831
433.23184456834,18832
1882.9144967194543,18833
0.0,18834
0.0,18835
3.7927262597808467,18836
820.354227996005,18837
580.1576662441747,18838
0.0,18839
425.97781934254823,18840
0.0,18841
1240.4667352749038,18842
0.0,18843
0.0,18844
0.0,18845
0.0,18846
686.0688702044974,18847
0.0,18848
0.0,18849
695.338219705287,18850
5310.4905116549535,18851
648.0385657343694,18852
587.7035365677215,18853
0.0,18854
1095.4682046277724,18855
385.96266273863523,18856
247.8786610040854,18857
0.0,18858
742.5665430230248,18859
0.0,18860
74.70034671948353,18861
26.082148890110382,18862
9.244362060140178,18863
336.3615827668842,18864
175.8060751629225,18865
0.0,18866
0.0,18867
0.0,18868
4376.07522713107,18869
0.0,18870
4297.351265566194,18871
0.0,18872
0.0,18873
0.0,18874
0.0,18875
138.39583412123548,18876
0.0,18877
0.0,18878
0.0,18879
0.0,18880
4195.276454872981,18881
0.0,18882
0.0,18883
0.0,18884
0.0,18885
0.0,18886
0.0,18887
3852.419019892931,18888
0.0,18889
0.0,18890
0.0,18891
0.0,18892
1538.2673640579533,18893
1571.307231573988,18894
0.0,18895
0.0,18896
649.9539693542424,18897
581.7381445000688,18898
2436.1939035334044,18899
575.2889657012923,18900
1322.6458997825682,18901
1398.7904217131686,18902
0.0,18903
2580.6007901032835,18904
1758.4998954438101,18905
0.0,18906
0.0,18907
3620.1782558562445,18908
3835.8506350793004,18909
1997.4596945179496,18910
3660.723119089876,18911
3449.820842017167,18912
2055.943895595013,18913
0.0,18914
958.3850867228834,18915
2697.93663905309,18916
512.2933367221834,18917
3511.4886432178228,18918
3485.3264108287126,18919
3554.743181131534,18920
790.7764709889818,18921
0.0,18922
3102.4883163829018,18923
2332.32379732983,18924
3341.0924515092606,18925
0.0,18926
2602.640779592782,18927
0.0,18928
0.0,18929
3446.281330034274,18930
3409.5278084713937,18931
1539.7572343859542,18932
2984.2454852690357,18933
2785.5883108413414,18934
2608.1302340998777,18935
0.0,18936
990.5390030304532,18937
367.33166973107285,18938
0.0,18939
0.0,18940
0.0,18941
0.0,18942
0.0,18943
0.0,18944
0.0,18945
1032.4725885154219,18946
0.0,18947
0.0,18948
0.0,18949
0.0,18950
0.0,18951
0.0,18952
0.0,18953
1732.402286162465,18954
0.0,18955
0.0,18956
0.0,18957
0.0,18958
0.0,18959
0.0,18960
0.0,18961
0.0,18962
0.0,18963
0.0,18964
0.0,18965
0.0,18966
0.0,18967
2015.5014594383783,18968
0.0,18969
0.0,18970
0.0,18971
0.0,18972
0.0,18973
0.0,18974
0.0,18975
0.0,18976
0.0,18977
0.0,18978
0.0,18979
0.0,18980
0.0,18981
0.0,18982
0.0,18983
0.0,18984
0.0,18985
0.0,18986
0.0,18987
0.0,18988
0.0,18989
0.0,18990
0.0,18991
0.0,18992
0.0,18993
0.0,18994
0.0,18995
0.0,18996
0.0,18997
0.0,18998
0.0,18999
0.0,19000
0.0,19001
0.0,19002
0.0,19003
0.0,19004
477.26059426480066,19005
0.0,19006
0.0,19007
0.0,19008
0.0,19009
862.7982093213609,19010
0.0,19011
0.0,19012
0.0,19013
0.0,19014
0.0,19015
0.0,19016
0.0,19017
0.0,19018
0.0,19019
492.7967889400732,19020
0.0,19021
0.0,19022
0.0,19023
0.0,19024
0.0,19025
1047.6943085158887,19026
0.0,19027
0.0,19028
0.0,19029
0.0,19030
739.7698908908421,19031
1028.8093322402817,19032
0.0,19033
0.0,19034
0.0,19035
0.0,19036
0.0,19037
0.0,19038
0.0,19039
1441.8610733159449,19040
1605.4579788985054,19041
67.49519717217625,19042
0.0,19043
0.0,19044
1246.7756109445888,19045
550.5113500211207,19046
0.0,19047
888.4839981020181,19048
218.36174967256414,19049
152.95530133973887,19050
238.31804695634634,19051
414.38140669387985,19052
2492.1700273468264,19053
1010.8938187403521,19054
492.63258074994076,19055
2893.226031492616,19056
1380.2486910492503,19057
574.1236771880485,19058
366.27102538801836,19059
453.3272875839156,19060
0.0,19061
397.68493773780284,19062
2543.8951301725688,19063
630.7986626453187,19064
111.40804375668765,19065
0.0,19066
2179.852566760782,19067
197.00602659247897,19068
0.0,19069
0.0,19070
0.0,19071
0.0,19072
4420.0286491456,19073
0.0,19074
0.0,19075
594.8627795530922,19076
883.4347009195534,19077
0.0,19078
907.4662813131139,19079
0.0,19080
884.2909293646912,19081
0.0,19082
0.0,19083
0.0,19084
0.0,19085
0.0,19086
276.22681704244656,19087
0.0,19088
0.0,19089
798.8030133935765,19090
0.0,19091
0.0,19092
14775.678400527511,19093
326.45201511577073,19094
0.0,19095
22.065387215024014,19096
0.0,19097
0.0,19098
634.5213358671826,19099
0.0,19100
0.0,19101
0.0,19102
0.0,19103
0.0,19104
0.0,19105
0.0,19106
0.0,19107
0.0,19108
0.0,19109
0.0,19110
1792.1009499992858,19111
0.0,19112
0.0,19113
0.0,19114
0.0,19115
0.0,19116
0.0,19117
0.0,19118
0.0,19119
0.0,19120
0.0,19121
0.0,19122
0.0,19123
0.0,19124
0.0,19125
0.0,19126
0.0,19127
0.0,19128
0.0,19129
0.0,19130
0.0,19131
0.0,19132
248.47030934679935,19133
0.0,19134
0.0,19135
190.3514000981517,19136
0.0,19137
0.0,19138
0.0,19139
1150.7113692178393,19140
0.0,19141
0.0,19142
0.0,19143
0.0,19144
0.0,19145
0.0,19146
202.5944146239654,19147
0.0,19148
0.0,19149
0.0,19150
0.0,19151
0.0,19152
0.0,19153
842.1392429818316,19154
0.0,19155
435.71486139322286,19156
0.0,19157
0.0,19158
774.2141297231092,19159
863.3409896049179,19160
687.4493977272169,19161
0.0,19162
0.0,19163
0.0,19164
0.0,19165
75.63940543473264,19166
0.0,19167
0.0,19168
0.0,19169
60.77758018195578,19170
0.0,19171
0.0,19172
0.0,19173
0.0,19174
0.0,19175
263.3654828155431,19176
16.408737184092736,19177
0.0,19178
0.0,19179
1603.8131074332243,19180
0.0,19181
0.0,19182
0.0,19183
0.0,19184
0.0,19185
1382.422475411073,19186
0.0,19187
1281.249550698338,19188
1457.8219783306206,19189
1461.426802295353,19190
0.0,19191
789.7481384315793,19192
565.4472046208258,19193
335.08453597565443,19194
710.056989800766,19195
0.0,19196
102.30079111606223,19197
99.57221973876068,19198
13.162866962734435,19199
815.364430121526,19200
595.7356569999764,19201
814.5259962908091,19202
0.0,19203
1799.023484177668,19204
0.0,19205
0.0,19206
1441.5203031298543,19207
558.8796608680125,19208
0.0,19209
0.0,19210
0.0,19211
0.0,19212
398.381611748917,19213
261.3739986015428,19214
155.57607517681672,19215
0.0,19216
0.048203894892377634,19217
0.0,19218
0.002288864276368529,19219
0.0,19220
0.0,19221
0.0,19222
0.0,19223
173.46081884783163,19224
0.0,19225
87.961704655951,19226
0.0,19227
0.0,19228
0.0,19229
0.0,19230
1638.175785589885,19231
0.0,19232
1595.2500520072879,19233
29.528804048785048,19234
0.0,19235
380.84837634129616,19236
0.0,19237
0.0,19238
0.0,19239
0.0,19240
0.0,19241
877.735262762703,19242
0.0,19243
0.0,19244
0.0,19245
0.0,19246
0.0,19247
0.0,19248
0.0,19249
0.0,19250
0.0,19251
0.0,19252
0.0,19253
0.0,19254
0.0,19255
0.0,19256
0.0,19257
883.7920325426563,19258
700.6114361933386,19259
0.0,19260
0.0,19261
0.0,19262
431.73242958024537,19263
116.73728210038448,19264
1522.7623291904495,19265
0.0,19266
0.0,19267
152.21475602951915,19268
0.0,19269
204.57736211412725,19270
0.0,19271
0.0,19272
0.0,19273
0.0,19274
0.0,19275
0.0,19276
821.8281871751385,19277
1367.4540764255266,19278
0.0,19279
65.50013652270832,19280
158.8337627563917,19281
0.0,19282
0.0,19283
0.0,19284
0.0,19285
685.0590031345961,19286
0.0,19287
0.0,19288
0.0,19289
0.0,19290
83.07807471215503,19291
0.0,19292
0.0,19293
0.0,19294
879.0586656699832,19295
0.0,19296
0.0,19297
0.0,19298
0.0,19299
0.0,19300
0.0,19301
0.0,19302
1731.4322627950608,19303
885.6860094223019,19304
0.0,19305
201.1162896868451,19306
847.7278165457889,19307
0.0,19308
0.0,19309
0.0,19310
0.0,19311
513.624703046708,19312
0.0,19313
0.0,19314
1281.1897936106536,19315
0.0,19316
0.0,19317
8524.724158243316,19318
0.0,19319
0.0,19320
0.0,19321
0.0,19322
0.0,19323
0.0,19324
618.6833462662273,19325
0.0,19326
0.0,19327
966.4259294159807,19328
1192.5768101564859,19329
0.0,19330
0.0,19331
3942.7798333052524,19332
0.0,19333
0.0,19334
0.0,19335
59.45499129273619,19336
986.8145215561268,19337
1032.8766482592027,19338
0.0,19339
0.0,19340
2341.478003769451,19341
1075.7631585192314,19342
0.0,19343
3071.196571321242,19344
0.0,19345
0.0,19346
0.0,19347
0.0,19348
0.0,19349
0.0,19350
0.0,19351
0.0,19352
0.0,19353
0.0,19354
0.0,19355
0.0,19356
0.0,19357
0.0,19358
0.0,19359
191.8823610499607,19360
0.0,19361
0.0,19362
0.0,19363
0.0,19364
0.0,19365
0.0,19366
0.0,19367
2430.683204270961,19368
0.0,19369
0.0,19370
1675.5463660525108,19371
0.0,19372
0.0,19373
0.0,19374
0.0,19375
0.0,19376
0.0,19377
0.0,19378
0.0,19379
0.0,19380
0.0,19381
0.0,19382
0.0,19383
0.0,19384
0.0,19385
0.0,19386
0.0,19387
0.0,19388
0.0,19389
0.0,19390
1477.3164320512537,19391
0.0,19392
0.0,19393
999.2781337145858,19394
0.0,19395
0.0,19396
0.0,19397
0.0,19398
0.0,19399
0.0,19400
40.23164762630668,19401
0.0,19402
0.0,19403
90.13825925839703,19404
0.0,19405
8312.530723658585,19406
0.0,19407
0.0,19408
0.0,19409
0.0,19410
0.0,19411
152.72711567080015,19412
0.0,19413
0.0,19414
0.0,19415
0.0,19416
0.0,19417
0.0,19418
0.0,19419
10412.243838336288,19420
0.0,19421
0.0,19422
0.0,19423
0.0,19424
0.0,19425
0.0,19426
0.0,19427
0.0,19428
0.0,19429
769.9201658278697,19430
472.66156587758815,19431
0.0,19432
848.0466140213906,19433
1309.7760233584809,19434
368.4285845212593,19435
0.0,19436
5533.67403482757,19437
1148.7237991870531,19438
5270.896691521878,19439
1332.0262216955966,19440
5120.03177413182,19441
4011.3971791604745,19442
8914.44679804056,19443
6050.630383790913,19444
7354.465247988564,19445
8217.037370688997,19446
1260.6249365987671,19447
818.2392348733829,19448
271.9574965171827,19449
1152.7339818991743,19450
914.906405408955,19451
789.5548245191655,19452
628.6783499277552,19453
859.1086170004626,19454
0.0,19455
322.03150902106614,19456
1054.6830305589808,19457
0.0,19458
0.0,19459
533.1604617691178,19460
0.0,19461
575.7880746971776,19462
1777.399855124186,19463
155.50944121608913,19464
0.0,19465
780.4304576254157,19466
0.0,19467
0.0,19468
0.0,19469
0.0,19470
0.0,19471
0.0,19472
0.0,19473
0.0,19474
0.0,19475
0.0,19476
0.0,19477
0.0,19478
0.0,19479
0.0,19480
0.0,19481
0.0,19482
0.0,19483
0.0,19484
0.0,19485
0.0,19486
0.0,19487
0.0,19488
0.0,19489
0.0,19490
2597.2377174694134,19491
0.0,19492
0.0,19493
0.0,19494
0.0,19495
0.0,19496
0.0,19497
0.0,19498
0.0,19499
0.0,19500
0.0,19501
0.0,19502
0.0,19503
3621.1636244136234,19504
0.0,19505
0.0,19506
0.0,19507
0.0,19508
0.0,19509
0.0,19510
1008.238487714064,19511
0.0,19512
0.0,19513
0.0,19514
468.43102977326566,19515
0.0,19516
0.0,19517
0.0,19518
0.0,19519
0.0,19520
0.0,19521
0.0,19522
0.0,19523
0.0,19524
0.0,19525
0.0,19526
0.0,19527
0.0,19528
0.0,19529
0.0,19530
0.0,19531
0.0,19532
0.0,19533
0.0,19534
0.0,19535
0.0,19536
0.0,19537
0.0,19538
0.0,19539
0.0,19540
0.0,19541
0.0,19542
0.0,19543
10156.288390573676,19544
0.0,19545
0.0,19546
0.0,19547
0.0,19548
0.0,19549
0.0,19550
0.0,19551
0.0,19552
0.0,19553
0.0,19554
45.00241372444999,19555
0.0,19556
0.0,19557
0.0,19558
0.0,19559
0.0,19560
0.0,19561
0.0,19562
0.0,19563
5009.604589415151,19564
1110.8563758765274,19565
0.0,19566
1160.180460044329,19567
0.0,19568
0.0,19569
0.0,19570
0.0,19571
0.0,19572
0.0,19573
0.0,19574
0.0,19575
0.0,19576
0.0,19577
0.0,19578
0.0,19579
0.0,19580
0.0,19581
0.0,19582
0.0,19583
0.0,19584
0.0,19585
95.10400849177016,19586
0.0,19587
0.0,19588
0.0,19589
0.0,19590
51.632905397741375,19591
0.0,19592
0.0,19593
0.0,19594
0.0,19595
0.0,19596
0.0,19597
0.0,19598
0.0,19599
0.0,19600
0.0,19601
0.0,19602
0.0,19603
0.0,19604
0.0,19605
0.0,19606
0.0,19607
0.0,19608
64.80554161095397,19609
0.0,19610
0.0,19611
0.0,19612
0.0,19613
0.0,19614
0.0,19615
0.0,19616
1625.3844742883948,19617
0.0,19618
0.0,19619
0.0,19620
0.0,19621
0.0,19622
0.0,19623
0.0,19624
0.0,19625
0.0,19626
0.0,19627
0.0,19628
0.0,19629
0.0,19630
5052.206306982673,19631
0.0,19632
0.0,19633
0.0,19634
0.0,19635
1031.5033316575843,19636
0.0,19637
962.5770694247849,19638
521.8537038654819,19639
0.0,19640
0.0,19641
0.0,19642
0.0,19643
0.0,19644
0.0,19645
0.0,19646
2261.72583201195,19647
0.0,19648
0.0,19649
0.0,19650
3309.721758701136,19651
1989.2895244121157,19652
0.0,19653
0.0,19654
0.0,19655
0.0,19656
0.0,19657
0.0,19658
0.0,19659
0.0,19660
0.0,19661
0.0,19662
0.0,19663
0.0,19664
0.0,19665
0.0,19666
0.0,19667
0.0,19668
58.568193132642676,19669
517.7443423482385,19670
0.0,19671
892.061061930068,19672
1133.5521859616308,19673
0.0,19674
1291.8403999717052,19675
0.0,19676
0.0,19677
159.78912544424318,19678
783.3174388712746,19679
0.0,19680
1495.3398750243014,19681
0.0,19682
1223.96754736457,19683
1350.1931386799074,19684
0.0,19685
0.0,19686
0.0,19687
455.72869067084974,19688
0.0,19689
1379.816442658058,19690
471.54837069516356,19691
407.84710589864505,19692
1010.5926490296783,19693
0.0,19694
1145.3410121893785,19695
952.9932272693972,19696
1033.9599318848661,19697
758.0959706152928,19698
2014.054847673153,19699
6187.528075102946,19700
659.4184378300732,19701
0.0,19702
0.0,19703
822.2657714938645,19704
0.0,19705
3837.249615146526,19706
558.3230334066409,19707
9427.32025668608,19708
0.0,19709
0.0,19710
0.0,19711
0.0,19712
0.0,19713
1278.4242289841038,19714
1233.6443246476258,19715
1337.5274343837918,19716
0.0,19717
897.4744320582032,19718
0.0,19719
0.0,19720
435.8858060291033,19721
1172.9519535523941,19722
358.4876459450361,19723
0.0,19724
209.77421903087188,19725
0.0,19726
0.0,19727
7710.169085825756,19728
1226.673442168962,19729
0.0,19730
582.7333430631047,19731
0.0,19732
0.0,19733
0.0,19734
0.0,19735
444.84741560938375,19736
0.0,19737
0.0,19738
0.0,19739
0.0,19740
156.4193701385403,19741
0.0,19742
0.0,19743
473.1969037192891,19744
0.0,19745
0.0,19746
0.0,19747
71.61109015231712,19748
0.0,19749
0.0,19750
178.15236564456697,19751
7118.026430875382,19752
0.0,19753
0.0,19754
0.0,19755
0.0,19756
0.0,19757
0.0,19758
0.0,19759
0.0,19760
0.0,19761
0.0,19762
551.8062617741074,19763
468.49436458366165,19764
0.0,19765
0.0,19766
0.0,19767
0.0,19768
0.0,19769
0.0,19770
371.32620496526175,19771
0.0,19772
0.0,19773
0.0,19774
0.0,19775
0.0,19776
0.0,19777
629.425411984024,19778
560.0627765746059,19779
0.0,19780
3123.3599962662197,19781
536.4756027233949,19782
0.0,19783
0.0,19784
573.3153866453815,19785
0.0,19786
0.0,19787
592.9495278457588,19788
0.0,19789
0.0,19790
0.0,19791
0.0,19792
0.0,19793
0.0,19794
678.2212467056817,19795
1038.7675104511018,19796
705.3356723057265,19797
0.0,19798
1106.5635818550668,19799
996.8893466222485,19800
732.976099615677,19801
0.0,19802
1166.0500668296895,19803
1181.9395441594904,19804
0.0,19805
0.0,19806
0.0,19807
0.0,19808
0.0,19809
1467.9160851066574,19810
0.0,19811
0.0,19812
0.0,19813
0.0,19814
1395.516206251255,19815
1208.8276773581745,19816
1364.704369419108,19817
0.0,19818
0.0,19819
0.0,19820
0.0,19821
0.0,19822
637.5782136201798,19823
0.0,19824
378.15381771451183,19825
0.0,19826
0.0,19827
0.0,19828
0.0,19829
0.0,19830
0.0,19831
0.0,19832
0.0,19833
0.0,19834
0.0,19835
0.0,19836
0.0,19837
0.0,19838
0.0,19839
0.0,19840
0.0,19841
0.0,19842
0.0,19843
0.0,19844
0.0,19845
2488.4510880637395,19846
0.0,19847
0.0,19848
0.0,19849
0.0,19850
0.0,19851
0.0,19852
0.0,19853
0.0,19854
0.0,19855
0.0,19856
0.0,19857
0.0,19858
0.0,19859
0.0,19860
0.0,19861
0.0,19862
0.0,19863
0.0,19864
0.0,19865
0.0,19866
0.0,19867
0.0,19868
0.0,19869
0.0,19870
3434.021616146554,19871
0.0,19872
0.0,19873
0.0,19874
0.0,19875
0.0,19876
0.0,19877
0.0,19878
0.0,19879
0.0,19880
0.0,19881
0.0,19882
0.0,19883
66.31341996544758,19884
6.464353808611921,19885
0.0,19886
0.0,19887
0.0,19888
0.0,19889
0.0,19890
0.0,19891
4392.9394347226225,19892
0.0,19893
0.0,19894
0.0,19895
0.0,19896
0.0,19897
0.0,19898
0.0,19899
0.0,19900
0.0,19901
0.0,19902
0.0,19903
0.0,19904
0.0,19905
0.0,19906
0.0,19907
0.0,19908
0.0,19909
0.0,19910
0.0,19911
0.0,19912
0.0,19913
0.0,19914
0.0,19915
0.0,19916
0.0,19917
0.0,19918
0.0,19919
0.0,19920
0.0,19921
0.0,19922
0.0,19923
0.0,19924
0.0,19925
0.0,19926
3317.6479899155815,19927
0.0,19928
0.0,19929
561.1547718457124,19930
0.0,19931
0.0,19932
0.0,19933
0.0,19934
0.0,19935
0.0,19936
0.0,19937
42350.22138422991,19938
0.0,19939
0.0,19940
0.0,19941
0.0,19942
0.0,19943
0.0,19944
0.0,19945
0.0,19946
0.0,19947
0.0,19948
0.0,19949
0.0,19950
0.0,19951
0.0,19952
0.0,19953
0.0,19954
125.51195362332359,19955
0.0,19956
0.0,19957
0.0,19958
0.0,19959
0.0,19960
0.0,19961
0.0,19962
0.0,19963
0.0,19964
0.0,19965
0.0,19966
0.0,19967
0.0,19968
0.0,19969
0.0,19970
0.0,19971
0.0,19972
0.0,19973
0.0,19974
0.0,19975
0.0,19976
594.456793573509,19977
0.0,19978
0.0,19979
0.0,19980
0.0,19981
0.0,19982
0.0,19983
0.0,19984
0.0,19985
0.0,19986
0.0,19987
0.0,19988
0.0,19989
0.0,19990
0.0,19991
0.0,19992
0.0,19993
0.0,19994
0.0,19995
0.0,19996
0.0,19997
0.0,19998
0.0,19999
0.0,20000
0.0,20001
0.0,20002
0.0,20003
0.0,20004
0.0,20005
0.0,20006
0.0,20007
0.0,20008
0.0,20009
0.0,20010
0.0,20011
0.0,20012
0.0,20013
0.0,20014
0.0,20015
0.0,20016
0.0,20017
0.0,20018
0.0,20019
0.0,20020
0.0,20021
0.0,20022
0.0,20023
0.0,20024
0.0,20025
0.0,20026
0.0,20027
0.0,20028
0.0,20029
0.0,20030
0.0,20031
0.0,20032
0.0,20033
0.0,20034
0.0,20035
0.0,20036
471.1285422883035,20037
0.0,20038
0.0,20039
0.0,20040
0.0,20041
0.0,20042
0.0,20043
0.0,20044
0.0,20045
0.0,20046
0.0,20047
2099.13228709416,20048
0.0,20049
0.0,20050
0.0,20051
0.0,20052
0.0,20053
0.0,20054
0.0,20055
0.0,20056
0.0,20057
10.758682717930247,20058
129.74266144162877,20059
619.2996407064637,20060
451.15586392932624,20061
0.0,20062
0.0,20063
1153.7954712805656,20064
0.0,20065
0.0,20066
7.87088051537311,20067
1512.8402686382005,20068
0.0,20069
0.0,20070
340.07511182365965,20071
54.368051881635814,20072
0.0,20073
567.1877768518993,20074
0.0,20075
0.0,20076
0.0,20077
0.0,20078
0.0,20079
1418.5686076063366,20080
10278.412430354438,20081
0.0,20082
0.0,20083
740.8599466219969,20084
0.0,20085
0.0,20086
0.0,20087
0.0,20088
0.0,20089
0.0,20090
0.0,20091
0.0,20092
0.0,20093
1757.9580140584126,20094
0.0,20095
0.0,20096
1314.7095047227722,20097
1872.5940046265569,20098
1306.29368716181,20099
1514.1264562332287,20100
0.0,20101
0.0,20102
159.82137044900557,20103
0.0,20104
1326.4919961691774,20105
0.0,20106
0.0,20107
0.0,20108
492.2354454882946,20109
0.0,20110
1373.6249623885533,20111
300.7619184368767,20112
0.0,20113
9.223413087054933,20114
0.0,20115
0.0,20116
0.0,20117
496.92296300159427,20118
582.8355208002577,20119
0.0,20120
733.7429255873537,20121
0.0,20122
985.1049277698103,20123
0.0,20124
869.4284349736662,20125
0.0,20126
0.0,20127
678.3599907891293,20128
0.0,20129
707.6707578671377,20130
0.0,20131
0.0,20132
1376.7446476039281,20133
0.0,20134
697.4293132031336,20135
512.1165086063263,20136
0.0,20137
0.0,20138
210.35092321281365,20139
0.0,20140
0.0,20141
0.0,20142
0.0,20143
260.7859575165001,20144
1022.4323398730021,20145
0.0,20146
0.0,20147
0.0,20148
0.0,20149
0.0,20150
0.0,20151
0.0,20152
0.0,20153
0.0,20154
719.2235731139801,20155
0.0,20156
0.0,20157
1226.9278181635304,20158
0.0,20159
0.0,20160
0.0,20161
0.0,20162
0.0,20163
0.0,20164
0.0,20165
0.0,20166
0.0,20167
0.0,20168
0.0,20169
0.0,20170
0.0,20171
0.0,20172
0.0,20173
0.0,20174
0.0,20175
0.0,20176
0.0,20177
48.68279825640267,20178
0.0,20179
0.0,20180
0.0,20181
0.0,20182
0.0,20183
3256.233587641529,20184
0.0,20185
0.0,20186
0.0,20187
0.0,20188
522.943928261862,20189
0.0,20190
0.0,20191
0.0,20192
0.0,20193
0.0,20194
0.0,20195
0.0,20196
0.0,20197
0.0,20198
0.0,20199
0.0,20200
0.0,20201
0.0,20202
0.0,20203
0.0,20204
0.0,20205
0.0,20206
0.0,20207
0.0,20208
0.0,20209
2941.6003655465433,20210
0.0,20211
0.0,20212
0.0,20213
0.0,20214
1451.874267239789,20215
0.0,20216
0.0,20217
0.0,20218
0.0,20219
0.0,20220
0.0,20221
0.0,20222
0.0,20223
0.0,20224
0.0,20225
284.78328013133324,20226
0.0,20227
0.0,20228
0.0,20229
0.0,20230
0.0,20231
0.0,20232
0.0,20233
0.0,20234
0.0,20235
0.0,20236
0.0,20237
0.0,20238
0.0,20239
0.0,20240
0.0,20241
0.0,20242
0.0,20243
0.0,20244
0.0,20245
0.0,20246
0.0,20247
0.0,20248
0.0,20249
0.0,20250
1892.1996278474303,20251
0.0,20252
2193.3075119618666,20253
3899.327576571499,20254
1509.5595660773292,20255
0.0,20256
0.0,20257
921.9081187244037,20258
1210.1266483014708,20259
0.0,20260
2211.0140852566647,20261
2189.8808443132743,20262
0.0,20263
3254.518636927761,20264
4473.955093406287,20265
4416.938946347816,20266
0.0,20267
0.0,20268
4368.730638914521,20269
0.0,20270
0.0,20271
3277.1836428433803,20272
2205.4170990714742,20273
0.0,20274
0.0,20275
0.006661953045651409,20276
798.5689602868924,20277
0.0,20278
2763.724790568149,20279
1990.6659139715773,20280
0.0,20281
1488.89624036422,20282
0.0,20283
1635.0796740878245,20284
2825.5044376725295,20285
852.6400862947968,20286
785.5514354182103,20287
665.0520875294878,20288
0.0,20289
4708.54670249407,20290
0.0,20291
105.27423199584615,20292
0.0,20293
0.0,20294
0.0,20295
0.0,20296
0.0,20297
0.0,20298
17.331808504556083,20299
0.0,20300
0.0,20301
0.0,20302
0.0,20303
0.0,20304
6223.450350983117,20305
740.6965008500192,20306
0.0,20307
0.0,20308
0.0,20309
256.3630196668342,20310
0.0,20311
0.0,20312
1109.2746479156647,20313
0.0,20314
0.0,20315
460.03010512471735,20316
0.0,20317
1006.4170942826669,20318
2038.1815836312605,20319
0.0,20320
0.0,20321
0.0,20322
0.0,20323
0.0,20324
0.0,20325
0.0,20326
109.24628299313062,20327
477.0324498936577,20328
0.0,20329
0.0,20330
0.0,20331
0.0,20332
0.0,20333
0.0,20334
63.28929641399886,20335
0.0,20336
0.0,20337
0.0,20338
0.0,20339
0.0,20340
0.0,20341
0.0,20342
0.0,20343
0.0,20344
0.0,20345
0.0,20346
0.0,20347
0.0,20348
0.0,20349
202.27819257449272,20350
0.0,20351
0.0,20352
0.0,20353
966.79592563843,20354
300.7096737792244,20355
0.0,20356
0.0,20357
0.0,20358
0.0,20359
64.47272475439274,20360
0.0,20361
0.0,20362
0.0,20363
0.0,20364
0.0,20365
0.0,20366
0.0,20367
0.0,20368
0.0,20369
0.0,20370
0.0,20371
1827.8533269409058,20372
0.0,20373
0.0,20374
1898.7922147335057,20375
73.06134891843261,20376
0.0,20377
0.0,20378
0.0,20379
2814.8840304987107,20380
0.0,20381
0.0,20382
1089.850442462479,20383
0.0,20384
24.037089219636716,20385
0.0,20386
0.0,20387
0.0,20388
0.0,20389
184.90100027389963,20390
0.0,20391
0.0,20392
0.0,20393
0.0,20394
270.23143877253653,20395
0.0,20396
112.39955007047386,20397
907.4904287535551,20398
0.0,20399
0.0,20400
1000.0233517118088,20401
228.56630015310492,20402
0.0,20403
1355.5494944337618,20404
3838.186161223529,20405
30.88359693819066,20406
2599.6698942980825,20407
358.55652497074755,20408
2544.8452685249367,20409
0.0,20410
1981.7233321593376,20411
382.37798810873267,20412
147.79824718279295,20413
865.4356582276631,20414
0.0,20415
0.0,20416
0.0,20417
0.0,20418
0.0,20419
713.5832075383734,20420
0.0,20421
152.07487382442363,20422
528.4344674459488,20423
0.0,20424
0.0,20425
0.0,20426
635.0550485076268,20427
592.8433797936949,20428
0.0,20429
547.5634322602534,20430
777.867714928448,20431
0.0,20432
314.3260900007639,20433
0.0,20434
0.0,20435
81.03171911155523,20436
0.0,20437
0.0,20438
290.1531925280601,20439
0.0,20440
0.0,20441
230.07646592323565,20442
0.0,20443
0.0,20444
186.7096280430658,20445
0.0,20446
152.5017311399071,20447
0.0,20448
123.5696327407573,20449
0.0,20450
0.0,20451
0.0,20452
0.0,20453
395.62352333570453,20454
0.0,20455
0.0,20456
0.0,20457
775.263361528233,20458
0.0,20459
0.0,20460
0.0,20461
0.0,20462
241.52351246235628,20463
0.0,20464
0.0,20465
0.0,20466
2060.434663135028,20467
0.0,20468
536.6825958475279,20469
0.0,20470
0.0,20471
0.0,20472
0.0,20473
0.0,20474
0.0,20475
0.0,20476
0.0,20477
0.0,20478
0.0,20479
0.0,20480
0.0,20481
0.0,20482
0.0,20483
0.0,20484
0.0,20485
0.0,20486
0.0,20487
0.0,20488
248.6029478924057,20489
197.62912292803162,20490
580.9801750583304,20491
0.0,20492
0.0,20493
0.0,20494
0.0,20495
0.0,20496
19.254661046996056,20497
0.0,20498
678.4435014343586,20499
0.0,20500
0.0,20501
1521.3625871212585,20502
1521.183637563807,20503
0.0,20504
0.0,20505
0.0,20506
0.0,20507
0.0,20508
0.0,20509
0.0,20510
0.0,20511
930.3072573882239,20512
0.0,20513
0.0,20514
0.0,20515
0.0,20516
0.0,20517
356.3915552123171,20518
291.63927321479366,20519
0.0,20520
0.0,20521
0.0,20522
0.0,20523
0.0,20524
0.0,20525
0.0,20526
0.0,20527
0.0,20528
332.1007358709977,20529
0.0,20530
0.0,20531
0.0,20532
0.0,20533
0.0,20534
0.0,20535
0.0,20536
0.0,20537
0.0,20538
0.0,20539
0.0,20540
0.0,20541
0.0,20542
0.0,20543
0.0,20544
0.0,20545
0.0,20546
0.0,20547
31.208125104356206,20548
0.0,20549
0.0,20550
0.0,20551
0.0,20552
1047.5590454952385,20553
0.0,20554
0.0,20555
0.0,20556
0.0,20557
0.0,20558
0.0,20559
1341.7505682622098,20560
2038.4540784357396,20561
0.0,20562
0.0,20563
0.0,20564
427.313052454025,20565
0.0,20566
0.0,20567
2577.086923815796,20568
0.0,20569
0.0,20570
0.0,20571
0.0,20572
0.0,20573
1551.6465501763305,20574
0.0,20575
0.0,20576
1062.7883363312615,20577
8.062584882193145,20578
674.803156809011,20579
2446.575730025086,20580
654.9500445136903,20581
1688.4801849996331,20582
693.2262932830237,20583
0.0,20584
0.0,20585
2479.491922154266,20586
0.0,20587
0.0,20588
2462.43560026773,20589
0.0,20590
1342.8685214400261,20591
0.0,20592
0.0,20593
3134.426781065668,20594
50.033253296620856,20595
1276.1142803283644,20596
0.0,20597
0.0,20598
0.0,20599
0.0,20600
0.0,20601
0.0,20602
0.0,20603
0.0,20604
0.0,20605
2271.0705700455123,20606
0.0,20607
926.6508205786199,20608
0.0,20609
0.0,20610
0.0,20611
0.0,20612
1196.2175747082733,20613
0.0,20614
0.0,20615
1970.5191951231454,20616
935.702619470858,20617
0.0,20618
0.0,20619
0.0,20620
1047.0348324716012,20621
0.0,20622
0.0,20623
0.0,20624
0.0,20625
1627.339491134439,20626
0.0,20627
45.96654158926583,20628
0.0,20629
0.0,20630
0.0,20631
0.0,20632
0.0,20633
0.0,20634
0.0,20635
0.0,20636
0.0,20637
0.0,20638
0.0,20639
0.0,20640
4542.822841585662,20641
0.0,20642
3842.7030684205415,20643
0.0,20644
0.0,20645
0.0,20646
216.25326769713675,20647
217.80479656628265,20648
0.0,20649
660.6461395940526,20650
0.0,20651
0.0,20652
0.0,20653
0.0,20654
0.0,20655
0.0,20656
0.0,20657
538.1361787031497,20658
1.9420914715892728,20659
0.0,20660
0.0,20661
0.0,20662
0.0,20663
0.0,20664
0.0,20665
0.0,20666
0.0,20667
0.0,20668
0.0,20669
0.0,20670
0.0,20671
0.0,20672
0.0,20673
0.0,20674
578.0658269942,20675
0.0,20676
0.0,20677
0.0,20678
0.0,20679
0.0,20680
0.0,20681
0.0,20682
0.0,20683
0.0,20684
2253.8689545008087,20685
0.0,20686
5081.842272279888,20687
0.0,20688
0.0,20689
0.0,20690
0.0,20691
0.0,20692
0.0,20693
0.0,20694
0.0,20695
0.0,20696
0.0,20697
0.0,20698
0.0,20699
0.0,20700
0.0,20701
0.0,20702
0.0,20703
0.0,20704
1918.8888947003572,20705
889.8419478249168,20706
0.0,20707
0.0,20708
0.0,20709
0.0,20710
0.0,20711
0.0,20712
0.0,20713
0.0,20714
0.0,20715
0.0,20716
3212.182110753799,20717
0.0,20718
0.0,20719
0.0,20720
774.9722578127479,20721
0.0,20722
0.0,20723
0.0,20724
0.0,20725
0.0,20726
0.0,20727
0.0,20728
0.0,20729
0.0,20730
0.0,20731
0.0,20732
0.0,20733
0.0,20734
0.0,20735
0.0,20736
0.0,20737
0.0,20738
0.0,20739
0.0,20740
0.0,20741
451.62660498831764,20742
0.0,20743
0.0,20744
0.0,20745
0.0,20746
0.0,20747
0.0,20748
0.0,20749
0.0,20750
0.0,20751
0.0,20752
0.0,20753
0.0,20754
0.0,20755
0.0,20756
0.0,20757
0.0,20758
0.0,20759
0.0,20760
0.0,20761
2017.7391597874018,20762
0.0,20763
0.0,20764
0.0,20765
0.0,20766
0.0,20767
0.0,20768
0.0,20769
0.0,20770
0.0,20771
0.0,20772
0.0,20773
0.0,20774
0.0,20775
0.0,20776
0.0,20777
0.0,20778
0.0,20779
0.0,20780
0.0,20781
0.0,20782
0.0,20783
0.0,20784
0.0,20785
0.0,20786
0.0,20787
0.0,20788
0.0,20789
0.0,20790
0.0,20791
0.0,20792
0.0,20793
0.0,20794
0.0,20795
0.0,20796
0.0,20797
0.0,20798
0.0,20799
0.0,20800
131.16661889435466,20801
0.0,20802
0.0,20803
227.69195701849645,20804
1413.3056940873544,20805
439.927571911922,20806
348.3496868023482,20807
12.4072445974226,20808
236.69714745283937,20809
0.0,20810
0.0,20811
536.106166446961,20812
0.0,20813
0.0,20814
0.0,20815
0.0,20816
0.0,20817
304.28812003398843,20818
0.0,20819
0.0,20820
0.0,20821
0.0,20822
0.0,20823
0.0,20824
0.0,20825
0.0,20826
0.0,20827
619.1069260578834,20828
0.0,20829
0.0,20830
0.0,20831
0.0,20832
0.0,20833
0.0,20834
0.0,20835
0.0,20836
0.0,20837
0.0,20838
0.0,20839
0.0,20840
0.0,20841
681.1566036165585,20842
1123.1842091680403,20843
1306.322961693792,20844
1884.7911564864794,20845
882.5286556172254,20846
816.0962243680027,20847
698.2211173359661,20848
553.3433249315691,20849
455.5567596109883,20850
0.0,20851
31.6407805944679,20852
0.0,20853
0.0,20854
0.0,20855
0.0,20856
0.0,20857
0.0,20858
0.0,20859
0.0,20860
0.0,20861
103.92271046313594,20862
0.0,20863
0.0,20864
0.0,20865
0.0,20866
0.0,20867
278.78768127334797,20868
499.3613910679117,20869
0.0,20870
550.5359057685065,20871
0.0,20872
0.0,20873
0.0,20874
84.42773988527921,20875
0.0,20876
0.0,20877
433.36437461941455,20878
300.50706924644305,20879
734.7947706326582,20880
2896.56085289759,20881
85.98694944061496,20882
337.00182563943673,20883
288.3741169014194,20884
0.0,20885
0.0,20886
0.0,20887
0.0,20888
0.0,20889
0.0,20890
0.0,20891
0.0,20892
0.0,20893
0.0,20894
0.0,20895
403.2821976713249,20896
413.8203883873101,20897
355.71960488337083,20898
266.6198233377575,20899
886.5709311069331,20900
0.0,20901
762.9416747908236,20902
0.0,20903
0.0,20904
0.0,20905
0.0,20906
133.1131506402585,20907
0.0,20908
0.0,20909
0.0,20910
6505.121363198526,20911
552.2323358455182,20912
416.62883289856654,20913
0.0,20914
177.99181243088233,20915
0.0,20916
0.0,20917
0.0,20918
0.0,20919
0.0,20920
0.0,20921
12.633176572467555,20922
0.0,20923
0.0,20924
520.0369034959139,20925
0.0,20926
0.0,20927
0.0,20928
0.0,20929
0.0,20930
939.0845011319183,20931
0.0,20932
153.70613411706287,20933
1193.955404387699,20934
434.82421473161907,20935
1764.9102156186832,20936
0.0,20937
1959.260004158359,20938
0.0,20939
0.0,20940
1832.25606219226,20941
0.0,20942
0.0,20943
0.0,20944
0.0,20945
0.0,20946
0.0,20947
1151.39913852459,20948
0.0,20949
1592.7617196469516,20950
218.88175475340492,20951
1663.1777798707521,20952
0.0,20953
0.0,20954
2134.402425690653,20955
146.89722426411956,20956
1826.0250618965622,20957
508.0594991035592,20958
0.5449728058992798,20959
1511.9457764098086,20960
0.0,20961
0.0,20962
0.0,20963
0.0,20964
0.0,20965
680.3886329531073,20966
346.9784139175626,20967
0.0,20968
0.0,20969
0.0,20970
0.0,20971
0.0,20972
0.0,20973
0.0,20974
0.0,20975
0.0,20976
0.0,20977
0.0,20978
0.0,20979
0.0,20980
0.0,20981
159.51658290461168,20982
0.0,20983
0.0,20984
0.0,20985
0.0,20986
0.0,20987
3601.409236274319,20988
1293.2037216571741,20989
3445.5674059928915,20990
2820.3796185405085,20991
0.0,20992
0.0,20993
0.0,20994
0.0,20995
14899.672322555773,20996
0.0,20997
1206.5796400562895,20998
0.0,20999
0.0,21000
0.0,21001
553.0146316404231,21002
0.0,21003
128.42060619443313,21004
1338.5405557095987,21005
3576.0165311560518,21006
0.0,21007
0.0,21008
3159.7689088160637,21009
0.0,21010
0.0,21011
155.78023357557805,21012
0.0,21013
0.3720821718549888,21014
0.0,21015
0.017667568002139717,21016
0.0,21017
344.52969648296204,21018
0.0,21019
0.0,21020
0.0,21021
0.0,21022
0.0,21023
0.0,21024
0.0,21025
343.2778872010809,21026
2013.9496099672895,21027
2575.2105725358338,21028
0.0,21029
0.0,21030
0.0,21031
2241.916279265115,21032
2415.6550214878007,21033
3066.5554541928136,21034
0.0,21035
0.0,21036
309.2334948128557,21037
0.0,21038
1009.9478626277095,21039
2132.8565480395246,21040
0.0,21041
0.0,21042
3596.163139529939,21043
0.0,21044
594.6041061561759,21045
0.0,21046
0.0,21047
1301.2945127745506,21048
0.0,21049
0.0,21050
429.99849785332236,21051
0.0,21052
4630.278293219119,21053
0.0,21054
664.3600619837105,21055
1713.4165395293892,21056
0.0,21057
0.0,21058
1056.8313706684694,21059
0.0,21060
169.5741221564882,21061
0.0,21062
577.9661472971387,21063
0.0,21064
30.21970987740734,21065
0.0,21066
2694.738324540899,21067
1438.7582717785644,21068
96.37074938105268,21069
46.76333567489874,21070
0.0,21071
0.0,21072
0.0,21073
0.0,21074
991.5168117815298,21075
0.0,21076
585.2143814404955,21077
0.0,21078
0.0,21079
0.0,21080
0.0,21081
2266.7217455998093,21082
1646.4010471758004,21083
0.0,21084
0.0,21085
0.0,21086
0.0,21087
0.0,21088
0.0,21089
0.0,21090
0.0,21091
0.0,21092
2376.100739234618,21093
1703.568012449236,21094
0.0,21095
0.0,21096
0.0,21097
0.0,21098
2745.8477780378157,21099
3045.407294656073,21100
2681.8145844893347,21101
1953.823795537502,21102
4790.379133795884,21103
0.0,21104
5026.862049594004,21105
0.0,21106
0.0,21107
0.0,21108
0.0,21109
0.0,21110
0.0,21111
0.0,21112
0.0,21113
0.0,21114
0.0,21115
0.0,21116
0.0,21117
0.0,21118
0.0,21119
0.0,21120
0.0,21121
198.95637509265177,21122
0.0,21123
0.0,21124
1965.2654494171336,21125
0.0,21126
0.0,21127
1525.081360080363,21128
0.0,21129
2005.6748094301988,21130
1000.6171438056133,21131
0.0,21132
403.1376536910862,21133
1583.1514415376373,21134
0.0,21135
5315.738289687885,21136
0.0,21137
0.0,21138
0.0,21139
0.0,21140
0.0,21141
0.0,21142
3214.438464429127,21143
0.0,21144
0.0,21145
0.0,21146
0.0,21147
0.0,21148
0.0,21149
0.0,21150
469.2431815517023,21151
945.131047298636,21152
565.4634993945975,21153
0.0,21154
922.3955862174951,21155
0.0,21156
1964.3427371309822,21157
3142.941302003203,21158
0.0,21159
3152.8525557810467,21160
0.0,21161
0.0,21162
941.4128846505149,21163
0.0,21164
0.0,21165
17.485139788659314,21166
1472.5495461803234,21167
0.0,21168
2281.5054410099647,21169
1029.6956592339318,21170
0.0,21171
910.5135026255936,21172
3107.789360808751,21173
2040.575727618826,21174
422.50843588901796,21175
387.64523992610947,21176
1368.4246230630529,21177
1358.5428586856503,21178
1368.0536447657707,21179
0.0,21180
1403.7727355643344,21181
0.0,21182
0.0,21183
0.0,21184
0.0,21185
1470.0874698378107,21186
703.3487100412345,21187
0.0,21188
1165.68325057582,21189
0.0,21190
2031.4670576203412,21191
0.0,21192
5571.576164417716,21193
1392.9850144211466,21194
0.0,21195
1152.803684596487,21196
0.0,21197
1347.2610793483489,21198
3156.322503001115,21199
2267.4985136409855,21200
493.011443634976,21201
1906.3399859314336,21202
2766.6095810482934,21203
1882.482725152566,21204
0.0,21205
3260.2950824875606,21206
3372.734278906593,21207
885.3777342466125,21208
1626.5588151423376,21209
28254.62537259267,21210
3419.778882987275,21211
1290.737486835542,21212
0.0,21213
3345.1699977856697,21214
0.0,21215
2505.69094097817,21216
0.0,21217
0.0,21218
2075.1887672542553,21219
2760.1129241079725,21220
3243.546281207065,21221
3108.3606229771153,21222
2147.986430034754,21223
240.59269688662053,21224
0.0,21225
426.501151017745,21226
118.85352169967307,21227
464.9101658170239,21228
0.0,21229
0.0,21230
0.0,21231
0.0,21232
0.0,21233
0.0,21234
1421.111029507942,21235
0.0,21236
45.2771999798291,21237
150.80399308979486,21238
72.39376924052672,21239
0.0,21240
0.0,21241
532.2310556076158,21242
0.0,21243
0.0,21244
0.0,21245
0.0,21246
7.506126275318847,21247
0.0,21248
0.0,21249
0.0,21250
0.0,21251
0.0,21252
0.0,21253
0.0,21254
0.0,21255
2573.9682496994865,21256
0.0,21257
0.0,21258
0.0,21259
0.0,21260
3549.9900337192958,21261
3390.1032007507233,21262
0.0,21263
1549.3533256930355,21264
4620.039552318593,21265
0.0,21266
0.0,21267
0.0,21268
0.0,21269
0.0,21270
0.0,21271
0.0,21272
0.0,21273
0.0,21274
0.0,21275
0.0,21276
0.0,21277
0.0,21278
0.0,21279
0.0,21280
0.0,21281
0.0,21282
0.0,21283
0.0,21284
0.0,21285
0.0,21286
0.0,21287
0.0,21288
0.0,21289
0.0,21290
0.0,21291
0.0,21292
0.0,21293
0.0,21294
5069.920478339251,21295
0.0,21296
0.0,21297
0.0,21298
0.0,21299
0.0,21300
0.0,21301
0.0,21302
0.0,21303
0.0,21304
0.0,21305
0.0,21306
0.0,21307
0.0,21308
0.0,21309
0.0,21310
0.0,21311
0.0,21312
0.0,21313
0.0,21314
0.0,21315
0.0,21316
0.0,21317
0.0,21318
0.0,21319
0.0,21320
0.0,21321
0.0,21322
0.0,21323
0.0,21324
0.0,21325
1750.1363948510316,21326
0.0,21327
0.0,21328
0.0,21329
0.0,21330
0.0,21331
0.0,21332
0.0,21333
0.0,21334
1786.63420884988,21335
0.0,21336
0.0,21337
0.0,21338
1651.1347449189077,21339
5187.013083842439,21340
0.0,21341
0.0,21342
0.0,21343
509.46750654704596,21344
0.0,21345
0.0,21346
0.0,21347
0.0,21348
0.0,21349
0.0,21350
0.0,21351
0.0,21352
0.0,21353
0.0,21354
0.0,21355
0.0,21356
0.0,21357
0.0,21358
0.0,21359
0.0,21360
0.0,21361
65.84509599095367,21362
299.8404856679837,21363
0.0,21364
661.7301556818845,21365
0.0,21366
0.0,21367
0.0,21368
0.0,21369
0.0,21370
0.0,21371
0.0,21372
0.0,21373
0.0,21374
0.0,21375
0.0,21376
0.0,21377
0.0,21378
0.0,21379
0.0,21380
0.0,21381
0.0,21382
0.0,21383
0.0,21384
0.0,21385
0.0,21386
0.0,21387
0.0,21388
0.0,21389
0.0,21390
0.0,21391
0.0,21392
0.0,21393
0.0,21394
1601.68904582356,21395
1198.3050800820026,21396
369.766146669256,21397
0.0,21398
1528.8983289771452,21399
0.0,21400
642.0271777778339,21401
167.4044183310123,21402
0.0,21403
195.73805131088912,21404
0.0,21405
0.0,21406
193.4971887317577,21407
1364.1670674232935,21408
1516.334797763755,21409
1168.1191942826138,21410
0.0,21411
2112.3654872439583,21412
0.0,21413
0.0,21414
0.0,21415
787.7816259857882,21416
0.0,21417
0.0,21418
75.75101733536295,21419
0.0,21420
0.0,21421
0.0,21422
0.0,21423
1308.0220962120363,21424
0.0,21425
0.0,21426
494.40790150583234,21427
0.0,21428
0.0,21429
0.0,21430
0.0,21431
0.0,21432
0.0,21433
0.0,21434
1268.4722795169046,21435
0.0,21436
1231.553394143964,21437
0.0,21438
0.0,21439
0.0,21440
0.0,21441
0.0,21442
314.0485907528932,21443
0.0,21444
0.0,21445
1023.1696350035693,21446
0.0,21447
1827.263108936221,21448
969.0354341439175,21449
0.0,21450
917.640078977502,21451
0.0,21452
0.0,21453
0.0,21454
0.0,21455
0.0,21456
0.0,21457
589.8553973652857,21458
424.685068533506,21459
0.0,21460
0.0,21461
0.0,21462
1816.137463156943,21463
0.0,21464
0.0,21465
0.0,21466
0.0,21467
0.0,21468
0.0,21469
0.0,21470
0.0,21471
1591.115416684518,21472
0.0,21473
0.0,21474
114.1660793885677,21475
2067.8944799750934,21476
0.0,21477
0.0,21478
162.55925251022694,21479
0.0,21480
0.0,21481
0.0,21482
1234.7924241095704,21483
0.0,21484
0.0,21485
0.0,21486
0.0,21487
0.0,21488
0.0,21489
0.0,21490
0.0,21491
0.0,21492
0.0,21493
0.0,21494
0.0,21495
0.0,21496
0.0,21497
648.0187381830929,21498
727.3017706295005,21499
0.0,21500
0.0,21501
0.0,21502
0.0,21503
0.0,21504
0.0,21505
84.51636009455711,21506
0.0,21507
0.0,21508
0.0,21509
0.0,21510
2.0244306705473494,21511
0.0,21512
0.0,21513
0.0,21514
0.0,21515
0.0,21516
0.0,21517
0.0,21518
0.0,21519
0.0,21520
0.0,21521
0.0,21522
0.0,21523
0.0,21524
0.0,21525
0.0,21526
2065.4172086191606,21527
0.0,21528
0.0,21529
0.0,21530
0.0,21531
0.0,21532
0.0,21533
0.0,21534
0.0,21535
0.0,21536
0.0,21537
0.0,21538
0.0,21539
0.0,21540
0.0,21541
0.0,21542
0.0,21543
0.0,21544
0.0,21545
0.0,21546
0.0,21547
0.0,21548
0.0,21549
0.0,21550
0.0,21551
0.0,21552
0.0,21553
0.0,21554
0.0,21555
0.0,21556
0.0,21557
0.0,21558
0.0,21559
0.0,21560
0.0,21561
0.0,21562
0.0,21563
0.0,21564
0.0,21565
0.0,21566
0.0,21567
0.0,21568
0.0,21569
0.0,21570
0.0,21571
0.0,21572
0.0,21573
0.0,21574
0.0,21575
0.0,21576
0.0,21577
0.0,21578
0.0,21579
322.71842077232833,21580
954.0387988783675,21581
0.0,21582
308.1337443877962,21583
0.0,21584
0.0,21585
0.0,21586
341.8548956504502,21587
306.7968971403211,21588
0.0,21589
0.0,21590
0.0,21591
0.0,21592
0.0,21593
0.0,21594
93.85858390483692,21595
145.85350932087343,21596
0.0,21597
0.0,21598
0.0,21599
0.18382451858598797,21600
0.0,21601
0.0,21602
0.0,21603
0.0,21604
0.0,21605
1028.095059850853,21606
0.0,21607
0.0,21608
193.32296367390683,21609
0.0,21610
0.0,21611
0.0,21612
0.0,21613
0.0,21614
0.0,21615
181.99433867716425,21616
0.0,21617
0.0,21618
0.0,21619
0.0,21620
18.12036441834396,21621
0.0,21622
38.12433097775101,21623
0.0,21624
0.0,21625
0.0,21626
0.0,21627
0.0,21628
9.729110094908082,21629
0.0,21630
0.0,21631
0.0,21632
0.0,21633
0.0,21634
0.0,21635
0.0,21636
148.94089549871984,21637
0.0,21638
0.0,21639
0.0,21640
0.0,21641
0.0,21642
0.0,21643
0.0,21644
0.0,21645
8226.473335494573,21646
0.0,21647
0.0,21648
0.0,21649
0.0,21650
0.0,21651
0.0,21652
0.0,21653
0.0,21654
0.0,21655
0.0,21656
571.1365967331609,21657
0.0,21658
0.0,21659
0.0,21660
57.78917437192795,21661
560.3813699265966,21662
0.0,21663
0.0,21664
0.0,21665
0.0,21666
0.0,21667
483.41440205977136,21668
0.0,21669
132.93511483760005,21670
0.0,21671
2316.2062133576537,21672
0.0,21673
0.0,21674
0.0,21675
0.0,21676
0.0,21677
0.0,21678
0.0,21679
1434.053184545126,21680
0.0,21681
0.0,21682
46.43911255265428,21683
0.0,21684
0.0,21685
0.0,21686
0.0,21687
0.0,21688
0.0,21689
1608.2691433996533,21690
0.0,21691
1333.6227116277869,21692
0.0,21693
0.0,21694
848.9302517818417,21695
0.0,21696
0.0,21697
5707.903038504926,21698
0.0,21699
0.0,21700
1015.5579357258545,21701
722.7121413994167,21702
0.0,21703
0.0,21704
1368.916946282885,21705
2799.696361565045,21706
0.0,21707
395.0690517270779,21708
1310.2631191351268,21709
3250.5608889440923,21710
1453.646629237587,21711
570.5189313154118,21712
0.0,21713
3154.0076581394555,21714
0.0,21715
3275.3095787856037,21716
0.0,21717
1184.564509292183,21718
467.7482820516264,21719
932.1597522851825,21720
0.0,21721
0.0,21722
0.0,21723
0.0,21724
0.0,21725
119.20674638005649,21726
0.0,21727
454.28402745547925,21728
340.65605649686216,21729
1552.8039162798393,21730
1056.137177799939,21731
0.0,21732
0.0,21733
0.0,21734
9.473050148293634,21735
1.8780590742628716,21736
0.0,21737
1056.0562119417868,21738
1170.7401241390855,21739
1147.900895430002,21740
72.78929092165588,21741
0.0,21742
57.43610381148817,21743
0.0,21744
0.0,21745
963.7169611597521,21746
243.48178977489184,21747
1299.1315312726733,21748
1034.7749720788784,21749
8.006720646413275,21750
524.490290094725,21751
102.30577748668041,21752
0.0,21753
0.0,21754
2571.986193756315,21755
377.59938586424323,21756
610.4377766911791,21757
76.38707653422827,21758
272.23301787396383,21759
775.4993094249821,21760
3799.6508022432176,21761
124.0350950275082,21762
87.74596859667459,21763
1436.0220250476593,21764
0.0,21765
0.0,21766
1626.521788989534,21767
0.0,21768
0.0,21769
0.0,21770
0.0,21771
372.3702579860941,21772
91.52497919178067,21773
32.94243209599143,21774
911.4800847494733,21775
0.0,21776
0.0,21777
0.0,21778
0.0,21779
0.0,21780
0.0,21781
125.7581922891745,21782
0.0,21783
0.0,21784
0.0,21785
0.0,21786
0.0,21787
0.0,21788
0.0,21789
0.0,21790
0.0,21791
0.0,21792
0.0,21793
0.0,21794
0.0,21795
0.0,21796
0.0,21797
0.0,21798
0.0,21799
0.0,21800
0.0,21801
0.0,21802
0.0,21803
0.0,21804
0.0,21805
0.0,21806
0.0,21807
0.0,21808
0.0,21809
0.0,21810
0.0,21811
0.0,21812
0.0,21813
0.0,21814
0.0,21815
165.68795215647899,21816
0.0,21817
0.0,21818
0.0,21819
0.0,21820
0.0,21821
0.0,21822
0.0,21823
0.0,21824
0.0,21825
0.0,21826
0.0,21827
0.0,21828
0.0,21829
0.0,21830
0.0,21831
0.0,21832
446.18827962503667,21833
0.0,21834
0.0,21835
0.0,21836
0.0,21837
0.0,21838
0.0,21839
0.0,21840
0.0,21841
0.0,21842
0.0,21843
0.0,21844
0.0,21845
0.0,21846
0.0,21847
0.0,21848
0.0,21849
0.0,21850
0.0,21851
0.0,21852
0.0,21853
0.0,21854
0.0,21855
0.0,21856
0.0,21857
0.0,21858
0.0,21859
0.0,21860
0.0,21861
0.0,21862
0.0,21863
0.0,21864
0.0,21865
0.0,21866
0.0,21867
4921.949321912178,21868
0.0,21869
0.0,21870
0.0,21871
0.0,21872
0.0,21873
0.0,21874
0.0,21875
0.0,21876
0.0,21877
0.0,21878
0.0,21879
0.0,21880
0.0,21881
0.0,21882
0.0,21883
0.0,21884
0.0,21885
0.0,21886
0.0,21887
0.0,21888
8895.738404005988,21889
0.0,21890
71.95805058300674,21891
0.0,21892
0.0,21893
0.0,21894
4875.267417586345,21895
0.0,21896
260.34219980294523,21897
0.0,21898
0.0,21899
0.0,21900
0.0,21901
0.0,21902
0.0,21903
0.0,21904
0.0,21905
0.0,21906
0.0,21907
0.0,21908
0.0,21909
0.0,21910
0.0,21911
0.0,21912
0.0,21913
0.0,21914
0.0,21915
0.0,21916
0.0,21917
519.4110570358978,21918
0.0,21919
0.0,21920
0.0,21921
0.0,21922
0.0,21923
0.0,21924
0.0,21925
0.0,21926
0.0,21927
0.0,21928
0.0,21929
269.0299612018345,21930
0.0,21931
0.0,21932
0.0,21933
0.0,21934
310.65548322541457,21935
0.0,21936
0.0,21937
336.79944507992684,21938
0.0,21939
0.0,21940
0.0,21941
339.4038060240667,21942
317.9913501824986,21943
0.0,21944
0.0,21945
0.0,21946
0.0,21947
276.3875004872769,21948
0.0,21949
0.0,21950
126.3472960015001,21951
0.0,21952
0.0,21953
0.0,21954
0.0,21955
262.16833803285454,21956
0.0,21957
0.0,21958
0.0,21959
0.0,21960
0.0,21961
142.26325566205682,21962
0.0,21963
0.0,21964
0.0,21965
267.8573922682934,21966
1816.7136055495744,21967
0.0,21968
3226.5423772260965,21969
0.0,21970
0.0,21971
3212.8141149882017,21972
0.0,21973
0.0,21974
0.0,21975
0.0,21976
0.0,21977
0.0,21978
0.0,21979
142.00935250108236,21980
0.0,21981
0.0,21982
2174.887553295399,21983
0.0,21984
0.0,21985
0.0,21986
0.0,21987
0.0,21988
0.0,21989
0.0,21990
0.0,21991
0.0,21992
0.0,21993
3963.558939783141,21994
0.0,21995
0.0,21996
0.0,21997
0.0,21998
0.0,21999
0.0,22000
0.0,22001
0.0,22002
0.0,22003
0.0,22004
0.0,22005
0.0,22006
0.0,22007
0.0,22008
0.0,22009
0.0,22010
0.0,22011
363.9358680761007,22012
0.0,22013
0.0,22014
0.0,22015
0.0,22016
0.0,22017
0.0,22018
0.0,22019
0.0,22020
0.0,22021
0.0,22022
0.0,22023
0.0,22024
0.0,22025
0.0,22026
0.0,22027
0.0,22028
4317.851493925789,22029
0.0,22030
0.0,22031
0.0,22032
37.2749650835004,22033
68.99007402362513,22034
0.0,22035
0.0,22036
0.0,22037
0.0,22038
0.0,22039
0.0,22040
0.0,22041
0.0,22042
0.0,22043
0.0,22044
0.0,22045
0.0,22046
0.0,22047
0.0,22048
0.0,22049
0.0,22050
79.36007052857533,22051
274.6909262231835,22052
0.0,22053
70.5107839542958,22054
0.0,22055
429.35232273658426,22056
415.70694249108016,22057
0.0,22058
38.054710312459434,22059
0.0,22060
0.0,22061
0.0,22062
0.0,22063
783.3682931185722,22064
0.0,22065
0.0,22066
178.92747736486058,22067
51.99996445453559,22068
0.0,22069
0.0,22070
0.0,22071
0.0,22072
0.0,22073
39.98905141668183,22074
0.0,22075
0.0,22076
0.0,22077
30.348656627371792,22078
26.765796528257642,22079
0.0,22080
0.0,22081
33.75671428011106,22082
0.0,22083
0.0,22084
0.0,22085
0.0,22086
0.0,22087
0.0,22088
0.0,22089
0.0,22090
52.783229276080164,22091
0.0,22092
79.09816709225376,22093
0.0,22094
111.97193264235948,22095
0.0,22096
0.0,22097
0.0,22098
50.749700377035474,22099
0.0,22100
109.37268146548568,22101
0.0,22102
0.0,22103
0.0,22104
245.74150980293007,22105
233.08362480683712,22106
0.0,22107
0.0,22108
0.0,22109
0.0,22110
0.0,22111
0.0,22112
0.0,22113
0.0,22114
851.0694121198168,22115
0.0,22116
0.0,22117
0.0,22118
54.38065965667041,22119
34.0593367024334,22120
0.0,22121
0.0,22122
0.0,22123
2171.5291021958687,22124
0.0,22125
106.01218390789914,22126
0.0,22127
0.0,22128
0.0,22129
104.84219613899214,22130
0.0,22131
0.0,22132
0.0,22133
0.0,22134
0.0,22135
0.0,22136
0.0,22137
143.28940060433865,22138
221.56600060683047,22139
280.3322465392941,22140
0.0,22141
5389.961068845069,22142
804.8599357400026,22143
0.0,22144
0.0,22145
0.0,22146
1059.2543129453773,22147
0.0,22148
392.20995521029784,22149
340.9879741679797,22150
255.86374703765742,22151
0.0,22152
1418.6734446469316,22153
0.0,22154
399.53710715400746,22155
0.0,22156
0.0,22157
320.15057736367135,22158
0.0,22159
2244.039358944385,22160
1020.5453175695274,22161
0.0,22162
477.63293370235806,22163
0.0,22164
356.7560208451037,22165
243.44693994180068,22166
472.9106747177057,22167
1013.1914905635198,22168
0.0,22169
221.2282193959618,22170
0.0,22171
0.0,22172
0.0,22173
0.0,22174
0.0,22175
0.0,22176
0.0,22177
0.0,22178
0.0,22179
0.0,22180
204.8483864075032,22181
109.2514579698065,22182
0.0,22183
1135.3740572020704,22184
103.23591984118283,22185
68.98212585588125,22186
0.0,22187
0.0,22188
0.0,22189
0.0,22190
0.0,22191
0.0,22192
0.0,22193
44.837366411607334,22194
0.0,22195
25.161911493236765,22196
11.7832344426921,22197
0.0,22198
0.0,22199
0.0,22200
4.649062675633109,22201
0.0,22202
1.5774016776389637,22203
0.0,22204
0.0,22205
0.0,22206
0.4696725639966961,22207
0.0,22208
0.0,22209
0.12487776869905819,22210
0.0,22211
0.030079458398430483,22212
0.006641972488471119,22213
0.0,22214
1322.115898250646,22215
1266.6303334041127,22216
0.0,22217
0.0,22218
0.0,22219
0.0,22220
0.0,22221
0.0,22222
19.99823017603792,22223
14.650647263584515,22224
6.9968560803903985,22225
0.0,22226
0.0,22227
1503.7670568878348,22228
0.0,22229
731.4367847191437,22230
1648.2665165521498,22231
1517.9443760305935,22232
1413.524564843614,22233
864.3686634266784,22234
1315.757859780853,22235
0.0,22236
1281.7579278979897,22237
0.0,22238
1207.4076870018212,22239
0.0,22240
0.0,22241
0.0,22242
0.0,22243
0.0,22244
1122.1138014608232,22245
2212.2806264860674,22246
1200.4522519202112,22247
0.0,22248
0.0,22249
1040.7092494859276,22250
859.4708630826228,22251
687.9569167543461,22252
0.0,22253
0.0,22254
0.0,22255
0.0,22256
0.0,22257
0.0,22258
0.0,22259
0.0,22260
0.0,22261
0.0,22262
0.0,22263
0.0,22264
0.0,22265
0.0,22266
0.0,22267
0.0,22268
0.0,22269
0.0,22270
0.0,22271
0.0,22272
0.0,22273
0.0,22274
0.0,22275
0.0,22276
0.0,22277
0.0,22278
0.0,22279
0.0,22280
429.90366519134363,22281
0.0,22282
0.0,22283
0.0,22284
0.0,22285
0.0,22286
0.0,22287
0.0,22288
0.0,22289
0.0,22290
0.0,22291
0.0,22292
0.0,22293
0.0,22294
0.0,22295
0.0,22296
0.0,22297
0.0,22298
0.0,22299
0.0,22300
0.0,22301
0.0,22302
0.0,22303
0.0,22304
0.0,22305
739.5997136883423,22306
0.0,22307
0.0,22308
0.0,22309
0.0,22310
0.0,22311
0.0,22312
0.0,22313
0.0,22314
0.0,22315
0.12188854835908251,22316
0.0,22317
0.0,22318
0.0,22319
0.0,22320
0.0,22321
0.0,22322
0.0,22323
0.0,22324
0.0,22325
137.16035135469434,22326
0.0,22327
777.7148203936412,22328
0.0,22329
0.0,22330
0.0,22331
0.0,22332
0.0,22333
0.0,22334
815.6322532512227,22335
0.0,22336
11528.264370262763,22337
0.0,22338
0.0,22339
943.0771975947847,22340
0.0,22341
0.0,22342
0.0,22343
526.95578632367,22344
0.0,22345
0.0,22346
0.0,22347
0.0,22348
0.0,22349
0.0,22350
0.0,22351
0.0,22352
496.77129553987004,22353
0.0,22354
0.0,22355
990.5257715437663,22356
0.0,22357
2094.8425177090235,22358
1213.8644553586696,22359
18370.110537987268,22360
0.0,22361
0.0,22362
0.0,22363
794.7443186263874,22364
0.0,22365
0.0,22366
0.0,22367
2144.8262301457967,22368
441.0639672971388,22369
1336.4508270782896,22370
0.0,22371
0.0,22372
0.0,22373
0.0,22374
0.0,22375
0.0,22376
0.0,22377
0.0,22378
0.0,22379
0.0,22380
1071.8509330814347,22381
0.0,22382
0.0,22383
0.0,22384
0.0,22385
0.0,22386
0.0,22387
0.0,22388
0.0,22389
0.0,22390
0.0,22391
0.0,22392
0.0,22393
532.0109604265833,22394
0.0,22395
0.0,22396
763.3215501223011,22397
0.0,22398
0.0,22399
0.0,22400
0.0,22401
0.0,22402
0.0,22403
0.0,22404
953.2963203934956,22405
0.0,22406
0.0,22407
0.0,22408
0.0,22409
0.0,22410
0.0,22411
0.0,22412
1103.1920323523,22413
0.0,22414
0.0,22415
996.6952740647448,22416
0.0,22417
0.0,22418
0.0,22419
0.0,22420
0.0,22421
0.0,22422
70.56560902651664,22423
0.0,22424
1556.3382774550967,22425
0.0,22426
0.0,22427
0.0,22428
0.0,22429
0.0,22430
0.0,22431
0.0,22432
0.0,22433
0.0,22434
0.0,22435
0.0,22436
0.0,22437
0.0,22438
0.0,22439
0.0,22440
1791.9131063062155,22441
0.0,22442
0.0,22443
0.0,22444
0.0,22445
0.0,22446
6618.393156372797,22447
0.0,22448
0.0,22449
1038.0394359002862,22450
0.0,22451
196.6848128036508,22452
0.0,22453
0.0,22454
0.0,22455
0.0,22456
1266.8051607667992,22457
873.8294862461763,22458
0.0,22459
0.0,22460
0.0,22461
0.0,22462
0.0,22463
508.8745725554779,22464
0.0,22465
0.0,22466
0.0,22467
0.0,22468
0.0,22469
0.0,22470
0.0,22471
0.0,22472
0.0,22473
0.0,22474
0.0,22475
0.0,22476
0.0,22477
0.0,22478
0.0,22479
0.0,22480
0.0,22481
0.0,22482
0.0,22483
0.0,22484
0.0,22485
0.0,22486
0.0,22487
0.0,22488
0.0,22489
0.0,22490
3240.0175022121894,22491
2896.5099026914095,22492
0.0,22493
0.0,22494
0.0,22495
0.0,22496
0.0,22497
0.0,22498
8043.8460896149445,22499
0.0,22500
0.0,22501
31.424589494531254,22502
0.0,22503
125.13780242442111,22504
0.0,22505
166.50050781151975,22506
0.0,22507
0.0,22508
0.0,22509
0.0,22510
0.0,22511
1325.5891425885943,22512
673.4060775730574,22513
0.0,22514
262.83923316949307,22515
0.0,22516
0.0,22517
0.0,22518
0.0,22519
68.88304908783012,22520
0.0,22521
0.0,22522
0.0,22523
0.0,22524
0.0,22525
0.0,22526
0.0,22527
0.0,22528
0.0,22529
0.0,22530
0.0,22531
0.0,22532
0.0,22533
0.0,22534
0.0,22535
0.0,22536
0.0,22537
260.3827773611051,22538
0.0,22539
0.0,22540
0.0,22541
0.0,22542
0.0,22543
0.0,22544
0.0,22545
0.0,22546
0.0,22547
0.0,22548
0.0,22549
0.0,22550
0.0,22551
0.0,22552
213.8755346206317,22553
122.86562587059596,22554
0.0,22555
0.0,22556
516.2109126127324,22557
0.0,22558
0.0,22559
0.0,22560
0.0,22561
0.0,22562
4108.70769025586,22563
0.0,22564
885.7306371909765,22565
572.5566787431256,22566
0.0,22567
1674.2127890703102,22568
1619.4850280579624,22569
970.5869618847058,22570
0.0,22571
0.0,22572
613.794677976139,22573
681.4516405860232,22574
0.0,22575
0.0,22576
1942.466378294983,22577
666.253855200786,22578
0.0,22579
0.0,22580
0.0,22581
636.7895290670238,22582
0.0,22583
0.0,22584
0.0,22585
0.0,22586
0.0,22587
454.682206187114,22588
235.03022348059284,22589
1041.3451994379259,22590
1443.7416855694798,22591
41.340036332765784,22592
0.0,22593
878.440756524183,22594
1371.2853549630815,22595
0.0,22596
0.0,22597
1637.2920521954675,22598
0.0,22599
1274.2347514053752,22600
0.0,22601
0.0,22602
1251.6025983117017,22603
1434.7366129186028,22604
0.0,22605
0.0,22606
1136.7213568316179,22607
1383.1872609197324,22608
0.0,22609
0.0,22610
3019.142633836945,22611
2963.0889721968274,22612
2793.54542318337,22613
2596.0116306711493,22614
2363.1045403340154,22615
0.0,22616
0.0,22617
0.0,22618
0.0,22619
0.0,22620
444.522461397875,22621
0.0,22622
0.0,22623
0.0,22624
0.0,22625
0.0,22626
0.0,22627
0.0,22628
4.183246968909895,22629
0.0,22630
0.0,22631
0.0,22632
0.0,22633
886.5292224162096,22634
0.0,22635
0.0,22636
0.0,22637
355.7348962156485,22638
0.0,22639
1995.112186276429,22640
0.0,22641
426.13357033771,22642
933.5142399770697,22643
0.0,22644
413.90157580842464,22645
1374.7922250656484,22646
413.7188056973412,22647
0.0,22648
623.7215280837468,22649
1804.3454947109408,22650
3105.4022706555625,22651
0.0,22652
0.0,22653
0.0,22654
192.86977319621758,22655
0.824531510020901,22656
0.0,22657
0.0,22658
0.0,22659
2169.6984135008547,22660
2754.5008704578295,22661
0.0,22662
0.0,22663
2702.806004709821,22664
0.0,22665
0.0,22666
0.0,22667
0.0,22668
0.0,22669
2571.541599005124,22670
0.0,22671
0.0,22672
0.0,22673
7229.751271069896,22674
0.0,22675
753.7410348196096,22676
0.0,22677
0.0,22678
0.0,22679
0.0,22680
0.0,22681
0.0,22682
0.0,22683
0.0,22684
0.0,22685
0.0,22686
0.0,22687
5494.50453156275,22688
0.0,22689
0.0,22690
0.0,22691
0.0,22692
1108.3430013838397,22693
361.226110441223,22694
334.554818846,22695
0.0,22696
31.016727942163115,22697
0.0,22698
0.0,22699
0.0,22700
800.1101859830218,22701
0.0,22702
0.0,22703
0.0,22704
0.0,22705
0.0,22706
0.0,22707
0.0,22708
0.0,22709
0.0,22710
0.0,22711
0.0,22712
0.0,22713
0.0,22714
0.0,22715
0.0,22716
0.0,22717
0.0,22718
0.0,22719
0.0,22720
0.0,22721
0.0,22722
0.0,22723
3332.651235369579,22724
0.0,22725
0.0,22726
0.0,22727
0.0,22728
0.0,22729
0.0,22730
0.0,22731
0.0,22732
0.0,22733
0.0,22734
0.0,22735
0.0,22736
0.0,22737
0.0,22738
0.0,22739
0.0,22740
0.0,22741
0.0,22742
0.0,22743
3974.32471319621,22744
0.0,22745
0.0,22746
0.0,22747
0.0,22748
0.0,22749
0.0,22750
0.0,22751
0.0,22752
0.0,22753
1682.559306629128,22754
0.0,22755
0.0,22756
0.0,22757
0.0,22758
0.0,22759
0.0,22760
0.0,22761
337.7598208933584,22762
0.0,22763
0.0,22764
0.0,22765
0.0,22766
552.4353775022041,22767
0.0,22768
1119.0664360415992,22769
13.582984696953641,22770
0.0,22771
0.0,22772
0.0,22773
977.7723734645996,22774
0.0,22775
0.0,22776
2414.2974203971903,22777
0.0,22778
0.0,22779
266.7453003132547,22780
0.0,22781
0.0,22782
0.0,22783
184.42774252783093,22784
0.0,22785
1750.5527841078986,22786
680.4895181723431,22787
2337.971157787282,22788
0.0,22789
0.0,22790
0.0,22791
0.0,22792
0.0,22793
0.0,22794
0.0,22795
0.0,22796
0.0,22797
406.97255086848673,22798
0.0,22799
0.0,22800
316.52270521289904,22801
940.0198153856007,22802
165.11008212331146,22803
299.12654214748375,22804
0.0,22805
0.0,22806
604.6567921787215,22807
0.0,22808
0.0,22809
0.0,22810
0.0,22811
0.0,22812
1880.1355351678405,22813
1021.9255059932175,22814
0.0,22815
0.0,22816
118.31031372414813,22817
0.0,22818
0.0,22819
0.0,22820
0.0,22821
0.0,22822
0.0,22823
587.4235035530951,22824
23.852733188737357,22825
0.0,22826
0.0,22827
1243.8159056952795,22828
0.0,22829
1121.129855456205,22830
0.0,22831
0.0,22832
43.706638393589735,22833
0.0,22834
0.0,22835
0.0,22836
7.900370972263796,22837
0.0,22838
0.0,22839
573.1243618586674,22840
0.0,22841
0.0,22842
0.0,22843
0.0,22844
0.0,22845
396.7580183017015,22846
0.0,22847
0.0,22848
0.0,22849
0.0,22850
0.0,22851
0.0,22852
0.0,22853
0.0,22854
0.0,22855
0.0,22856
0.0,22857
0.0,22858
830.0248934071413,22859
0.0,22860
0.0,22861
0.0,22862
2682.313095000616,22863
3456.113553127439,22864
0.0,22865
0.0,22866
312.0123481975595,22867
0.0,22868
0.0,22869
436.8057286093229,22870
0.0,22871
0.0,22872
556.015159139606,22873
0.0,22874
0.0,22875
0.0,22876
0.0,22877
1784.3462438118177,22878
0.0,22879
0.0,22880
0.0,22881
0.0,22882
0.0,22883
807.2547190204143,22884
0.0,22885
0.0,22886
0.0,22887
0.0,22888
0.0,22889
0.0,22890
0.0,22891
0.0,22892
0.0,22893
0.0,22894
0.0,22895
0.0,22896
0.0,22897
0.0,22898
0.0,22899
0.0,22900
0.0,22901
0.0,22902
0.0,22903
0.0,22904
0.0,22905
0.0,22906
0.0,22907
0.0,22908
0.0,22909
0.0,22910
0.0,22911
0.0,22912
0.0,22913
0.0,22914
0.0,22915
0.0,22916
0.0,22917
0.0,22918
0.0,22919
0.0,22920
0.0,22921
0.0,22922
10548.713941912047,22923
0.0,22924
0.0,22925
0.0,22926
0.0,22927
0.0,22928
0.0,22929
0.0,22930
0.0,22931
0.0,22932
0.0,22933
0.0,22934
0.0,22935
0.0,22936
0.0,22937
0.0,22938
0.0,22939
0.0,22940
0.0,22941
0.0,22942
0.0,22943
0.0,22944
0.0,22945
0.0,22946
0.0,22947
0.0,22948
0.0,22949
0.0,22950
0.0,22951
0.0,22952
0.0,22953
0.0,22954
0.0,22955
0.0,22956
0.0,22957
0.0,22958
542.4455544085555,22959
0.0,22960
0.0,22961
0.0,22962
0.0,22963
0.0,22964
0.0,22965
4169.784869206038,22966
876.9016566730016,22967
1014.5928083167013,22968
81.79887053017862,22969
1050.7580938704466,22970
1174.2568989765252,22971
1219.9704687507908,22972
0.0,22973
0.0,22974
2260.591840471159,22975
639.2153797070874,22976
4086.980175783436,22977
0.0,22978
0.0,22979
0.0,22980
0.0,22981
0.0,22982
0.0,22983
0.0,22984
0.0,22985
0.0,22986
825.3637913502822,22987
0.0,22988
0.0,22989
0.0,22990
0.0,22991
0.0,22992
0.0,22993
0.0,22994
5694.962447877749,22995
0.0,22996
0.0,22997
0.0,22998
0.0,22999
187.48965254986751,23000
0.0,23001
0.0,23002
0.0,23003
0.0,23004
0.0,23005
0.0,23006
521.9682257329277,23007
0.0,23008
0.0,23009
986.9578265010439,23010
0.0,23011
16.402900787613074,23012
1389.7217042187674,23013
2196.845756947159,23014
2802.707638365544,23015
811.0012315013511,23016
6635.227097367231,23017
3038.0938421056044,23018
1619.7811241489944,23019
0.0,23020
0.0,23021
2784.80509522844,23022
1549.0891938706868,23023
0.0,23024
1574.2139939036729,23025
1491.8098564778395,23026
1149.1576595905158,23027
1088.7673445147964,23028
0.0,23029
0.0,23030
0.0,23031
4949.611554576964,23032
0.0,23033
0.0,23034
4907.475763649874,23035
0.0,23036
0.0,23037
0.0,23038
0.0,23039
0.0,23040
0.0,23041
0.0,23042
0.0,23043
0.0,23044
2001.7338705692164,23045
2041.5633471747115,23046
0.0,23047
8550.735762253651,23048
0.0,23049
0.0,23050
0.0,23051
0.0,23052
0.0,23053
0.0,23054
0.0,23055
0.0,23056
0.0,23057
0.0,23058
4005.981951880849,23059
0.0,23060
7705.7043379760935,23061
0.0,23062
0.0,23063
0.0,23064
0.0,23065
0.0,23066
0.0,23067
0.0,23068
656.4326518802967,23069
1545.5633663023184,23070
0.0,23071
1353.17781319725,23072
499.4464907227422,23073
0.0,23074
449.35877027310954,23075
2138.0977862675863,23076
0.0,23077
377.56846635006127,23078
0.0,23079
301.8533114293748,23080
0.0,23081
412.1121110827458,23082
0.0,23083
63.4692476469346,23084
0.0,23085
0.0,23086
0.0,23087
0.0,23088
158.04054426685,23089
0.0,23090
432.44564694254666,23091
0.0,23092
0.0,23093
0.0,23094
45.64028655613829,23095
0.0,23096
2855.69555484949,23097
1516.6633245245773,23098
266.82321796135426,23099
0.0,23100
0.0,23101
0.0,23102
0.0,23103
0.0,23104
0.0,23105
0.0,23106
0.0,23107
0.0,23108
0.0,23109
0.0,23110
0.0,23111
0.0,23112
0.0,23113
0.0,23114
0.0,23115
0.0,23116
0.0,23117
0.0,23118
0.0,23119
0.0,23120
0.0,23121
0.0,23122
0.0,23123
0.0,23124
0.0,23125
0.0,23126
0.0,23127
0.0,23128
0.0,23129
0.0,23130
0.0,23131
0.0,23132
0.0,23133
0.0,23134
6.967046227597076,23135
0.0,23136
0.0,23137
0.0,23138
0.0,23139
0.0,23140
0.0,23141
0.0,23142
0.0,23143
0.0,23144
0.0,23145
0.0,23146
0.0,23147
0.0,23148
0.0,23149
0.0,23150
0.0,23151
0.0,23152
0.0,23153
0.0,23154
0.0,23155
0.0,23156
0.0,23157
0.0,23158
0.0,23159
0.0,23160
0.0,23161
0.0,23162
0.0,23163
0.0,23164
0.0,23165
0.0,23166
0.0,23167
0.0,23168
0.0,23169
0.0,23170
0.0,23171
0.0,23172
0.0,23173
0.0,23174
0.0,23175
0.0,23176
0.0,23177
334.6964608217682,23178
0.0,23179
0.0,23180
0.0,23181
0.0,23182
0.0,23183
0.0,23184
0.0,23185
0.0,23186
0.0,23187
0.0,23188
0.0,23189
0.0,23190
0.0,23191
0.0,23192
0.0,23193
0.0,23194
0.0,23195
0.0,23196
0.0,23197
0.0,23198
1253.466192981522,23199
0.0,23200
0.0,23201
744.3916036045592,23202
0.0,23203
0.0,23204
0.0,23205
0.0,23206
740.7069991167108,23207
0.0,23208
974.5902398875525,23209
0.0,23210
0.0,23211
26.885607268433734,23212
0.0,23213
0.0,23214
0.0,23215
0.0,23216
698.1613260848787,23217
0.0,23218
693.1262094083941,23219
218.66652690794487,23220
0.0,23221
446.5409437393614,23222
0.0,23223
0.0,23224
0.0,23225
0.0,23226
0.0,23227
0.0,23228
0.0,23229
0.0,23230
0.0,23231
0.0,23232
0.0,23233
0.0,23234
0.0,23235
0.0,23236
0.0,23237
0.0,23238
0.0,23239
0.0,23240
0.0,23241
0.0,23242
0.0,23243
0.0,23244
0.0,23245
0.0,23246
0.0,23247
0.0,23248
0.0,23249
502.5299359245613,23250
8.584178239005091,23251
0.0,23252
278.78535345548636,23253
0.0,23254
0.0,23255
546.1092563126045,23256
0.0,23257
0.0,23258
1523.912903579059,23259
0.0,23260
0.0,23261
0.0,23262
0.0,23263
0.0,23264
0.0,23265
0.0,23266
0.0,23267
0.0,23268
0.0,23269
0.0,23270
0.0,23271
0.0,23272
0.0,23273
0.0,23274
0.0,23275
1596.087917591519,23276
0.0,23277
0.0,23278
0.0,23279
2238.885238761528,23280
50.08337659423765,23281
3324.480243067999,23282
300.6483548878641,23283
0.0,23284
0.0,23285
0.0,23286
0.0,23287
249.66099105390217,23288
3506.328964670042,23289
3790.6219385978775,23290
0.0,23291
3839.2671304070486,23292
0.0,23293
0.0,23294
0.0,23295
0.0,23296
0.0,23297
0.0,23298
6798.052955411195,23299
0.0,23300
0.0,23301
0.0,23302
0.0,23303
0.0,23304
0.0,23305
0.0,23306
0.0,23307
325.76400339269605,23308
0.0,23309
0.0,23310
0.0,23311
0.0,23312
0.0,23313
0.0,23314
0.0,23315
0.0,23316
0.0,23317
0.0,23318
0.0,23319
439.02917912088265,23320
0.0,23321
0.0,23322
0.0,23323
881.2504640753398,23324
0.0,23325
0.0,23326
0.0,23327
0.0,23328
265.0000012145169,23329
552.1703064055155,23330
0.0,23331
0.0,23332
0.0,23333
0.0,23334
0.0,23335
51.61797933280558,23336
0.39966928669813223,23337
199.41174398925673,23338
0.0,23339
0.0,23340
0.0,23341
0.0,23342
0.0,23343
0.0,23344
0.0,23345
0.0,23346
0.0,23347
0.0,23348
0.0,23349
0.0,23350
0.0,23351
0.0,23352
0.0,23353
0.0,23354
0.0,23355
0.0,23356
0.0,23357
20245.409968677708,23358
0.0,23359
0.0,23360
0.0,23361
0.0,23362
8602.241007069859,23363
0.0,23364
0.0,23365
0.0,23366
7526.683302601954,23367
0.0,23368
0.0,23369
0.0,23370
0.0,23371
0.0,23372
0.0,23373
0.0,23374
961.3943227595634,23375
0.0,23376
0.0,23377
0.0,23378
0.0,23379
0.0,23380
0.0,23381
0.0,23382
0.0,23383
0.0,23384
0.0,23385
0.0,23386
0.0,23387
0.0,23388
0.0,23389
872.7020974792642,23390
0.0,23391
0.0,23392
0.0,23393
1086.9604824610756,23394
933.8848033887559,23395
754.8988636382987,23396
1673.8776522831427,23397
0.0,23398
995.344368247952,23399
830.4156779962971,23400
0.0,23401
397.73603872337037,23402
0.0,23403
0.0,23404
0.0,23405
3202.593366986887,23406
0.0,23407
0.0,23408
0.0,23409
545.5921165518968,23410
454.5626980630821,23411
0.0,23412
0.0,23413
0.0,23414
0.0,23415
2937.6234184245895,23416
0.0,23417
0.0,23418
0.0,23419
0.0,23420
0.0,23421
0.0,23422
0.0,23423
0.0,23424
0.0,23425
0.0,23426
0.0,23427
0.0,23428
0.0,23429
0.0,23430
0.0,23431
0.0,23432
602.6211588575802,23433
0.0,23434
0.0,23435
0.0,23436
0.0,23437
0.0,23438
0.0,23439
0.0,23440
0.0,23441
0.0,23442
0.0,23443
0.0,23444
0.0,23445
0.0,23446
0.0,23447
0.0,23448
0.0,23449
0.0,23450
0.0,23451
0.0,23452
0.0,23453
0.0,23454
0.0,23455
0.0,23456
0.0,23457
0.0,23458
0.0,23459
0.0,23460
0.0,23461
0.0,23462
0.0,23463
0.0,23464
0.0,23465
0.0,23466
0.0,23467
0.0,23468
0.0,23469
0.0,23470
0.0,23471
0.0,23472
0.0,23473
0.0,23474
0.0,23475
0.0,23476
0.0,23477
0.0,23478
0.0,23479
0.0,23480
0.0,23481
0.0,23482
0.0,23483
0.0,23484
0.0,23485
0.0,23486
0.0,23487
0.0,23488
0.0,23489
0.0,23490
0.0,23491
0.0,23492
0.0,23493
0.0,23494
0.0,23495
0.0,23496
0.0,23497
0.0,23498
0.0,23499
0.0,23500
0.0,23501
2462.7862345881435,23502
0.0,23503
0.0,23504
0.0,23505
0.0,23506
972.1810523174876,23507
919.767643190231,23508
0.0,23509
0.0,23510
0.0,23511
0.0,23512
0.0,23513
0.0,23514
0.0,23515
0.0,23516
0.0,23517
0.0,23518
0.0,23519
190.5237122266449,23520
0.0,23521
0.0,23522
0.0,23523
898.5451436120421,23524
0.0,23525
88.05399141300701,23526
179.21910902554464,23527
0.0,23528
668.5679669169275,23529
1104.6421697690296,23530
108.08688004638648,23531
0.0,23532
1283.4890822175578,23533
5.52580892733916,23534
0.0,23535
0.0,23536
0.0,23537
1125.8584063625362,23538
985.9427099123747,23539
0.0,23540
0.0,23541
0.0,23542
0.0,23543
3982.6517839358844,23544
0.0,23545
0.0,23546
0.0,23547
0.0,23548
0.0,23549
0.0,23550
0.0,23551
0.0,23552
0.0,23553
0.0,23554
0.0,23555
0.0,23556
0.0,23557
2105.7412264788773,23558
0.0,23559
210.76055484362885,23560
720.4620401627446,23561
0.0,23562
0.0,23563
333.11624313862023,23564
847.3784903956152,23565
0.0,23566
201.46674748613864,23567
0.0,23568
922.4706545138741,23569
639.5710431932791,23570
503.5002150634957,23571
517.8778391600125,23572
2831.7176944493804,23573
462.4298952534277,23574
0.0,23575
417.7682040780048,23576
0.0,23577
0.0,23578
555.7599478121122,23579
432.5644655969854,23580
483.16268736954373,23581
0.0,23582
0.0,23583
0.0,23584
471.69520154864506,23585
0.0,23586
1494.379512780189,23587
786.7976650651217,23588
15.875721776970748,23589
1325.832594118336,23590
1209.1362842795825,23591
1360.6610402669357,23592
0.0,23593
1430.0071623382353,23594
2915.5995965178263,23595
2942.6084180847706,23596
2953.0240134809987,23597
1715.983143818665,23598
525.299299897648,23599
483.5005607947061,23600
600.560947290214,23601
2979.9698705154483,23602
1019.6688705646491,23603
0.0,23604
0.0,23605
445.26149097209327,23606
0.0,23607
358.0140672032512,23608
0.0,23609
533.544100313301,23610
0.0,23611
1211.8326153508442,23612
695.524711684786,23613
0.0,23614
0.0,23615
0.0,23616
1348.0943126733293,23617
329.21271205243517,23618
291.2455847076288,23619
269.4229735924935,23620
111.37950519661844,23621
676.6606093821616,23622
2744.899784181289,23623
0.0,23624
147.9460532200064,23625
108.98435786614523,23626
94.8084429474749,23627
98.61229272509198,23628
1512.382750333678,23629
950.2357185006842,23630
653.4157760054778,23631
584.6776635267947,23632
44.07828874484308,23633
3202.1115433338855,23634
0.0,23635
0.0,23636
1042.3938408217819,23637
0.0,23638
2049.426704186257,23639
0.0,23640
3878.4814223518783,23641
0.0,23642
0.0,23643
1412.4562240505581,23644
0.0,23645
2337.96195003773,23646
0.0,23647
1006.96229239292,23648
1290.0398773551149,23649
0.0,23650
64.1315311603527,23651
0.0,23652
1149.2438450797686,23653
1534.1042005153745,23654
1334.3315264841337,23655
2978.558102863706,23656
0.0,23657
1912.883760310777,23658
1903.6027136580005,23659
931.5536967365981,23660
0.0,23661
901.4354954609536,23662
0.0,23663
2313.702337075777,23664
2317.676217302,23665
2133.156928551015,23666
394.65242952208723,23667
0.0,23668
0.0,23669
1942.1816247639708,23670
1878.5414631081112,23671
0.0,23672
108.24304511954077,23673
1783.9939138263283,23674
134.77589339543397,23675
9.47576809016816,23676
1.1074592323984542,23677
0.0,23678
963.7146835646851,23679
0.0,23680
0.0,23681
0.0,23682
5.136763375104605,23683
4953.082385303772,23684
1017.1430206758947,23685
0.0,23686
1059.800558290466,23687
1398.7262595864331,23688
0.0,23689
1501.9695520061343,23690
5018.915483822968,23691
0.0,23692
0.0,23693
0.0,23694
0.0,23695
0.0,23696
0.0,23697
1156.914025322327,23698
0.0,23699
0.0,23700
0.0,23701
0.0,23702
0.0,23703
0.0,23704
2889.8325220762554,23705
3030.475740174149,23706
0.0,23707
0.0,23708
0.0,23709
0.0,23710
0.0,23711
0.0,23712
1161.2070033560744,23713
0.0,23714
0.0,23715
0.0,23716
0.0,23717
0.0,23718
0.0,23719
0.0,23720
0.0,23721
0.0,23722
0.0,23723
0.0,23724
0.0,23725
0.0,23726
0.0,23727
0.0,23728
0.0,23729
0.0,23730
0.0,23731
0.0,23732
0.0,23733
376.71717797410037,23734
460.9396165705717,23735
0.0,23736
0.0,23737
0.0,23738
0.0,23739
0.0,23740
0.0,23741
0.0,23742
0.0,23743
800.9923826477158,23744
487.05179303206063,23745
0.0,23746
0.0,23747
0.0,23748
0.0,23749
652.8348306444246,23750
0.0,23751
0.0,23752
0.0,23753
0.0,23754
0.0,23755
0.0,23756
0.0,23757
0.0,23758
0.0,23759
0.0,23760
0.0,23761
1213.7913136257353,23762
0.0,23763
0.0,23764
0.0,23765
0.0,23766
0.0,23767
0.0,23768
0.0,23769
0.0,23770
0.0,23771
2520.111628575495,23772
0.0,23773
0.0,23774
0.0,23775
0.0,23776
0.0,23777
0.0,23778
0.0,23779
0.0,23780
0.0,23781
0.0,23782
0.0,23783
0.0,23784
0.0,23785
0.0,23786
0.0,23787
0.0,23788
0.0,23789
0.0,23790
0.0,23791
0.0,23792
914.6916545399006,23793
1105.3776414307863,23794
1012.7975547913842,23795
287.73969726870837,23796
419.75073746365706,23797
0.0,23798
0.0,23799
0.0,23800
0.0,23801
0.0,23802
0.0,23803
0.0,23804
138.0274635041006,23805
0.0,23806
0.0,23807
0.0,23808
0.0,23809
0.0,23810
0.0,23811
0.0,23812
0.0,23813
0.0,23814
0.0,23815
0.0,23816
0.0,23817
0.0,23818
0.0,23819
833.1570558717635,23820
0.0,23821
1261.3566257207913,23822
1167.2011745365044,23823
0.0,23824
0.0,23825
0.0,23826
0.0,23827
179.72091905535368,23828
0.0,23829
0.0,23830
0.0,23831
143.00260110181088,23832
92.2360836149665,23833
0.0,23834
0.0,23835
0.0,23836
0.0,23837
0.0,23838
0.0,23839
0.0,23840
0.0,23841
0.0,23842
0.0,23843
299.03489706557696,23844
0.0,23845
0.0,23846
0.0,23847
0.0,23848
0.0,23849
0.0,23850
0.0,23851
0.0,23852
473.31221603840726,23853
463.16108579305336,23854
0.0,23855
0.0,23856
57.94740291539025,23857
26.218175574714454,23858
0.0,23859
0.0,23860
0.0,23861
0.0,23862
0.0,23863
0.0,23864
0.0,23865
0.0,23866
0.0,23867
0.0,23868
0.0,23869
0.0,23870
0.0,23871
0.0,23872
0.0,23873
0.0,23874
0.0,23875
38.86931574872299,23876
0.0,23877
531.7767352511056,23878
11189.677853098387,23879
5377.436147662072,23880
5991.996021913485,23881
0.0,23882
0.0,23883
0.0,23884
0.0,23885
866.1780544060173,23886
0.0,23887
0.0,23888
0.0,23889
0.0,23890
0.0,23891
0.0,23892
0.0,23893
0.0,23894
0.0,23895
153.81961720255902,23896
0.0,23897
0.0,23898
0.0,23899
0.0,23900
8008.0381607299105,23901
0.0,23902
4863.359230674004,23903
0.0,23904
0.0,23905
0.0,23906
0.0,23907
0.0,23908
0.0,23909
4089.952966596068,23910
0.0,23911
0.0,23912
0.0,23913
0.0,23914
1432.459215358993,23915
319.7673046749983,23916
290.7194355380096,23917
0.0,23918
0.0,23919
0.0,23920
0.0,23921
0.0,23922
0.0,23923
0.0,23924
0.0,23925
0.0,23926
480.2642107642379,23927
0.0,23928
0.0,23929
0.0,23930
0.0,23931
0.0,23932
0.0,23933
0.0,23934
0.0,23935
0.0,23936
0.0,23937
0.0,23938
0.0,23939
0.0,23940
0.0,23941
0.0,23942
0.0,23943
0.0,23944
0.0,23945
0.0,23946
0.0,23947
0.0,23948
0.0,23949
414.1732217411575,23950
0.0,23951
2811.73279185007,23952
0.0,23953
4973.8363856670985,23954
779.2595692463714,23955
3597.384435341938,23956
3442.051636419748,23957
1191.067401219482,23958
1060.1592458760833,23959
2404.044660953742,23960
5915.395787054148,23961
0.0,23962
0.0,23963
0.0,23964
0.0,23965
0.0,23966
0.0,23967
0.0,23968
0.0,23969
0.0,23970
0.0,23971
0.0,23972
0.0,23973
0.0,23974
0.0,23975
15.23479176805464,23976
0.0,23977
0.0,23978
0.0,23979
0.0,23980
0.0,23981
0.0,23982
0.0,23983
0.0,23984
116.50681992810459,23985
95.23930200703084,23986
0.0,23987
0.0,23988
0.0,23989
0.0,23990
6056.214888074413,23991
1987.2389408900258,23992
0.0,23993
2277.3461184300645,23994
0.0,23995
0.0,23996
719.3070005082908,23997
0.0,23998
0.0,23999
0.0,24000
7019.33140500138,24001
0.0,24002
0.0,24003
0.0,24004
1414.2200830241318,24005
352.1212063632959,24006
0.0,24007
0.0,24008
0.0,24009
0.0,24010
0.0,24011
2628.2615499891385,24012
0.0,24013
0.0,24014
0.0,24015
0.0,24016
0.0,24017
0.0,24018
0.0,24019
0.0,24020
0.0,24021
0.0,24022
0.0,24023
0.0,24024
0.0,24025
582.6099534664227,24026
0.0,24027
0.0,24028
0.0,24029
1177.0538188903133,24030
0.0,24031
0.0,24032
0.0,24033
0.0,24034
0.0,24035
0.0,24036
0.0,24037
0.0,24038
0.0,24039
0.0,24040
0.0,24041
0.0,24042
0.0,24043
0.0,24044
0.0,24045
0.0,24046
0.0,24047
0.0,24048
0.0,24049
0.0,24050
0.0,24051
0.0,24052
0.0,24053
412.9320960324487,24054
468.4238907623322,24055
437.25837531435786,24056
138.60610837560827,24057
296.2405946358077,24058
497.5472221332367,24059
203.22169643027885,24060
0.0,24061
0.0,24062
0.0,24063
0.0,24064
0.0,24065
0.0,24066
0.0,24067
0.0,24068
0.0,24069
1916.6900135687797,24070
0.0,24071
1429.627370004833,24072
0.0,24073
0.0,24074
1.0509719770961443,24075
35.457961739225944,24076
0.0,24077
0.0,24078
0.0,24079
0.0,24080
0.0,24081
0.0,24082
0.0,24083
0.0,24084
0.0,24085
0.0,24086
0.0,24087
0.0,24088
0.0,24089
0.0,24090
0.0,24091
0.0,24092
0.0,24093
65.42920880430351,24094
0.0,24095
0.0,24096
0.0,24097
0.0,24098
1500.4940119893922,24099
1664.0327250029009,24100
0.0,24101
1158.8410091674325,24102
1215.5658345272168,24103
790.1249565402526,24104
1172.8540402543945,24105
0.0,24106
987.3853465158617,24107
964.3630684773335,24108
2643.7117554846513,24109
839.9198957581999,24110
0.0,24111
565.1720023054879,24112
0.0,24113
0.0,24114
0.0,24115
422.72222751274865,24116
0.0,24117
478.92497219136334,24118
0.0,24119
0.0,24120
0.0,24121
0.0,24122
0.0,24123
8701.796127891326,24124
0.0,24125
0.0,24126
0.0,24127
0.0,24128
0.0,24129
0.0,24130
0.0,24131
0.0,24132
0.0,24133
0.0,24134
0.0,24135
0.0,24136
0.0,24137
0.0,24138
0.0,24139
0.0,24140
0.0,24141
137.73746770816285,24142
0.0,24143
0.0,24144
0.0,24145
0.0,24146
0.0,24147
0.0,24148
2062.5598699117495,24149
543.5029539051385,24150
0.0,24151
256.0611588419272,24152
0.0,24153
0.0,24154
0.0,24155
0.0,24156
5192.889113447287,24157
0.0,24158
0.0,24159
1115.6292612767193,24160
0.0,24161
0.0,24162
0.0,24163
0.0,24164
0.0,24165
0.0,24166
0.0,24167
994.7695904156486,24168
0.0,24169
0.0,24170
0.0,24171
0.0,24172
0.0,24173
0.0,24174
0.0,24175
0.0,24176
5242.153753691364,24177
0.0,24178
0.0,24179
0.0,24180
0.0,24181
0.0,24182
0.0,24183
3673.524875259335,24184
0.0,24185
0.0,24186
0.0,24187
0.0,24188
0.0,24189
0.0,24190
0.0,24191
0.0,24192
0.0,24193
0.0,24194
0.0,24195
0.0,24196
0.0,24197
0.0,24198
0.0,24199
0.0,24200
0.0,24201
409.3699370157152,24202
0.0,24203
660.0185639056457,24204
0.0,24205
0.0,24206
0.0,24207
0.0,24208
0.0,24209
0.0,24210
0.0,24211
0.0,24212
1051.076519526744,24213
0.0,24214
675.286882683755,24215
0.0,24216
0.0,24217
0.0,24218
0.0,24219
0.0,24220
0.0,24221
0.0,24222
0.0,24223
0.0,24224
0.0,24225
0.0,24226
0.0,24227
0.0,24228
0.0,24229
0.0,24230
0.0,24231
0.0,24232
0.0,24233
0.0,24234
0.0,24235
0.0,24236
3807.9445072479816,24237
0.0,24238
0.0,24239
0.0,24240
0.0,24241
0.0,24242
0.0,24243
0.0,24244
0.0,24245
154.63154977860708,24246
4107.003543803263,24247
0.0,24248
4773.1740183715465,24249
0.0,24250
0.0,24251
0.0,24252
0.0,24253
0.0,24254
0.0,24255
0.0,24256
0.0,24257
0.0,24258
0.0,24259
0.0,24260
0.0,24261
9.071942210444039,24262
0.0,24263
557.3577282963455,24264
0.0,24265
0.0,24266
0.0,24267
0.0,24268
0.0,24269
0.0,24270
0.0,24271
0.0,24272
0.0,24273
0.0,24274
0.0,24275
0.0,24276
878.8799333127895,24277
1093.1920132737312,24278
908.8033656019693,24279
0.0,24280
1674.8168532939908,24281
1417.0687421137447,24282
0.0,24283
0.0,24284
0.0,24285
0.0,24286
0.0,24287
575.9038069867399,24288
580.4205559087512,24289
0.0,24290
4413.461390280463,24291
0.0,24292
0.0,24293
0.0,24294
665.7721325651049,24295
692.4645848063129,24296
0.0,24297
0.0,24298
1618.0293577782409,24299
737.0866793495877,24300
0.0,24301
0.0,24302
0.0,24303
0.0,24304
0.0,24305
0.0,24306
2922.4475821737788,24307
0.0,24308
0.0,24309
0.0,24310
0.0,24311
0.0,24312
0.0,24313
0.0,24314
0.0,24315
0.0,24316
0.0,24317
710.6042100017582,24318
0.0,24319
0.0,24320
0.0,24321
0.0,24322
860.930552127906,24323
0.0,24324
0.0,24325
0.0,24326
0.0,24327
0.0,24328
0.0,24329
634.0346369329447,24330
0.0,24331
84.26044097699553,24332
3282.106831689471,24333
993.2719114007602,24334
0.0,24335
8939.038142136094,24336
0.0,24337
0.0,24338
0.0,24339
0.0,24340
0.0,24341
0.0,24342
0.0,24343
0.0,24344
0.0,24345
0.0,24346
0.0,24347
173.54131233707827,24348
0.0,24349
3175.308852501114,24350
2339.7496515848343,24351
0.0,24352
3124.5843762260897,24353
0.0,24354
0.0,24355
48.107618097179,24356
1551.9318906931985,24357
0.0,24358
0.0,24359
1004.118917094992,24360
0.0,24361
0.0,24362
0.0,24363
0.0,24364
0.0,24365
0.0,24366
377.7065434535902,24367
100.4420505073738,24368
0.0,24369
930.272052642518,24370
0.0,24371
436.2441028765632,24372
0.0,24373
1317.7448087208354,24374
0.0,24375
775.6823681757413,24376
2130.3023415114544,24377
0.0,24378
1594.2369223808141,24379
0.0,24380
0.0,24381
1685.763627640513,24382
0.0,24383
4434.55067266438,24384
4386.331019338792,24385
367.96054120860526,24386
4457.132782044635,24387
0.0,24388
0.0,24389
522.5177539124076,24390
0.0,24391
738.7178795481639,24392
0.0,24393
0.0,24394
2144.3097914547434,24395
750.7333033393322,24396
0.0,24397
643.0219834389355,24398
645.0539183895852,24399
593.1371266729101,24400
0.0,24401
1044.4815906905185,24402
892.9484500788042,24403
337.11771842297253,24404
791.40177789269,24405
595.8374044983082,24406
0.0,24407
592.1714622131979,24408
1819.031954007187,24409
0.0,24410
1256.0669057533994,24411
842.0807104651911,24412
1815.414863338563,24413
0.0,24414
0.0,24415
15.143829742483474,24416
0.0,24417
4684.753165354377,24418
741.4506881021812,24419
4720.368978233945,24420
0.0,24421
0.0,24422
0.0,24423
0.0,24424
6.074590971050947,24425
789.0241042416493,24426
2628.074425069262,24427
0.0,24428
0.0,24429
4831.96471548529,24430
0.0,24431
336.1179643008433,24432
0.0,24433
945.3891821042566,24434
778.121866773343,24435
658.7857434567472,24436
0.0,24437
0.0,24438
0.0,24439
1954.1218077298358,24440
0.0,24441
0.0,24442
0.0,24443
0.0,24444
0.0,24445
0.0,24446
0.0,24447
0.0,24448
0.0,24449
0.0,24450
0.0,24451
0.0,24452
0.0,24453
0.0,24454
0.0,24455
445.1190974004759,24456
549.8738891524732,24457
0.0,24458
0.0,24459
0.0,24460
0.0,24461
0.0,24462
0.0,24463
0.0,24464
317.408583668552,24465
0.0,24466
0.0,24467
0.0,24468
0.0,24469
0.0,24470
0.0,24471
0.0,24472
0.0,24473
0.0,24474
0.0,24475
0.0,24476
0.0,24477
0.0,24478
0.0,24479
0.0,24480
0.0,24481
0.0,24482
0.0,24483
0.0,24484
0.0,24485
0.0,24486
0.0,24487
0.0,24488
0.0,24489
0.0,24490
0.0,24491
0.0,24492
0.0,24493
0.0,24494
0.0,24495
0.0,24496
0.0,24497
0.0,24498
79.29993260127823,24499
470.1179540379473,24500
0.0,24501
0.0,24502
0.0,24503
0.0,24504
0.0,24505
0.0,24506
0.0,24507
0.0,24508
0.0,24509
0.0,24510
0.0,24511
0.0,24512
0.0,24513
0.0,24514
0.0,24515
0.0,24516
0.0,24517
0.0,24518
0.0,24519
0.0,24520
0.0,24521
1229.3528437183593,24522
0.0,24523
0.0,24524
0.0,24525
0.0,24526
0.0,24527
0.0,24528
0.0,24529
0.0,24530
1171.018025045578,24531
0.0,24532
0.0,24533
0.0,24534
0.0,24535
0.0,24536
0.0,24537
0.0,24538
1172.603582568305,24539
4102.2179948070025,24540
0.0,24541
0.0,24542
0.0,24543
0.0,24544
0.0,24545
0.0,24546
0.0,24547
0.0,24548
0.0,24549
2861.0249836461385,24550
0.0,24551
0.0,24552
0.0,24553
0.0,24554
0.0,24555
0.0,24556
0.0,24557
0.0,24558
0.0,24559
0.0,24560
0.0,24561
0.0,24562
0.0,24563
496.6853729222239,24564
0.0,24565
0.0,24566
0.0,24567
1086.9521975649827,24568
0.0,24569
0.0,24570
0.0,24571
0.0,24572
6514.283996450241,24573
0.0,24574
2974.7836488566377,24575
0.0,24576
0.0,24577
0.0,24578
0.0,24579
0.0,24580
0.0,24581
770.8737968065658,24582
0.0,24583
0.0,24584
0.0,24585
0.0,24586
0.0,24587
0.0,24588
0.0,24589
0.0,24590
0.0,24591
0.0,24592
0.0,24593
0.0,24594
0.0,24595
0.0,24596
0.0,24597
0.0,24598
0.0,24599
0.0,24600
0.0,24601
0.0,24602
0.0,24603
0.0,24604
0.0,24605
0.0,24606
0.0,24607
0.0,24608
0.0,24609
0.0,24610
131.4451528846502,24611
7.002443676689075,24612
141.46083272576533,24613
240.15273063410504,24614
395.1896138940467,24615
432.5087677935639,24616
442.28036585679354,24617
413.94259091481086,24618
381.8307647088212,24619
0.0,24620
0.0,24621
0.0,24622
0.0,24623
0.0,24624
351.9077654009326,24625
122.40183644232158,24626
0.0,24627
0.0,24628
0.0,24629
0.0,24630
0.0,24631
0.0,24632
0.0,24633
0.0,24634
0.0,24635
0.0,24636
0.0,24637
0.0,24638
0.0,24639
0.0,24640
0.0,24641
0.0,24642
0.0,24643
0.0,24644
0.0,24645
0.0,24646
0.0,24647
483.7063847382027,24648
1197.190215519073,24649
0.0,24650
0.0,24651
2702.6919638159143,24652
1781.5407330983057,24653
1704.1806382852274,24654
3081.4479540612283,24655
930.2934241354685,24656
784.6107697836386,24657
0.0,24658
0.0,24659
0.0,24660
812.5569376379194,24661
0.0,24662
0.0,24663
831.1341342379559,24664
0.0,24665
2066.86352786783,24666
0.0,24667
0.0,24668
0.0,24669
2412.0992890085877,24670
489.1921061940768,24671
0.0,24672
0.0,24673
1710.2372988260531,24674
2497.37564076549,24675
0.0,24676
0.0,24677
6472.8143985825445,24678
2794.022663672319,24679
0.0,24680
0.0,24681
0.0,24682
0.0,24683
0.0,24684
0.0,24685
0.0,24686
53.82541231675997,24687
0.0,24688
1549.6151612925953,24689
0.0,24690
0.0,24691
0.0,24692
0.0,24693
0.0,24694
0.0,24695
0.0,24696
0.0,24697
0.0,24698
0.0,24699
0.0,24700
0.0,24701
0.0,24702
0.0,24703
24.17250080377991,24704
0.0,24705
0.0,24706
0.0,24707
0.0,24708
1771.8433543423525,24709
0.0,24710
932.4666496442746,24711
0.0,24712
1869.9634949122644,24713
4156.640792604903,24714
0.0,24715
0.0,24716
141.2210084172433,24717
1428.6556200093673,24718
1786.160762372507,24719
0.0,24720
0.0,24721
0.0,24722
2343.358953082044,24723
1690.7191097472667,24724
2497.4520077043753,24725
0.0,24726
0.0,24727
0.0,24728
0.0,24729
0.0,24730
1868.6328778706738,24731
0.0,24732
0.0,24733
0.0,24734
0.0,24735
0.0,24736
0.375596855476793,24737
0.0,24738
0.0,24739
841.8293366018432,24740
0.0,24741
0.0,24742
0.0,24743
0.0,24744
751.8091408267117,24745
330.8053808645096,24746
3372.7485203122956,24747
0.0,24748
0.0,24749
0.0,24750
2051.128322610044,24751
0.0,24752
5385.696949982424,24753
0.0,24754
4438.967399821886,24755
686.7189434056992,24756
1447.5064653690504,24757
0.0,24758
0.0,24759
0.0,24760
3599.1665266692535,24761
0.0,24762
0.0,24763
6754.664971102864,24764
5018.347317143885,24765
1834.3856363005234,24766
5236.765880063818,24767
5412.5982964602945,24768
4696.3196136105,24769
0.0,24770
0.0,24771
0.0,24772
1070.8919402824947,24773
0.0,24774
0.0,24775
0.0,24776
0.0,24777
2180.772995386484,24778
15.016759109622214,24779
143.19329491926362,24780
1357.7139951222505,24781
1325.1297685614165,24782
1916.650566823663,24783
1311.7197235698538,24784
1359.5589162493563,24785
0.0,24786
1727.2721893672356,24787
3820.883532745679,24788
3845.235271083857,24789
0.0,24790
0.0,24791
3865.0768079873174,24792
0.0,24793
0.0,24794
2884.9620569753893,24795
0.0,24796
0.0,24797
2154.4550115749025,24798
0.0,24799
0.0,24800
1204.973824395923,24801
1147.0450246875057,24802
1013.8318350061725,24803
0.0,24804
1292.3247131448377,24805
0.0,24806
0.0,24807
0.0,24808
2603.340571937997,24809
0.0,24810
0.0,24811
0.0,24812
0.0,24813
0.0,24814
0.0,24815
0.0,24816
0.0,24817
0.0,24818
1934.6207781507103,24819
1901.4949446101466,24820
1042.6108226010515,24821
0.0,24822
3218.3675372551643,24823
0.0,24824
777.7054389322325,24825
680.6480640474143,24826
222.58047169725953,24827
0.0,24828
209.7872419775733,24829
4665.168443646806,24830
1812.8878718313404,24831
0.0,24832
0.0,24833
0.0,24834
0.0,24835
0.0,24836
0.0,24837
0.0,24838
0.0,24839
1518.7426031918355,24840
877.2904810940369,24841
0.0,24842
0.0,24843
0.0,24844
0.0,24845
0.0,24846
0.0,24847
49.902000319358486,24848
0.0,24849
0.0,24850
0.0,24851
0.0,24852
0.0,24853
0.0,24854
1498.432221415498,24855
0.0,24856
0.0,24857
0.0,24858
278.8834160121434,24859
0.0,24860
643.7167276700234,24861
0.0,24862
0.0,24863
0.0,24864
265.2253683697028,24865
53.080220548178495,24866
0.0,24867
0.0,24868
0.0,24869
0.0,24870
0.0,24871
498.18611965413425,24872
0.0,24873
0.0,24874
0.0,24875
0.0,24876
0.0,24877
0.0,24878
0.0,24879
0.0,24880
0.0,24881
0.0,24882
0.0,24883
0.0,24884
0.0,24885
0.0,24886
0.0,24887
0.0,24888
0.0,24889
0.0,24890
0.0,24891
0.0,24892
0.0,24893
0.0,24894
2410.344805852532,24895
1079.3327231191138,24896
2466.7182786166572,24897
218.57715254243269,24898
652.4004836327538,24899
3419.5995746080293,24900
555.7812474632875,24901
0.0,24902
279.99195295722325,24903
7.029036820630075,24904
0.0,24905
0.0,24906
0.0,24907
0.0,24908
0.0,24909
0.0,24910
0.0,24911
0.0,24912
0.0,24913
0.0,24914
583.7658842364403,24915
1969.867572105272,24916
0.0,24917
0.0,24918
0.0,24919
1936.9824386582743,24920
0.0,24921
0.0,24922
0.0,24923
0.0,24924
0.0,24925
0.0,24926
611.6928475999183,24927
0.0,24928
0.0,24929
0.0,24930
0.0,24931
4894.853659181944,24932
0.0,24933
6246.096227811721,24934
0.0,24935
6135.686267872821,24936
0.0,24937
0.0,24938
0.0,24939
0.0,24940
0.0,24941
0.0,24942
0.0,24943
488.5861910920212,24944
0.0,24945
0.0,24946
0.0,24947
0.0,24948
0.0,24949
0.0,24950
0.0,24951
0.0,24952
0.0,24953
0.0,24954
0.0,24955
2424.8128579976,24956
0.0,24957
0.0,24958
0.0,24959
492.8205922993484,24960
273.4115161843494,24961
476.71089753510734,24962
0.0,24963
0.0,24964
650.9378822664384,24965
0.0,24966
0.0,24967
0.0,24968
0.0,24969
0.0,24970
0.0,24971
0.0,24972
0.0,24973
0.0,24974
2703.2933564606356,24975
0.0,24976
0.0,24977
0.0,24978
0.0,24979
0.0,24980
0.0,24981
0.0,24982
0.0,24983
3621.41861385083,24984
2615.9848173872115,24985
471.9318715179953,24986
452.96710605227236,24987
0.0,24988
0.0,24989
2330.893472949645,24990
0.0,24991
0.0,24992
0.0,24993
0.0,24994
0.0,24995
0.0,24996
0.0,24997
0.0,24998
0.0,24999
25.462309096546083,25000
3210.225825170759,25001
0.0,25002
1096.3814831862449,25003
2632.7867341528436,25004
0.0,25005
282.092952983054,25006
550.451966701353,25007
971.56996509591,25008
626.8221661515902,25009
631.086376931801,25010
0.0,25011
0.0,25012
0.0,25013
0.0,25014
0.0,25015
0.0,25016
0.0,25017
0.0,25018
0.0,25019
0.0,25020
0.0,25021
0.0,25022
139.072379636448,25023
0.0,25024
0.0,25025
0.0,25026
298.9204545100781,25027
0.0,25028
0.0,25029
0.0,25030
0.0,25031
0.0,25032
0.0,25033
0.0,25034
0.0,25035
0.0,25036
0.0,25037
2614.881827463773,25038
0.0,25039
0.0,25040
80.94342908741024,25041
0.0,25042
0.0,25043
177.7815860758881,25044
0.0,25045
0.0,25046
63.859665426485584,25047
0.0,25048
0.0,25049
0.0,25050
17.93278566793535,25051
0.0,25052
293.2078758814788,25053
0.0,25054
0.0,25055
0.0,25056
0.0,25057
0.0,25058
0.0,25059
0.0,25060
0.0,25061
0.0,25062
0.0,25063
0.0,25064
1382.1533439586954,25065
0.0,25066
0.0,25067
2621.2901609069963,25068
0.0,25069
0.0,25070
0.0,25071
0.0,25072
0.0,25073
122.51824688874478,25074
1031.7608548930186,25075
1158.1436585333117,25076
0.0,25077
1077.2763349160741,25078
953.6689645799167,25079
895.0690320057541,25080
0.0,25081
0.0,25082
1192.6896442585694,25083
0.0,25084
0.0,25085
0.0,25086
0.0,25087
2631.046129265733,25088
0.0,25089
68.3047492962265,25090
1395.876135347885,25091
1668.7228365944234,25092
1788.1267002590516,25093
0.0,25094
2120.8662865205856,25095
0.0,25096
0.0,25097
0.0,25098
0.0,25099
0.0,25100
0.0,25101
0.0,25102
0.0,25103
0.0,25104
0.383704761082982,25105
0.0,25106
0.0,25107
0.0,25108
0.0,25109
0.0,25110
0.0,25111
0.0,25112
0.0,25113
0.0,25114
0.0,25115
0.0,25116
0.0,25117
0.0,25118
0.0,25119
501.45479523245024,25120
0.0,25121
0.0,25122
0.0,25123
0.0,25124
697.0941742016402,25125
0.0,25126
0.0,25127
0.0,25128
0.0,25129
0.0,25130
0.0,25131
0.0,25132
0.0,25133
0.0,25134
0.0,25135
182.14512212585805,25136
0.0,25137
0.0,25138
0.0,25139
0.0,25140
0.0,25141
0.0,25142
0.0,25143
0.0,25144
0.0,25145
0.0,25146
0.0,25147
0.0,25148
0.0,25149
0.0,25150
0.0,25151
914.1471305197972,25152
0.0,25153
0.0,25154
0.0,25155
528.3004424896758,25156
0.0,25157
0.0,25158
0.0,25159
0.0,25160
0.0,25161
0.0,25162
5692.2002612796605,25163
0.0,25164
0.0,25165
0.0,25166
0.0,25167
0.0,25168
0.0,25169
0.0,25170
1152.3646786327258,25171
1065.3883905742277,25172
1577.4962774053142,25173
749.1554003208647,25174
545.9958493132694,25175
118.80614401883471,25176
0.0,25177
0.0,25178
0.0,25179
0.0,25180
0.0,25181
0.0,25182
0.0,25183
0.0,25184
0.0,25185
0.0,25186
0.0,25187
0.0,25188
0.0,25189
0.0,25190
0.0,25191
0.0,25192
0.0,25193
0.0,25194
0.0,25195
434.11101098445477,25196
0.0,25197
0.0,25198
0.0,25199
0.0,25200
1416.9936510056239,25201
0.0,25202
0.0,25203
913.5422464713077,25204
0.0,25205
0.0,25206
0.0,25207
0.0,25208
0.0,25209
0.0,25210
0.0,25211
0.0,25212
0.0,25213
0.0,25214
0.0,25215
502.4949038133354,25216
0.0,25217
0.0,25218
0.0,25219
0.0,25220
0.0,25221
0.0,25222
0.0,25223
0.0,25224
0.0,25225
0.0,25226
5739.342619354581,25227
3011.367416525519,25228
0.0,25229
5673.253605391002,25230
110.39462963691368,25231
213.71724263978447,25232
1948.387261469562,25233
0.0,25234
1977.9083359357385,25235
5375.678660506565,25236
399.6040932819816,25237
75.24680334231648,25238
75.38737878535437,25239
2271.8759038457138,25240
460.65674331361237,25241
750.3645489622622,25242
724.6549420767697,25243
0.0,25244
0.0,25245
703.7130593110064,25246
1185.308053419311,25247
994.8901566291879,25248
2822.139410774896,25249
784.7064224419963,25250
0.0,25251
302.47832038926293,25252
238.0558066744282,25253
0.0,25254
910.943388788996,25255
0.0,25256
307.21926143059534,25257
0.0,25258
51.35972954471167,25259
0.0,25260
0.0,25261
0.0,25262
0.0,25263
116.87995456665581,25264
0.0,25265
0.0,25266
0.0,25267
547.4641085762082,25268
0.0,25269
0.0,25270
0.0,25271
0.0,25272
0.0,25273
0.0,25274
0.0,25275
0.0,25276
0.0,25277
0.0,25278
0.0,25279
0.0,25280
0.0,25281
0.0,25282
516.5940560088916,25283
535.899576650339,25284
553.0389254064731,25285
6903.853814374562,25286
0.0,25287
0.0,25288
0.0,25289
673.2170477156221,25290
0.0,25291
0.0,25292
0.0,25293
0.0,25294
0.0,25295
0.0,25296
100.48343527738349,25297
1671.8057940005594,25298
1390.3038286427782,25299
0.0,25300
0.0,25301
0.0,25302
0.0,25303
0.0,25304
0.0,25305
0.0,25306
0.0,25307
2452.9306865720787,25308
643.304303679762,25309
0.0,25310
0.0,25311
1895.5573196688624,25312
377.4058311110885,25313
0.0,25314
0.0,25315
0.0,25316
0.0,25317
0.0,25318
0.0,25319
0.0,25320
0.0,25321
0.0,25322
0.0,25323
297.474729854263,25324
229.16834475293135,25325
0.0,25326
183.1799140383725,25327
0.0,25328
0.0,25329
0.0,25330
0.0,25331
0.0,25332
248.35839321695656,25333
0.0,25334
0.0,25335
0.0,25336
0.0,25337
0.0,25338
0.0,25339
0.0,25340
917.6763427521432,25341
1047.5916679923012,25342
0.0,25343
0.0,25344
0.0,25345
0.0,25346
0.0,25347
6368.408705051662,25348
0.0,25349
0.0,25350
0.0,25351
0.0,25352
0.0,25353
0.0,25354
0.0,25355
0.0,25356
0.0,25357
0.0,25358
0.0,25359
0.0,25360
0.0,25361
0.0,25362
0.0,25363
0.0,25364
0.0,25365
0.0,25366
0.0,25367
0.0,25368
0.0,25369
439.5999987583057,25370
0.0,25371
0.0,25372
0.0,25373
0.0,25374
0.0,25375
0.0,25376
0.0,25377
212.91084325282105,25378
396.998001292766,25379
312.4975321398053,25380
0.0,25381
318.6697558038447,25382
390.34880515774034,25383
0.0,25384
509.69427144576287,25385
0.0,25386
0.0,25387
0.0,25388
0.0,25389
881.551740410795,25390
1109.25851985796,25391
0.0,25392
1047.1973667244977,25393
0.0,25394
0.0,25395
0.0,25396
0.0,25397
1340.8072840227246,25398
0.0,25399
0.0,25400
0.0,25401
1288.2317401393477,25402
0.0,25403
222.52758884114593,25404
1621.8663584383744,25405
0.0,25406
0.0,25407
0.0,25408
0.0,25409
40.9914022911188,25410
647.5858838943699,25411
0.0,25412
0.0,25413
0.0,25414
0.0,25415
0.0,25416
0.0,25417
0.0,25418
0.0,25419
0.0,25420
0.0,25421
505.8835675916014,25422
162.15332905898777,25423
0.0,25424
0.0,25425
0.0,25426
2686.4774032330265,25427
115.61573110718632,25428
0.0,25429
0.0,25430
0.0,25431
2156.520634449839,25432
8.65092768330446,25433
8.02889449725012,25434
0.0,25435
0.0,25436
0.0,25437
215.49162788399286,25438
208.1876859475604,25439
0.0,25440
0.0,25441
0.0,25442
0.0,25443
0.0,25444
0.0,25445
0.0,25446
0.0,25447
0.0,25448
0.0,25449
1154.9095267804314,25450
0.0,25451
0.0,25452
1261.7235800103138,25453
531.705410858082,25454
0.0,25455
0.0,25456
0.0,25457
0.0,25458
0.0,25459
0.0,25460
77.07422570292758,25461
0.0,25462
0.0,25463
1140.0638158308238,25464
0.0,25465
0.0,25466
0.0,25467
0.0,25468
841.6203938872769,25469
0.0,25470
0.0,25471
0.0,25472
1885.5586876289588,25473
1001.7127307392886,25474
0.0,25475
0.0,25476
637.6136302654891,25477
467.445832015963,25478
0.0,25479
0.0,25480
0.0,25481
0.0,25482
335.2292743916759,25483
0.0,25484
454.0989653441487,25485
0.0,25486
0.0,25487
0.0,25488
0.0,25489
0.0,25490
0.0,25491
0.0,25492
0.0,25493
390.68173001364323,25494
0.0,25495
298.9556452951359,25496
203.11920456117258,25497
117.35483840098806,25498
58.41684424884367,25499
1641.343345527974,25500
309.0697814118468,25501
1197.3700157985645,25502
1503.0512663741765,25503
0.0,25504
0.0,25505
0.0,25506
0.0,25507
0.0,25508
0.0,25509
0.0,25510
0.0,25511
0.0,25512
0.0,25513
0.0,25514
0.0,25515
0.0,25516
0.0,25517
0.0,25518
0.0,25519
0.0,25520
1953.7729719741565,25521
0.0,25522
0.0,25523
0.0,25524
0.0,25525
16.532029882255188,25526
2.534689854318638,25527
2409.0825555653505,25528
0.0,25529
2947.0221000649476,25530
0.0,25531
701.9814526428952,25532
339.5006833106235,25533
139.44311767098088,25534
304.82115484771145,25535
1902.4400450710757,25536
0.0,25537
20418.953328570187,25538
0.0,25539
0.0,25540
0.0,25541
0.0,25542
0.0,25543
598.5556062709195,25544
7.56164156881168,25545
138.83796626955504,25546
152.9407468185261,25547
0.0,25548
0.0,25549
0.0,25550
0.0,25551
0.0,25552
0.0,25553
1340.1304075091468,25554
1432.1747831297614,25555
752.594150049532,25556
745.428982299664,25557
1121.5805783977082,25558
1816.0802359423349,25559
752.7545128601715,25560
0.0,25561
0.0,25562
0.0,25563
0.0,25564
0.0,25565
0.0,25566
0.0,25567
0.0,25568
3236.294301546431,25569
1409.6951066795602,25570
0.0,25571
0.0,25572
4672.756346622316,25573
6477.562990545152,25574
0.0,25575
0.0,25576
59.56280309869469,25577
0.0,25578
0.0,25579
0.0,25580
18.08604625673841,25581
0.0,25582
0.0,25583
0.0,25584
0.0,25585
0.0,25586
0.0,25587
0.0,25588
0.0,25589
0.0,25590
0.0,25591
58.03899782611426,25592
0.0,25593
0.0,25594
0.0,25595
0.0,25596
0.0,25597
0.0,25598
0.0,25599
270.94601707023077,25600
0.0,25601
1461.1110216316997,25602
0.0,25603
166.2260640335116,25604
0.0,25605
0.0,25606
0.0,25607
0.0,25608
0.0,25609
0.0,25610
0.0,25611
0.0,25612
51907.0917542988,25613
0.0,25614
0.0,25615
0.0,25616
0.0,25617
0.0,25618
0.0,25619
164.28839924872025,25620
15.872853726705225,25621
0.0,25622
0.0,25623
0.0,25624
1807.9859934057552,25625
0.0,25626
0.0,25627
0.0,25628
0.0,25629
0.0,25630
0.0,25631
476.97520826622707,25632
0.0,25633
2860.384031776645,25634
0.0,25635
2667.5232720109057,25636
0.0,25637
0.0,25638
988.4833223555871,25639
474.35321122899154,25640
627.8625445387462,25641
1326.7196914160984,25642
0.0,25643
0.0,25644
0.0,25645
0.0,25646
0.0,25647
0.0,25648
0.0,25649
0.0,25650
0.0,25651
0.0,25652
0.0,25653
0.0,25654
0.0,25655
0.0,25656
0.0,25657
0.0,25658
0.0,25659
0.0,25660
0.0,25661
0.0,25662
0.0,25663
0.0,25664
0.0,25665
0.0,25666
0.0,25667
0.0,25668
0.0,25669
0.0,25670
0.0,25671
0.0,25672
0.0,25673
0.0,25674
0.0,25675
4180.239697081199,25676
0.0,25677
0.0,25678
37.30593678687205,25679
2855.174450061761,25680
0.0,25681
2725.543042407734,25682
7539.088661042028,25683
0.0,25684
0.0,25685
0.0,25686
0.0,25687
0.0,25688
0.0,25689
0.0,25690
0.0,25691
0.0,25692
0.0,25693
0.0,25694
0.0,25695
0.0,25696
0.0,25697
0.0,25698
0.0,25699
0.0,25700
0.0,25701
0.0,25702
0.0,25703
1121.0849920277917,25704
248.63828508340652,25705
1700.7693974939953,25706
1655.5440659287995,25707
0.0,25708
1361.0909939303183,25709
0.0,25710
1588.4781089144378,25711
0.0,25712
701.5262846892151,25713
0.0,25714
0.0,25715
0.0,25716
0.0,25717
0.0,25718
0.0,25719
0.0,25720
1509.455369377787,25721
0.0,25722
0.0,25723
0.0,25724
0.0,25725
0.0,25726
999.2100341488118,25727
0.0,25728
389.0582004226848,25729
0.0,25730
1468.1285857982107,25731
0.0,25732
0.0,25733
1310.4773008252198,25734
0.0,25735
0.0,25736
1463.5163949690884,25737
1685.450544629316,25738
0.0,25739
0.0,25740
0.0,25741
0.0,25742
1945.5992748755016,25743
0.0,25744
1360.543851353039,25745
1355.622408418543,25746
153.26818001509062,25747
899.3041514415107,25748
0.0,25749
840.4963765685213,25750
838.8720373399732,25751
0.0,25752
1324.7956699066738,25753
744.5526979635373,25754
1631.8955354643367,25755
0.0,25756
2447.788067116774,25757
0.0,25758
0.0,25759
443.6956384836888,25760
0.0,25761
0.0,25762
0.0,25763
811.5283927483482,25764
0.0,25765
0.0,25766
141.79313153082157,25767
492.8772049900728,25768
0.0,25769
147.7290774583973,25770
0.0,25771
110.57019606387084,25772
0.0,25773
0.0,25774
0.0,25775
0.0,25776
0.0,25777
0.0,25778
44.231186090298635,25779
0.0,25780
0.0,25781
0.0,25782
0.0,25783
0.0,25784
0.0,25785
0.0,25786
0.0,25787
0.0,25788
0.0,25789
0.0,25790
0.0,25791
471.3316326378215,25792
0.0,25793
0.0,25794
0.0,25795
0.0,25796
539.6910246199068,25797
0.0,25798
324.82503997397663,25799
0.0,25800
704.070493182435,25801
0.0,25802
0.0,25803
0.0,25804
0.0,25805
0.0,25806
0.0,25807
246.52316912172614,25808
431.3316349694686,25809
0.0,25810
0.0,25811
0.0,25812
0.0,25813
0.0,25814
0.0,25815
0.0,25816
0.0,25817
0.0,25818
0.0,25819
0.0,25820
0.0,25821
0.0,25822
0.0,25823
0.0,25824
0.0,25825
0.0,25826
0.0,25827
0.0,25828
0.0,25829
1536.0639738331065,25830
0.0,25831
0.0,25832
0.0,25833
14.625209570995198,25834
51.1648940375223,25835
0.0,25836
0.0,25837
0.0,25838
0.0,25839
3212.2035833960917,25840
0.0,25841
0.0,25842
0.0,25843
0.0,25844
0.0,25845
0.0,25846
0.0,25847
4559.650525553853,25848
0.0,25849
0.0,25850
0.0,25851
0.0,25852
124.60743505998938,25853
0.0,25854
1398.6206433101834,25855
0.0,25856
0.0,25857
3403.293427741595,25858
0.0,25859
1442.439227878447,25860
0.0,25861
9293.558588244605,25862
0.0,25863
1881.320074390065,25864
1862.6276061475264,25865
0.0,25866
269.76116720472146,25867
0.0,25868
1458.0385183298042,25869
2816.7208620340875,25870
3341.8555049901024,25871
1234.5267356697984,25872
2000.7253185086236,25873
2279.0886271727386,25874
0.0,25875
0.0,25876
2034.9361461101073,25877
1940.4067541796499,25878
1237.7986033072668,25879
2368.177869117794,25880
0.0,25881
0.0,25882
0.0,25883
0.0,25884
0.0,25885
0.0,25886
0.0,25887
1008.1859846001772,25888
0.0,25889
205.97685394210043,25890
0.0,25891
1436.1643629277319,25892
0.0,25893
0.0,25894
0.0,25895
0.0,25896
0.0,25897
226.6032493215779,25898
1506.7144221449046,25899
268.95045562329386,25900
0.0,25901
0.0,25902
0.0,25903
0.0,25904
312.9756253647486,25905
1664.8756388109935,25906
0.0,25907
2503.9110795692686,25908
0.0,25909
1667.699536299033,25910
0.0,25911
0.0,25912
166.52380890556094,25913
1411.1018861915622,25914
556.0115775836725,25915
786.5357067038265,25916
1024.9401610059003,25917
0.0,25918
1617.5030521315489,25919
0.0,25920
0.0,25921
0.0,25922
0.0,25923
0.0,25924
0.0,25925
0.0,25926
1132.616819716582,25927
0.0,25928
0.0,25929
0.0,25930
0.0,25931
0.0,25932
0.0,25933
0.0,25934
0.0,25935
0.0,25936
0.0,25937
0.0,25938
0.0,25939
0.0,25940
0.0,25941
6.520409720177745,25942
0.0,25943
0.0,25944
0.0,25945
0.0,25946
0.0,25947
0.0,25948
0.0,25949
0.0,25950
671.7264600113655,25951
0.0,25952
371.99087650451656,25953
0.0,25954
0.0,25955
0.0,25956
5545.74275031271,25957
138.22450123277935,25958
0.0,25959
0.0,25960
0.0,25961
0.0,25962
0.0,25963
0.0,25964
0.0,25965
0.0,25966
0.0,25967
0.0,25968
0.0,25969
0.0,25970
0.0,25971
0.0,25972
0.0,25973
0.0,25974
0.0,25975
0.0,25976
0.0,25977
0.0,25978
0.0,25979
0.0,25980
0.0,25981
0.0,25982
0.0,25983
0.0,25984
0.0,25985
0.0,25986
0.0,25987
9634.592077459229,25988
0.0,25989
0.0,25990
8664.906169055932,25991
0.0,25992
0.0,25993
0.0,25994
0.0,25995
0.0,25996
0.0,25997
0.0,25998
348.94489358159336,25999
0.0,26000
0.0,26001
0.0,26002
0.0,26003
0.0,26004
0.0,26005
0.0,26006
0.0,26007
0.0,26008
0.0,26009
0.0,26010
0.0,26011
0.0,26012
0.0,26013
0.0,26014
1671.526195491587,26015
0.0,26016
599.0258205618367,26017
0.0,26018
0.0,26019
0.0,26020
0.0,26021
0.0,26022
0.0,26023
1322.2243137018647,26024
2893.1623425520906,26025
0.0,26026
0.0,26027
0.0,26028
0.0,26029
0.0,26030
0.0,26031
0.0,26032
0.0,26033
0.0,26034
0.0,26035
0.0,26036
0.0,26037
0.0,26038
0.0,26039
0.0,26040
0.0,26041
0.0,26042
0.0,26043
0.0,26044
0.0,26045
0.0,26046
3763.980636696314,26047
0.0,26048
0.0,26049
7558.252582273099,26050
0.0,26051
0.0,26052
0.0,26053
0.0,26054
0.0,26055
0.0,26056
0.0,26057
0.0,26058
0.0,26059
0.0,26060
0.0,26061
0.0,26062
0.0,26063
0.0,26064
0.0,26065
0.0,26066
0.0,26067
0.0,26068
0.0,26069
0.0,26070
1267.7653879729264,26071
0.0,26072
0.0,26073
0.0,26074
0.0,26075
0.0,26076
0.0,26077
0.0,26078
0.0,26079
0.0,26080
0.0,26081
0.0,26082
0.0,26083
0.0,26084
0.0,26085
284.87265299895495,26086
0.0,26087
0.0,26088
1580.8377414736437,26089
0.0,26090
0.0,26091
0.0,26092
0.0,26093
0.0,26094
0.0,26095
0.0,26096
2308.1428641038265,26097
0.0,26098
953.760591740308,26099
0.0,26100
0.0,26101
0.0,26102
562.996790416604,26103
0.0,26104
0.0,26105
0.0,26106
0.0,26107
0.0,26108
0.0,26109
0.0,26110
0.0,26111
0.0,26112
0.0,26113
0.0,26114
0.0,26115
0.0,26116
0.0,26117
0.0,26118
0.0,26119
0.0,26120
0.0,26121
0.0,26122
0.0,26123
0.0,26124
452.1529460548694,26125
0.0,26126
0.0,26127
0.0,26128
0.0,26129
0.0,26130
0.0,26131
0.0,26132
0.0,26133
0.0,26134
0.0,26135
0.0,26136
0.0,26137
0.0,26138
0.0,26139
0.0,26140
0.0,26141
0.0,26142
0.0,26143
0.0,26144
165.8894708235214,26145
0.0,26146
0.0,26147
0.0,26148
0.0,26149
0.0,26150
0.0,26151
0.0,26152
0.0,26153
0.0,26154
0.0,26155
0.0,26156
0.0,26157
0.0,26158
0.0,26159
0.0,26160
0.0,26161
0.0,26162
0.0,26163
55.534033142421286,26164
0.0,26165
55.68849807440627,26166
0.0,26167
0.0,26168
0.0,26169
0.0,26170
0.0,26171
0.0,26172
0.0,26173
0.0,26174
0.0,26175
0.0,26176
0.0,26177
0.0,26178
0.0,26179
0.0,26180
879.378026141738,26181
2588.5403763471404,26182
1112.5031131442354,26183
0.0,26184
3600.9690968191217,26185
0.0,26186
157.94147284818803,26187
0.0,26188
0.0,26189
0.0,26190
1644.256735831063,26191
0.0,26192
1999.3430216372249,26193
2296.516101822535,26194
1884.1692845471603,26195
3086.0887573989653,26196
2153.4984981087805,26197
0.0,26198
2185.677710392663,26199
0.0,26200
3212.339263269576,26201
0.0,26202
0.0,26203
0.0,26204
0.0,26205
0.0,26206
0.0,26207
0.0,26208
1338.475648132264,26209
0.0,26210
1566.2334490110513,26211
626.1805987055257,26212
0.0,26213
0.0,26214
0.0,26215
0.0,26216
0.0,26217
0.0,26218
26.497088159314917,26219
25.911937369716547,26220
1025.4655649594565,26221
3566.2324664705216,26222
0.0,26223
0.0,26224
0.0,26225
1461.41956781705,26226
0.0,26227
256.7011346144872,26228
0.0,26229
995.1863573330684,26230
0.0,26231
0.0,26232
0.0,26233
0.0,26234
1194.5365883050729,26235
0.0,26236
0.0,26237
327.93485066245887,26238
0.0,26239
480.59087839683605,26240
0.0,26241
0.0,26242
0.0,26243
0.0,26244
0.0,26245
0.0,26246
0.0,26247
0.0,26248
0.0,26249
0.0,26250
0.0,26251
0.0,26252
1100.1684212984421,26253
0.0,26254
1432.7007314409027,26255
0.0,26256
0.0,26257
0.0,26258
927.7517349702749,26259
0.0,26260
67.19560006910808,26261
0.0,26262
0.0,26263
0.0,26264
0.0,26265
8845.546105575957,26266
0.0,26267
1722.8671217788342,26268
0.0,26269
298.90086359129356,26270
2269.9342481723675,26271
0.0,26272
0.0,26273
1388.8867537286105,26274
192.285515119014,26275
0.0,26276
0.0,26277
0.0,26278
0.0,26279
2512.680134736675,26280
69.27185867650667,26281
0.0,26282
616.3791628199529,26283
685.436198294737,26284
0.0,26285
792.8060931152565,26286
0.0,26287
1520.9588447718227,26288
145.38794359770517,26289
1151.4762618016014,26290
0.0,26291
0.0,26292
0.0,26293
0.0,26294
0.0,26295
0.0,26296
2274.108625820494,26297
0.0,26298
0.0,26299
0.0,26300
1309.8794271212737,26301
0.0,26302
1283.662079479287,26303
1808.8841089419232,26304
862.615551428516,26305
2388.33536071073,26306
1689.9016012859513,26307
0.0,26308
3173.821512911493,26309
0.0,26310
754.7011896299194,26311
0.0,26312
0.0,26313
0.0,26314
0.0,26315
187.66401271624227,26316
0.0,26317
0.0,26318
0.0,26319
0.0,26320
0.0,26321
0.0,26322
0.0,26323
0.0,26324
0.0,26325
0.0,26326
0.0,26327
0.0,26328
1113.34378329067,26329
0.0,26330
0.0,26331
0.0,26332
0.0,26333
0.0,26334
0.0,26335
0.0,26336
0.0,26337
0.0,26338
0.0,26339
0.0,26340
0.0,26341
0.0,26342
0.0,26343
0.0,26344
0.0,26345
0.0,26346
0.0,26347
0.0,26348
1854.31984408135,26349
12275.004741598634,26350
0.0,26351
0.0,26352
0.0,26353
0.0,26354
0.0,26355
0.0,26356
146.10805866842625,26357
1316.6209105337862,26358
0.0,26359
0.0,26360
0.0,26361
368.1034123848128,26362
0.0,26363
382.9779453085481,26364
0.0,26365
0.0,26366
0.0,26367
0.0,26368
0.0,26369
0.0,26370
0.0,26371
53.29674898890154,26372
0.0,26373
0.0,26374
0.0,26375
0.0,26376
0.0,26377
0.0,26378
0.0,26379
0.0,26380
0.0,26381
0.0,26382
0.0,26383
0.0,26384
0.0,26385
0.0,26386
0.0,26387
0.0,26388
0.0,26389
0.0,26390
0.0,26391
0.0,26392
0.0,26393
0.0,26394
0.0,26395
2.9234485950434164,26396
23.784510812252634,26397
0.0,26398
0.0,26399
0.0,26400
0.0,26401
320.964405370929,26402
1084.5467774509668,26403
0.0,26404
533.9762775433521,26405
0.0,26406
86.85963558787044,26407
4035.0875911736557,26408
403.4118566116688,26409
0.0,26410
379.1735013548848,26411
826.8082870835135,26412
48.61988034061743,26413
0.0,26414
0.0,26415
0.0,26416
0.0,26417
0.0,26418
26.16297404666238,26419
1658.0768392290217,26420
4099.829090554874,26421
0.0,26422
235.58252048776436,26423
2233.344132581852,26424
0.0,26425
4118.938845911524,26426
0.0,26427
99.25223692663413,26428
149.69944785835457,26429
4480.471028730909,26430
2299.7250659342412,26431
902.2024169361069,26432
943.9056485219689,26433
1233.340689336084,26434
969.4007887906753,26435
579.4543755674003,26436
6334.068585084945,26437
2066.0746876755825,26438
1456.4216138494396,26439
1132.772760122205,26440
2105.4190881084423,26441
0.0,26442
654.6821673902846,26443
223.03164407375613,26444
218.21320595404038,26445
1040.8626148849478,26446
0.0,26447
1826.3990449936948,26448
0.0,26449
0.0,26450
1391.3843304829788,26451
699.5416576152554,26452
0.0,26453
411.47903595042703,26454
0.0,26455
0.0,26456
0.0,26457
0.0,26458
0.0,26459
0.0,26460
0.0,26461
0.0,26462
0.0,26463
0.0,26464
0.0,26465
0.0,26466
923.556095491985,26467
0.0,26468
0.0,26469
0.0,26470
0.0,26471
0.0,26472
621.6779432094423,26473
0.0,26474
0.0,26475
0.0,26476
0.0,26477
0.0,26478
609.6409568424441,26479
0.0,26480
0.0,26481
2236.3868297650156,26482
0.0,26483
0.0,26484
1146.059435158422,26485
1591.8728724360935,26486
0.0,26487
0.0,26488
1625.9308097129588,26489
0.0,26490
398.349875482354,26491
0.0,26492
1874.0514423661891,26493
0.0,26494
0.0,26495
0.0,26496
0.0,26497
0.0,26498
0.0,26499
3.4251548702915873,26500
0.0,26501
9.840501412575694,26502
0.0,26503
1552.9853701622849,26504
0.0,26505
0.0,26506
0.0,26507
286.30074958801384,26508
0.0,26509
0.0,26510
1469.3852789813147,26511
0.0,26512
436.3748429011947,26513
7.721072566126835,26514
130.82973207530088,26515
1107.8069390377568,26516
1055.8830058860074,26517
0.0,26518
999.0981922854486,26519
0.0,26520
1023.5825452707587,26521
0.0,26522
168.4894129231509,26523
1035.1098158644484,26524
1671.5834146154748,26525
0.0,26526
0.0,26527
257.7644223971764,26528
0.08232170854646326,26529
1075.2059776393587,26530
0.0,26531
3746.5331972261247,26532
790.8399837416183,26533
0.0,26534
0.0,26535
0.0,26536
0.0,26537
1216.9238122010247,26538
0.0,26539
3289.5918011333156,26540
1435.7851868474913,26541
1512.895588206785,26542
1634.5293683243035,26543
0.0,26544
896.8048163977069,26545
0.0,26546
228.2591695761034,26547
0.0,26548
915.064093847479,26549
814.1313986548511,26550
0.0,26551
2090.2691815594303,26552
0.0,26553
4601.164937697289,26554
7003.282147826417,26555
1533.0375408979205,26556
0.0,26557
0.0,26558
0.0,26559
0.0,26560
0.0,26561
0.0,26562
707.3344929240686,26563
0.0,26564
0.0,26565
0.0,26566
3330.085538479498,26567
0.0,26568
0.0,26569
0.0,26570
1538.1955696658931,26571
0.0,26572
0.0,26573
0.0,26574
1668.2011116979872,26575
0.0,26576
0.0,26577
0.0,26578
0.0,26579
0.0,26580
146.63352899956342,26581
0.0,26582
650.0896061987925,26583
0.0,26584
4415.87486824359,26585
0.0,26586
0.0,26587
0.0,26588
0.0,26589
0.0,26590
0.0,26591
0.0,26592
168.40811215100712,26593
0.0,26594
634.1216672971173,26595
0.0,26596
0.0,26597
1273.57916908679,26598
0.0,26599
0.0,26600
0.0,26601
0.0,26602
0.0,26603
0.0,26604
0.0,26605
0.0,26606
0.0,26607
0.0,26608
0.0,26609
0.0,26610
0.0,26611
0.0,26612
0.0,26613
0.0,26614
0.0,26615
0.0,26616
0.0,26617
0.0,26618
0.0,26619
0.0,26620
0.0,26621
0.0,26622
0.0,26623
0.0,26624
0.0,26625
0.0,26626
0.0,26627
0.0,26628
0.0,26629
0.0,26630
0.0,26631
282.7676507809037,26632
0.0,26633
0.0,26634
0.0,26635
0.0,26636
0.0,26637
0.0,26638
0.0,26639
0.0,26640
0.0,26641
0.0,26642
0.0,26643
0.0,26644
0.0,26645
0.0,26646
0.0,26647
0.0,26648
0.0,26649
0.0,26650
0.0,26651
0.0,26652
0.0,26653
0.0,26654
0.0,26655
925.0151272254298,26656
0.0,26657
0.0,26658
0.0,26659
0.0,26660
160.55188543169,26661
802.1267485499332,26662
0.0,26663
0.0,26664
0.0,26665
0.0,26666
0.0,26667
0.0,26668
0.0,26669
0.0,26670
0.0,26671
0.0,26672
0.0,26673
0.0,26674
0.0,26675
0.0,26676
0.0,26677
0.0,26678
0.0,26679
467.7322237638952,26680
0.0,26681
0.0,26682
0.0,26683
470.3414281045945,26684
0.0,26685
0.0,26686
0.0,26687
0.0,26688
0.0,26689
4575.791808724949,26690
0.0,26691
133.15982340800454,26692
77.06276198186278,26693
36.342080655034934,26694
681.9562075044004,26695
355.17980557297903,26696
293.4455926893766,26697
0.0,26698
0.0,26699
0.0,26700
0.0,26701
0.0,26702
0.0,26703
0.0,26704
0.0,26705
0.0,26706
0.0,26707
0.0,26708
0.0,26709
0.0,26710
0.0,26711
896.511307998447,26712
0.0,26713
0.0,26714
0.0,26715
0.0,26716
0.0,26717
0.0,26718
0.0,26719
0.0,26720
0.0,26721
0.0,26722
0.0,26723
0.0,26724
0.0,26725
0.0,26726
0.0,26727
0.0,26728
0.0,26729
0.0,26730
0.0,26731
0.0,26732
0.0,26733
0.0,26734
0.0,26735
0.0,26736
0.0,26737
0.0,26738
0.0,26739
0.0,26740
0.0,26741
0.0,26742
0.0,26743
0.0,26744
0.0,26745
0.0,26746
0.0,26747
0.0,26748
0.0,26749
0.0,26750
0.0,26751
0.0,26752
0.0,26753
0.0,26754
0.0,26755
0.0,26756
0.0,26757
0.0,26758
0.0,26759
0.0,26760
0.0,26761
0.0,26762
1078.4141551928328,26763
110.94181383346658,26764
3019.8709939850532,26765
0.0,26766
0.0,26767
0.0,26768
0.0,26769
0.0,26770
0.0,26771
0.0,26772
0.0,26773
0.0,26774
0.0,26775
0.0,26776
0.0,26777
0.0,26778
0.0,26779
4862.942524084665,26780
5031.218325871286,26781
0.0,26782
76.5833764924581,26783
0.0,26784
0.0,26785
0.0,26786
0.0,26787
27.510237517380993,26788
0.0,26789
0.0,26790
0.0,26791
0.0,26792
0.0,26793
0.0,26794
0.0,26795
0.0,26796
8.036449584085778,26797
0.0,26798
0.0,26799
0.0,26800
0.0,26801
0.0,26802
0.0,26803
5127.327782167119,26804
0.0,26805
27920.05629554302,26806
0.0,26807
0.0,26808
0.0,26809
0.0,26810
0.0,26811
5787.039796990056,26812
0.0,26813
0.0,26814
0.0,26815
0.0,26816
0.0,26817
0.0,26818
0.0,26819
0.0,26820
0.0,26821
0.0,26822
0.0,26823
0.0,26824
0.0,26825
0.0,26826
0.0,26827
0.0,26828
2075.7201428419394,26829
0.0,26830
0.0,26831
0.0,26832
0.0,26833
0.0,26834
0.0,26835
0.0,26836
0.0,26837
0.0,26838
5238.913076451823,26839
0.0,26840
0.0,26841
0.0,26842
0.0,26843
0.0,26844
0.0,26845
772.538738018252,26846
1692.6073269198846,26847
0.0,26848
0.0,26849
0.0,26850
0.0,26851
0.0,26852
0.0,26853
0.0,26854
0.0,26855
3845.122017636872,26856
0.0,26857
230.04735526247825,26858
0.0,26859
0.0,26860
0.0,26861
0.0,26862
0.0,26863
0.0,26864
0.0,26865
883.657690061926,26866
4153.728308683286,26867
0.0,26868
0.0,26869
0.0,26870
282.0847237628372,26871
0.0,26872
0.0,26873
0.0,26874
0.0,26875
0.0,26876
0.0,26877
3339.134516574007,26878
0.0,26879
0.0,26880
0.0,26881
0.0,26882
0.0,26883
0.0,26884
0.0,26885
0.0,26886
1866.5496918368258,26887
0.0,26888
0.0,26889
1920.1858777547513,26890
0.0,26891
0.0,26892
0.0,26893
0.0,26894
0.0,26895
0.0,26896
0.0,26897
188.9654561881613,26898
0.0,26899
0.0,26900
0.0,26901
0.0,26902
0.0,26903
0.0,26904
0.0,26905
0.0,26906
0.0,26907
0.0,26908
0.0,26909
0.0,26910
0.0,26911
0.0,26912
0.0,26913
0.0,26914
868.044326952433,26915
201.31507223880402,26916
0.0,26917
0.0,26918
2892.369590788438,26919
0.0,26920
0.0,26921
0.0,26922
675.9034802695865,26923
0.0,26924
0.0,26925
0.0,26926
0.0,26927
0.0,26928
0.0,26929
0.0,26930
0.0,26931
0.0,26932
0.0,26933
0.0,26934
0.0,26935
0.0,26936
0.0,26937
0.0,26938
0.0,26939
0.0,26940
0.0,26941
0.0,26942
0.0,26943
0.0,26944
0.0,26945
0.0,26946
0.0,26947
889.5396831314482,26948
0.0,26949
0.0,26950
0.0,26951
0.0,26952
587.787127657388,26953
0.0,26954
0.0,26955
0.0,26956
0.0,26957
0.0,26958
0.0,26959
0.0,26960
0.0,26961
0.0,26962
10.95541016718006,26963
0.0,26964
60.560447179074,26965
1126.9207527265937,26966
0.0,26967
0.0,26968
0.0,26969
663.4360893424468,26970
0.0,26971
570.8386391340164,26972
0.0,26973
0.0,26974
0.0,26975
41.81516190675346,26976
62.26570321342189,26977
0.0,26978
845.1334140527912,26979
0.0,26980
0.0,26981
0.0,26982
0.0,26983
0.0,26984
168.76064761800632,26985
0.0,26986
0.0,26987
0.0,26988
34.018740286786375,26989
0.0,26990
0.0,26991
0.0,26992
0.0,26993
0.0,26994
0.0,26995
0.0,26996
0.0,26997
0.0,26998
410.6197351199103,26999
0.0,27000
0.0,27001
0.0,27002
63.948823126439244,27003
211.52903876522055,27004
299.9048808458462,27005
0.0,27006
0.0,27007
1779.530975861818,27008
0.0,27009
2032.8297229985433,27010
675.3580545657348,27011
0.0,27012
0.0,27013
0.0,27014
0.0,27015
1148.7220817976358,27016
0.0,27017
0.0,27018
0.0,27019
0.0,27020
0.0,27021
0.0,27022
0.0,27023
0.0,27024
0.0,27025
0.0,27026
0.0,27027
0.0,27028
0.0,27029
0.0,27030
0.0,27031
4469.369285288979,27032
0.0,27033
0.0,27034
0.0,27035
0.0,27036
0.0,27037
392.8990625005399,27038
3242.258093855278,27039
0.0,27040
0.0,27041
0.0,27042
0.0,27043
0.0,27044
0.0,27045
0.0,27046
0.0,27047
0.0,27048
0.0,27049
0.0,27050
514.697783230797,27051
0.0,27052
0.0,27053
0.0,27054
0.0,27055
0.0,27056
0.0,27057
0.0,27058
0.0,27059
0.0,27060
102.52069046089117,27061
0.0,27062
0.0,27063
222.35193323079645,27064
977.1753809416813,27065
1889.4277572645535,27066
0.0,27067
0.0,27068
1976.2832056093746,27069
0.0,27070
0.0,27071
0.0,27072
0.0,27073
0.0,27074
2048.887171393263,27075
0.0,27076
2081.1888884516006,27077
0.0,27078
0.0,27079
274.34568696596097,27080
188.98373919680014,27081
149.9344470302758,27082
1333.516225644082,27083
1822.1666859760523,27084
1722.1419158299716,27085
2921.338703700866,27086
2698.245811405203,27087
0.0,27088
0.0,27089
0.0,27090
2817.7611121310797,27091
0.0,27092
0.0,27093
1443.7702985806677,27094
822.4643012910041,27095
1875.5789730260403,27096
0.0,27097
2270.1089708229697,27098
247.2005669039213,27099
0.0,27100
535.1251392154984,27101
3654.19468027962,27102
0.0,27103
2876.794471102379,27104
266.81502543968674,27105
2189.92048992482,27106
0.0,27107
0.0,27108
2228.1902532037,27109
0.0,27110
3877.725402997214,27111
496.02298159278604,27112
2350.163459250715,27113
0.0,27114
570.7138179239854,27115
0.0,27116
0.0,27117
581.8222143981858,27118
0.0,27119
0.0,27120
0.0,27121
0.0,27122
0.0,27123
2206.264585920051,27124
0.0,27125
0.0,27126
134.76644145493756,27127
416.9240399818954,27128
0.0,27129
4223.247198736252,27130
0.0,27131
0.0,27132
0.0,27133
0.0,27134
0.0,27135
0.0,27136
0.0,27137
0.0,27138
979.0968588637185,27139
510.4223161441346,27140
0.0,27141
0.0,27142
0.0,27143
0.0,27144
754.3289005919233,27145
2613.4627657517117,27146
0.0,27147
0.0,27148
0.0,27149
0.0,27150
2913.3724290736595,27151
0.0,27152
0.0,27153
0.0,27154
0.0,27155
0.0,27156
0.0,27157
0.0,27158
0.0,27159
0.0,27160
0.0,27161
0.0,27162
0.0,27163
0.0,27164
0.0,27165
0.0,27166
0.0,27167
0.0,27168
2206.2977300068646,27169
0.0,27170
0.0,27171
0.0,27172
0.0,27173
0.0,27174
70.64332086350973,27175
0.0,27176
0.0,27177
0.0,27178
0.0,27179
0.0,27180
0.0,27181
0.0,27182
0.0,27183
0.0,27184
0.0,27185
0.0,27186
0.0,27187
0.0,27188
0.0,27189
0.0,27190
0.0,27191
0.0,27192
0.0,27193
0.0,27194
0.0,27195
0.0,27196
0.0,27197
0.0,27198
0.0,27199
0.0,27200
0.0,27201
116.0091158132091,27202
0.0,27203
0.0,27204
355.7345007713353,27205
0.0,27206
0.0,27207
2607.2385791955403,27208
0.0,27209
0.0,27210
0.0,27211
0.0,27212
1070.3683384323606,27213
0.0,27214
0.0,27215
0.0,27216
3304.8701487575836,27217
0.0,27218
0.0,27219
73.37005511186017,27220
0.0,27221
0.0,27222
0.0,27223
14.814800313601811,27224
0.0,27225
0.0,27226
0.0,27227
2.4220180263361613,27228
0.0,27229
0.0,27230
0.0,27231
0.0,27232
0.0,27233
0.0,27234
0.0,27235
0.0,27236
0.0,27237
0.0,27238
559.9603996561685,27239
0.0,27240
0.0,27241
0.0,27242
0.0,27243
0.0,27244
0.0,27245
0.0,27246
37.86764887918597,27247
1228.983516773876,27248
0.0,27249
0.0,27250
2008.436581136966,27251
0.0,27252
0.0,27253
0.0,27254
0.0,27255
0.0,27256
0.0,27257
1998.5720840070792,27258
0.0,27259
102.20657014565826,27260
0.0,27261
0.0,27262
0.0,27263
0.0,27264
0.0,27265
0.0,27266
0.0,27267
0.0,27268
1236.8372703474365,27269
0.0,27270
0.0,27271
0.0,27272
995.7820809701923,27273
0.0,27274
0.0,27275
0.0,27276
0.0,27277
1860.9167586311628,27278
0.0,27279
0.0,27280
1005.1260616975453,27281
198.51578211461577,27282
0.0,27283
2617.099862301939,27284
0.0,27285
0.0,27286
0.0,27287
0.0,27288
62.128928051698786,27289
0.0,27290
21.13511920260164,27291
0.0,27292
0.0,27293
0.0,27294
64.62149194204751,27295
20.58937851190124,27296
1211.9792485289363,27297
1841.0763892712453,27298
1852.376093607204,27299
0.0,27300
2086.2142308827492,27301
0.0,27302
0.0,27303
104.21397770111388,27304
2621.487285130523,27305
536.600861496662,27306
0.0,27307
0.0,27308
0.0,27309
2915.8828443569487,27310
1996.6103369760237,27311
462.9970362006079,27312
0.0,27313
0.0,27314
900.8772265258657,27315
0.0,27316
0.0,27317
0.0,27318
1433.1540773633822,27319
0.0,27320
1592.4912902791043,27321
0.0,27322
26.188245102166213,27323
1.7777242286272659,27324
5.515860792455171,27325
0.0,27326
0.0,27327
0.0,27328
149.61278140979292,27329
0.0,27330
0.0,27331
0.0,27332
0.0,27333
0.0,27334
0.0,27335
0.0,27336
3199.8840158523453,27337
0.0,27338
0.0,27339
0.0,27340
0.0,27341
0.0,27342
0.0,27343
0.0,27344
0.0,27345
400.18229897251706,27346
0.0,27347
0.0,27348
0.0,27349
0.0,27350
0.0,27351
191.9051756595338,27352
117.98999709107072,27353
0.0,27354
0.0,27355
528.9592074058587,27356
0.0,27357
482.6049826226227,27358
0.0,27359
0.0,27360
0.0,27361
0.0,27362
1773.970542922537,27363
19.509914991105493,27364
0.0,27365
0.0,27366
0.0,27367
13.353169858999289,27368
0.0,27369
118.2157870345361,27370
1.6257303555361122,27371
0.0,27372
0.0,27373
0.0,27374
0.0,27375
0.0,27376
0.0,27377
0.0,27378
3492.3516312304573,27379
0.0,27380
0.0,27381
0.0,27382
0.0,27383
0.0,27384
0.0,27385
0.0,27386
0.0,27387
0.0,27388
183.30206230506494,27389
0.0,27390
329.9746934487051,27391
0.0,27392
0.0,27393
111.0928612714344,27394
62.56161282987997,27395
0.0,27396
0.0,27397
0.0,27398
0.0,27399
164.84042128060167,27400
64.48564440850177,27401
0.0,27402
0.0,27403
17.04268255587007,27404
0.0,27405
244.75522432273794,27406
479.3652398133077,27407
0.0,27408
707.0118408765893,27409
79.93875873698474,27410
0.0,27411
0.0,27412
989.2692945663293,27413
0.0,27414
1071.0188766026968,27415
0.0,27416
0.0,27417
0.0,27418
0.0,27419
0.0,27420
840.1194952602351,27421
0.0,27422
0.0,27423
0.0,27424
0.0,27425
550.7321217346312,27426
0.0,27427
0.0,27428
0.0,27429
443.447103199236,27430
1439.5697391919139,27431
0.0,27432
0.0,27433
986.5615692494505,27434
1009.902081514899,27435
1068.7064601539967,27436
1138.0876083706353,27437
1193.7348194788292,27438
451.63803974791045,27439
7294.900523177672,27440
0.0,27441
0.0,27442
3570.341077196694,27443
0.0,27444
425.2702791527924,27445
730.1875556450304,27446
604.2688326456583,27447
537.1657994161922,27448
276.253563265812,27449
0.0,27450
169.46727042806137,27451
91.5445450797,27452
43.94353816889464,27453
0.0,27454
0.0,27455
2017.664884783145,27456
0.0,27457
703.9374621409287,27458
0.0,27459
0.0,27460
135.13704070346566,27461
0.0,27462
0.0,27463
0.0,27464
0.0,27465
44758.01909511003,27466
0.0,27467
0.0,27468
0.0,27469
0.0,27470
0.0,27471
0.0,27472
0.0,27473
0.0,27474
0.0,27475
0.0,27476
0.0,27477
0.0,27478
0.0,27479
0.0,27480
0.0,27481
0.0,27482
0.0,27483
0.0,27484
0.0,27485
0.0,27486
0.0,27487
0.0,27488
0.0,27489
0.0,27490
0.0,27491
0.0,27492
0.0,27493
0.0,27494
100.13248360469296,27495
0.0,27496
0.0,27497
0.0,27498
0.0,27499
0.0,27500
0.0,27501
283.8655821434298,27502
203.80667502859308,27503
0.0,27504
0.0,27505
0.0,27506
0.0,27507
0.0,27508
0.0,27509
413.06242982356196,27510
0.0,27511
2156.790440192033,27512
36.66752728721088,27513
169.83605056158237,27514
186.4512390095845,27515
113.3457033100413,27516
198.5885685325708,27517
0.0,27518
0.0,27519
167.22590733391036,27520
367.75019995217735,27521
781.1171863624638,27522
0.0,27523
0.0,27524
0.0,27525
0.0,27526
0.0,27527
0.0,27528
0.0,27529
3214.7366732350297,27530
0.0,27531
0.0,27532
0.0,27533
0.0,27534
0.0,27535
0.0,27536
0.0,27537
0.0,27538
0.0,27539
0.0,27540
742.1663699420571,27541
0.0,27542
0.0,27543
0.0,27544
10012.033266435785,27545
0.0,27546
0.0,27547
0.0,27548
0.0,27549
0.0,27550
0.0,27551
0.0,27552
0.0,27553
0.0,27554
0.0,27555
0.0,27556
0.0,27557
0.0,27558
0.0,27559
0.0,27560
0.0,27561
0.0,27562
695.3973894180348,27563
0.0,27564
0.0,27565
0.0,27566
110.63877881621848,27567
0.0,27568
0.0,27569
0.0,27570
4.41670148676659,27571
0.0,27572
0.5833416707806981,27573
0.0,27574
0.0,27575
0.0,27576
0.0,27577
0.0,27578
0.0,27579
0.0,27580
0.0,27581
0.0,27582
0.0,27583
0.0,27584
0.0,27585
0.0,27586
0.0,27587
0.0,27588
156.717478510476,27589
0.0,27590
302.6986172478559,27591
261.9572365411912,27592
0.0,27593
206.50704944908216,27594
0.0,27595
0.0,27596
0.0,27597
0.0,27598
0.0,27599
0.0,27600
0.0,27601
0.0,27602
0.0,27603
0.0,27604
0.0,27605
0.0,27606
0.0,27607
0.0,27608
0.0,27609
0.0,27610
0.0,27611
0.0,27612
0.0,27613
0.0,27614
0.0,27615
0.0,27616
0.0,27617
0.0,27618
0.0,27619
0.0,27620
2649.283968415891,27621
0.0,27622
0.0,27623
0.0,27624
0.0,27625
0.0,27626
0.0,27627
0.0,27628
0.0,27629
2631.886173842813,27630
0.0,27631
0.0,27632
0.0,27633
0.0,27634
0.0,27635
0.0,27636
7724.665141580003,27637
0.0,27638
0.0,27639
0.0,27640
7579.905108884455,27641
6735.506024443184,27642
0.0,27643
1163.4164979367981,27644
0.0,27645
0.0,27646
0.0,27647
3800.574071639204,27648
0.0,27649
0.0,27650
0.0,27651
0.0,27652
0.0,27653
6472.355046265362,27654
0.0,27655
1705.0209097575876,27656
1538.1033213675466,27657
0.0,27658
0.0,27659
892.2977809729475,27660
391.45883282391566,27661
0.0,27662
279.08339718222743,27663
0.0,27664
0.0,27665
2988.434220323481,27666
0.0,27667
0.0,27668
941.4149426913724,27669
0.0,27670
0.0,27671
0.0,27672
0.0,27673
0.0,27674
0.0,27675
0.0,27676
0.0,27677
0.0,27678
0.0,27679
0.0,27680
0.0,27681
0.0,27682
0.0,27683
0.0,27684
0.0,27685
0.0,27686
1406.2682817975783,27687
0.0,27688
0.0,27689
0.0,27690
0.0,27691
0.0,27692
0.0,27693
0.0,27694
0.0,27695
0.0,27696
4008.4152262029925,27697
0.0,27698
0.0,27699
256.5535287925889,27700
0.0,27701
75.02296976416216,27702
0.0,27703
0.0,27704
0.0,27705
0.0,27706
0.0,27707
0.0,27708
0.0,27709
0.0,27710
0.0,27711
0.0,27712
4202.438297833352,27713
0.0,27714
2323.931861838935,27715
0.0,27716
0.0,27717
0.0,27718
0.0,27719
0.0,27720
0.0,27721
0.0,27722
665.1840420145111,27723
0.0,27724
0.0,27725
0.0,27726
1234.383047681911,27727
0.0,27728
0.0,27729
0.0,27730
0.0,27731
0.0,27732
0.0,27733
0.0,27734
0.0,27735
0.0,27736
0.0,27737
0.0,27738
0.0,27739
0.0,27740
0.0,27741
0.0,27742
0.0,27743
0.0,27744
0.0,27745
0.0,27746
0.0,27747
0.0,27748
0.0,27749
0.0,27750
0.0,27751
0.0,27752
0.0,27753
0.0,27754
0.0,27755
0.0,27756
0.0,27757
0.0,27758
0.0,27759
1505.6428189204837,27760
1953.5374408073867,27761
0.0,27762
0.0,27763
0.0,27764
0.0,27765
0.0,27766
2175.957108973037,27767
0.0,27768
0.0,27769
475.90239846915864,27770
0.0,27771
0.0,27772
0.0,27773
0.0,27774
0.0,27775
2136.1118034890724,27776
35.876311199825444,27777
2673.760403227339,27778
2793.006737992113,27779
0.0,27780
871.9369406144792,27781
1317.1049252424295,27782
1894.9505313100083,27783
1499.4799677463013,27784
2995.132160065311,27785
0.0,27786
1632.8429784848902,27787
0.0,27788
2278.780466492983,27789
3127.217716976296,27790
0.0,27791
3232.0627953574567,27792
2198.499607768168,27793
0.0,27794
572.942048396682,27795
2176.786696847065,27796
934.5756060198781,27797
3207.1014887091114,27798
0.0,27799
0.0,27800
109.3898792569021,27801
0.0,27802
2508.8426261604336,27803
1071.6678321772865,27804
0.0,27805
181.56971103505794,27806
5161.778156669973,27807
5459.979290441338,27808
5171.361231252264,27809
5193.363644587415,27810
0.0,27811
4784.037942741613,27812
0.0,27813
0.0,27814
0.0,27815
0.0,27816
665.0128116179792,27817
0.0,27818
3503.5164219966714,27819
0.0,27820
4913.644068314485,27821
0.0,27822
0.0,27823
0.0,27824
0.0,27825
1356.2723000207234,27826
0.0,27827
1157.2121964553317,27828
25.925030513404852,27829
18.261906213004586,27830
155.74937824554425,27831
0.0,27832
0.0,27833
2882.415295398809,27834
1624.6847826316966,27835
2274.9270441155936,27836
0.0,27837
1416.5428478992217,27838
1183.7244035306462,27839
1581.588948428662,27840
0.0,27841
11113.076432586058,27842
0.0,27843
2000.5606543382908,27844
0.0,27845
0.0,27846
0.0,27847
0.0,27848
0.0,27849
0.0,27850
0.0,27851
0.0,27852
0.0,27853
3936.9514041079337,27854
0.0,27855
0.0,27856
0.0,27857
0.0,27858
0.0,27859
0.0,27860
0.0,27861
0.0,27862
0.0,27863
651.3711626005104,27864
0.0,27865
0.0,27866
0.0,27867
0.0,27868
0.0,27869
0.0,27870
0.0,27871
1118.0978836369497,27872
0.0,27873
0.0,27874
0.0,27875
0.0,27876
3888.670033637345,27877
977.6461759818313,27878
0.0,27879
188.32989550317336,27880
0.0,27881
751.943611996595,27882
0.0,27883
0.0,27884
0.0,27885
0.0,27886
0.0,27887
0.0,27888
0.0,27889
0.0,27890
0.0,27891
0.0,27892
0.0,27893
0.0,27894
0.0,27895
0.0,27896
0.0,27897
736.811960979371,27898
0.0,27899
0.0,27900
0.0,27901
0.0,27902
0.0,27903
0.0,27904
0.0,27905
0.0,27906
0.0,27907
0.0,27908
0.0,27909
0.0,27910
0.0,27911
0.0,27912
0.0,27913
0.0,27914
0.0,27915
0.0,27916
0.0,27917
0.0,27918
0.0,27919
0.0,27920
0.0,27921
0.0,27922
0.0,27923
0.0,27924
0.0,27925
0.0,27926
0.0,27927
0.0,27928
0.0,27929
0.0,27930
0.0,27931
0.0,27932
0.0,27933
0.0,27934
0.0,27935
0.0,27936
0.0,27937
0.0,27938
0.0,27939
0.0,27940
0.0,27941
5197.630750103003,27942
0.0,27943
0.0,27944
0.0,27945
0.0,27946
0.0,27947
0.0,27948
0.0,27949
0.0,27950
0.0,27951
0.0,27952
0.0,27953
1605.2625502393566,27954
0.0,27955
0.0,27956
0.0,27957
0.0,27958
0.0,27959
0.0,27960
0.0,27961
0.0,27962
1069.2452557071044,27963
0.0,27964
0.0,27965
230.16246118031523,27966
0.0,27967
0.0,27968
0.0,27969
1035.0602863391912,27970
0.0,27971
833.018661204383,27972
0.0,27973
2982.347004373855,27974
0.0,27975
0.0,27976
874.4887462979285,27977
2384.388874459842,27978
0.0,27979
0.0,27980
0.0,27981
0.0,27982
65.49523833297357,27983
316.4605869904589,27984
0.0,27985
0.0,27986
1158.282166154208,27987
1295.5877534316085,27988
0.0,27989
2801.176330950786,27990
0.0,27991
0.0,27992
1662.8294230048934,27993
0.0,27994
0.0,27995
0.0,27996
0.0,27997
0.0,27998
0.0,27999
0.0,28000
0.0,28001
0.0,28002
0.0,28003
232.05757565580015,28004
352.7153779497712,28005
263.68772684657046,28006
0.0,28007
0.0,28008
0.0,28009
0.0,28010
992.5053178741999,28011
1524.7239519962607,28012
0.0,28013
496.6607043882527,28014
0.0,28015
1723.967411838426,28016
0.0,28017
0.0,28018
0.0,28019
0.0,28020
690.8264744412538,28021
668.3536506073269,28022
344.335281921057,28023
0.0,28024
0.0,28025
0.0,28026
0.0,28027
0.0,28028
0.0,28029
0.0,28030
2707.8540258031803,28031
732.124007791104,28032
821.4803908595846,28033
545.7059232105265,28034
0.0,28035
377.3477602623275,28036
0.0,28037
870.5459385583031,28038
1117.0542118337075,28039
0.0,28040
0.0,28041
1100.381641437297,28042
0.0,28043
484.7848504289458,28044
0.0,28045
0.0,28046
415.9226562816239,28047
0.0,28048
382.04207595248704,28049
0.0,28050
0.0,28051
0.0,28052
0.0,28053
274.2197558160839,28054
129.09752743368975,28055
0.0,28056
1984.1324615179285,28057
5038.879411998711,28058
98.10479180382731,28059
0.0,28060
0.0,28061
0.0,28062
0.0,28063
894.1368200663734,28064
0.0,28065
0.0,28066
0.0,28067
0.0,28068
0.0,28069
0.0,28070
283.54234594237374,28071
0.0,28072
0.0,28073
0.0,28074
1321.9626159104052,28075
990.8725939668271,28076
0.0,28077
0.0,28078
0.0,28079
0.0,28080
1203.0253189732566,28081
0.0,28082
0.0,28083
0.0,28084
0.0,28085
367.8387627899956,28086
0.0,28087
0.0,28088
0.0,28089
1464.1481304480017,28090
2197.2128937997327,28091
0.0,28092
0.0,28093
1853.591377311459,28094
0.0,28095
0.0,28096
3184.317249612848,28097
0.0,28098
0.0,28099
0.0,28100
0.0,28101
0.0,28102
0.0,28103
0.0,28104
0.0,28105
0.0,28106
0.0,28107
3589.878209859407,28108
58.64209080914293,28109
3687.5578767732927,28110
207.95106903483193,28111
3711.4250962797078,28112
0.0,28113
2148.0804583910754,28114
2683.6145437273412,28115
558.6896625614618,28116
3315.330394461415,28117
0.0,28118
0.0,28119
426.0412265317198,28120
0.0,28121
0.0,28122
1.4323419197699712,28123
0.0,28124
0.0,28125
0.0,28126
25801.81118792601,28127
1844.6857970055232,28128
0.0,28129
0.0,28130
537.3698413283754,28131
0.0,28132
0.0,28133
0.0,28134
0.0,28135
0.0,28136
1290.5006928109485,28137
1901.5963984503956,28138
0.0,28139
0.0,28140
0.0,28141
0.0,28142
0.0,28143
0.0,28144
1782.1862978355841,28145
1436.0420835691116,28146
0.0,28147
0.0,28148
0.0,28149
0.0,28150
0.0,28151
0.0,28152
0.0,28153
0.0,28154
0.0,28155
0.0,28156
0.0,28157
34.855746188282225,28158
396.88850879930425,28159
0.0,28160
0.0,28161
256.22290375521237,28162
0.0,28163
0.0,28164
0.0,28165
0.0,28166
0.0,28167
152.0930185543386,28168
85.23056049351446,28169
0.0,28170
0.0,28171
0.0,28172
0.0,28173
0.0,28174
0.0,28175
0.0,28176
0.0,28177
0.0,28178
45.811660104630874,28179
0.0,28180
0.0,28181
0.0,28182
0.0,28183
0.0,28184
23.848176800993865,28185
0.0,28186
0.0,28187
0.0,28188
0.0,28189
0.0,28190
0.0,28191
0.0,28192
0.0,28193
321.5697297917323,28194
0.0,28195
0.0,28196
0.0,28197
0.0,28198
0.0,28199
0.0,28200
2.8242295559516215,28201
0.0,28202
0.0,28203
0.0,28204
0.0,28205
0.0,28206
0.0,28207
0.0,28208
2.140972852380706,28209
0.0,28210
0.0,28211
0.0,28212
0.0,28213
0.0,28214
0.0,28215
0.0,28216
0.0,28217
0.0,28218
0.0,28219
0.0,28220
0.0,28221
0.0,28222
0.0,28223
7.1069736541691535,28224
0.0,28225
0.0,28226
0.0,28227
543.6247790818206,28228
0.0,28229
0.0,28230
0.0,28231
0.0,28232
422.9175275665742,28233
0.0,28234
0.0,28235
329.4760582504343,28236
0.0,28237
0.0,28238
0.0,28239
0.0,28240
0.0,28241
0.0,28242
0.0,28243
0.0,28244
517.9408589980994,28245
0.0,28246
0.0,28247
0.0,28248
0.0,28249
0.0,28250
371.70400299717875,28251
0.0,28252
0.0,28253
490.2363678931194,28254
0.0,28255
656.0655500413891,28256
0.0,28257
0.0,28258
0.0,28259
485.1957642607428,28260
299.8161735269632,28261
0.0,28262
0.0,28263
0.0,28264
217.48609033971283,28265
0.0,28266
0.0,28267
0.0,28268
0.0,28269
0.0,28270
437.91773981892,28271
0.0,28272
0.0,28273
0.0,28274
0.0,28275
0.0,28276
0.0,28277
0.0,28278
0.0,28279
0.0,28280
0.0,28281
0.0,28282
0.0,28283
0.0,28284
975.1040721010055,28285
0.0,28286
0.0,28287
0.0,28288
0.0,28289
0.0,28290
0.0,28291
0.0,28292
0.0,28293
0.0,28294
0.0,28295
0.0,28296
0.0,28297
3448.35890808166,28298
0.0,28299
0.0,28300
0.0,28301
0.0,28302
0.0,28303
0.0,28304
0.0,28305
0.0,28306
0.0,28307
0.0,28308
0.0,28309
0.0,28310
0.0,28311
0.0,28312
0.0,28313
0.0,28314
0.0,28315
84.35667805714597,28316
104.1356740906989,28317
0.0,28318
0.0,28319
94.04092670147244,28320
0.0,28321
0.0,28322
306.7147829105357,28323
50.62654326398392,28324
0.0,28325
1175.552001618957,28326
1253.4859605236431,28327
0.0,28328
0.0,28329
322.7418810657704,28330
0.0,28331
640.6001882418296,28332
0.0,28333
0.0,28334
0.0,28335
0.0,28336
2594.7995084229706,28337
0.0,28338
502.8533039642576,28339
586.1897773228645,28340
0.0,28341
3086.1110838308387,28342
859.6183661423611,28343
0.0,28344
0.0,28345
0.0,28346
1000.4429630205253,28347
0.0,28348
1068.9118707739617,28349
1003.3268028574033,28350
1101.5582402223167,28351
0.0,28352
662.171471715537,28353
0.0,28354
0.0,28355
0.0,28356
0.0,28357
1226.098507602593,28358
0.0,28359
0.0,28360
0.0,28361
8210.128394540814,28362
0.0,28363
0.0,28364
0.0,28365
0.0,28366
0.0,28367
0.0,28368
0.0,28369
0.0,28370
0.0,28371
0.0,28372
0.0,28373
0.0,28374
0.0,28375
0.0,28376
0.0,28377
0.0,28378
0.0,28379
0.0,28380
0.0,28381
0.0,28382
0.0,28383
0.0,28384
497.341680837405,28385
0.0,28386
0.0,28387
0.0,28388
0.0,28389
0.0,28390
0.0,28391
0.0,28392
0.0,28393
0.0,28394
0.0,28395
0.0,28396
0.0,28397
0.0,28398
0.0,28399
189.90829593679754,28400
923.6908550137142,28401
803.7226690992233,28402
0.0,28403
1684.689410780757,28404
0.0,28405
0.0,28406
223.15952861771007,28407
0.0,28408
0.0,28409
0.0,28410
0.0,28411
0.0,28412
0.0,28413
1584.706181191979,28414
0.0,28415
0.0,28416
1046.0760517158942,28417
0.0,28418
1032.621658103847,28419
0.0,28420
1219.0845664330657,28421
0.0,28422
0.22805080001324782,28423
1308.253464509252,28424
0.0,28425
0.0,28426
0.0,28427
0.0,28428
938.815793543583,28429
0.0,28430
0.0,28431
0.0,28432
0.0,28433
0.0,28434
0.0,28435
0.0,28436
0.0,28437
0.0,28438
2428.868191894164,28439
0.0,28440
0.0,28441
0.0,28442
0.0,28443
0.0,28444
0.0,28445
0.0,28446
0.0,28447
0.0,28448
0.0,28449
0.0,28450
0.0,28451
0.0,28452
0.0,28453
0.0,28454
0.0,28455
0.0,28456
0.0,28457
0.0,28458
0.0,28459
0.0,28460
0.0,28461
0.0,28462
0.0,28463
0.0,28464
0.0,28465
0.0,28466
10.90137688726677,28467
0.0,28468
0.0,28469
0.0,28470
0.0,28471
0.0,28472
0.0,28473
0.0,28474
0.0,28475
0.0,28476
0.0,28477
0.0,28478
0.0,28479
0.0,28480
0.0,28481
0.0,28482
0.0,28483
0.0,28484
0.0,28485
1189.9052949467898,28486
0.0,28487
0.0,28488
0.0,28489
0.0,28490
0.0,28491
0.0,28492
0.0,28493
0.0,28494
0.0,28495
0.0,28496
0.0,28497
0.0,28498
0.0,28499
0.0,28500
0.0,28501
0.0,28502
6079.76007677637,28503
0.0,28504
1038.9530160167058,28505
292.1247902962308,28506
0.0,28507
0.0,28508
0.0,28509
0.0,28510
2479.7129064216247,28511
80.58067972922689,28512
0.0,28513
1011.7774277084418,28514
0.0,28515
2393.31253876194,28516
0.0,28517
0.0,28518
0.0,28519
0.0,28520
0.0,28521
72.7379388512703,28522
153.37266537045463,28523
1367.9766445865307,28524
319.72196006406784,28525
0.0,28526
0.0,28527
3030.5253360223105,28528
0.0,28529
0.0,28530
0.0,28531
0.0,28532
473.7206721682455,28533
0.0,28534
0.0,28535
0.0,28536
0.0,28537
0.0,28538
0.0,28539
173.7112873181079,28540
0.0,28541
0.0,28542
82.37075110631814,28543
0.0,28544
0.0,28545
0.0,28546
0.0,28547
0.0,28548
0.0,28549
0.0,28550
305.0007947488795,28551
0.0,28552
0.0,28553
1750.071488356322,28554
0.0,28555
719.681846337137,28556
0.0,28557
1530.4726281463343,28558
1635.660169532324,28559
2045.4835080980035,28560
34.702998433260774,28561
0.0,28562
0.0,28563
507.4986612679965,28564
2543.0283493502297,28565
630.5192420905751,28566
0.0,28567
0.0,28568
259.985074503195,28569
0.0,28570
0.0,28571
1658.0941155302905,28572
1314.1179128535305,28573
0.0,28574
1374.1287856302308,28575
0.0,28576
0.0,28577
356.54808904783573,28578
0.0,28579
0.0,28580
0.0,28581
0.0,28582
3305.0471690503746,28583
3151.1241818268422,28584
3045.3828711356855,28585
0.0,28586
0.0,28587
0.0,28588
0.0,28589
0.0,28590
0.0,28591
0.0,28592
0.0,28593
0.0,28594
0.0,28595
0.0,28596
0.0,28597
0.0,28598
0.0,28599
0.0,28600
0.0,28601
0.0,28602
0.0,28603
2211.29389654452,28604
0.0,28605
318.37692285352534,28606
0.0,28607
0.0,28608
0.0,28609
0.0,28610
0.0,28611
0.0,28612
0.0,28613
0.0,28614
0.0,28615
0.0,28616
0.0,28617
2959.9339655206772,28618
0.0,28619
0.0,28620
0.0,28621
0.0,28622
0.0,28623
2780.9356198157047,28624
0.0,28625
0.0,28626
0.0,28627
0.0,28628
0.0,28629
3563.9313738987917,28630
2534.453079414921,28631
0.0,28632
0.0,28633
0.0,28634
0.0,28635
1498.6055653532724,28636
0.0,28637
250.58626826894815,28638
0.0,28639
253.06287701618913,28640
1717.3321713702383,28641
2777.7698360854943,28642
0.0,28643
0.0,28644
0.0,28645
988.3126350269523,28646
0.0,28647
0.0,28648
0.0,28649
0.0,28650
0.0,28651
0.0,28652
0.0,28653
0.0,28654
0.0,28655
0.0,28656
0.0,28657
0.0,28658
1478.7175059428425,28659
0.0,28660
221.1101275503865,28661
0.0,28662
1195.8534969405052,28663
1100.5264192768243,28664
0.0,28665
0.0,28666
0.0,28667
0.0,28668
0.0,28669
0.0,28670
0.0,28671
0.0,28672
0.0,28673
0.0,28674
0.0,28675
972.1331561851625,28676
0.0,28677
0.0,28678
847.6425990006093,28679
0.0,28680
2472.778079680748,28681
587.4481483881951,28682
0.0,28683
1627.090317557285,28684
0.0,28685
781.5659568366639,28686
3202.378746179724,28687
3369.359116946733,28688
0.0,28689
1855.9894402518617,28690
0.0,28691
0.0,28692
0.0,28693
0.0,28694
0.0,28695
0.0,28696
0.0,28697
0.0,28698
0.0,28699
3239.3471919006283,28700
0.0,28701
650.3628455353321,28702
0.0,28703
0.0,28704
0.0,28705
1807.0283028552321,28706
0.0,28707
0.0,28708
0.0,28709
0.0,28710
0.0,28711
0.0,28712
0.0,28713
0.0,28714
0.0,28715
0.0,28716
0.0,28717
1372.4910818792662,28718
0.0,28719
2583.8666467282965,28720
85.36820116185987,28721
0.0,28722
365.6749656143806,28723
806.8738016738611,28724
2361.5139869309482,28725
0.0,28726
0.0,28727
0.0,28728
1561.5469668296196,28729
0.0,28730
1250.5732855525114,28731
0.0,28732
0.0,28733
0.0,28734
0.0,28735
599.050013033198,28736
0.0,28737
0.0,28738
0.0,28739
0.0,28740
0.0,28741
0.0,28742
160.66005777764312,28743
7126.577017743795,28744
0.0,28745
0.0,28746
0.0,28747
0.0,28748
0.0,28749
0.0,28750
0.0,28751
0.0,28752
0.0,28753
0.0,28754
0.0,28755
0.0,28756
0.0,28757
4688.493579437372,28758
25.41992005237646,28759
3337.8937373538447,28760
3570.0833599394496,28761
460.0674273137523,28762
3706.650885728685,28763
0.0,28764
3899.5583619303766,28765
0.0,28766
0.0,28767
0.0,28768
0.0,28769
355.64835993757845,28770
0.0,28771
6.148962789517121,28772
0.0,28773
2552.609221856677,28774
2585.0295005401126,28775
0.0,28776
0.0,28777
0.0,28778
0.0,28779
0.0,28780
0.0,28781
0.0,28782
162.0954926208653,28783
0.0,28784
985.9418692386927,28785
0.0,28786
1117.1008681571057,28787
0.0,28788
2956.529032731574,28789
0.0,28790
0.0,28791
31471.018549332304,28792
1907.8515329437328,28793
0.0,28794
0.0,28795
0.0,28796
53.05049478256246,28797
496.8157610674592,28798
0.0,28799
0.0,28800
0.0,28801
2227.0406664088196,28802
0.0,28803
301.8086107110175,28804
0.0,28805
0.0,28806
0.0,28807
0.0,28808
0.0,28809
983.380418726488,28810
0.0,28811
2119.172805632942,28812
5282.214103952305,28813
0.0,28814
5157.398456373464,28815
6619.80866383387,28816
0.0,28817
0.0,28818
0.0,28819
0.0,28820
0.0,28821
0.0,28822
0.0,28823
0.0,28824
0.0,28825
0.0,28826
0.0,28827
0.0,28828
0.0,28829
0.0,28830
0.0,28831
0.0,28832
0.0,28833
0.0,28834
0.0,28835
0.0,28836
0.0,28837
0.0,28838
3217.807557923585,28839
0.0,28840
0.0,28841
0.0,28842
2097.6459324509515,28843
0.0,28844
6526.37592739811,28845
0.0,28846
0.0,28847
0.0,28848
0.0,28849
255.6674773661161,28850
0.0,28851
0.0,28852
0.0,28853
0.0,28854
10307.251006228325,28855
2423.402647941361,28856
2559.7812596327344,28857
0.0,28858
0.0,28859
0.0,28860
1692.820310371528,28861
0.0,28862
0.0,28863
0.0,28864
2292.062185514874,28865
0.0,28866
4163.254569859244,28867
0.0,28868
0.0,28869
0.0,28870
0.0,28871
8946.658570235406,28872
618.22997327811,28873
0.0,28874
0.0,28875
0.0,28876
0.0,28877
0.0,28878
0.0,28879
0.0,28880
0.0,28881
0.0,28882
0.0,28883
0.0,28884
0.0,28885
0.0,28886
0.0,28887
0.0,28888
2469.4159884980363,28889
1849.977359392458,28890
0.0,28891
0.0,28892
0.0,28893
0.0,28894
0.0,28895
0.0,28896
0.0,28897
0.0,28898
0.0,28899
0.0,28900
0.0,28901
0.0,28902
269.3345783223439,28903
0.0,28904
0.0,28905
0.0,28906
0.0,28907
0.0,28908
0.0,28909
0.0,28910
0.0,28911
0.0,28912
0.0,28913
0.0,28914
0.0,28915
0.0,28916
0.0,28917
0.0,28918
0.0,28919
0.0,28920
0.0,28921
0.0,28922
0.0,28923
0.0,28924
1126.3537960228946,28925
0.0,28926
0.0,28927
0.0,28928
0.0,28929
0.0,28930
0.0,28931
3583.632197353953,28932
0.0,28933
5528.154326053766,28934
0.0,28935
0.0,28936
1436.0365280708488,28937
0.0,28938
0.0,28939
0.0,28940
0.0,28941
2231.30573977599,28942
0.0,28943
0.0,28944
0.0,28945
0.0,28946
0.0,28947
0.0,28948
0.0,28949
0.0,28950
0.0,28951
0.0,28952
0.0,28953
0.0,28954
0.0,28955
0.0,28956
0.0,28957
64.85362254999758,28958
156.16445585330263,28959
0.0,28960
276.996427360654,28961
0.0,28962
425.14435786122965,28963
378.4046295997532,28964
993.9193147885549,28965
1798.1862309626345,28966
0.0,28967
0.0,28968
0.0,28969
0.0,28970
1324.4078574911107,28971
1677.0548712609132,28972
2459.0440824480843,28973
0.0,28974
1317.8253081833873,28975
2660.678406783729,28976
0.0,28977
2695.4069674357556,28978
698.2742158067048,28979
0.0,28980
1043.7089400825694,28981
733.9982838710469,28982
0.0,28983
0.0,28984
0.0,28985
0.0,28986
2048.4871933954473,28987
1174.753883579171,28988
0.0,28989
0.0,28990
0.0,28991
0.0,28992
0.0,28993
0.0,28994
125.43423139671677,28995
0.0,28996
0.0,28997
0.0,28998
0.0,28999
0.0,29000
0.0,29001
0.0,29002
0.0,29003
0.0,29004
0.0,29005
271.6215242775241,29006
0.0,29007
0.0,29008
0.0,29009
0.0,29010
0.0,29011
0.0,29012
0.0,29013
1631.0142706977695,29014
385.30073643157573,29015
0.0,29016
0.0,29017
0.0,29018
177.27531919768802,29019
0.0,29020
0.0,29021
0.0,29022
0.0,29023
0.0,29024
0.0,29025
0.0,29026
0.0,29027
0.0,29028
0.0,29029
0.0,29030
0.0,29031
0.0,29032
0.0,29033
0.0,29034
0.0,29035
0.0,29036
0.0,29037
0.0,29038
0.0,29039
0.0,29040
1222.1425464589486,29041
0.0,29042
0.0,29043
0.0,29044
0.0,29045
0.0,29046
0.0,29047
0.0,29048
0.0,29049
0.0,29050
0.0,29051
0.0,29052
0.0,29053
0.0,29054
0.0,29055
0.0,29056
0.0,29057
0.0,29058
0.0,29059
0.0,29060
206.69903137151022,29061
247.69506152747059,29062
0.0,29063
91.7818346171339,29064
0.0,29065
404.22542391591327,29066
371.34536851987554,29067
0.0,29068
0.0,29069
0.0,29070
0.0,29071
0.0,29072
0.0,29073
0.0,29074
0.0,29075
0.0,29076
0.0,29077
0.0,29078
0.0,29079
4925.047468911298,29080
0.0,29081
0.0,29082
0.0,29083
0.0,29084
0.0,29085
0.0,29086
0.0,29087
0.0,29088
0.0,29089
0.0,29090
0.0,29091
0.0,29092
0.0,29093
0.0,29094
0.0,29095
0.0,29096
0.0,29097
0.0,29098
0.0,29099
0.0,29100
0.0,29101
0.0,29102
0.0,29103
0.0,29104
0.0,29105
0.0,29106
0.0,29107
0.0,29108
0.0,29109
0.0,29110
0.0,29111
0.0,29112
0.0,29113
0.0,29114
0.0,29115
0.0,29116
0.0,29117
0.0,29118
0.0,29119
0.0,29120
0.0,29121
0.0,29122
0.0,29123
0.0,29124
0.0,29125
0.0,29126
0.0,29127
0.0,29128
0.0,29129
0.0,29130
0.0,29131
0.0,29132
0.0,29133
0.0,29134
0.0,29135
0.0,29136
0.0,29137
0.0,29138
0.0,29139
0.0,29140
0.0,29141
0.0,29142
0.0,29143
0.0,29144
0.0,29145
0.0,29146
0.0,29147
0.0,29148
0.0,29149
0.0,29150
0.0,29151
0.0,29152
0.0,29153
0.0,29154
0.0,29155
0.0,29156
0.0,29157
0.0,29158
0.0,29159
0.0,29160
0.0,29161
0.0,29162
0.0,29163
0.0,29164
585.8442131328632,29165
0.0,29166
0.0,29167
0.0,29168
0.0,29169
19.247630616280304,29170
0.0,29171
0.0,29172
0.0,29173
431.67410641053294,29174
728.5762016572291,29175
0.0,29176
0.0,29177
0.0,29178
0.0,29179
562.9798812578688,29180
2264.215658741519,29181
195.77767501539344,29182
648.7484234152039,29183
0.0,29184
0.0,29185
675.4746361499568,29186
0.0,29187
0.0,29188
861.4834078348316,29189
0.0,29190
0.0,29191
0.0,29192
0.0,29193
1775.2700971991994,29194
0.0,29195
0.0,29196
0.0,29197
0.0,29198
0.0,29199
0.0,29200
0.0,29201
0.0,29202
0.0,29203
0.0,29204
0.0,29205
0.0,29206
0.0,29207
0.0,29208
0.0,29209
0.0,29210
0.0,29211
0.0,29212
0.0,29213
0.0,29214
0.0,29215
0.0,29216
0.0,29217
0.0,29218
0.0,29219
0.0,29220
0.0,29221
0.0,29222
0.0,29223
5442.690796553744,29224
0.0,29225
0.0,29226
0.0,29227
0.0,29228
0.0,29229
0.0,29230
0.0,29231
0.0,29232
0.0,29233
0.0,29234
0.0,29235
0.0,29236
1223.0210852998791,29237
2731.7050860489053,29238
0.0,29239
0.0,29240
0.0,29241
0.0,29242
0.0,29243
0.0,29244
103.3280232206885,29245
0.0,29246
0.0,29247
0.0,29248
0.0,29249
0.0,29250
0.0,29251
0.0,29252
0.0,29253
0.0,29254
0.0,29255
0.0,29256
0.0,29257
0.0,29258
0.0,29259
0.0,29260
0.0,29261
0.0,29262
237.21116551351875,29263
0.0,29264
0.0,29265
267.4076317401219,29266
0.0,29267
0.0,29268
0.0,29269
0.0,29270
0.0,29271
0.0,29272
0.0,29273
0.0,29274
0.0,29275
0.0,29276
0.0,29277
0.0,29278
0.0,29279
0.0,29280
0.0,29281
0.0,29282
0.0,29283
0.0,29284
0.0,29285
0.0,29286
3343.7060980884253,29287
0.0,29288
0.0,29289
0.0,29290
0.0,29291
0.0,29292
0.0,29293
0.0,29294
3145.6028231489577,29295
0.0,29296
0.0,29297
0.0,29298
0.0,29299
809.0026323116957,29300
0.0,29301
0.0,29302
0.0,29303
0.0,29304
0.0,29305
0.0,29306
0.0,29307
0.0,29308
0.0,29309
0.0,29310
0.0,29311
0.0,29312
0.0,29313
0.0,29314
0.0,29315
0.0,29316
313.7883762484233,29317
0.0,29318
0.0,29319
0.0,29320
0.0,29321
0.0,29322
3417.1061155059265,29323
0.0,29324
0.0,29325
146.4560524170833,29326
0.0,29327
0.0,29328
0.0,29329
0.0,29330
2217.277247521086,29331
0.0,29332
0.0,29333
0.0,29334
0.0,29335
0.0,29336
0.0,29337
0.0,29338
0.0,29339
0.0,29340
0.0,29341
0.0,29342
0.0,29343
0.0,29344
0.0,29345
0.0,29346
0.0,29347
0.0,29348
0.0,29349
0.0,29350
0.0,29351
0.0,29352
0.0,29353
0.0,29354
0.0,29355
0.0,29356
0.0,29357
0.0,29358
0.0,29359
0.0,29360
0.0,29361
0.0,29362
0.0,29363
0.0,29364
1411.440900156331,29365
0.0,29366
0.0,29367
0.0,29368
367.7437080169109,29369
0.0,29370
1786.363827839725,29371
0.0,29372
0.0,29373
0.0,29374
1818.4134368857642,29375
0.0,29376
0.0,29377
721.4695932247428,29378
591.8556184574653,29379
0.0,29380
3291.4443103782132,29381
0.0,29382
373.85990740906595,29383
0.0,29384
0.0,29385
0.0,29386
0.0,29387
0.0,29388
0.0,29389
0.0,29390
0.0,29391
0.0,29392
0.0,29393
0.0,29394
0.0,29395
5813.199641444989,29396
800.2293990466352,29397
0.0,29398
0.0,29399
1098.841377148184,29400
0.0,29401
1191.133096910784,29402
0.0,29403
0.0,29404
1322.640107334014,29405
0.0,29406
0.0,29407
1428.8404554804026,29408
0.0,29409
0.0,29410
1557.3674104034878,29411
0.0,29412
0.0,29413
1675.5012338063084,29414
7472.169950070369,29415
0.0,29416
0.0,29417
1853.8858745634636,29418
0.0,29419
1896.3464149273734,29420
0.0,29421
1877.0893820308654,29422
0.0,29423
0.0,29424
1124.4939007375685,29425
1779.7796237849645,29426
0.0,29427
0.0,29428
1727.4193112738767,29429
2704.938484047789,29430
0.0,29431
1612.0906435619338,29432
1416.659089985829,29433
0.0,29434
0.0,29435
1111.1169423716249,29436
0.0,29437
0.0,29438
0.0,29439
1263.738948845105,29440
1694.911964696489,29441
1027.423188362136,29442
0.0,29443
0.0,29444
937.6585344985616,29445
0.0,29446
0.0,29447
0.0,29448
0.0,29449
0.0,29450
0.0,29451
0.0,29452
790.6436415538918,29453
0.0,29454
0.0,29455
0.0,29456
0.0,29457
3537.561660109237,29458
0.0,29459
0.0,29460
1238.9825005720857,29461
1424.767516165843,29462
0.0,29463
0.0,29464
0.0,29465
0.0,29466
0.0,29467
0.0,29468
0.0,29469
0.0,29470
0.0,29471
885.9837537610324,29472
0.0,29473
0.0,29474
0.0,29475
0.0,29476
0.0,29477
0.0,29478
0.0,29479
0.0,29480
0.0,29481
465.0680823546585,29482
0.0,29483
0.0,29484
0.0,29485
0.0,29486
0.0,29487
64235.68217762292,29488
0.0,29489
0.0,29490
0.0,29491
0.0,29492
0.0,29493
0.0,29494
0.0,29495
0.0,29496
0.0,29497
0.0,29498
0.0,29499
299.72658568609467,29500
0.0,29501
0.0,29502
0.0,29503
0.0,29504
0.0,29505
182.6720707197933,29506
0.0,29507
0.0,29508
0.0,29509
0.0,29510
0.0,29511
0.0,29512
0.0,29513
0.0,29514
0.0,29515
0.0,29516
0.0,29517
0.0,29518
0.0,29519
0.0,29520
0.0,29521
0.0,29522
0.0,29523
0.0,29524
0.0,29525
0.0,29526
0.0,29527
0.0,29528
3618.6636676719613,29529
0.0,29530
0.0,29531
565.5934757783963,29532
0.0,29533
1891.105292184165,29534
691.1098037173665,29535
0.0,29536
1941.8349700491378,29537
0.0,29538
794.7258957418481,29539
0.0,29540
33.77029794677399,29541
0.0,29542
0.0,29543
0.0,29544
2681.769457013475,29545
2134.9581352461505,29546
984.9576479383957,29547
0.0,29548
0.0,29549
2325.5510346663564,29550
1374.632637811361,29551
2411.2211544812003,29552
1444.2851503031522,29553
0.0,29554
1480.8681421157264,29555
0.0,29556
0.0,29557
850.7492787491522,29558
0.0,29559
0.0,29560
0.0,29561
0.0,29562
0.0,29563
0.0,29564
0.0,29565
0.0,29566
0.0,29567
0.0,29568
0.0,29569
0.0,29570
0.0,29571
0.0,29572
0.0,29573
0.0,29574
0.0,29575
0.0,29576
0.0,29577
0.0,29578
0.0,29579
379.4765222396714,29580
0.0,29581
0.0,29582
222.26336431973886,29583
0.0,29584
0.0,29585
0.0,29586
0.0,29587
0.0,29588
0.0,29589
0.0,29590
0.0,29591
0.0,29592
0.0,29593
0.0,29594
0.0,29595
0.0,29596
0.0,29597
0.0,29598
0.0,29599
0.0,29600
0.0,29601
0.0,29602
0.0,29603
448.14441178336006,29604
1497.5134892292215,29605
0.0,29606
0.0,29607
0.0,29608
0.0,29609
0.0,29610
0.0,29611
0.0,29612
0.0,29613
0.0,29614
0.0,29615
0.0,29616
0.0,29617
0.0,29618
0.0,29619
0.0,29620
0.0,29621
0.0,29622
0.0,29623
0.0,29624
0.0,29625
0.0,29626
0.0,29627
0.0,29628
0.0,29629
0.0,29630
0.0,29631
0.0,29632
0.0,29633
663.9987203146227,29634
0.0,29635
0.0,29636
0.0,29637
0.0,29638
0.0,29639
0.0,29640
0.0,29641
0.0,29642
0.0,29643
0.0,29644
0.0,29645
0.0,29646
0.0,29647
378.9531278860944,29648
0.0,29649
0.0,29650
0.0,29651
0.0,29652
0.0,29653
0.0,29654
0.0,29655
0.0,29656
0.0,29657
0.0,29658
0.0,29659
0.0,29660
0.0,29661
0.0,29662
0.0,29663
0.0,29664
0.0,29665
0.0,29666
184.31139394025885,29667
0.0,29668
0.0,29669
0.0,29670
1211.9414950073713,29671
0.0,29672
3080.8235415295685,29673
0.0,29674
0.0,29675
3133.7012892472853,29676
0.0,29677
313.82988282550946,29678
0.0,29679
0.0,29680
0.0,29681
1254.7024700825361,29682
0.0,29683
0.0,29684
0.0,29685
0.0,29686
0.0,29687
0.0,29688
0.0,29689
0.0,29690
0.0,29691
0.0,29692
0.0,29693
0.0,29694
0.0,29695
0.0,29696
0.0,29697
0.0,29698
2472.7592555203128,29699
1373.4833079937428,29700
0.0,29701
0.0,29702
0.0,29703
0.0,29704
0.0,29705
0.0,29706
0.0,29707
0.0,29708
0.0,29709
0.0,29710
0.0,29711
0.0,29712
0.0,29713
0.0,29714
0.0,29715
0.0,29716
0.0,29717
0.0,29718
0.0,29719
0.0,29720
0.0,29721
0.0,29722
0.0,29723
0.0,29724
0.0,29725
0.0,29726
0.0,29727
0.0,29728
0.0,29729
0.0,29730
0.0,29731
0.0,29732
0.0,29733
0.0,29734
0.0,29735
0.0,29736
0.0,29737
0.0,29738
0.0,29739
0.0,29740
0.0,29741
0.0,29742
0.0,29743
0.0,29744
0.0,29745
0.0,29746
0.0,29747
0.0,29748
0.0,29749
0.0,29750
0.0,29751
0.0,29752
0.0,29753
0.0,29754
0.0,29755
0.0,29756
2530.032582298214,29757
0.0,29758
0.0,29759
0.0,29760
0.0,29761
0.0,29762
0.0,29763
0.0,29764
0.0,29765
0.0,29766
0.0,29767
0.0,29768
0.0,29769
0.0,29770
0.0,29771
0.0,29772
0.0,29773
0.0,29774
1833.1640253136118,29775
0.0,29776
0.0,29777
0.0,29778
0.0,29779
0.0,29780
0.0,29781
0.0,29782
0.0,29783
1042.880823355544,29784
0.0,29785
0.0,29786
0.0,29787
0.0,29788
0.0,29789
0.0,29790
0.0,29791
0.0,29792
0.0,29793
0.0,29794
0.0,29795
0.0,29796
0.0,29797
0.0,29798
1124.018158379397,29799
313.05441187832747,29800
0.0,29801
0.0,29802
0.0,29803
0.0,29804
1161.7364019176828,29805
1255.6190981850727,29806
1175.0158335734213,29807
1048.9066491539754,29808
0.0,29809
1167.9212512856884,29810
0.0,29811
0.0,29812
0.0,29813
0.0,29814
0.0,29815
0.0,29816
0.0,29817
0.0,29818
0.0,29819
0.0,29820
0.0,29821
0.0,29822
0.0,29823
0.0,29824
3429.5435821633127,29825
0.0,29826
0.0,29827
0.0,29828
0.0,29829
0.0,29830
0.0,29831
0.0,29832
13531.851125923866,29833
0.0,29834
0.0,29835
0.0,29836
0.0,29837
0.0,29838
0.0,29839
0.0,29840
0.0,29841
0.0,29842
0.0,29843
0.0,29844
5264.66857972326,29845
0.0,29846
0.0,29847
0.0,29848
0.0,29849
0.0,29850
0.0,29851
0.0,29852
0.0,29853
0.0,29854
0.0,29855
0.0,29856
0.0,29857
0.0,29858
0.0,29859
0.0,29860
7498.440825952567,29861
0.0,29862
358.7066076621775,29863
0.0,29864
0.0,29865
0.0,29866
0.0,29867
0.0,29868
0.0,29869
0.0,29870
0.0,29871
0.0,29872
0.0,29873
0.0,29874
223.48612460660016,29875
0.0,29876
0.0,29877
0.0,29878
0.0,29879
0.0,29880
0.0,29881
0.0,29882
0.0,29883
0.0,29884
0.0,29885
1706.9511190475246,29886
2048.8271098640917,29887
1911.716189499192,29888
1260.959947666782,29889
1056.333305188183,29890
0.0,29891
0.0,29892
0.0,29893
0.0,29894
0.0,29895
0.0,29896
0.0,29897
0.0,29898
0.0,29899
0.0,29900
0.0,29901
0.0,29902
0.0,29903
0.0,29904
0.0,29905
0.0,29906
0.0,29907
0.0,29908
130.99185992824053,29909
17.052098114248924,29910
0.0,29911
0.0,29912
180.3206488871152,29913
243.17163869742186,29914
418.9587627178256,29915
538.946496171443,29916
0.0,29917
1658.8592502837737,29918
298.4658834329032,29919
619.4148688542642,29920
0.0,29921
0.0,29922
576.0914770542842,29923
681.1748552743937,29924
163.01545505891195,29925
392.87135201168815,29926
0.0,29927
0.0,29928
0.0,29929
3810.848025238511,29930
0.0,29931
0.0,29932
0.0,29933
0.0,29934
2348.169898673382,29935
0.0,29936
0.0,29937
0.0,29938
0.0,29939
0.0,29940
0.0,29941
0.0,29942
0.0,29943
0.0,29944
0.0,29945
5.451532488584254,29946
0.0,29947
1327.7135628099866,29948
1274.4789152465944,29949
0.0,29950
1026.2056160765494,29951
0.0,29952
0.0,29953
0.0,29954
0.0,29955
0.0,29956
0.0,29957
0.0,29958
2898.161466833644,29959
0.0,29960
0.0,29961
0.0,29962
0.0,29963
0.0,29964
0.0,29965
0.0,29966
0.0,29967
1938.340416870211,29968
0.0,29969
4516.104989066345,29970
0.0,29971
0.0,29972
0.0,29973
0.0,29974
0.0,29975
0.0,29976
0.0,29977
0.0,29978
0.0,29979
0.0,29980
0.0,29981
0.0,29982
1537.0539739155538,29983
528.6101040198115,29984
0.0,29985
0.0,29986
0.0,29987
0.0,29988
0.0,29989
0.0,29990
0.0,29991
223.66150361760594,29992
0.0,29993
0.0,29994
0.0,29995
0.0,29996
0.0,29997
0.0,29998
2799.5081506061338,29999
0.0,30000
248.30593886340492,30001
0.0,30002
0.0,30003
0.0,30004
0.0,30005
0.0,30006
0.0,30007
0.0,30008
0.0,30009
0.0,30010
0.0,30011
0.0,30012
6434.965452497004,30013
0.0,30014
0.0,30015
348.3796122646411,30016
0.0,30017
0.0,30018
0.0,30019
0.0,30020
0.0,30021
0.0,30022
972.4812422816874,30023
0.0,30024
0.0,30025
0.0,30026
0.0,30027
0.0,30028
0.0,30029
408.72968241695895,30030
0.0,30031
1152.4978519970782,30032
0.0,30033
0.0,30034
1108.6415879877793,30035
0.0,30036
0.0,30037
624.3985712172032,30038
0.0,30039
0.0,30040
0.0,30041
0.0,30042
0.0,30043
0.0,30044
0.0,30045
0.0,30046
0.0,30047
0.0,30048
0.0,30049
0.0,30050
0.0,30051
0.0,30052
0.0,30053
0.0,30054
0.0,30055
226.24766043157055,30056
1456.6618820691353,30057
1647.3193287187007,30058
0.0,30059
1116.2535435483628,30060
0.0,30061
0.0,30062
0.0,30063
4937.309698243441,30064
0.0,30065
0.0,30066
0.0,30067
0.0,30068
0.0,30069
0.0,30070
0.0,30071
0.0,30072
0.0,30073
0.0,30074
0.0,30075
0.0,30076
0.0,30077
0.0,30078
0.0,30079
0.0,30080
2251.1391574649374,30081
0.0,30082
0.0,30083
643.8712534818108,30084
378.807738734223,30085
0.0,30086
0.0,30087
0.0,30088
0.0,30089
0.0,30090
0.0,30091
0.0,30092
0.0,30093
0.0,30094
0.0,30095
0.0,30096
0.0,30097
0.0,30098
0.0,30099
0.0,30100
0.0,30101
0.0,30102
0.0,30103
0.0,30104
1248.8799360529686,30105
756.2956428098004,30106
0.0,30107
0.0,30108
1896.1335821531068,30109
938.7773008929817,30110
5794.290001611336,30111
1828.3846082976647,30112
0.0,30113
0.0,30114
461.6569741889432,30115
1180.3857414282234,30116
0.0,30117
0.0,30118
2400.524708986226,30119
3680.3500058271293,30120
0.0,30121
797.0493323512995,30122
8.802788045597676,30123
0.0,30124
0.0,30125
418.3883542798111,30126
0.0,30127
397.3605239564938,30128
0.0,30129
2201.0247341908553,30130
0.0,30131
2698.057934310783,30132
0.0,30133
0.0,30134
2865.511238972886,30135
0.0,30136
3423.937011187497,30137
2664.038277613013,30138
2884.66408642495,30139
0.0,30140
0.0,30141
0.0,30142
2050.806220442927,30143
0.0,30144
0.0,30145
1516.4839950722762,30146
0.0,30147
0.0,30148
1385.3601980429946,30149
0.0,30150
72.97492961246355,30151
0.0,30152
0.0,30153
0.0,30154
0.0,30155
0.0,30156
0.0,30157
0.0,30158
295.33696757654997,30159
0.0,30160
295.4676677288702,30161
171.12735230373536,30162
0.0,30163
0.0,30164
459.3604296063401,30165
22.727248619323706,30166
0.0,30167
0.0,30168
0.0,30169
0.0,30170
0.0,30171
4244.198440509184,30172
0.0,30173
261.4385511670269,30174
0.0,30175
0.0,30176
0.0,30177
0.0,30178
0.0,30179
0.0,30180
0.0,30181
0.0,30182
0.0,30183
1814.4956370419754,30184
0.0,30185
0.0,30186
0.0,30187
0.0,30188
0.0,30189
0.0,30190
0.0,30191
3468.262579739192,30192
3279.9772133831125,30193
133.87364450190933,30194
0.0,30195
1347.511272026386,30196
0.0,30197
0.0,30198
0.0,30199
0.0,30200
0.0,30201
0.0,30202
0.0,30203
16.017122472026568,30204
0.0,30205
0.0,30206
0.0,30207
0.0,30208
87.39453625521692,30209
0.0,30210
0.0,30211
6462.538243691271,30212
990.7720576548388,30213
3794.789866363865,30214
0.0,30215
708.9115883252854,30216
0.0,30217
0.0,30218
0.0,30219
0.0,30220
0.0,30221
0.0,30222
2881.8144799396787,30223
150.26086790690513,30224
0.0,30225
0.0,30226
0.0,30227
0.0,30228
0.0,30229
0.0,30230
0.0,30231
0.0,30232
0.0,30233
0.0,30234
0.0,30235
0.0,30236
0.0,30237
0.0,30238
1927.5557343490143,30239
0.0,30240
0.0,30241
0.0,30242
1536.66980463466,30243
0.0,30244
0.0,30245
0.0,30246
0.0,30247
0.0,30248
1201.7304422533582,30249
3043.849106551671,30250
741.9651007800011,30251
2.0622362692521667,30252
0.0,30253
507.6461498978034,30254
979.2715074913282,30255
26.467737755612514,30256
814.1950893148822,30257
0.0,30258
2261.6193694125545,30259
0.0,30260
0.0,30261
0.0,30262
2090.989452766156,30263
1479.7257863028835,30264
0.0,30265
0.0,30266
0.0,30267
0.0,30268
0.0,30269
0.0,30270
0.0,30271
0.0,30272
0.0,30273
0.0,30274
0.0,30275
1511.0173467025406,30276
0.0,30277
1154.7949174161831,30278
609.9558635937143,30279
941.2571321714905,30280
0.0,30281
0.0,30282
871.271436317801,30283
0.0,30284
0.0,30285
0.0,30286
0.0,30287
2157.2921009293996,30288
0.0,30289
5209.877367232082,30290
2361.7996900071344,30291
2396.01517860328,30292
0.0,30293
3078.198679559135,30294
947.2780129950331,30295
1339.897952654187,30296
0.0,30297
0.0,30298
2551.151192220893,30299
0.0,30300
0.0,30301
0.0,30302
3071.6100849890995,30303
2447.2800411448056,30304
0.0,30305
0.0,30306
0.0,30307
0.0,30308
27708.59224394016,30309
0.0,30310
0.0,30311
947.3732427543255,30312
0.0,30313
0.0,30314
0.0,30315
2711.178043599513,30316
2845.821671509289,30317
2992.8223878442273,30318
733.5891507215098,30319
1884.191141849904,30320
0.0,30321
0.0,30322
455.4958053513937,30323
345.14944336531033,30324
3782.9575997129264,30325
0.0,30326
0.0,30327
0.0,30328
0.0,30329
0.0,30330
0.0,30331
0.0,30332
746.185570155974,30333
0.0,30334
0.0,30335
0.0,30336
0.0,30337
0.0,30338
0.0,30339
0.0,30340
0.0,30341
0.0,30342
668.0870843780864,30343
1789.65224546307,30344
133.73089754623342,30345
0.0,30346
0.0,30347
0.0,30348
812.2274030896697,30349
2719.7417382547997,30350
0.0,30351
0.0,30352
0.0,30353
0.0,30354
0.0,30355
415.9312090785891,30356
0.0,30357
0.0,30358
0.0,30359
0.0,30360
415.8659346098488,30361
0.0,30362
0.0,30363
512.4717479022817,30364
0.0,30365
0.0,30366
0.0,30367
0.0,30368
0.0,30369
0.0,30370
0.0,30371
0.0,30372
0.0,30373
0.0,30374
0.0,30375
0.0,30376
0.0,30377
0.0,30378
0.0,30379
0.0,30380
0.0,30381
0.0,30382
0.0,30383
0.0,30384
0.0,30385
0.0,30386
0.0,30387
0.0,30388
0.0,30389
148.34395932975147,30390
0.0,30391
0.0,30392
0.0,30393
0.0,30394
0.0,30395
0.0,30396
0.0,30397
0.0,30398
0.0,30399
0.0,30400
0.0,30401
0.0,30402
0.0,30403
0.0,30404
0.0,30405
0.0,30406
0.0,30407
2294.73009392115,30408
0.0,30409
3979.226263095924,30410
0.0,30411
0.0,30412
0.0,30413
0.0,30414
0.0,30415
0.0,30416
0.0,30417
0.0,30418
0.0,30419
0.0,30420
0.0,30421
143.84123264693875,30422
0.0,30423
0.0,30424
0.0,30425
0.0,30426
0.0,30427
0.0,30428
0.0,30429
198.26039279595136,30430
402.16706436123536,30431
0.0,30432
0.0,30433
411.07404671143223,30434
0.0,30435
0.0,30436
0.0,30437
0.0,30438
0.0,30439
0.0,30440
0.0,30441
0.0,30442
0.0,30443
0.0,30444
0.0,30445
0.0,30446
0.0,30447
0.0,30448
0.0,30449
0.0,30450
0.0,30451
0.0,30452
0.0,30453
0.0,30454
0.0,30455
0.0,30456
0.0,30457
0.0,30458
0.0,30459
0.0,30460
0.0,30461
0.0,30462
0.0,30463
0.0,30464
0.0,30465
0.0,30466
0.0,30467
0.0,30468
0.0,30469
0.0,30470
0.0,30471
0.0,30472
0.0,30473
0.0,30474
0.0,30475
0.0,30476
244.65301790057984,30477
0.0,30478
0.0,30479
0.0,30480
0.0,30481
0.0,30482
0.0,30483
0.0,30484
0.0,30485
0.0,30486
0.0,30487
0.0,30488
0.0,30489
0.0,30490
733.2486291292781,30491
0.0,30492
0.0,30493
0.0,30494
0.0,30495
0.0,30496
0.0,30497
0.0,30498
0.0,30499
0.0,30500
0.0,30501
0.0,30502
0.0,30503
0.0,30504
0.0,30505
209.05382664217856,30506
0.0,30507
22.553184292456653,30508
0.0,30509
0.0,30510
0.0,30511
0.0,30512
0.0,30513
0.0,30514
0.0,30515
4762.702635188349,30516
0.0,30517
0.0,30518
0.0,30519
0.0,30520
0.0,30521
0.0,30522
814.388568614573,30523
0.0,30524
0.0,30525
0.0,30526
0.0,30527
0.0,30528
0.0,30529
0.0,30530
0.0,30531
0.0,30532
0.0,30533
0.0,30534
0.0,30535
0.0,30536
0.0,30537
0.0,30538
0.0,30539
0.0,30540
0.0,30541
0.0,30542
0.0,30543
0.0,30544
208.3039853238075,30545
0.0,30546
0.0,30547
0.0,30548
31.2990258207065,30549
0.0,30550
0.0,30551
185.96506223910822,30552
0.0,30553
0.0,30554
0.0,30555
0.0,30556
0.0,30557
0.0,30558
0.0,30559
0.0,30560
0.0,30561
0.0,30562
0.0,30563
0.0,30564
419.3691470287106,30565
0.0,30566
0.0,30567
0.0,30568
15323.317277240738,30569
0.0,30570
1497.9828029565206,30571
0.0,30572
0.0,30573
0.0,30574
0.0,30575
0.0,30576
0.0,30577
0.0,30578
0.0,30579
0.0,30580
0.0,30581
0.0,30582
0.0,30583
0.0,30584
361.9454092943883,30585
0.0,30586
0.0,30587
0.0,30588
0.0,30589
3164.0022596837243,30590
0.0,30591
0.0,30592
0.0,30593
0.0,30594
0.0,30595
39650.912641701696,30596
0.0,30597
71.87167006871137,30598
1800.7819675093544,30599
5325.345949032182,30600
0.0,30601
0.0,30602
0.0,30603
0.0,30604
0.0,30605
0.0,30606
0.0,30607
0.0,30608
0.0,30609
0.0,30610
0.0,30611
0.0,30612
0.0,30613
0.0,30614
0.0,30615
0.0,30616
595.9909160384204,30617
0.0,30618
0.0,30619
0.0,30620
0.0,30621
0.0,30622
0.0,30623
0.0,30624
0.0,30625
0.0,30626
0.0,30627
0.0,30628
0.0,30629
1563.0555763099796,30630
0.0,30631
0.0,30632
0.0,30633
0.0,30634
0.0,30635
0.0,30636
0.0,30637
0.0,30638
0.0,30639
0.0,30640
0.0,30641
0.0,30642
0.0,30643
0.0,30644
0.0,30645
4686.107784070539,30646
0.0,30647
0.0,30648
2828.31614234481,30649
0.0,30650
0.0,30651
0.0,30652
0.0,30653
0.0,30654
0.0,30655
0.0,30656
0.0,30657
0.0,30658
0.0,30659
0.0,30660
0.0,30661
0.0,30662
0.0,30663
0.0,30664
0.0,30665
0.0,30666
0.0,30667
0.0,30668
0.0,30669
0.0,30670
0.0,30671
0.0,30672
0.0,30673
0.0,30674
0.0,30675
0.0,30676
0.0,30677
0.0,30678
0.0,30679
0.0,30680
0.0,30681
2303.7563464797863,30682
0.0,30683
2516.770062599304,30684
0.0,30685
0.0,30686
3060.0717877468833,30687
0.0,30688
0.0,30689
0.0,30690
0.0,30691
0.0,30692
0.0,30693
0.0,30694
98.0138322862049,30695
0.0,30696
0.0,30697
0.0,30698
0.0,30699
0.0,30700
0.0,30701
0.0,30702
0.0,30703
0.0,30704
1600.9446758276538,30705
0.0,30706
0.0,30707
3474.328953323539,30708
2781.15152140073,30709
0.0,30710
0.0,30711
0.0,30712
1130.9787248478938,30713
1011.0188200951311,30714
2073.516494784707,30715
0.0,30716
0.0,30717
0.0,30718
2952.4116268926855,30719
0.0,30720
0.0,30721
0.0,30722
0.0,30723
4163.080338795868,30724
0.0,30725
322.9958939119187,30726
0.0,30727
1427.4865688623618,30728
0.0,30729
4302.2924794665805,30730
1374.5946828016897,30731
0.0,30732
0.0,30733
0.0,30734
0.0,30735
122.8108326324958,30736
43.22059656355891,30737
0.0,30738
1797.0663404271045,30739
117.96670391307346,30740
0.0,30741
104.21396722926475,30742
0.0,30743
0.0,30744
0.0,30745
0.0,30746
452.07814175179965,30747
0.0,30748
0.0,30749
0.0,30750
505.671405699348,30751
590.2593772578653,30752
0.0,30753
1380.5612047663835,30754
1930.3476202866234,30755
0.0,30756
2001.798788945361,30757
2125.62946357842,30758
2538.573703760111,30759
0.0,30760
2395.7251469724833,30761
3176.7966517812424,30762
0.0,30763
0.0,30764
3582.2473838144665,30765
2243.6061272551206,30766
3377.796231249744,30767
3622.7833710757413,30768
0.0,30769
3656.1483918251975,30770
2083.05135717805,30771
2871.007732929818,30772
2844.329957608496,30773
0.0,30774
0.0,30775
2783.1947874094953,30776
3585.496643557409,30777
3436.062103092596,30778
3265.7451285314664,30779
3084.5358647561184,30780
0.0,30781
2584.4652242289903,30782
2377.0482491586786,30783
789.607340369561,30784
0.0,30785
2046.7522755779726,30786
1656.741560853127,30787
0.0,30788
1453.5780785517911,30789
2056.690422612282,30790
1891.3407092281416,30791
0.0,30792
0.0,30793
2847.402741833061,30794
2640.8936347352915,30795
2449.058768105129,30796
0.0,30797
0.0,30798
0.0,30799
0.0,30800
369.36768838397245,30801
0.0,30802
1292.339769918963,30803
0.0,30804
11.721372016414993,30805
0.0,30806
3840.8088370623836,30807
0.0,30808
0.0,30809
0.0,30810
1968.1565780779422,30811
0.0,30812
0.0,30813
0.0,30814
0.0,30815
0.0,30816
2139.0660726860874,30817
1514.9655071782643,30818
602.742619336922,30819
1173.699929571988,30820
0.0,30821
0.0,30822
0.0,30823
0.0,30824
1196.674589219726,30825
0.0,30826
0.0,30827
0.0,30828
0.0,30829
0.0,30830
1117.8051544493308,30831
837.714025021107,30832
0.0,30833
1623.4467362807086,30834
3156.4536090699926,30835
0.0,30836
0.0,30837
0.0,30838
1005.7305330552172,30839
0.0,30840
0.0,30841
0.0,30842
1901.6082223866383,30843
0.0,30844
0.0,30845
0.0,30846
991.9143055285393,30847
0.0,30848
1690.5233278916778,30849
0.0,30850
0.0,30851
0.0,30852
0.0,30853
0.0,30854
0.0,30855
0.0,30856
0.0,30857
0.0,30858
0.0,30859
0.0,30860
0.0,30861
0.0,30862
325.8158929704543,30863
0.0,30864
0.0,30865
5769.912427343399,30866
0.0,30867
0.0,30868
0.0,30869
0.0,30870
0.0,30871
0.0,30872
0.0,30873
0.0,30874
0.0,30875
0.0,30876
0.0,30877
0.0,30878
0.0,30879
0.0,30880
0.0,30881
0.0,30882
0.0,30883
0.0,30884
3526.5576775754994,30885
0.0,30886
0.0,30887
0.0,30888
0.0,30889
0.0,30890
0.0,30891
0.0,30892
0.0,30893
0.0,30894
0.0,30895
0.0,30896
0.0,30897
0.0,30898
0.0,30899
0.0,30900
0.0,30901
0.0,30902
0.0,30903
0.0,30904
0.0,30905
0.0,30906
0.0,30907
0.0,30908
0.0,30909
0.0,30910
0.0,30911
0.0,30912
0.0,30913
0.0,30914
0.0,30915
1197.7670260268724,30916
1248.9514612847047,30917
0.0,30918
0.0,30919
1000.2064384087171,30920
0.0,30921
0.0,30922
0.0,30923
0.0,30924
0.0,30925
905.099276986521,30926
0.0,30927
1600.82940898766,30928
0.0,30929
0.0,30930
0.0,30931
0.0,30932
0.0,30933
0.0,30934
0.0,30935
0.0,30936
0.0,30937
0.0,30938
0.0,30939
0.0,30940
0.0,30941
0.0,30942
0.0,30943
0.0,30944
0.0,30945
0.0,30946
0.0,30947
6247.877391046448,30948
0.0,30949
0.0,30950
21339.860781280953,30951
0.0,30952
0.0,30953
0.0,30954
0.0,30955
0.0,30956
0.0,30957
0.0,30958
0.0,30959
0.0,30960
0.0,30961
0.0,30962
0.0,30963
0.0,30964
0.0,30965
0.0,30966
0.0,30967
0.0,30968
0.0,30969
0.0,30970
0.0,30971
0.0,30972
0.0,30973
0.0,30974
0.0,30975
0.0,30976
0.0,30977
0.0,30978
0.0,30979
0.0,30980
3869.433068368367,30981
0.0,30982
0.0,30983
343.6164547368496,30984
0.0,30985
0.0,30986
0.0,30987
0.0,30988
0.0,30989
0.0,30990
0.0,30991
0.0,30992
0.0,30993
0.0,30994
0.0,30995
0.0,30996
195.83079611322444,30997
0.0,30998
0.0,30999
0.0,31000
0.0,31001
0.0,31002
0.0,31003
0.0,31004
0.0,31005
0.0,31006
0.0,31007
0.0,31008
0.0,31009
0.0,31010
2507.445309383351,31011
0.0,31012
0.0,31013
0.0,31014
0.0,31015
0.0,31016
0.0,31017
0.0,31018
0.0,31019
0.0,31020
0.0,31021
0.0,31022
0.0,31023
0.0,31024
2602.0898882286865,31025
0.0,31026
0.0,31027
0.0,31028
0.0,31029
0.0,31030
0.0,31031
0.0,31032
0.0,31033
2658.3938380186983,31034
0.0,31035
0.0,31036
0.0,31037
0.0,31038
0.0,31039
0.0,31040
0.0,31041
0.0,31042
0.0,31043
0.0,31044
0.0,31045
0.0,31046
0.0,31047
0.0,31048
0.0,31049
0.0,31050
0.0,31051
0.0,31052
0.0,31053
0.0,31054
0.0,31055
0.0,31056
0.0,31057
0.0,31058
0.0,31059
0.0,31060
0.0,31061
0.0,31062
0.0,31063
0.0,31064
7693.976575735395,31065
0.0,31066
0.0,31067
0.0,31068
0.0,31069
0.0,31070
0.0,31071
0.0,31072
0.0,31073
0.0,31074
0.0,31075
0.0,31076
0.0,31077
0.0,31078
4423.566987533131,31079
0.0,31080
0.0,31081
0.0,31082
0.0,31083
0.0,31084
0.0,31085
0.0,31086
0.0,31087
0.0,31088
0.0,31089
0.0,31090
0.0,31091
0.0,31092
0.0,31093
0.0,31094
0.0,31095
0.0,31096
0.0,31097
0.0,31098
0.0,31099
0.0,31100
0.0,31101
0.0,31102
0.0,31103
0.0,31104
0.0,31105
0.0,31106
0.0,31107
0.0,31108
0.0,31109
0.0,31110
0.0,31111
0.0,31112
0.0,31113
0.0,31114
0.0,31115
0.0,31116
0.0,31117
0.0,31118
0.0,31119
0.0,31120
0.0,31121
0.0,31122
0.0,31123
0.0,31124
0.0,31125
0.0,31126
0.0,31127
0.0,31128
0.0,31129
0.0,31130
0.0,31131
0.0,31132
0.0,31133
0.0,31134
0.0,31135
1750.1195686969015,31136
0.0,31137
0.0,31138
863.12115388459,31139
0.0,31140
0.0,31141
0.0,31142
0.0,31143
0.0,31144
0.0,31145
0.0,31146
0.0,31147
0.0,31148
0.0,31149
0.0,31150
636.922882666589,31151
14973.690816586512,31152
0.0,31153
0.0,31154
0.0,31155
0.0,31156
0.0,31157
0.0,31158
0.0,31159
0.0,31160
0.0,31161
0.0,31162
0.0,31163
0.0,31164
0.0,31165
4430.5875561145285,31166
0.0,31167
0.0,31168
0.0,31169
0.0,31170
197.18120199628734,31171
0.0,31172
0.0,31173
0.0,31174
0.0,31175
0.0,31176
0.0,31177
256.137922902364,31178
1555.433908889242,31179
0.0,31180
0.0,31181
0.0,31182
0.0,31183
0.0,31184
0.0,31185
0.0,31186
68.28291921456523,31187
0.0,31188
228.54528327153827,31189
0.0,31190
0.0,31191
0.0,31192
511.9390281480602,31193
0.0,31194
0.0,31195
319.07491617986364,31196
1183.3415573707057,31197
0.0,31198
0.0,31199
306.68942639769574,31200
0.0,31201
0.0,31202
0.0,31203
0.0,31204
0.0,31205
339.4670166908714,31206
0.0,31207
0.0,31208
0.0,31209
0.0,31210
1942.5547632077046,31211
0.0,31212
0.0,31213
1448.0961858831229,31214
0.0,31215
0.0,31216
1372.800140748985,31217
0.0,31218
736.8497808109757,31219
0.0,31220
4848.302495254479,31221
5797.7601759565005,31222
0.0,31223
4141.544816582263,31224
5616.549814487599,31225
6319.431059147551,31226
4124.131574741074,31227
1685.3157928329051,31228
0.0,31229
0.0,31230
0.0,31231
621.6100276234528,31232
852.727355882114,31233
0.0,31234
2246.554834832071,31235
0.0,31236
0.0,31237
0.0,31238
0.0,31239
0.0,31240
0.0,31241
0.0,31242
1551.832315967708,31243
0.0,31244
0.0,31245
0.0,31246
0.0,31247
0.0,31248
767.7034417026953,31249
0.0,31250
0.0,31251
0.0,31252
2190.752025579977,31253
339.8390561337037,31254
0.0,31255
569.4576112787951,31256
783.74440244044,31257
0.0,31258
0.0,31259
0.0,31260
0.0,31261
0.0,31262
0.0,31263
0.0,31264
0.0,31265
0.0,31266
0.0,31267
0.0,31268
0.0,31269
0.0,31270
0.0,31271
0.0,31272
0.0,31273
0.0,31274
0.0,31275
0.0,31276
0.0,31277
0.0,31278
0.0,31279
0.0,31280
0.0,31281
0.0,31282
0.0,31283
0.0,31284
0.0,31285
0.0,31286
0.0,31287
0.0,31288
0.0,31289
0.0,31290
0.0,31291
0.0,31292
442.769882435008,31293
0.0,31294
0.0,31295
0.0,31296
0.0,31297
0.0,31298
0.0,31299
0.0,31300
0.0,31301
0.0,31302
0.0,31303
0.0,31304
927.9522576979791,31305
0.0,31306
21.523435295304488,31307
0.0,31308
0.0,31309
0.0,31310
0.0,31311
0.0,31312
0.0,31313
0.0,31314
0.0,31315
0.0,31316
0.0,31317
0.0,31318
0.0,31319
0.0,31320
0.0,31321
802.4630043806186,31322
0.0,31323
0.0,31324
0.0,31325
0.0,31326
19.787821046351972,31327
0.0,31328
0.0,31329
1130.9268752692506,31330
2100.39490786934,31331
0.0,31332
0.0,31333
354.80400153904964,31334
0.0,31335
0.0,31336
0.0,31337
320.4166137453854,31338
2887.7739571751526,31339
1612.008634176674,31340
310.7679605802172,31341
0.0,31342
0.0,31343
0.0,31344
0.0,31345
266.8830555364328,31346
1737.759142587366,31347
0.0,31348
0.0,31349
145.85327166297344,31350
1888.7737146026705,31351
1572.1039386751506,31352
96.3851690103482,31353
1479.8132502305891,31354
398.2342923775632,31355
694.8043740263984,31356
0.0,31357
0.0,31358
992.8647006085378,31359
264.1503807668243,31360
0.0,31361
0.0,31362
0.0,31363
0.0,31364
0.0,31365
0.0,31366
0.0,31367
61.86304514532846,31368
0.0,31369
0.0,31370
62.74028947055295,31371
0.0,31372
268.97226064545276,31373
0.0,31374
0.0,31375
0.0,31376
0.0,31377
0.0,31378
0.0,31379
0.0,31380
0.0,31381
0.0,31382
2858.371619745758,31383
0.0,31384
0.0,31385
0.0,31386
0.0,31387
0.0,31388
1340.01831196772,31389
0.0,31390
0.0,31391
0.0,31392
599.5862410085078,31393
0.0,31394
0.0,31395
0.0,31396
0.0,31397
444.15819382683935,31398
0.0,31399
0.0,31400
0.0,31401
0.0,31402
0.0,31403
0.0,31404
0.0,31405
0.0,31406
0.0,31407
151.67300374209412,31408
0.0,31409
0.0,31410
0.0,31411
0.0,31412
0.0,31413
0.0,31414
0.0,31415
0.0,31416
0.0,31417
0.0,31418
0.0,31419
0.0,31420
0.0,31421
92.49663398262994,31422
0.0,31423
0.0,31424
160.55902020565156,31425
0.0,31426
0.0,31427
592.46524049349,31428
0.0,31429
0.0,31430
0.0,31431
0.0,31432
0.0,31433
2641.3682358672672,31434
3691.327496478834,31435
0.0,31436
0.0,31437
0.0,31438
0.0,31439
523.7958073507633,31440
0.0,31441
0.0,31442
1378.1439087834085,31443
1689.7704763995373,31444
1702.2068762535873,31445
0.0,31446
1624.8115193355334,31447
1291.0755593551676,31448
1098.4794890187272,31449
2743.250424301493,31450
0.0,31451
0.0,31452
0.0,31453
0.0,31454
0.0,31455
0.0,31456
0.0,31457
0.0,31458
0.0,31459
795.108979596927,31460
8773.237763839647,31461
0.0,31462
0.0,31463
2084.8952756477124,31464
797.5673471601456,31465
1217.5882017682382,31466
1397.0589220445888,31467
1595.3810180453952,31468
1287.122254394728,31469
0.0,31470
2194.892767347456,31471
2439.573192180947,31472
2206.7717105588968,31473
2789.6388784343526,31474
0.0,31475
2221.252816018007,31476
3260.116530982826,31477
504.1263308332597,31478
663.5881461512332,31479
0.0,31480
0.0,31481
0.0,31482
0.0,31483
0.0,31484
1324.470118520097,31485
0.0,31486
0.0,31487
0.0,31488
0.0,31489
0.0,31490
0.0,31491
0.0,31492
0.0,31493
0.0,31494
0.0,31495
2111.8930383471265,31496
0.0,31497
0.0,31498
1064.0606733507425,31499
0.0,31500
203.06498078788385,31501
221.06518943076694,31502
0.0,31503
200.2495580186447,31504
155.51431997404478,31505
0.0,31506
0.0,31507
0.0,31508
0.0,31509
0.0,31510
0.0,31511
0.0,31512
1122.4108536309504,31513
0.0,31514
0.0,31515
0.0,31516
0.0,31517
2445.5497602947926,31518
0.0,31519
0.0,31520
0.0,31521
0.0,31522
0.0,31523
0.0,31524
0.0,31525
0.0,31526
0.0,31527
0.0,31528
0.0,31529
0.0,31530
0.0,31531
0.0,31532
0.0,31533
0.0,31534
0.0,31535
0.0,31536
0.0,31537
0.0,31538
0.0,31539
0.0,31540
0.0,31541
2545.641257378055,31542
0.0,31543
0.0,31544
0.0,31545
1492.8157351305836,31546
0.0,31547
0.0,31548
0.0,31549
0.0,31550
0.0,31551
0.0,31552
0.0,31553
0.0,31554
0.0,31555
0.0,31556
0.0,31557
0.0,31558
0.0,31559
0.0,31560
0.0,31561
0.0,31562
0.0,31563
0.0,31564
0.0,31565
0.0,31566
0.0,31567
0.0,31568
0.0,31569
0.0,31570
0.0,31571
0.0,31572
0.0,31573
0.0,31574
0.0,31575
491.37067759470136,31576
0.0,31577
0.0,31578
0.0,31579
0.0,31580
0.0,31581
0.0,31582
0.0,31583
0.0,31584
0.0,31585
0.0,31586
0.0,31587
0.0,31588
1533.1009111308335,31589
971.1164977393472,31590
0.0,31591
0.0,31592
0.0,31593
0.0,31594
0.0,31595
0.0,31596
0.0,31597
994.247091046518,31598
0.0,31599
0.0,31600
3075.5347720474947,31601
0.0,31602
0.0,31603
0.0,31604
0.0,31605
0.0,31606
0.0,31607
0.0,31608
0.0,31609
0.0,31610
0.0,31611
0.0,31612
0.0,31613
0.0,31614
0.0,31615
252.6817770296591,31616
0.0,31617
0.0,31618
0.0,31619
0.0,31620
669.1387457164781,31621
8.345254196497384,31622
2724.7917900105263,31623
0.0,31624
0.0,31625
0.0,31626
0.0,31627
331.0031799450598,31628
0.0,31629
0.0,31630
3062.271731711789,31631
0.0,31632
2929.209717973343,31633
3103.445315976479,31634
2670.9039725678767,31635
795.7776776533602,31636
882.4143772116802,31637
0.0,31638
0.0,31639
0.0,31640
0.0,31641
0.0,31642
28.273719517427836,31643
2330.5138150858315,31644
0.0,31645
0.0,31646
0.0,31647
0.0,31648
0.0,31649
0.0,31650
652.885663162873,31651
0.0,31652
3702.185009853459,31653
0.0,31654
0.0,31655
0.0,31656
0.0,31657
0.0,31658
0.0,31659
0.0,31660
0.0,31661
0.0,31662
0.0,31663
0.0,31664
0.0,31665
0.0,31666
0.0,31667
0.0,31668
0.0,31669
0.0,31670
0.0,31671
0.0,31672
0.0,31673
0.0,31674
0.0,31675
0.0,31676
0.0,31677
0.0,31678
0.0,31679
0.0,31680
0.0,31681
0.0,31682
0.0,31683
0.0,31684
0.0,31685
0.0,31686
0.0,31687
0.0,31688
0.0,31689
0.0,31690
0.0,31691
0.0,31692
0.0,31693
0.0,31694
0.0,31695
0.0,31696
0.0,31697
0.0,31698
0.0,31699
0.0,31700
0.0,31701
0.0,31702
0.0,31703
0.0,31704
0.0,31705
0.0,31706
0.0,31707
0.0,31708
1308.1339859454379,31709
0.0,31710
0.0,31711
2043.302139531824,31712
0.0,31713
0.0,31714
0.0,31715
0.0,31716
0.0,31717
0.0,31718
0.0,31719
0.0,31720
0.0,31721
0.0,31722
0.0,31723
0.0,31724
0.0,31725
0.0,31726
0.0,31727
0.0,31728
2029.1653030307002,31729
799.7894522097956,31730
0.0,31731
0.0,31732
572.0739746830848,31733
0.0,31734
0.0,31735
0.0,31736
0.0,31737
569.6252287364531,31738
0.0,31739
270.98416861808033,31740
154.30684323955956,31741
0.0,31742
0.0,31743
0.0,31744
408.75826759322007,31745
0.0,31746
259.3367555824897,31747
0.0,31748
0.0,31749
0.0,31750
0.0,31751
0.0,31752
0.0,31753
4.137061864192885,31754
0.0,31755
0.0,31756
19.161267080057666,31757
0.0,31758
0.0,31759
0.0,31760
0.0,31761
876.6495636596183,31762
0.0,31763
0.0,31764
0.0,31765
0.0,31766
0.0,31767
0.0,31768
382.04985490475457,31769
0.0,31770
0.0,31771
12536.889724970793,31772
2741.7453787133195,31773
0.0,31774
0.0,31775
30.175832373011353,31776
902.3719132703582,31777
0.0,31778
23.44501204944722,31779
11.511663865941895,31780
4.693842413191805,31781
1.5841929368994871,31782
0.0,31783
0.0,31784
145.37279235260212,31785
784.4487272966901,31786
0.0,31787
10.032232027895386,31788
0.0,31789
0.0,31790
115.92535886355093,31791
1087.04662697395,31792
0.0,31793
0.0,31794
0.0,31795
0.0,31796
0.0,31797
0.0,31798
0.0,31799
0.0,31800
0.0,31801
415.40555249930117,31802
0.0,31803
0.0,31804
0.0,31805
176.0098984948,31806
1285.37363260448,31807
0.0,31808
0.0,31809
0.0,31810
0.0,31811
0.0,31812
0.0,31813
452.14907954063705,31814
0.2233493471516691,31815
390.1396816793027,31816
0.0,31817
0.0,31818
0.0,31819
0.0,31820
41.69578609469321,31821
0.0,31822
236.10155520240076,31823
166.87131734382115,31824
104.53256753447225,31825
0.0,31826
0.0,31827
1420.5621814280385,31828
1589.7253137246835,31829
0.0,31830
0.0,31831
0.0,31832
0.0,31833
0.0,31834
0.0,31835
0.0,31836
0.0,31837
0.0,31838
0.0,31839
0.0,31840
0.0,31841
0.0,31842
0.0,31843
0.0,31844
0.0,31845
43.76397133212,31846
0.0,31847
275.0306566840492,31848
2180.48555007601,31849
0.0,31850
0.0,31851
0.0,31852
0.0,31853
0.0,31854
0.0,31855
0.0,31856
638.0279435084639,31857
0.0,31858
0.0,31859
0.0,31860
0.0,31861
0.0,31862
0.0,31863
0.0,31864
0.0,31865
0.0,31866
0.0,31867
0.0,31868
0.0,31869
0.0,31870
0.0,31871
0.0,31872
0.0,31873
0.0,31874
0.0,31875
0.0,31876
0.0,31877
0.0,31878
0.0,31879
0.0,31880
0.0,31881
0.0,31882
0.0,31883
0.0,31884
0.0,31885
0.0,31886
0.0,31887
0.0,31888
0.0,31889
1250.5317507194147,31890
0.0,31891
76.13217022781097,31892
0.0,31893
0.0,31894
0.0,31895
0.0,31896
0.0,31897
0.0,31898
0.0,31899
0.0,31900
0.0,31901
0.0,31902
905.134653231557,31903
0.0,31904
0.0,31905
0.0,31906
0.0,31907
0.0,31908
0.0,31909
784.7289333272563,31910
61.53761715196414,31911
0.0,31912
0.0,31913
0.0,31914
0.0,31915
0.0,31916
0.0,31917
0.0,31918
0.0,31919
0.0,31920
0.0,31921
0.0,31922
0.0,31923
0.0,31924
4056.2917025517504,31925
0.0,31926
0.0,31927
0.0,31928
0.0,31929
120.7770621762937,31930
0.0,31931
46.306348775276106,31932
745.534180876411,31933
1066.5481368178307,31934
0.0,31935
442.0615460879883,31936
0.0,31937
0.0,31938
0.0,31939
0.0,31940
0.0,31941
0.0,31942
0.0,31943
5459.973222826766,31944
0.0,31945
0.0,31946
0.0,31947
0.0,31948
0.0,31949
0.0,31950
0.0,31951
0.0,31952
2443.304119455273,31953
68.65782787834014,31954
2333.2630628245,31955
0.0,31956
0.0,31957
0.0,31958
0.0,31959
1799.8398304806844,31960
823.8285345153402,31961
1583.2750263969756,31962
1063.7985480122384,31963
1660.9263048569758,31964
0.0,31965
0.0,31966
0.0,31967
0.0,31968
0.0,31969
0.0,31970
940.0438982925027,31971
0.0,31972
0.0,31973
0.0,31974
0.0,31975
0.0,31976
0.0,31977
0.0,31978
0.0,31979
0.0,31980
402.2734793298867,31981
0.0,31982
2350.9757912248874,31983
459.15573014716665,31984
0.0,31985
526.40346717441,31986
0.0,31987
1115.4369370356935,31988
6258.051260849375,31989
0.0,31990
816.9790453343583,31991
0.0,31992
0.0,31993
0.0,31994
0.0,31995
0.0,31996
0.0,31997
142.01295283384917,31998
0.0,31999
0.0,32000
190.6229768299027,32001
360.13405584423447,32002
831.3047808977631,32003
1098.1102725222122,32004
0.0,32005
1040.4286661331112,32006
567.4736397487046,32007
0.0,32008
0.0,32009
0.0,32010
0.0,32011
0.0,32012
0.0,32013
0.0,32014
0.0,32015
0.0,32016
0.0,32017
0.0,32018
0.0,32019
1223.360630887724,32020
0.0,32021
0.0,32022
388.95746794755917,32023
469.61384927284564,32024
0.0,32025
0.0,32026
0.0,32027
27.580704873923896,32028
0.0,32029
0.0,32030
0.0,32031
0.0,32032
0.0,32033
0.0,32034
0.0,32035
0.0,32036
0.0,32037
0.0,32038
0.0,32039
3483.2954927808896,32040
0.0,32041
4532.779380355274,32042
418.47745428643856,32043
0.0,32044
683.1233897029915,32045
0.0,32046
0.0,32047
0.0,32048
796.0624802925562,32049
0.0,32050
0.0,32051
0.0,32052
0.0,32053
0.0,32054
0.0,32055
0.0,32056
0.0,32057
0.0,32058
0.0,32059
1701.99922520725,32060
0.0,32061
0.0,32062
0.0,32063
0.0,32064
128.44158758444237,32065
0.0,32066
54.75812178036311,32067
0.0,32068
15.698162990182773,32069
246.32120891999287,32070
0.0,32071
0.0,32072
0.0,32073
0.0,32074
0.0,32075
125.80073620844061,32076
853.914528884516,32077
1475.6586117552001,32078
703.5571802497475,32079
317.0837146579288,32080
0.0,32081
716.7347292900638,32082
10013.976390787433,32083
1389.7131728245681,32084
1458.3734671378804,32085
0.0,32086
695.7558428652719,32087
0.0,32088
1668.025379635721,32089
1615.0671389092897,32090
0.0,32091
0.0,32092
2081.6780546391005,32093
2060.587815562093,32094
868.1026211384169,32095
0.0,32096
0.0,32097
0.0,32098
394.9794304704643,32099
0.0,32100
458.8683195814207,32101
0.0,32102
0.0,32103
1984.9549085282592,32104
456.2470307396555,32105
212.85284679610226,32106
0.0,32107
0.0,32108
0.0,32109
2282.9516554958636,32110
861.507711320818,32111
489.16141410573624,32112
346.4237729727079,32113
1254.3436591191523,32114
0.0,32115
0.0,32116
868.6707405652385,32117
0.0,32118
748.0792525902882,32119
0.0,32120
362.4978505882336,32121
1868.6690831983817,32122
108.61180472680452,32123
697.549211660601,32124
213.99459935459518,32125
32692.254742589528,32126
0.0,32127
226.76993469921135,32128
908.8934539013196,32129
0.0,32130
0.0,32131
2972.2596325477434,32132
0.0,32133
1119.3842253927214,32134
929.7722314723501,32135
367.3735920777223,32136
0.0,32137
0.0,32138
0.0,32139
3002.5012921687016,32140
2468.624984602043,32141
1740.7102334263864,32142
2065.1945790067034,32143
0.0,32144
0.0,32145
1891.5496394575332,32146
2.872618719248934,32147
2481.34820918484,32148
0.0,32149
0.0,32150
0.0,32151
0.0,32152
0.0,32153
0.0,32154
0.0,32155
0.0,32156
0.0,32157
0.0,32158
0.0,32159
0.0,32160
0.0,32161
0.0,32162
0.0,32163
0.0,32164
0.0,32165
0.0,32166
125.98451538131897,32167
0.0,32168
0.0,32169
0.0,32170
0.0,32171
0.0,32172
0.0,32173
0.0,32174
0.0,32175
3385.2276391400937,32176
0.0,32177
0.0,32178
0.0,32179
885.9348270691335,32180
5043.689485622191,32181
0.0,32182
0.0,32183
0.0,32184
0.0,32185
0.0,32186
0.0,32187
0.0,32188
3324.312662906135,32189
1073.3511943413594,32190
0.0,32191
102.49712919183906,32192
0.0,32193
0.0,32194
0.0,32195
0.0,32196
0.0,32197
0.0,32198
1544.7854311205745,32199
0.0,32200
0.0,32201
0.0,32202
0.0,32203
6368.698881368812,32204
1134.618739395245,32205
0.0,32206
0.0,32207
0.0,32208
0.0,32209
0.0,32210
0.0,32211
0.0,32212
0.0,32213
0.0,32214
0.0,32215
1523.4987906640545,32216
0.0,32217
81.57569839572373,32218
1478.3636754674694,32219
0.0,32220
0.0,32221
0.0,32222
0.0,32223
0.0,32224
0.0,32225
43.18999170601027,32226
0.0,32227
0.0,32228
0.0,32229
0.0,32230
0.0,32231
0.0,32232
0.0,32233
825.6461434963104,32234
1145.494736576797,32235
0.0,32236
0.0,32237
0.0,32238
0.0,32239
2639.2019332771156,32240
0.0,32241
0.0,32242
403.70307429631754,32243
0.0,32244
1639.8904991139082,32245
0.0,32246
780.7056301840344,32247
0.0,32248
0.0,32249
396.66863309172186,32250
520.3165883743184,32251
3682.887060849156,32252
0.0,32253
0.0,32254
0.0,32255
0.0,32256
0.0,32257
1638.8060447381083,32258
1653.8141352426169,32259
1684.5432310925867,32260
2620.6006710769516,32261
2646.925523646061,32262
4642.1353086770505,32263
0.0,32264
0.0,32265
0.0,32266
0.0,32267
0.0,32268
0.0,32269
0.0,32270
0.0,32271
0.0,32272
0.0,32273
0.0,32274
0.0,32275
0.0,32276
0.0,32277
0.0,32278
0.0,32279
0.0,32280
0.0,32281
0.0,32282
505.7810902991041,32283
976.8967980691993,32284
0.0,32285
2185.6973727869326,32286
373.07135344239214,32287
1966.51024086234,32288
1347.9238775171962,32289
0.0,32290
41.93646134938289,32291
1792.0470540141362,32292
0.0,32293
0.0,32294
175.41836571181537,32295
0.0,32296
0.0,32297
6547.399942948804,32298
0.0,32299
1856.8106944718222,32300
6584.049206090616,32301
279.24215214014265,32302
0.0,32303
1085.0555444965933,32304
4639.047076342886,32305
0.0,32306
6522.418685984951,32307
40387.805585990434,32308
7406.104997335142,32309
0.0,32310
0.0,32311
161.3780789512633,32312
0.0,32313
0.0,32314
0.0,32315
5300.400262132035,32316
139.41178967178618,32317
759.7539622790074,32318
2178.2890926784794,32319
1321.16070795628,32320
1065.5048761724333,32321
1014.977456042163,32322
3804.7276911405834,32323
689.1678290545404,32324
1056.9649813825117,32325
193.78975552287113,32326
0.0,32327
3587.483801895799,32328
0.0,32329
3658.11813748918,32330
3313.46115968721,32331
3388.6666492216355,32332
2951.5055315180625,32333
2994.427411987242,32334
2869.4940312466715,32335
522.0517313789849,32336
492.1284224329789,32337
2656.136868887637,32338
1030.3214828545233,32339
0.0,32340
0.0,32341
0.0,32342
0.0,32343
0.0,32344
0.0,32345
0.0,32346
2009.472467521976,32347
0.0,32348
0.0,32349
0.0,32350
0.0,32351
0.0,32352
0.0,32353
0.0,32354
4039.6687896501844,32355
0.0,32356
0.0,32357
0.0,32358
0.0,32359
0.0,32360
0.0,32361
0.0,32362
0.0,32363
0.0,32364
0.0,32365
0.0,32366
0.0,32367
0.0,32368
0.0,32369
0.0,32370
0.0,32371
276.467948129233,32372
0.0,32373
0.0,32374
0.0,32375
0.0,32376
0.0,32377
0.0,32378
0.0,32379
0.0,32380
0.0,32381
0.0,32382
0.0,32383
0.0,32384
0.0,32385
0.0,32386
0.0,32387
0.0,32388
0.0,32389
2914.523778477801,32390
0.0,32391
0.0,32392
0.0,32393
0.0,32394
0.0,32395
0.0,32396
0.0,32397
0.0,32398
0.0,32399
0.0,32400
0.0,32401
0.0,32402
0.0,32403
0.0,32404
0.0,32405
0.0,32406
0.0,32407
453.90629144744446,32408
0.0,32409
0.0,32410
0.0,32411
0.0,32412
0.0,32413
0.0,32414
0.0,32415
0.0,32416
0.0,32417
0.0,32418
0.0,32419
0.0,32420
0.0,32421
0.0,32422
0.0,32423
0.0,32424
907.1867601038773,32425
590.9152277718495,32426
0.0,32427
4029.804858123257,32428
0.0,32429
0.0,32430
0.0,32431
0.0,32432
399.5159758976694,32433
421.916907727478,32434
0.0,32435
0.0,32436
0.0,32437
0.0,32438
0.0,32439
0.0,32440
0.0,32441
0.0,32442
0.0,32443
0.0,32444
0.0,32445
0.0,32446
0.0,32447
0.0,32448
0.0,32449
0.0,32450
0.0,32451
0.0,32452
0.0,32453
0.0,32454
0.0,32455
0.0,32456
0.0,32457
0.0,32458
0.0,32459
970.2190515497331,32460
0.0,32461
0.0,32462
0.0,32463
0.0,32464
0.0,32465
0.0,32466
0.0,32467
0.0,32468
0.0,32469
0.0,32470
0.0,32471
0.0,32472
0.0,32473
0.0,32474
0.0,32475
0.0,32476
1522.0296734809249,32477
0.0,32478
0.0,32479
0.0,32480
0.0,32481
0.0,32482
0.0,32483
0.0,32484
0.0,32485
0.0,32486
0.0,32487
0.0,32488
0.0,32489
0.0,32490
0.0,32491
0.0,32492
0.0,32493
0.0,32494
528.3959089799436,32495
451.9004830615039,32496
0.0,32497
0.0,32498
0.0,32499
90.9257863714102,32500
0.0,32501
0.0,32502
0.0,32503
0.0,32504
0.0,32505
0.0,32506
3338.4487627704434,32507
0.0,32508
0.0,32509
6141.471934058732,32510
4320.280099035946,32511
0.0,32512
0.0,32513
0.0,32514
0.0,32515
0.0,32516
0.0,32517
0.0,32518
0.0,32519
0.0,32520
10632.057323803812,32521
0.0,32522
0.0,32523
0.0,32524
0.0,32525
0.0,32526
0.0,32527
0.0,32528
0.0,32529
0.0,32530
0.0,32531
0.0,32532
0.0,32533
0.0,32534
0.0,32535
0.0,32536
0.0,32537
0.0,32538
0.0,32539
0.0,32540
0.0,32541
0.0,32542
0.0,32543
0.0,32544
0.0,32545
0.0,32546
0.0,32547
0.0,32548
0.0,32549
0.0,32550
0.0,32551
0.0,32552
0.0,32553
0.0,32554
0.0,32555
0.0,32556
0.0,32557
0.0,32558
0.0,32559
0.0,32560
0.0,32561
0.0,32562
0.0,32563
0.0,32564
0.0,32565
0.0,32566
6880.599937396987,32567
0.0,32568
0.0,32569
0.0,32570
0.0,32571
0.0,32572
0.0,32573
0.0,32574
0.0,32575
0.0,32576
0.0,32577
0.0,32578
5080.290271645808,32579
0.0,32580
0.0,32581
0.0,32582
0.0,32583
0.0,32584
0.0,32585
0.0,32586
0.0,32587
0.0,32588
0.0,32589
0.0,32590
0.0,32591
3691.3581433152135,32592
297.11824449416406,32593
0.0,32594
0.0,32595
2398.0676852586084,32596
0.0,32597
0.0,32598
6111.90673132979,32599
0.0,32600
0.0,32601
0.0,32602
0.0,32603
0.0,32604
0.0,32605
0.0,32606
0.0,32607
0.0,32608
0.0,32609
0.0,32610
0.0,32611
0.0,32612
0.0,32613
0.0,32614
0.0,32615
0.0,32616
0.0,32617
0.0,32618
0.0,32619
0.0,32620
0.0,32621
0.0,32622
0.0,32623
0.0,32624
0.0,32625
0.0,32626
0.0,32627
99.71241057562413,32628
0.0,32629
0.0,32630
0.0,32631
0.0,32632
3173.4200745589474,32633
0.0,32634
0.0,32635
641.3312718387584,32636
201.18799036223365,32637
0.0,32638
81.58910895670708,32639
107.48440578597308,32640
62.85242184235196,32641
0.0,32642
1042.8496830188594,32643
880.6879146423857,32644
0.0,32645
739.1135188205848,32646
0.0,32647
0.0,32648
5399.7129887252095,32649
0.0,32650
0.0,32651
487.7659827265947,32652
0.0,32653
0.0,32654
0.0,32655
0.0,32656
0.0,32657
0.0,32658
0.0,32659
586.8327283776855,32660
0.0,32661
0.0,32662
546.5092308111332,32663
0.0,32664
0.0,32665
0.0,32666
74.28300761776154,32667
0.0,32668
0.0,32669
17.363022839845648,32670
0.0,32671
0.0,32672
0.0,32673
0.0,32674
0.0,32675
0.0,32676
0.0,32677
0.0,32678
0.0,32679
0.0,32680
2395.694928779172,32681
0.0,32682
0.0,32683
0.0,32684
0.0,32685
570.77513787194,32686
0.0,32687
0.0,32688
0.0,32689
147.8646785522947,32690
588.0354647975671,32691
0.0,32692
0.0,32693
0.0,32694
1658.0620481913586,32695
995.1787219187448,32696
0.0,32697
725.7116981751046,32698
568.4372533247331,32699
565.4392260598106,32700
1724.049779500015,32701
0.0,32702
1805.182697465587,32703
6556.599533897107,32704
0.0,32705
0.0,32706
0.0,32707
2005.257311788247,32708
0.0,32709
0.0,32710
1172.5878061367625,32711
12937.333692433316,32712
0.0,32713
0.0,32714
0.0,32715
0.0,32716
0.0,32717
485.38793957023563,32718
0.0,32719
2378.618737867552,32720
0.0,32721
0.0,32722
0.0,32723
0.0,32724
0.0,32725
0.0,32726
0.0,32727
0.0,32728
0.0,32729
2502.854540616363,32730
0.0,32731
0.0,32732
223.18338972367243,32733
0.0,32734
3502.567530609516,32735
3763.793759084473,32736
4001.5626097275203,32737
2370.051222348427,32738
4124.653657283491,32739
0.0,32740
39.083817228274256,32741
0.0,32742
0.0,32743
4259.893021254147,32744
4412.690675748979,32745
720.0621851899554,32746
4414.4387328869525,32747
0.0,32748
4502.814260120182,32749
3050.789001893485,32750
0.0,32751
0.0,32752
4391.356503755339,32753
0.0,32754
27.449230995695856,32755
0.0,32756
0.0,32757
0.0,32758
0.0,32759
3.7971379337394064,32760
0.0,32761
0.0,32762
0.0,32763
0.44701134720312496,32764
7809.158767145597,32765
0.0,32766
6722.1032989304695,32767
92.16746434148767,32768
4513.067500008091,32769
0.0,32770
60.97178393231092,32771
0.0,32772
0.0,32773
0.0,32774
861.0521801871753,32775
0.0,32776
639.8860244403054,32777
0.0,32778
0.0,32779
0.0,32780
643.1412262933619,32781
0.0,32782
0.0,32783
0.0,32784
0.0,32785
2603.856329547557,32786
5.403808445147112,32787
0.0,32788
0.0,32789
0.0,32790
0.0,32791
0.0,32792
0.0,32793
0.0,32794
0.0,32795
0.0,32796
0.0,32797
0.0,32798
0.0,32799
0.0,32800
0.0,32801
0.0,32802
0.0,32803
0.0,32804
63.95138284629386,32805
0.0,32806
0.0,32807
0.0,32808
200.62102933638448,32809
0.0,32810
0.0,32811
129.98358897548474,32812
0.0,32813
0.0,32814
0.0,32815
0.0,32816
349.81400035043214,32817
0.0,32818
0.0,32819
103.59398515888427,32820
491.66845689042543,32821
0.0,32822
0.0,32823
0.0,32824
0.0,32825
0.0,32826
474.1074775973114,32827
0.0,32828
0.0,32829
0.0,32830
0.0,32831
0.0,32832
244.7969004344491,32833
0.0,32834
0.0,32835
0.0,32836
1814.9348086104264,32837
0.0,32838
732.1074672380863,32839
99.70436698670534,32840
0.0,32841
0.0,32842
0.0,32843
0.0,32844
0.0,32845
489.71890944515417,32846
0.0,32847
0.0,32848
0.0,32849
1852.5101513149677,32850
607.2701444711312,32851
0.0,32852
2075.45317058597,32853
2701.557980062748,32854
0.0,32855
1896.9749740123284,32856
106.51597052472789,32857
2527.987577587815,32858
0.0,32859
0.0,32860
0.0,32861
0.0,32862
0.0,32863
0.0,32864
0.0,32865
2297.8943257779565,32866
405.5790015787435,32867
0.0,32868
0.0,32869
0.0,32870
0.0,32871
0.0,32872
0.0,32873
0.0,32874
0.0,32875
0.0,32876
0.0,32877
0.0,32878
0.0,32879
0.0,32880
0.0,32881
0.0,32882
0.0,32883
0.0,32884
0.0,32885
444.98573037314276,32886
0.0,32887
0.0,32888
0.0,32889
0.0,32890
0.0,32891
619.621265300463,32892
525.6232989981025,32893
0.0,32894
3710.047162441513,32895
0.0,32896
1127.4802898836951,32897
0.0,32898
6.242517046633588,32899
200.5727773265713,32900
0.0,32901
0.0,32902
153.88903495314952,32903
0.0,32904
0.0,32905
0.0,32906
0.0,32907
0.0,32908
0.0,32909
0.0,32910
0.0,32911
0.0,32912
0.0,32913
0.0,32914
0.0,32915
0.0,32916
0.0,32917
679.1525495709651,32918
0.0,32919
1140.9663076659178,32920
0.0,32921
0.0,32922
0.0,32923
0.0,32924
0.0,32925
0.0,32926
627.541724707468,32927
0.0,32928
0.0,32929
0.0,32930
0.0,32931
0.0,32932
0.0,32933
0.0,32934
0.0,32935
0.0,32936
0.0,32937
0.0,32938
0.0,32939
0.0,32940
0.0,32941
5367.13986781168,32942
0.0,32943
0.0,32944
0.0,32945
0.0,32946
0.0,32947
0.0,32948
0.0,32949
0.0,32950
0.0,32951
0.0,32952
0.0,32953
0.0,32954
0.0,32955
0.0,32956
0.0,32957
0.0,32958
0.0,32959
0.0,32960
0.0,32961
0.0,32962
0.0,32963
0.0,32964
22.517758841202166,32965
0.0,32966
0.0,32967
0.0,32968
0.0,32969
0.0,32970
4423.394850795379,32971
0.0,32972
2326.514112261235,32973
0.0,32974
0.0,32975
0.0,32976
0.0,32977
0.0,32978
0.0,32979
0.0,32980
0.0,32981
0.0,32982
0.0,32983
0.0,32984
306.11407757686953,32985
0.0,32986
0.0,32987
0.0,32988
0.0,32989
0.0,32990
0.0,32991
0.0,32992
0.0,32993
0.0,32994
0.0,32995
0.0,32996
0.0,32997
2662.3444418576146,32998
2027.595031854862,32999
0.0,33000
4507.816487286699,33001
0.0,33002
2647.778023563728,33003
1447.3435102484464,33004
0.0,33005
1628.2215988082828,33006
2218.8553679045717,33007
273.4943397217988,33008
2843.283908312458,33009
3112.025254880738,33010
1781.4191755821082,33011
0.0,33012
1169.0121066498805,33013
1247.2364788062162,33014
0.0,33015
0.0,33016
0.0,33017
1601.708591289428,33018
825.263012202143,33019
2863.128909975989,33020
0.0,33021
0.0,33022
0.0,33023
0.0,33024
0.0,33025
0.0,33026
0.0,33027
0.0,33028
0.0,33029
0.0,33030
0.0,33031
0.0,33032
0.0,33033
0.0,33034
0.0,33035
1293.8541166126624,33036
0.0,33037
1757.5834489311721,33038
0.0,33039
0.0,33040
80.958207084148,33041
0.0,33042
0.0,33043
0.0,33044
0.0,33045
0.0,33046
0.0,33047
0.0,33048
0.0,33049
0.0,33050
0.0,33051
0.0,33052
1017.9558782346134,33053
0.0,33054
0.0,33055
345.8742435469526,33056
0.0,33057
0.0,33058
0.0,33059
0.0,33060
0.0,33061
2307.6788985225385,33062
0.0,33063
0.0,33064
11.9352297519132,33065
0.0,33066
0.0,33067
0.0,33068
0.0,33069
0.0,33070
0.0,33071
0.0,33072
0.0,33073
0.0,33074
0.0,33075
0.0,33076
0.0,33077
262.8128892856414,33078
0.0,33079
0.0,33080
0.0,33081
0.0,33082
0.0,33083
3142.6105379762384,33084
0.0,33085
0.0,33086
0.0,33087
0.0,33088
0.0,33089
0.0,33090
0.0,33091
0.0,33092
0.0,33093
0.0,33094
0.0,33095
0.0,33096
0.0,33097
135.68817642436602,33098
0.0,33099
1.171824327198595,33100
0.0,33101
0.0,33102
94.60691080523524,33103
0.0,33104
0.0,33105
0.0,33106
0.0,33107
0.0,33108
0.0,33109
0.0,33110
53.67244774074228,33111
0.0,33112
0.0,33113
0.0,33114
489.61800323164175,33115
0.0,33116
0.0,33117
0.0,33118
0.0,33119
6250.694055638079,33120
0.0,33121
416.5695449414355,33122
0.0,33123
1285.3486933857193,33124
0.0,33125
879.3795902153322,33126
0.0,33127
0.0,33128
0.0,33129
0.0,33130
0.0,33131
0.0,33132
0.0,33133
0.0,33134
0.0,33135
0.0,33136
0.0,33137
709.043487701936,33138
0.0,33139
1928.7262725190935,33140
0.0,33141
0.0,33142
0.0,33143
0.0,33144
332.0446582226763,33145
0.0,33146
0.0,33147
0.0,33148
0.0,33149
0.0,33150
0.0,33151
0.0,33152
0.0,33153
5866.276461305272,33154
0.0,33155
327.58735943793573,33156
0.0,33157
0.0,33158
0.0,33159
0.0,33160
0.0,33161
0.0,33162
89.41352326169414,33163
0.0,33164
0.0,33165
618.5235559871965,33166
0.0,33167
0.0,33168
1642.7031498351814,33169
0.0,33170
0.0,33171
0.0,33172
0.0,33173
0.0,33174
0.0,33175
647.4487882877096,33176
0.0,33177
0.0,33178
0.0,33179
0.0,33180
0.0,33181
0.0,33182
0.0,33183
570.3262094546172,33184
0.0,33185
594.8964290897712,33186
0.0,33187
472.3017375756523,33188
0.0,33189
0.0,33190
3153.5226119810945,33191
0.0,33192
0.0,33193
0.0,33194
0.0,33195
0.0,33196
0.0,33197
16.07719184214841,33198
0.0,33199
0.0,33200
0.0,33201
224.05673937252814,33202
38.957273500519136,33203
0.0,33204
0.0,33205
196.83472514734234,33206
0.0,33207
0.0,33208
0.0,33209
0.0,33210
0.0,33211
0.0,33212
0.0,33213
0.0,33214
0.0,33215
0.0,33216
0.0,33217
0.0,33218
0.0,33219
0.0,33220
8.13511468169406,33221
0.0,33222
0.0,33223
0.0,33224
0.0,33225
0.0,33226
0.0,33227
257.8829036392345,33228
0.0,33229
0.0,33230
0.0,33231
0.0,33232
0.0,33233
0.0,33234
0.0,33235
1457.3536401593046,33236
0.0,33237
0.0,33238
1365.8957264114276,33239
0.0,33240
0.0,33241
0.0,33242
2227.0501124858165,33243
0.0,33244
0.0,33245
0.0,33246
0.0,33247
0.0,33248
0.0,33249
0.0,33250
0.0,33251
0.0,33252
0.0,33253
0.0,33254
0.0,33255
0.0,33256
0.0,33257
0.0,33258
0.0,33259
0.0,33260
0.0,33261
0.0,33262
0.0,33263
0.0,33264
0.0,33265
0.0,33266
0.0,33267
0.0,33268
0.0,33269
0.0,33270
0.0,33271
0.0,33272
0.0,33273
507.72774048094817,33274
0.0,33275
0.0,33276
0.0,33277
0.0,33278
0.0,33279
0.0,33280
0.0,33281
439.97291313352923,33282
0.0,33283
0.0,33284
0.0,33285
0.0,33286
0.0,33287
2613.8064564407405,33288
679.8214119389324,33289
0.0,33290
1057.894834658454,33291
0.0,33292
0.0,33293
0.0,33294
0.0,33295
0.0,33296
0.0,33297
0.0,33298
0.0,33299
202.87570519352917,33300
0.0,33301
0.0,33302
0.0,33303
0.0,33304
0.0,33305
0.0,33306
0.0,33307
0.0,33308
0.0,33309
0.0,33310
0.0,33311
0.0,33312
503.2999121569549,33313
0.0,33314
18.230322563928038,33315
901.1508331835586,33316
0.0,33317
0.0,33318
0.0,33319
3674.1560164030802,33320
0.0,33321
0.0,33322
0.0,33323
2573.453500131001,33324
1894.3822837205837,33325
0.0,33326
0.0,33327
0.0,33328
619.2260384082831,33329
0.0,33330
0.0,33331
0.0,33332
342.1287712203126,33333
81.91117615458808,33334
0.0,33335
143.74979595780172,33336
845.9376980351681,33337
787.3272714370419,33338
0.0,33339
1571.1066015529666,33340
0.0,33341
491.4324555010631,33342
0.0,33343
0.0,33344
0.0,33345
0.0,33346
0.0,33347
1118.7568665893084,33348
0.0,33349
2211.4611554413295,33350
0.0,33351
0.0,33352
0.0,33353
0.0,33354
0.0,33355
0.0,33356
0.0,33357
0.0,33358
0.0,33359
0.0,33360
0.0,33361
0.0,33362
0.0,33363
463.7627602667367,33364
0.0,33365
2437.665734841401,33366
0.0,33367
1819.8838569056006,33368
0.0,33369
0.0,33370
0.0,33371
1731.0241059088216,33372
0.0,33373
0.0,33374
0.0,33375
1337.8217994447668,33376
0.0,33377
0.0,33378
1926.2137870382478,33379
303.7172870376221,33380
0.0,33381
0.0,33382
2195.765637559729,33383
1619.3539785902824,33384
0.0,33385
359.82563805611306,33386
0.0,33387
2093.0246917829572,33388
0.0,33389
0.0,33390
0.0,33391
159.86188696435912,33392
0.0,33393
0.0,33394
55.4845076097715,33395
0.0,33396
0.0,33397
8069.130727060191,33398
0.0,33399
0.0,33400
0.0,33401
0.0,33402
34.61741318002679,33403
0.0,33404
0.0,33405
53.57942379908562,33406
0.0,33407
1041.2662358148702,33408
0.0,33409
979.9093347645342,33410
0.0,33411
724.7641190287161,33412
0.0,33413
662.3169973050336,33414
0.0,33415
218.05759730788535,33416
0.0,33417
0.0,33418
0.0,33419
3507.2085718473663,33420
0.0,33421
0.0,33422
0.0,33423
0.0,33424
0.0,33425
0.0,33426
0.0,33427
526.3729793834456,33428
0.0,33429
0.0,33430
0.0,33431
0.0,33432
0.0,33433
0.0,33434
0.0,33435
1478.6421286378054,33436
1.019104990087022,33437
1594.256074886343,33438
738.6833144631521,33439
1097.5121674020052,33440
0.0,33441
0.0,33442
0.0,33443
0.0,33444
8952.296926315446,33445
380.2551350616624,33446
0.0,33447
0.0,33448
0.0,33449
0.0,33450
0.0,33451
9158.569875914553,33452
0.0,33453
0.0,33454
0.0,33455
0.0,33456
0.0,33457
0.0,33458
0.0,33459
0.0,33460
0.0,33461
0.0,33462
3354.482983964619,33463
0.0,33464
2100.6992642467953,33465
1591.6519016920006,33466
0.0,33467
0.0,33468
404.2465045163273,33469
0.0,33470
0.0,33471
2800.3626794336124,33472
0.0,33473
0.0,33474
0.0,33475
0.0,33476
0.0,33477
0.0,33478
0.0,33479
0.0,33480
0.0,33481
20.62504306329781,33482
0.0,33483
1890.5475349246738,33484
0.0,33485
0.0,33486
0.0,33487
0.0,33488
0.0,33489
0.0,33490
0.0,33491
0.0,33492
0.0,33493
0.0,33494
0.0,33495
1446.5922845990046,33496
0.0,33497
0.0,33498
0.0,33499
0.0,33500
0.0,33501
0.0,33502
0.0,33503
0.0,33504
0.0,33505
0.0,33506
0.0,33507
172.96392819790364,33508
0.0,33509
0.0,33510
0.0,33511
0.0,33512
0.0,33513
0.0,33514
0.0,33515
1736.874735127404,33516
0.0,33517
0.0,33518
0.0,33519
0.0,33520
0.0,33521
0.0,33522
0.0,33523
3922.989575276965,33524
0.0,33525
226.9274551481824,33526
0.0,33527
2637.174659859306,33528
0.0,33529
0.0,33530
0.0,33531
45.882224957112975,33532
142.8990340495905,33533
879.8332618994045,33534
0.0,33535
235.0424415429678,33536
0.0,33537
0.0,33538
0.0,33539
0.0,33540
157.00051054491408,33541
0.0,33542
0.0,33543
0.0,33544
0.0,33545
0.0,33546
0.0,33547
0.0,33548
1166.2203461696683,33549
0.0,33550
0.0,33551
0.0,33552
0.0,33553
0.0,33554
0.0,33555
1565.6364706145932,33556
1541.4291829098452,33557
1515.7437233905323,33558
1418.7629566795438,33559
1328.022747753899,33560
1155.2429037799564,33561
0.0,33562
1034.9881552677753,33563
0.0,33564
0.0,33565
881.8750783051322,33566
986.3235004687217,33567
581.2519645208936,33568
597.9586257712848,33569
0.0,33570
2087.2635673237987,33571
405.7386688343473,33572
1220.586470373645,33573
362.85786855611457,33574
1305.3045918387982,33575
239.51587447616154,33576
1213.4954047563585,33577
992.9022128373367,33578
1181.2202738788735,33579
105.73500901186272,33580
179.55699405702518,33581
0.0,33582
1103.5157646931373,33583
68.14456799323423,33584
34.086517219131565,33585
15.181441190863989,33586
29.93109235527416,33587
1100.1070573874445,33588
12.672183353351675,33589
1078.075400346049,33590
25.013969304808924,33591
0.0,33592
0.0,33593
18.087616988330602,33594
594.1498328858017,33595
0.0,33596
0.0,33597
0.0,33598
0.0,33599
0.0,33600
0.0,33601
0.0,33602
0.0,33603
0.0,33604
0.0,33605
0.0,33606
0.0,33607
1264.2035327287253,33608
0.0,33609
1552.1228904527416,33610
0.0,33611
197.9567418381116,33612
0.0,33613
0.0,33614
0.0,33615
0.0,33616
0.0,33617
3648.2979749436563,33618
0.0,33619
0.0,33620
0.0,33621
0.0,33622
0.0,33623
0.0,33624
10.496172032765907,33625
478.36427059898534,33626
0.0,33627
0.0,33628
0.0,33629
0.0,33630
0.0,33631
0.0,33632
0.0,33633
186.53371659473035,33634
0.0,33635
0.0,33636
0.0,33637
0.0,33638
0.0,33639
0.0,33640
0.0,33641
3575.4407139745726,33642
771.7634580106408,33643
0.0,33644
840.5699879494612,33645
0.0,33646
0.0,33647
0.0,33648
0.0,33649
8.073929481242264,33650
1065.688096359219,33651
610.196742055201,33652
0.0,33653
0.0,33654
0.0,33655
0.0,33656
0.0,33657
0.0,33658
1667.847596558472,33659
1338.2595710155945,33660
0.0,33661
0.0,33662
0.0,33663
0.0,33664
149.02407450485612,33665
0.0,33666
0.0,33667
0.0,33668
0.0,33669
0.0,33670
0.0,33671
806.7901672435265,33672
0.0,33673
0.0,33674
786.6178141007931,33675
0.0,33676
202.65492614927797,33677
1185.0713490946284,33678
423.4932047573408,33679
1085.896500848603,33680
1206.050887920937,33681
0.0,33682
0.0,33683
0.0,33684
0.0,33685
968.7146301763607,33686
1736.3338153867571,33687
1866.8386545743347,33688
0.0,33689
1978.8493959579089,33690
0.0,33691
1606.7899286593408,33692
2827.336361113765,33693
2077.073510273072,33694
0.0,33695
0.0,33696
0.0,33697
1460.9910520903848,33698
1496.3349860430756,33699
0.0,33700
2159.6843161894385,33701
3576.0041283955466,33702
1996.7909607397353,33703
2131.32959551191,33704
2043.6615417129588,33705
0.0,33706
0.0,33707
2017.7289008322928,33708
2141.8633238581315,33709
2430.264216204522,33710
2131.4099064621373,33711
427.79095028004417,33712
0.0,33713
0.0,33714
0.0,33715
0.0,33716
0.0,33717
0.0,33718
464.30822915715606,33719
447.58807145443404,33720
348.75730478858156,33721
2724.3798765102774,33722
426.0006725037547,33723
0.0,33724
0.0,33725
2531.972073070019,33726
0.0,33727
2057.2564575289166,33728
0.0,33729
0.0,33730
0.0,33731
0.0,33732
475.25616798891355,33733
0.0,33734
2019.5199072774083,33735
2463.181421406518,33736
654.9751557617029,33737
0.0,33738
0.2931567776375367,33739
0.0,33740
1008.2799977291842,33741
0.0,33742
0.0,33743
0.0,33744
0.0,33745
365.1648029948588,33746
0.0,33747
1.2311844923317503,33748
2898.4630618901524,33749
2801.251994149744,33750
510.3444941925648,33751
0.0,33752
2206.419147994157,33753
0.0,33754
418.2874659407096,33755
0.0,33756
0.0,33757
0.0,33758
0.0,33759
0.0,33760
0.0,33761
0.0,33762
0.0,33763
0.0,33764
0.0,33765
0.0,33766
0.0,33767
0.0,33768
0.0,33769
0.0,33770
0.0,33771
0.0,33772
420.58782009069984,33773
214.53292873682634,33774
4329.923894660482,33775
0.0,33776
25.4312530362768,33777
0.0,33778
0.0,33779
1449.6065154583605,33780
0.0,33781
0.0,33782
299.0145431609455,33783
338.97529665589605,33784
298.89944878936245,33785
0.0,33786
113.84282162238327,33787
133.4741967413991,33788
737.9182266583849,33789
0.0,33790
2065.046615096259,33791
0.0,33792
122.7424075547375,33793
552.4358401936413,33794
0.0,33795
114.62573775075812,33796
0.0,33797
0.0,33798
0.0,33799
0.0,33800
0.0,33801
1503.328812419465,33802
0.0,33803
1245.8813748520465,33804
0.0,33805
0.0,33806
0.0,33807
1550.2658810089274,33808
0.0,33809
0.0,33810
0.0,33811
0.0,33812
34.50618831645099,33813
0.0,33814
121.05400304992827,33815
233.15677745603128,33816
0.0,33817
0.0,33818
330.0677625164305,33819
0.0,33820
2411.4774210782566,33821
0.0,33822
395.74488266935333,33823
0.0,33824
433.70005170716803,33825
66.71283800479367,33826
23.630888496726275,33827
0.0,33828
157.93157181160828,33829
0.0,33830
0.0,33831
448.6264692168755,33832
0.0,33833
0.0,33834
1083.06045818848,33835
198.2627869035407,33836
672.8170540705597,33837
0.0,33838
0.0,33839
3215.909322880322,33840
0.0,33841
1048.365746290294,33842
0.0,33843
0.0,33844
0.0,33845
0.0,33846
0.0,33847
0.0,33848
0.0,33849
0.0,33850
0.0,33851
0.0,33852
0.0,33853
0.0,33854
0.0,33855
0.0,33856
0.0,33857
0.0,33858
0.0,33859
2174.1997577216985,33860
0.0,33861
0.0,33862
0.0,33863
0.0,33864
0.0,33865
0.0,33866
0.0,33867
0.0,33868
0.0,33869
0.0,33870
0.0,33871
0.0,33872
0.0,33873
0.0,33874
0.0,33875
0.0,33876
0.0,33877
0.0,33878
0.0,33879
0.0,33880
0.0,33881
188.6039475234892,33882
0.0,33883
0.0,33884
0.0,33885
0.0,33886
0.0,33887
0.0,33888
0.0,33889
0.0,33890
492.81211597780896,33891
524.8490724576092,33892
0.0,33893
0.0,33894
0.0,33895
0.0,33896
0.0,33897
0.0,33898
0.0,33899
0.0,33900
0.0,33901
0.0,33902
0.0,33903
0.0,33904
0.0,33905
0.0,33906
735.2805931646897,33907
630.9319597441724,33908
0.0,33909
0.0,33910
0.0,33911
0.0,33912
6071.83680011531,33913
0.0,33914
4437.696991489774,33915
0.0,33916
0.0,33917
0.0,33918
897.6160780631675,33919
0.0,33920
0.0,33921
0.0,33922
0.0,33923
0.0,33924
0.0,33925
0.0,33926
0.0,33927
0.0,33928
0.0,33929
192.18650234507655,33930
0.0,33931
0.0,33932
0.0,33933
0.0,33934
187.9390450811492,33935
1604.654550346326,33936
0.0,33937
3020.3741781546532,33938
0.0,33939
0.0,33940
0.0,33941
0.0,33942
0.0,33943
0.0,33944
1720.109688930437,33945
0.0,33946
0.0,33947
0.0,33948
0.0,33949
1.5182476253451471,33950
971.5705554028668,33951
0.0,33952
0.0,33953
0.0,33954
0.0,33955
0.0,33956
0.0,33957
0.0,33958
50.28833806427428,33959
3250.913026539377,33960
0.0,33961
0.0,33962
0.0,33963
831.9337406191062,33964
869.1361687727381,33965
0.0,33966
0.0,33967
0.0,33968
0.0,33969
0.0,33970
798.5354864910835,33971
0.0,33972
0.0,33973
5476.587558035799,33974
0.0,33975
0.0,33976
0.0,33977
1179.4092882025425,33978
0.0,33979
0.0,33980
0.0,33981
0.0,33982
0.0,33983
0.0,33984
0.0,33985
0.0,33986
0.0,33987
180.04697080928895,33988
0.0,33989
0.0,33990
0.0,33991
0.0,33992
0.0,33993
0.0,33994
0.0,33995
0.0,33996
0.0,33997
0.0,33998
0.0,33999
0.0,34000
0.0,34001
0.0,34002
0.0,34003
0.0,34004
0.0,34005
0.0,34006
0.0,34007
0.0,34008
0.0,34009
0.0,34010
0.0,34011
0.0,34012
0.0,34013
226.6679514306259,34014
0.0,34015
0.0,34016
0.0,34017
0.0,34018
0.0,34019
0.0,34020
0.0,34021
0.0,34022
0.0,34023
0.0,34024
0.0,34025
0.0,34026
0.0,34027
0.0,34028
0.0,34029
0.0,34030
155.3414322041093,34031
0.0,34032
256.5932102850807,34033
483.9687901540448,34034
0.0,34035
0.0,34036
0.0,34037
0.0,34038
0.0,34039
0.0,34040
0.0,34041
0.0,34042
0.0,34043
0.0,34044
0.0,34045
0.0,34046
0.0,34047
0.0,34048
0.0,34049
0.0,34050
0.0,34051
0.0,34052
0.0,34053
0.0,34054
0.0,34055
0.0,34056
0.0,34057
764.3415535205244,34058
0.0,34059
0.0,34060
0.0,34061
0.0,34062
0.0,34063
0.0,34064
0.0,34065
0.0,34066
0.0,34067
0.0,34068
0.0,34069
0.0,34070
0.0,34071
0.0,34072
0.0,34073
0.0,34074
0.0,34075
0.0,34076
0.0,34077
0.0,34078
0.0,34079
0.0,34080
0.0,34081
0.0,34082
0.0,34083
0.0,34084
0.0,34085
0.0,34086
0.0,34087
1376.1415105792394,34088
0.0,34089
0.0,34090
0.0,34091
0.0,34092
0.0,34093
0.0,34094
0.0,34095
4123.618821465083,34096
0.0,34097
2914.907320011681,34098
0.0,34099
2807.2771523972856,34100
0.0,34101
2647.406228248671,34102
0.0,34103
0.0,34104
0.0,34105
0.0,34106
0.0,34107
0.0,34108
0.0,34109
2713.4054153508346,34110
0.0,34111
0.0,34112
2437.3115972888913,34113
0.0,34114
2144.838902411315,34115
1864.9681096232462,34116
1616.6958161746768,34117
1915.2386792777972,34118
0.0,34119
301.88739900204746,34120
0.0,34121
0.0,34122
0.0,34123
0.0,34124
0.0,34125
0.0,34126
625.5734726119323,34127
0.0,34128
119.40375157884002,34129
0.0,34130
0.0,34131
0.0,34132
0.0,34133
2001.389180686959,34134
0.0,34135
0.0,34136
0.0,34137
31500.57529208832,34138
0.0,34139
589.8844131647436,34140
0.0,34141
234.41742265449554,34142
0.0,34143
0.0,34144
0.0,34145
0.0,34146
604.7170685942775,34147
0.0,34148
0.0,34149
6847.46143022462,34150
0.0,34151
0.0,34152
0.0,34153
0.0,34154
0.0,34155
0.0,34156
0.0,34157
0.0,34158
0.0,34159
0.0,34160
537.305869301172,34161
0.0,34162
0.0,34163
31.93219030620249,34164
1328.022903625326,34165
78.72086055946357,34166
0.0,34167
0.0,34168
0.0,34169
0.0,34170
0.0,34171
0.0,34172
0.0,34173
0.0,34174
0.0,34175
0.0,34176
0.0,34177
0.0,34178
0.0,34179
0.0,34180
0.0,34181
0.0,34182
0.0,34183
0.0,34184
0.0,34185
0.0,34186
0.0,34187
0.0,34188
0.0,34189
0.0,34190
0.0,34191
0.0,34192
0.0,34193
0.0,34194
0.0,34195
0.0,34196
0.0,34197
0.0,34198
0.0,34199
0.0,34200
0.0,34201
0.0,34202
0.0,34203
1129.3895444978045,34204
0.0,34205
7265.920355016697,34206
0.0,34207
253.0254091288939,34208
76.42009946589064,34209
252.387046106831,34210
0.0,34211
262.82005800812766,34212
361.3938219998405,34213
0.0,34214
0.0,34215
0.0,34216
0.0,34217
3855.181626711677,34218
7451.247635380761,34219
233.85216857166975,34220
0.0,34221
1580.1254946091128,34222
0.0,34223
5220.361490261828,34224
6374.43583710375,34225
0.0,34226
0.0,34227
0.0,34228
0.0,34229
0.0,34230
0.0,34231
0.0,34232
457.971151284387,34233
158.77352763527955,34234
489.2742965685756,34235
0.0,34236
527.4931269237709,34237
2894.2511900013474,34238
0.0,34239
2993.635856142652,34240
0.0,34241
0.0,34242
0.0,34243
0.0,34244
0.0,34245
0.0,34246
0.9908200625732796,34247
0.0,34248
0.0,34249
0.0,34250
1284.324601551795,34251
0.0,34252
0.0,34253
0.0,34254
0.0,34255
2738.133851766815,34256
45241.76191001686,34257
0.0,34258
0.0,34259
0.0,34260
0.0,34261
283.5231493498909,34262
0.0,34263
39396.68672591828,34264
0.0,34265
0.0,34266
0.0,34267
0.0,34268
0.0,34269
0.0,34270
232.74412149853114,34271
556.0137717757166,34272
0.0,34273
551.2892750504792,34274
0.0,34275
0.0,34276
0.0,34277
796.0266639690882,34278
0.0,34279
6101.044485412617,34280
0.0,34281
0.0,34282
2253.1423650110587,34283
0.0,34284
2531.0932828460795,34285
0.0,34286
4627.435104125979,34287
2296.7698511084377,34288
2810.7890543389653,34289
21.585952609396312,34290
0.0,34291
540.9351340109122,34292
4699.1871810063685,34293
0.0,34294
1424.078185853998,34295
2978.5219306777935,34296
0.0,34297
664.9137470537524,34298
0.0,34299
1823.8340639090407,34300
0.0,34301
153.54418608527192,34302
0.0,34303
0.0,34304
33.4613608666021,34305
0.0,34306
0.0,34307
645.1178449872677,34308
427.87157052588844,34309
162.14571717581464,34310
2752.3582985197854,34311
2216.9477220079257,34312
514.2079525357589,34313
128.99808880083214,34314
2728.2756751980523,34315
0.0,34316
420.33074358061833,34317
227.65501795394619,34318
0.0,34319
0.0,34320
106.84649192937607,34321
72.48649030800861,34322
0.0,34323
0.0,34324
635.1563359371195,34325
0.0,34326
0.0,34327
0.0,34328
0.0,34329
0.0,34330
0.0,34331
35.980949154806986,34332
1539.9256712871172,34333
0.0,34334
148.72014676385436,34335
1142.6480274094022,34336
0.0,34337
0.0,34338
0.0,34339
0.0,34340
3613.870778247237,34341
0.0,34342
0.0,34343
1466.490746996589,34344
0.0,34345
0.0,34346
416.7061583675974,34347
1162.4528583339818,34348
0.0,34349
3290.262036736506,34350
0.0,34351
1129.322143399256,34352
2311.620123231714,34353
0.0,34354
1634.3651189480565,34355
6016.306505765478,34356
1469.5353930716014,34357
0.0,34358
0.0,34359
0.0,34360
592.7183743258565,34361
0.0,34362
0.0,34363
2623.647163529963,34364
0.0,34365
352.2461106583176,34366
0.0,34367
0.0,34368
0.0,34369
1573.4302500754038,34370
0.0,34371
0.0,34372
32.45782449854638,34373
0.0,34374
1913.8606531361852,34375
0.0,34376
0.0,34377
0.0,34378
0.0,34379
1176.98694769356,34380
0.0,34381
0.0,34382
0.0,34383
0.0,34384
0.0,34385
0.0,34386
0.0,34387
0.0,34388
0.0,34389
1605.3422162798086,34390
5.025256345743619,34391
0.0,34392
2113.170425613186,34393
0.0,34394
0.0,34395
7.388576313395351,34396
0.0,34397
0.0,34398
0.0,34399
1605.3857907124911,34400
0.0,34401
1767.2009174963844,34402
887.9136016472823,34403
0.0,34404
0.0,34405
1659.3146822352473,34406
0.0,34407
0.0,34408
0.0,34409
1362.4829317329963,34410
0.0,34411
0.0,34412
0.0,34413
0.0,34414
293.4640767428483,34415
0.0,34416
0.0,34417
0.0,34418
340.19990180333156,34419
0.0,34420
0.0,34421
0.0,34422
0.0,34423
0.0,34424
0.0,34425
0.0,34426
0.0,34427
0.0,34428
0.0,34429
0.0,34430
0.0,34431
1059.944766596303,34432
723.8358989878592,34433
84.97052343313712,34434
426.2582181492328,34435
0.0,34436
0.0,34437
0.0,34438
0.0,34439
0.0,34440
0.0,34441
0.0,34442
0.0,34443
1150.4355199911884,34444
1210.0877768726712,34445
265.703470092725,34446
0.0,34447
617.4665171336336,34448
0.0,34449
862.1393713875807,34450
0.0,34451
0.0,34452
3328.3954411637637,34453
0.0,34454
767.2508463085356,34455
0.0,34456
0.0,34457
2855.9366330253138,34458
0.0,34459
1024.1886498251586,34460
0.0,34461
0.0,34462
0.0,34463
104.51358243270883,34464
401.83225775983567,34465
0.0,34466
0.0,34467
0.0,34468
0.0,34469
0.0,34470
0.0,34471
0.0,34472
0.0,34473
0.0,34474
0.0,34475
0.0,34476
0.0,34477
0.0,34478
0.0,34479
669.8783560809488,34480
266.9599171488816,34481
0.0,34482
90.19356327886871,34483
326.5815289112994,34484
1426.8906753821477,34485
470.10572415909365,34486
2019.8756125940522,34487
0.0,34488
1347.9327947328202,34489
0.0,34490
3426.1866619095586,34491
1420.7711554249606,34492
4598.403615184971,34493
0.0,34494
1104.9376831643422,34495
0.0,34496
2945.825095409324,34497
0.0,34498
0.0,34499
413.9743633418869,34500
0.0,34501
0.0,34502
3406.5157769133175,34503
3002.1202255125495,34504
0.0,34505
0.0,34506
0.0,34507
0.0,34508
2879.619378529992,34509
11.146694667987239,34510
921.1318423729596,34511
0.0,34512
0.0,34513
0.0,34514
3423.433447228583,34515
6193.615923343669,34516
0.0,34517
1366.048856870846,34518
0.0,34519
0.0,34520
0.0,34521
0.0,34522
0.0,34523
0.0,34524
0.0,34525
400.98611670654714,34526
940.5672560412639,34527
0.0,34528
112.97993965750155,34529
0.0,34530
2563.007320462949,34531
732.5116137533603,34532
0.0,34533
0.0,34534
0.0,34535
0.0,34536
0.0,34537
0.0,34538
1276.5507944675812,34539
0.0,34540
0.0,34541
0.0,34542
0.0,34543
1699.2405430005233,34544
0.0,34545
0.0,34546
0.0,34547
445.8392367221077,34548
0.0,34549
0.0,34550
1983.8628098477873,34551
35.73069039495181,34552
0.0,34553
1955.1849741608023,34554
1938.0158259679815,34555
3898.463195679505,34556
0.0,34557
289.2723960023438,34558
0.0,34559
0.0,34560
1748.4721582865418,34561
0.0,34562
0.0,34563
0.0,34564
0.0,34565
0.0,34566
0.0,34567
0.0,34568
0.0,34569
0.0,34570
0.0,34571
0.0,34572
0.0,34573
0.0,34574
0.0,34575
0.0,34576
0.0,34577
0.0,34578
0.0,34579
0.0,34580
0.0,34581
778.2019028136635,34582
2164.4477830798214,34583
477.3950497224689,34584
689.8159023985344,34585
0.0,34586
688.8481276690878,34587
0.0,34588
0.0,34589
0.0,34590
8111.225138322171,34591
0.0,34592
0.0,34593
0.0,34594
2697.4306394086993,34595
115.0664079716564,34596
523.8995312002959,34597
3813.279356091347,34598
3855.8024199047086,34599
0.0,34600
2745.7153756013136,34601
2514.4994448850516,34602
0.0,34603
0.0,34604
818.7667344440981,34605
0.0,34606
0.0,34607
0.0,34608
3425.110960532013,34609
5224.639357674829,34610
0.0,34611
0.0,34612
0.0,34613
0.0,34614
3516.723434306941,34615
3749.499779447351,34616
207.01539898498447,34617
0.0,34618
0.0,34619
0.0,34620
0.0,34621
135.97437206243683,34622
0.0,34623
0.0,34624
3349.239349762498,34625
3432.086262703786,34626
0.0,34627
0.0,34628
0.0,34629
0.0,34630
0.0,34631
0.0,34632
62.81186831453435,34633
0.0,34634
0.0,34635
0.0,34636
33.88953023461332,34637
0.0,34638
0.0,34639
0.0,34640
1847.1290721121036,34641
0.0,34642
0.0,34643
0.0,34644
3403.8361534296037,34645
5055.461581028529,34646
0.0,34647
0.0,34648
4711.588816559962,34649
5300.743104377275,34650
0.0,34651
5160.700128027696,34652
5041.470874711852,34653
4880.113309450307,34654
6375.438889416139,34655
0.0,34656
5409.668049200036,34657
1484.6673613587277,34658
5766.906306456532,34659
0.0,34660
534.9893192605034,34661
2252.3000501434253,34662
3073.543122850338,34663
3868.4633843737456,34664
1816.0302797625027,34665
4446.710445389918,34666
0.0,34667
0.0,34668
0.0,34669
0.0,34670
943.7955662873244,34671
1177.4607825513438,34672
0.0,34673
1987.3802551210563,34674
0.0,34675
159.40577460781884,34676
0.0,34677
0.0,34678
1109.0026544125926,34679
0.0,34680
1284.3653006609804,34681
0.0,34682
274.07789913228174,34683
0.0,34684
849.6989002762485,34685
0.0,34686
3334.329677478799,34687
0.0,34688
0.0,34689
3001.4723179782495,34690
973.149513410863,34691
0.0,34692
2692.9130794753924,34693
1930.8581409018961,34694
0.0,34695
1816.4445992919807,34696
0.0,34697
1896.2155284450978,34698
1858.3385184609629,34699
0.0,34700
0.0,34701
0.0,34702
668.6572785624747,34703
1369.5952827348476,34704
938.3737793456457,34705
547.3430361816323,34706
1627.8327305756518,34707
0.0,34708
0.0,34709
472.94965799884886,34710
0.0,34711
0.0,34712
0.0,34713
0.0,34714
0.0,34715
0.0,34716
0.0,34717
0.0,34718
0.0,34719
0.0,34720
0.0,34721
0.0,34722
0.0,34723
0.0,34724
0.0,34725
0.0,34726
0.0,34727
0.0,34728
0.0,34729
1385.7710348326839,34730
0.0,34731
0.0,34732
0.0,34733
0.0,34734
0.0,34735
0.0,34736
0.0,34737
0.0,34738
0.0,34739
0.0,34740
0.0,34741
0.0,34742
0.0,34743
1928.8212541826613,34744
0.0,34745
1251.7552558296359,34746
0.0,34747
0.0,34748
0.0,34749
0.0,34750
0.0,34751
0.0,34752
0.0,34753
0.0,34754
0.0,34755
3871.4403727337894,34756
0.0,34757
485.1280352230045,34758
4497.596180164092,34759
0.0,34760
0.0,34761
0.0,34762
0.0,34763
97.4151946240657,34764
0.0,34765
674.1453886336421,34766
789.6677095609016,34767
0.0,34768
0.0,34769
0.0,34770
0.0,34771
268.1651528443323,34772
0.0,34773
473.2622930531364,34774
0.0,34775
0.0,34776
0.0,34777
0.0,34778
0.0,34779
0.0,34780
0.0,34781
0.0,34782
0.0,34783
0.0,34784
4634.043407150295,34785
0.0,34786
0.0,34787
0.0,34788
0.0,34789
0.0,34790
0.0,34791
0.0,34792
0.0,34793
0.0,34794
0.0,34795
0.0,34796
0.0,34797
0.0,34798
0.0,34799
0.0,34800
0.0,34801
0.0,34802
0.0,34803
0.0,34804
0.0,34805
0.0,34806
837.6615535190898,34807
0.0,34808
0.0,34809
0.0,34810
0.0,34811
0.0,34812
0.0,34813
0.0,34814
0.0,34815
0.0,34816
0.0,34817
0.0,34818
0.0,34819
0.0,34820
0.0,34821
0.0,34822
0.0,34823
0.0,34824
0.0,34825
0.0,34826
0.0,34827
0.0,34828
0.0,34829
0.0,34830
0.0,34831
0.0,34832
0.0,34833
0.0,34834
0.0,34835
0.0,34836
291.83026217645863,34837
3802.6304821401204,34838
0.0,34839
0.0,34840
0.0,34841
0.0,34842
0.0,34843
0.0,34844
0.0,34845
0.0,34846
0.0,34847
0.0,34848
0.0,34849
0.0,34850
0.0,34851
0.0,34852
0.0,34853
0.0,34854
0.0,34855
0.0,34856
0.0,34857
0.0,34858
0.0,34859
0.0,34860
0.0,34861
0.0,34862
0.0,34863
0.0,34864
0.0,34865
0.0,34866
0.0,34867
0.0,34868
0.0,34869
0.0,34870
0.0,34871
0.0,34872
0.0,34873
0.0,34874
0.0,34875
0.0,34876
0.0,34877
0.0,34878
0.0,34879
0.0,34880
0.0,34881
0.0,34882
0.0,34883
0.0,34884
0.0,34885
0.0,34886
0.0,34887
0.0,34888
0.0,34889
0.0,34890
0.0,34891
0.0,34892
0.0,34893
0.0,34894
0.0,34895
0.0,34896
0.0,34897
0.0,34898
0.0,34899
0.0,34900
0.0,34901
0.0,34902
0.0,34903
0.0,34904
0.0,34905
0.0,34906
0.0,34907
0.0,34908
0.0,34909
0.0,34910
7624.229667661761,34911
902.8693905344415,34912
33.293903366433355,34913
0.0,34914
0.0,34915
0.0,34916
0.0,34917
0.0,34918
0.0,34919
0.0,34920
0.0,34921
0.0,34922
0.0,34923
0.0,34924
0.0,34925
0.0,34926
0.0,34927
0.0,34928
0.0,34929
0.0,34930
0.0,34931
0.0,34932
628.1688028097358,34933
705.4948554272218,34934
0.0,34935
654.4980896350106,34936
4012.9289910058196,34937
0.0,34938
0.0,34939
0.0,34940
0.0,34941
0.0,34942
0.0,34943
0.0,34944
0.0,34945
0.0,34946
0.0,34947
0.0,34948
0.0,34949
0.0,34950
0.0,34951
0.0,34952
0.0,34953
0.0,34954
0.0,34955
0.0,34956
0.0,34957
0.0,34958
0.0,34959
0.0,34960
0.0,34961
0.0,34962
0.0,34963
0.0,34964
0.0,34965
0.0,34966
0.0,34967
0.0,34968
0.0,34969
0.0,34970
0.0,34971
0.0,34972
0.0,34973
0.0,34974
0.0,34975
0.0,34976
0.0,34977
0.0,34978
0.0,34979
0.0,34980
0.0,34981
0.0,34982
0.0,34983
0.0,34984
0.0,34985
1307.6860550905517,34986
0.0,34987
0.0,34988
0.0,34989
0.0,34990
0.0,34991
0.0,34992
0.0,34993
0.0,34994
0.0,34995
0.0,34996
0.0,34997
0.0,34998
0.0,34999
0.0,35000
0.0,35001
0.0,35002
1102.938260562294,35003
0.0,35004
0.0,35005
0.0,35006
0.0,35007
0.0,35008
0.0,35009
0.0,35010
0.0,35011
3371.137963496686,35012
880.4441546838043,35013
0.0,35014
1090.6042238890418,35015
0.0,35016
0.0,35017
0.0,35018
0.0,35019
0.0,35020
0.0,35021
0.0,35022
0.0,35023
0.0,35024
0.0,35025
0.0,35026
0.0,35027
0.0,35028
0.0,35029
0.0,35030
168.7757297785231,35031
0.0,35032
0.0,35033
0.0,35034
0.0,35035
413.01537441667625,35036
0.0,35037
0.0,35038
0.0,35039
0.0,35040
0.0,35041
0.0,35042
0.0,35043
0.0,35044
6566.646825166749,35045
0.0,35046
14.553457873370265,35047
0.0,35048
254.434907849621,35049
0.0,35050
0.0,35051
91.81207179155913,35052
819.0617569167733,35053
406.8868814480639,35054
1577.0948220228838,35055
580.8194378358654,35056
879.516163437524,35057
717.2205257716754,35058
1227.492579893299,35059
0.0,35060
0.0,35061
1697.68190909911,35062
0.0,35063
1331.2339184200966,35064
762.8161236314223,35065
0.0,35066
0.0,35067
0.0,35068
3055.732593494634,35069
773.8072196810564,35070
0.0,35071
0.0,35072
700.6361293752038,35073
0.0,35074
1462.9379904825432,35075
0.0,35076
1909.694524830279,35077
898.528822744334,35078
2352.484895325388,35079
2260.373054208613,35080
2187.8286587003654,35081
1936.0817206889274,35082
5292.804791329729,35083
0.0,35084
0.0,35085
0.0,35086
0.0,35087
1842.4647380722886,35088
0.0,35089
0.0,35090
0.0,35091
0.0,35092
0.0,35093
0.0,35094
0.0,35095
0.0,35096
4739.217068548883,35097
0.0,35098
0.0,35099
0.0,35100
1539.7998131535285,35101
0.0,35102
0.0,35103
0.0,35104
0.0,35105
0.0,35106
1272.0802224570778,35107
0.0,35108
0.0,35109
3964.557120123876,35110
822.0682903674277,35111
0.0,35112
0.0,35113
0.0,35114
0.0,35115
0.0,35116
0.0,35117
0.0,35118
0.0,35119
0.0,35120
0.0,35121
0.0,35122
0.0,35123
0.0,35124
0.0,35125
0.0,35126
0.0,35127
0.0,35128
0.0,35129
0.0,35130
1030.8040449247553,35131
0.0,35132
0.0,35133
0.0,35134
0.0,35135
0.0,35136
0.0,35137
0.0,35138
0.0,35139
0.0,35140
2538.511834859518,35141
0.0,35142
0.0,35143
0.0,35144
0.0,35145
0.0,35146
0.0,35147
0.0,35148
0.0,35149
0.0,35150
0.0,35151
0.0,35152
0.0,35153
0.0,35154
0.0,35155
0.0,35156
0.0,35157
0.0,35158
0.0,35159
6982.770195901481,35160
0.0,35161
3302.7797027243405,35162
0.0,35163
0.0,35164
0.0,35165
0.0,35166
653.5794343402663,35167
0.0,35168
511.95739632469656,35169
1150.8654559582105,35170
624.8247323193528,35171
16499.88154214655,35172
0.0,35173
0.0,35174
0.0,35175
4147.771530433268,35176
267.9219216400699,35177
0.0,35178
0.0,35179
0.0,35180
0.0,35181
0.0,35182
0.0,35183
0.0,35184
0.0,35185
0.0,35186
0.0,35187
0.0,35188
0.0,35189
1494.1803101217508,35190
0.0,35191
0.0,35192
1452.451042872853,35193
0.0,35194
0.0,35195
3299.1014965483073,35196
924.7413668119972,35197
2040.1108475659812,35198
0.0,35199
0.0,35200
2131.2245759328293,35201
881.4067188124902,35202
2063.3774021796853,35203
0.0,35204
0.0,35205
1480.992036634802,35206
0.0,35207
1837.064540891001,35208
511.321431676566,35209
3200.8991951917033,35210
0.0,35211
1490.8394109646829,35212
1882.9366065038932,35213
3174.4727187027115,35214
0.0,35215
0.0,35216
0.0,35217
1330.8627126512433,35218
1577.5479923460998,35219
0.0,35220
0.0,35221
0.0,35222
0.0,35223
2926.5937224795002,35224
3672.7157731968255,35225
2302.471373072779,35226
0.0,35227
0.0,35228
1122.6986870450537,35229
1039.6958663665794,35230
1341.6001363630003,35231
0.0,35232
2507.2655609307594,35233
2351.1603463471947,35234
0.0,35235
934.7520097146722,35236
0.0,35237
1435.7193779288457,35238
150.5061122260014,35239
0.0,35240
0.0,35241
0.0,35242
0.0,35243
0.0,35244
0.0,35245
0.0,35246
0.0,35247
0.0,35248
0.0,35249
0.0,35250
0.0,35251
0.0,35252
0.0,35253
0.0,35254
0.0,35255
0.0,35256
958.3082886690526,35257
766.499266869589,35258
0.0,35259
0.0,35260
0.0,35261
0.0,35262
0.0,35263
0.0,35264
0.0,35265
0.0,35266
0.0,35267
0.0,35268
0.0,35269
0.0,35270
0.0,35271
0.0,35272
0.0,35273
0.0,35274
0.0,35275
0.0,35276
0.0,35277
0.0,35278
0.0,35279
0.0,35280
0.0,35281
0.0,35282
0.0,35283
0.0,35284
139.27321413950392,35285
0.0,35286
3181.495986982634,35287
0.0,35288
0.0,35289
0.0,35290
0.0,35291
0.0,35292
0.0,35293
0.0,35294
1996.8227481899953,35295
0.0,35296
0.0,35297
0.0,35298
0.0,35299
0.0,35300
0.0,35301
30.10125636471485,35302
1819.4948464245247,35303
0.0,35304
0.0,35305
0.0,35306
1300.7888171702396,35307
0.0,35308
0.0,35309
1306.604394482714,35310
0.0,35311
0.0,35312
0.0,35313
0.0,35314
0.0,35315
0.0,35316
0.0,35317
0.0,35318
0.0,35319
0.0,35320
0.0,35321
0.0,35322
0.0,35323
0.0,35324
0.0,35325
0.0,35326
0.0,35327
0.0,35328
0.0,35329
0.0,35330
0.0,35331
0.0,35332
0.0,35333
0.0,35334
0.0,35335
0.0,35336
0.0,35337
0.0,35338
147.65620815955043,35339
0.0,35340
0.0,35341
0.0,35342
0.0,35343
0.0,35344
0.0,35345
2197.031952024076,35346
0.0,35347
0.0,35348
0.0,35349
0.0,35350
0.0,35351
0.0,35352
0.0,35353
0.0,35354
0.0,35355
0.0,35356
0.0,35357
0.0,35358
0.0,35359
0.0,35360
0.0,35361
52.70178963981742,35362
0.0,35363
0.0,35364
0.0,35365
0.0,35366
0.0,35367
0.0,35368
954.036340094575,35369
0.0,35370
0.0,35371
0.0,35372
0.0,35373
0.0,35374
0.0,35375
0.0,35376
0.0,35377
0.0,35378
0.0,35379
0.0,35380
0.0,35381
0.0,35382
0.0,35383
0.0,35384
0.0,35385
0.0,35386
0.0,35387
0.0,35388
0.0,35389
0.0,35390
0.0,35391
0.0,35392
0.0,35393
0.0,35394
0.0,35395
0.0,35396
0.0,35397
0.0,35398
2029.2155281094408,35399
0.0,35400
0.0,35401
0.0,35402
2640.7440398481835,35403
340.6030403712304,35404
0.0,35405
0.0,35406
0.0,35407
0.0,35408
17792.073712748075,35409
0.0,35410
0.0,35411
0.0,35412
0.0,35413
15090.811407509576,35414
0.0,35415
0.0,35416
0.0,35417
0.0,35418
723.7658680303001,35419
0.0,35420
0.0,35421
333.3944343623959,35422
3168.4348759886902,35423
0.0,35424
0.0,35425
121.36180418420588,35426
0.0,35427
0.0,35428
0.0,35429
0.0,35430
0.0,35431
1697.2973548465184,35432
0.0,35433
0.0,35434
11602.798459182766,35435
0.0,35436
2405.867226891433,35437
576.7400893161843,35438
0.0,35439
0.0,35440
434.88954490884515,35441
774.4241243562215,35442
0.0,35443
0.0,35444
0.0,35445
0.0,35446
0.0,35447
0.0,35448
0.0,35449
0.0,35450
3053.5224894674902,35451
0.0,35452
0.0,35453
0.0,35454
53371.1066067874,35455
0.0,35456
0.0,35457
0.0,35458
0.0,35459
0.0,35460
0.0,35461
0.0,35462
0.0,35463
0.0,35464
0.0,35465
0.0,35466
0.0,35467
0.0,35468
0.0,35469
829.733436268163,35470
0.0,35471
0.0,35472
8.404297689014216,35473
0.0,35474
0.0,35475
0.25928797161966366,35476
0.0,35477
1365.7620192123006,35478
0.0,35479
656.2308735377458,35480
0.0,35481
1367.2320497990038,35482
1378.2367905464876,35483
0.0,35484
0.0,35485
0.0,35486
0.0,35487
0.0,35488
56.24581954909944,35489
142.38471879847148,35490
0.0,35491
29.12204077977385,35492
0.0,35493
0.0,35494
0.0,35495
0.0,35496
0.0,35497
0.0,35498
0.0,35499
0.0,35500
0.0,35501
10.607275662381225,35502
157.68830414366616,35503
0.0,35504
0.0,35505
0.0,35506
0.0,35507
0.0,35508
0.0,35509
0.0,35510
0.0,35511
0.0,35512
0.0,35513
0.0,35514
0.0,35515
0.0,35516
0.0,35517
0.0,35518
0.0,35519
0.0,35520
0.0,35521
0.0,35522
0.0,35523
0.0,35524
0.0,35525
0.0,35526
0.0,35527
0.0,35528
0.0,35529
0.0,35530
0.0,35531
0.0,35532
271.3883105771321,35533
0.0,35534
0.0,35535
0.0,35536
0.0,35537
1544.0578053183635,35538
0.0,35539
0.0,35540
0.0,35541
0.0,35542
0.0,35543
0.0,35544
0.0,35545
0.0,35546
0.0,35547
0.0,35548
0.0,35549
0.0,35550
0.0,35551
0.0,35552
0.0,35553
0.0,35554
0.0,35555
954.6974951655544,35556
0.0,35557
0.0,35558
0.0,35559
0.0,35560
0.0,35561
0.0,35562
0.0,35563
0.0,35564
0.0,35565
0.0,35566
0.0,35567
0.0,35568
0.0,35569
0.0,35570
0.0,35571
0.0,35572
0.0,35573
0.0,35574
0.0,35575
0.0,35576
0.0,35577
0.0,35578
0.0,35579
88.02517727364081,35580
0.0,35581
0.0,35582
0.0,35583
0.0,35584
0.0,35585
0.0,35586
0.0,35587
0.0,35588
0.0,35589
0.0,35590
0.0,35591
0.0,35592
0.0,35593
0.0,35594
0.0,35595
0.0,35596
0.0,35597
0.0,35598
0.0,35599
0.0,35600
0.0,35601
0.0,35602
0.0,35603
0.0,35604
0.0,35605
0.0,35606
1422.7739003243155,35607
0.0,35608
0.0,35609
0.0,35610
0.0,35611
0.0,35612
0.0,35613
1099.2050258603865,35614
0.0,35615
0.0,35616
0.0,35617
0.0,35618
0.0,35619
0.0,35620
0.0,35621
0.0,35622
0.0,35623
0.0,35624
0.0,35625
0.0,35626
0.0,35627
0.0,35628
0.0,35629
0.0,35630
0.0,35631
0.0,35632
0.0,35633
0.0,35634
3069.68022671595,35635
0.0,35636
0.0,35637
0.0,35638
0.0,35639
0.0,35640
0.0,35641
0.0,35642
9913.311039291064,35643
0.0,35644
0.0,35645
0.0,35646
0.0,35647
0.0,35648
0.0,35649
1998.208903703523,35650
502.03189959454255,35651
522.9704597862349,35652
130.83355669189172,35653
0.0,35654
0.0,35655
0.0,35656
0.0,35657
0.0,35658
0.0,35659
0.0,35660
0.0,35661
0.0,35662
0.0,35663
0.0,35664
0.0,35665
0.0,35666
0.0,35667
0.0,35668
0.0,35669
0.0,35670
1301.9607767503185,35671
0.0,35672
0.0,35673
0.0,35674
0.0,35675
0.0,35676
0.0,35677
9.134113126519038,35678
0.0,35679
0.0,35680
0.0,35681
0.0,35682
0.0,35683
0.0,35684
0.0,35685
0.0,35686
0.0,35687
0.0,35688
0.0,35689
0.0,35690
754.7839967363228,35691
0.0,35692
0.0,35693
0.0,35694
0.0,35695
0.0,35696
875.5586519265556,35697
0.0,35698
0.0,35699
0.0,35700
0.0,35701
0.0,35702
0.0,35703
0.0,35704
0.0,35705
699.0282420923986,35706
193.1343672228979,35707
336.8771779863618,35708
0.0,35709
0.0,35710
352.69353154362716,35711
0.0,35712
0.0,35713
0.0,35714
0.0,35715
0.0,35716
364.76374858801734,35717
1835.7812385649197,35718
2325.0633890757344,35719
0.0,35720
0.0,35721
0.0,35722
0.0,35723
0.0,35724
0.0,35725
0.0,35726
0.0,35727
0.0,35728
0.0,35729
0.0,35730
0.0,35731
0.0,35732
0.0,35733
0.0,35734
0.0,35735
0.0,35736
0.0,35737
0.0,35738
3499.4468567917615,35739
0.0,35740
0.0,35741
0.0,35742
0.0,35743
0.0,35744
0.0,35745
0.0,35746
4422.180048023904,35747
0.0,35748
0.0,35749
0.0,35750
0.0,35751
0.0,35752
0.0,35753
685.7755663416722,35754
0.0,35755
0.0,35756
0.0,35757
0.0,35758
0.0,35759
0.0,35760
0.0,35761
0.0,35762
0.0,35763
0.0,35764
0.0,35765
0.0,35766
619.7474279359413,35767
0.0,35768
0.0,35769
0.0,35770
0.0,35771
0.0,35772
0.0,35773
0.0,35774
0.0,35775
0.0,35776
0.0,35777
489.0948264849708,35778
0.0,35779
0.0,35780
972.3373540754811,35781
0.0,35782
0.0,35783
457.78062076794953,35784
1029.8097830050815,35785
0.0,35786
0.0,35787
0.0,35788
0.0,35789
0.0,35790
574.357990693445,35791
1369.0391727334995,35792
0.0,35793
368.71205692839857,35794
0.0,35795
1383.7136006784021,35796
239.56773100258647,35797
750.5495947436049,35798
0.0,35799
0.0,35800
0.0,35801
0.0,35802
1638.2184191223664,35803
0.0,35804
0.0,35805
0.0,35806
1102.4550518950518,35807
97.98704836455265,35808
0.0,35809
374.82644401644166,35810
171.95666830746487,35811
0.0,35812
0.0,35813
0.0,35814
0.0,35815
75.04116761084207,35816
0.0,35817
0.0,35818
0.0,35819
57.6155311099383,35820
0.0,35821
5.041869136990136,35822
25.740021461948825,35823
0.0,35824
0.0,35825
0.0,35826
0.0,35827
0.0,35828
0.0,35829
0.0,35830
0.0,35831
0.0,35832
0.0,35833
0.0,35834
0.0,35835
0.0,35836
0.0,35837
0.0,35838
0.0,35839
244.4366213291941,35840
0.0,35841
73.98076888522806,35842
0.0,35843
0.0,35844
466.5974855349801,35845
0.0,35846
0.0,35847
1022.4985040781288,35848
0.0,35849
993.346398863702,35850
959.237428988379,35851
974.9476411560302,35852
0.0,35853
0.0,35854
0.0,35855
0.0,35856
0.0,35857
0.0,35858
0.0,35859
0.0,35860
0.0,35861
0.0,35862
0.0,35863
185.61592284518863,35864
0.0,35865
0.0,35866
1903.9021116478568,35867
11995.427067074163,35868
680.2238505569026,35869
0.0,35870
0.0,35871
0.0,35872
0.0,35873
0.0,35874
137.4932825769757,35875
0.0,35876
0.0,35877
0.0,35878
0.0,35879
0.0,35880
0.0,35881
0.0,35882
0.0,35883
0.0,35884
0.0,35885
0.0,35886
0.0,35887
862.0033314112766,35888
3491.96223313586,35889
0.0,35890
0.0,35891
0.0,35892
0.0,35893
0.0,35894
0.0,35895
0.0,35896
0.0,35897
0.0,35898
0.0,35899
0.0,35900
0.0,35901
0.0,35902
0.0,35903
0.0,35904
0.0,35905
0.0,35906
873.0405043136539,35907
367.4036916256652,35908
0.0,35909
0.0,35910
0.0,35911
0.0,35912
0.0,35913
0.0,35914
0.0,35915
0.0,35916
0.0,35917
0.0,35918
0.0,35919
0.0,35920
0.0,35921
0.0,35922
0.0,35923
0.0,35924
0.0,35925
0.0,35926
0.0,35927
0.0,35928
617.5154927894945,35929
0.0,35930
5895.498433205473,35931
0.0,35932
12159.652983530803,35933
0.0,35934
0.0,35935
0.0,35936
0.0,35937
0.0,35938
0.0,35939
0.0,35940
0.0,35941
0.0,35942
0.0,35943
0.0,35944
619.4091683779593,35945
0.0,35946
0.0,35947
222.91869766172772,35948
0.0,35949
0.0,35950
0.0,35951
0.0,35952
0.0,35953
0.0,35954
0.0,35955
0.0,35956
0.0,35957
0.0,35958
0.0,35959
2042.1768629951555,35960
1228.16318969816,35961
0.0,35962
0.0,35963
0.0,35964
62.36062041104504,35965
122.03244473743145,35966
0.0,35967
0.0,35968
0.0,35969
0.0,35970
0.0,35971
0.0,35972
0.0,35973
0.0,35974
0.0,35975
0.0,35976
0.0,35977
157.94467984179468,35978
0.0,35979
0.0,35980
298.8299255267988,35981
0.0,35982
1.5804678338830158,35983
0.0,35984
0.0,35985
0.0,35986
0.0,35987
0.0,35988
395.2889604676359,35989
0.0,35990
0.0,35991
0.0,35992
0.0,35993
0.0,35994
0.0,35995
0.0,35996
0.0,35997
0.0,35998
0.0,35999
3792.5862029690434,36000
0.0,36001
6067.7595024080365,36002
482.89135736219725,36003
0.0,36004
0.0,36005
0.0,36006
3.5706593830262596,36007
0.0,36008
0.0,36009
11941.291790620402,36010
0.0,36011
0.0,36012
0.0,36013
0.0,36014
0.0,36015
0.0,36016
0.0,36017
0.0,36018
0.0,36019
0.0,36020
0.0,36021
0.0,36022
0.0,36023
0.0,36024
0.0,36025
0.0,36026
0.0,36027
0.0,36028
0.0,36029
0.0,36030
0.0,36031
0.0,36032
0.0,36033
0.0,36034
0.0,36035
0.0,36036
0.0,36037
0.0,36038
0.0,36039
0.0,36040
0.0,36041
0.0,36042
0.0,36043
0.0,36044
0.0,36045
0.0,36046
0.0,36047
0.0,36048
0.0,36049
0.0,36050
0.0,36051
0.0,36052
0.0,36053
0.0,36054
0.0,36055
0.0,36056
0.0,36057
0.0,36058
0.0,36059
0.0,36060
0.0,36061
0.0,36062
215.16526438289054,36063
0.0,36064
0.0,36065
186.37370756512857,36066
0.0,36067
0.0,36068
1.1227459773397217,36069
0.0,36070
1258.8928623299291,36071
262.41758574875587,36072
0.0,36073
0.0,36074
0.0,36075
0.0,36076
0.0,36077
0.0,36078
0.0,36079
0.0,36080
172.92460803176644,36081
0.0,36082
0.0,36083
0.0,36084
0.0,36085
1361.7841660786555,36086
0.0,36087
1191.3610892791942,36088
0.0,36089
0.0,36090
0.0,36091
0.0,36092
0.0,36093
0.0,36094
0.0,36095
0.0,36096
0.0,36097
0.0,36098
0.0,36099
0.0,36100
0.0,36101
0.0,36102
0.0,36103
0.0,36104
0.0,36105
0.0,36106
0.0,36107
0.0,36108
0.0,36109
0.0,36110
0.0,36111
0.0,36112
0.0,36113
0.0,36114
0.0,36115
0.0,36116
0.0,36117
0.0,36118
0.0,36119
0.0,36120
1310.2323031684398,36121
0.0,36122
0.0,36123
0.0,36124
0.0,36125
0.0,36126
4983.921661041986,36127
0.0,36128
5561.385706000906,36129
0.0,36130
0.0,36131
2362.7549294862956,36132
190.85112414706796,36133
0.0,36134
314.7770871377395,36135
0.0,36136
0.0,36137
0.0,36138
1262.9382000481141,36139
0.0,36140
1495.339815626127,36141
0.0,36142
1079.0771578058984,36143
657.5540477026865,36144
0.0,36145
0.0,36146
0.0,36147
0.0,36148
0.0,36149
0.0,36150
0.0,36151
0.0,36152
0.0,36153
0.0,36154
0.0,36155
0.0,36156
0.0,36157
0.0,36158
0.0,36159
0.0,36160
0.0,36161
1477.2647443435942,36162
0.0,36163
0.0,36164
0.0,36165
0.0,36166
0.0,36167
0.0,36168
70.34935855564468,36169
0.0,36170
0.0,36171
0.0,36172
0.0,36173
0.0,36174
0.0,36175
232.6928903126185,36176
0.0,36177
0.0,36178
649.3853553149553,36179
537.4580221022026,36180
0.0,36181
0.0,36182
408.65819726324605,36183
457.869744545687,36184
423.374360897168,36185
1048.3293935603888,36186
263.79994811712885,36187
7734.617140396237,36188
0.0,36189
994.6183778828741,36190
23746.100790759167,36191
963.8420502722491,36192
125.92644147956243,36193
166.15559896936585,36194
53.50518016586999,36195
0.0,36196
2357.3591987457653,36197
441.49999113390834,36198
264.3806672807056,36199
73.79233436002426,36200
0.0,36201
0.0,36202
1326.0755490830522,36203
0.0,36204
0.0,36205
0.0,36206
904.493112630727,36207
0.0,36208
0.0,36209
25.95083899409233,36210
624.8715727023191,36211
0.0,36212
0.0,36213
864.9672646215167,36214
0.0,36215
1534.4915088048358,36216
5605.315530885025,36217
3482.1835614042084,36218
0.0,36219
29.067482126622775,36220
0.0,36221
0.0,36222
0.0,36223
464.2358888747449,36224
0.0,36225
16.83484114489099,36226
0.0,36227
0.0,36228
0.0,36229
0.0,36230
0.0,36231
0.0,36232
0.0,36233
0.0,36234
2133.969391253796,36235
0.0,36236
250.50760539839663,36237
278.9642697540528,36238
0.0,36239
0.0,36240
0.0,36241
1173.2132698300607,36242
0.0,36243
1058.8706909093144,36244
0.0,36245
0.0,36246
0.0,36247
0.0,36248
0.0,36249
0.0,36250
0.0,36251
2.1162995664319104,36252
0.0,36253
0.0,36254
149.93527506792873,36255
0.0,36256
0.0,36257
147.55176655266177,36258
18.162264072034628,36259
0.0,36260
0.0,36261
0.0,36262
5992.966416838054,36263
768.0831532155897,36264
0.0,36265
0.0,36266
0.0,36267
0.0,36268
260.2141824015427,36269
0.0,36270
2023.0326427902735,36271
490.2496065156207,36272
0.0,36273
0.0,36274
0.0,36275
0.0,36276
0.0,36277
456.45475557573906,36278
0.0,36279
0.0,36280
0.0,36281
0.0,36282
0.0,36283
0.0,36284
327.5084125724276,36285
0.0,36286
206.26143114784432,36287
0.0,36288
114.4324796083462,36289
0.0,36290
0.0,36291
541.1705886471465,36292
0.0,36293
0.0,36294
0.0,36295
0.0,36296
0.0,36297
0.0,36298
0.0,36299
0.0,36300
0.0,36301
1677.9983427522193,36302
0.0,36303
0.0,36304
0.0,36305
0.0,36306
0.0,36307
0.0,36308
0.0,36309
0.0,36310
0.0,36311
0.0,36312
0.0,36313
0.0,36314
0.0,36315
0.0,36316
0.0,36317
0.0,36318
0.0,36319
0.0,36320
2635.4764283657446,36321
0.0,36322
514.0834538060299,36323
391.80095939896466,36324
0.0,36325
1549.8991251580626,36326
393.6827936190375,36327
1556.6561625738798,36328
0.0,36329
1235.2912630221622,36330
2460.793823267574,36331
834.3637009722115,36332
12.365268320095824,36333
798.5094297718116,36334
0.0,36335
1201.8309792227267,36336
0.0,36337
1168.0284603397095,36338
0.0,36339
0.0,36340
333.9213919903435,36341
3181.355945019655,36342
522.890079678219,36343
976.1661541552606,36344
0.0,36345
0.0,36346
839.3579936756761,36347
0.0,36348
944.4088072571012,36349
0.0,36350
10425.368695009338,36351
0.0,36352
0.0,36353
2503.2106511467196,36354
902.2827954475888,36355
0.0,36356
742.5261252507507,36357
0.0,36358
0.0,36359
1151.9878882314601,36360
3338.920451215214,36361
0.0,36362
0.0,36363
3231.944272006497,36364
0.0,36365
0.0,36366
485.83443432145714,36367
0.0,36368
1588.0466517567745,36369
1383.6826702523401,36370
1276.8509458841258,36371
0.0,36372
0.0,36373
776.6516404482994,36374
1035.4670235668866,36375
2039.1679161082889,36376
1468.1924800219326,36377
0.0,36378
1603.6981864737536,36379
3936.8994623437497,36380
2165.699906840976,36381
482.88323000485383,36382
1255.5618206057973,36383
13907.305798033862,36384
0.0,36385
1405.047405137595,36386
0.0,36387
896.2694591771723,36388
0.0,36389
0.0,36390
0.0,36391
0.0,36392
0.0,36393
0.0,36394
1897.9427425058402,36395
1587.141880617806,36396
0.0,36397
0.0,36398
0.0,36399
0.0,36400
0.0,36401
0.0,36402
1545.707662283514,36403
0.0,36404
0.0,36405
0.0,36406
0.0,36407
0.0,36408
0.0,36409
0.0,36410
0.0,36411
0.0,36412
0.0,36413
0.0,36414
2493.1648386444103,36415
1269.2781443084998,36416
0.0,36417
0.0,36418
0.0,36419
743.3869499538881,36420
68.0105716684571,36421
1245.0570723222072,36422
0.0,36423
0.0,36424
0.0,36425
8426.116734448658,36426
2662.4225691944803,36427
2628.0432973396764,36428
802.8916219094027,36429
0.0,36430
978.2373264613058,36431
91.22756858950137,36432
0.0,36433
1732.9591905222223,36434
0.0,36435
1881.6246869008326,36436
0.0,36437
0.0,36438
0.0,36439
1075.4395477823343,36440
1537.2568315575427,36441
0.0,36442
0.0,36443
1762.236651946343,36444
1570.1293259927877,36445
0.0,36446
966.1703911914357,36447
909.938972256166,36448
1468.1907377049495,36449
0.0,36450
532.9787293294711,36451
58.153200629685685,36452
0.0,36453
0.9760192566028304,36454
0.0,36455
0.0,36456
654.9511814883956,36457
759.4634105258292,36458
72.27468429405725,36459
0.0,36460
0.0,36461
0.0,36462
0.0,36463
0.0,36464
1696.1994185513763,36465
0.0,36466
0.0,36467
0.0,36468
0.0,36469
639.2773649179467,36470
0.0,36471
0.0,36472
0.0,36473
0.0,36474
686.5769640671484,36475
0.0,36476
1040.240342614287,36477
416.58195721383197,36478
348.32533739808156,36479
284.28071161217514,36480
0.0,36481
0.0,36482
1486.4024583668604,36483
101.49363770184056,36484
0.0,36485
1199.8074252734925,36486
0.0,36487
0.0,36488
0.0,36489
0.0,36490
0.0,36491
0.0,36492
0.0,36493
0.0,36494
0.0,36495
0.0,36496
0.0,36497
0.0,36498
0.0,36499
0.0,36500
0.0,36501
0.0,36502
0.0,36503
0.0,36504
0.0,36505
0.0,36506
0.0,36507
0.0,36508
0.0,36509
0.0,36510
0.0,36511
0.0,36512
5325.029252356678,36513
3370.973237882951,36514
4775.958534029807,36515
0.0,36516
0.0,36517
4720.132992963717,36518
0.0,36519
0.0,36520
0.0,36521
805.9268390604323,36522
7134.855764672626,36523
0.0,36524
942.5530637556783,36525
1558.2673725442914,36526
0.0,36527
0.0,36528
0.0,36529
5047.695243740076,36530
0.0,36531
0.0,36532
0.0,36533
0.0,36534
1837.5649525427784,36535
0.0,36536
0.0,36537
0.0,36538
0.0,36539
0.0,36540
0.0,36541
0.0,36542
0.0,36543
0.0,36544
0.0,36545
0.0,36546
0.0,36547
0.0,36548
0.0,36549
0.0,36550
151.48309304399427,36551
0.0,36552
0.0,36553
0.0,36554
0.0,36555
0.0,36556
0.0,36557
0.0,36558
0.0,36559
0.0,36560
0.0,36561
0.0,36562
0.0,36563
0.0,36564
0.0,36565
0.0,36566
0.0,36567
1514.9895568832326,36568
0.0,36569
0.0,36570
0.0,36571
1495.7298954253527,36572
0.0,36573
0.0,36574
0.0,36575
0.0,36576
0.0,36577
1470.089635061597,36578
179.64329900382893,36579
721.6261283504983,36580
0.0,36581
0.0,36582
1264.7859310332701,36583
0.0,36584
0.0,36585
3394.6889138972906,36586
1388.853508735081,36587
0.0,36588
3442.684261473617,36589
0.0,36590
0.0,36591
1785.724385936666,36592
0.0,36593
0.0,36594
0.0,36595
22.61837271375593,36596
0.0,36597
0.0,36598
0.0,36599
0.0,36600
0.0,36601
0.0,36602
0.0,36603
0.0,36604
0.0,36605
0.0,36606
0.0,36607
0.0,36608
0.0,36609
0.0,36610
0.0,36611
0.0,36612
0.0,36613
0.0,36614
0.0,36615
2028.5570712560361,36616
0.0,36617
0.0,36618
0.0,36619
0.0,36620
0.0,36621
2791.7693272617557,36622
0.0,36623
1350.6335574690888,36624
0.0,36625
0.0,36626
0.0,36627
0.0,36628
0.0,36629
0.0,36630
0.0,36631
0.0,36632
0.0,36633
0.0,36634
0.0,36635
0.0,36636
0.0,36637
0.0,36638
0.0,36639
0.0,36640
0.0,36641
0.0,36642
0.0,36643
0.0,36644
0.0,36645
2986.089222667796,36646
0.0,36647
0.0,36648
0.0,36649
0.0,36650
0.0,36651
0.0,36652
2947.962050367861,36653
0.0,36654
0.0,36655
0.0,36656
0.0,36657
0.0,36658
0.0,36659
0.0,36660
0.0,36661
0.0,36662
0.0,36663
0.0,36664
0.0,36665
0.0,36666
0.0,36667
2369.2637640886323,36668
2203.0621084674226,36669
0.0,36670
0.0,36671
0.0,36672
0.0,36673
0.0,36674
0.0,36675
0.0,36676
0.0,36677
0.0,36678
0.0,36679
0.0,36680
0.0,36681
15541.062446468519,36682
531.6087319651032,36683
0.0,36684
0.0,36685
0.0,36686
0.0,36687
0.0,36688
0.0,36689
0.0,36690
0.0,36691
0.0,36692
2769.3798356343727,36693
1953.7373464324714,36694
114.4179066912185,36695
0.0,36696
0.0,36697
0.0,36698
0.0,36699
0.0,36700
851.6272465129219,36701
1540.15492217712,36702
0.0,36703
1182.9531831921333,36704
1832.81216360167,36705
0.0,36706
0.0,36707
1460.0013535709263,36708
1058.911199851469,36709
0.0,36710
665.3859913105996,36711
0.0,36712
835.7713423462537,36713
0.0,36714
0.0,36715
0.0,36716
470.942546728589,36717
0.0,36718
0.0,36719
0.0,36720
0.0,36721
0.0,36722
0.0,36723
0.0,36724
0.0,36725
0.0,36726
0.0,36727
0.0,36728
0.0,36729
2101.3788126972713,36730
327.860543235272,36731
0.0,36732
0.0,36733
0.0,36734
0.0,36735
972.0638060563668,36736
379.4660577507792,36737
283.46695181788044,36738
1847.806445107447,36739
1733.4366031734571,36740
0.0,36741
0.0,36742
1585.9409452679727,36743
0.0,36744
0.0,36745
0.0,36746
0.0,36747
688.6240434082656,36748
3670.235982175983,36749
640.4109026706305,36750
612.5341752127507,36751
541.2217654780193,36752
0.0,36753
0.0,36754
0.0,36755
0.0,36756
1016.8591968632876,36757
0.0,36758
316.61479152523793,36759
0.0,36760
0.0,36761
974.5342505765451,36762
922.5398306778624,36763
817.9507848770056,36764
0.0,36765
0.0,36766
914.1818655812908,36767
768.4913730301271,36768
0.0,36769
611.0110633022217,36770
0.0,36771
418.5238109137109,36772
0.0,36773
219.13523850137676,36774
0.0,36775
0.0,36776
0.0,36777
0.0,36778
0.0,36779
0.0,36780
0.0,36781
0.0,36782
0.0,36783
0.0,36784
0.0,36785
0.0,36786
0.0,36787
0.0,36788
0.0,36789
0.0,36790
465.16449207430384,36791
0.0,36792
0.0,36793
0.0,36794
0.0,36795
0.0,36796
0.0,36797
0.0,36798
0.0,36799
1356.1924136070268,36800
0.0,36801
0.0,36802
0.0,36803
0.0,36804
0.0,36805
0.0,36806
0.0,36807
0.0,36808
0.0,36809
0.0,36810
0.0,36811
0.0,36812
0.0,36813
0.0,36814
0.0,36815
0.0,36816
0.0,36817
0.0,36818
0.0,36819
0.0,36820
0.0,36821
0.0,36822
0.0,36823
0.0,36824
0.0,36825
0.0,36826
0.0,36827
0.0,36828
0.0,36829
0.0,36830
0.0,36831
0.0,36832
0.0,36833
0.0,36834
0.0,36835
0.0,36836
0.0,36837
0.0,36838
137.07357696835166,36839
2408.818059776499,36840
7916.007462135183,36841
0.0,36842
133.36212764869882,36843
0.0,36844
368.7506991324886,36845
0.0,36846
0.0,36847
0.0,36848
282.9933699687499,36849
6151.601032045065,36850
0.0,36851
0.0,36852
0.0,36853
0.0,36854
0.0,36855
0.0,36856
3110.8326657894468,36857
13.656194752032196,36858
0.0,36859
0.0,36860
0.7151277353257708,36861
0.0,36862
0.0,36863
0.0,36864
0.0,36865
0.0,36866
0.0,36867
0.0,36868
0.0,36869
0.0,36870
0.0,36871
0.0,36872
0.0,36873
0.0,36874
0.0,36875
0.0,36876
0.0,36877
0.0,36878
0.0,36879
0.0,36880
0.0,36881
0.0,36882
0.0,36883
0.0,36884
0.0,36885
0.0,36886
0.0,36887
0.0,36888
0.0,36889
0.0,36890
0.0,36891
0.0,36892
0.0,36893
0.0,36894
0.0,36895
2647.3744101573748,36896
834.3716903816743,36897
0.0,36898
0.0,36899
0.0,36900
